10111069.2033914,16818923.6258439,4385387266.07316,2830001859.09184,194039273746.535,115932909.678381,725138215951.406,128693939.375235,653807.665402854,10749125.552846,8838857.04575158,8830244711.54422,24628006310.1729,16151842.2943129,520330.998590879,111297186.934195,35632051771.5121,1204832109.72247,1229040625.36357,670601.647051494,2982643874.5233,346752254.694947,1490625545.75372,17538780622.3992,20494987.0810769
292464.353498864,381887.794856879,319337.214291622,212144.307803163,252716.449239414,553771.641988481,301966.657328425,321756.922479324,312361.746932045,300638.005908654,777992.476341788,240054.729022929,354210.448341209,387007.859417903,191648.787529934,222299.501263533,292762.745439822,306220.07839677,372683.345302252,275449.817923395,276515.970830136,238887.001633321,224246.458714864,190300.918001369,265130.316479057
87420.9286175266,121517.28602185,94816.6095239908,44588.1593984158,80488.5324929085,397297.730231794,56134.7856682385,89655.7659177628,113284.86766012,79079.9358222741,171979.62541736,100293.054721608,62941.6852183444,72214.4226553594,95160.6638292261,55801.7741964393,66451.2168440054,77938.0449919597,179007.388665852,84945.4258695679,67924.7327225308,42644.4641643483,76691.648752961,68671.7809248536,78573.304221878
22491.4371607924,14759.2140803573,14746.3298981442,9578.07500322403,8557.94696872956,62750.8781474278,9361.11936701912,20161.3315791806,29002.4066201767,16738.5058619192,46179.9484526112,13634.3195739942,9602.77902570707,9262.21545085983,33774.8794152784,7494.66581146927,19093.1265487699,15906.5937445069,42235.9982265832,17291.1864487935,8549.955692143,8920.77884609315,29743.4470789082,7744.70806240724,13982.6413391513
3321.13761175928,3135.09847397557,3838.08417947014,2829.32337619749,2320.62088861586,7353.97142568325,1913.73246476462,3396.91220234009,3287.1828763612,2746.46402827759,4873.63248526916,3440.57436655227,2917.93188892145,2126.98344734329,10664.1445011009,2577.96434882734,2160.99664130606,3415.34445716159,4779.64941372436,2849.15767920912,2107.64349712821,2664.08816949227,3308.98922994839,1955.79552673869,3195.23213834798
1462.99534810434,2032.64494284745,2229.38792797785,1877.06853846481,1754.4530773759,2712.14976078641,1274.53412100654,1418.0320012965,1696.76630703285,1375.6953545189,1749.74746482964,2191.8203632802,2018.64791927781,1764.41576144814,2145.01985063939,2001.37911132845,1219.65036219775,1909.10854283381,1674.39459891073,1775.53393788847,1553.88539493304,1602.82187496709,1669.79966269492,1482.47990959147,1518.20514784164
1345.01153028789,1943.04699006943,1600.07299745388,1688.64462935584,1673.64489819314,2094.84251803204,1093.20899573924,1290.64463292312,1622.77552405201,1083.41657904231,1451.19414311561,2141.64825530995,1969.57180135828,1635.72158645109,2016.28605286412,1894.34579538993,1138.48454732933,1808.94008450047,1579.08194419926,1655.50099633964,1468.14842699287,1503.71486864823,1603.57306188987,1360.89598273242,1362.05679268567
1255.43249523224,1927.9855049779,1491.74137924576,1602.65732643063,1667.49900928128,1989.5818184767,1082.24000673189,1257.04839937317,1605.91185999388,1031.22171661408,1430.90041751362,2139.62142096186,1960.51568159248,1578.34520801601,1975.62027085577,1816.3485244187,1109.71124974467,1707.77472204824,1423.78561091317,1585.85670060974,1298.16618111044,1412.16482628271,1591.67564698579,1357.51952872326,1345.62065797087
1255.03923775906,1924.41928844299,1469.56931498507,1602.25078146385,1654.24106028209,1961.78279776414,1076.76887892385,1255.79146985294,1550.60154067698,1030.79584990722,1428.94293937895,2136.75930334989,1884.6115236249,1575.1210402727,1956.03224122049,1815.79467021859,1093.71001811131,1686.70851096659,1408.91959016338,1463.49219352805,1262.90900299163,1405.78786963738,1493.99035585308,1289.44674851505,1343.48661380648
1250.7771680794,1923.23126963591,1407.31768873483,1602.16884803416,1623.78881245237,1925.02955906833,1010.71139362977,1248.66666590863,1501.82651899827,1030.71267857862,1424.86291244705,2123.51974485393,1866.83078563797,1574.70450038649,1953.10733576283,1815.73773897309,1090.09021523081,1678.38006235455,1406.45531663054,1429.74854686387,1262.5130334876,1377.29398022263,1486.77178235018,1288.9137489192,1342.77150914962
1248.38472130256,1922.93714861398,1400.6369865066,1601.93474766879,1622.62602894992,1919.22465537318,1010.24951916533,1191.34248356209,1412.08790887533,1030.64909919476,1423.27986683952,2091.84476719533,1866.55271712955,1574.58090152316,1952.34971821677,1813.88337280461,1014.93286300373,1678.04208477195,1400.27348218513,1425.86535907426,1262.3846011846,1370.73650778547,1486.47969700274,1225.74112901682,1338.58764044277
1243.133984526,1922.87652332301,1400.61843569471,1597.45244730338,1622.37036401669,1918.5698692655,1010.18489288563,1190.93445334803,1410.95929805236,1028.73814270347,1422.9582095663,2090.69802909527,1866.44505661608,1569.38036919807,1951.09396004943,1810.05276908746,956.267518412461,1677.99469427494,1329.97491975094,1356.87959150265,1262.21565265389,1363.27934552891,1486.28597948141,1220.81018487016,1338.30055197645
1178.06676395059,1922.83641240203,1400.61379133156,1597.11310464359,1622.1202942358,1850.01175972541,1010.15232996006,1190.71789104112,1410.84415863048,1026.19727761507,1421.13505652469,2090.50639527783,1866.27871134827,1568.57041846347,1949.34417180931,1807.77847427568,956.120381368439,1677.98099844278,1329.0356994542,1355.96146356349,1260.13029290458,1333.25052466597,1480.03648401216,1220.76911668982,1338.01136246305
1177.98798909003,1922.80756545073,1400.61288357878,1596.97445696783,1621.95473710242,1848.36011758684,1009.67192824467,1166.30143661755,1409.39119029779,1025.80165972318,1421.04593968787,2087.60553313053,1834.95862747933,1567.56985106866,1949.29677162316,1803.45498054397,956.12017731775,1677.97142893846,1329.01884109121,1355.87271775442,1256.97224119802,1322.51893315851,1414.18309521204,1220.7689720886,1336.10466414518
1177.98487745007,1922.797303049,1400.61259223092,1596.72642775495,1621.88162526536,1848.31797238999,1009.61496639954,1118.24396804157,1403.8452288899,1025.64189253935,1421.03794518497,2087.59552815827,1793.74991437816,1567.28416746768,1949.28852819909,1738.34425465126,956.12017731775,1677.9654225711,1329.00395399421,1355.84884293496,1256.74236308956,1318.49875946753,1413.67777723758,1220.7689720886,1335.50265071687
1177.98487745007,1922.79432669401,1400.61243764791,1595.09733496641,1621.85533286995,1848.31391003972,1009.6146053798,1118.16435280904,1400.89183265513,1024.74549481164,1421.03083491576,2087.59528625858,1793.64024696163,1567.27492362671,1949.28424604821,1738.11895245358,956.12017731775,1677.93753302523,1328.98001996004,1355.84322730987,1256.55480924062,1315.79032521006,1413.64829790928,1220.7689720886,1335.49053573924
1177.98487745007,1922.79192381415,1400.61215943302,1594.91936885154,1621.83603508113,1848.31240400181,1009.61458514621,1118.10219610699,1399.85828226067,1023.45866579904,1421.01999272078,2087.59528174703,1793.62846968361,1567.2731151798,1949.28387302868,1738.08503543366,956.12017731775,1677.9263908967,1328.97520910678,1355.84230913162,1254.92670248262,1314.31995753898,1413.62921678384,1220.7689720886,1335.47252906103
1177.98487745007,1922.79113982809,1400.61198956623,1594.8641103295,1621.81133259031,1848.31189773792,1009.6145845636,1118.07658960676,1399.83767884586,1023.39705743223,1421.01875466994,2087.59528174694,1793.59976577684,1567.27268818296,1949.28373251259,1738.08503543211,956.12017731775,1677.92550181978,1328.97492530136,1355.84194579992,1254.73991075711,1314.3011322387,1413.61044624723,1220.7689720886,1335.46228013488
1177.98487745007,1922.79100366301,1400.61198671878,1594.84679592617,1621.78713474918,1848.31173620764,1009.61458454704,1118.0690484036,1399.83767884461,1023.34302295478,1421.01857321086,2087.59528174694,1793.5734994744,1567.27253810327,1949.28366720485,1738.08503543211,956.12017731775,1677.92526331025,1328.97489667188,1355.84186646464,1254.72456085372,1314.30113223769,1413.5493963281,1220.7689720886,1335.46157525387
1177.98487745007,1922.79097639349,1400.61198670987,1594.84514827938,1621.77619379129,1848.31170817893,1009.61458454698,1118.06468301167,1399.83767884461,1023.33039252548,1421.01851704345,2087.59528174694,1793.57102840815,1567.27248105055,1949.2836500425,1738.08503543211,956.12017731775,1677.92516653107,1328.97489381154,1355.84185913189,1254.71120988223,1314.30113223769,1413.53762336024,1220.7689720886,1335.46146062234
1177.98487745007,1922.79097331904,1400.61198670987,1594.84497189621,1621.77493663654,1848.31170493884,1009.61458454698,1118.06316599339,1399.83767884461,1023.32947751546,1421.01849515374,2087.59528174694,1793.5702413135,1567.27246716259,1949.28364479887,1738.08503543211,956.12017731775,1677.92513796958,1328.9748936434,1355.84185894708,1254.69556540302,1314.30113223769,1413.53717814624,1220.7689720886,1335.4614312072
1177.98487745007,1922.79097303413,1400.61198670987,1594.84490637695,1621.77469952798,1848.31170448089,1009.61458454698,1118.06303304231,1399.83767884461,1023.3292323548,1421.01848398388,2087.59528174694,1793.56993824186,1567.27245942364,1949.28364262208,1738.08503543211,956.12017731775,1677.92513099365,1328.97489364047,1355.84185894249,1254.69505927946,1314.30113223769,1413.53715902853,1220.7689720886,1335.46141607513
1177.98487745007,1922.79097301843,1400.61198670987,1594.84487907117,1621.77462193766,1848.31170417085,1009.61458454698,1118.06301556758,1399.83767884461,1023.32914465301,1421.01847994589,2087.59528174694,1793.56981665359,1567.27245533506,1949.28364162215,1738.08503543211,956.12017731775,1677.92512808561,1328.97489364046,1355.84185894248,1254.69498470178,1314.30113223769,1413.53715837075,1220.7689720886,1335.46141099116
1177.98487745007,1922.79097301834,1400.61198670987,1594.84487260197,1621.77459467407,1848.31170410169,1009.61458454698,1118.06301484952,1399.83767884461,1023.32912002911,1421.01847858962,2087.59528174694,1793.56980436408,1567.27245335224,1949.28364135026,1738.08503543211,956.12017731775,1677.92512732517,1328.97489364046,1355.84185894248,1254.69496526732,1314.30113223769,1413.53715836484,1220.7689720886,1335.46140954321
1177.98487745007,1922.79097301834,1400.61198670987,1594.84487109399,1621.77458401218,1848.31170410079,1009.61458454698,1118.06301484511,1399.83767884461,1023.32910884365,1421.01847789768,2087.59528174694,1793.56980408652,1567.27245269626,1949.28364128122,1738.08503543211,956.12017731775,1677.92512691449,1328.97489364046,1355.84185894248,1254.69495767096,1314.30113223769,1413.53715836482,1220.7689720886,1335.46140900464
1177.98487745007,1922.79097301834,1400.61198670987,1594.84487059758,1621.77457937664,1848.31170410079,1009.61458454698,1118.06301484511,1399.83767884461,1023.32910634983,1421.01847775618,2087.59528174694,1793.56980408475,1567.27245265073,1949.28364127484,1738.08503543211,956.12017731775,1677.92512685585,1328.97489364046,1355.84185894248,1254.69495276741,1314.30113223769,1413.53715836482,1220.7689720886,1335.46140890348
1177.98487745007,1922.79097301834,1400.61198670987,1594.84487035735,1621.77457729708,1848.31170410079,1009.61458454698,1118.06301484511,1399.83767884461,1023.32910586182,1421.01847774065,2087.59528174694,1793.56980408474,1567.27245264783,1949.28364127448,1738.08503543211,956.12017731775,1677.92512685282,1328.97489364046,1355.84185894248,1254.6949505976,1314.30113223769,1413.53715836482,1220.7689720886,1335.46140888025
1177.98487745007,1922.79097301834,1400.61198670987,1594.84487028818,1621.77457715736,1848.31170410079,1009.61458454698,1118.06301484511,1399.83767884461,1023.32910565714,1421.01847774018,2087.59528174694,1793.56980408474,1567.27245264771,1949.28364127447,1738.08503543211,956.12017731775,1677.92512685274,1328.97489364046,1355.84185894248,1254.69494999444,1314.30113223769,1413.53715836482,1220.7689720886,1335.46140887614
1177.98487745007,1922.79097301834,1400.61198670987,1594.84487027832,1621.77457713909,1848.31170410079,1009.61458454698,1118.06301484511,1399.83767884461,1023.32910559057,1421.01847774015,2087.59528174694,1793.56980408474,1567.27245264771,1949.28364127447,1738.08503543211,956.12017731775,1677.92512685274,1328.97489364046,1355.84185894248,1254.69494990945,1314.30113223769,1413.53715836482,1220.7689720886,1335.46140887604
1177.98487745007,1922.79097301834,1400.61198670987,1594.84487027744,1621.77457713664,1848.31170410079,1009.61458454698,1118.06301484511,1399.83767884461,1023.32910558721,1421.01847774015,2087.59528174694,1793.56980408474,1567.27245264771,1949.28364127447,1738.08503543211,956.12017731775,1677.92512685274,1328.97489364046,1355.84185894248,1254.69494990165,1314.30113223769,1413.53715836482,1220.7689720886,1335.46140887604
1177.98487745007,1922.79097301834,1400.61198670987,1594.84487027742,1621.77457713651,1848.31170410079,1009.61458454698,1118.06301484511,1399.83767884461,1023.32910558688,1421.01847774015,2087.59528174694,1793.56980408474,1567.27245264771,1949.28364127447,1738.08503543211,956.12017731775,1677.92512685274,1328.97489364046,1355.84185894248,1254.69494990127,1314.30113223769,1413.53715836482,1220.7689720886,1335.46140887604
1177.98487745007,1922.79097301834,1400.61198670987,1594.84487027742,1621.77457713651,1848.31170410079,1009.61458454698,1118.06301484511,1399.83767884461,1023.32910558688,1421.01847774015,2087.59528174694,1793.56980408474,1567.27245264771,1949.28364127447,1738.08503543211,956.12017731775,1677.92512685274,1328.97489364046,1355.84185894248,1254.69494990124,1314.30113223769,1413.53715836482,1220.7689720886,1335.46140887604
1177.98487745007,1922.79097301834,1400.61198670987,1594.84487027742,1621.77457713651,1848.31170410079,1009.61458454698,1118.06301484511,1399.83767884461,1023.32910558688,1421.01847774015,2087.59528174694,1793.56980408474,1567.27245264771,1949.28364127447,1738.08503543211,956.12017731775,1677.92512685274,1328.97489364046,1355.84185894248,1254.69494990124,1314.30113223769,1413.53715836482,1220.7689720886,1335.46140887604
1177.98487745007,1922.79097301834,1400.61198670987,1594.84487027742,1621.77457713651,1848.31170410079,1009.61458454698,1118.06301484511,1399.83767884461,1023.32910558688,1421.01847774015,2087.59528174694,1793.56980408474,1567.27245264771,1949.28364127447,1738.08503543211,956.12017731775,1677.92512685274,1328.97489364046,1355.84185894248,1254.69494990124,1314.30113223769,1413.53715836482,1220.7689720886,1335.46140887604
1177.98487745007,1922.79097301834,1400.61198670987,1594.84487027742,1621.77457713651,1848.31170410079,1009.61458454698,1118.06301484511,1399.83767884461,1023.32910558688,1421.01847774015,2087.59528174694,1793.56980408474,1567.27245264771,1949.28364127447,1738.08503543211,956.12017731775,1677.92512685274,1328.97489364046,1355.84185894248,1254.69494990124,1314.30113223769,1413.53715836482,1220.7689720886,1335.46140887604
1177.98487745007,1922.79097301834,1400.61198670987,1594.84487027742,1621.77457713651,1848.31170410079,1009.61458454698,1118.06301484511,1399.83767884461,1023.32910558688,1421.01847774015,2087.59528174694,1793.56980408474,1567.27245264771,1949.28364127447,1738.08503543211,956.12017731775,1677.92512685274,1328.97489364046,1355.84185894248,1254.69494990124,1314.30113223769,1413.53715836482,1220.7689720886,1335.46140887604
1177.98487745007,1922.79097301834,1400.61198670987,1594.84487027742,1621.77457713651,1848.31170410079,1009.61458454698,1118.06301484511,1399.83767884461,1023.32910558688,1421.01847774015,2087.59528174694,1793.56980408474,1567.27245264771,1949.28364127447,1738.08503543211,956.12017731775,1677.92512685274,1328.97489364046,1355.84185894248,1254.69494990124,1314.30113223769,1413.53715836482,1220.7689720886,1335.46140887604
1177.98487745007,1922.79097301834,1400.61198670987,1594.84487027742,1621.77457713651,1848.31170410079,1009.61458454698,1118.06301484511,1399.83767884461,1023.32910558688,1421.01847774015,2087.59528174694,1793.56980408474,1567.27245264771,1949.28364127447,1738.08503543211,956.12017731775,1677.92512685274,1328.97489364046,1355.84185894248,1254.69494990124,1314.30113223769,1413.53715836482,1220.7689720886,1335.46140887604
1177.98487745007,1922.79097301834,1400.61198670987,1594.84487027742,1621.77457713651,1848.31170410079,1009.61458454698,1118.06301484511,1399.83767884461,1023.32910558688,1421.01847774015,2087.59528174694,1793.56980408474,1567.27245264771,1949.28364127447,1738.08503543211,956.12017731775,1677.92512685274,1328.97489364046,1355.84185894248,1254.69494990124,1314.30113223769,1413.53715836482,1220.7689720886,1335.46140887604
1177.98487745007,1922.79097301834,1400.61198670987,1594.84487027742,1621.77457713651,1848.31170410079,1009.61458454698,1118.06301484511,1399.83767884461,1023.32910558688,1421.01847774015,2087.59528174694,1793.56980408474,1567.27245264771,1949.28364127447,1738.08503543211,956.12017731775,1677.92512685274,1328.97489364046,1355.84185894248,1254.69494990124,1314.30113223769,1413.53715836482,1220.7689720886,1335.46140887604
1177.98487745007,1922.79097301834,1400.61198670987,1594.84487027742,1621.77457713651,1848.31170410079,1009.61458454698,1118.06301484511,1399.83767884461,1023.32910558688,1421.01847774015,2087.59528174694,1793.56980408474,1567.27245264771,1949.28364127447,1738.08503543211,956.12017731775,1677.92512685274,1328.97489364046,1355.84185894248,1254.69494990124,1314.30113223769,1413.53715836482,1220.7689720886,1335.46140887604
1177.98487745007,1922.79097301834,1400.61198670987,1594.84487027742,1621.77457713651,1848.31170410079,1009.61458454698,1118.06301484511,1399.83767884461,1023.32910558688,1421.01847774015,2087.59528174694,1793.56980408474,1567.27245264771,1949.28364127447,1738.08503543211,956.12017731775,1677.92512685274,1328.97489364046,1355.84185894248,1254.69494990124,1314.30113223769,1413.53715836482,1220.7689720886,1335.46140887604
1177.98487745007,1922.79097301834,1400.61198670987,1594.84487027742,1621.77457713651,1848.31170410079,1009.61458454698,1118.06301484511,1399.83767884461,1023.32910558688,1421.01847774015,2087.59528174694,1793.56980408474,1567.27245264771,1949.28364127447,1738.08503543211,956.12017731775,1677.92512685274,1328.97489364046,1355.84185894248,1254.69494990124,1314.30113223769,1413.53715836482,1220.7689720886,1335.46140887604
1177.98487745007,1922.79097301834,1400.61198670987,1594.84487027742,1621.77457713651,1848.31170410079,1009.61458454698,1118.06301484511,1399.83767884461,1023.32910558688,1421.01847774015,2087.59528174694,1793.56980408474,1567.27245264771,1949.28364127447,1738.08503543211,956.12017731775,1677.92512685274,1328.97489364046,1355.84185894248,1254.69494990124,1314.30113223769,1413.53715836482,1220.7689720886,1335.46140887604
1177.98487745007,1922.79097301834,1400.61198670987,1594.84487027742,1621.77457713651,1848.31170410079,1009.61458454698,1118.06301484511,1399.83767884461,1023.32910558688,1421.01847774015,2087.59528174694,1793.56980408474,1567.27245264771,1949.28364127447,1738.08503543211,956.12017731775,1677.92512685274,1328.97489364046,1355.84185894248,1254.69494990124,1314.30113223769,1413.53715836482,1220.7689720886,1335.46140887604
1177.98487745007,1922.79097301834,1400.61198670987,1594.84487027742,1621.77457713651,1848.31170410079,1009.61458454698,1118.06301484511,1399.83767884461,1023.32910558688,1421.01847774015,2087.59528174694,1793.56980408474,1567.27245264771,1949.28364127447,1738.08503543211,956.12017731775,1677.92512685274,1328.97489364046,1355.84185894248,1254.69494990124,1314.30113223769,1413.53715836482,1220.7689720886,1335.46140887604
1177.98487745007,1922.79097301834,1400.61198670987,1594.84487027742,1621.77457713651,1848.31170410079,1009.61458454698,1118.06301484511,1399.83767884461,1023.32910558688,1421.01847774015,2087.59528174694,1793.56980408474,1567.27245264771,1949.28364127447,1738.08503543211,956.12017731775,1677.92512685274,1328.97489364046,1355.84185894248,1254.69494990124,1314.30113223769,1413.53715836482,1220.7689720886,1335.46140887604
1177.98487745007,1922.79097301834,1400.61198670987,1594.84487027742,1621.77457713651,1848.31170410079,1009.61458454698,1118.06301484511,1399.83767884461,1023.32910558688,1421.01847774015,2087.59528174694,1793.56980408474,1567.27245264771,1949.28364127447,1738.08503543211,956.12017731775,1677.92512685274,1328.97489364046,1355.84185894248,1254.69494990124,1314.30113223769,1413.53715836482,1220.7689720886,1335.46140887604
1177.98487745007,1922.79097301834,1400.61198670987,1594.84487027742,1621.77457713651,1848.31170410079,1009.61458454698,1118.06301484511,1399.83767884461,1023.32910558688,1421.01847774015,2087.59528174694,1793.56980408474,1567.27245264771,1949.28364127447,1738.08503543211,956.12017731775,1677.92512685274,1328.97489364046,1355.84185894248,1254.69494990124,1314.30113223769,1413.53715836482,1220.7689720886,1335.46140887604
1177.98487745007,1922.79097301834,1400.61198670987,1594.84487027742,1621.77457713651,1848.31170410079,1009.61458454698,1118.06301484511,1399.83767884461,1023.32910558688,1421.01847774015,2087.59528174694,1793.56980408474,1567.27245264771,1949.28364127447,1738.08503543211,956.12017731775,1677.92512685274,1328.97489364046,1355.84185894248,1254.69494990124,1314.30113223769,1413.53715836482,1220.7689720886,1335.46140887604
1177.98487745007,1922.79097301834,1400.61198670987,1594.84487027742,1621.77457713651,1848.31170410079,1009.61458454698,1118.06301484511,1399.83767884461,1023.32910558688,1421.01847774015,2087.59528174694,1793.56980408474,1567.27245264771,1949.28364127447,1738.08503543211,956.12017731775,1677.92512685274,1328.97489364046,1355.84185894248,1254.69494990124,1314.30113223769,1413.53715836482,1220.7689720886,1335.46140887604
1177.98487745007,1922.79097301834,1400.61198670987,1594.84487027742,1621.77457713651,1848.31170410079,1009.61458454698,1118.06301484511,1399.83767884461,1023.32910558688,1421.01847774015,2087.59528174694,1793.56980408474,1567.27245264771,1949.28364127447,1738.08503543211,956.12017731775,1677.92512685274,1328.97489364046,1355.84185894248,1254.69494990124,1314.30113223769,1413.53715836482,1220.7689720886,1335.46140887604
1177.98487745007,1922.79097301834,1400.61198670987,1594.84487027742,1621.77457713651,1848.31170410079,1009.61458454698,1118.06301484511,1399.83767884461,1023.32910558688,1421.01847774015,2087.59528174694,1793.56980408474,1567.27245264771,1949.28364127447,1738.08503543211,956.12017731775,1677.92512685274,1328.97489364046,1355.84185894248,1254.69494990124,1314.30113223769,1413.53715836482,1220.7689720886,1335.46140887604
1177.98487745007,1922.79097301834,1400.61198670987,1594.84487027742,1621.77457713651,1848.31170410079,1009.61458454698,1118.06301484511,1399.83767884461,1023.32910558688,1421.01847774015,2087.59528174694,1793.56980408474,1567.27245264771,1949.28364127447,1738.08503543211,956.12017731775,1677.92512685274,1328.97489364046,1355.84185894248,1254.69494990124,1314.30113223769,1413.53715836482,1220.7689720886,1335.46140887604
1177.98487745007,1922.79097301834,1400.61198670987,1594.84487027742,1621.77457713651,1848.31170410079,1009.61458454698,1118.06301484511,1399.83767884461,1023.32910558688,1421.01847774015,2087.59528174694,1793.56980408474,1567.27245264771,1949.28364127447,1738.08503543211,956.12017731775,1677.92512685274,1328.97489364046,1355.84185894248,1254.69494990124,1314.30113223769,1413.53715836482,1220.7689720886,1335.46140887604
1177.98487745007,1922.79097301834,1400.61198670987,1594.84487027742,1621.77457713651,1848.31170410079,1009.61458454698,1118.06301484511,1399.83767884461,1023.32910558688,1421.01847774015,2087.59528174694,1793.56980408474,1567.27245264771,1949.28364127447,1738.08503543211,956.12017731775,1677.92512685274,1328.97489364046,1355.84185894248,1254.69494990124,1314.30113223769,1413.53715836482,1220.7689720886,1335.46140887604
1177.98487745007,1922.79097301834,1400.61198670987,1594.84487027742,1621.77457713651,1848.31170410079,1009.61458454698,1118.06301484511,1399.83767884461,1023.32910558688,1421.01847774015,2087.59528174694,1793.56980408474,1567.27245264771,1949.28364127447,1738.08503543211,956.12017731775,1677.92512685274,1328.97489364046,1355.84185894248,1254.69494990124,1314.30113223769,1413.53715836482,1220.7689720886,1335.46140887604
1177.98487745007,1922.79097301834,1400.61198670987,1594.84487027742,1621.77457713651,1848.31170410079,1009.61458454698,1118.06301484511,1399.83767884461,1023.32910558688,1421.01847774015,2087.59528174694,1793.56980408474,1567.27245264771,1949.28364127447,1738.08503543211,956.12017731775,1677.92512685274,1328.97489364046,1355.84185894248,1254.69494990124,1314.30113223769,1413.53715836482,1220.7689720886,1335.46140887604
1177.98487745007,1922.79097301834,1400.61198670987,1594.84487027742,1621.77457713651,1848.31170410079,1009.61458454698,1118.06301484511,1399.83767884461,1023.32910558688,1421.01847774015,2087.59528174694,1793.56980408474,1567.27245264771,1949.28364127447,1738.08503543211,956.12017731775,1677.92512685274,1328.97489364046,1355.84185894248,1254.69494990124,1314.30113223769,1413.53715836482,1220.7689720886,1335.46140887604
1177.98487745007,1922.79097301834,1400.61198670987,1594.84487027742,1621.77457713651,1848.31170410079,1009.61458454698,1118.06301484511,1399.83767884461,1023.32910558688,1421.01847774015,2087.59528174694,1793.56980408474,1567.27245264771,1949.28364127447,1738.08503543211,956.12017731775,1677.92512685274,1328.97489364046,1355.84185894248,1254.69494990124,1314.30113223769,1413.53715836482,1220.7689720886,1335.46140887604
1177.98487745007,1922.79097301834,1400.61198670987,1594.84487027742,1621.77457713651,1848.31170410079,1009.61458454698,1118.06301484511,1399.83767884461,1023.32910558688,1421.01847774015,2087.59528174694,1793.56980408474,1567.27245264771,1949.28364127447,1738.08503543211,956.12017731775,1677.92512685274,1328.97489364046,1355.84185894248,1254.69494990124,1314.30113223769,1413.53715836482,1220.7689720886,1335.46140887604
1177.98487745007,1922.79097301834,1400.61198670987,1594.84487027742,1621.77457713651,1848.31170410079,1009.61458454698,1118.06301484511,1399.83767884461,1023.32910558688,1421.01847774015,2087.59528174694,1793.56980408474,1567.27245264771,1949.28364127447,1738.08503543211,956.12017731775,1677.92512685274,1328.97489364046,1355.84185894248,1254.69494990124,1314.30113223769,1413.53715836482,1220.7689720886,1335.46140887604
1177.98487745007,1922.79097301834,1400.61198670987,1594.84487027742,1621.77457713651,1848.31170410079,1009.61458454698,1118.06301484511,1399.83767884461,1023.32910558688,1421.01847774015,2087.59528174694,1793.56980408474,1567.27245264771,1949.28364127447,1738.08503543211,956.12017731775,1677.92512685274,1328.97489364046,1355.84185894248,1254.69494990124,1314.30113223769,1413.53715836482,1220.7689720886,1335.46140887604
1177.98487745007,1922.79097301834,1400.61198670987,1594.84487027742,1621.77457713651,1848.31170410079,1009.61458454698,1118.06301484511,1399.83767884461,1023.32910558688,1421.01847774015,2087.59528174694,1793.56980408474,1567.27245264771,1949.28364127447,1738.08503543211,956.12017731775,1677.92512685274,1328.97489364046,1355.84185894248,1254.69494990124,1314.30113223769,1413.53715836482,1220.7689720886,1335.46140887604
1177.98487745007,1922.79097301834,1400.61198670987,1594.84487027742,1621.77457713651,1848.31170410079,1009.61458454698,1118.06301484511,1399.83767884461,1023.32910558688,1421.01847774015,2087.59528174694,1793.56980408474,1567.27245264771,1949.28364127447,1738.08503543211,956.12017731775,1677.92512685274,1328.97489364046,1355.84185894248,1254.69494990124,1314.30113223769,1413.53715836482,1220.7689720886,1335.46140887604
1177.98487745007,1922.79097301834,1400.61198670987,1594.84487027742,1621.77457713651,1848.31170410079,1009.61458454698,1118.06301484511,1399.83767884461,1023.32910558688,1421.01847774015,2087.59528174694,1793.56980408474,1567.27245264771,1949.28364127447,1738.08503543211,956.12017731775,1677.92512685274,1328.97489364046,1355.84185894248,1254.69494990124,1314.30113223769,1413.53715836482,1220.7689720886,1335.46140887604
1177.98487745007,1922.79097301834,1400.61198670987,1594.84487027742,1621.77457713651,1848.31170410079,1009.61458454698,1118.06301484511,1399.83767884461,1023.32910558688,1421.01847774015,2087.59528174694,1793.56980408474,1567.27245264771,1949.28364127447,1738.08503543211,956.12017731775,1677.92512685274,1328.97489364046,1355.84185894248,1254.69494990124,1314.30113223769,1413.53715836482,1220.7689720886,1335.46140887604
1177.98487745007,1922.79097301834,1400.61198670987,1594.84487027742,1621.77457713651,1848.31170410079,1009.61458454698,1118.06301484511,1399.83767884461,1023.32910558688,1421.01847774015,2087.59528174694,1793.56980408474,1567.27245264771,1949.28364127447,1738.08503543211,956.12017731775,1677.92512685274,1328.97489364046,1355.84185894248,1254.69494990124,1314.30113223769,1413.53715836482,1220.7689720886,1335.46140887604
1177.98487745007,1922.79097301834,1400.61198670987,1594.84487027742,1621.77457713651,1848.31170410079,1009.61458454698,1118.06301484511,1399.83767884461,1023.32910558688,1421.01847774015,2087.59528174694,1793.56980408474,1567.27245264771,1949.28364127447,1738.08503543211,956.12017731775,1677.92512685274,1328.97489364046,1355.84185894248,1254.69494990124,1314.30113223769,1413.53715836482,1220.7689720886,1335.46140887604
1177.98487745007,1922.79097301834,1400.61198670987,1594.84487027742,1621.77457713651,1848.31170410079,1009.61458454698,1118.06301484511,1399.83767884461,1023.32910558688,1421.01847774015,2087.59528174694,1793.56980408474,1567.27245264771,1949.28364127447,1738.08503543211,956.12017731775,1677.92512685274,1328.97489364046,1355.84185894248,1254.69494990124,1314.30113223769,1413.53715836482,1220.7689720886,1335.46140887604
1177.98487745007,1922.79097301834,1400.61198670987,1594.84487027742,1621.77457713651,1848.31170410079,1009.61458454698,1118.06301484511,1399.83767884461,1023.32910558688,1421.01847774015,2087.59528174694,1793.56980408474,1567.27245264771,1949.28364127447,1738.08503543211,956.12017731775,1677.92512685274,1328.97489364046,1355.84185894248,1254.69494990124,1314.30113223769,1413.53715836482,1220.7689720886,1335.46140887604
1177.98487745007,1922.79097301834,1400.61198670987,1594.84487027742,1621.77457713651,1848.31170410079,1009.61458454698,1118.06301484511,1399.83767884461,1023.32910558688,1421.01847774015,2087.59528174694,1793.56980408474,1567.27245264771,1949.28364127447,1738.08503543211,956.12017731775,1677.92512685274,1328.97489364046,1355.84185894248,1254.69494990124,1314.30113223769,1413.53715836482,1220.7689720886,1335.46140887604
1177.98487745007,1922.79097301834,1400.61198670987,1594.84487027742,1621.77457713651,1848.31170410079,1009.61458454698,1118.06301484511,1399.83767884461,1023.32910558688,1421.01847774015,2087.59528174694,1793.56980408474,1567.27245264771,1949.28364127447,1738.08503543211,956.12017731775,1677.92512685274,1328.97489364046,1355.84185894248,1254.69494990124,1314.30113223769,1413.53715836482,1220.7689720886,1335.46140887604
1177.98487745007,1922.79097301834,1400.61198670987,1594.84487027742,1621.77457713651,1848.31170410079,1009.61458454698,1118.06301484511,1399.83767884461,1023.32910558688,1421.01847774015,2087.59528174694,1793.56980408474,1567.27245264771,1949.28364127447,1738.08503543211,956.12017731775,1677.92512685274,1328.97489364046,1355.84185894248,1254.69494990124,1314.30113223769,1413.53715836482,1220.7689720886,1335.46140887604
1177.98487745007,1922.79097301834,1400.61198670987,1594.84487027742,1621.77457713651,1848.31170410079,1009.61458454698,1118.06301484511,1399.83767884461,1023.32910558688,1421.01847774015,2087.59528174694,1793.56980408474,1567.27245264771,1949.28364127447,1738.08503543211,956.12017731775,1677.92512685274,1328.97489364046,1355.84185894248,1254.69494990124,1314.30113223769,1413.53715836482,1220.7689720886,1335.46140887604
1177.98487745007,1922.79097301834,1400.61198670987,1594.84487027742,1621.77457713651,1848.31170410079,1009.61458454698,1118.06301484511,1399.83767884461,1023.32910558688,1421.01847774015,2087.59528174694,1793.56980408474,1567.27245264771,1949.28364127447,1738.08503543211,956.12017731775,1677.92512685274,1328.97489364046,1355.84185894248,1254.69494990124,1314.30113223769,1413.53715836482,1220.7689720886,1335.46140887604
1177.98487745007,1922.79097301834,1400.61198670987,1594.84487027742,1621.77457713651,1848.31170410079,1009.61458454698,1118.06301484511,1399.83767884461,1023.32910558688,1421.01847774015,2087.59528174694,1793.56980408474,1567.27245264771,1949.28364127447,1738.08503543211,956.12017731775,1677.92512685274,1328.97489364046,1355.84185894248,1254.69494990124,1314.30113223769,1413.53715836482,1220.7689720886,1335.46140887604
1177.98487745007,1922.79097301834,1400.61198670987,1594.84487027742,1621.77457713651,1848.31170410079,1009.61458454698,1118.06301484511,1399.83767884461,1023.32910558688,1421.01847774015,2087.59528174694,1793.56980408474,1567.27245264771,1949.28364127447,1738.08503543211,956.12017731775,1677.92512685274,1328.97489364046,1355.84185894248,1254.69494990124,1314.30113223769,1413.53715836482,1220.7689720886,1335.46140887604
1177.98487745007,1922.79097301834,1400.61198670987,1594.84487027742,1621.77457713651,1848.31170410079,1009.61458454698,1118.06301484511,1399.83767884461,1023.32910558688,1421.01847774015,2087.59528174694,1793.56980408474,1567.27245264771,1949.28364127447,1738.08503543211,956.12017731775,1677.92512685274,1328.97489364046,1355.84185894248,1254.69494990124,1314.30113223769,1413.53715836482,1220.7689720886,1335.46140887604
1177.98487745007,1922.79097301834,1400.61198670987,1594.84487027742,1621.77457713651,1848.31170410079,1009.61458454698,1118.06301484511,1399.83767884461,1023.32910558688,1421.01847774015,2087.59528174694,1793.56980408474,1567.27245264771,1949.28364127447,1738.08503543211,956.12017731775,1677.92512685274,1328.97489364046,1355.84185894248,1254.69494990124,1314.30113223769,1413.53715836482,1220.7689720886,1335.46140887604
1177.98487745007,1922.79097301834,1400.61198670987,1594.84487027742,1621.77457713651,1848.31170410079,1009.61458454698,1118.06301484511,1399.83767884461,1023.32910558688,1421.01847774015,2087.59528174694,1793.56980408474,1567.27245264771,1949.28364127447,1738.08503543211,956.12017731775,1677.92512685274,1328.97489364046,1355.84185894248,1254.69494990124,1314.30113223769,1413.53715836482,1220.7689720886,1335.46140887604
1177.98487745007,1922.79097301834,1400.61198670987,1594.84487027742,1621.77457713651,1848.31170410079,1009.61458454698,1118.06301484511,1399.83767884461,1023.32910558688,1421.01847774015,2087.59528174694,1793.56980408474,1567.27245264771,1949.28364127447,1738.08503543211,956.12017731775,1677.92512685274,1328.97489364046,1355.84185894248,1254.69494990124,1314.30113223769,1413.53715836482,1220.7689720886,1335.46140887604
1177.98487745007,1922.79097301834,1400.61198670987,1594.84487027742,1621.77457713651,1848.31170410079,1009.61458454698,1118.06301484511,1399.83767884461,1023.32910558688,1421.01847774015,2087.59528174694,1793.56980408474,1567.27245264771,1949.28364127447,1738.08503543211,956.12017731775,1677.92512685274,1328.97489364046,1355.84185894248,1254.69494990124,1314.30113223769,1413.53715836482,1220.7689720886,1335.46140887604
1177.98487745007,1922.79097301834,1400.61198670987,1594.84487027742,1621.77457713651,1848.31170410079,1009.61458454698,1118.06301484511,1399.83767884461,1023.32910558688,1421.01847774015,2087.59528174694,1793.56980408474,1567.27245264771,1949.28364127447,1738.08503543211,956.12017731775,1677.92512685274,1328.97489364046,1355.84185894248,1254.69494990124,1314.30113223769,1413.53715836482,1220.7689720886,1335.46140887604
1177.98487745007,1922.79097301834,1400.61198670987,1594.84487027742,1621.77457713651,1848.31170410079,1009.61458454698,1118.06301484511,1399.83767884461,1023.32910558688,1421.01847774015,2087.59528174694,1793.56980408474,1567.27245264771,1949.28364127447,1738.08503543211,956.12017731775,1677.92512685274,1328.97489364046,1355.84185894248,1254.69494990124,1314.30113223769,1413.53715836482,1220.7689720886,1335.46140887604
1177.98487745007,1922.79097301834,1400.61198670987,1594.84487027742,1621.77457713651,1848.31170410079,1009.61458454698,1118.06301484511,1399.83767884461,1023.32910558688,1421.01847774015,2087.59528174694,1793.56980408474,1567.27245264771,1949.28364127447,1738.08503543211,956.12017731775,1677.92512685274,1328.97489364046,1355.84185894248,1254.69494990124,1314.30113223769,1413.53715836482,1220.7689720886,1335.46140887604
1177.98487745007,1922.79097301834,1400.61198670987,1594.84487027742,1621.77457713651,1848.31170410079,1009.61458454698,1118.06301484511,1399.83767884461,1023.32910558688,1421.01847774015,2087.59528174694,1793.56980408474,1567.27245264771,1949.28364127447,1738.08503543211,956.12017731775,1677.92512685274,1328.97489364046,1355.84185894248,1254.69494990124,1314.30113223769,1413.53715836482,1220.7689720886,1335.46140887604
1177.98487745007,1922.79097301834,1400.61198670987,1594.84487027742,1621.77457713651,1848.31170410079,1009.61458454698,1118.06301484511,1399.83767884461,1023.32910558688,1421.01847774015,2087.59528174694,1793.56980408474,1567.27245264771,1949.28364127447,1738.08503543211,956.12017731775,1677.92512685274,1328.97489364046,1355.84185894248,1254.69494990124,1314.30113223769,1413.53715836482,1220.7689720886,1335.46140887604
1177.98487745007,1922.79097301834,1400.61198670987,1594.84487027742,1621.77457713651,1848.31170410079,1009.61458454698,1118.06301484511,1399.83767884461,1023.32910558688,1421.01847774015,2087.59528174694,1793.56980408474,1567.27245264771,1949.28364127447,1738.08503543211,956.12017731775,1677.92512685274,1328.97489364046,1355.84185894248,1254.69494990124,1314.30113223769,1413.53715836482,1220.7689720886,1335.46140887604
1177.98487745007,1922.79097301834,1400.61198670987,1594.84487027742,1621.77457713651,1848.31170410079,1009.61458454698,1118.06301484511,1399.83767884461,1023.32910558688,1421.01847774015,2087.59528174694,1793.56980408474,1567.27245264771,1949.28364127447,1738.08503543211,956.12017731775,1677.92512685274,1328.97489364046,1355.84185894248,1254.69494990124,1314.30113223769,1413.53715836482,1220.7689720886,1335.46140887604
1177.98487745007,1922.79097301834,1400.61198670987,1594.84487027742,1621.77457713651,1848.31170410079,1009.61458454698,1118.06301484511,1399.83767884461,1023.32910558688,1421.01847774015,2087.59528174694,1793.56980408474,1567.27245264771,1949.28364127447,1738.08503543211,956.12017731775,1677.92512685274,1328.97489364046,1355.84185894248,1254.69494990124,1314.30113223769,1413.53715836482,1220.7689720886,1335.46140887604
1177.98487745007,1922.79097301834,1400.61198670987,1594.84487027742,1621.77457713651,1848.31170410079,1009.61458454698,1118.06301484511,1399.83767884461,1023.32910558688,1421.01847774015,2087.59528174694,1793.56980408474,1567.27245264771,1949.28364127447,1738.08503543211,956.12017731775,1677.92512685274,1328.97489364046,1355.84185894248,1254.69494990124,1314.30113223769,1413.53715836482,1220.7689720886,1335.46140887604
1177.98487745007,1922.79097301834,1400.61198670987,1594.84487027742,1621.77457713651,1848.31170410079,1009.61458454698,1118.06301484511,1399.83767884461,1023.32910558688,1421.01847774015,2087.59528174694,1793.56980408474,1567.27245264771,1949.28364127447,1738.08503543211,956.12017731775,1677.92512685274,1328.97489364046,1355.84185894248,1254.69494990124,1314.30113223769,1413.53715836482,1220.7689720886,1335.46140887604
1177.98487745007,1922.79097301834,1400.61198670987,1594.84487027742,1621.77457713651,1848.31170410079,1009.61458454698,1118.06301484511,1399.83767884461,1023.32910558688,1421.01847774015,2087.59528174694,1793.56980408474,1567.27245264771,1949.28364127447,1738.08503543211,956.12017731775,1677.92512685274,1328.97489364046,1355.84185894248,1254.69494990124,1314.30113223769,1413.53715836482,1220.7689720886,1335.46140887604
1177.98487745007,1922.79097301834,1400.61198670987,1594.84487027742,1621.77457713651,1848.31170410079,1009.61458454698,1118.06301484511,1399.83767884461,1023.32910558688,1421.01847774015,2087.59528174694,1793.56980408474,1567.27245264771,1949.28364127447,1738.08503543211,956.12017731775,1677.92512685274,1328.97489364046,1355.84185894248,1254.69494990124,1314.30113223769,1413.53715836482,1220.7689720886,1335.46140887604
1177.98487745007,1922.79097301834,1400.61198670987,1594.84487027742,1621.77457713651,1848.31170410079,1009.61458454698,1118.06301484511,1399.83767884461,1023.32910558688,1421.01847774015,2087.59528174694,1793.56980408474,1567.27245264771,1949.28364127447,1738.08503543211,956.12017731775,1677.92512685274,1328.97489364046,1355.84185894248,1254.69494990124,1314.30113223769,1413.53715836482,1220.7689720886,1335.46140887604
1177.98487745007,1922.79097301834,1400.61198670987,1594.84487027742,1621.77457713651,1848.31170410079,1009.61458454698,1118.06301484511,1399.83767884461,1023.32910558688,1421.01847774015,2087.59528174694,1793.56980408474,1567.27245264771,1949.28364127447,1738.08503543211,956.12017731775,1677.92512685274,1328.97489364046,1355.84185894248,1254.69494990124,1314.30113223769,1413.53715836482,1220.7689720886,1335.46140887604
1177.98487745007,1922.79097301834,1400.61198670987,1594.84487027742,1621.77457713651,1848.31170410079,1009.61458454698,1118.06301484511,1399.83767884461,1023.32910558688,1421.01847774015,2087.59528174694,1793.56980408474,1567.27245264771,1949.28364127447,1738.08503543211,956.12017731775,1677.92512685274,1328.97489364046,1355.84185894248,1254.69494990124,1314.30113223769,1413.53715836482,1220.7689720886,1335.46140887604
1177.98487745007,1922.79097301834,1400.61198670987,1594.84487027742,1621.77457713651,1848.31170410079,1009.61458454698,1118.06301484511,1399.83767884461,1023.32910558688,1421.01847774015,2087.59528174694,1793.56980408474,1567.27245264771,1949.28364127447,1738.08503543211,956.12017731775,1677.92512685274,1328.97489364046,1355.84185894248,1254.69494990124,1314.30113223769,1413.53715836482,1220.7689720886,1335.46140887604
1177.98487745007,1922.79097301834,1400.61198670987,1594.84487027742,1621.77457713651,1848.31170410079,1009.61458454698,1118.06301484511,1399.83767884461,1023.32910558688,1421.01847774015,2087.59528174694,1793.56980408474,1567.27245264771,1949.28364127447,1738.08503543211,956.12017731775,1677.92512685274,1328.97489364046,1355.84185894248,1254.69494990124,1314.30113223769,1413.53715836482,1220.7689720886,1335.46140887604
1177.98487745007,1922.79097301834,1400.61198670987,1594.84487027742,1621.77457713651,1848.31170410079,1009.61458454698,1118.06301484511,1399.83767884461,1023.32910558688,1421.01847774015,2087.59528174694,1793.56980408474,1567.27245264771,1949.28364127447,1738.08503543211,956.12017731775,1677.92512685274,1328.97489364046,1355.84185894248,1254.69494990124,1314.30113223769,1413.53715836482,1220.7689720886,1335.46140887604
1177.98487745007,1922.79097301834,1400.61198670987,1594.84487027742,1621.77457713651,1848.31170410079,1009.61458454698,1118.06301484511,1399.83767884461,1023.32910558688,1421.01847774015,2087.59528174694,1793.56980408474,1567.27245264771,1949.28364127447,1738.08503543211,956.12017731775,1677.92512685274,1328.97489364046,1355.84185894248,1254.69494990124,1314.30113223769,1413.53715836482,1220.7689720886,1335.46140887604
1177.98487745007,1922.79097301834,1400.61198670987,1594.84487027742,1621.77457713651,1848.31170410079,1009.61458454698,1118.06301484511,1399.83767884461,1023.32910558688,1421.01847774015,2087.59528174694,1793.56980408474,1567.27245264771,1949.28364127447,1738.08503543211,956.12017731775,1677.92512685274,1328.97489364046,1355.84185894248,1254.69494990124,1314.30113223769,1413.53715836482,1220.7689720886,1335.46140887604
1177.98487745007,1922.79097301834,1400.61198670987,1594.84487027742,1621.77457713651,1848.31170410079,1009.61458454698,1118.06301484511,1399.83767884461,1023.32910558688,1421.01847774015,2087.59528174694,1793.56980408474,1567.27245264771,1949.28364127447,1738.08503543211,956.12017731775,1677.92512685274,1328.97489364046,1355.84185894248,1254.69494990124,1314.30113223769,1413.53715836482,1220.7689720886,1335.46140887604
1177.98487745007,1922.79097301834,1400.61198670987,1594.84487027742,1621.77457713651,1848.31170410079,1009.61458454698,1118.06301484511,1399.83767884461,1023.32910558688,1421.01847774015,2087.59528174694,1793.56980408474,1567.27245264771,1949.28364127447,1738.08503543211,956.12017731775,1677.92512685274,1328.97489364046,1355.84185894248,1254.69494990124,1314.30113223769,1413.53715836482,1220.7689720886,1335.46140887604
1177.98487745007,1922.79097301834,1400.61198670987,1594.84487027742,1621.77457713651,1848.31170410079,1009.61458454698,1118.06301484511,1399.83767884461,1023.32910558688,1421.01847774015,2087.59528174694,1793.56980408474,1567.27245264771,1949.28364127447,1738.08503543211,956.12017731775,1677.92512685274,1328.97489364046,1355.84185894248,1254.69494990124,1314.30113223769,1413.53715836482,1220.7689720886,1335.46140887604
1177.98487745007,1922.79097301834,1400.61198670987,1594.84487027742,1621.77457713651,1848.31170410079,1009.61458454698,1118.06301484511,1399.83767884461,1023.32910558688,1421.01847774015,2087.59528174694,1793.56980408474,1567.27245264771,1949.28364127447,1738.08503543211,956.12017731775,1677.92512685274,1328.97489364046,1355.84185894248,1254.69494990124,1314.30113223769,1413.53715836482,1220.7689720886,1335.46140887604
1177.98487745007,1922.79097301834,1400.61198670987,1594.84487027742,1621.77457713651,1848.31170410079,1009.61458454698,1118.06301484511,1399.83767884461,1023.32910558688,1421.01847774015,2087.59528174694,1793.56980408474,1567.27245264771,1949.28364127447,1738.08503543211,956.12017731775,1677.92512685274,1328.97489364046,1355.84185894248,1254.69494990124,1314.30113223769,1413.53715836482,1220.7689720886,1335.46140887604
1177.98487745007,1922.79097301834,1400.61198670987,1594.84487027742,1621.77457713651,1848.31170410079,1009.61458454698,1118.06301484511,1399.83767884461,1023.32910558688,1421.01847774015,2087.59528174694,1793.56980408474,1567.27245264771,1949.28364127447,1738.08503543211,956.12017731775,1677.92512685274,1328.97489364046,1355.84185894248,1254.69494990124,1314.30113223769,1413.53715836482,1220.7689720886,1335.46140887604
1177.98487745007,1922.79097301834,1400.61198670987,1594.84487027742,1621.77457713651,1848.31170410079,1009.61458454698,1118.06301484511,1399.83767884461,1023.32910558688,1421.01847774015,2087.59528174694,1793.56980408474,1567.27245264771,1949.28364127447,1738.08503543211,956.12017731775,1677.92512685274,1328.97489364046,1355.84185894248,1254.69494990124,1314.30113223769,1413.53715836482,1220.7689720886,1335.46140887604
1177.98487745007,1922.79097301834,1400.61198670987,1594.84487027742,1621.77457713651,1848.31170410079,1009.61458454698,1118.06301484511,1399.83767884461,1023.32910558688,1421.01847774015,2087.59528174694,1793.56980408474,1567.27245264771,1949.28364127447,1738.08503543211,956.12017731775,1677.92512685274,1328.97489364046,1355.84185894248,1254.69494990124,1314.30113223769,1413.53715836482,1220.7689720886,1335.46140887604
1177.98487745007,1922.79097301834,1400.61198670987,1594.84487027742,1621.77457713651,1848.31170410079,1009.61458454698,1118.06301484511,1399.83767884461,1023.32910558688,1421.01847774015,2087.59528174694,1793.56980408474,1567.27245264771,1949.28364127447,1738.08503543211,956.12017731775,1677.92512685274,1328.97489364046,1355.84185894248,1254.69494990124,1314.30113223769,1413.53715836482,1220.7689720886,1335.46140887604
1177.98487745007,1922.79097301834,1400.61198670987,1594.84487027742,1621.77457713651,1848.31170410079,1009.61458454698,1118.06301484511,1399.83767884461,1023.32910558688,1421.01847774015,2087.59528174694,1793.56980408474,1567.27245264771,1949.28364127447,1738.08503543211,956.12017731775,1677.92512685274,1328.97489364046,1355.84185894248,1254.69494990124,1314.30113223769,1413.53715836482,1220.7689720886,1335.46140887604
1177.98487745007,1922.79097301834,1400.61198670987,1594.84487027742,1621.77457713651,1848.31170410079,1009.61458454698,1118.06301484511,1399.83767884461,1023.32910558688,1421.01847774015,2087.59528174694,1793.56980408474,1567.27245264771,1949.28364127447,1738.08503543211,956.12017731775,1677.92512685274,1328.97489364046,1355.84185894248,1254.69494990124,1314.30113223769,1413.53715836482,1220.7689720886,1335.46140887604
1177.98487745007,1922.79097301834,1400.61198670987,1594.84487027742,1621.77457713651,1848.31170410079,1009.61458454698,1118.06301484511,1399.83767884461,1023.32910558688,1421.01847774015,2087.59528174694,1793.56980408474,1567.27245264771,1949.28364127447,1738.08503543211,956.12017731775,1677.92512685274,1328.97489364046,1355.84185894248,1254.69494990124,1314.30113223769,1413.53715836482,1220.7689720886,1335.46140887604
1177.98487745007,1922.79097301834,1400.61198670987,1594.84487027742,1621.77457713651,1848.31170410079,1009.61458454698,1118.06301484511,1399.83767884461,1023.32910558688,1421.01847774015,2087.59528174694,1793.56980408474,1567.27245264771,1949.28364127447,1738.08503543211,956.12017731775,1677.92512685274,1328.97489364046,1355.84185894248,1254.69494990124,1314.30113223769,1413.53715836482,1220.7689720886,1335.46140887604
1177.98487745007,1922.79097301834,1400.61198670987,1594.84487027742,1621.77457713651,1848.31170410079,1009.61458454698,1118.06301484511,1399.83767884461,1023.32910558688,1421.01847774015,2087.59528174694,1793.56980408474,1567.27245264771,1949.28364127447,1738.08503543211,956.12017731775,1677.92512685274,1328.97489364046,1355.84185894248,1254.69494990124,1314.30113223769,1413.53715836482,1220.7689720886,1335.46140887604
1177.98487745007,1922.79097301834,1400.61198670987,1594.84487027742,1621.77457713651,1848.31170410079,1009.61458454698,1118.06301484511,1399.83767884461,1023.32910558688,1421.01847774015,2087.59528174694,1793.56980408474,1567.27245264771,1949.28364127447,1738.08503543211,956.12017731775,1677.92512685274,1328.97489364046,1355.84185894248,1254.69494990124,1314.30113223769,1413.53715836482,1220.7689720886,1335.46140887604
1177.98487745007,1922.79097301834,1400.61198670987,1594.84487027742,1621.77457713651,1848.31170410079,1009.61458454698,1118.06301484511,1399.83767884461,1023.32910558688,1421.01847774015,2087.59528174694,1793.56980408474,1567.27245264771,1949.28364127447,1738.08503543211,956.12017731775,1677.92512685274,1328.97489364046,1355.84185894248,1254.69494990124,1314.30113223769,1413.53715836482,1220.7689720886,1335.46140887604
1177.98487745007,1922.79097301834,1400.61198670987,1594.84487027742,1621.77457713651,1848.31170410079,1009.61458454698,1118.06301484511,1399.83767884461,1023.32910558688,1421.01847774015,2087.59528174694,1793.56980408474,1567.27245264771,1949.28364127447,1738.08503543211,956.12017731775,1677.92512685274,1328.97489364046,1355.84185894248,1254.69494990124,1314.30113223769,1413.53715836482,1220.7689720886,1335.46140887604
1177.98487745007,1922.79097301834,1400.61198670987,1594.84487027742,1621.77457713651,1848.31170410079,1009.61458454698,1118.06301484511,1399.83767884461,1023.32910558688,1421.01847774015,2087.59528174694,1793.56980408474,1567.27245264771,1949.28364127447,1738.08503543211,956.12017731775,1677.92512685274,1328.97489364046,1355.84185894248,1254.69494990124,1314.30113223769,1413.53715836482,1220.7689720886,1335.46140887604
1177.98487745007,1922.79097301834,1400.61198670987,1594.84487027742,1621.77457713651,1848.31170410079,1009.61458454698,1118.06301484511,1399.83767884461,1023.32910558688,1421.01847774015,2087.59528174694,1793.56980408474,1567.27245264771,1949.28364127447,1738.08503543211,956.12017731775,1677.92512685274,1328.97489364046,1355.84185894248,1254.69494990124,1314.30113223769,1413.53715836482,1220.7689720886,1335.46140887604
1177.98487745007,1922.79097301834,1400.61198670987,1594.84487027742,1621.77457713651,1848.31170410079,1009.61458454698,1118.06301484511,1399.83767884461,1023.32910558688,1421.01847774015,2087.59528174694,1793.56980408474,1567.27245264771,1949.28364127447,1738.08503543211,956.12017731775,1677.92512685274,1328.97489364046,1355.84185894248,1254.69494990124,1314.30113223769,1413.53715836482,1220.7689720886,1335.46140887604
1177.98487745007,1922.79097301834,1400.61198670987,1594.84487027742,1621.77457713651,1848.31170410079,1009.61458454698,1118.06301484511,1399.83767884461,1023.32910558688,1421.01847774015,2087.59528174694,1793.56980408474,1567.27245264771,1949.28364127447,1738.08503543211,956.12017731775,1677.92512685274,1328.97489364046,1355.84185894248,1254.69494990124,1314.30113223769,1413.53715836482,1220.7689720886,1335.46140887604
1177.98487745007,1922.79097301834,1400.61198670987,1594.84487027742,1621.77457713651,1848.31170410079,1009.61458454698,1118.06301484511,1399.83767884461,1023.32910558688,1421.01847774015,2087.59528174694,1793.56980408474,1567.27245264771,1949.28364127447,1738.08503543211,956.12017731775,1677.92512685274,1328.97489364046,1355.84185894248,1254.69494990124,1314.30113223769,1413.53715836482,1220.7689720886,1335.46140887604
1177.98487745007,1922.79097301834,1400.61198670987,1594.84487027742,1621.77457713651,1848.31170410079,1009.61458454698,1118.06301484511,1399.83767884461,1023.32910558688,1421.01847774015,2087.59528174694,1793.56980408474,1567.27245264771,1949.28364127447,1738.08503543211,956.12017731775,1677.92512685274,1328.97489364046,1355.84185894248,1254.69494990124,1314.30113223769,1413.53715836482,1220.7689720886,1335.46140887604
1177.98487745007,1922.79097301834,1400.61198670987,1594.84487027742,1621.77457713651,1848.31170410079,1009.61458454698,1118.06301484511,1399.83767884461,1023.32910558688,1421.01847774015,2087.59528174694,1793.56980408474,1567.27245264771,1949.28364127447,1738.08503543211,956.12017731775,1677.92512685274,1328.97489364046,1355.84185894248,1254.69494990124,1314.30113223769,1413.53715836482,1220.7689720886,1335.46140887604
1177.98487745007,1922.79097301834,1400.61198670987,1594.84487027742,1621.77457713651,1848.31170410079,1009.61458454698,1118.06301484511,1399.83767884461,1023.32910558688,1421.01847774015,2087.59528174694,1793.56980408474,1567.27245264771,1949.28364127447,1738.08503543211,956.12017731775,1677.92512685274,1328.97489364046,1355.84185894248,1254.69494990124,1314.30113223769,1413.53715836482,1220.7689720886,1335.46140887604
1177.98487745007,1922.79097301834,1400.61198670987,1594.84487027742,1621.77457713651,1848.31170410079,1009.61458454698,1118.06301484511,1399.83767884461,1023.32910558688,1421.01847774015,2087.59528174694,1793.56980408474,1567.27245264771,1949.28364127447,1738.08503543211,956.12017731775,1677.92512685274,1328.97489364046,1355.84185894248,1254.69494990124,1314.30113223769,1413.53715836482,1220.7689720886,1335.46140887604
1177.98487745007,1922.79097301834,1400.61198670987,1594.84487027742,1621.77457713651,1848.31170410079,1009.61458454698,1118.06301484511,1399.83767884461,1023.32910558688,1421.01847774015,2087.59528174694,1793.56980408474,1567.27245264771,1949.28364127447,1738.08503543211,956.12017731775,1677.92512685274,1328.97489364046,1355.84185894248,1254.69494990124,1314.30113223769,1413.53715836482,1220.7689720886,1335.46140887604
1177.98487745007,1922.79097301834,1400.61198670987,1594.84487027742,1621.77457713651,1848.31170410079,1009.61458454698,1118.06301484511,1399.83767884461,1023.32910558688,1421.01847774015,2087.59528174694,1793.56980408474,1567.27245264771,1949.28364127447,1738.08503543211,956.12017731775,1677.92512685274,1328.97489364046,1355.84185894248,1254.69494990124,1314.30113223769,1413.53715836482,1220.7689720886,1335.46140887604
1177.98487745007,1922.79097301834,1400.61198670987,1594.84487027742,1621.77457713651,1848.31170410079,1009.61458454698,1118.06301484511,1399.83767884461,1023.32910558688,1421.01847774015,2087.59528174694,1793.56980408474,1567.27245264771,1949.28364127447,1738.08503543211,956.12017731775,1677.92512685274,1328.97489364046,1355.84185894248,1254.69494990124,1314.30113223769,1413.53715836482,1220.7689720886,1335.46140887604
1177.98487745007,1922.79097301834,1400.61198670987,1594.84487027742,1621.77457713651,1848.31170410079,1009.61458454698,1118.06301484511,1399.83767884461,1023.32910558688,1421.01847774015,2087.59528174694,1793.56980408474,1567.27245264771,1949.28364127447,1738.08503543211,956.12017731775,1677.92512685274,1328.97489364046,1355.84185894248,1254.69494990124,1314.30113223769,1413.53715836482,1220.7689720886,1335.46140887604
1177.98487745007,1922.79097301834,1400.61198670987,1594.84487027742,1621.77457713651,1848.31170410079,1009.61458454698,1118.06301484511,1399.83767884461,1023.32910558688,1421.01847774015,2087.59528174694,1793.56980408474,1567.27245264771,1949.28364127447,1738.08503543211,956.12017731775,1677.92512685274,1328.97489364046,1355.84185894248,1254.69494990124,1314.30113223769,1413.53715836482,1220.7689720886,1335.46140887604
1177.98487745007,1922.79097301834,1400.61198670987,1594.84487027742,1621.77457713651,1848.31170410079,1009.61458454698,1118.06301484511,1399.83767884461,1023.32910558688,1421.01847774015,2087.59528174694,1793.56980408474,1567.27245264771,1949.28364127447,1738.08503543211,956.12017731775,1677.92512685274,1328.97489364046,1355.84185894248,1254.69494990124,1314.30113223769,1413.53715836482,1220.7689720886,1335.46140887604
1177.98487745007,1922.79097301834,1400.61198670987,1594.84487027742,1621.77457713651,1848.31170410079,1009.61458454698,1118.06301484511,1399.83767884461,1023.32910558688,1421.01847774015,2087.59528174694,1793.56980408474,1567.27245264771,1949.28364127447,1738.08503543211,956.12017731775,1677.92512685274,1328.97489364046,1355.84185894248,1254.69494990124,1314.30113223769,1413.53715836482,1220.7689720886,1335.46140887604
1177.98487745007,1922.79097301834,1400.61198670987,1594.84487027742,1621.77457713651,1848.31170410079,1009.61458454698,1118.06301484511,1399.83767884461,1023.32910558688,1421.01847774015,2087.59528174694,1793.56980408474,1567.27245264771,1949.28364127447,1738.08503543211,956.12017731775,1677.92512685274,1328.97489364046,1355.84185894248,1254.69494990124,1314.30113223769,1413.53715836482,1220.7689720886,1335.46140887604
1177.98487745007,1922.79097301834,1400.61198670987,1594.84487027742,1621.77457713651,1848.31170410079,1009.61458454698,1118.06301484511,1399.83767884461,1023.32910558688,1421.01847774015,2087.59528174694,1793.56980408474,1567.27245264771,1949.28364127447,1738.08503543211,956.12017731775,1677.92512685274,1328.97489364046,1355.84185894248,1254.69494990124,1314.30113223769,1413.53715836482,1220.7689720886,1335.46140887604
1177.98487745007,1922.79097301834,1400.61198670987,1594.84487027742,1621.77457713651,1848.31170410079,1009.61458454698,1118.06301484511,1399.83767884461,1023.32910558688,1421.01847774015,2087.59528174694,1793.56980408474,1567.27245264771,1949.28364127447,1738.08503543211,956.12017731775,1677.92512685274,1328.97489364046,1355.84185894248,1254.69494990124,1314.30113223769,1413.53715836482,1220.7689720886,1335.46140887604
1177.98487745007,1922.79097301834,1400.61198670987,1594.84487027742,1621.77457713651,1848.31170410079,1009.61458454698,1118.06301484511,1399.83767884461,1023.32910558688,1421.01847774015,2087.59528174694,1793.56980408474,1567.27245264771,1949.28364127447,1738.08503543211,956.12017731775,1677.92512685274,1328.97489364046,1355.84185894248,1254.69494990124,1314.30113223769,1413.53715836482,1220.7689720886,1335.46140887604
1177.98487745007,1922.79097301834,1400.61198670987,1594.84487027742,1621.77457713651,1848.31170410079,1009.61458454698,1118.06301484511,1399.83767884461,1023.32910558688,1421.01847774015,2087.59528174694,1793.56980408474,1567.27245264771,1949.28364127447,1738.08503543211,956.12017731775,1677.92512685274,1328.97489364046,1355.84185894248,1254.69494990124,1314.30113223769,1413.53715836482,1220.7689720886,1335.46140887604
1177.98487745007,1922.79097301834,1400.61198670987,1594.84487027742,1621.77457713651,1848.31170410079,1009.61458454698,1118.06301484511,1399.83767884461,1023.32910558688,1421.01847774015,2087.59528174694,1793.56980408474,1567.27245264771,1949.28364127447,1738.08503543211,956.12017731775,1677.92512685274,1328.97489364046,1355.84185894248,1254.69494990124,1314.30113223769,1413.53715836482,1220.7689720886,1335.46140887604
1177.98487745007,1922.79097301834,1400.61198670987,1594.84487027742,1621.77457713651,1848.31170410079,1009.61458454698,1118.06301484511,1399.83767884461,1023.32910558688,1421.01847774015,2087.59528174694,1793.56980408474,1567.27245264771,1949.28364127447,1738.08503543211,956.12017731775,1677.92512685274,1328.97489364046,1355.84185894248,1254.69494990124,1314.30113223769,1413.53715836482,1220.7689720886,1335.46140887604
1177.98487745007,1922.79097301834,1400.61198670987,1594.84487027742,1621.77457713651,1848.31170410079,1009.61458454698,1118.06301484511,1399.83767884461,1023.32910558688,1421.01847774015,2087.59528174694,1793.56980408474,1567.27245264771,1949.28364127447,1738.08503543211,956.12017731775,1677.92512685274,1328.97489364046,1355.84185894248,1254.69494990124,1314.30113223769,1413.53715836482,1220.7689720886,1335.46140887604
1177.98487745007,1922.79097301834,1400.61198670987,1594.84487027742,1621.77457713651,1848.31170410079,1009.61458454698,1118.06301484511,1399.83767884461,1023.32910558688,1421.01847774015,2087.59528174694,1793.56980408474,1567.27245264771,1949.28364127447,1738.08503543211,956.12017731775,1677.92512685274,1328.97489364046,1355.84185894248,1254.69494990124,1314.30113223769,1413.53715836482,1220.7689720886,1335.46140887604
1177.98487745007,1922.79097301834,1400.61198670987,1594.84487027742,1621.77457713651,1848.31170410079,1009.61458454698,1118.06301484511,1399.83767884461,1023.32910558688,1421.01847774015,2087.59528174694,1793.56980408474,1567.27245264771,1949.28364127447,1738.08503543211,956.12017731775,1677.92512685274,1328.97489364046,1355.84185894248,1254.69494990124,1314.30113223769,1413.53715836482,1220.7689720886,1335.46140887604
1177.98487745007,1922.79097301834,1400.61198670987,1594.84487027742,1621.77457713651,1848.31170410079,1009.61458454698,1118.06301484511,1399.83767884461,1023.32910558688,1421.01847774015,2087.59528174694,1793.56980408474,1567.27245264771,1949.28364127447,1738.08503543211,956.12017731775,1677.92512685274,1328.97489364046,1355.84185894248,1254.69494990124,1314.30113223769,1413.53715836482,1220.7689720886,1335.46140887604
1177.98487745007,1922.79097301834,1400.61198670987,1594.84487027742,1621.77457713651,1848.31170410079,1009.61458454698,1118.06301484511,1399.83767884461,1023.32910558688,1421.01847774015,2087.59528174694,1793.56980408474,1567.27245264771,1949.28364127447,1738.08503543211,956.12017731775,1677.92512685274,1328.97489364046,1355.84185894248,1254.69494990124,1314.30113223769,1413.53715836482,1220.7689720886,1335.46140887604
1177.98487745007,1922.79097301834,1400.61198670987,1594.84487027742,1621.77457713651,1848.31170410079,1009.61458454698,1118.06301484511,1399.83767884461,1023.32910558688,1421.01847774015,2087.59528174694,1793.56980408474,1567.27245264771,1949.28364127447,1738.08503543211,956.12017731775,1677.92512685274,1328.97489364046,1355.84185894248,1254.69494990124,1314.30113223769,1413.53715836482,1220.7689720886,1335.46140887604
1177.98487745007,1922.79097301834,1400.61198670987,1594.84487027742,1621.77457713651,1848.31170410079,1009.61458454698,1118.06301484511,1399.83767884461,1023.32910558688,1421.01847774015,2087.59528174694,1793.56980408474,1567.27245264771,1949.28364127447,1738.08503543211,956.12017731775,1677.92512685274,1328.97489364046,1355.84185894248,1254.69494990124,1314.30113223769,1413.53715836482,1220.7689720886,1335.46140887604
1177.98487745007,1922.79097301834,1400.61198670987,1594.84487027742,1621.77457713651,1848.31170410079,1009.61458454698,1118.06301484511,1399.83767884461,1023.32910558688,1421.01847774015,2087.59528174694,1793.56980408474,1567.27245264771,1949.28364127447,1738.08503543211,956.12017731775,1677.92512685274,1328.97489364046,1355.84185894248,1254.69494990124,1314.30113223769,1413.53715836482,1220.7689720886,1335.46140887604
1177.98487745007,1922.79097301834,1400.61198670987,1594.84487027742,1621.77457713651,1848.31170410079,1009.61458454698,1118.06301484511,1399.83767884461,1023.32910558688,1421.01847774015,2087.59528174694,1793.56980408474,1567.27245264771,1949.28364127447,1738.08503543211,956.12017731775,1677.92512685274,1328.97489364046,1355.84185894248,1254.69494990124,1314.30113223769,1413.53715836482,1220.7689720886,1335.46140887604
1177.98487745007,1922.79097301834,1400.61198670987,1594.84487027742,1621.77457713651,1848.31170410079,1009.61458454698,1118.06301484511,1399.83767884461,1023.32910558688,1421.01847774015,2087.59528174694,1793.56980408474,1567.27245264771,1949.28364127447,1738.08503543211,956.12017731775,1677.92512685274,1328.97489364046,1355.84185894248,1254.69494990124,1314.30113223769,1413.53715836482,1220.7689720886,1335.46140887604
1177.98487745007,1922.79097301834,1400.61198670987,1594.84487027742,1621.77457713651,1848.31170410079,1009.61458454698,1118.06301484511,1399.83767884461,1023.32910558688,1421.01847774015,2087.59528174694,1793.56980408474,1567.27245264771,1949.28364127447,1738.08503543211,956.12017731775,1677.92512685274,1328.97489364046,1355.84185894248,1254.69494990124,1314.30113223769,1413.53715836482,1220.7689720886,1335.46140887604
1177.98487745007,1922.79097301834,1400.61198670987,1594.84487027742,1621.77457713651,1848.31170410079,1009.61458454698,1118.06301484511,1399.83767884461,1023.32910558688,1421.01847774015,2087.59528174694,1793.56980408474,1567.27245264771,1949.28364127447,1738.08503543211,956.12017731775,1677.92512685274,1328.97489364046,1355.84185894248,1254.69494990124,1314.30113223769,1413.53715836482,1220.7689720886,1335.46140887604
1177.98487745007,1922.79097301834,1400.61198670987,1594.84487027742,1621.77457713651,1848.31170410079,1009.61458454698,1118.06301484511,1399.83767884461,1023.32910558688,1421.01847774015,2087.59528174694,1793.56980408474,1567.27245264771,1949.28364127447,1738.08503543211,956.12017731775,1677.92512685274,1328.97489364046,1355.84185894248,1254.69494990124,1314.30113223769,1413.53715836482,1220.7689720886,1335.46140887604
1177.98487745007,1922.79097301834,1400.61198670987,1594.84487027742,1621.77457713651,1848.31170410079,1009.61458454698,1118.06301484511,1399.83767884461,1023.32910558688,1421.01847774015,2087.59528174694,1793.56980408474,1567.27245264771,1949.28364127447,1738.08503543211,956.12017731775,1677.92512685274,1328.97489364046,1355.84185894248,1254.69494990124,1314.30113223769,1413.53715836482,1220.7689720886,1335.46140887604
1177.98487745007,1922.79097301834,1400.61198670987,1594.84487027742,1621.77457713651,1848.31170410079,1009.61458454698,1118.06301484511,1399.83767884461,1023.32910558688,1421.01847774015,2087.59528174694,1793.56980408474,1567.27245264771,1949.28364127447,1738.08503543211,956.12017731775,1677.92512685274,1328.97489364046,1355.84185894248,1254.69494990124,1314.30113223769,1413.53715836482,1220.7689720886,1335.46140887604
1177.98487745007,1922.79097301834,1400.61198670987,1594.84487027742,1621.77457713651,1848.31170410079,1009.61458454698,1118.06301484511,1399.83767884461,1023.32910558688,1421.01847774015,2087.59528174694,1793.56980408474,1567.27245264771,1949.28364127447,1738.08503543211,956.12017731775,1677.92512685274,1328.97489364046,1355.84185894248,1254.69494990124,1314.30113223769,1413.53715836482,1220.7689720886,1335.46140887604
1177.98487745007,1922.79097301834,1400.61198670987,1594.84487027742,1621.77457713651,1848.31170410079,1009.61458454698,1118.06301484511,1399.83767884461,1023.32910558688,1421.01847774015,2087.59528174694,1793.56980408474,1567.27245264771,1949.28364127447,1738.08503543211,956.12017731775,1677.92512685274,1328.97489364046,1355.84185894248,1254.69494990124,1314.30113223769,1413.53715836482,1220.7689720886,1335.46140887604
1177.98487745007,1922.79097301834,1400.61198670987,1594.84487027742,1621.77457713651,1848.31170410079,1009.61458454698,1118.06301484511,1399.83767884461,1023.32910558688,1421.01847774015,2087.59528174694,1793.56980408474,1567.27245264771,1949.28364127447,1738.08503543211,956.12017731775,1677.92512685274,1328.97489364046,1355.84185894248,1254.69494990124,1314.30113223769,1413.53715836482,1220.7689720886,1335.46140887604
1177.98487745007,1922.79097301834,1400.61198670987,1594.84487027742,1621.77457713651,1848.31170410079,1009.61458454698,1118.06301484511,1399.83767884461,1023.32910558688,1421.01847774015,2087.59528174694,1793.56980408474,1567.27245264771,1949.28364127447,1738.08503543211,956.12017731775,1677.92512685274,1328.97489364046,1355.84185894248,1254.69494990124,1314.30113223769,1413.53715836482,1220.7689720886,1335.46140887604
1177.98487745007,1922.79097301834,1400.61198670987,1594.84487027742,1621.77457713651,1848.31170410079,1009.61458454698,1118.06301484511,1399.83767884461,1023.32910558688,1421.01847774015,2087.59528174694,1793.56980408474,1567.27245264771,1949.28364127447,1738.08503543211,956.12017731775,1677.92512685274,1328.97489364046,1355.84185894248,1254.69494990124,1314.30113223769,1413.53715836482,1220.7689720886,1335.46140887604
1177.98487745007,1922.79097301834,1400.61198670987,1594.84487027742,1621.77457713651,1848.31170410079,1009.61458454698,1118.06301484511,1399.83767884461,1023.32910558688,1421.01847774015,2087.59528174694,1793.56980408474,1567.27245264771,1949.28364127447,1738.08503543211,956.12017731775,1677.92512685274,1328.97489364046,1355.84185894248,1254.69494990124,1314.30113223769,1413.53715836482,1220.7689720886,1335.46140887604
1177.98487745007,1922.79097301834,1400.61198670987,1594.84487027742,1621.77457713651,1848.31170410079,1009.61458454698,1118.06301484511,1399.83767884461,1023.32910558688,1421.01847774015,2087.59528174694,1793.56980408474,1567.27245264771,1949.28364127447,1738.08503543211,956.12017731775,1677.92512685274,1328.97489364046,1355.84185894248,1254.69494990124,1314.30113223769,1413.53715836482,1220.7689720886,1335.46140887604
1177.98487745007,1922.79097301834,1400.61198670987,1594.84487027742,1621.77457713651,1848.31170410079,1009.61458454698,1118.06301484511,1399.83767884461,1023.32910558688,1421.01847774015,2087.59528174694,1793.56980408474,1567.27245264771,1949.28364127447,1738.08503543211,956.12017731775,1677.92512685274,1328.97489364046,1355.84185894248,1254.69494990124,1314.30113223769,1413.53715836482,1220.7689720886,1335.46140887604
1177.98487745007,1922.79097301834,1400.61198670987,1594.84487027742,1621.77457713651,1848.31170410079,1009.61458454698,1118.06301484511,1399.83767884461,1023.32910558688,1421.01847774015,2087.59528174694,1793.56980408474,1567.27245264771,1949.28364127447,1738.08503543211,956.12017731775,1677.92512685274,1328.97489364046,1355.84185894248,1254.69494990124,1314.30113223769,1413.53715836482,1220.7689720886,1335.46140887604
1177.98487745007,1922.79097301834,1400.61198670987,1594.84487027742,1621.77457713651,1848.31170410079,1009.61458454698,1118.06301484511,1399.83767884461,1023.32910558688,1421.01847774015,2087.59528174694,1793.56980408474,1567.27245264771,1949.28364127447,1738.08503543211,956.12017731775,1677.92512685274,1328.97489364046,1355.84185894248,1254.69494990124,1314.30113223769,1413.53715836482,1220.7689720886,1335.46140887604
1177.98487745007,1922.79097301834,1400.61198670987,1594.84487027742,1621.77457713651,1848.31170410079,1009.61458454698,1118.06301484511,1399.83767884461,1023.32910558688,1421.01847774015,2087.59528174694,1793.56980408474,1567.27245264771,1949.28364127447,1738.08503543211,956.12017731775,1677.92512685274,1328.97489364046,1355.84185894248,1254.69494990124,1314.30113223769,1413.53715836482,1220.7689720886,1335.46140887604
1177.98487745007,1922.79097301834,1400.61198670987,1594.84487027742,1621.77457713651,1848.31170410079,1009.61458454698,1118.06301484511,1399.83767884461,1023.32910558688,1421.01847774015,2087.59528174694,1793.56980408474,1567.27245264771,1949.28364127447,1738.08503543211,956.12017731775,1677.92512685274,1328.97489364046,1355.84185894248,1254.69494990124,1314.30113223769,1413.53715836482,1220.7689720886,1335.46140887604
1177.98487745007,1922.79097301834,1400.61198670987,1594.84487027742,1621.77457713651,1848.31170410079,1009.61458454698,1118.06301484511,1399.83767884461,1023.32910558688,1421.01847774015,2087.59528174694,1793.56980408474,1567.27245264771,1949.28364127447,1738.08503543211,956.12017731775,1677.92512685274,1328.97489364046,1355.84185894248,1254.69494990124,1314.30113223769,1413.53715836482,1220.7689720886,1335.46140887604
1177.98487745007,1922.79097301834,1400.61198670987,1594.84487027742,1621.77457713651,1848.31170410079,1009.61458454698,1118.06301484511,1399.83767884461,1023.32910558688,1421.01847774015,2087.59528174694,1793.56980408474,1567.27245264771,1949.28364127447,1738.08503543211,956.12017731775,1677.92512685274,1328.97489364046,1355.84185894248,1254.69494990124,1314.30113223769,1413.53715836482,1220.7689720886,1335.46140887604
1177.98487745007,1922.79097301834,1400.61198670987,1594.84487027742,1621.77457713651,1848.31170410079,1009.61458454698,1118.06301484511,1399.83767884461,1023.32910558688,1421.01847774015,2087.59528174694,1793.56980408474,1567.27245264771,1949.28364127447,1738.08503543211,956.12017731775,1677.92512685274,1328.97489364046,1355.84185894248,1254.69494990124,1314.30113223769,1413.53715836482,1220.7689720886,1335.46140887604
1177.98487745007,1922.79097301834,1400.61198670987,1594.84487027742,1621.77457713651,1848.31170410079,1009.61458454698,1118.06301484511,1399.83767884461,1023.32910558688,1421.01847774015,2087.59528174694,1793.56980408474,1567.27245264771,1949.28364127447,1738.08503543211,956.12017731775,1677.92512685274,1328.97489364046,1355.84185894248,1254.69494990124,1314.30113223769,1413.53715836482,1220.7689720886,1335.46140887604
1177.98487745007,1922.79097301834,1400.61198670987,1594.84487027742,1621.77457713651,1848.31170410079,1009.61458454698,1118.06301484511,1399.83767884461,1023.32910558688,1421.01847774015,2087.59528174694,1793.56980408474,1567.27245264771,1949.28364127447,1738.08503543211,956.12017731775,1677.92512685274,1328.97489364046,1355.84185894248,1254.69494990124,1314.30113223769,1413.53715836482,1220.7689720886,1335.46140887604
1177.98487745007,1922.79097301834,1400.61198670987,1594.84487027742,1621.77457713651,1848.31170410079,1009.61458454698,1118.06301484511,1399.83767884461,1023.32910558688,1421.01847774015,2087.59528174694,1793.56980408474,1567.27245264771,1949.28364127447,1738.08503543211,956.12017731775,1677.92512685274,1328.97489364046,1355.84185894248,1254.69494990124,1314.30113223769,1413.53715836482,1220.7689720886,1335.46140887604
1177.98487745007,1922.79097301834,1400.61198670987,1594.84487027742,1621.77457713651,1848.31170410079,1009.61458454698,1118.06301484511,1399.83767884461,1023.32910558688,1421.01847774015,2087.59528174694,1793.56980408474,1567.27245264771,1949.28364127447,1738.08503543211,956.12017731775,1677.92512685274,1328.97489364046,1355.84185894248,1254.69494990124,1314.30113223769,1413.53715836482,1220.7689720886,1335.46140887604
1177.98487745007,1922.79097301834,1400.61198670987,1594.84487027742,1621.77457713651,1848.31170410079,1009.61458454698,1118.06301484511,1399.83767884461,1023.32910558688,1421.01847774015,2087.59528174694,1793.56980408474,1567.27245264771,1949.28364127447,1738.08503543211,956.12017731775,1677.92512685274,1328.97489364046,1355.84185894248,1254.69494990124,1314.30113223769,1413.53715836482,1220.7689720886,1335.46140887604
1177.98487745007,1922.79097301834,1400.61198670987,1594.84487027742,1621.77457713651,1848.31170410079,1009.61458454698,1118.06301484511,1399.83767884461,1023.32910558688,1421.01847774015,2087.59528174694,1793.56980408474,1567.27245264771,1949.28364127447,1738.08503543211,956.12017731775,1677.92512685274,1328.97489364046,1355.84185894248,1254.69494990124,1314.30113223769,1413.53715836482,1220.7689720886,1335.46140887604
1177.98487745007,1922.79097301834,1400.61198670987,1594.84487027742,1621.77457713651,1848.31170410079,1009.61458454698,1118.06301484511,1399.83767884461,1023.32910558688,1421.01847774015,2087.59528174694,1793.56980408474,1567.27245264771,1949.28364127447,1738.08503543211,956.12017731775,1677.92512685274,1328.97489364046,1355.84185894248,1254.69494990124,1314.30113223769,1413.53715836482,1220.7689720886,1335.46140887604
1177.98487745007,1922.79097301834,1400.61198670987,1594.84487027742,1621.77457713651,1848.31170410079,1009.61458454698,1118.06301484511,1399.83767884461,1023.32910558688,1421.01847774015,2087.59528174694,1793.56980408474,1567.27245264771,1949.28364127447,1738.08503543211,956.12017731775,1677.92512685274,1328.97489364046,1355.84185894248,1254.69494990124,1314.30113223769,1413.53715836482,1220.7689720886,1335.46140887604
1177.98487745007,1922.79097301834,1400.61198670987,1594.84487027742,1621.77457713651,1848.31170410079,1009.61458454698,1118.06301484511,1399.83767884461,1023.32910558688,1421.01847774015,2087.59528174694,1793.56980408474,1567.27245264771,1949.28364127447,1738.08503543211,956.12017731775,1677.92512685274,1328.97489364046,1355.84185894248,1254.69494990124,1314.30113223769,1413.53715836482,1220.7689720886,1335.46140887604
1177.98487745007,1922.79097301834,1400.61198670987,1594.84487027742,1621.77457713651,1848.31170410079,1009.61458454698,1118.06301484511,1399.83767884461,1023.32910558688,1421.01847774015,2087.59528174694,1793.56980408474,1567.27245264771,1949.28364127447,1738.08503543211,956.12017731775,1677.92512685274,1328.97489364046,1355.84185894248,1254.69494990124,1314.30113223769,1413.53715836482,1220.7689720886,1335.46140887604
1177.98487745007,1922.79097301834,1400.61198670987,1594.84487027742,1621.77457713651,1848.31170410079,1009.61458454698,1118.06301484511,1399.83767884461,1023.32910558688,1421.01847774015,2087.59528174694,1793.56980408474,1567.27245264771,1949.28364127447,1738.08503543211,956.12017731775,1677.92512685274,1328.97489364046,1355.84185894248,1254.69494990124,1314.30113223769,1413.53715836482,1220.7689720886,1335.46140887604
1177.98487745007,1922.79097301834,1400.61198670987,1594.84487027742,1621.77457713651,1848.31170410079,1009.61458454698,1118.06301484511,1399.83767884461,1023.32910558688,1421.01847774015,2087.59528174694,1793.56980408474,1567.27245264771,1949.28364127447,1738.08503543211,956.12017731775,1677.92512685274,1328.97489364046,1355.84185894248,1254.69494990124,1314.30113223769,1413.53715836482,1220.7689720886,1335.46140887604
1177.98487745007,1922.79097301834,1400.61198670987,1594.84487027742,1621.77457713651,1848.31170410079,1009.61458454698,1118.06301484511,1399.83767884461,1023.32910558688,1421.01847774015,2087.59528174694,1793.56980408474,1567.27245264771,1949.28364127447,1738.08503543211,956.12017731775,1677.92512685274,1328.97489364046,1355.84185894248,1254.69494990124,1314.30113223769,1413.53715836482,1220.7689720886,1335.46140887604
1177.98487745007,1922.79097301834,1400.61198670987,1594.84487027742,1621.77457713651,1848.31170410079,1009.61458454698,1118.06301484511,1399.83767884461,1023.32910558688,1421.01847774015,2087.59528174694,1793.56980408474,1567.27245264771,1949.28364127447,1738.08503543211,956.12017731775,1677.92512685274,1328.97489364046,1355.84185894248,1254.69494990124,1314.30113223769,1413.53715836482,1220.7689720886,1335.46140887604
1177.98487745007,1922.79097301834,1400.61198670987,1594.84487027742,1621.77457713651,1848.31170410079,1009.61458454698,1118.06301484511,1399.83767884461,1023.32910558688,1421.01847774015,2087.59528174694,1793.56980408474,1567.27245264771,1949.28364127447,1738.08503543211,956.12017731775,1677.92512685274,1328.97489364046,1355.84185894248,1254.69494990124,1314.30113223769,1413.53715836482,1220.7689720886,1335.46140887604
1177.98487745007,1922.79097301834,1400.61198670987,1594.84487027742,1621.77457713651,1848.31170410079,1009.61458454698,1118.06301484511,1399.83767884461,1023.32910558688,1421.01847774015,2087.59528174694,1793.56980408474,1567.27245264771,1949.28364127447,1738.08503543211,956.12017731775,1677.92512685274,1328.97489364046,1355.84185894248,1254.69494990124,1314.30113223769,1413.53715836482,1220.7689720886,1335.46140887604
1177.98487745007,1922.79097301834,1400.61198670987,1594.84487027742,1621.77457713651,1848.31170410079,1009.61458454698,1118.06301484511,1399.83767884461,1023.32910558688,1421.01847774015,2087.59528174694,1793.56980408474,1567.27245264771,1949.28364127447,1738.08503543211,956.12017731775,1677.92512685274,1328.97489364046,1355.84185894248,1254.69494990124,1314.30113223769,1413.53715836482,1220.7689720886,1335.46140887604
1177.98487745007,1922.79097301834,1400.61198670987,1594.84487027742,1621.77457713651,1848.31170410079,1009.61458454698,1118.06301484511,1399.83767884461,1023.32910558688,1421.01847774015,2087.59528174694,1793.56980408474,1567.27245264771,1949.28364127447,1738.08503543211,956.12017731775,1677.92512685274,1328.97489364046,1355.84185894248,1254.69494990124,1314.30113223769,1413.53715836482,1220.7689720886,1335.46140887604
1177.98487745007,1922.79097301834,1400.61198670987,1594.84487027742,1621.77457713651,1848.31170410079,1009.61458454698,1118.06301484511,1399.83767884461,1023.32910558688,1421.01847774015,2087.59528174694,1793.56980408474,1567.27245264771,1949.28364127447,1738.08503543211,956.12017731775,1677.92512685274,1328.97489364046,1355.84185894248,1254.69494990124,1314.30113223769,1413.53715836482,1220.7689720886,1335.46140887604
1177.98487745007,1922.79097301834,1400.61198670987,1594.84487027742,1621.77457713651,1848.31170410079,1009.61458454698,1118.06301484511,1399.83767884461,1023.32910558688,1421.01847774015,2087.59528174694,1793.56980408474,1567.27245264771,1949.28364127447,1738.08503543211,956.12017731775,1677.92512685274,1328.97489364046,1355.84185894248,1254.69494990124,1314.30113223769,1413.53715836482,1220.7689720886,1335.46140887604
1177.98487745007,1922.79097301834,1400.61198670987,1594.84487027742,1621.77457713651,1848.31170410079,1009.61458454698,1118.06301484511,1399.83767884461,1023.32910558688,1421.01847774015,2087.59528174694,1793.56980408474,1567.27245264771,1949.28364127447,1738.08503543211,956.12017731775,1677.92512685274,1328.97489364046,1355.84185894248,1254.69494990124,1314.30113223769,1413.53715836482,1220.7689720886,1335.46140887604
1177.98487745007,1922.79097301834,1400.61198670987,1594.84487027742,1621.77457713651,1848.31170410079,1009.61458454698,1118.06301484511,1399.83767884461,1023.32910558688,1421.01847774015,2087.59528174694,1793.56980408474,1567.27245264771,1949.28364127447,1738.08503543211,956.12017731775,1677.92512685274,1328.97489364046,1355.84185894248,1254.69494990124,1314.30113223769,1413.53715836482,1220.7689720886,1335.46140887604
1177.98487745007,1922.79097301834,1400.61198670987,1594.84487027742,1621.77457713651,1848.31170410079,1009.61458454698,1118.06301484511,1399.83767884461,1023.32910558688,1421.01847774015,2087.59528174694,1793.56980408474,1567.27245264771,1949.28364127447,1738.08503543211,956.12017731775,1677.92512685274,1328.97489364046,1355.84185894248,1254.69494990124,1314.30113223769,1413.53715836482,1220.7689720886,1335.46140887604
1177.98487745007,1922.79097301834,1400.61198670987,1594.84487027742,1621.77457713651,1848.31170410079,1009.61458454698,1118.06301484511,1399.83767884461,1023.32910558688,1421.01847774015,2087.59528174694,1793.56980408474,1567.27245264771,1949.28364127447,1738.08503543211,956.12017731775,1677.92512685274,1328.97489364046,1355.84185894248,1254.69494990124,1314.30113223769,1413.53715836482,1220.7689720886,1335.46140887604
1177.98487745007,1922.79097301834,1400.61198670987,1594.84487027742,1621.77457713651,1848.31170410079,1009.61458454698,1118.06301484511,1399.83767884461,1023.32910558688,1421.01847774015,2087.59528174694,1793.56980408474,1567.27245264771,1949.28364127447,1738.08503543211,956.12017731775,1677.92512685274,1328.97489364046,1355.84185894248,1254.69494990124,1314.30113223769,1413.53715836482,1220.7689720886,1335.46140887604
1177.98487745007,1922.79097301834,1400.61198670987,1594.84487027742,1621.77457713651,1848.31170410079,1009.61458454698,1118.06301484511,1399.83767884461,1023.32910558688,1421.01847774015,2087.59528174694,1793.56980408474,1567.27245264771,1949.28364127447,1738.08503543211,956.12017731775,1677.92512685274,1328.97489364046,1355.84185894248,1254.69494990124,1314.30113223769,1413.53715836482,1220.7689720886,1335.46140887604
1177.98487745007,1922.79097301834,1400.61198670987,1594.84487027742,1621.77457713651,1848.31170410079,1009.61458454698,1118.06301484511,1399.83767884461,1023.32910558688,1421.01847774015,2087.59528174694,1793.56980408474,1567.27245264771,1949.28364127447,1738.08503543211,956.12017731775,1677.92512685274,1328.97489364046,1355.84185894248,1254.69494990124,1314.30113223769,1413.53715836482,1220.7689720886,1335.46140887604
1177.98487745007,1922.79097301834,1400.61198670987,1594.84487027742,1621.77457713651,1848.31170410079,1009.61458454698,1118.06301484511,1399.83767884461,1023.32910558688,1421.01847774015,2087.59528174694,1793.56980408474,1567.27245264771,1949.28364127447,1738.08503543211,956.12017731775,1677.92512685274,1328.97489364046,1355.84185894248,1254.69494990124,1314.30113223769,1413.53715836482,1220.7689720886,1335.46140887604
1177.98487745007,1922.79097301834,1400.61198670987,1594.84487027742,1621.77457713651,1848.31170410079,1009.61458454698,1118.06301484511,1399.83767884461,1023.32910558688,1421.01847774015,2087.59528174694,1793.56980408474,1567.27245264771,1949.28364127447,1738.08503543211,956.12017731775,1677.92512685274,1328.97489364046,1355.84185894248,1254.69494990124,1314.30113223769,1413.53715836482,1220.7689720886,1335.46140887604
1177.98487745007,1922.79097301834,1400.61198670987,1594.84487027742,1621.77457713651,1848.31170410079,1009.61458454698,1118.06301484511,1399.83767884461,1023.32910558688,1421.01847774015,2087.59528174694,1793.56980408474,1567.27245264771,1949.28364127447,1738.08503543211,956.12017731775,1677.92512685274,1328.97489364046,1355.84185894248,1254.69494990124,1314.30113223769,1413.53715836482,1220.7689720886,1335.46140887604
1177.98487745007,1922.79097301834,1400.61198670987,1594.84487027742,1621.77457713651,1848.31170410079,1009.61458454698,1118.06301484511,1399.83767884461,1023.32910558688,1421.01847774015,2087.59528174694,1793.56980408474,1567.27245264771,1949.28364127447,1738.08503543211,956.12017731775,1677.92512685274,1328.97489364046,1355.84185894248,1254.69494990124,1314.30113223769,1413.53715836482,1220.7689720886,1335.46140887604
1177.98487745007,1922.79097301834,1400.61198670987,1594.84487027742,1621.77457713651,1848.31170410079,1009.61458454698,1118.06301484511,1399.83767884461,1023.32910558688,1421.01847774015,2087.59528174694,1793.56980408474,1567.27245264771,1949.28364127447,1738.08503543211,956.12017731775,1677.92512685274,1328.97489364046,1355.84185894248,1254.69494990124,1314.30113223769,1413.53715836482,1220.7689720886,1335.46140887604
1177.98487745007,1922.79097301834,1400.61198670987,1594.84487027742,1621.77457713651,1848.31170410079,1009.61458454698,1118.06301484511,1399.83767884461,1023.32910558688,1421.01847774015,2087.59528174694,1793.56980408474,1567.27245264771,1949.28364127447,1738.08503543211,956.12017731775,1677.92512685274,1328.97489364046,1355.84185894248,1254.69494990124,1314.30113223769,1413.53715836482,1220.7689720886,1335.46140887604
1177.98487745007,1922.79097301834,1400.61198670987,1594.84487027742,1621.77457713651,1848.31170410079,1009.61458454698,1118.06301484511,1399.83767884461,1023.32910558688,1421.01847774015,2087.59528174694,1793.56980408474,1567.27245264771,1949.28364127447,1738.08503543211,956.12017731775,1677.92512685274,1328.97489364046,1355.84185894248,1254.69494990124,1314.30113223769,1413.53715836482,1220.7689720886,1335.46140887604
1177.98487745007,1922.79097301834,1400.61198670987,1594.84487027742,1621.77457713651,1848.31170410079,1009.61458454698,1118.06301484511,1399.83767884461,1023.32910558688,1421.01847774015,2087.59528174694,1793.56980408474,1567.27245264771,1949.28364127447,1738.08503543211,956.12017731775,1677.92512685274,1328.97489364046,1355.84185894248,1254.69494990124,1314.30113223769,1413.53715836482,1220.7689720886,1335.46140887604
1177.98487745007,1922.79097301834,1400.61198670987,1594.84487027742,1621.77457713651,1848.31170410079,1009.61458454698,1118.06301484511,1399.83767884461,1023.32910558688,1421.01847774015,2087.59528174694,1793.56980408474,1567.27245264771,1949.28364127447,1738.08503543211,956.12017731775,1677.92512685274,1328.97489364046,1355.84185894248,1254.69494990124,1314.30113223769,1413.53715836482,1220.7689720886,1335.46140887604
1177.98487745007,1922.79097301834,1400.61198670987,1594.84487027742,1621.77457713651,1848.31170410079,1009.61458454698,1118.06301484511,1399.83767884461,1023.32910558688,1421.01847774015,2087.59528174694,1793.56980408474,1567.27245264771,1949.28364127447,1738.08503543211,956.12017731775,1677.92512685274,1328.97489364046,1355.84185894248,1254.69494990124,1314.30113223769,1413.53715836482,1220.7689720886,1335.46140887604
1177.98487745007,1922.79097301834,1400.61198670987,1594.84487027742,1621.77457713651,1848.31170410079,1009.61458454698,1118.06301484511,1399.83767884461,1023.32910558688,1421.01847774015,2087.59528174694,1793.56980408474,1567.27245264771,1949.28364127447,1738.08503543211,956.12017731775,1677.92512685274,1328.97489364046,1355.84185894248,1254.69494990124,1314.30113223769,1413.53715836482,1220.7689720886,1335.46140887604
1177.98487745007,1922.79097301834,1400.61198670987,1594.84487027742,1621.77457713651,1848.31170410079,1009.61458454698,1118.06301484511,1399.83767884461,1023.32910558688,1421.01847774015,2087.59528174694,1793.56980408474,1567.27245264771,1949.28364127447,1738.08503543211,956.12017731775,1677.92512685274,1328.97489364046,1355.84185894248,1254.69494990124,1314.30113223769,1413.53715836482,1220.7689720886,1335.46140887604
1177.98487745007,1922.79097301834,1400.61198670987,1594.84487027742,1621.77457713651,1848.31170410079,1009.61458454698,1118.06301484511,1399.83767884461,1023.32910558688,1421.01847774015,2087.59528174694,1793.56980408474,1567.27245264771,1949.28364127447,1738.08503543211,956.12017731775,1677.92512685274,1328.97489364046,1355.84185894248,1254.69494990124,1314.30113223769,1413.53715836482,1220.7689720886,1335.46140887604
1177.98487745007,1922.79097301834,1400.61198670987,1594.84487027742,1621.77457713651,1848.31170410079,1009.61458454698,1118.06301484511,1399.83767884461,1023.32910558688,1421.01847774015,2087.59528174694,1793.56980408474,1567.27245264771,1949.28364127447,1738.08503543211,956.12017731775,1677.92512685274,1328.97489364046,1355.84185894248,1254.69494990124,1314.30113223769,1413.53715836482,1220.7689720886,1335.46140887604
1177.98487745007,1922.79097301834,1400.61198670987,1594.84487027742,1621.77457713651,1848.31170410079,1009.61458454698,1118.06301484511,1399.83767884461,1023.32910558688,1421.01847774015,2087.59528174694,1793.56980408474,1567.27245264771,1949.28364127447,1738.08503543211,956.12017731775,1677.92512685274,1328.97489364046,1355.84185894248,1254.69494990124,1314.30113223769,1413.53715836482,1220.7689720886,1335.46140887604
1177.98487745007,1922.79097301834,1400.61198670987,1594.84487027742,1621.77457713651,1848.31170410079,1009.61458454698,1118.06301484511,1399.83767884461,1023.32910558688,1421.01847774015,2087.59528174694,1793.56980408474,1567.27245264771,1949.28364127447,1738.08503543211,956.12017731775,1677.92512685274,1328.97489364046,1355.84185894248,1254.69494990124,1314.30113223769,1413.53715836482,1220.7689720886,1335.46140887604
1177.98487745007,1922.79097301834,1400.61198670987,1594.84487027742,1621.77457713651,1848.31170410079,1009.61458454698,1118.06301484511,1399.83767884461,1023.32910558688,1421.01847774015,2087.59528174694,1793.56980408474,1567.27245264771,1949.28364127447,1738.08503543211,956.12017731775,1677.92512685274,1328.97489364046,1355.84185894248,1254.69494990124,1314.30113223769,1413.53715836482,1220.7689720886,1335.46140887604
1177.98487745007,1922.79097301834,1400.61198670987,1594.84487027742,1621.77457713651,1848.31170410079,1009.61458454698,1118.06301484511,1399.83767884461,1023.32910558688,1421.01847774015,2087.59528174694,1793.56980408474,1567.27245264771,1949.28364127447,1738.08503543211,956.12017731775,1677.92512685274,1328.97489364046,1355.84185894248,1254.69494990124,1314.30113223769,1413.53715836482,1220.7689720886,1335.46140887604
1177.98487745007,1922.79097301834,1400.61198670987,1594.84487027742,1621.77457713651,1848.31170410079,1009.61458454698,1118.06301484511,1399.83767884461,1023.32910558688,1421.01847774015,2087.59528174694,1793.56980408474,1567.27245264771,1949.28364127447,1738.08503543211,956.12017731775,1677.92512685274,1328.97489364046,1355.84185894248,1254.69494990124,1314.30113223769,1413.53715836482,1220.7689720886,1335.46140887604
1177.98487745007,1922.79097301834,1400.61198670987,1594.84487027742,1621.77457713651,1848.31170410079,1009.61458454698,1118.06301484511,1399.83767884461,1023.32910558688,1421.01847774015,2087.59528174694,1793.56980408474,1567.27245264771,1949.28364127447,1738.08503543211,956.12017731775,1677.92512685274,1328.97489364046,1355.84185894248,1254.69494990124,1314.30113223769,1413.53715836482,1220.7689720886,1335.46140887604
1177.98487745007,1922.79097301834,1400.61198670987,1594.84487027742,1621.77457713651,1848.31170410079,1009.61458454698,1118.06301484511,1399.83767884461,1023.32910558688,1421.01847774015,2087.59528174694,1793.56980408474,1567.27245264771,1949.28364127447,1738.08503543211,956.12017731775,1677.92512685274,1328.97489364046,1355.84185894248,1254.69494990124,1314.30113223769,1413.53715836482,1220.7689720886,1335.46140887604
1177.98487745007,1922.79097301834,1400.61198670987,1594.84487027742,1621.77457713651,1848.31170410079,1009.61458454698,1118.06301484511,1399.83767884461,1023.32910558688,1421.01847774015,2087.59528174694,1793.56980408474,1567.27245264771,1949.28364127447,1738.08503543211,956.12017731775,1677.92512685274,1328.97489364046,1355.84185894248,1254.69494990124,1314.30113223769,1413.53715836482,1220.7689720886,1335.46140887604
1177.98487745007,1922.79097301834,1400.61198670987,1594.84487027742,1621.77457713651,1848.31170410079,1009.61458454698,1118.06301484511,1399.83767884461,1023.32910558688,1421.01847774015,2087.59528174694,1793.56980408474,1567.27245264771,1949.28364127447,1738.08503543211,956.12017731775,1677.92512685274,1328.97489364046,1355.84185894248,1254.69494990124,1314.30113223769,1413.53715836482,1220.7689720886,1335.46140887604
1177.98487745007,1922.79097301834,1400.61198670987,1594.84487027742,1621.77457713651,1848.31170410079,1009.61458454698,1118.06301484511,1399.83767884461,1023.32910558688,1421.01847774015,2087.59528174694,1793.56980408474,1567.27245264771,1949.28364127447,1738.08503543211,956.12017731775,1677.92512685274,1328.97489364046,1355.84185894248,1254.69494990124,1314.30113223769,1413.53715836482,1220.7689720886,1335.46140887604
1177.98487745007,1922.79097301834,1400.61198670987,1594.84487027742,1621.77457713651,1848.31170410079,1009.61458454698,1118.06301484511,1399.83767884461,1023.32910558688,1421.01847774015,2087.59528174694,1793.56980408474,1567.27245264771,1949.28364127447,1738.08503543211,956.12017731775,1677.92512685274,1328.97489364046,1355.84185894248,1254.69494990124,1314.30113223769,1413.53715836482,1220.7689720886,1335.46140887604
1177.98487745007,1922.79097301834,1400.61198670987,1594.84487027742,1621.77457713651,1848.31170410079,1009.61458454698,1118.06301484511,1399.83767884461,1023.32910558688,1421.01847774015,2087.59528174694,1793.56980408474,1567.27245264771,1949.28364127447,1738.08503543211,956.12017731775,1677.92512685274,1328.97489364046,1355.84185894248,1254.69494990124,1314.30113223769,1413.53715836482,1220.7689720886,1335.46140887604
1177.98487745007,1922.79097301834,1400.61198670987,1594.84487027742,1621.77457713651,1848.31170410079,1009.61458454698,1118.06301484511,1399.83767884461,1023.32910558688,1421.01847774015,2087.59528174694,1793.56980408474,1567.27245264771,1949.28364127447,1738.08503543211,956.12017731775,1677.92512685274,1328.97489364046,1355.84185894248,1254.69494990124,1314.30113223769,1413.53715836482,1220.7689720886,1335.46140887604
1177.98487745007,1922.79097301834,1400.61198670987,1594.84487027742,1621.77457713651,1848.31170410079,1009.61458454698,1118.06301484511,1399.83767884461,1023.32910558688,1421.01847774015,2087.59528174694,1793.56980408474,1567.27245264771,1949.28364127447,1738.08503543211,956.12017731775,1677.92512685274,1328.97489364046,1355.84185894248,1254.69494990124,1314.30113223769,1413.53715836482,1220.7689720886,1335.46140887604
1177.98487745007,1922.79097301834,1400.61198670987,1594.84487027742,1621.77457713651,1848.31170410079,1009.61458454698,1118.06301484511,1399.83767884461,1023.32910558688,1421.01847774015,2087.59528174694,1793.56980408474,1567.27245264771,1949.28364127447,1738.08503543211,956.12017731775,1677.92512685274,1328.97489364046,1355.84185894248,1254.69494990124,1314.30113223769,1413.53715836482,1220.7689720886,1335.46140887604
1177.98487745007,1922.79097301834,1400.61198670987,1594.84487027742,1621.77457713651,1848.31170410079,1009.61458454698,1118.06301484511,1399.83767884461,1023.32910558688,1421.01847774015,2087.59528174694,1793.56980408474,1567.27245264771,1949.28364127447,1738.08503543211,956.12017731775,1677.92512685274,1328.97489364046,1355.84185894248,1254.69494990124,1314.30113223769,1413.53715836482,1220.7689720886,1335.46140887604
1177.98487745007,1922.79097301834,1400.61198670987,1594.84487027742,1621.77457713651,1848.31170410079,1009.61458454698,1118.06301484511,1399.83767884461,1023.32910558688,1421.01847774015,2087.59528174694,1793.56980408474,1567.27245264771,1949.28364127447,1738.08503543211,956.12017731775,1677.92512685274,1328.97489364046,1355.84185894248,1254.69494990124,1314.30113223769,1413.53715836482,1220.7689720886,1335.46140887604
1177.98487745007,1922.79097301834,1400.61198670987,1594.84487027742,1621.77457713651,1848.31170410079,1009.61458454698,1118.06301484511,1399.83767884461,1023.32910558688,1421.01847774015,2087.59528174694,1793.56980408474,1567.27245264771,1949.28364127447,1738.08503543211,956.12017731775,1677.92512685274,1328.97489364046,1355.84185894248,1254.69494990124,1314.30113223769,1413.53715836482,1220.7689720886,1335.46140887604
1177.98487745007,1922.79097301834,1400.61198670987,1594.84487027742,1621.77457713651,1848.31170410079,1009.61458454698,1118.06301484511,1399.83767884461,1023.32910558688,1421.01847774015,2087.59528174694,1793.56980408474,1567.27245264771,1949.28364127447,1738.08503543211,956.12017731775,1677.92512685274,1328.97489364046,1355.84185894248,1254.69494990124,1314.30113223769,1413.53715836482,1220.7689720886,1335.46140887604
1177.98487745007,1922.79097301834,1400.61198670987,1594.84487027742,1621.77457713651,1848.31170410079,1009.61458454698,1118.06301484511,1399.83767884461,1023.32910558688,1421.01847774015,2087.59528174694,1793.56980408474,1567.27245264771,1949.28364127447,1738.08503543211,956.12017731775,1677.92512685274,1328.97489364046,1355.84185894248,1254.69494990124,1314.30113223769,1413.53715836482,1220.7689720886,1335.46140887604
1177.98487745007,1922.79097301834,1400.61198670987,1594.84487027742,1621.77457713651,1848.31170410079,1009.61458454698,1118.06301484511,1399.83767884461,1023.32910558688,1421.01847774015,2087.59528174694,1793.56980408474,1567.27245264771,1949.28364127447,1738.08503543211,956.12017731775,1677.92512685274,1328.97489364046,1355.84185894248,1254.69494990124,1314.30113223769,1413.53715836482,1220.7689720886,1335.46140887604
1177.98487745007,1922.79097301834,1400.61198670987,1594.84487027742,1621.77457713651,1848.31170410079,1009.61458454698,1118.06301484511,1399.83767884461,1023.32910558688,1421.01847774015,2087.59528174694,1793.56980408474,1567.27245264771,1949.28364127447,1738.08503543211,956.12017731775,1677.92512685274,1328.97489364046,1355.84185894248,1254.69494990124,1314.30113223769,1413.53715836482,1220.7689720886,1335.46140887604
1177.98487745007,1922.79097301834,1400.61198670987,1594.84487027742,1621.77457713651,1848.31170410079,1009.61458454698,1118.06301484511,1399.83767884461,1023.32910558688,1421.01847774015,2087.59528174694,1793.56980408474,1567.27245264771,1949.28364127447,1738.08503543211,956.12017731775,1677.92512685274,1328.97489364046,1355.84185894248,1254.69494990124,1314.30113223769,1413.53715836482,1220.7689720886,1335.46140887604
1177.98487745007,1922.79097301834,1400.61198670987,1594.84487027742,1621.77457713651,1848.31170410079,1009.61458454698,1118.06301484511,1399.83767884461,1023.32910558688,1421.01847774015,2087.59528174694,1793.56980408474,1567.27245264771,1949.28364127447,1738.08503543211,956.12017731775,1677.92512685274,1328.97489364046,1355.84185894248,1254.69494990124,1314.30113223769,1413.53715836482,1220.7689720886,1335.46140887604
1177.98487745007,1922.79097301834,1400.61198670987,1594.84487027742,1621.77457713651,1848.31170410079,1009.61458454698,1118.06301484511,1399.83767884461,1023.32910558688,1421.01847774015,2087.59528174694,1793.56980408474,1567.27245264771,1949.28364127447,1738.08503543211,956.12017731775,1677.92512685274,1328.97489364046,1355.84185894248,1254.69494990124,1314.30113223769,1413.53715836482,1220.7689720886,1335.46140887604
1177.98487745007,1922.79097301834,1400.61198670987,1594.84487027742,1621.77457713651,1848.31170410079,1009.61458454698,1118.06301484511,1399.83767884461,1023.32910558688,1421.01847774015,2087.59528174694,1793.56980408474,1567.27245264771,1949.28364127447,1738.08503543211,956.12017731775,1677.92512685274,1328.97489364046,1355.84185894248,1254.69494990124,1314.30113223769,1413.53715836482,1220.7689720886,1335.46140887604
1177.98487745007,1922.79097301834,1400.61198670987,1594.84487027742,1621.77457713651,1848.31170410079,1009.61458454698,1118.06301484511,1399.83767884461,1023.32910558688,1421.01847774015,2087.59528174694,1793.56980408474,1567.27245264771,1949.28364127447,1738.08503543211,956.12017731775,1677.92512685274,1328.97489364046,1355.84185894248,1254.69494990124,1314.30113223769,1413.53715836482,1220.7689720886,1335.46140887604
1177.98487745007,1922.79097301834,1400.61198670987,1594.84487027742,1621.77457713651,1848.31170410079,1009.61458454698,1118.06301484511,1399.83767884461,1023.32910558688,1421.01847774015,2087.59528174694,1793.56980408474,1567.27245264771,1949.28364127447,1738.08503543211,956.12017731775,1677.92512685274,1328.97489364046,1355.84185894248,1254.69494990124,1314.30113223769,1413.53715836482,1220.7689720886,1335.46140887604
1177.98487745007,1922.79097301834,1400.61198670987,1594.84487027742,1621.77457713651,1848.31170410079,1009.61458454698,1118.06301484511,1399.83767884461,1023.32910558688,1421.01847774015,2087.59528174694,1793.56980408474,1567.27245264771,1949.28364127447,1738.08503543211,956.12017731775,1677.92512685274,1328.97489364046,1355.84185894248,1254.69494990124,1314.30113223769,1413.53715836482,1220.7689720886,1335.46140887604
1177.98487745007,1922.79097301834,1400.61198670987,1594.84487027742,1621.77457713651,1848.31170410079,1009.61458454698,1118.06301484511,1399.83767884461,1023.32910558688,1421.01847774015,2087.59528174694,1793.56980408474,1567.27245264771,1949.28364127447,1738.08503543211,956.12017731775,1677.92512685274,1328.97489364046,1355.84185894248,1254.69494990124,1314.30113223769,1413.53715836482,1220.7689720886,1335.46140887604
1177.98487745007,1922.79097301834,1400.61198670987,1594.84487027742,1621.77457713651,1848.31170410079,1009.61458454698,1118.06301484511,1399.83767884461,1023.32910558688,1421.01847774015,2087.59528174694,1793.56980408474,1567.27245264771,1949.28364127447,1738.08503543211,956.12017731775,1677.92512685274,1328.97489364046,1355.84185894248,1254.69494990124,1314.30113223769,1413.53715836482,1220.7689720886,1335.46140887604
1177.98487745007,1922.79097301834,1400.61198670987,1594.84487027742,1621.77457713651,1848.31170410079,1009.61458454698,1118.06301484511,1399.83767884461,1023.32910558688,1421.01847774015,2087.59528174694,1793.56980408474,1567.27245264771,1949.28364127447,1738.08503543211,956.12017731775,1677.92512685274,1328.97489364046,1355.84185894248,1254.69494990124,1314.30113223769,1413.53715836482,1220.7689720886,1335.46140887604
1177.98487745007,1922.79097301834,1400.61198670987,1594.84487027742,1621.77457713651,1848.31170410079,1009.61458454698,1118.06301484511,1399.83767884461,1023.32910558688,1421.01847774015,2087.59528174694,1793.56980408474,1567.27245264771,1949.28364127447,1738.08503543211,956.12017731775,1677.92512685274,1328.97489364046,1355.84185894248,1254.69494990124,1314.30113223769,1413.53715836482,1220.7689720886,1335.46140887604
1177.98487745007,1922.79097301834,1400.61198670987,1594.84487027742,1621.77457713651,1848.31170410079,1009.61458454698,1118.06301484511,1399.83767884461,1023.32910558688,1421.01847774015,2087.59528174694,1793.56980408474,1567.27245264771,1949.28364127447,1738.08503543211,956.12017731775,1677.92512685274,1328.97489364046,1355.84185894248,1254.69494990124,1314.30113223769,1413.53715836482,1220.7689720886,1335.46140887604
1177.98487745007,1922.79097301834,1400.61198670987,1594.84487027742,1621.77457713651,1848.31170410079,1009.61458454698,1118.06301484511,1399.83767884461,1023.32910558688,1421.01847774015,2087.59528174694,1793.56980408474,1567.27245264771,1949.28364127447,1738.08503543211,956.12017731775,1677.92512685274,1328.97489364046,1355.84185894248,1254.69494990124,1314.30113223769,1413.53715836482,1220.7689720886,1335.46140887604
1177.98487745007,1922.79097301834,1400.61198670987,1594.84487027742,1621.77457713651,1848.31170410079,1009.61458454698,1118.06301484511,1399.83767884461,1023.32910558688,1421.01847774015,2087.59528174694,1793.56980408474,1567.27245264771,1949.28364127447,1738.08503543211,956.12017731775,1677.92512685274,1328.97489364046,1355.84185894248,1254.69494990124,1314.30113223769,1413.53715836482,1220.7689720886,1335.46140887604
1177.98487745007,1922.79097301834,1400.61198670987,1594.84487027742,1621.77457713651,1848.31170410079,1009.61458454698,1118.06301484511,1399.83767884461,1023.32910558688,1421.01847774015,2087.59528174694,1793.56980408474,1567.27245264771,1949.28364127447,1738.08503543211,956.12017731775,1677.92512685274,1328.97489364046,1355.84185894248,1254.69494990124,1314.30113223769,1413.53715836482,1220.7689720886,1335.46140887604
1177.98487745007,1922.79097301834,1400.61198670987,1594.84487027742,1621.77457713651,1848.31170410079,1009.61458454698,1118.06301484511,1399.83767884461,1023.32910558688,1421.01847774015,2087.59528174694,1793.56980408474,1567.27245264771,1949.28364127447,1738.08503543211,956.12017731775,1677.92512685274,1328.97489364046,1355.84185894248,1254.69494990124,1314.30113223769,1413.53715836482,1220.7689720886,1335.46140887604
1177.98487745007,1922.79097301834,1400.61198670987,1594.84487027742,1621.77457713651,1848.31170410079,1009.61458454698,1118.06301484511,1399.83767884461,1023.32910558688,1421.01847774015,2087.59528174694,1793.56980408474,1567.27245264771,1949.28364127447,1738.08503543211,956.12017731775,1677.92512685274,1328.97489364046,1355.84185894248,1254.69494990124,1314.30113223769,1413.53715836482,1220.7689720886,1335.46140887604
1177.98487745007,1922.79097301834,1400.61198670987,1594.84487027742,1621.77457713651,1848.31170410079,1009.61458454698,1118.06301484511,1399.83767884461,1023.32910558688,1421.01847774015,2087.59528174694,1793.56980408474,1567.27245264771,1949.28364127447,1738.08503543211,956.12017731775,1677.92512685274,1328.97489364046,1355.84185894248,1254.69494990124,1314.30113223769,1413.53715836482,1220.7689720886,1335.46140887604
1177.98487745007,1922.79097301834,1400.61198670987,1594.84487027742,1621.77457713651,1848.31170410079,1009.61458454698,1118.06301484511,1399.83767884461,1023.32910558688,1421.01847774015,2087.59528174694,1793.56980408474,1567.27245264771,1949.28364127447,1738.08503543211,956.12017731775,1677.92512685274,1328.97489364046,1355.84185894248,1254.69494990124,1314.30113223769,1413.53715836482,1220.7689720886,1335.46140887604
1177.98487745007,1922.79097301834,1400.61198670987,1594.84487027742,1621.77457713651,1848.31170410079,1009.61458454698,1118.06301484511,1399.83767884461,1023.32910558688,1421.01847774015,2087.59528174694,1793.56980408474,1567.27245264771,1949.28364127447,1738.08503543211,956.12017731775,1677.92512685274,1328.97489364046,1355.84185894248,1254.69494990124,1314.30113223769,1413.53715836482,1220.7689720886,1335.46140887604
1177.98487745007,1922.79097301834,1400.61198670987,1594.84487027742,1621.77457713651,1848.31170410079,1009.61458454698,1118.06301484511,1399.83767884461,1023.32910558688,1421.01847774015,2087.59528174694,1793.56980408474,1567.27245264771,1949.28364127447,1738.08503543211,956.12017731775,1677.92512685274,1328.97489364046,1355.84185894248,1254.69494990124,1314.30113223769,1413.53715836482,1220.7689720886,1335.46140887604
1177.98487745007,1922.79097301834,1400.61198670987,1594.84487027742,1621.77457713651,1848.31170410079,1009.61458454698,1118.06301484511,1399.83767884461,1023.32910558688,1421.01847774015,2087.59528174694,1793.56980408474,1567.27245264771,1949.28364127447,1738.08503543211,956.12017731775,1677.92512685274,1328.97489364046,1355.84185894248,1254.69494990124,1314.30113223769,1413.53715836482,1220.7689720886,1335.46140887604
1177.98487745007,1922.79097301834,1400.61198670987,1594.84487027742,1621.77457713651,1848.31170410079,1009.61458454698,1118.06301484511,1399.83767884461,1023.32910558688,1421.01847774015,2087.59528174694,1793.56980408474,1567.27245264771,1949.28364127447,1738.08503543211,956.12017731775,1677.92512685274,1328.97489364046,1355.84185894248,1254.69494990124,1314.30113223769,1413.53715836482,1220.7689720886,1335.46140887604
1177.98487745007,1922.79097301834,1400.61198670987,1594.84487027742,1621.77457713651,1848.31170410079,1009.61458454698,1118.06301484511,1399.83767884461,1023.32910558688,1421.01847774015,2087.59528174694,1793.56980408474,1567.27245264771,1949.28364127447,1738.08503543211,956.12017731775,1677.92512685274,1328.97489364046,1355.84185894248,1254.69494990124,1314.30113223769,1413.53715836482,1220.7689720886,1335.46140887604
1177.98487745007,1922.79097301834,1400.61198670987,1594.84487027742,1621.77457713651,1848.31170410079,1009.61458454698,1118.06301484511,1399.83767884461,1023.32910558688,1421.01847774015,2087.59528174694,1793.56980408474,1567.27245264771,1949.28364127447,1738.08503543211,956.12017731775,1677.92512685274,1328.97489364046,1355.84185894248,1254.69494990124,1314.30113223769,1413.53715836482,1220.7689720886,1335.46140887604
1177.98487745007,1922.79097301834,1400.61198670987,1594.84487027742,1621.77457713651,1848.31170410079,1009.61458454698,1118.06301484511,1399.83767884461,1023.32910558688,1421.01847774015,2087.59528174694,1793.56980408474,1567.27245264771,1949.28364127447,1738.08503543211,956.12017731775,1677.92512685274,1328.97489364046,1355.84185894248,1254.69494990124,1314.30113223769,1413.53715836482,1220.7689720886,1335.46140887604
1177.98487745007,1922.79097301834,1400.61198670987,1594.84487027742,1621.77457713651,1848.31170410079,1009.61458454698,1118.06301484511,1399.83767884461,1023.32910558688,1421.01847774015,2087.59528174694,1793.56980408474,1567.27245264771,1949.28364127447,1738.08503543211,956.12017731775,1677.92512685274,1328.97489364046,1355.84185894248,1254.69494990124,1314.30113223769,1413.53715836482,1220.7689720886,1335.46140887604
1177.98487745007,1922.79097301834,1400.61198670987,1594.84487027742,1621.77457713651,1848.31170410079,1009.61458454698,1118.06301484511,1399.83767884461,1023.32910558688,1421.01847774015,2087.59528174694,1793.56980408474,1567.27245264771,1949.28364127447,1738.08503543211,956.12017731775,1677.92512685274,1328.97489364046,1355.84185894248,1254.69494990124,1314.30113223769,1413.53715836482,1220.7689720886,1335.46140887604
1177.98487745007,1922.79097301834,1400.61198670987,1594.84487027742,1621.77457713651,1848.31170410079,1009.61458454698,1118.06301484511,1399.83767884461,1023.32910558688,1421.01847774015,2087.59528174694,1793.56980408474,1567.27245264771,1949.28364127447,1738.08503543211,956.12017731775,1677.92512685274,1328.97489364046,1355.84185894248,1254.69494990124,1314.30113223769,1413.53715836482,1220.7689720886,1335.46140887604
1177.98487745007,1922.79097301834,1400.61198670987,1594.84487027742,1621.77457713651,1848.31170410079,1009.61458454698,1118.06301484511,1399.83767884461,1023.32910558688,1421.01847774015,2087.59528174694,1793.56980408474,1567.27245264771,1949.28364127447,1738.08503543211,956.12017731775,1677.92512685274,1328.97489364046,1355.84185894248,1254.69494990124,1314.30113223769,1413.53715836482,1220.7689720886,1335.46140887604
1177.98487745007,1922.79097301834,1400.61198670987,1594.84487027742,1621.77457713651,1848.31170410079,1009.61458454698,1118.06301484511,1399.83767884461,1023.32910558688,1421.01847774015,2087.59528174694,1793.56980408474,1567.27245264771,1949.28364127447,1738.08503543211,956.12017731775,1677.92512685274,1328.97489364046,1355.84185894248,1254.69494990124,1314.30113223769,1413.53715836482,1220.7689720886,1335.46140887604
1177.98487745007,1922.79097301834,1400.61198670987,1594.84487027742,1621.77457713651,1848.31170410079,1009.61458454698,1118.06301484511,1399.83767884461,1023.32910558688,1421.01847774015,2087.59528174694,1793.56980408474,1567.27245264771,1949.28364127447,1738.08503543211,956.12017731775,1677.92512685274,1328.97489364046,1355.84185894248,1254.69494990124,1314.30113223769,1413.53715836482,1220.7689720886,1335.46140887604
1177.98487745007,1922.79097301834,1400.61198670987,1594.84487027742,1621.77457713651,1848.31170410079,1009.61458454698,1118.06301484511,1399.83767884461,1023.32910558688,1421.01847774015,2087.59528174694,1793.56980408474,1567.27245264771,1949.28364127447,1738.08503543211,956.12017731775,1677.92512685274,1328.97489364046,1355.84185894248,1254.69494990124,1314.30113223769,1413.53715836482,1220.7689720886,1335.46140887604
1177.98487745007,1922.79097301834,1400.61198670987,1594.84487027742,1621.77457713651,1848.31170410079,1009.61458454698,1118.06301484511,1399.83767884461,1023.32910558688,1421.01847774015,2087.59528174694,1793.56980408474,1567.27245264771,1949.28364127447,1738.08503543211,956.12017731775,1677.92512685274,1328.97489364046,1355.84185894248,1254.69494990124,1314.30113223769,1413.53715836482,1220.7689720886,1335.46140887604
1177.98487745007,1922.79097301834,1400.61198670987,1594.84487027742,1621.77457713651,1848.31170410079,1009.61458454698,1118.06301484511,1399.83767884461,1023.32910558688,1421.01847774015,2087.59528174694,1793.56980408474,1567.27245264771,1949.28364127447,1738.08503543211,956.12017731775,1677.92512685274,1328.97489364046,1355.84185894248,1254.69494990124,1314.30113223769,1413.53715836482,1220.7689720886,1335.46140887604
1177.98487745007,1922.79097301834,1400.61198670987,1594.84487027742,1621.77457713651,1848.31170410079,1009.61458454698,1118.06301484511,1399.83767884461,1023.32910558688,1421.01847774015,2087.59528174694,1793.56980408474,1567.27245264771,1949.28364127447,1738.08503543211,956.12017731775,1677.92512685274,1328.97489364046,1355.84185894248,1254.69494990124,1314.30113223769,1413.53715836482,1220.7689720886,1335.46140887604
1177.98487745007,1922.79097301834,1400.61198670987,1594.84487027742,1621.77457713651,1848.31170410079,1009.61458454698,1118.06301484511,1399.83767884461,1023.32910558688,1421.01847774015,2087.59528174694,1793.56980408474,1567.27245264771,1949.28364127447,1738.08503543211,956.12017731775,1677.92512685274,1328.97489364046,1355.84185894248,1254.69494990124,1314.30113223769,1413.53715836482,1220.7689720886,1335.46140887604
1177.98487745007,1922.79097301834,1400.61198670987,1594.84487027742,1621.77457713651,1848.31170410079,1009.61458454698,1118.06301484511,1399.83767884461,1023.32910558688,1421.01847774015,2087.59528174694,1793.56980408474,1567.27245264771,1949.28364127447,1738.08503543211,956.12017731775,1677.92512685274,1328.97489364046,1355.84185894248,1254.69494990124,1314.30113223769,1413.53715836482,1220.7689720886,1335.46140887604
1177.98487745007,1922.79097301834,1400.61198670987,1594.84487027742,1621.77457713651,1848.31170410079,1009.61458454698,1118.06301484511,1399.83767884461,1023.32910558688,1421.01847774015,2087.59528174694,1793.56980408474,1567.27245264771,1949.28364127447,1738.08503543211,956.12017731775,1677.92512685274,1328.97489364046,1355.84185894248,1254.69494990124,1314.30113223769,1413.53715836482,1220.7689720886,1335.46140887604
1177.98487745007,1922.79097301834,1400.61198670987,1594.84487027742,1621.77457713651,1848.31170410079,1009.61458454698,1118.06301484511,1399.83767884461,1023.32910558688,1421.01847774015,2087.59528174694,1793.56980408474,1567.27245264771,1949.28364127447,1738.08503543211,956.12017731775,1677.92512685274,1328.97489364046,1355.84185894248,1254.69494990124,1314.30113223769,1413.53715836482,1220.7689720886,1335.46140887604
1177.98487745007,1922.79097301834,1400.61198670987,1594.84487027742,1621.77457713651,1848.31170410079,1009.61458454698,1118.06301484511,1399.83767884461,1023.32910558688,1421.01847774015,2087.59528174694,1793.56980408474,1567.27245264771,1949.28364127447,1738.08503543211,956.12017731775,1677.92512685274,1328.97489364046,1355.84185894248,1254.69494990124,1314.30113223769,1413.53715836482,1220.7689720886,1335.46140887604
1177.98487745007,1922.79097301834,1400.61198670987,1594.84487027742,1621.77457713651,1848.31170410079,1009.61458454698,1118.06301484511,1399.83767884461,1023.32910558688,1421.01847774015,2087.59528174694,1793.56980408474,1567.27245264771,1949.28364127447,1738.08503543211,956.12017731775,1677.92512685274,1328.97489364046,1355.84185894248,1254.69494990124,1314.30113223769,1413.53715836482,1220.7689720886,1335.46140887604
1177.98487745007,1922.79097301834,1400.61198670987,1594.84487027742,1621.77457713651,1848.31170410079,1009.61458454698,1118.06301484511,1399.83767884461,1023.32910558688,1421.01847774015,2087.59528174694,1793.56980408474,1567.27245264771,1949.28364127447,1738.08503543211,956.12017731775,1677.92512685274,1328.97489364046,1355.84185894248,1254.69494990124,1314.30113223769,1413.53715836482,1220.7689720886,1335.46140887604
1177.98487745007,1922.79097301834,1400.61198670987,1594.84487027742,1621.77457713651,1848.31170410079,1009.61458454698,1118.06301484511,1399.83767884461,1023.32910558688,1421.01847774015,2087.59528174694,1793.56980408474,1567.27245264771,1949.28364127447,1738.08503543211,956.12017731775,1677.92512685274,1328.97489364046,1355.84185894248,1254.69494990124,1314.30113223769,1413.53715836482,1220.7689720886,1335.46140887604
1177.98487745007,1922.79097301834,1400.61198670987,1594.84487027742,1621.77457713651,1848.31170410079,1009.61458454698,1118.06301484511,1399.83767884461,1023.32910558688,1421.01847774015,2087.59528174694,1793.56980408474,1567.27245264771,1949.28364127447,1738.08503543211,956.12017731775,1677.92512685274,1328.97489364046,1355.84185894248,1254.69494990124,1314.30113223769,1413.53715836482,1220.7689720886,1335.46140887604
1177.98487745007,1922.79097301834,1400.61198670987,1594.84487027742,1621.77457713651,1848.31170410079,1009.61458454698,1118.06301484511,1399.83767884461,1023.32910558688,1421.01847774015,2087.59528174694,1793.56980408474,1567.27245264771,1949.28364127447,1738.08503543211,956.12017731775,1677.92512685274,1328.97489364046,1355.84185894248,1254.69494990124,1314.30113223769,1413.53715836482,1220.7689720886,1335.46140887604
1177.98487745007,1922.79097301834,1400.61198670987,1594.84487027742,1621.77457713651,1848.31170410079,1009.61458454698,1118.06301484511,1399.83767884461,1023.32910558688,1421.01847774015,2087.59528174694,1793.56980408474,1567.27245264771,1949.28364127447,1738.08503543211,956.12017731775,1677.92512685274,1328.97489364046,1355.84185894248,1254.69494990124,1314.30113223769,1413.53715836482,1220.7689720886,1335.46140887604
1177.98487745007,1922.79097301834,1400.61198670987,1594.84487027742,1621.77457713651,1848.31170410079,1009.61458454698,1118.06301484511,1399.83767884461,1023.32910558688,1421.01847774015,2087.59528174694,1793.56980408474,1567.27245264771,1949.28364127447,1738.08503543211,956.12017731775,1677.92512685274,1328.97489364046,1355.84185894248,1254.69494990124,1314.30113223769,1413.53715836482,1220.7689720886,1335.46140887604
1177.98487745007,1922.79097301834,1400.61198670987,1594.84487027742,1621.77457713651,1848.31170410079,1009.61458454698,1118.06301484511,1399.83767884461,1023.32910558688,1421.01847774015,2087.59528174694,1793.56980408474,1567.27245264771,1949.28364127447,1738.08503543211,956.12017731775,1677.92512685274,1328.97489364046,1355.84185894248,1254.69494990124,1314.30113223769,1413.53715836482,1220.7689720886,1335.46140887604
1177.98487745007,1922.79097301834,1400.61198670987,1594.84487027742,1621.77457713651,1848.31170410079,1009.61458454698,1118.06301484511,1399.83767884461,1023.32910558688,1421.01847774015,2087.59528174694,1793.56980408474,1567.27245264771,1949.28364127447,1738.08503543211,956.12017731775,1677.92512685274,1328.97489364046,1355.84185894248,1254.69494990124,1314.30113223769,1413.53715836482,1220.7689720886,1335.46140887604
1177.98487745007,1922.79097301834,1400.61198670987,1594.84487027742,1621.77457713651,1848.31170410079,1009.61458454698,1118.06301484511,1399.83767884461,1023.32910558688,1421.01847774015,2087.59528174694,1793.56980408474,1567.27245264771,1949.28364127447,1738.08503543211,956.12017731775,1677.92512685274,1328.97489364046,1355.84185894248,1254.69494990124,1314.30113223769,1413.53715836482,1220.7689720886,1335.46140887604
1177.98487745007,1922.79097301834,1400.61198670987,1594.84487027742,1621.77457713651,1848.31170410079,1009.61458454698,1118.06301484511,1399.83767884461,1023.32910558688,1421.01847774015,2087.59528174694,1793.56980408474,1567.27245264771,1949.28364127447,1738.08503543211,956.12017731775,1677.92512685274,1328.97489364046,1355.84185894248,1254.69494990124,1314.30113223769,1413.53715836482,1220.7689720886,1335.46140887604
1177.98487745007,1922.79097301834,1400.61198670987,1594.84487027742,1621.77457713651,1848.31170410079,1009.61458454698,1118.06301484511,1399.83767884461,1023.32910558688,1421.01847774015,2087.59528174694,1793.56980408474,1567.27245264771,1949.28364127447,1738.08503543211,956.12017731775,1677.92512685274,1328.97489364046,1355.84185894248,1254.69494990124,1314.30113223769,1413.53715836482,1220.7689720886,1335.46140887604
1177.98487745007,1922.79097301834,1400.61198670987,1594.84487027742,1621.77457713651,1848.31170410079,1009.61458454698,1118.06301484511,1399.83767884461,1023.32910558688,1421.01847774015,2087.59528174694,1793.56980408474,1567.27245264771,1949.28364127447,1738.08503543211,956.12017731775,1677.92512685274,1328.97489364046,1355.84185894248,1254.69494990124,1314.30113223769,1413.53715836482,1220.7689720886,1335.46140887604
1177.98487745007,1922.79097301834,1400.61198670987,1594.84487027742,1621.77457713651,1848.31170410079,1009.61458454698,1118.06301484511,1399.83767884461,1023.32910558688,1421.01847774015,2087.59528174694,1793.56980408474,1567.27245264771,1949.28364127447,1738.08503543211,956.12017731775,1677.92512685274,1328.97489364046,1355.84185894248,1254.69494990124,1314.30113223769,1413.53715836482,1220.7689720886,1335.46140887604
1177.98487745007,1922.79097301834,1400.61198670987,1594.84487027742,1621.77457713651,1848.31170410079,1009.61458454698,1118.06301484511,1399.83767884461,1023.32910558688,1421.01847774015,2087.59528174694,1793.56980408474,1567.27245264771,1949.28364127447,1738.08503543211,956.12017731775,1677.92512685274,1328.97489364046,1355.84185894248,1254.69494990124,1314.30113223769,1413.53715836482,1220.7689720886,1335.46140887604
1177.98487745007,1922.79097301834,1400.61198670987,1594.84487027742,1621.77457713651,1848.31170410079,1009.61458454698,1118.06301484511,1399.83767884461,1023.32910558688,1421.01847774015,2087.59528174694,1793.56980408474,1567.27245264771,1949.28364127447,1738.08503543211,956.12017731775,1677.92512685274,1328.97489364046,1355.84185894248,1254.69494990124,1314.30113223769,1413.53715836482,1220.7689720886,1335.46140887604
1177.98487745007,1922.79097301834,1400.61198670987,1594.84487027742,1621.77457713651,1848.31170410079,1009.61458454698,1118.06301484511,1399.83767884461,1023.32910558688,1421.01847774015,2087.59528174694,1793.56980408474,1567.27245264771,1949.28364127447,1738.08503543211,956.12017731775,1677.92512685274,1328.97489364046,1355.84185894248,1254.69494990124,1314.30113223769,1413.53715836482,1220.7689720886,1335.46140887604
1177.98487745007,1922.79097301834,1400.61198670987,1594.84487027742,1621.77457713651,1848.31170410079,1009.61458454698,1118.06301484511,1399.83767884461,1023.32910558688,1421.01847774015,2087.59528174694,1793.56980408474,1567.27245264771,1949.28364127447,1738.08503543211,956.12017731775,1677.92512685274,1328.97489364046,1355.84185894248,1254.69494990124,1314.30113223769,1413.53715836482,1220.7689720886,1335.46140887604
1177.98487745007,1922.79097301834,1400.61198670987,1594.84487027742,1621.77457713651,1848.31170410079,1009.61458454698,1118.06301484511,1399.83767884461,1023.32910558688,1421.01847774015,2087.59528174694,1793.56980408474,1567.27245264771,1949.28364127447,1738.08503543211,956.12017731775,1677.92512685274,1328.97489364046,1355.84185894248,1254.69494990124,1314.30113223769,1413.53715836482,1220.7689720886,1335.46140887604
1177.98487745007,1922.79097301834,1400.61198670987,1594.84487027742,1621.77457713651,1848.31170410079,1009.61458454698,1118.06301484511,1399.83767884461,1023.32910558688,1421.01847774015,2087.59528174694,1793.56980408474,1567.27245264771,1949.28364127447,1738.08503543211,956.12017731775,1677.92512685274,1328.97489364046,1355.84185894248,1254.69494990124,1314.30113223769,1413.53715836482,1220.7689720886,1335.46140887604
1177.98487745007,1922.79097301834,1400.61198670987,1594.84487027742,1621.77457713651,1848.31170410079,1009.61458454698,1118.06301484511,1399.83767884461,1023.32910558688,1421.01847774015,2087.59528174694,1793.56980408474,1567.27245264771,1949.28364127447,1738.08503543211,956.12017731775,1677.92512685274,1328.97489364046,1355.84185894248,1254.69494990124,1314.30113223769,1413.53715836482,1220.7689720886,1335.46140887604
1177.98487745007,1922.79097301834,1400.61198670987,1594.84487027742,1621.77457713651,1848.31170410079,1009.61458454698,1118.06301484511,1399.83767884461,1023.32910558688,1421.01847774015,2087.59528174694,1793.56980408474,1567.27245264771,1949.28364127447,1738.08503543211,956.12017731775,1677.92512685274,1328.97489364046,1355.84185894248,1254.69494990124,1314.30113223769,1413.53715836482,1220.7689720886,1335.46140887604
1177.98487745007,1922.79097301834,1400.61198670987,1594.84487027742,1621.77457713651,1848.31170410079,1009.61458454698,1118.06301484511,1399.83767884461,1023.32910558688,1421.01847774015,2087.59528174694,1793.56980408474,1567.27245264771,1949.28364127447,1738.08503543211,956.12017731775,1677.92512685274,1328.97489364046,1355.84185894248,1254.69494990124,1314.30113223769,1413.53715836482,1220.7689720886,1335.46140887604
1177.98487745007,1922.79097301834,1400.61198670987,1594.84487027742,1621.77457713651,1848.31170410079,1009.61458454698,1118.06301484511,1399.83767884461,1023.32910558688,1421.01847774015,2087.59528174694,1793.56980408474,1567.27245264771,1949.28364127447,1738.08503543211,956.12017731775,1677.92512685274,1328.97489364046,1355.84185894248,1254.69494990124,1314.30113223769,1413.53715836482,1220.7689720886,1335.46140887604
1177.98487745007,1922.79097301834,1400.61198670987,1594.84487027742,1621.77457713651,1848.31170410079,1009.61458454698,1118.06301484511,1399.83767884461,1023.32910558688,1421.01847774015,2087.59528174694,1793.56980408474,1567.27245264771,1949.28364127447,1738.08503543211,956.12017731775,1677.92512685274,1328.97489364046,1355.84185894248,1254.69494990124,1314.30113223769,1413.53715836482,1220.7689720886,1335.46140887604
1177.98487745007,1922.79097301834,1400.61198670987,1594.84487027742,1621.77457713651,1848.31170410079,1009.61458454698,1118.06301484511,1399.83767884461,1023.32910558688,1421.01847774015,2087.59528174694,1793.56980408474,1567.27245264771,1949.28364127447,1738.08503543211,956.12017731775,1677.92512685274,1328.97489364046,1355.84185894248,1254.69494990124,1314.30113223769,1413.53715836482,1220.7689720886,1335.46140887604
1177.98487745007,1922.79097301834,1400.61198670987,1594.84487027742,1621.77457713651,1848.31170410079,1009.61458454698,1118.06301484511,1399.83767884461,1023.32910558688,1421.01847774015,2087.59528174694,1793.56980408474,1567.27245264771,1949.28364127447,1738.08503543211,956.12017731775,1677.92512685274,1328.97489364046,1355.84185894248,1254.69494990124,1314.30113223769,1413.53715836482,1220.7689720886,1335.46140887604
1177.98487745007,1922.79097301834,1400.61198670987,1594.84487027742,1621.77457713651,1848.31170410079,1009.61458454698,1118.06301484511,1399.83767884461,1023.32910558688,1421.01847774015,2087.59528174694,1793.56980408474,1567.27245264771,1949.28364127447,1738.08503543211,956.12017731775,1677.92512685274,1328.97489364046,1355.84185894248,1254.69494990124,1314.30113223769,1413.53715836482,1220.7689720886,1335.46140887604
1177.98487745007,1922.79097301834,1400.61198670987,1594.84487027742,1621.77457713651,1848.31170410079,1009.61458454698,1118.06301484511,1399.83767884461,1023.32910558688,1421.01847774015,2087.59528174694,1793.56980408474,1567.27245264771,1949.28364127447,1738.08503543211,956.12017731775,1677.92512685274,1328.97489364046,1355.84185894248,1254.69494990124,1314.30113223769,1413.53715836482,1220.7689720886,1335.46140887604
1177.98487745007,1922.79097301834,1400.61198670987,1594.84487027742,1621.77457713651,1848.31170410079,1009.61458454698,1118.06301484511,1399.83767884461,1023.32910558688,1421.01847774015,2087.59528174694,1793.56980408474,1567.27245264771,1949.28364127447,1738.08503543211,956.12017731775,1677.92512685274,1328.97489364046,1355.84185894248,1254.69494990124,1314.30113223769,1413.53715836482,1220.7689720886,1335.46140887604
1177.98487745007,1922.79097301834,1400.61198670987,1594.84487027742,1621.77457713651,1848.31170410079,1009.61458454698,1118.06301484511,1399.83767884461,1023.32910558688,1421.01847774015,2087.59528174694,1793.56980408474,1567.27245264771,1949.28364127447,1738.08503543211,956.12017731775,1677.92512685274,1328.97489364046,1355.84185894248,1254.69494990124,1314.30113223769,1413.53715836482,1220.7689720886,1335.46140887604
1177.98487745007,1922.79097301834,1400.61198670987,1594.84487027742,1621.77457713651,1848.31170410079,1009.61458454698,1118.06301484511,1399.83767884461,1023.32910558688,1421.01847774015,2087.59528174694,1793.56980408474,1567.27245264771,1949.28364127447,1738.08503543211,956.12017731775,1677.92512685274,1328.97489364046,1355.84185894248,1254.69494990124,1314.30113223769,1413.53715836482,1220.7689720886,1335.46140887604
1177.98487745007,1922.79097301834,1400.61198670987,1594.84487027742,1621.77457713651,1848.31170410079,1009.61458454698,1118.06301484511,1399.83767884461,1023.32910558688,1421.01847774015,2087.59528174694,1793.56980408474,1567.27245264771,1949.28364127447,1738.08503543211,956.12017731775,1677.92512685274,1328.97489364046,1355.84185894248,1254.69494990124,1314.30113223769,1413.53715836482,1220.7689720886,1335.46140887604
1177.98487745007,1922.79097301834,1400.61198670987,1594.84487027742,1621.77457713651,1848.31170410079,1009.61458454698,1118.06301484511,1399.83767884461,1023.32910558688,1421.01847774015,2087.59528174694,1793.56980408474,1567.27245264771,1949.28364127447,1738.08503543211,956.12017731775,1677.92512685274,1328.97489364046,1355.84185894248,1254.69494990124,1314.30113223769,1413.53715836482,1220.7689720886,1335.46140887604
1177.98487745007,1922.79097301834,1400.61198670987,1594.84487027742,1621.77457713651,1848.31170410079,1009.61458454698,1118.06301484511,1399.83767884461,1023.32910558688,1421.01847774015,2087.59528174694,1793.56980408474,1567.27245264771,1949.28364127447,1738.08503543211,956.12017731775,1677.92512685274,1328.97489364046,1355.84185894248,1254.69494990124,1314.30113223769,1413.53715836482,1220.7689720886,1335.46140887604
1177.98487745007,1922.79097301834,1400.61198670987,1594.84487027742,1621.77457713651,1848.31170410079,1009.61458454698,1118.06301484511,1399.83767884461,1023.32910558688,1421.01847774015,2087.59528174694,1793.56980408474,1567.27245264771,1949.28364127447,1738.08503543211,956.12017731775,1677.92512685274,1328.97489364046,1355.84185894248,1254.69494990124,1314.30113223769,1413.53715836482,1220.7689720886,1335.46140887604
1177.98487745007,1922.79097301834,1400.61198670987,1594.84487027742,1621.77457713651,1848.31170410079,1009.61458454698,1118.06301484511,1399.83767884461,1023.32910558688,1421.01847774015,2087.59528174694,1793.56980408474,1567.27245264771,1949.28364127447,1738.08503543211,956.12017731775,1677.92512685274,1328.97489364046,1355.84185894248,1254.69494990124,1314.30113223769,1413.53715836482,1220.7689720886,1335.46140887604
1177.98487745007,1922.79097301834,1400.61198670987,1594.84487027742,1621.77457713651,1848.31170410079,1009.61458454698,1118.06301484511,1399.83767884461,1023.32910558688,1421.01847774015,2087.59528174694,1793.56980408474,1567.27245264771,1949.28364127447,1738.08503543211,956.12017731775,1677.92512685274,1328.97489364046,1355.84185894248,1254.69494990124,1314.30113223769,1413.53715836482,1220.7689720886,1335.46140887604
1177.98487745007,1922.79097301834,1400.61198670987,1594.84487027742,1621.77457713651,1848.31170410079,1009.61458454698,1118.06301484511,1399.83767884461,1023.32910558688,1421.01847774015,2087.59528174694,1793.56980408474,1567.27245264771,1949.28364127447,1738.08503543211,956.12017731775,1677.92512685274,1328.97489364046,1355.84185894248,1254.69494990124,1314.30113223769,1413.53715836482,1220.7689720886,1335.46140887604
1177.98487745007,1922.79097301834,1400.61198670987,1594.84487027742,1621.77457713651,1848.31170410079,1009.61458454698,1118.06301484511,1399.83767884461,1023.32910558688,1421.01847774015,2087.59528174694,1793.56980408474,1567.27245264771,1949.28364127447,1738.08503543211,956.12017731775,1677.92512685274,1328.97489364046,1355.84185894248,1254.69494990124,1314.30113223769,1413.53715836482,1220.7689720886,1335.46140887604
1177.98487745007,1922.79097301834,1400.61198670987,1594.84487027742,1621.77457713651,1848.31170410079,1009.61458454698,1118.06301484511,1399.83767884461,1023.32910558688,1421.01847774015,2087.59528174694,1793.56980408474,1567.27245264771,1949.28364127447,1738.08503543211,956.12017731775,1677.92512685274,1328.97489364046,1355.84185894248,1254.69494990124,1314.30113223769,1413.53715836482,1220.7689720886,1335.46140887604
1177.98487745007,1922.79097301834,1400.61198670987,1594.84487027742,1621.77457713651,1848.31170410079,1009.61458454698,1118.06301484511,1399.83767884461,1023.32910558688,1421.01847774015,2087.59528174694,1793.56980408474,1567.27245264771,1949.28364127447,1738.08503543211,956.12017731775,1677.92512685274,1328.97489364046,1355.84185894248,1254.69494990124,1314.30113223769,1413.53715836482,1220.7689720886,1335.46140887604
1177.98487745007,1922.79097301834,1400.61198670987,1594.84487027742,1621.77457713651,1848.31170410079,1009.61458454698,1118.06301484511,1399.83767884461,1023.32910558688,1421.01847774015,2087.59528174694,1793.56980408474,1567.27245264771,1949.28364127447,1738.08503543211,956.12017731775,1677.92512685274,1328.97489364046,1355.84185894248,1254.69494990124,1314.30113223769,1413.53715836482,1220.7689720886,1335.46140887604
1177.98487745007,1922.79097301834,1400.61198670987,1594.84487027742,1621.77457713651,1848.31170410079,1009.61458454698,1118.06301484511,1399.83767884461,1023.32910558688,1421.01847774015,2087.59528174694,1793.56980408474,1567.27245264771,1949.28364127447,1738.08503543211,956.12017731775,1677.92512685274,1328.97489364046,1355.84185894248,1254.69494990124,1314.30113223769,1413.53715836482,1220.7689720886,1335.46140887604
1177.98487745007,1922.79097301834,1400.61198670987,1594.84487027742,1621.77457713651,1848.31170410079,1009.61458454698,1118.06301484511,1399.83767884461,1023.32910558688,1421.01847774015,2087.59528174694,1793.56980408474,1567.27245264771,1949.28364127447,1738.08503543211,956.12017731775,1677.92512685274,1328.97489364046,1355.84185894248,1254.69494990124,1314.30113223769,1413.53715836482,1220.7689720886,1335.46140887604
1177.98487745007,1922.79097301834,1400.61198670987,1594.84487027742,1621.77457713651,1848.31170410079,1009.61458454698,1118.06301484511,1399.83767884461,1023.32910558688,1421.01847774015,2087.59528174694,1793.56980408474,1567.27245264771,1949.28364127447,1738.08503543211,956.12017731775,1677.92512685274,1328.97489364046,1355.84185894248,1254.69494990124,1314.30113223769,1413.53715836482,1220.7689720886,1335.46140887604
1177.98487745007,1922.79097301834,1400.61198670987,1594.84487027742,1621.77457713651,1848.31170410079,1009.61458454698,1118.06301484511,1399.83767884461,1023.32910558688,1421.01847774015,2087.59528174694,1793.56980408474,1567.27245264771,1949.28364127447,1738.08503543211,956.12017731775,1677.92512685274,1328.97489364046,1355.84185894248,1254.69494990124,1314.30113223769,1413.53715836482,1220.7689720886,1335.46140887604
1177.98487745007,1922.79097301834,1400.61198670987,1594.84487027742,1621.77457713651,1848.31170410079,1009.61458454698,1118.06301484511,1399.83767884461,1023.32910558688,1421.01847774015,2087.59528174694,1793.56980408474,1567.27245264771,1949.28364127447,1738.08503543211,956.12017731775,1677.92512685274,1328.97489364046,1355.84185894248,1254.69494990124,1314.30113223769,1413.53715836482,1220.7689720886,1335.46140887604
1177.98487745007,1922.79097301834,1400.61198670987,1594.84487027742,1621.77457713651,1848.31170410079,1009.61458454698,1118.06301484511,1399.83767884461,1023.32910558688,1421.01847774015,2087.59528174694,1793.56980408474,1567.27245264771,1949.28364127447,1738.08503543211,956.12017731775,1677.92512685274,1328.97489364046,1355.84185894248,1254.69494990124,1314.30113223769,1413.53715836482,1220.7689720886,1335.46140887604
1177.98487745007,1922.79097301834,1400.61198670987,1594.84487027742,1621.77457713651,1848.31170410079,1009.61458454698,1118.06301484511,1399.83767884461,1023.32910558688,1421.01847774015,2087.59528174694,1793.56980408474,1567.27245264771,1949.28364127447,1738.08503543211,956.12017731775,1677.92512685274,1328.97489364046,1355.84185894248,1254.69494990124,1314.30113223769,1413.53715836482,1220.7689720886,1335.46140887604
1177.98487745007,1922.79097301834,1400.61198670987,1594.84487027742,1621.77457713651,1848.31170410079,1009.61458454698,1118.06301484511,1399.83767884461,1023.32910558688,1421.01847774015,2087.59528174694,1793.56980408474,1567.27245264771,1949.28364127447,1738.08503543211,956.12017731775,1677.92512685274,1328.97489364046,1355.84185894248,1254.69494990124,1314.30113223769,1413.53715836482,1220.7689720886,1335.46140887604
1177.98487745007,1922.79097301834,1400.61198670987,1594.84487027742,1621.77457713651,1848.31170410079,1009.61458454698,1118.06301484511,1399.83767884461,1023.32910558688,1421.01847774015,2087.59528174694,1793.56980408474,1567.27245264771,1949.28364127447,1738.08503543211,956.12017731775,1677.92512685274,1328.97489364046,1355.84185894248,1254.69494990124,1314.30113223769,1413.53715836482,1220.7689720886,1335.46140887604
1177.98487745007,1922.79097301834,1400.61198670987,1594.84487027742,1621.77457713651,1848.31170410079,1009.61458454698,1118.06301484511,1399.83767884461,1023.32910558688,1421.01847774015,2087.59528174694,1793.56980408474,1567.27245264771,1949.28364127447,1738.08503543211,956.12017731775,1677.92512685274,1328.97489364046,1355.84185894248,1254.69494990124,1314.30113223769,1413.53715836482,1220.7689720886,1335.46140887604
1177.98487745007,1922.79097301834,1400.61198670987,1594.84487027742,1621.77457713651,1848.31170410079,1009.61458454698,1118.06301484511,1399.83767884461,1023.32910558688,1421.01847774015,2087.59528174694,1793.56980408474,1567.27245264771,1949.28364127447,1738.08503543211,956.12017731775,1677.92512685274,1328.97489364046,1355.84185894248,1254.69494990124,1314.30113223769,1413.53715836482,1220.7689720886,1335.46140887604
1177.98487745007,1922.79097301834,1400.61198670987,1594.84487027742,1621.77457713651,1848.31170410079,1009.61458454698,1118.06301484511,1399.83767884461,1023.32910558688,1421.01847774015,2087.59528174694,1793.56980408474,1567.27245264771,1949.28364127447,1738.08503543211,956.12017731775,1677.92512685274,1328.97489364046,1355.84185894248,1254.69494990124,1314.30113223769,1413.53715836482,1220.7689720886,1335.46140887604
1177.98487745007,1922.79097301834,1400.61198670987,1594.84487027742,1621.77457713651,1848.31170410079,1009.61458454698,1118.06301484511,1399.83767884461,1023.32910558688,1421.01847774015,2087.59528174694,1793.56980408474,1567.27245264771,1949.28364127447,1738.08503543211,956.12017731775,1677.92512685274,1328.97489364046,1355.84185894248,1254.69494990124,1314.30113223769,1413.53715836482,1220.7689720886,1335.46140887604
1177.98487745007,1922.79097301834,1400.61198670987,1594.84487027742,1621.77457713651,1848.31170410079,1009.61458454698,1118.06301484511,1399.83767884461,1023.32910558688,1421.01847774015,2087.59528174694,1793.56980408474,1567.27245264771,1949.28364127447,1738.08503543211,956.12017731775,1677.92512685274,1328.97489364046,1355.84185894248,1254.69494990124,1314.30113223769,1413.53715836482,1220.7689720886,1335.46140887604
1177.98487745007,1922.79097301834,1400.61198670987,1594.84487027742,1621.77457713651,1848.31170410079,1009.61458454698,1118.06301484511,1399.83767884461,1023.32910558688,1421.01847774015,2087.59528174694,1793.56980408474,1567.27245264771,1949.28364127447,1738.08503543211,956.12017731775,1677.92512685274,1328.97489364046,1355.84185894248,1254.69494990124,1314.30113223769,1413.53715836482,1220.7689720886,1335.46140887604
1177.98487745007,1922.79097301834,1400.61198670987,1594.84487027742,1621.77457713651,1848.31170410079,1009.61458454698,1118.06301484511,1399.83767884461,1023.32910558688,1421.01847774015,2087.59528174694,1793.56980408474,1567.27245264771,1949.28364127447,1738.08503543211,956.12017731775,1677.92512685274,1328.97489364046,1355.84185894248,1254.69494990124,1314.30113223769,1413.53715836482,1220.7689720886,1335.46140887604
1177.98487745007,1922.79097301834,1400.61198670987,1594.84487027742,1621.77457713651,1848.31170410079,1009.61458454698,1118.06301484511,1399.83767884461,1023.32910558688,1421.01847774015,2087.59528174694,1793.56980408474,1567.27245264771,1949.28364127447,1738.08503543211,956.12017731775,1677.92512685274,1328.97489364046,1355.84185894248,1254.69494990124,1314.30113223769,1413.53715836482,1220.7689720886,1335.46140887604
1177.98487745007,1922.79097301834,1400.61198670987,1594.84487027742,1621.77457713651,1848.31170410079,1009.61458454698,1118.06301484511,1399.83767884461,1023.32910558688,1421.01847774015,2087.59528174694,1793.56980408474,1567.27245264771,1949.28364127447,1738.08503543211,956.12017731775,1677.92512685274,1328.97489364046,1355.84185894248,1254.69494990124,1314.30113223769,1413.53715836482,1220.7689720886,1335.46140887604
1177.98487745007,1922.79097301834,1400.61198670987,1594.84487027742,1621.77457713651,1848.31170410079,1009.61458454698,1118.06301484511,1399.83767884461,1023.32910558688,1421.01847774015,2087.59528174694,1793.56980408474,1567.27245264771,1949.28364127447,1738.08503543211,956.12017731775,1677.92512685274,1328.97489364046,1355.84185894248,1254.69494990124,1314.30113223769,1413.53715836482,1220.7689720886,1335.46140887604
1177.98487745007,1922.79097301834,1400.61198670987,1594.84487027742,1621.77457713651,1848.31170410079,1009.61458454698,1118.06301484511,1399.83767884461,1023.32910558688,1421.01847774015,2087.59528174694,1793.56980408474,1567.27245264771,1949.28364127447,1738.08503543211,956.12017731775,1677.92512685274,1328.97489364046,1355.84185894248,1254.69494990124,1314.30113223769,1413.53715836482,1220.7689720886,1335.46140887604
1177.98487745007,1922.79097301834,1400.61198670987,1594.84487027742,1621.77457713651,1848.31170410079,1009.61458454698,1118.06301484511,1399.83767884461,1023.32910558688,1421.01847774015,2087.59528174694,1793.56980408474,1567.27245264771,1949.28364127447,1738.08503543211,956.12017731775,1677.92512685274,1328.97489364046,1355.84185894248,1254.69494990124,1314.30113223769,1413.53715836482,1220.7689720886,1335.46140887604
1177.98487745007,1922.79097301834,1400.61198670987,1594.84487027742,1621.77457713651,1848.31170410079,1009.61458454698,1118.06301484511,1399.83767884461,1023.32910558688,1421.01847774015,2087.59528174694,1793.56980408474,1567.27245264771,1949.28364127447,1738.08503543211,956.12017731775,1677.92512685274,1328.97489364046,1355.84185894248,1254.69494990124,1314.30113223769,1413.53715836482,1220.7689720886,1335.46140887604
1177.98487745007,1922.79097301834,1400.61198670987,1594.84487027742,1621.77457713651,1848.31170410079,1009.61458454698,1118.06301484511,1399.83767884461,1023.32910558688,1421.01847774015,2087.59528174694,1793.56980408474,1567.27245264771,1949.28364127447,1738.08503543211,956.12017731775,1677.92512685274,1328.97489364046,1355.84185894248,1254.69494990124,1314.30113223769,1413.53715836482,1220.7689720886,1335.46140887604
1177.98487745007,1922.79097301834,1400.61198670987,1594.84487027742,1621.77457713651,1848.31170410079,1009.61458454698,1118.06301484511,1399.83767884461,1023.32910558688,1421.01847774015,2087.59528174694,1793.56980408474,1567.27245264771,1949.28364127447,1738.08503543211,956.12017731775,1677.92512685274,1328.97489364046,1355.84185894248,1254.69494990124,1314.30113223769,1413.53715836482,1220.7689720886,1335.46140887604
1177.98487745007,1922.79097301834,1400.61198670987,1594.84487027742,1621.77457713651,1848.31170410079,1009.61458454698,1118.06301484511,1399.83767884461,1023.32910558688,1421.01847774015,2087.59528174694,1793.56980408474,1567.27245264771,1949.28364127447,1738.08503543211,956.12017731775,1677.92512685274,1328.97489364046,1355.84185894248,1254.69494990124,1314.30113223769,1413.53715836482,1220.7689720886,1335.46140887604
1177.98487745007,1922.79097301834,1400.61198670987,1594.84487027742,1621.77457713651,1848.31170410079,1009.61458454698,1118.06301484511,1399.83767884461,1023.32910558688,1421.01847774015,2087.59528174694,1793.56980408474,1567.27245264771,1949.28364127447,1738.08503543211,956.12017731775,1677.92512685274,1328.97489364046,1355.84185894248,1254.69494990124,1314.30113223769,1413.53715836482,1220.7689720886,1335.46140887604
1177.98487745007,1922.79097301834,1400.61198670987,1594.84487027742,1621.77457713651,1848.31170410079,1009.61458454698,1118.06301484511,1399.83767884461,1023.32910558688,1421.01847774015,2087.59528174694,1793.56980408474,1567.27245264771,1949.28364127447,1738.08503543211,956.12017731775,1677.92512685274,1328.97489364046,1355.84185894248,1254.69494990124,1314.30113223769,1413.53715836482,1220.7689720886,1335.46140887604
1177.98487745007,1922.79097301834,1400.61198670987,1594.84487027742,1621.77457713651,1848.31170410079,1009.61458454698,1118.06301484511,1399.83767884461,1023.32910558688,1421.01847774015,2087.59528174694,1793.56980408474,1567.27245264771,1949.28364127447,1738.08503543211,956.12017731775,1677.92512685274,1328.97489364046,1355.84185894248,1254.69494990124,1314.30113223769,1413.53715836482,1220.7689720886,1335.46140887604
1177.98487745007,1922.79097301834,1400.61198670987,1594.84487027742,1621.77457713651,1848.31170410079,1009.61458454698,1118.06301484511,1399.83767884461,1023.32910558688,1421.01847774015,2087.59528174694,1793.56980408474,1567.27245264771,1949.28364127447,1738.08503543211,956.12017731775,1677.92512685274,1328.97489364046,1355.84185894248,1254.69494990124,1314.30113223769,1413.53715836482,1220.7689720886,1335.46140887604
1177.98487745007,1922.79097301834,1400.61198670987,1594.84487027742,1621.77457713651,1848.31170410079,1009.61458454698,1118.06301484511,1399.83767884461,1023.32910558688,1421.01847774015,2087.59528174694,1793.56980408474,1567.27245264771,1949.28364127447,1738.08503543211,956.12017731775,1677.92512685274,1328.97489364046,1355.84185894248,1254.69494990124,1314.30113223769,1413.53715836482,1220.7689720886,1335.46140887604
1177.98487745007,1922.79097301834,1400.61198670987,1594.84487027742,1621.77457713651,1848.31170410079,1009.61458454698,1118.06301484511,1399.83767884461,1023.32910558688,1421.01847774015,2087.59528174694,1793.56980408474,1567.27245264771,1949.28364127447,1738.08503543211,956.12017731775,1677.92512685274,1328.97489364046,1355.84185894248,1254.69494990124,1314.30113223769,1413.53715836482,1220.7689720886,1335.46140887604
1177.98487745007,1922.79097301834,1400.61198670987,1594.84487027742,1621.77457713651,1848.31170410079,1009.61458454698,1118.06301484511,1399.83767884461,1023.32910558688,1421.01847774015,2087.59528174694,1793.56980408474,1567.27245264771,1949.28364127447,1738.08503543211,956.12017731775,1677.92512685274,1328.97489364046,1355.84185894248,1254.69494990124,1314.30113223769,1413.53715836482,1220.7689720886,1335.46140887604
1177.98487745007,1922.79097301834,1400.61198670987,1594.84487027742,1621.77457713651,1848.31170410079,1009.61458454698,1118.06301484511,1399.83767884461,1023.32910558688,1421.01847774015,2087.59528174694,1793.56980408474,1567.27245264771,1949.28364127447,1738.08503543211,956.12017731775,1677.92512685274,1328.97489364046,1355.84185894248,1254.69494990124,1314.30113223769,1413.53715836482,1220.7689720886,1335.46140887604
1177.98487745007,1922.79097301834,1400.61198670987,1594.84487027742,1621.77457713651,1848.31170410079,1009.61458454698,1118.06301484511,1399.83767884461,1023.32910558688,1421.01847774015,2087.59528174694,1793.56980408474,1567.27245264771,1949.28364127447,1738.08503543211,956.12017731775,1677.92512685274,1328.97489364046,1355.84185894248,1254.69494990124,1314.30113223769,1413.53715836482,1220.7689720886,1335.46140887604
1177.98487745007,1922.79097301834,1400.61198670987,1594.84487027742,1621.77457713651,1848.31170410079,1009.61458454698,1118.06301484511,1399.83767884461,1023.32910558688,1421.01847774015,2087.59528174694,1793.56980408474,1567.27245264771,1949.28364127447,1738.08503543211,956.12017731775,1677.92512685274,1328.97489364046,1355.84185894248,1254.69494990124,1314.30113223769,1413.53715836482,1220.7689720886,1335.46140887604
1177.98487745007,1922.79097301834,1400.61198670987,1594.84487027742,1621.77457713651,1848.31170410079,1009.61458454698,1118.06301484511,1399.83767884461,1023.32910558688,1421.01847774015,2087.59528174694,1793.56980408474,1567.27245264771,1949.28364127447,1738.08503543211,956.12017731775,1677.92512685274,1328.97489364046,1355.84185894248,1254.69494990124,1314.30113223769,1413.53715836482,1220.7689720886,1335.46140887604
1177.98487745007,1922.79097301834,1400.61198670987,1594.84487027742,1621.77457713651,1848.31170410079,1009.61458454698,1118.06301484511,1399.83767884461,1023.32910558688,1421.01847774015,2087.59528174694,1793.56980408474,1567.27245264771,1949.28364127447,1738.08503543211,956.12017731775,1677.92512685274,1328.97489364046,1355.84185894248,1254.69494990124,1314.30113223769,1413.53715836482,1220.7689720886,1335.46140887604
1177.98487745007,1922.79097301834,1400.61198670987,1594.84487027742,1621.77457713651,1848.31170410079,1009.61458454698,1118.06301484511,1399.83767884461,1023.32910558688,1421.01847774015,2087.59528174694,1793.56980408474,1567.27245264771,1949.28364127447,1738.08503543211,956.12017731775,1677.92512685274,1328.97489364046,1355.84185894248,1254.69494990124,1314.30113223769,1413.53715836482,1220.7689720886,1335.46140887604
1177.98487745007,1922.79097301834,1400.61198670987,1594.84487027742,1621.77457713651,1848.31170410079,1009.61458454698,1118.06301484511,1399.83767884461,1023.32910558688,1421.01847774015,2087.59528174694,1793.56980408474,1567.27245264771,1949.28364127447,1738.08503543211,956.12017731775,1677.92512685274,1328.97489364046,1355.84185894248,1254.69494990124,1314.30113223769,1413.53715836482,1220.7689720886,1335.46140887604
1177.98487745007,1922.79097301834,1400.61198670987,1594.84487027742,1621.77457713651,1848.31170410079,1009.61458454698,1118.06301484511,1399.83767884461,1023.32910558688,1421.01847774015,2087.59528174694,1793.56980408474,1567.27245264771,1949.28364127447,1738.08503543211,956.12017731775,1677.92512685274,1328.97489364046,1355.84185894248,1254.69494990124,1314.30113223769,1413.53715836482,1220.7689720886,1335.46140887604
1177.98487745007,1922.79097301834,1400.61198670987,1594.84487027742,1621.77457713651,1848.31170410079,1009.61458454698,1118.06301484511,1399.83767884461,1023.32910558688,1421.01847774015,2087.59528174694,1793.56980408474,1567.27245264771,1949.28364127447,1738.08503543211,956.12017731775,1677.92512685274,1328.97489364046,1355.84185894248,1254.69494990124,1314.30113223769,1413.53715836482,1220.7689720886,1335.46140887604
1177.98487745007,1922.79097301834,1400.61198670987,1594.84487027742,1621.77457713651,1848.31170410079,1009.61458454698,1118.06301484511,1399.83767884461,1023.32910558688,1421.01847774015,2087.59528174694,1793.56980408474,1567.27245264771,1949.28364127447,1738.08503543211,956.12017731775,1677.92512685274,1328.97489364046,1355.84185894248,1254.69494990124,1314.30113223769,1413.53715836482,1220.7689720886,1335.46140887604
1177.98487745007,1922.79097301834,1400.61198670987,1594.84487027742,1621.77457713651,1848.31170410079,1009.61458454698,1118.06301484511,1399.83767884461,1023.32910558688,1421.01847774015,2087.59528174694,1793.56980408474,1567.27245264771,1949.28364127447,1738.08503543211,956.12017731775,1677.92512685274,1328.97489364046,1355.84185894248,1254.69494990124,1314.30113223769,1413.53715836482,1220.7689720886,1335.46140887604
1177.98487745007,1922.79097301834,1400.61198670987,1594.84487027742,1621.77457713651,1848.31170410079,1009.61458454698,1118.06301484511,1399.83767884461,1023.32910558688,1421.01847774015,2087.59528174694,1793.56980408474,1567.27245264771,1949.28364127447,1738.08503543211,956.12017731775,1677.92512685274,1328.97489364046,1355.84185894248,1254.69494990124,1314.30113223769,1413.53715836482,1220.7689720886,1335.46140887604
1177.98487745007,1922.79097301834,1400.61198670987,1594.84487027742,1621.77457713651,1848.31170410079,1009.61458454698,1118.06301484511,1399.83767884461,1023.32910558688,1421.01847774015,2087.59528174694,1793.56980408474,1567.27245264771,1949.28364127447,1738.08503543211,956.12017731775,1677.92512685274,1328.97489364046,1355.84185894248,1254.69494990124,1314.30113223769,1413.53715836482,1220.7689720886,1335.46140887604
1177.98487745007,1922.79097301834,1400.61198670987,1594.84487027742,1621.77457713651,1848.31170410079,1009.61458454698,1118.06301484511,1399.83767884461,1023.32910558688,1421.01847774015,2087.59528174694,1793.56980408474,1567.27245264771,1949.28364127447,1738.08503543211,956.12017731775,1677.92512685274,1328.97489364046,1355.84185894248,1254.69494990124,1314.30113223769,1413.53715836482,1220.7689720886,1335.46140887604
1177.98487745007,1922.79097301834,1400.61198670987,1594.84487027742,1621.77457713651,1848.31170410079,1009.61458454698,1118.06301484511,1399.83767884461,1023.32910558688,1421.01847774015,2087.59528174694,1793.56980408474,1567.27245264771,1949.28364127447,1738.08503543211,956.12017731775,1677.92512685274,1328.97489364046,1355.84185894248,1254.69494990124,1314.30113223769,1413.53715836482,1220.7689720886,1335.46140887604
1177.98487745007,1922.79097301834,1400.61198670987,1594.84487027742,1621.77457713651,1848.31170410079,1009.61458454698,1118.06301484511,1399.83767884461,1023.32910558688,1421.01847774015,2087.59528174694,1793.56980408474,1567.27245264771,1949.28364127447,1738.08503543211,956.12017731775,1677.92512685274,1328.97489364046,1355.84185894248,1254.69494990124,1314.30113223769,1413.53715836482,1220.7689720886,1335.46140887604
1177.98487745007,1922.79097301834,1400.61198670987,1594.84487027742,1621.77457713651,1848.31170410079,1009.61458454698,1118.06301484511,1399.83767884461,1023.32910558688,1421.01847774015,2087.59528174694,1793.56980408474,1567.27245264771,1949.28364127447,1738.08503543211,956.12017731775,1677.92512685274,1328.97489364046,1355.84185894248,1254.69494990124,1314.30113223769,1413.53715836482,1220.7689720886,1335.46140887604
1177.98487745007,1922.79097301834,1400.61198670987,1594.84487027742,1621.77457713651,1848.31170410079,1009.61458454698,1118.06301484511,1399.83767884461,1023.32910558688,1421.01847774015,2087.59528174694,1793.56980408474,1567.27245264771,1949.28364127447,1738.08503543211,956.12017731775,1677.92512685274,1328.97489364046,1355.84185894248,1254.69494990124,1314.30113223769,1413.53715836482,1220.7689720886,1335.46140887604
1177.98487745007,1922.79097301834,1400.61198670987,1594.84487027742,1621.77457713651,1848.31170410079,1009.61458454698,1118.06301484511,1399.83767884461,1023.32910558688,1421.01847774015,2087.59528174694,1793.56980408474,1567.27245264771,1949.28364127447,1738.08503543211,956.12017731775,1677.92512685274,1328.97489364046,1355.84185894248,1254.69494990124,1314.30113223769,1413.53715836482,1220.7689720886,1335.46140887604
1177.98487745007,1922.79097301834,1400.61198670987,1594.84487027742,1621.77457713651,1848.31170410079,1009.61458454698,1118.06301484511,1399.83767884461,1023.32910558688,1421.01847774015,2087.59528174694,1793.56980408474,1567.27245264771,1949.28364127447,1738.08503543211,956.12017731775,1677.92512685274,1328.97489364046,1355.84185894248,1254.69494990124,1314.30113223769,1413.53715836482,1220.7689720886,1335.46140887604
1177.98487745007,1922.79097301834,1400.61198670987,1594.84487027742,1621.77457713651,1848.31170410079,1009.61458454698,1118.06301484511,1399.83767884461,1023.32910558688,1421.01847774015,2087.59528174694,1793.56980408474,1567.27245264771,1949.28364127447,1738.08503543211,956.12017731775,1677.92512685274,1328.97489364046,1355.84185894248,1254.69494990124,1314.30113223769,1413.53715836482,1220.7689720886,1335.46140887604
1177.98487745007,1922.79097301834,1400.61198670987,1594.84487027742,1621.77457713651,1848.31170410079,1009.61458454698,1118.06301484511,1399.83767884461,1023.32910558688,1421.01847774015,2087.59528174694,1793.56980408474,1567.27245264771,1949.28364127447,1738.08503543211,956.12017731775,1677.92512685274,1328.97489364046,1355.84185894248,1254.69494990124,1314.30113223769,1413.53715836482,1220.7689720886,1335.46140887604
1177.98487745007,1922.79097301834,1400.61198670987,1594.84487027742,1621.77457713651,1848.31170410079,1009.61458454698,1118.06301484511,1399.83767884461,1023.32910558688,1421.01847774015,2087.59528174694,1793.56980408474,1567.27245264771,1949.28364127447,1738.08503543211,956.12017731775,1677.92512685274,1328.97489364046,1355.84185894248,1254.69494990124,1314.30113223769,1413.53715836482,1220.7689720886,1335.46140887604
1177.98487745007,1922.79097301834,1400.61198670987,1594.84487027742,1621.77457713651,1848.31170410079,1009.61458454698,1118.06301484511,1399.83767884461,1023.32910558688,1421.01847774015,2087.59528174694,1793.56980408474,1567.27245264771,1949.28364127447,1738.08503543211,956.12017731775,1677.92512685274,1328.97489364046,1355.84185894248,1254.69494990124,1314.30113223769,1413.53715836482,1220.7689720886,1335.46140887604
1177.98487745007,1922.79097301834,1400.61198670987,1594.84487027742,1621.77457713651,1848.31170410079,1009.61458454698,1118.06301484511,1399.83767884461,1023.32910558688,1421.01847774015,2087.59528174694,1793.56980408474,1567.27245264771,1949.28364127447,1738.08503543211,956.12017731775,1677.92512685274,1328.97489364046,1355.84185894248,1254.69494990124,1314.30113223769,1413.53715836482,1220.7689720886,1335.46140887604
1177.98487745007,1922.79097301834,1400.61198670987,1594.84487027742,1621.77457713651,1848.31170410079,1009.61458454698,1118.06301484511,1399.83767884461,1023.32910558688,1421.01847774015,2087.59528174694,1793.56980408474,1567.27245264771,1949.28364127447,1738.08503543211,956.12017731775,1677.92512685274,1328.97489364046,1355.84185894248,1254.69494990124,1314.30113223769,1413.53715836482,1220.7689720886,1335.46140887604
1177.98487745007,1922.79097301834,1400.61198670987,1594.84487027742,1621.77457713651,1848.31170410079,1009.61458454698,1118.06301484511,1399.83767884461,1023.32910558688,1421.01847774015,2087.59528174694,1793.56980408474,1567.27245264771,1949.28364127447,1738.08503543211,956.12017731775,1677.92512685274,1328.97489364046,1355.84185894248,1254.69494990124,1314.30113223769,1413.53715836482,1220.7689720886,1335.46140887604
1177.98487745007,1922.79097301834,1400.61198670987,1594.84487027742,1621.77457713651,1848.31170410079,1009.61458454698,1118.06301484511,1399.83767884461,1023.32910558688,1421.01847774015,2087.59528174694,1793.56980408474,1567.27245264771,1949.28364127447,1738.08503543211,956.12017731775,1677.92512685274,1328.97489364046,1355.84185894248,1254.69494990124,1314.30113223769,1413.53715836482,1220.7689720886,1335.46140887604
1177.98487745007,1922.79097301834,1400.61198670987,1594.84487027742,1621.77457713651,1848.31170410079,1009.61458454698,1118.06301484511,1399.83767884461,1023.32910558688,1421.01847774015,2087.59528174694,1793.56980408474,1567.27245264771,1949.28364127447,1738.08503543211,956.12017731775,1677.92512685274,1328.97489364046,1355.84185894248,1254.69494990124,1314.30113223769,1413.53715836482,1220.7689720886,1335.46140887604
1177.98487745007,1922.79097301834,1400.61198670987,1594.84487027742,1621.77457713651,1848.31170410079,1009.61458454698,1118.06301484511,1399.83767884461,1023.32910558688,1421.01847774015,2087.59528174694,1793.56980408474,1567.27245264771,1949.28364127447,1738.08503543211,956.12017731775,1677.92512685274,1328.97489364046,1355.84185894248,1254.69494990124,1314.30113223769,1413.53715836482,1220.7689720886,1335.46140887604
1177.98487745007,1922.79097301834,1400.61198670987,1594.84487027742,1621.77457713651,1848.31170410079,1009.61458454698,1118.06301484511,1399.83767884461,1023.32910558688,1421.01847774015,2087.59528174694,1793.56980408474,1567.27245264771,1949.28364127447,1738.08503543211,956.12017731775,1677.92512685274,1328.97489364046,1355.84185894248,1254.69494990124,1314.30113223769,1413.53715836482,1220.7689720886,1335.46140887604
1177.98487745007,1922.79097301834,1400.61198670987,1594.84487027742,1621.77457713651,1848.31170410079,1009.61458454698,1118.06301484511,1399.83767884461,1023.32910558688,1421.01847774015,2087.59528174694,1793.56980408474,1567.27245264771,1949.28364127447,1738.08503543211,956.12017731775,1677.92512685274,1328.97489364046,1355.84185894248,1254.69494990124,1314.30113223769,1413.53715836482,1220.7689720886,1335.46140887604
1177.98487745007,1922.79097301834,1400.61198670987,1594.84487027742,1621.77457713651,1848.31170410079,1009.61458454698,1118.06301484511,1399.83767884461,1023.32910558688,1421.01847774015,2087.59528174694,1793.56980408474,1567.27245264771,1949.28364127447,1738.08503543211,956.12017731775,1677.92512685274,1328.97489364046,1355.84185894248,1254.69494990124,1314.30113223769,1413.53715836482,1220.7689720886,1335.46140887604
1177.98487745007,1922.79097301834,1400.61198670987,1594.84487027742,1621.77457713651,1848.31170410079,1009.61458454698,1118.06301484511,1399.83767884461,1023.32910558688,1421.01847774015,2087.59528174694,1793.56980408474,1567.27245264771,1949.28364127447,1738.08503543211,956.12017731775,1677.92512685274,1328.97489364046,1355.84185894248,1254.69494990124,1314.30113223769,1413.53715836482,1220.7689720886,1335.46140887604
1177.98487745007,1922.79097301834,1400.61198670987,1594.84487027742,1621.77457713651,1848.31170410079,1009.61458454698,1118.06301484511,1399.83767884461,1023.32910558688,1421.01847774015,2087.59528174694,1793.56980408474,1567.27245264771,1949.28364127447,1738.08503543211,956.12017731775,1677.92512685274,1328.97489364046,1355.84185894248,1254.69494990124,1314.30113223769,1413.53715836482,1220.7689720886,1335.46140887604
1177.98487745007,1922.79097301834,1400.61198670987,1594.84487027742,1621.77457713651,1848.31170410079,1009.61458454698,1118.06301484511,1399.83767884461,1023.32910558688,1421.01847774015,2087.59528174694,1793.56980408474,1567.27245264771,1949.28364127447,1738.08503543211,956.12017731775,1677.92512685274,1328.97489364046,1355.84185894248,1254.69494990124,1314.30113223769,1413.53715836482,1220.7689720886,1335.46140887604
1177.98487745007,1922.79097301834,1400.61198670987,1594.84487027742,1621.77457713651,1848.31170410079,1009.61458454698,1118.06301484511,1399.83767884461,1023.32910558688,1421.01847774015,2087.59528174694,1793.56980408474,1567.27245264771,1949.28364127447,1738.08503543211,956.12017731775,1677.92512685274,1328.97489364046,1355.84185894248,1254.69494990124,1314.30113223769,1413.53715836482,1220.7689720886,1335.46140887604
1177.98487745007,1922.79097301834,1400.61198670987,1594.84487027742,1621.77457713651,1848.31170410079,1009.61458454698,1118.06301484511,1399.83767884461,1023.32910558688,1421.01847774015,2087.59528174694,1793.56980408474,1567.27245264771,1949.28364127447,1738.08503543211,956.12017731775,1677.92512685274,1328.97489364046,1355.84185894248,1254.69494990124,1314.30113223769,1413.53715836482,1220.7689720886,1335.46140887604
1177.98487745007,1922.79097301834,1400.61198670987,1594.84487027742,1621.77457713651,1848.31170410079,1009.61458454698,1118.06301484511,1399.83767884461,1023.32910558688,1421.01847774015,2087.59528174694,1793.56980408474,1567.27245264771,1949.28364127447,1738.08503543211,956.12017731775,1677.92512685274,1328.97489364046,1355.84185894248,1254.69494990124,1314.30113223769,1413.53715836482,1220.7689720886,1335.46140887604
1177.98487745007,1922.79097301834,1400.61198670987,1594.84487027742,1621.77457713651,1848.31170410079,1009.61458454698,1118.06301484511,1399.83767884461,1023.32910558688,1421.01847774015,2087.59528174694,1793.56980408474,1567.27245264771,1949.28364127447,1738.08503543211,956.12017731775,1677.92512685274,1328.97489364046,1355.84185894248,1254.69494990124,1314.30113223769,1413.53715836482,1220.7689720886,1335.46140887604
1177.98487745007,1922.79097301834,1400.61198670987,1594.84487027742,1621.77457713651,1848.31170410079,1009.61458454698,1118.06301484511,1399.83767884461,1023.32910558688,1421.01847774015,2087.59528174694,1793.56980408474,1567.27245264771,1949.28364127447,1738.08503543211,956.12017731775,1677.92512685274,1328.97489364046,1355.84185894248,1254.69494990124,1314.30113223769,1413.53715836482,1220.7689720886,1335.46140887604
1177.98487745007,1922.79097301834,1400.61198670987,1594.84487027742,1621.77457713651,1848.31170410079,1009.61458454698,1118.06301484511,1399.83767884461,1023.32910558688,1421.01847774015,2087.59528174694,1793.56980408474,1567.27245264771,1949.28364127447,1738.08503543211,956.12017731775,1677.92512685274,1328.97489364046,1355.84185894248,1254.69494990124,1314.30113223769,1413.53715836482,1220.7689720886,1335.46140887604
1177.98487745007,1922.79097301834,1400.61198670987,1594.84487027742,1621.77457713651,1848.31170410079,1009.61458454698,1118.06301484511,1399.83767884461,1023.32910558688,1421.01847774015,2087.59528174694,1793.56980408474,1567.27245264771,1949.28364127447,1738.08503543211,956.12017731775,1677.92512685274,1328.97489364046,1355.84185894248,1254.69494990124,1314.30113223769,1413.53715836482,1220.7689720886,1335.46140887604
1177.98487745007,1922.79097301834,1400.61198670987,1594.84487027742,1621.77457713651,1848.31170410079,1009.61458454698,1118.06301484511,1399.83767884461,1023.32910558688,1421.01847774015,2087.59528174694,1793.56980408474,1567.27245264771,1949.28364127447,1738.08503543211,956.12017731775,1677.92512685274,1328.97489364046,1355.84185894248,1254.69494990124,1314.30113223769,1413.53715836482,1220.7689720886,1335.46140887604
1177.98487745007,1922.79097301834,1400.61198670987,1594.84487027742,1621.77457713651,1848.31170410079,1009.61458454698,1118.06301484511,1399.83767884461,1023.32910558688,1421.01847774015,2087.59528174694,1793.56980408474,1567.27245264771,1949.28364127447,1738.08503543211,956.12017731775,1677.92512685274,1328.97489364046,1355.84185894248,1254.69494990124,1314.30113223769,1413.53715836482,1220.7689720886,1335.46140887604
1177.98487745007,1922.79097301834,1400.61198670987,1594.84487027742,1621.77457713651,1848.31170410079,1009.61458454698,1118.06301484511,1399.83767884461,1023.32910558688,1421.01847774015,2087.59528174694,1793.56980408474,1567.27245264771,1949.28364127447,1738.08503543211,956.12017731775,1677.92512685274,1328.97489364046,1355.84185894248,1254.69494990124,1314.30113223769,1413.53715836482,1220.7689720886,1335.46140887604
1177.98487745007,1922.79097301834,1400.61198670987,1594.84487027742,1621.77457713651,1848.31170410079,1009.61458454698,1118.06301484511,1399.83767884461,1023.32910558688,1421.01847774015,2087.59528174694,1793.56980408474,1567.27245264771,1949.28364127447,1738.08503543211,956.12017731775,1677.92512685274,1328.97489364046,1355.84185894248,1254.69494990124,1314.30113223769,1413.53715836482,1220.7689720886,1335.46140887604
1177.98487745007,1922.79097301834,1400.61198670987,1594.84487027742,1621.77457713651,1848.31170410079,1009.61458454698,1118.06301484511,1399.83767884461,1023.32910558688,1421.01847774015,2087.59528174694,1793.56980408474,1567.27245264771,1949.28364127447,1738.08503543211,956.12017731775,1677.92512685274,1328.97489364046,1355.84185894248,1254.69494990124,1314.30113223769,1413.53715836482,1220.7689720886,1335.46140887604
1177.98487745007,1922.79097301834,1400.61198670987,1594.84487027742,1621.77457713651,1848.31170410079,1009.61458454698,1118.06301484511,1399.83767884461,1023.32910558688,1421.01847774015,2087.59528174694,1793.56980408474,1567.27245264771,1949.28364127447,1738.08503543211,956.12017731775,1677.92512685274,1328.97489364046,1355.84185894248,1254.69494990124,1314.30113223769,1413.53715836482,1220.7689720886,1335.46140887604
1177.98487745007,1922.79097301834,1400.61198670987,1594.84487027742,1621.77457713651,1848.31170410079,1009.61458454698,1118.06301484511,1399.83767884461,1023.32910558688,1421.01847774015,2087.59528174694,1793.56980408474,1567.27245264771,1949.28364127447,1738.08503543211,956.12017731775,1677.92512685274,1328.97489364046,1355.84185894248,1254.69494990124,1314.30113223769,1413.53715836482,1220.7689720886,1335.46140887604
1177.98487745007,1922.79097301834,1400.61198670987,1594.84487027742,1621.77457713651,1848.31170410079,1009.61458454698,1118.06301484511,1399.83767884461,1023.32910558688,1421.01847774015,2087.59528174694,1793.56980408474,1567.27245264771,1949.28364127447,1738.08503543211,956.12017731775,1677.92512685274,1328.97489364046,1355.84185894248,1254.69494990124,1314.30113223769,1413.53715836482,1220.7689720886,1335.46140887604
1177.98487745007,1922.79097301834,1400.61198670987,1594.84487027742,1621.77457713651,1848.31170410079,1009.61458454698,1118.06301484511,1399.83767884461,1023.32910558688,1421.01847774015,2087.59528174694,1793.56980408474,1567.27245264771,1949.28364127447,1738.08503543211,956.12017731775,1677.92512685274,1328.97489364046,1355.84185894248,1254.69494990124,1314.30113223769,1413.53715836482,1220.7689720886,1335.46140887604
1177.98487745007,1922.79097301834,1400.61198670987,1594.84487027742,1621.77457713651,1848.31170410079,1009.61458454698,1118.06301484511,1399.83767884461,1023.32910558688,1421.01847774015,2087.59528174694,1793.56980408474,1567.27245264771,1949.28364127447,1738.08503543211,956.12017731775,1677.92512685274,1328.97489364046,1355.84185894248,1254.69494990124,1314.30113223769,1413.53715836482,1220.7689720886,1335.46140887604
1177.98487745007,1922.79097301834,1400.61198670987,1594.84487027742,1621.77457713651,1848.31170410079,1009.61458454698,1118.06301484511,1399.83767884461,1023.32910558688,1421.01847774015,2087.59528174694,1793.56980408474,1567.27245264771,1949.28364127447,1738.08503543211,956.12017731775,1677.92512685274,1328.97489364046,1355.84185894248,1254.69494990124,1314.30113223769,1413.53715836482,1220.7689720886,1335.46140887604
1177.98487745007,1922.79097301834,1400.61198670987,1594.84487027742,1621.77457713651,1848.31170410079,1009.61458454698,1118.06301484511,1399.83767884461,1023.32910558688,1421.01847774015,2087.59528174694,1793.56980408474,1567.27245264771,1949.28364127447,1738.08503543211,956.12017731775,1677.92512685274,1328.97489364046,1355.84185894248,1254.69494990124,1314.30113223769,1413.53715836482,1220.7689720886,1335.46140887604
1177.98487745007,1922.79097301834,1400.61198670987,1594.84487027742,1621.77457713651,1848.31170410079,1009.61458454698,1118.06301484511,1399.83767884461,1023.32910558688,1421.01847774015,2087.59528174694,1793.56980408474,1567.27245264771,1949.28364127447,1738.08503543211,956.12017731775,1677.92512685274,1328.97489364046,1355.84185894248,1254.69494990124,1314.30113223769,1413.53715836482,1220.7689720886,1335.46140887604
1177.98487745007,1922.79097301834,1400.61198670987,1594.84487027742,1621.77457713651,1848.31170410079,1009.61458454698,1118.06301484511,1399.83767884461,1023.32910558688,1421.01847774015,2087.59528174694,1793.56980408474,1567.27245264771,1949.28364127447,1738.08503543211,956.12017731775,1677.92512685274,1328.97489364046,1355.84185894248,1254.69494990124,1314.30113223769,1413.53715836482,1220.7689720886,1335.46140887604
1177.98487745007,1922.79097301834,1400.61198670987,1594.84487027742,1621.77457713651,1848.31170410079,1009.61458454698,1118.06301484511,1399.83767884461,1023.32910558688,1421.01847774015,2087.59528174694,1793.56980408474,1567.27245264771,1949.28364127447,1738.08503543211,956.12017731775,1677.92512685274,1328.97489364046,1355.84185894248,1254.69494990124,1314.30113223769,1413.53715836482,1220.7689720886,1335.46140887604
1177.98487745007,1922.79097301834,1400.61198670987,1594.84487027742,1621.77457713651,1848.31170410079,1009.61458454698,1118.06301484511,1399.83767884461,1023.32910558688,1421.01847774015,2087.59528174694,1793.56980408474,1567.27245264771,1949.28364127447,1738.08503543211,956.12017731775,1677.92512685274,1328.97489364046,1355.84185894248,1254.69494990124,1314.30113223769,1413.53715836482,1220.7689720886,1335.46140887604
1177.98487745007,1922.79097301834,1400.61198670987,1594.84487027742,1621.77457713651,1848.31170410079,1009.61458454698,1118.06301484511,1399.83767884461,1023.32910558688,1421.01847774015,2087.59528174694,1793.56980408474,1567.27245264771,1949.28364127447,1738.08503543211,956.12017731775,1677.92512685274,1328.97489364046,1355.84185894248,1254.69494990124,1314.30113223769,1413.53715836482,1220.7689720886,1335.46140887604
1177.98487745007,1922.79097301834,1400.61198670987,1594.84487027742,1621.77457713651,1848.31170410079,1009.61458454698,1118.06301484511,1399.83767884461,1023.32910558688,1421.01847774015,2087.59528174694,1793.56980408474,1567.27245264771,1949.28364127447,1738.08503543211,956.12017731775,1677.92512685274,1328.97489364046,1355.84185894248,1254.69494990124,1314.30113223769,1413.53715836482,1220.7689720886,1335.46140887604
1177.98487745007,1922.79097301834,1400.61198670987,1594.84487027742,1621.77457713651,1848.31170410079,1009.61458454698,1118.06301484511,1399.83767884461,1023.32910558688,1421.01847774015,2087.59528174694,1793.56980408474,1567.27245264771,1949.28364127447,1738.08503543211,956.12017731775,1677.92512685274,1328.97489364046,1355.84185894248,1254.69494990124,1314.30113223769,1413.53715836482,1220.7689720886,1335.46140887604
1177.98487745007,1922.79097301834,1400.61198670987,1594.84487027742,1621.77457713651,1848.31170410079,1009.61458454698,1118.06301484511,1399.83767884461,1023.32910558688,1421.01847774015,2087.59528174694,1793.56980408474,1567.27245264771,1949.28364127447,1738.08503543211,956.12017731775,1677.92512685274,1328.97489364046,1355.84185894248,1254.69494990124,1314.30113223769,1413.53715836482,1220.7689720886,1335.46140887604
1177.98487745007,1922.79097301834,1400.61198670987,1594.84487027742,1621.77457713651,1848.31170410079,1009.61458454698,1118.06301484511,1399.83767884461,1023.32910558688,1421.01847774015,2087.59528174694,1793.56980408474,1567.27245264771,1949.28364127447,1738.08503543211,956.12017731775,1677.92512685274,1328.97489364046,1355.84185894248,1254.69494990124,1314.30113223769,1413.53715836482,1220.7689720886,1335.46140887604
1177.98487745007,1922.79097301834,1400.61198670987,1594.84487027742,1621.77457713651,1848.31170410079,1009.61458454698,1118.06301484511,1399.83767884461,1023.32910558688,1421.01847774015,2087.59528174694,1793.56980408474,1567.27245264771,1949.28364127447,1738.08503543211,956.12017731775,1677.92512685274,1328.97489364046,1355.84185894248,1254.69494990124,1314.30113223769,1413.53715836482,1220.7689720886,1335.46140887604
1177.98487745007,1922.79097301834,1400.61198670987,1594.84487027742,1621.77457713651,1848.31170410079,1009.61458454698,1118.06301484511,1399.83767884461,1023.32910558688,1421.01847774015,2087.59528174694,1793.56980408474,1567.27245264771,1949.28364127447,1738.08503543211,956.12017731775,1677.92512685274,1328.97489364046,1355.84185894248,1254.69494990124,1314.30113223769,1413.53715836482,1220.7689720886,1335.46140887604
1177.98487745007,1922.79097301834,1400.61198670987,1594.84487027742,1621.77457713651,1848.31170410079,1009.61458454698,1118.06301484511,1399.83767884461,1023.32910558688,1421.01847774015,2087.59528174694,1793.56980408474,1567.27245264771,1949.28364127447,1738.08503543211,956.12017731775,1677.92512685274,1328.97489364046,1355.84185894248,1254.69494990124,1314.30113223769,1413.53715836482,1220.7689720886,1335.46140887604
1177.98487745007,1922.79097301834,1400.61198670987,1594.84487027742,1621.77457713651,1848.31170410079,1009.61458454698,1118.06301484511,1399.83767884461,1023.32910558688,1421.01847774015,2087.59528174694,1793.56980408474,1567.27245264771,1949.28364127447,1738.08503543211,956.12017731775,1677.92512685274,1328.97489364046,1355.84185894248,1254.69494990124,1314.30113223769,1413.53715836482,1220.7689720886,1335.46140887604
1177.98487745007,1922.79097301834,1400.61198670987,1594.84487027742,1621.77457713651,1848.31170410079,1009.61458454698,1118.06301484511,1399.83767884461,1023.32910558688,1421.01847774015,2087.59528174694,1793.56980408474,1567.27245264771,1949.28364127447,1738.08503543211,956.12017731775,1677.92512685274,1328.97489364046,1355.84185894248,1254.69494990124,1314.30113223769,1413.53715836482,1220.7689720886,1335.46140887604
1177.98487745007,1922.79097301834,1400.61198670987,1594.84487027742,1621.77457713651,1848.31170410079,1009.61458454698,1118.06301484511,1399.83767884461,1023.32910558688,1421.01847774015,2087.59528174694,1793.56980408474,1567.27245264771,1949.28364127447,1738.08503543211,956.12017731775,1677.92512685274,1328.97489364046,1355.84185894248,1254.69494990124,1314.30113223769,1413.53715836482,1220.7689720886,1335.46140887604
1177.98487745007,1922.79097301834,1400.61198670987,1594.84487027742,1621.77457713651,1848.31170410079,1009.61458454698,1118.06301484511,1399.83767884461,1023.32910558688,1421.01847774015,2087.59528174694,1793.56980408474,1567.27245264771,1949.28364127447,1738.08503543211,956.12017731775,1677.92512685274,1328.97489364046,1355.84185894248,1254.69494990124,1314.30113223769,1413.53715836482,1220.7689720886,1335.46140887604
1177.98487745007,1922.79097301834,1400.61198670987,1594.84487027742,1621.77457713651,1848.31170410079,1009.61458454698,1118.06301484511,1399.83767884461,1023.32910558688,1421.01847774015,2087.59528174694,1793.56980408474,1567.27245264771,1949.28364127447,1738.08503543211,956.12017731775,1677.92512685274,1328.97489364046,1355.84185894248,1254.69494990124,1314.30113223769,1413.53715836482,1220.7689720886,1335.46140887604
1177.98487745007,1922.79097301834,1400.61198670987,1594.84487027742,1621.77457713651,1848.31170410079,1009.61458454698,1118.06301484511,1399.83767884461,1023.32910558688,1421.01847774015,2087.59528174694,1793.56980408474,1567.27245264771,1949.28364127447,1738.08503543211,956.12017731775,1677.92512685274,1328.97489364046,1355.84185894248,1254.69494990124,1314.30113223769,1413.53715836482,1220.7689720886,1335.46140887604
1177.98487745007,1922.79097301834,1400.61198670987,1594.84487027742,1621.77457713651,1848.31170410079,1009.61458454698,1118.06301484511,1399.83767884461,1023.32910558688,1421.01847774015,2087.59528174694,1793.56980408474,1567.27245264771,1949.28364127447,1738.08503543211,956.12017731775,1677.92512685274,1328.97489364046,1355.84185894248,1254.69494990124,1314.30113223769,1413.53715836482,1220.7689720886,1335.46140887604
1177.98487745007,1922.79097301834,1400.61198670987,1594.84487027742,1621.77457713651,1848.31170410079,1009.61458454698,1118.06301484511,1399.83767884461,1023.32910558688,1421.01847774015,2087.59528174694,1793.56980408474,1567.27245264771,1949.28364127447,1738.08503543211,956.12017731775,1677.92512685274,1328.97489364046,1355.84185894248,1254.69494990124,1314.30113223769,1413.53715836482,1220.7689720886,1335.46140887604
1177.98487745007,1922.79097301834,1400.61198670987,1594.84487027742,1621.77457713651,1848.31170410079,1009.61458454698,1118.06301484511,1399.83767884461,1023.32910558688,1421.01847774015,2087.59528174694,1793.56980408474,1567.27245264771,1949.28364127447,1738.08503543211,956.12017731775,1677.92512685274,1328.97489364046,1355.84185894248,1254.69494990124,1314.30113223769,1413.53715836482,1220.7689720886,1335.46140887604
1177.98487745007,1922.79097301834,1400.61198670987,1594.84487027742,1621.77457713651,1848.31170410079,1009.61458454698,1118.06301484511,1399.83767884461,1023.32910558688,1421.01847774015,2087.59528174694,1793.56980408474,1567.27245264771,1949.28364127447,1738.08503543211,956.12017731775,1677.92512685274,1328.97489364046,1355.84185894248,1254.69494990124,1314.30113223769,1413.53715836482,1220.7689720886,1335.46140887604
1177.98487745007,1922.79097301834,1400.61198670987,1594.84487027742,1621.77457713651,1848.31170410079,1009.61458454698,1118.06301484511,1399.83767884461,1023.32910558688,1421.01847774015,2087.59528174694,1793.56980408474,1567.27245264771,1949.28364127447,1738.08503543211,956.12017731775,1677.92512685274,1328.97489364046,1355.84185894248,1254.69494990124,1314.30113223769,1413.53715836482,1220.7689720886,1335.46140887604
1177.98487745007,1922.79097301834,1400.61198670987,1594.84487027742,1621.77457713651,1848.31170410079,1009.61458454698,1118.06301484511,1399.83767884461,1023.32910558688,1421.01847774015,2087.59528174694,1793.56980408474,1567.27245264771,1949.28364127447,1738.08503543211,956.12017731775,1677.92512685274,1328.97489364046,1355.84185894248,1254.69494990124,1314.30113223769,1413.53715836482,1220.7689720886,1335.46140887604
1177.98487745007,1922.79097301834,1400.61198670987,1594.84487027742,1621.77457713651,1848.31170410079,1009.61458454698,1118.06301484511,1399.83767884461,1023.32910558688,1421.01847774015,2087.59528174694,1793.56980408474,1567.27245264771,1949.28364127447,1738.08503543211,956.12017731775,1677.92512685274,1328.97489364046,1355.84185894248,1254.69494990124,1314.30113223769,1413.53715836482,1220.7689720886,1335.46140887604
1177.98487745007,1922.79097301834,1400.61198670987,1594.84487027742,1621.77457713651,1848.31170410079,1009.61458454698,1118.06301484511,1399.83767884461,1023.32910558688,1421.01847774015,2087.59528174694,1793.56980408474,1567.27245264771,1949.28364127447,1738.08503543211,956.12017731775,1677.92512685274,1328.97489364046,1355.84185894248,1254.69494990124,1314.30113223769,1413.53715836482,1220.7689720886,1335.46140887604
1177.98487745007,1922.79097301834,1400.61198670987,1594.84487027742,1621.77457713651,1848.31170410079,1009.61458454698,1118.06301484511,1399.83767884461,1023.32910558688,1421.01847774015,2087.59528174694,1793.56980408474,1567.27245264771,1949.28364127447,1738.08503543211,956.12017731775,1677.92512685274,1328.97489364046,1355.84185894248,1254.69494990124,1314.30113223769,1413.53715836482,1220.7689720886,1335.46140887604
1177.98487745007,1922.79097301834,1400.61198670987,1594.84487027742,1621.77457713651,1848.31170410079,1009.61458454698,1118.06301484511,1399.83767884461,1023.32910558688,1421.01847774015,2087.59528174694,1793.56980408474,1567.27245264771,1949.28364127447,1738.08503543211,956.12017731775,1677.92512685274,1328.97489364046,1355.84185894248,1254.69494990124,1314.30113223769,1413.53715836482,1220.7689720886,1335.46140887604
1177.98487745007,1922.79097301834,1400.61198670987,1594.84487027742,1621.77457713651,1848.31170410079,1009.61458454698,1118.06301484511,1399.83767884461,1023.32910558688,1421.01847774015,2087.59528174694,1793.56980408474,1567.27245264771,1949.28364127447,1738.08503543211,956.12017731775,1677.92512685274,1328.97489364046,1355.84185894248,1254.69494990124,1314.30113223769,1413.53715836482,1220.7689720886,1335.46140887604
1177.98487745007,1922.79097301834,1400.61198670987,1594.84487027742,1621.77457713651,1848.31170410079,1009.61458454698,1118.06301484511,1399.83767884461,1023.32910558688,1421.01847774015,2087.59528174694,1793.56980408474,1567.27245264771,1949.28364127447,1738.08503543211,956.12017731775,1677.92512685274,1328.97489364046,1355.84185894248,1254.69494990124,1314.30113223769,1413.53715836482,1220.7689720886,1335.46140887604
1177.98487745007,1922.79097301834,1400.61198670987,1594.84487027742,1621.77457713651,1848.31170410079,1009.61458454698,1118.06301484511,1399.83767884461,1023.32910558688,1421.01847774015,2087.59528174694,1793.56980408474,1567.27245264771,1949.28364127447,1738.08503543211,956.12017731775,1677.92512685274,1328.97489364046,1355.84185894248,1254.69494990124,1314.30113223769,1413.53715836482,1220.7689720886,1335.46140887604
1177.98487745007,1922.79097301834,1400.61198670987,1594.84487027742,1621.77457713651,1848.31170410079,1009.61458454698,1118.06301484511,1399.83767884461,1023.32910558688,1421.01847774015,2087.59528174694,1793.56980408474,1567.27245264771,1949.28364127447,1738.08503543211,956.12017731775,1677.92512685274,1328.97489364046,1355.84185894248,1254.69494990124,1314.30113223769,1413.53715836482,1220.7689720886,1335.46140887604
1177.98487745007,1922.79097301834,1400.61198670987,1594.84487027742,1621.77457713651,1848.31170410079,1009.61458454698,1118.06301484511,1399.83767884461,1023.32910558688,1421.01847774015,2087.59528174694,1793.56980408474,1567.27245264771,1949.28364127447,1738.08503543211,956.12017731775,1677.92512685274,1328.97489364046,1355.84185894248,1254.69494990124,1314.30113223769,1413.53715836482,1220.7689720886,1335.46140887604
1177.98487745007,1922.79097301834,1400.61198670987,1594.84487027742,1621.77457713651,1848.31170410079,1009.61458454698,1118.06301484511,1399.83767884461,1023.32910558688,1421.01847774015,2087.59528174694,1793.56980408474,1567.27245264771,1949.28364127447,1738.08503543211,956.12017731775,1677.92512685274,1328.97489364046,1355.84185894248,1254.69494990124,1314.30113223769,1413.53715836482,1220.7689720886,1335.46140887604
1177.98487745007,1922.79097301834,1400.61198670987,1594.84487027742,1621.77457713651,1848.31170410079,1009.61458454698,1118.06301484511,1399.83767884461,1023.32910558688,1421.01847774015,2087.59528174694,1793.56980408474,1567.27245264771,1949.28364127447,1738.08503543211,956.12017731775,1677.92512685274,1328.97489364046,1355.84185894248,1254.69494990124,1314.30113223769,1413.53715836482,1220.7689720886,1335.46140887604
1177.98487745007,1922.79097301834,1400.61198670987,1594.84487027742,1621.77457713651,1848.31170410079,1009.61458454698,1118.06301484511,1399.83767884461,1023.32910558688,1421.01847774015,2087.59528174694,1793.56980408474,1567.27245264771,1949.28364127447,1738.08503543211,956.12017731775,1677.92512685274,1328.97489364046,1355.84185894248,1254.69494990124,1314.30113223769,1413.53715836482,1220.7689720886,1335.46140887604
1177.98487745007,1922.79097301834,1400.61198670987,1594.84487027742,1621.77457713651,1848.31170410079,1009.61458454698,1118.06301484511,1399.83767884461,1023.32910558688,1421.01847774015,2087.59528174694,1793.56980408474,1567.27245264771,1949.28364127447,1738.08503543211,956.12017731775,1677.92512685274,1328.97489364046,1355.84185894248,1254.69494990124,1314.30113223769,1413.53715836482,1220.7689720886,1335.46140887604
1177.98487745007,1922.79097301834,1400.61198670987,1594.84487027742,1621.77457713651,1848.31170410079,1009.61458454698,1118.06301484511,1399.83767884461,1023.32910558688,1421.01847774015,2087.59528174694,1793.56980408474,1567.27245264771,1949.28364127447,1738.08503543211,956.12017731775,1677.92512685274,1328.97489364046,1355.84185894248,1254.69494990124,1314.30113223769,1413.53715836482,1220.7689720886,1335.46140887604
1177.98487745007,1922.79097301834,1400.61198670987,1594.84487027742,1621.77457713651,1848.31170410079,1009.61458454698,1118.06301484511,1399.83767884461,1023.32910558688,1421.01847774015,2087.59528174694,1793.56980408474,1567.27245264771,1949.28364127447,1738.08503543211,956.12017731775,1677.92512685274,1328.97489364046,1355.84185894248,1254.69494990124,1314.30113223769,1413.53715836482,1220.7689720886,1335.46140887604
1177.98487745007,1922.79097301834,1400.61198670987,1594.84487027742,1621.77457713651,1848.31170410079,1009.61458454698,1118.06301484511,1399.83767884461,1023.32910558688,1421.01847774015,2087.59528174694,1793.56980408474,1567.27245264771,1949.28364127447,1738.08503543211,956.12017731775,1677.92512685274,1328.97489364046,1355.84185894248,1254.69494990124,1314.30113223769,1413.53715836482,1220.7689720886,1335.46140887604
1177.98487745007,1922.79097301834,1400.61198670987,1594.84487027742,1621.77457713651,1848.31170410079,1009.61458454698,1118.06301484511,1399.83767884461,1023.32910558688,1421.01847774015,2087.59528174694,1793.56980408474,1567.27245264771,1949.28364127447,1738.08503543211,956.12017731775,1677.92512685274,1328.97489364046,1355.84185894248,1254.69494990124,1314.30113223769,1413.53715836482,1220.7689720886,1335.46140887604
1177.98487745007,1922.79097301834,1400.61198670987,1594.84487027742,1621.77457713651,1848.31170410079,1009.61458454698,1118.06301484511,1399.83767884461,1023.32910558688,1421.01847774015,2087.59528174694,1793.56980408474,1567.27245264771,1949.28364127447,1738.08503543211,956.12017731775,1677.92512685274,1328.97489364046,1355.84185894248,1254.69494990124,1314.30113223769,1413.53715836482,1220.7689720886,1335.46140887604
1177.98487745007,1922.79097301834,1400.61198670987,1594.84487027742,1621.77457713651,1848.31170410079,1009.61458454698,1118.06301484511,1399.83767884461,1023.32910558688,1421.01847774015,2087.59528174694,1793.56980408474,1567.27245264771,1949.28364127447,1738.08503543211,956.12017731775,1677.92512685274,1328.97489364046,1355.84185894248,1254.69494990124,1314.30113223769,1413.53715836482,1220.7689720886,1335.46140887604
1177.98487745007,1922.79097301834,1400.61198670987,1594.84487027742,1621.77457713651,1848.31170410079,1009.61458454698,1118.06301484511,1399.83767884461,1023.32910558688,1421.01847774015,2087.59528174694,1793.56980408474,1567.27245264771,1949.28364127447,1738.08503543211,956.12017731775,1677.92512685274,1328.97489364046,1355.84185894248,1254.69494990124,1314.30113223769,1413.53715836482,1220.7689720886,1335.46140887604
1177.98487745007,1922.79097301834,1400.61198670987,1594.84487027742,1621.77457713651,1848.31170410079,1009.61458454698,1118.06301484511,1399.83767884461,1023.32910558688,1421.01847774015,2087.59528174694,1793.56980408474,1567.27245264771,1949.28364127447,1738.08503543211,956.12017731775,1677.92512685274,1328.97489364046,1355.84185894248,1254.69494990124,1314.30113223769,1413.53715836482,1220.7689720886,1335.46140887604
1177.98487745007,1922.79097301834,1400.61198670987,1594.84487027742,1621.77457713651,1848.31170410079,1009.61458454698,1118.06301484511,1399.83767884461,1023.32910558688,1421.01847774015,2087.59528174694,1793.56980408474,1567.27245264771,1949.28364127447,1738.08503543211,956.12017731775,1677.92512685274,1328.97489364046,1355.84185894248,1254.69494990124,1314.30113223769,1413.53715836482,1220.7689720886,1335.46140887604
1177.98487745007,1922.79097301834,1400.61198670987,1594.84487027742,1621.77457713651,1848.31170410079,1009.61458454698,1118.06301484511,1399.83767884461,1023.32910558688,1421.01847774015,2087.59528174694,1793.56980408474,1567.27245264771,1949.28364127447,1738.08503543211,956.12017731775,1677.92512685274,1328.97489364046,1355.84185894248,1254.69494990124,1314.30113223769,1413.53715836482,1220.7689720886,1335.46140887604
1177.98487745007,1922.79097301834,1400.61198670987,1594.84487027742,1621.77457713651,1848.31170410079,1009.61458454698,1118.06301484511,1399.83767884461,1023.32910558688,1421.01847774015,2087.59528174694,1793.56980408474,1567.27245264771,1949.28364127447,1738.08503543211,956.12017731775,1677.92512685274,1328.97489364046,1355.84185894248,1254.69494990124,1314.30113223769,1413.53715836482,1220.7689720886,1335.46140887604
1177.98487745007,1922.79097301834,1400.61198670987,1594.84487027742,1621.77457713651,1848.31170410079,1009.61458454698,1118.06301484511,1399.83767884461,1023.32910558688,1421.01847774015,2087.59528174694,1793.56980408474,1567.27245264771,1949.28364127447,1738.08503543211,956.12017731775,1677.92512685274,1328.97489364046,1355.84185894248,1254.69494990124,1314.30113223769,1413.53715836482,1220.7689720886,1335.46140887604
1177.98487745007,1922.79097301834,1400.61198670987,1594.84487027742,1621.77457713651,1848.31170410079,1009.61458454698,1118.06301484511,1399.83767884461,1023.32910558688,1421.01847774015,2087.59528174694,1793.56980408474,1567.27245264771,1949.28364127447,1738.08503543211,956.12017731775,1677.92512685274,1328.97489364046,1355.84185894248,1254.69494990124,1314.30113223769,1413.53715836482,1220.7689720886,1335.46140887604
1177.98487745007,1922.79097301834,1400.61198670987,1594.84487027742,1621.77457713651,1848.31170410079,1009.61458454698,1118.06301484511,1399.83767884461,1023.32910558688,1421.01847774015,2087.59528174694,1793.56980408474,1567.27245264771,1949.28364127447,1738.08503543211,956.12017731775,1677.92512685274,1328.97489364046,1355.84185894248,1254.69494990124,1314.30113223769,1413.53715836482,1220.7689720886,1335.46140887604
1177.98487745007,1922.79097301834,1400.61198670987,1594.84487027742,1621.77457713651,1848.31170410079,1009.61458454698,1118.06301484511,1399.83767884461,1023.32910558688,1421.01847774015,2087.59528174694,1793.56980408474,1567.27245264771,1949.28364127447,1738.08503543211,956.12017731775,1677.92512685274,1328.97489364046,1355.84185894248,1254.69494990124,1314.30113223769,1413.53715836482,1220.7689720886,1335.46140887604
1177.98487745007,1922.79097301834,1400.61198670987,1594.84487027742,1621.77457713651,1848.31170410079,1009.61458454698,1118.06301484511,1399.83767884461,1023.32910558688,1421.01847774015,2087.59528174694,1793.56980408474,1567.27245264771,1949.28364127447,1738.08503543211,956.12017731775,1677.92512685274,1328.97489364046,1355.84185894248,1254.69494990124,1314.30113223769,1413.53715836482,1220.7689720886,1335.46140887604
1177.98487745007,1922.79097301834,1400.61198670987,1594.84487027742,1621.77457713651,1848.31170410079,1009.61458454698,1118.06301484511,1399.83767884461,1023.32910558688,1421.01847774015,2087.59528174694,1793.56980408474,1567.27245264771,1949.28364127447,1738.08503543211,956.12017731775,1677.92512685274,1328.97489364046,1355.84185894248,1254.69494990124,1314.30113223769,1413.53715836482,1220.7689720886,1335.46140887604
1177.98487745007,1922.79097301834,1400.61198670987,1594.84487027742,1621.77457713651,1848.31170410079,1009.61458454698,1118.06301484511,1399.83767884461,1023.32910558688,1421.01847774015,2087.59528174694,1793.56980408474,1567.27245264771,1949.28364127447,1738.08503543211,956.12017731775,1677.92512685274,1328.97489364046,1355.84185894248,1254.69494990124,1314.30113223769,1413.53715836482,1220.7689720886,1335.46140887604
1177.98487745007,1922.79097301834,1400.61198670987,1594.84487027742,1621.77457713651,1848.31170410079,1009.61458454698,1118.06301484511,1399.83767884461,1023.32910558688,1421.01847774015,2087.59528174694,1793.56980408474,1567.27245264771,1949.28364127447,1738.08503543211,956.12017731775,1677.92512685274,1328.97489364046,1355.84185894248,1254.69494990124,1314.30113223769,1413.53715836482,1220.7689720886,1335.46140887604
1177.98487745007,1922.79097301834,1400.61198670987,1594.84487027742,1621.77457713651,1848.31170410079,1009.61458454698,1118.06301484511,1399.83767884461,1023.32910558688,1421.01847774015,2087.59528174694,1793.56980408474,1567.27245264771,1949.28364127447,1738.08503543211,956.12017731775,1677.92512685274,1328.97489364046,1355.84185894248,1254.69494990124,1314.30113223769,1413.53715836482,1220.7689720886,1335.46140887604
1177.98487745007,1922.79097301834,1400.61198670987,1594.84487027742,1621.77457713651,1848.31170410079,1009.61458454698,1118.06301484511,1399.83767884461,1023.32910558688,1421.01847774015,2087.59528174694,1793.56980408474,1567.27245264771,1949.28364127447,1738.08503543211,956.12017731775,1677.92512685274,1328.97489364046,1355.84185894248,1254.69494990124,1314.30113223769,1413.53715836482,1220.7689720886,1335.46140887604
1177.98487745007,1922.79097301834,1400.61198670987,1594.84487027742,1621.77457713651,1848.31170410079,1009.61458454698,1118.06301484511,1399.83767884461,1023.32910558688,1421.01847774015,2087.59528174694,1793.56980408474,1567.27245264771,1949.28364127447,1738.08503543211,956.12017731775,1677.92512685274,1328.97489364046,1355.84185894248,1254.69494990124,1314.30113223769,1413.53715836482,1220.7689720886,1335.46140887604
1177.98487745007,1922.79097301834,1400.61198670987,1594.84487027742,1621.77457713651,1848.31170410079,1009.61458454698,1118.06301484511,1399.83767884461,1023.32910558688,1421.01847774015,2087.59528174694,1793.56980408474,1567.27245264771,1949.28364127447,1738.08503543211,956.12017731775,1677.92512685274,1328.97489364046,1355.84185894248,1254.69494990124,1314.30113223769,1413.53715836482,1220.7689720886,1335.46140887604
1177.98487745007,1922.79097301834,1400.61198670987,1594.84487027742,1621.77457713651,1848.31170410079,1009.61458454698,1118.06301484511,1399.83767884461,1023.32910558688,1421.01847774015,2087.59528174694,1793.56980408474,1567.27245264771,1949.28364127447,1738.08503543211,956.12017731775,1677.92512685274,1328.97489364046,1355.84185894248,1254.69494990124,1314.30113223769,1413.53715836482,1220.7689720886,1335.46140887604
1177.98487745007,1922.79097301834,1400.61198670987,1594.84487027742,1621.77457713651,1848.31170410079,1009.61458454698,1118.06301484511,1399.83767884461,1023.32910558688,1421.01847774015,2087.59528174694,1793.56980408474,1567.27245264771,1949.28364127447,1738.08503543211,956.12017731775,1677.92512685274,1328.97489364046,1355.84185894248,1254.69494990124,1314.30113223769,1413.53715836482,1220.7689720886,1335.46140887604
1177.98487745007,1922.79097301834,1400.61198670987,1594.84487027742,1621.77457713651,1848.31170410079,1009.61458454698,1118.06301484511,1399.83767884461,1023.32910558688,1421.01847774015,2087.59528174694,1793.56980408474,1567.27245264771,1949.28364127447,1738.08503543211,956.12017731775,1677.92512685274,1328.97489364046,1355.84185894248,1254.69494990124,1314.30113223769,1413.53715836482,1220.7689720886,1335.46140887604
1177.98487745007,1922.79097301834,1400.61198670987,1594.84487027742,1621.77457713651,1848.31170410079,1009.61458454698,1118.06301484511,1399.83767884461,1023.32910558688,1421.01847774015,2087.59528174694,1793.56980408474,1567.27245264771,1949.28364127447,1738.08503543211,956.12017731775,1677.92512685274,1328.97489364046,1355.84185894248,1254.69494990124,1314.30113223769,1413.53715836482,1220.7689720886,1335.46140887604
1177.98487745007,1922.79097301834,1400.61198670987,1594.84487027742,1621.77457713651,1848.31170410079,1009.61458454698,1118.06301484511,1399.83767884461,1023.32910558688,1421.01847774015,2087.59528174694,1793.56980408474,1567.27245264771,1949.28364127447,1738.08503543211,956.12017731775,1677.92512685274,1328.97489364046,1355.84185894248,1254.69494990124,1314.30113223769,1413.53715836482,1220.7689720886,1335.46140887604
1177.98487745007,1922.79097301834,1400.61198670987,1594.84487027742,1621.77457713651,1848.31170410079,1009.61458454698,1118.06301484511,1399.83767884461,1023.32910558688,1421.01847774015,2087.59528174694,1793.56980408474,1567.27245264771,1949.28364127447,1738.08503543211,956.12017731775,1677.92512685274,1328.97489364046,1355.84185894248,1254.69494990124,1314.30113223769,1413.53715836482,1220.7689720886,1335.46140887604
1177.98487745007,1922.79097301834,1400.61198670987,1594.84487027742,1621.77457713651,1848.31170410079,1009.61458454698,1118.06301484511,1399.83767884461,1023.32910558688,1421.01847774015,2087.59528174694,1793.56980408474,1567.27245264771,1949.28364127447,1738.08503543211,956.12017731775,1677.92512685274,1328.97489364046,1355.84185894248,1254.69494990124,1314.30113223769,1413.53715836482,1220.7689720886,1335.46140887604
1177.98487745007,1922.79097301834,1400.61198670987,1594.84487027742,1621.77457713651,1848.31170410079,1009.61458454698,1118.06301484511,1399.83767884461,1023.32910558688,1421.01847774015,2087.59528174694,1793.56980408474,1567.27245264771,1949.28364127447,1738.08503543211,956.12017731775,1677.92512685274,1328.97489364046,1355.84185894248,1254.69494990124,1314.30113223769,1413.53715836482,1220.7689720886,1335.46140887604
1177.98487745007,1922.79097301834,1400.61198670987,1594.84487027742,1621.77457713651,1848.31170410079,1009.61458454698,1118.06301484511,1399.83767884461,1023.32910558688,1421.01847774015,2087.59528174694,1793.56980408474,1567.27245264771,1949.28364127447,1738.08503543211,956.12017731775,1677.92512685274,1328.97489364046,1355.84185894248,1254.69494990124,1314.30113223769,1413.53715836482,1220.7689720886,1335.46140887604
1177.98487745007,1922.79097301834,1400.61198670987,1594.84487027742,1621.77457713651,1848.31170410079,1009.61458454698,1118.06301484511,1399.83767884461,1023.32910558688,1421.01847774015,2087.59528174694,1793.56980408474,1567.27245264771,1949.28364127447,1738.08503543211,956.12017731775,1677.92512685274,1328.97489364046,1355.84185894248,1254.69494990124,1314.30113223769,1413.53715836482,1220.7689720886,1335.46140887604
1177.98487745007,1922.79097301834,1400.61198670987,1594.84487027742,1621.77457713651,1848.31170410079,1009.61458454698,1118.06301484511,1399.83767884461,1023.32910558688,1421.01847774015,2087.59528174694,1793.56980408474,1567.27245264771,1949.28364127447,1738.08503543211,956.12017731775,1677.92512685274,1328.97489364046,1355.84185894248,1254.69494990124,1314.30113223769,1413.53715836482,1220.7689720886,1335.46140887604
1177.98487745007,1922.79097301834,1400.61198670987,1594.84487027742,1621.77457713651,1848.31170410079,1009.61458454698,1118.06301484511,1399.83767884461,1023.32910558688,1421.01847774015,2087.59528174694,1793.56980408474,1567.27245264771,1949.28364127447,1738.08503543211,956.12017731775,1677.92512685274,1328.97489364046,1355.84185894248,1254.69494990124,1314.30113223769,1413.53715836482,1220.7689720886,1335.46140887604
1177.98487745007,1922.79097301834,1400.61198670987,1594.84487027742,1621.77457713651,1848.31170410079,1009.61458454698,1118.06301484511,1399.83767884461,1023.32910558688,1421.01847774015,2087.59528174694,1793.56980408474,1567.27245264771,1949.28364127447,1738.08503543211,956.12017731775,1677.92512685274,1328.97489364046,1355.84185894248,1254.69494990124,1314.30113223769,1413.53715836482,1220.7689720886,1335.46140887604
1177.98487745007,1922.79097301834,1400.61198670987,1594.84487027742,1621.77457713651,1848.31170410079,1009.61458454698,1118.06301484511,1399.83767884461,1023.32910558688,1421.01847774015,2087.59528174694,1793.56980408474,1567.27245264771,1949.28364127447,1738.08503543211,956.12017731775,1677.92512685274,1328.97489364046,1355.84185894248,1254.69494990124,1314.30113223769,1413.53715836482,1220.7689720886,1335.46140887604
1177.98487745007,1922.79097301834,1400.61198670987,1594.84487027742,1621.77457713651,1848.31170410079,1009.61458454698,1118.06301484511,1399.83767884461,1023.32910558688,1421.01847774015,2087.59528174694,1793.56980408474,1567.27245264771,1949.28364127447,1738.08503543211,956.12017731775,1677.92512685274,1328.97489364046,1355.84185894248,1254.69494990124,1314.30113223769,1413.53715836482,1220.7689720886,1335.46140887604
1177.98487745007,1922.79097301834,1400.61198670987,1594.84487027742,1621.77457713651,1848.31170410079,1009.61458454698,1118.06301484511,1399.83767884461,1023.32910558688,1421.01847774015,2087.59528174694,1793.56980408474,1567.27245264771,1949.28364127447,1738.08503543211,956.12017731775,1677.92512685274,1328.97489364046,1355.84185894248,1254.69494990124,1314.30113223769,1413.53715836482,1220.7689720886,1335.46140887604
1177.98487745007,1922.79097301834,1400.61198670987,1594.84487027742,1621.77457713651,1848.31170410079,1009.61458454698,1118.06301484511,1399.83767884461,1023.32910558688,1421.01847774015,2087.59528174694,1793.56980408474,1567.27245264771,1949.28364127447,1738.08503543211,956.12017731775,1677.92512685274,1328.97489364046,1355.84185894248,1254.69494990124,1314.30113223769,1413.53715836482,1220.7689720886,1335.46140887604
1177.98487745007,1922.79097301834,1400.61198670987,1594.84487027742,1621.77457713651,1848.31170410079,1009.61458454698,1118.06301484511,1399.83767884461,1023.32910558688,1421.01847774015,2087.59528174694,1793.56980408474,1567.27245264771,1949.28364127447,1738.08503543211,956.12017731775,1677.92512685274,1328.97489364046,1355.84185894248,1254.69494990124,1314.30113223769,1413.53715836482,1220.7689720886,1335.46140887604
1177.98487745007,1922.79097301834,1400.61198670987,1594.84487027742,1621.77457713651,1848.31170410079,1009.61458454698,1118.06301484511,1399.83767884461,1023.32910558688,1421.01847774015,2087.59528174694,1793.56980408474,1567.27245264771,1949.28364127447,1738.08503543211,956.12017731775,1677.92512685274,1328.97489364046,1355.84185894248,1254.69494990124,1314.30113223769,1413.53715836482,1220.7689720886,1335.46140887604
1177.98487745007,1922.79097301834,1400.61198670987,1594.84487027742,1621.77457713651,1848.31170410079,1009.61458454698,1118.06301484511,1399.83767884461,1023.32910558688,1421.01847774015,2087.59528174694,1793.56980408474,1567.27245264771,1949.28364127447,1738.08503543211,956.12017731775,1677.92512685274,1328.97489364046,1355.84185894248,1254.69494990124,1314.30113223769,1413.53715836482,1220.7689720886,1335.46140887604
1177.98487745007,1922.79097301834,1400.61198670987,1594.84487027742,1621.77457713651,1848.31170410079,1009.61458454698,1118.06301484511,1399.83767884461,1023.32910558688,1421.01847774015,2087.59528174694,1793.56980408474,1567.27245264771,1949.28364127447,1738.08503543211,956.12017731775,1677.92512685274,1328.97489364046,1355.84185894248,1254.69494990124,1314.30113223769,1413.53715836482,1220.7689720886,1335.46140887604
1177.98487745007,1922.79097301834,1400.61198670987,1594.84487027742,1621.77457713651,1848.31170410079,1009.61458454698,1118.06301484511,1399.83767884461,1023.32910558688,1421.01847774015,2087.59528174694,1793.56980408474,1567.27245264771,1949.28364127447,1738.08503543211,956.12017731775,1677.92512685274,1328.97489364046,1355.84185894248,1254.69494990124,1314.30113223769,1413.53715836482,1220.7689720886,1335.46140887604
1177.98487745007,1922.79097301834,1400.61198670987,1594.84487027742,1621.77457713651,1848.31170410079,1009.61458454698,1118.06301484511,1399.83767884461,1023.32910558688,1421.01847774015,2087.59528174694,1793.56980408474,1567.27245264771,1949.28364127447,1738.08503543211,956.12017731775,1677.92512685274,1328.97489364046,1355.84185894248,1254.69494990124,1314.30113223769,1413.53715836482,1220.7689720886,1335.46140887604
1177.98487745007,1922.79097301834,1400.61198670987,1594.84487027742,1621.77457713651,1848.31170410079,1009.61458454698,1118.06301484511,1399.83767884461,1023.32910558688,1421.01847774015,2087.59528174694,1793.56980408474,1567.27245264771,1949.28364127447,1738.08503543211,956.12017731775,1677.92512685274,1328.97489364046,1355.84185894248,1254.69494990124,1314.30113223769,1413.53715836482,1220.7689720886,1335.46140887604
1177.98487745007,1922.79097301834,1400.61198670987,1594.84487027742,1621.77457713651,1848.31170410079,1009.61458454698,1118.06301484511,1399.83767884461,1023.32910558688,1421.01847774015,2087.59528174694,1793.56980408474,1567.27245264771,1949.28364127447,1738.08503543211,956.12017731775,1677.92512685274,1328.97489364046,1355.84185894248,1254.69494990124,1314.30113223769,1413.53715836482,1220.7689720886,1335.46140887604
1177.98487745007,1922.79097301834,1400.61198670987,1594.84487027742,1621.77457713651,1848.31170410079,1009.61458454698,1118.06301484511,1399.83767884461,1023.32910558688,1421.01847774015,2087.59528174694,1793.56980408474,1567.27245264771,1949.28364127447,1738.08503543211,956.12017731775,1677.92512685274,1328.97489364046,1355.84185894248,1254.69494990124,1314.30113223769,1413.53715836482,1220.7689720886,1335.46140887604
1177.98487745007,1922.79097301834,1400.61198670987,1594.84487027742,1621.77457713651,1848.31170410079,1009.61458454698,1118.06301484511,1399.83767884461,1023.32910558688,1421.01847774015,2087.59528174694,1793.56980408474,1567.27245264771,1949.28364127447,1738.08503543211,956.12017731775,1677.92512685274,1328.97489364046,1355.84185894248,1254.69494990124,1314.30113223769,1413.53715836482,1220.7689720886,1335.46140887604
1177.98487745007,1922.79097301834,1400.61198670987,1594.84487027742,1621.77457713651,1848.31170410079,1009.61458454698,1118.06301484511,1399.83767884461,1023.32910558688,1421.01847774015,2087.59528174694,1793.56980408474,1567.27245264771,1949.28364127447,1738.08503543211,956.12017731775,1677.92512685274,1328.97489364046,1355.84185894248,1254.69494990124,1314.30113223769,1413.53715836482,1220.7689720886,1335.46140887604
1177.98487745007,1922.79097301834,1400.61198670987,1594.84487027742,1621.77457713651,1848.31170410079,1009.61458454698,1118.06301484511,1399.83767884461,1023.32910558688,1421.01847774015,2087.59528174694,1793.56980408474,1567.27245264771,1949.28364127447,1738.08503543211,956.12017731775,1677.92512685274,1328.97489364046,1355.84185894248,1254.69494990124,1314.30113223769,1413.53715836482,1220.7689720886,1335.46140887604
1177.98487745007,1922.79097301834,1400.61198670987,1594.84487027742,1621.77457713651,1848.31170410079,1009.61458454698,1118.06301484511,1399.83767884461,1023.32910558688,1421.01847774015,2087.59528174694,1793.56980408474,1567.27245264771,1949.28364127447,1738.08503543211,956.12017731775,1677.92512685274,1328.97489364046,1355.84185894248,1254.69494990124,1314.30113223769,1413.53715836482,1220.7689720886,1335.46140887604
1177.98487745007,1922.79097301834,1400.61198670987,1594.84487027742,1621.77457713651,1848.31170410079,1009.61458454698,1118.06301484511,1399.83767884461,1023.32910558688,1421.01847774015,2087.59528174694,1793.56980408474,1567.27245264771,1949.28364127447,1738.08503543211,956.12017731775,1677.92512685274,1328.97489364046,1355.84185894248,1254.69494990124,1314.30113223769,1413.53715836482,1220.7689720886,1335.46140887604
1177.98487745007,1922.79097301834,1400.61198670987,1594.84487027742,1621.77457713651,1848.31170410079,1009.61458454698,1118.06301484511,1399.83767884461,1023.32910558688,1421.01847774015,2087.59528174694,1793.56980408474,1567.27245264771,1949.28364127447,1738.08503543211,956.12017731775,1677.92512685274,1328.97489364046,1355.84185894248,1254.69494990124,1314.30113223769,1413.53715836482,1220.7689720886,1335.46140887604
1177.98487745007,1922.79097301834,1400.61198670987,1594.84487027742,1621.77457713651,1848.31170410079,1009.61458454698,1118.06301484511,1399.83767884461,1023.32910558688,1421.01847774015,2087.59528174694,1793.56980408474,1567.27245264771,1949.28364127447,1738.08503543211,956.12017731775,1677.92512685274,1328.97489364046,1355.84185894248,1254.69494990124,1314.30113223769,1413.53715836482,1220.7689720886,1335.46140887604
1177.98487745007,1922.79097301834,1400.61198670987,1594.84487027742,1621.77457713651,1848.31170410079,1009.61458454698,1118.06301484511,1399.83767884461,1023.32910558688,1421.01847774015,2087.59528174694,1793.56980408474,1567.27245264771,1949.28364127447,1738.08503543211,956.12017731775,1677.92512685274,1328.97489364046,1355.84185894248,1254.69494990124,1314.30113223769,1413.53715836482,1220.7689720886,1335.46140887604
1177.98487745007,1922.79097301834,1400.61198670987,1594.84487027742,1621.77457713651,1848.31170410079,1009.61458454698,1118.06301484511,1399.83767884461,1023.32910558688,1421.01847774015,2087.59528174694,1793.56980408474,1567.27245264771,1949.28364127447,1738.08503543211,956.12017731775,1677.92512685274,1328.97489364046,1355.84185894248,1254.69494990124,1314.30113223769,1413.53715836482,1220.7689720886,1335.46140887604
1177.98487745007,1922.79097301834,1400.61198670987,1594.84487027742,1621.77457713651,1848.31170410079,1009.61458454698,1118.06301484511,1399.83767884461,1023.32910558688,1421.01847774015,2087.59528174694,1793.56980408474,1567.27245264771,1949.28364127447,1738.08503543211,956.12017731775,1677.92512685274,1328.97489364046,1355.84185894248,1254.69494990124,1314.30113223769,1413.53715836482,1220.7689720886,1335.46140887604
1177.98487745007,1922.79097301834,1400.61198670987,1594.84487027742,1621.77457713651,1848.31170410079,1009.61458454698,1118.06301484511,1399.83767884461,1023.32910558688,1421.01847774015,2087.59528174694,1793.56980408474,1567.27245264771,1949.28364127447,1738.08503543211,956.12017731775,1677.92512685274,1328.97489364046,1355.84185894248,1254.69494990124,1314.30113223769,1413.53715836482,1220.7689720886,1335.46140887604
1177.98487745007,1922.79097301834,1400.61198670987,1594.84487027742,1621.77457713651,1848.31170410079,1009.61458454698,1118.06301484511,1399.83767884461,1023.32910558688,1421.01847774015,2087.59528174694,1793.56980408474,1567.27245264771,1949.28364127447,1738.08503543211,956.12017731775,1677.92512685274,1328.97489364046,1355.84185894248,1254.69494990124,1314.30113223769,1413.53715836482,1220.7689720886,1335.46140887604
1177.98487745007,1922.79097301834,1400.61198670987,1594.84487027742,1621.77457713651,1848.31170410079,1009.61458454698,1118.06301484511,1399.83767884461,1023.32910558688,1421.01847774015,2087.59528174694,1793.56980408474,1567.27245264771,1949.28364127447,1738.08503543211,956.12017731775,1677.92512685274,1328.97489364046,1355.84185894248,1254.69494990124,1314.30113223769,1413.53715836482,1220.7689720886,1335.46140887604
1177.98487745007,1922.79097301834,1400.61198670987,1594.84487027742,1621.77457713651,1848.31170410079,1009.61458454698,1118.06301484511,1399.83767884461,1023.32910558688,1421.01847774015,2087.59528174694,1793.56980408474,1567.27245264771,1949.28364127447,1738.08503543211,956.12017731775,1677.92512685274,1328.97489364046,1355.84185894248,1254.69494990124,1314.30113223769,1413.53715836482,1220.7689720886,1335.46140887604
1177.98487745007,1922.79097301834,1400.61198670987,1594.84487027742,1621.77457713651,1848.31170410079,1009.61458454698,1118.06301484511,1399.83767884461,1023.32910558688,1421.01847774015,2087.59528174694,1793.56980408474,1567.27245264771,1949.28364127447,1738.08503543211,956.12017731775,1677.92512685274,1328.97489364046,1355.84185894248,1254.69494990124,1314.30113223769,1413.53715836482,1220.7689720886,1335.46140887604
1177.98487745007,1922.79097301834,1400.61198670987,1594.84487027742,1621.77457713651,1848.31170410079,1009.61458454698,1118.06301484511,1399.83767884461,1023.32910558688,1421.01847774015,2087.59528174694,1793.56980408474,1567.27245264771,1949.28364127447,1738.08503543211,956.12017731775,1677.92512685274,1328.97489364046,1355.84185894248,1254.69494990124,1314.30113223769,1413.53715836482,1220.7689720886,1335.46140887604
1177.98487745007,1922.79097301834,1400.61198670987,1594.84487027742,1621.77457713651,1848.31170410079,1009.61458454698,1118.06301484511,1399.83767884461,1023.32910558688,1421.01847774015,2087.59528174694,1793.56980408474,1567.27245264771,1949.28364127447,1738.08503543211,956.12017731775,1677.92512685274,1328.97489364046,1355.84185894248,1254.69494990124,1314.30113223769,1413.53715836482,1220.7689720886,1335.46140887604
1177.98487745007,1922.79097301834,1400.61198670987,1594.84487027742,1621.77457713651,1848.31170410079,1009.61458454698,1118.06301484511,1399.83767884461,1023.32910558688,1421.01847774015,2087.59528174694,1793.56980408474,1567.27245264771,1949.28364127447,1738.08503543211,956.12017731775,1677.92512685274,1328.97489364046,1355.84185894248,1254.69494990124,1314.30113223769,1413.53715836482,1220.7689720886,1335.46140887604
1177.98487745007,1922.79097301834,1400.61198670987,1594.84487027742,1621.77457713651,1848.31170410079,1009.61458454698,1118.06301484511,1399.83767884461,1023.32910558688,1421.01847774015,2087.59528174694,1793.56980408474,1567.27245264771,1949.28364127447,1738.08503543211,956.12017731775,1677.92512685274,1328.97489364046,1355.84185894248,1254.69494990124,1314.30113223769,1413.53715836482,1220.7689720886,1335.46140887604
1177.98487745007,1922.79097301834,1400.61198670987,1594.84487027742,1621.77457713651,1848.31170410079,1009.61458454698,1118.06301484511,1399.83767884461,1023.32910558688,1421.01847774015,2087.59528174694,1793.56980408474,1567.27245264771,1949.28364127447,1738.08503543211,956.12017731775,1677.92512685274,1328.97489364046,1355.84185894248,1254.69494990124,1314.30113223769,1413.53715836482,1220.7689720886,1335.46140887604
1177.98487745007,1922.79097301834,1400.61198670987,1594.84487027742,1621.77457713651,1848.31170410079,1009.61458454698,1118.06301484511,1399.83767884461,1023.32910558688,1421.01847774015,2087.59528174694,1793.56980408474,1567.27245264771,1949.28364127447,1738.08503543211,956.12017731775,1677.92512685274,1328.97489364046,1355.84185894248,1254.69494990124,1314.30113223769,1413.53715836482,1220.7689720886,1335.46140887604
1177.98487745007,1922.79097301834,1400.61198670987,1594.84487027742,1621.77457713651,1848.31170410079,1009.61458454698,1118.06301484511,1399.83767884461,1023.32910558688,1421.01847774015,2087.59528174694,1793.56980408474,1567.27245264771,1949.28364127447,1738.08503543211,956.12017731775,1677.92512685274,1328.97489364046,1355.84185894248,1254.69494990124,1314.30113223769,1413.53715836482,1220.7689720886,1335.46140887604
1177.98487745007,1922.79097301834,1400.61198670987,1594.84487027742,1621.77457713651,1848.31170410079,1009.61458454698,1118.06301484511,1399.83767884461,1023.32910558688,1421.01847774015,2087.59528174694,1793.56980408474,1567.27245264771,1949.28364127447,1738.08503543211,956.12017731775,1677.92512685274,1328.97489364046,1355.84185894248,1254.69494990124,1314.30113223769,1413.53715836482,1220.7689720886,1335.46140887604
1177.98487745007,1922.79097301834,1400.61198670987,1594.84487027742,1621.77457713651,1848.31170410079,1009.61458454698,1118.06301484511,1399.83767884461,1023.32910558688,1421.01847774015,2087.59528174694,1793.56980408474,1567.27245264771,1949.28364127447,1738.08503543211,956.12017731775,1677.92512685274,1328.97489364046,1355.84185894248,1254.69494990124,1314.30113223769,1413.53715836482,1220.7689720886,1335.46140887604
1177.98487745007,1922.79097301834,1400.61198670987,1594.84487027742,1621.77457713651,1848.31170410079,1009.61458454698,1118.06301484511,1399.83767884461,1023.32910558688,1421.01847774015,2087.59528174694,1793.56980408474,1567.27245264771,1949.28364127447,1738.08503543211,956.12017731775,1677.92512685274,1328.97489364046,1355.84185894248,1254.69494990124,1314.30113223769,1413.53715836482,1220.7689720886,1335.46140887604
1177.98487745007,1922.79097301834,1400.61198670987,1594.84487027742,1621.77457713651,1848.31170410079,1009.61458454698,1118.06301484511,1399.83767884461,1023.32910558688,1421.01847774015,2087.59528174694,1793.56980408474,1567.27245264771,1949.28364127447,1738.08503543211,956.12017731775,1677.92512685274,1328.97489364046,1355.84185894248,1254.69494990124,1314.30113223769,1413.53715836482,1220.7689720886,1335.46140887604
1177.98487745007,1922.79097301834,1400.61198670987,1594.84487027742,1621.77457713651,1848.31170410079,1009.61458454698,1118.06301484511,1399.83767884461,1023.32910558688,1421.01847774015,2087.59528174694,1793.56980408474,1567.27245264771,1949.28364127447,1738.08503543211,956.12017731775,1677.92512685274,1328.97489364046,1355.84185894248,1254.69494990124,1314.30113223769,1413.53715836482,1220.7689720886,1335.46140887604
1177.98487745007,1922.79097301834,1400.61198670987,1594.84487027742,1621.77457713651,1848.31170410079,1009.61458454698,1118.06301484511,1399.83767884461,1023.32910558688,1421.01847774015,2087.59528174694,1793.56980408474,1567.27245264771,1949.28364127447,1738.08503543211,956.12017731775,1677.92512685274,1328.97489364046,1355.84185894248,1254.69494990124,1314.30113223769,1413.53715836482,1220.7689720886,1335.46140887604
1177.98487745007,1922.79097301834,1400.61198670987,1594.84487027742,1621.77457713651,1848.31170410079,1009.61458454698,1118.06301484511,1399.83767884461,1023.32910558688,1421.01847774015,2087.59528174694,1793.56980408474,1567.27245264771,1949.28364127447,1738.08503543211,956.12017731775,1677.92512685274,1328.97489364046,1355.84185894248,1254.69494990124,1314.30113223769,1413.53715836482,1220.7689720886,1335.46140887604
1177.98487745007,1922.79097301834,1400.61198670987,1594.84487027742,1621.77457713651,1848.31170410079,1009.61458454698,1118.06301484511,1399.83767884461,1023.32910558688,1421.01847774015,2087.59528174694,1793.56980408474,1567.27245264771,1949.28364127447,1738.08503543211,956.12017731775,1677.92512685274,1328.97489364046,1355.84185894248,1254.69494990124,1314.30113223769,1413.53715836482,1220.7689720886,1335.46140887604
1177.98487745007,1922.79097301834,1400.61198670987,1594.84487027742,1621.77457713651,1848.31170410079,1009.61458454698,1118.06301484511,1399.83767884461,1023.32910558688,1421.01847774015,2087.59528174694,1793.56980408474,1567.27245264771,1949.28364127447,1738.08503543211,956.12017731775,1677.92512685274,1328.97489364046,1355.84185894248,1254.69494990124,1314.30113223769,1413.53715836482,1220.7689720886,1335.46140887604
1177.98487745007,1922.79097301834,1400.61198670987,1594.84487027742,1621.77457713651,1848.31170410079,1009.61458454698,1118.06301484511,1399.83767884461,1023.32910558688,1421.01847774015,2087.59528174694,1793.56980408474,1567.27245264771,1949.28364127447,1738.08503543211,956.12017731775,1677.92512685274,1328.97489364046,1355.84185894248,1254.69494990124,1314.30113223769,1413.53715836482,1220.7689720886,1335.46140887604
1177.98487745007,1922.79097301834,1400.61198670987,1594.84487027742,1621.77457713651,1848.31170410079,1009.61458454698,1118.06301484511,1399.83767884461,1023.32910558688,1421.01847774015,2087.59528174694,1793.56980408474,1567.27245264771,1949.28364127447,1738.08503543211,956.12017731775,1677.92512685274,1328.97489364046,1355.84185894248,1254.69494990124,1314.30113223769,1413.53715836482,1220.7689720886,1335.46140887604
1177.98487745007,1922.79097301834,1400.61198670987,1594.84487027742,1621.77457713651,1848.31170410079,1009.61458454698,1118.06301484511,1399.83767884461,1023.32910558688,1421.01847774015,2087.59528174694,1793.56980408474,1567.27245264771,1949.28364127447,1738.08503543211,956.12017731775,1677.92512685274,1328.97489364046,1355.84185894248,1254.69494990124,1314.30113223769,1413.53715836482,1220.7689720886,1335.46140887604
1177.98487745007,1922.79097301834,1400.61198670987,1594.84487027742,1621.77457713651,1848.31170410079,1009.61458454698,1118.06301484511,1399.83767884461,1023.32910558688,1421.01847774015,2087.59528174694,1793.56980408474,1567.27245264771,1949.28364127447,1738.08503543211,956.12017731775,1677.92512685274,1328.97489364046,1355.84185894248,1254.69494990124,1314.30113223769,1413.53715836482,1220.7689720886,1335.46140887604
1177.98487745007,1922.79097301834,1400.61198670987,1594.84487027742,1621.77457713651,1848.31170410079,1009.61458454698,1118.06301484511,1399.83767884461,1023.32910558688,1421.01847774015,2087.59528174694,1793.56980408474,1567.27245264771,1949.28364127447,1738.08503543211,956.12017731775,1677.92512685274,1328.97489364046,1355.84185894248,1254.69494990124,1314.30113223769,1413.53715836482,1220.7689720886,1335.46140887604
1177.98487745007,1922.79097301834,1400.61198670987,1594.84487027742,1621.77457713651,1848.31170410079,1009.61458454698,1118.06301484511,1399.83767884461,1023.32910558688,1421.01847774015,2087.59528174694,1793.56980408474,1567.27245264771,1949.28364127447,1738.08503543211,956.12017731775,1677.92512685274,1328.97489364046,1355.84185894248,1254.69494990124,1314.30113223769,1413.53715836482,1220.7689720886,1335.46140887604
1177.98487745007,1922.79097301834,1400.61198670987,1594.84487027742,1621.77457713651,1848.31170410079,1009.61458454698,1118.06301484511,1399.83767884461,1023.32910558688,1421.01847774015,2087.59528174694,1793.56980408474,1567.27245264771,1949.28364127447,1738.08503543211,956.12017731775,1677.92512685274,1328.97489364046,1355.84185894248,1254.69494990124,1314.30113223769,1413.53715836482,1220.7689720886,1335.46140887604
1177.98487745007,1922.79097301834,1400.61198670987,1594.84487027742,1621.77457713651,1848.31170410079,1009.61458454698,1118.06301484511,1399.83767884461,1023.32910558688,1421.01847774015,2087.59528174694,1793.56980408474,1567.27245264771,1949.28364127447,1738.08503543211,956.12017731775,1677.92512685274,1328.97489364046,1355.84185894248,1254.69494990124,1314.30113223769,1413.53715836482,1220.7689720886,1335.46140887604
1177.98487745007,1922.79097301834,1400.61198670987,1594.84487027742,1621.77457713651,1848.31170410079,1009.61458454698,1118.06301484511,1399.83767884461,1023.32910558688,1421.01847774015,2087.59528174694,1793.56980408474,1567.27245264771,1949.28364127447,1738.08503543211,956.12017731775,1677.92512685274,1328.97489364046,1355.84185894248,1254.69494990124,1314.30113223769,1413.53715836482,1220.7689720886,1335.46140887604
1177.98487745007,1922.79097301834,1400.61198670987,1594.84487027742,1621.77457713651,1848.31170410079,1009.61458454698,1118.06301484511,1399.83767884461,1023.32910558688,1421.01847774015,2087.59528174694,1793.56980408474,1567.27245264771,1949.28364127447,1738.08503543211,956.12017731775,1677.92512685274,1328.97489364046,1355.84185894248,1254.69494990124,1314.30113223769,1413.53715836482,1220.7689720886,1335.46140887604
1177.98487745007,1922.79097301834,1400.61198670987,1594.84487027742,1621.77457713651,1848.31170410079,1009.61458454698,1118.06301484511,1399.83767884461,1023.32910558688,1421.01847774015,2087.59528174694,1793.56980408474,1567.27245264771,1949.28364127447,1738.08503543211,956.12017731775,1677.92512685274,1328.97489364046,1355.84185894248,1254.69494990124,1314.30113223769,1413.53715836482,1220.7689720886,1335.46140887604
1177.98487745007,1922.79097301834,1400.61198670987,1594.84487027742,1621.77457713651,1848.31170410079,1009.61458454698,1118.06301484511,1399.83767884461,1023.32910558688,1421.01847774015,2087.59528174694,1793.56980408474,1567.27245264771,1949.28364127447,1738.08503543211,956.12017731775,1677.92512685274,1328.97489364046,1355.84185894248,1254.69494990124,1314.30113223769,1413.53715836482,1220.7689720886,1335.46140887604
1177.98487745007,1922.79097301834,1400.61198670987,1594.84487027742,1621.77457713651,1848.31170410079,1009.61458454698,1118.06301484511,1399.83767884461,1023.32910558688,1421.01847774015,2087.59528174694,1793.56980408474,1567.27245264771,1949.28364127447,1738.08503543211,956.12017731775,1677.92512685274,1328.97489364046,1355.84185894248,1254.69494990124,1314.30113223769,1413.53715836482,1220.7689720886,1335.46140887604
1177.98487745007,1922.79097301834,1400.61198670987,1594.84487027742,1621.77457713651,1848.31170410079,1009.61458454698,1118.06301484511,1399.83767884461,1023.32910558688,1421.01847774015,2087.59528174694,1793.56980408474,1567.27245264771,1949.28364127447,1738.08503543211,956.12017731775,1677.92512685274,1328.97489364046,1355.84185894248,1254.69494990124,1314.30113223769,1413.53715836482,1220.7689720886,1335.46140887604
1177.98487745007,1922.79097301834,1400.61198670987,1594.84487027742,1621.77457713651,1848.31170410079,1009.61458454698,1118.06301484511,1399.83767884461,1023.32910558688,1421.01847774015,2087.59528174694,1793.56980408474,1567.27245264771,1949.28364127447,1738.08503543211,956.12017731775,1677.92512685274,1328.97489364046,1355.84185894248,1254.69494990124,1314.30113223769,1413.53715836482,1220.7689720886,1335.46140887604
1177.98487745007,1922.79097301834,1400.61198670987,1594.84487027742,1621.77457713651,1848.31170410079,1009.61458454698,1118.06301484511,1399.83767884461,1023.32910558688,1421.01847774015,2087.59528174694,1793.56980408474,1567.27245264771,1949.28364127447,1738.08503543211,956.12017731775,1677.92512685274,1328.97489364046,1355.84185894248,1254.69494990124,1314.30113223769,1413.53715836482,1220.7689720886,1335.46140887604
1177.98487745007,1922.79097301834,1400.61198670987,1594.84487027742,1621.77457713651,1848.31170410079,1009.61458454698,1118.06301484511,1399.83767884461,1023.32910558688,1421.01847774015,2087.59528174694,1793.56980408474,1567.27245264771,1949.28364127447,1738.08503543211,956.12017731775,1677.92512685274,1328.97489364046,1355.84185894248,1254.69494990124,1314.30113223769,1413.53715836482,1220.7689720886,1335.46140887604
1177.98487745007,1922.79097301834,1400.61198670987,1594.84487027742,1621.77457713651,1848.31170410079,1009.61458454698,1118.06301484511,1399.83767884461,1023.32910558688,1421.01847774015,2087.59528174694,1793.56980408474,1567.27245264771,1949.28364127447,1738.08503543211,956.12017731775,1677.92512685274,1328.97489364046,1355.84185894248,1254.69494990124,1314.30113223769,1413.53715836482,1220.7689720886,1335.46140887604
1177.98487745007,1922.79097301834,1400.61198670987,1594.84487027742,1621.77457713651,1848.31170410079,1009.61458454698,1118.06301484511,1399.83767884461,1023.32910558688,1421.01847774015,2087.59528174694,1793.56980408474,1567.27245264771,1949.28364127447,1738.08503543211,956.12017731775,1677.92512685274,1328.97489364046,1355.84185894248,1254.69494990124,1314.30113223769,1413.53715836482,1220.7689720886,1335.46140887604
1177.98487745007,1922.79097301834,1400.61198670987,1594.84487027742,1621.77457713651,1848.31170410079,1009.61458454698,1118.06301484511,1399.83767884461,1023.32910558688,1421.01847774015,2087.59528174694,1793.56980408474,1567.27245264771,1949.28364127447,1738.08503543211,956.12017731775,1677.92512685274,1328.97489364046,1355.84185894248,1254.69494990124,1314.30113223769,1413.53715836482,1220.7689720886,1335.46140887604
1177.98487745007,1922.79097301834,1400.61198670987,1594.84487027742,1621.77457713651,1848.31170410079,1009.61458454698,1118.06301484511,1399.83767884461,1023.32910558688,1421.01847774015,2087.59528174694,1793.56980408474,1567.27245264771,1949.28364127447,1738.08503543211,956.12017731775,1677.92512685274,1328.97489364046,1355.84185894248,1254.69494990124,1314.30113223769,1413.53715836482,1220.7689720886,1335.46140887604
1177.98487745007,1922.79097301834,1400.61198670987,1594.84487027742,1621.77457713651,1848.31170410079,1009.61458454698,1118.06301484511,1399.83767884461,1023.32910558688,1421.01847774015,2087.59528174694,1793.56980408474,1567.27245264771,1949.28364127447,1738.08503543211,956.12017731775,1677.92512685274,1328.97489364046,1355.84185894248,1254.69494990124,1314.30113223769,1413.53715836482,1220.7689720886,1335.46140887604
1177.98487745007,1922.79097301834,1400.61198670987,1594.84487027742,1621.77457713651,1848.31170410079,1009.61458454698,1118.06301484511,1399.83767884461,1023.32910558688,1421.01847774015,2087.59528174694,1793.56980408474,1567.27245264771,1949.28364127447,1738.08503543211,956.12017731775,1677.92512685274,1328.97489364046,1355.84185894248,1254.69494990124,1314.30113223769,1413.53715836482,1220.7689720886,1335.46140887604
1177.98487745007,1922.79097301834,1400.61198670987,1594.84487027742,1621.77457713651,1848.31170410079,1009.61458454698,1118.06301484511,1399.83767884461,1023.32910558688,1421.01847774015,2087.59528174694,1793.56980408474,1567.27245264771,1949.28364127447,1738.08503543211,956.12017731775,1677.92512685274,1328.97489364046,1355.84185894248,1254.69494990124,1314.30113223769,1413.53715836482,1220.7689720886,1335.46140887604
1177.98487745007,1922.79097301834,1400.61198670987,1594.84487027742,1621.77457713651,1848.31170410079,1009.61458454698,1118.06301484511,1399.83767884461,1023.32910558688,1421.01847774015,2087.59528174694,1793.56980408474,1567.27245264771,1949.28364127447,1738.08503543211,956.12017731775,1677.92512685274,1328.97489364046,1355.84185894248,1254.69494990124,1314.30113223769,1413.53715836482,1220.7689720886,1335.46140887604
1177.98487745007,1922.79097301834,1400.61198670987,1594.84487027742,1621.77457713651,1848.31170410079,1009.61458454698,1118.06301484511,1399.83767884461,1023.32910558688,1421.01847774015,2087.59528174694,1793.56980408474,1567.27245264771,1949.28364127447,1738.08503543211,956.12017731775,1677.92512685274,1328.97489364046,1355.84185894248,1254.69494990124,1314.30113223769,1413.53715836482,1220.7689720886,1335.46140887604
1177.98487745007,1922.79097301834,1400.61198670987,1594.84487027742,1621.77457713651,1848.31170410079,1009.61458454698,1118.06301484511,1399.83767884461,1023.32910558688,1421.01847774015,2087.59528174694,1793.56980408474,1567.27245264771,1949.28364127447,1738.08503543211,956.12017731775,1677.92512685274,1328.97489364046,1355.84185894248,1254.69494990124,1314.30113223769,1413.53715836482,1220.7689720886,1335.46140887604
1177.98487745007,1922.79097301834,1400.61198670987,1594.84487027742,1621.77457713651,1848.31170410079,1009.61458454698,1118.06301484511,1399.83767884461,1023.32910558688,1421.01847774015,2087.59528174694,1793.56980408474,1567.27245264771,1949.28364127447,1738.08503543211,956.12017731775,1677.92512685274,1328.97489364046,1355.84185894248,1254.69494990124,1314.30113223769,1413.53715836482,1220.7689720886,1335.46140887604
1177.98487745007,1922.79097301834,1400.61198670987,1594.84487027742,1621.77457713651,1848.31170410079,1009.61458454698,1118.06301484511,1399.83767884461,1023.32910558688,1421.01847774015,2087.59528174694,1793.56980408474,1567.27245264771,1949.28364127447,1738.08503543211,956.12017731775,1677.92512685274,1328.97489364046,1355.84185894248,1254.69494990124,1314.30113223769,1413.53715836482,1220.7689720886,1335.46140887604
1177.98487745007,1922.79097301834,1400.61198670987,1594.84487027742,1621.77457713651,1848.31170410079,1009.61458454698,1118.06301484511,1399.83767884461,1023.32910558688,1421.01847774015,2087.59528174694,1793.56980408474,1567.27245264771,1949.28364127447,1738.08503543211,956.12017731775,1677.92512685274,1328.97489364046,1355.84185894248,1254.69494990124,1314.30113223769,1413.53715836482,1220.7689720886,1335.46140887604
1177.98487745007,1922.79097301834,1400.61198670987,1594.84487027742,1621.77457713651,1848.31170410079,1009.61458454698,1118.06301484511,1399.83767884461,1023.32910558688,1421.01847774015,2087.59528174694,1793.56980408474,1567.27245264771,1949.28364127447,1738.08503543211,956.12017731775,1677.92512685274,1328.97489364046,1355.84185894248,1254.69494990124,1314.30113223769,1413.53715836482,1220.7689720886,1335.46140887604
1177.98487745007,1922.79097301834,1400.61198670987,1594.84487027742,1621.77457713651,1848.31170410079,1009.61458454698,1118.06301484511,1399.83767884461,1023.32910558688,1421.01847774015,2087.59528174694,1793.56980408474,1567.27245264771,1949.28364127447,1738.08503543211,956.12017731775,1677.92512685274,1328.97489364046,1355.84185894248,1254.69494990124,1314.30113223769,1413.53715836482,1220.7689720886,1335.46140887604
1177.98487745007,1922.79097301834,1400.61198670987,1594.84487027742,1621.77457713651,1848.31170410079,1009.61458454698,1118.06301484511,1399.83767884461,1023.32910558688,1421.01847774015,2087.59528174694,1793.56980408474,1567.27245264771,1949.28364127447,1738.08503543211,956.12017731775,1677.92512685274,1328.97489364046,1355.84185894248,1254.69494990124,1314.30113223769,1413.53715836482,1220.7689720886,1335.46140887604
1177.98487745007,1922.79097301834,1400.61198670987,1594.84487027742,1621.77457713651,1848.31170410079,1009.61458454698,1118.06301484511,1399.83767884461,1023.32910558688,1421.01847774015,2087.59528174694,1793.56980408474,1567.27245264771,1949.28364127447,1738.08503543211,956.12017731775,1677.92512685274,1328.97489364046,1355.84185894248,1254.69494990124,1314.30113223769,1413.53715836482,1220.7689720886,1335.46140887604
1177.98487745007,1922.79097301834,1400.61198670987,1594.84487027742,1621.77457713651,1848.31170410079,1009.61458454698,1118.06301484511,1399.83767884461,1023.32910558688,1421.01847774015,2087.59528174694,1793.56980408474,1567.27245264771,1949.28364127447,1738.08503543211,956.12017731775,1677.92512685274,1328.97489364046,1355.84185894248,1254.69494990124,1314.30113223769,1413.53715836482,1220.7689720886,1335.46140887604
1177.98487745007,1922.79097301834,1400.61198670987,1594.84487027742,1621.77457713651,1848.31170410079,1009.61458454698,1118.06301484511,1399.83767884461,1023.32910558688,1421.01847774015,2087.59528174694,1793.56980408474,1567.27245264771,1949.28364127447,1738.08503543211,956.12017731775,1677.92512685274,1328.97489364046,1355.84185894248,1254.69494990124,1314.30113223769,1413.53715836482,1220.7689720886,1335.46140887604
1177.98487745007,1922.79097301834,1400.61198670987,1594.84487027742,1621.77457713651,1848.31170410079,1009.61458454698,1118.06301484511,1399.83767884461,1023.32910558688,1421.01847774015,2087.59528174694,1793.56980408474,1567.27245264771,1949.28364127447,1738.08503543211,956.12017731775,1677.92512685274,1328.97489364046,1355.84185894248,1254.69494990124,1314.30113223769,1413.53715836482,1220.7689720886,1335.46140887604
1177.98487745007,1922.79097301834,1400.61198670987,1594.84487027742,1621.77457713651,1848.31170410079,1009.61458454698,1118.06301484511,1399.83767884461,1023.32910558688,1421.01847774015,2087.59528174694,1793.56980408474,1567.27245264771,1949.28364127447,1738.08503543211,956.12017731775,1677.92512685274,1328.97489364046,1355.84185894248,1254.69494990124,1314.30113223769,1413.53715836482,1220.7689720886,1335.46140887604
1177.98487745007,1922.79097301834,1400.61198670987,1594.84487027742,1621.77457713651,1848.31170410079,1009.61458454698,1118.06301484511,1399.83767884461,1023.32910558688,1421.01847774015,2087.59528174694,1793.56980408474,1567.27245264771,1949.28364127447,1738.08503543211,956.12017731775,1677.92512685274,1328.97489364046,1355.84185894248,1254.69494990124,1314.30113223769,1413.53715836482,1220.7689720886,1335.46140887604
1177.98487745007,1922.79097301834,1400.61198670987,1594.84487027742,1621.77457713651,1848.31170410079,1009.61458454698,1118.06301484511,1399.83767884461,1023.32910558688,1421.01847774015,2087.59528174694,1793.56980408474,1567.27245264771,1949.28364127447,1738.08503543211,956.12017731775,1677.92512685274,1328.97489364046,1355.84185894248,1254.69494990124,1314.30113223769,1413.53715836482,1220.7689720886,1335.46140887604
1177.98487745007,1922.79097301834,1400.61198670987,1594.84487027742,1621.77457713651,1848.31170410079,1009.61458454698,1118.06301484511,1399.83767884461,1023.32910558688,1421.01847774015,2087.59528174694,1793.56980408474,1567.27245264771,1949.28364127447,1738.08503543211,956.12017731775,1677.92512685274,1328.97489364046,1355.84185894248,1254.69494990124,1314.30113223769,1413.53715836482,1220.7689720886,1335.46140887604
1177.98487745007,1922.79097301834,1400.61198670987,1594.84487027742,1621.77457713651,1848.31170410079,1009.61458454698,1118.06301484511,1399.83767884461,1023.32910558688,1421.01847774015,2087.59528174694,1793.56980408474,1567.27245264771,1949.28364127447,1738.08503543211,956.12017731775,1677.92512685274,1328.97489364046,1355.84185894248,1254.69494990124,1314.30113223769,1413.53715836482,1220.7689720886,1335.46140887604
1177.98487745007,1922.79097301834,1400.61198670987,1594.84487027742,1621.77457713651,1848.31170410079,1009.61458454698,1118.06301484511,1399.83767884461,1023.32910558688,1421.01847774015,2087.59528174694,1793.56980408474,1567.27245264771,1949.28364127447,1738.08503543211,956.12017731775,1677.92512685274,1328.97489364046,1355.84185894248,1254.69494990124,1314.30113223769,1413.53715836482,1220.7689720886,1335.46140887604
1177.98487745007,1922.79097301834,1400.61198670987,1594.84487027742,1621.77457713651,1848.31170410079,1009.61458454698,1118.06301484511,1399.83767884461,1023.32910558688,1421.01847774015,2087.59528174694,1793.56980408474,1567.27245264771,1949.28364127447,1738.08503543211,956.12017731775,1677.92512685274,1328.97489364046,1355.84185894248,1254.69494990124,1314.30113223769,1413.53715836482,1220.7689720886,1335.46140887604
1177.98487745007,1922.79097301834,1400.61198670987,1594.84487027742,1621.77457713651,1848.31170410079,1009.61458454698,1118.06301484511,1399.83767884461,1023.32910558688,1421.01847774015,2087.59528174694,1793.56980408474,1567.27245264771,1949.28364127447,1738.08503543211,956.12017731775,1677.92512685274,1328.97489364046,1355.84185894248,1254.69494990124,1314.30113223769,1413.53715836482,1220.7689720886,1335.46140887604
1177.98487745007,1922.79097301834,1400.61198670987,1594.84487027742,1621.77457713651,1848.31170410079,1009.61458454698,1118.06301484511,1399.83767884461,1023.32910558688,1421.01847774015,2087.59528174694,1793.56980408474,1567.27245264771,1949.28364127447,1738.08503543211,956.12017731775,1677.92512685274,1328.97489364046,1355.84185894248,1254.69494990124,1314.30113223769,1413.53715836482,1220.7689720886,1335.46140887604
1177.98487745007,1922.79097301834,1400.61198670987,1594.84487027742,1621.77457713651,1848.31170410079,1009.61458454698,1118.06301484511,1399.83767884461,1023.32910558688,1421.01847774015,2087.59528174694,1793.56980408474,1567.27245264771,1949.28364127447,1738.08503543211,956.12017731775,1677.92512685274,1328.97489364046,1355.84185894248,1254.69494990124,1314.30113223769,1413.53715836482,1220.7689720886,1335.46140887604
1177.98487745007,1922.79097301834,1400.61198670987,1594.84487027742,1621.77457713651,1848.31170410079,1009.61458454698,1118.06301484511,1399.83767884461,1023.32910558688,1421.01847774015,2087.59528174694,1793.56980408474,1567.27245264771,1949.28364127447,1738.08503543211,956.12017731775,1677.92512685274,1328.97489364046,1355.84185894248,1254.69494990124,1314.30113223769,1413.53715836482,1220.7689720886,1335.46140887604
1177.98487745007,1922.79097301834,1400.61198670987,1594.84487027742,1621.77457713651,1848.31170410079,1009.61458454698,1118.06301484511,1399.83767884461,1023.32910558688,1421.01847774015,2087.59528174694,1793.56980408474,1567.27245264771,1949.28364127447,1738.08503543211,956.12017731775,1677.92512685274,1328.97489364046,1355.84185894248,1254.69494990124,1314.30113223769,1413.53715836482,1220.7689720886,1335.46140887604
1177.98487745007,1922.79097301834,1400.61198670987,1594.84487027742,1621.77457713651,1848.31170410079,1009.61458454698,1118.06301484511,1399.83767884461,1023.32910558688,1421.01847774015,2087.59528174694,1793.56980408474,1567.27245264771,1949.28364127447,1738.08503543211,956.12017731775,1677.92512685274,1328.97489364046,1355.84185894248,1254.69494990124,1314.30113223769,1413.53715836482,1220.7689720886,1335.46140887604
1177.98487745007,1922.79097301834,1400.61198670987,1594.84487027742,1621.77457713651,1848.31170410079,1009.61458454698,1118.06301484511,1399.83767884461,1023.32910558688,1421.01847774015,2087.59528174694,1793.56980408474,1567.27245264771,1949.28364127447,1738.08503543211,956.12017731775,1677.92512685274,1328.97489364046,1355.84185894248,1254.69494990124,1314.30113223769,1413.53715836482,1220.7689720886,1335.46140887604
1177.98487745007,1922.79097301834,1400.61198670987,1594.84487027742,1621.77457713651,1848.31170410079,1009.61458454698,1118.06301484511,1399.83767884461,1023.32910558688,1421.01847774015,2087.59528174694,1793.56980408474,1567.27245264771,1949.28364127447,1738.08503543211,956.12017731775,1677.92512685274,1328.97489364046,1355.84185894248,1254.69494990124,1314.30113223769,1413.53715836482,1220.7689720886,1335.46140887604
1177.98487745007,1922.79097301834,1400.61198670987,1594.84487027742,1621.77457713651,1848.31170410079,1009.61458454698,1118.06301484511,1399.83767884461,1023.32910558688,1421.01847774015,2087.59528174694,1793.56980408474,1567.27245264771,1949.28364127447,1738.08503543211,956.12017731775,1677.92512685274,1328.97489364046,1355.84185894248,1254.69494990124,1314.30113223769,1413.53715836482,1220.7689720886,1335.46140887604
1177.98487745007,1922.79097301834,1400.61198670987,1594.84487027742,1621.77457713651,1848.31170410079,1009.61458454698,1118.06301484511,1399.83767884461,1023.32910558688,1421.01847774015,2087.59528174694,1793.56980408474,1567.27245264771,1949.28364127447,1738.08503543211,956.12017731775,1677.92512685274,1328.97489364046,1355.84185894248,1254.69494990124,1314.30113223769,1413.53715836482,1220.7689720886,1335.46140887604
1177.98487745007,1922.79097301834,1400.61198670987,1594.84487027742,1621.77457713651,1848.31170410079,1009.61458454698,1118.06301484511,1399.83767884461,1023.32910558688,1421.01847774015,2087.59528174694,1793.56980408474,1567.27245264771,1949.28364127447,1738.08503543211,956.12017731775,1677.92512685274,1328.97489364046,1355.84185894248,1254.69494990124,1314.30113223769,1413.53715836482,1220.7689720886,1335.46140887604
1177.98487745007,1922.79097301834,1400.61198670987,1594.84487027742,1621.77457713651,1848.31170410079,1009.61458454698,1118.06301484511,1399.83767884461,1023.32910558688,1421.01847774015,2087.59528174694,1793.56980408474,1567.27245264771,1949.28364127447,1738.08503543211,956.12017731775,1677.92512685274,1328.97489364046,1355.84185894248,1254.69494990124,1314.30113223769,1413.53715836482,1220.7689720886,1335.46140887604
1177.98487745007,1922.79097301834,1400.61198670987,1594.84487027742,1621.77457713651,1848.31170410079,1009.61458454698,1118.06301484511,1399.83767884461,1023.32910558688,1421.01847774015,2087.59528174694,1793.56980408474,1567.27245264771,1949.28364127447,1738.08503543211,956.12017731775,1677.92512685274,1328.97489364046,1355.84185894248,1254.69494990124,1314.30113223769,1413.53715836482,1220.7689720886,1335.46140887604
1177.98487745007,1922.79097301834,1400.61198670987,1594.84487027742,1621.77457713651,1848.31170410079,1009.61458454698,1118.06301484511,1399.83767884461,1023.32910558688,1421.01847774015,2087.59528174694,1793.56980408474,1567.27245264771,1949.28364127447,1738.08503543211,956.12017731775,1677.92512685274,1328.97489364046,1355.84185894248,1254.69494990124,1314.30113223769,1413.53715836482,1220.7689720886,1335.46140887604
1177.98487745007,1922.79097301834,1400.61198670987,1594.84487027742,1621.77457713651,1848.31170410079,1009.61458454698,1118.06301484511,1399.83767884461,1023.32910558688,1421.01847774015,2087.59528174694,1793.56980408474,1567.27245264771,1949.28364127447,1738.08503543211,956.12017731775,1677.92512685274,1328.97489364046,1355.84185894248,1254.69494990124,1314.30113223769,1413.53715836482,1220.7689720886,1335.46140887604
1177.98487745007,1922.79097301834,1400.61198670987,1594.84487027742,1621.77457713651,1848.31170410079,1009.61458454698,1118.06301484511,1399.83767884461,1023.32910558688,1421.01847774015,2087.59528174694,1793.56980408474,1567.27245264771,1949.28364127447,1738.08503543211,956.12017731775,1677.92512685274,1328.97489364046,1355.84185894248,1254.69494990124,1314.30113223769,1413.53715836482,1220.7689720886,1335.46140887604
1177.98487745007,1922.79097301834,1400.61198670987,1594.84487027742,1621.77457713651,1848.31170410079,1009.61458454698,1118.06301484511,1399.83767884461,1023.32910558688,1421.01847774015,2087.59528174694,1793.56980408474,1567.27245264771,1949.28364127447,1738.08503543211,956.12017731775,1677.92512685274,1328.97489364046,1355.84185894248,1254.69494990124,1314.30113223769,1413.53715836482,1220.7689720886,1335.46140887604
1177.98487745007,1922.79097301834,1400.61198670987,1594.84487027742,1621.77457713651,1848.31170410079,1009.61458454698,1118.06301484511,1399.83767884461,1023.32910558688,1421.01847774015,2087.59528174694,1793.56980408474,1567.27245264771,1949.28364127447,1738.08503543211,956.12017731775,1677.92512685274,1328.97489364046,1355.84185894248,1254.69494990124,1314.30113223769,1413.53715836482,1220.7689720886,1335.46140887604
1177.98487745007,1922.79097301834,1400.61198670987,1594.84487027742,1621.77457713651,1848.31170410079,1009.61458454698,1118.06301484511,1399.83767884461,1023.32910558688,1421.01847774015,2087.59528174694,1793.56980408474,1567.27245264771,1949.28364127447,1738.08503543211,956.12017731775,1677.92512685274,1328.97489364046,1355.84185894248,1254.69494990124,1314.30113223769,1413.53715836482,1220.7689720886,1335.46140887604
1177.98487745007,1922.79097301834,1400.61198670987,1594.84487027742,1621.77457713651,1848.31170410079,1009.61458454698,1118.06301484511,1399.83767884461,1023.32910558688,1421.01847774015,2087.59528174694,1793.56980408474,1567.27245264771,1949.28364127447,1738.08503543211,956.12017731775,1677.92512685274,1328.97489364046,1355.84185894248,1254.69494990124,1314.30113223769,1413.53715836482,1220.7689720886,1335.46140887604
1177.98487745007,1922.79097301834,1400.61198670987,1594.84487027742,1621.77457713651,1848.31170410079,1009.61458454698,1118.06301484511,1399.83767884461,1023.32910558688,1421.01847774015,2087.59528174694,1793.56980408474,1567.27245264771,1949.28364127447,1738.08503543211,956.12017731775,1677.92512685274,1328.97489364046,1355.84185894248,1254.69494990124,1314.30113223769,1413.53715836482,1220.7689720886,1335.46140887604
1177.98487745007,1922.79097301834,1400.61198670987,1594.84487027742,1621.77457713651,1848.31170410079,1009.61458454698,1118.06301484511,1399.83767884461,1023.32910558688,1421.01847774015,2087.59528174694,1793.56980408474,1567.27245264771,1949.28364127447,1738.08503543211,956.12017731775,1677.92512685274,1328.97489364046,1355.84185894248,1254.69494990124,1314.30113223769,1413.53715836482,1220.7689720886,1335.46140887604
1177.98487745007,1922.79097301834,1400.61198670987,1594.84487027742,1621.77457713651,1848.31170410079,1009.61458454698,1118.06301484511,1399.83767884461,1023.32910558688,1421.01847774015,2087.59528174694,1793.56980408474,1567.27245264771,1949.28364127447,1738.08503543211,956.12017731775,1677.92512685274,1328.97489364046,1355.84185894248,1254.69494990124,1314.30113223769,1413.53715836482,1220.7689720886,1335.46140887604
1177.98487745007,1922.79097301834,1400.61198670987,1594.84487027742,1621.77457713651,1848.31170410079,1009.61458454698,1118.06301484511,1399.83767884461,1023.32910558688,1421.01847774015,2087.59528174694,1793.56980408474,1567.27245264771,1949.28364127447,1738.08503543211,956.12017731775,1677.92512685274,1328.97489364046,1355.84185894248,1254.69494990124,1314.30113223769,1413.53715836482,1220.7689720886,1335.46140887604
1177.98487745007,1922.79097301834,1400.61198670987,1594.84487027742,1621.77457713651,1848.31170410079,1009.61458454698,1118.06301484511,1399.83767884461,1023.32910558688,1421.01847774015,2087.59528174694,1793.56980408474,1567.27245264771,1949.28364127447,1738.08503543211,956.12017731775,1677.92512685274,1328.97489364046,1355.84185894248,1254.69494990124,1314.30113223769,1413.53715836482,1220.7689720886,1335.46140887604
1177.98487745007,1922.79097301834,1400.61198670987,1594.84487027742,1621.77457713651,1848.31170410079,1009.61458454698,1118.06301484511,1399.83767884461,1023.32910558688,1421.01847774015,2087.59528174694,1793.56980408474,1567.27245264771,1949.28364127447,1738.08503543211,956.12017731775,1677.92512685274,1328.97489364046,1355.84185894248,1254.69494990124,1314.30113223769,1413.53715836482,1220.7689720886,1335.46140887604
1177.98487745007,1922.79097301834,1400.61198670987,1594.84487027742,1621.77457713651,1848.31170410079,1009.61458454698,1118.06301484511,1399.83767884461,1023.32910558688,1421.01847774015,2087.59528174694,1793.56980408474,1567.27245264771,1949.28364127447,1738.08503543211,956.12017731775,1677.92512685274,1328.97489364046,1355.84185894248,1254.69494990124,1314.30113223769,1413.53715836482,1220.7689720886,1335.46140887604
1177.98487745007,1922.79097301834,1400.61198670987,1594.84487027742,1621.77457713651,1848.31170410079,1009.61458454698,1118.06301484511,1399.83767884461,1023.32910558688,1421.01847774015,2087.59528174694,1793.56980408474,1567.27245264771,1949.28364127447,1738.08503543211,956.12017731775,1677.92512685274,1328.97489364046,1355.84185894248,1254.69494990124,1314.30113223769,1413.53715836482,1220.7689720886,1335.46140887604
1177.98487745007,1922.79097301834,1400.61198670987,1594.84487027742,1621.77457713651,1848.31170410079,1009.61458454698,1118.06301484511,1399.83767884461,1023.32910558688,1421.01847774015,2087.59528174694,1793.56980408474,1567.27245264771,1949.28364127447,1738.08503543211,956.12017731775,1677.92512685274,1328.97489364046,1355.84185894248,1254.69494990124,1314.30113223769,1413.53715836482,1220.7689720886,1335.46140887604
1177.98487745007,1922.79097301834,1400.61198670987,1594.84487027742,1621.77457713651,1848.31170410079,1009.61458454698,1118.06301484511,1399.83767884461,1023.32910558688,1421.01847774015,2087.59528174694,1793.56980408474,1567.27245264771,1949.28364127447,1738.08503543211,956.12017731775,1677.92512685274,1328.97489364046,1355.84185894248,1254.69494990124,1314.30113223769,1413.53715836482,1220.7689720886,1335.46140887604
1177.98487745007,1922.79097301834,1400.61198670987,1594.84487027742,1621.77457713651,1848.31170410079,1009.61458454698,1118.06301484511,1399.83767884461,1023.32910558688,1421.01847774015,2087.59528174694,1793.56980408474,1567.27245264771,1949.28364127447,1738.08503543211,956.12017731775,1677.92512685274,1328.97489364046,1355.84185894248,1254.69494990124,1314.30113223769,1413.53715836482,1220.7689720886,1335.46140887604
1177.98487745007,1922.79097301834,1400.61198670987,1594.84487027742,1621.77457713651,1848.31170410079,1009.61458454698,1118.06301484511,1399.83767884461,1023.32910558688,1421.01847774015,2087.59528174694,1793.56980408474,1567.27245264771,1949.28364127447,1738.08503543211,956.12017731775,1677.92512685274,1328.97489364046,1355.84185894248,1254.69494990124,1314.30113223769,1413.53715836482,1220.7689720886,1335.46140887604
1177.98487745007,1922.79097301834,1400.61198670987,1594.84487027742,1621.77457713651,1848.31170410079,1009.61458454698,1118.06301484511,1399.83767884461,1023.32910558688,1421.01847774015,2087.59528174694,1793.56980408474,1567.27245264771,1949.28364127447,1738.08503543211,956.12017731775,1677.92512685274,1328.97489364046,1355.84185894248,1254.69494990124,1314.30113223769,1413.53715836482,1220.7689720886,1335.46140887604
1177.98487745007,1922.79097301834,1400.61198670987,1594.84487027742,1621.77457713651,1848.31170410079,1009.61458454698,1118.06301484511,1399.83767884461,1023.32910558688,1421.01847774015,2087.59528174694,1793.56980408474,1567.27245264771,1949.28364127447,1738.08503543211,956.12017731775,1677.92512685274,1328.97489364046,1355.84185894248,1254.69494990124,1314.30113223769,1413.53715836482,1220.7689720886,1335.46140887604
1177.98487745007,1922.79097301834,1400.61198670987,1594.84487027742,1621.77457713651,1848.31170410079,1009.61458454698,1118.06301484511,1399.83767884461,1023.32910558688,1421.01847774015,2087.59528174694,1793.56980408474,1567.27245264771,1949.28364127447,1738.08503543211,956.12017731775,1677.92512685274,1328.97489364046,1355.84185894248,1254.69494990124,1314.30113223769,1413.53715836482,1220.7689720886,1335.46140887604
1177.98487745007,1922.79097301834,1400.61198670987,1594.84487027742,1621.77457713651,1848.31170410079,1009.61458454698,1118.06301484511,1399.83767884461,1023.32910558688,1421.01847774015,2087.59528174694,1793.56980408474,1567.27245264771,1949.28364127447,1738.08503543211,956.12017731775,1677.92512685274,1328.97489364046,1355.84185894248,1254.69494990124,1314.30113223769,1413.53715836482,1220.7689720886,1335.46140887604
1177.98487745007,1922.79097301834,1400.61198670987,1594.84487027742,1621.77457713651,1848.31170410079,1009.61458454698,1118.06301484511,1399.83767884461,1023.32910558688,1421.01847774015,2087.59528174694,1793.56980408474,1567.27245264771,1949.28364127447,1738.08503543211,956.12017731775,1677.92512685274,1328.97489364046,1355.84185894248,1254.69494990124,1314.30113223769,1413.53715836482,1220.7689720886,1335.46140887604
1177.98487745007,1922.79097301834,1400.61198670987,1594.84487027742,1621.77457713651,1848.31170410079,1009.61458454698,1118.06301484511,1399.83767884461,1023.32910558688,1421.01847774015,2087.59528174694,1793.56980408474,1567.27245264771,1949.28364127447,1738.08503543211,956.12017731775,1677.92512685274,1328.97489364046,1355.84185894248,1254.69494990124,1314.30113223769,1413.53715836482,1220.7689720886,1335.46140887604
1177.98487745007,1922.79097301834,1400.61198670987,1594.84487027742,1621.77457713651,1848.31170410079,1009.61458454698,1118.06301484511,1399.83767884461,1023.32910558688,1421.01847774015,2087.59528174694,1793.56980408474,1567.27245264771,1949.28364127447,1738.08503543211,956.12017731775,1677.92512685274,1328.97489364046,1355.84185894248,1254.69494990124,1314.30113223769,1413.53715836482,1220.7689720886,1335.46140887604
1177.98487745007,1922.79097301834,1400.61198670987,1594.84487027742,1621.77457713651,1848.31170410079,1009.61458454698,1118.06301484511,1399.83767884461,1023.32910558688,1421.01847774015,2087.59528174694,1793.56980408474,1567.27245264771,1949.28364127447,1738.08503543211,956.12017731775,1677.92512685274,1328.97489364046,1355.84185894248,1254.69494990124,1314.30113223769,1413.53715836482,1220.7689720886,1335.46140887604
1177.98487745007,1922.79097301834,1400.61198670987,1594.84487027742,1621.77457713651,1848.31170410079,1009.61458454698,1118.06301484511,1399.83767884461,1023.32910558688,1421.01847774015,2087.59528174694,1793.56980408474,1567.27245264771,1949.28364127447,1738.08503543211,956.12017731775,1677.92512685274,1328.97489364046,1355.84185894248,1254.69494990124,1314.30113223769,1413.53715836482,1220.7689720886,1335.46140887604
1177.98487745007,1922.79097301834,1400.61198670987,1594.84487027742,1621.77457713651,1848.31170410079,1009.61458454698,1118.06301484511,1399.83767884461,1023.32910558688,1421.01847774015,2087.59528174694,1793.56980408474,1567.27245264771,1949.28364127447,1738.08503543211,956.12017731775,1677.92512685274,1328.97489364046,1355.84185894248,1254.69494990124,1314.30113223769,1413.53715836482,1220.7689720886,1335.46140887604
1177.98487745007,1922.79097301834,1400.61198670987,1594.84487027742,1621.77457713651,1848.31170410079,1009.61458454698,1118.06301484511,1399.83767884461,1023.32910558688,1421.01847774015,2087.59528174694,1793.56980408474,1567.27245264771,1949.28364127447,1738.08503543211,956.12017731775,1677.92512685274,1328.97489364046,1355.84185894248,1254.69494990124,1314.30113223769,1413.53715836482,1220.7689720886,1335.46140887604
1177.98487745007,1922.79097301834,1400.61198670987,1594.84487027742,1621.77457713651,1848.31170410079,1009.61458454698,1118.06301484511,1399.83767884461,1023.32910558688,1421.01847774015,2087.59528174694,1793.56980408474,1567.27245264771,1949.28364127447,1738.08503543211,956.12017731775,1677.92512685274,1328.97489364046,1355.84185894248,1254.69494990124,1314.30113223769,1413.53715836482,1220.7689720886,1335.46140887604
1177.98487745007,1922.79097301834,1400.61198670987,1594.84487027742,1621.77457713651,1848.31170410079,1009.61458454698,1118.06301484511,1399.83767884461,1023.32910558688,1421.01847774015,2087.59528174694,1793.56980408474,1567.27245264771,1949.28364127447,1738.08503543211,956.12017731775,1677.92512685274,1328.97489364046,1355.84185894248,1254.69494990124,1314.30113223769,1413.53715836482,1220.7689720886,1335.46140887604
1177.98487745007,1922.79097301834,1400.61198670987,1594.84487027742,1621.77457713651,1848.31170410079,1009.61458454698,1118.06301484511,1399.83767884461,1023.32910558688,1421.01847774015,2087.59528174694,1793.56980408474,1567.27245264771,1949.28364127447,1738.08503543211,956.12017731775,1677.92512685274,1328.97489364046,1355.84185894248,1254.69494990124,1314.30113223769,1413.53715836482,1220.7689720886,1335.46140887604
1177.98487745007,1922.79097301834,1400.61198670987,1594.84487027742,1621.77457713651,1848.31170410079,1009.61458454698,1118.06301484511,1399.83767884461,1023.32910558688,1421.01847774015,2087.59528174694,1793.56980408474,1567.27245264771,1949.28364127447,1738.08503543211,956.12017731775,1677.92512685274,1328.97489364046,1355.84185894248,1254.69494990124,1314.30113223769,1413.53715836482,1220.7689720886,1335.46140887604
1177.98487745007,1922.79097301834,1400.61198670987,1594.84487027742,1621.77457713651,1848.31170410079,1009.61458454698,1118.06301484511,1399.83767884461,1023.32910558688,1421.01847774015,2087.59528174694,1793.56980408474,1567.27245264771,1949.28364127447,1738.08503543211,956.12017731775,1677.92512685274,1328.97489364046,1355.84185894248,1254.69494990124,1314.30113223769,1413.53715836482,1220.7689720886,1335.46140887604
1177.98487745007,1922.79097301834,1400.61198670987,1594.84487027742,1621.77457713651,1848.31170410079,1009.61458454698,1118.06301484511,1399.83767884461,1023.32910558688,1421.01847774015,2087.59528174694,1793.56980408474,1567.27245264771,1949.28364127447,1738.08503543211,956.12017731775,1677.92512685274,1328.97489364046,1355.84185894248,1254.69494990124,1314.30113223769,1413.53715836482,1220.7689720886,1335.46140887604
1177.98487745007,1922.79097301834,1400.61198670987,1594.84487027742,1621.77457713651,1848.31170410079,1009.61458454698,1118.06301484511,1399.83767884461,1023.32910558688,1421.01847774015,2087.59528174694,1793.56980408474,1567.27245264771,1949.28364127447,1738.08503543211,956.12017731775,1677.92512685274,1328.97489364046,1355.84185894248,1254.69494990124,1314.30113223769,1413.53715836482,1220.7689720886,1335.46140887604
1177.98487745007,1922.79097301834,1400.61198670987,1594.84487027742,1621.77457713651,1848.31170410079,1009.61458454698,1118.06301484511,1399.83767884461,1023.32910558688,1421.01847774015,2087.59528174694,1793.56980408474,1567.27245264771,1949.28364127447,1738.08503543211,956.12017731775,1677.92512685274,1328.97489364046,1355.84185894248,1254.69494990124,1314.30113223769,1413.53715836482,1220.7689720886,1335.46140887604
1177.98487745007,1922.79097301834,1400.61198670987,1594.84487027742,1621.77457713651,1848.31170410079,1009.61458454698,1118.06301484511,1399.83767884461,1023.32910558688,1421.01847774015,2087.59528174694,1793.56980408474,1567.27245264771,1949.28364127447,1738.08503543211,956.12017731775,1677.92512685274,1328.97489364046,1355.84185894248,1254.69494990124,1314.30113223769,1413.53715836482,1220.7689720886,1335.46140887604
1177.98487745007,1922.79097301834,1400.61198670987,1594.84487027742,1621.77457713651,1848.31170410079,1009.61458454698,1118.06301484511,1399.83767884461,1023.32910558688,1421.01847774015,2087.59528174694,1793.56980408474,1567.27245264771,1949.28364127447,1738.08503543211,956.12017731775,1677.92512685274,1328.97489364046,1355.84185894248,1254.69494990124,1314.30113223769,1413.53715836482,1220.7689720886,1335.46140887604
1177.98487745007,1922.79097301834,1400.61198670987,1594.84487027742,1621.77457713651,1848.31170410079,1009.61458454698,1118.06301484511,1399.83767884461,1023.32910558688,1421.01847774015,2087.59528174694,1793.56980408474,1567.27245264771,1949.28364127447,1738.08503543211,956.12017731775,1677.92512685274,1328.97489364046,1355.84185894248,1254.69494990124,1314.30113223769,1413.53715836482,1220.7689720886,1335.46140887604
1177.98487745007,1922.79097301834,1400.61198670987,1594.84487027742,1621.77457713651,1848.31170410079,1009.61458454698,1118.06301484511,1399.83767884461,1023.32910558688,1421.01847774015,2087.59528174694,1793.56980408474,1567.27245264771,1949.28364127447,1738.08503543211,956.12017731775,1677.92512685274,1328.97489364046,1355.84185894248,1254.69494990124,1314.30113223769,1413.53715836482,1220.7689720886,1335.46140887604
1177.98487745007,1922.79097301834,1400.61198670987,1594.84487027742,1621.77457713651,1848.31170410079,1009.61458454698,1118.06301484511,1399.83767884461,1023.32910558688,1421.01847774015,2087.59528174694,1793.56980408474,1567.27245264771,1949.28364127447,1738.08503543211,956.12017731775,1677.92512685274,1328.97489364046,1355.84185894248,1254.69494990124,1314.30113223769,1413.53715836482,1220.7689720886,1335.46140887604
1177.98487745007,1922.79097301834,1400.61198670987,1594.84487027742,1621.77457713651,1848.31170410079,1009.61458454698,1118.06301484511,1399.83767884461,1023.32910558688,1421.01847774015,2087.59528174694,1793.56980408474,1567.27245264771,1949.28364127447,1738.08503543211,956.12017731775,1677.92512685274,1328.97489364046,1355.84185894248,1254.69494990124,1314.30113223769,1413.53715836482,1220.7689720886,1335.46140887604
1177.98487745007,1922.79097301834,1400.61198670987,1594.84487027742,1621.77457713651,1848.31170410079,1009.61458454698,1118.06301484511,1399.83767884461,1023.32910558688,1421.01847774015,2087.59528174694,1793.56980408474,1567.27245264771,1949.28364127447,1738.08503543211,956.12017731775,1677.92512685274,1328.97489364046,1355.84185894248,1254.69494990124,1314.30113223769,1413.53715836482,1220.7689720886,1335.46140887604
1177.98487745007,1922.79097301834,1400.61198670987,1594.84487027742,1621.77457713651,1848.31170410079,1009.61458454698,1118.06301484511,1399.83767884461,1023.32910558688,1421.01847774015,2087.59528174694,1793.56980408474,1567.27245264771,1949.28364127447,1738.08503543211,956.12017731775,1677.92512685274,1328.97489364046,1355.84185894248,1254.69494990124,1314.30113223769,1413.53715836482,1220.7689720886,1335.46140887604
1177.98487745007,1922.79097301834,1400.61198670987,1594.84487027742,1621.77457713651,1848.31170410079,1009.61458454698,1118.06301484511,1399.83767884461,1023.32910558688,1421.01847774015,2087.59528174694,1793.56980408474,1567.27245264771,1949.28364127447,1738.08503543211,956.12017731775,1677.92512685274,1328.97489364046,1355.84185894248,1254.69494990124,1314.30113223769,1413.53715836482,1220.7689720886,1335.46140887604
1177.98487745007,1922.79097301834,1400.61198670987,1594.84487027742,1621.77457713651,1848.31170410079,1009.61458454698,1118.06301484511,1399.83767884461,1023.32910558688,1421.01847774015,2087.59528174694,1793.56980408474,1567.27245264771,1949.28364127447,1738.08503543211,956.12017731775,1677.92512685274,1328.97489364046,1355.84185894248,1254.69494990124,1314.30113223769,1413.53715836482,1220.7689720886,1335.46140887604
1177.98487745007,1922.79097301834,1400.61198670987,1594.84487027742,1621.77457713651,1848.31170410079,1009.61458454698,1118.06301484511,1399.83767884461,1023.32910558688,1421.01847774015,2087.59528174694,1793.56980408474,1567.27245264771,1949.28364127447,1738.08503543211,956.12017731775,1677.92512685274,1328.97489364046,1355.84185894248,1254.69494990124,1314.30113223769,1413.53715836482,1220.7689720886,1335.46140887604
1177.98487745007,1922.79097301834,1400.61198670987,1594.84487027742,1621.77457713651,1848.31170410079,1009.61458454698,1118.06301484511,1399.83767884461,1023.32910558688,1421.01847774015,2087.59528174694,1793.56980408474,1567.27245264771,1949.28364127447,1738.08503543211,956.12017731775,1677.92512685274,1328.97489364046,1355.84185894248,1254.69494990124,1314.30113223769,1413.53715836482,1220.7689720886,1335.46140887604
1177.98487745007,1922.79097301834,1400.61198670987,1594.84487027742,1621.77457713651,1848.31170410079,1009.61458454698,1118.06301484511,1399.83767884461,1023.32910558688,1421.01847774015,2087.59528174694,1793.56980408474,1567.27245264771,1949.28364127447,1738.08503543211,956.12017731775,1677.92512685274,1328.97489364046,1355.84185894248,1254.69494990124,1314.30113223769,1413.53715836482,1220.7689720886,1335.46140887604
1177.98487745007,1922.79097301834,1400.61198670987,1594.84487027742,1621.77457713651,1848.31170410079,1009.61458454698,1118.06301484511,1399.83767884461,1023.32910558688,1421.01847774015,2087.59528174694,1793.56980408474,1567.27245264771,1949.28364127447,1738.08503543211,956.12017731775,1677.92512685274,1328.97489364046,1355.84185894248,1254.69494990124,1314.30113223769,1413.53715836482,1220.7689720886,1335.46140887604
1177.98487745007,1922.79097301834,1400.61198670987,1594.84487027742,1621.77457713651,1848.31170410079,1009.61458454698,1118.06301484511,1399.83767884461,1023.32910558688,1421.01847774015,2087.59528174694,1793.56980408474,1567.27245264771,1949.28364127447,1738.08503543211,956.12017731775,1677.92512685274,1328.97489364046,1355.84185894248,1254.69494990124,1314.30113223769,1413.53715836482,1220.7689720886,1335.46140887604
1177.98487745007,1922.79097301834,1400.61198670987,1594.84487027742,1621.77457713651,1848.31170410079,1009.61458454698,1118.06301484511,1399.83767884461,1023.32910558688,1421.01847774015,2087.59528174694,1793.56980408474,1567.27245264771,1949.28364127447,1738.08503543211,956.12017731775,1677.92512685274,1328.97489364046,1355.84185894248,1254.69494990124,1314.30113223769,1413.53715836482,1220.7689720886,1335.46140887604
1177.98487745007,1922.79097301834,1400.61198670987,1594.84487027742,1621.77457713651,1848.31170410079,1009.61458454698,1118.06301484511,1399.83767884461,1023.32910558688,1421.01847774015,2087.59528174694,1793.56980408474,1567.27245264771,1949.28364127447,1738.08503543211,956.12017731775,1677.92512685274,1328.97489364046,1355.84185894248,1254.69494990124,1314.30113223769,1413.53715836482,1220.7689720886,1335.46140887604
1177.98487745007,1922.79097301834,1400.61198670987,1594.84487027742,1621.77457713651,1848.31170410079,1009.61458454698,1118.06301484511,1399.83767884461,1023.32910558688,1421.01847774015,2087.59528174694,1793.56980408474,1567.27245264771,1949.28364127447,1738.08503543211,956.12017731775,1677.92512685274,1328.97489364046,1355.84185894248,1254.69494990124,1314.30113223769,1413.53715836482,1220.7689720886,1335.46140887604
1177.98487745007,1922.79097301834,1400.61198670987,1594.84487027742,1621.77457713651,1848.31170410079,1009.61458454698,1118.06301484511,1399.83767884461,1023.32910558688,1421.01847774015,2087.59528174694,1793.56980408474,1567.27245264771,1949.28364127447,1738.08503543211,956.12017731775,1677.92512685274,1328.97489364046,1355.84185894248,1254.69494990124,1314.30113223769,1413.53715836482,1220.7689720886,1335.46140887604
1177.98487745007,1922.79097301834,1400.61198670987,1594.84487027742,1621.77457713651,1848.31170410079,1009.61458454698,1118.06301484511,1399.83767884461,1023.32910558688,1421.01847774015,2087.59528174694,1793.56980408474,1567.27245264771,1949.28364127447,1738.08503543211,956.12017731775,1677.92512685274,1328.97489364046,1355.84185894248,1254.69494990124,1314.30113223769,1413.53715836482,1220.7689720886,1335.46140887604
1177.98487745007,1922.79097301834,1400.61198670987,1594.84487027742,1621.77457713651,1848.31170410079,1009.61458454698,1118.06301484511,1399.83767884461,1023.32910558688,1421.01847774015,2087.59528174694,1793.56980408474,1567.27245264771,1949.28364127447,1738.08503543211,956.12017731775,1677.92512685274,1328.97489364046,1355.84185894248,1254.69494990124,1314.30113223769,1413.53715836482,1220.7689720886,1335.46140887604
1177.98487745007,1922.79097301834,1400.61198670987,1594.84487027742,1621.77457713651,1848.31170410079,1009.61458454698,1118.06301484511,1399.83767884461,1023.32910558688,1421.01847774015,2087.59528174694,1793.56980408474,1567.27245264771,1949.28364127447,1738.08503543211,956.12017731775,1677.92512685274,1328.97489364046,1355.84185894248,1254.69494990124,1314.30113223769,1413.53715836482,1220.7689720886,1335.46140887604
1177.98487745007,1922.79097301834,1400.61198670987,1594.84487027742,1621.77457713651,1848.31170410079,1009.61458454698,1118.06301484511,1399.83767884461,1023.32910558688,1421.01847774015,2087.59528174694,1793.56980408474,1567.27245264771,1949.28364127447,1738.08503543211,956.12017731775,1677.92512685274,1328.97489364046,1355.84185894248,1254.69494990124,1314.30113223769,1413.53715836482,1220.7689720886,1335.46140887604
1177.98487745007,1922.79097301834,1400.61198670987,1594.84487027742,1621.77457713651,1848.31170410079,1009.61458454698,1118.06301484511,1399.83767884461,1023.32910558688,1421.01847774015,2087.59528174694,1793.56980408474,1567.27245264771,1949.28364127447,1738.08503543211,956.12017731775,1677.92512685274,1328.97489364046,1355.84185894248,1254.69494990124,1314.30113223769,1413.53715836482,1220.7689720886,1335.46140887604
1177.98487745007,1922.79097301834,1400.61198670987,1594.84487027742,1621.77457713651,1848.31170410079,1009.61458454698,1118.06301484511,1399.83767884461,1023.32910558688,1421.01847774015,2087.59528174694,1793.56980408474,1567.27245264771,1949.28364127447,1738.08503543211,956.12017731775,1677.92512685274,1328.97489364046,1355.84185894248,1254.69494990124,1314.30113223769,1413.53715836482,1220.7689720886,1335.46140887604
1177.98487745007,1922.79097301834,1400.61198670987,1594.84487027742,1621.77457713651,1848.31170410079,1009.61458454698,1118.06301484511,1399.83767884461,1023.32910558688,1421.01847774015,2087.59528174694,1793.56980408474,1567.27245264771,1949.28364127447,1738.08503543211,956.12017731775,1677.92512685274,1328.97489364046,1355.84185894248,1254.69494990124,1314.30113223769,1413.53715836482,1220.7689720886,1335.46140887604
1177.98487745007,1922.79097301834,1400.61198670987,1594.84487027742,1621.77457713651,1848.31170410079,1009.61458454698,1118.06301484511,1399.83767884461,1023.32910558688,1421.01847774015,2087.59528174694,1793.56980408474,1567.27245264771,1949.28364127447,1738.08503543211,956.12017731775,1677.92512685274,1328.97489364046,1355.84185894248,1254.69494990124,1314.30113223769,1413.53715836482,1220.7689720886,1335.46140887604
1177.98487745007,1922.79097301834,1400.61198670987,1594.84487027742,1621.77457713651,1848.31170410079,1009.61458454698,1118.06301484511,1399.83767884461,1023.32910558688,1421.01847774015,2087.59528174694,1793.56980408474,1567.27245264771,1949.28364127447,1738.08503543211,956.12017731775,1677.92512685274,1328.97489364046,1355.84185894248,1254.69494990124,1314.30113223769,1413.53715836482,1220.7689720886,1335.46140887604
1177.98487745007,1922.79097301834,1400.61198670987,1594.84487027742,1621.77457713651,1848.31170410079,1009.61458454698,1118.06301484511,1399.83767884461,1023.32910558688,1421.01847774015,2087.59528174694,1793.56980408474,1567.27245264771,1949.28364127447,1738.08503543211,956.12017731775,1677.92512685274,1328.97489364046,1355.84185894248,1254.69494990124,1314.30113223769,1413.53715836482,1220.7689720886,1335.46140887604
1177.98487745007,1922.79097301834,1400.61198670987,1594.84487027742,1621.77457713651,1848.31170410079,1009.61458454698,1118.06301484511,1399.83767884461,1023.32910558688,1421.01847774015,2087.59528174694,1793.56980408474,1567.27245264771,1949.28364127447,1738.08503543211,956.12017731775,1677.92512685274,1328.97489364046,1355.84185894248,1254.69494990124,1314.30113223769,1413.53715836482,1220.7689720886,1335.46140887604
1177.98487745007,1922.79097301834,1400.61198670987,1594.84487027742,1621.77457713651,1848.31170410079,1009.61458454698,1118.06301484511,1399.83767884461,1023.32910558688,1421.01847774015,2087.59528174694,1793.56980408474,1567.27245264771,1949.28364127447,1738.08503543211,956.12017731775,1677.92512685274,1328.97489364046,1355.84185894248,1254.69494990124,1314.30113223769,1413.53715836482,1220.7689720886,1335.46140887604
1177.98487745007,1922.79097301834,1400.61198670987,1594.84487027742,1621.77457713651,1848.31170410079,1009.61458454698,1118.06301484511,1399.83767884461,1023.32910558688,1421.01847774015,2087.59528174694,1793.56980408474,1567.27245264771,1949.28364127447,1738.08503543211,956.12017731775,1677.92512685274,1328.97489364046,1355.84185894248,1254.69494990124,1314.30113223769,1413.53715836482,1220.7689720886,1335.46140887604
1177.98487745007,1922.79097301834,1400.61198670987,1594.84487027742,1621.77457713651,1848.31170410079,1009.61458454698,1118.06301484511,1399.83767884461,1023.32910558688,1421.01847774015,2087.59528174694,1793.56980408474,1567.27245264771,1949.28364127447,1738.08503543211,956.12017731775,1677.92512685274,1328.97489364046,1355.84185894248,1254.69494990124,1314.30113223769,1413.53715836482,1220.7689720886,1335.46140887604
1177.98487745007,1922.79097301834,1400.61198670987,1594.84487027742,1621.77457713651,1848.31170410079,1009.61458454698,1118.06301484511,1399.83767884461,1023.32910558688,1421.01847774015,2087.59528174694,1793.56980408474,1567.27245264771,1949.28364127447,1738.08503543211,956.12017731775,1677.92512685274,1328.97489364046,1355.84185894248,1254.69494990124,1314.30113223769,1413.53715836482,1220.7689720886,1335.46140887604
1177.98487745007,1922.79097301834,1400.61198670987,1594.84487027742,1621.77457713651,1848.31170410079,1009.61458454698,1118.06301484511,1399.83767884461,1023.32910558688,1421.01847774015,2087.59528174694,1793.56980408474,1567.27245264771,1949.28364127447,1738.08503543211,956.12017731775,1677.92512685274,1328.97489364046,1355.84185894248,1254.69494990124,1314.30113223769,1413.53715836482,1220.7689720886,1335.46140887604
1177.98487745007,1922.79097301834,1400.61198670987,1594.84487027742,1621.77457713651,1848.31170410079,1009.61458454698,1118.06301484511,1399.83767884461,1023.32910558688,1421.01847774015,2087.59528174694,1793.56980408474,1567.27245264771,1949.28364127447,1738.08503543211,956.12017731775,1677.92512685274,1328.97489364046,1355.84185894248,1254.69494990124,1314.30113223769,1413.53715836482,1220.7689720886,1335.46140887604
1177.98487745007,1922.79097301834,1400.61198670987,1594.84487027742,1621.77457713651,1848.31170410079,1009.61458454698,1118.06301484511,1399.83767884461,1023.32910558688,1421.01847774015,2087.59528174694,1793.56980408474,1567.27245264771,1949.28364127447,1738.08503543211,956.12017731775,1677.92512685274,1328.97489364046,1355.84185894248,1254.69494990124,1314.30113223769,1413.53715836482,1220.7689720886,1335.46140887604
1177.98487745007,1922.79097301834,1400.61198670987,1594.84487027742,1621.77457713651,1848.31170410079,1009.61458454698,1118.06301484511,1399.83767884461,1023.32910558688,1421.01847774015,2087.59528174694,1793.56980408474,1567.27245264771,1949.28364127447,1738.08503543211,956.12017731775,1677.92512685274,1328.97489364046,1355.84185894248,1254.69494990124,1314.30113223769,1413.53715836482,1220.7689720886,1335.46140887604
1177.98487745007,1922.79097301834,1400.61198670987,1594.84487027742,1621.77457713651,1848.31170410079,1009.61458454698,1118.06301484511,1399.83767884461,1023.32910558688,1421.01847774015,2087.59528174694,1793.56980408474,1567.27245264771,1949.28364127447,1738.08503543211,956.12017731775,1677.92512685274,1328.97489364046,1355.84185894248,1254.69494990124,1314.30113223769,1413.53715836482,1220.7689720886,1335.46140887604
1177.98487745007,1922.79097301834,1400.61198670987,1594.84487027742,1621.77457713651,1848.31170410079,1009.61458454698,1118.06301484511,1399.83767884461,1023.32910558688,1421.01847774015,2087.59528174694,1793.56980408474,1567.27245264771,1949.28364127447,1738.08503543211,956.12017731775,1677.92512685274,1328.97489364046,1355.84185894248,1254.69494990124,1314.30113223769,1413.53715836482,1220.7689720886,1335.46140887604
1177.98487745007,1922.79097301834,1400.61198670987,1594.84487027742,1621.77457713651,1848.31170410079,1009.61458454698,1118.06301484511,1399.83767884461,1023.32910558688,1421.01847774015,2087.59528174694,1793.56980408474,1567.27245264771,1949.28364127447,1738.08503543211,956.12017731775,1677.92512685274,1328.97489364046,1355.84185894248,1254.69494990124,1314.30113223769,1413.53715836482,1220.7689720886,1335.46140887604
1177.98487745007,1922.79097301834,1400.61198670987,1594.84487027742,1621.77457713651,1848.31170410079,1009.61458454698,1118.06301484511,1399.83767884461,1023.32910558688,1421.01847774015,2087.59528174694,1793.56980408474,1567.27245264771,1949.28364127447,1738.08503543211,956.12017731775,1677.92512685274,1328.97489364046,1355.84185894248,1254.69494990124,1314.30113223769,1413.53715836482,1220.7689720886,1335.46140887604
1177.98487745007,1922.79097301834,1400.61198670987,1594.84487027742,1621.77457713651,1848.31170410079,1009.61458454698,1118.06301484511,1399.83767884461,1023.32910558688,1421.01847774015,2087.59528174694,1793.56980408474,1567.27245264771,1949.28364127447,1738.08503543211,956.12017731775,1677.92512685274,1328.97489364046,1355.84185894248,1254.69494990124,1314.30113223769,1413.53715836482,1220.7689720886,1335.46140887604
1177.98487745007,1922.79097301834,1400.61198670987,1594.84487027742,1621.77457713651,1848.31170410079,1009.61458454698,1118.06301484511,1399.83767884461,1023.32910558688,1421.01847774015,2087.59528174694,1793.56980408474,1567.27245264771,1949.28364127447,1738.08503543211,956.12017731775,1677.92512685274,1328.97489364046,1355.84185894248,1254.69494990124,1314.30113223769,1413.53715836482,1220.7689720886,1335.46140887604
1177.98487745007,1922.79097301834,1400.61198670987,1594.84487027742,1621.77457713651,1848.31170410079,1009.61458454698,1118.06301484511,1399.83767884461,1023.32910558688,1421.01847774015,2087.59528174694,1793.56980408474,1567.27245264771,1949.28364127447,1738.08503543211,956.12017731775,1677.92512685274,1328.97489364046,1355.84185894248,1254.69494990124,1314.30113223769,1413.53715836482,1220.7689720886,1335.46140887604
1177.98487745007,1922.79097301834,1400.61198670987,1594.84487027742,1621.77457713651,1848.31170410079,1009.61458454698,1118.06301484511,1399.83767884461,1023.32910558688,1421.01847774015,2087.59528174694,1793.56980408474,1567.27245264771,1949.28364127447,1738.08503543211,956.12017731775,1677.92512685274,1328.97489364046,1355.84185894248,1254.69494990124,1314.30113223769,1413.53715836482,1220.7689720886,1335.46140887604
1177.98487745007,1922.79097301834,1400.61198670987,1594.84487027742,1621.77457713651,1848.31170410079,1009.61458454698,1118.06301484511,1399.83767884461,1023.32910558688,1421.01847774015,2087.59528174694,1793.56980408474,1567.27245264771,1949.28364127447,1738.08503543211,956.12017731775,1677.92512685274,1328.97489364046,1355.84185894248,1254.69494990124,1314.30113223769,1413.53715836482,1220.7689720886,1335.46140887604
1177.98487745007,1922.79097301834,1400.61198670987,1594.84487027742,1621.77457713651,1848.31170410079,1009.61458454698,1118.06301484511,1399.83767884461,1023.32910558688,1421.01847774015,2087.59528174694,1793.56980408474,1567.27245264771,1949.28364127447,1738.08503543211,956.12017731775,1677.92512685274,1328.97489364046,1355.84185894248,1254.69494990124,1314.30113223769,1413.53715836482,1220.7689720886,1335.46140887604
1177.98487745007,1922.79097301834,1400.61198670987,1594.84487027742,1621.77457713651,1848.31170410079,1009.61458454698,1118.06301484511,1399.83767884461,1023.32910558688,1421.01847774015,2087.59528174694,1793.56980408474,1567.27245264771,1949.28364127447,1738.08503543211,956.12017731775,1677.92512685274,1328.97489364046,1355.84185894248,1254.69494990124,1314.30113223769,1413.53715836482,1220.7689720886,1335.46140887604
1177.98487745007,1922.79097301834,1400.61198670987,1594.84487027742,1621.77457713651,1848.31170410079,1009.61458454698,1118.06301484511,1399.83767884461,1023.32910558688,1421.01847774015,2087.59528174694,1793.56980408474,1567.27245264771,1949.28364127447,1738.08503543211,956.12017731775,1677.92512685274,1328.97489364046,1355.84185894248,1254.69494990124,1314.30113223769,1413.53715836482,1220.7689720886,1335.46140887604
1177.98487745007,1922.79097301834,1400.61198670987,1594.84487027742,1621.77457713651,1848.31170410079,1009.61458454698,1118.06301484511,1399.83767884461,1023.32910558688,1421.01847774015,2087.59528174694,1793.56980408474,1567.27245264771,1949.28364127447,1738.08503543211,956.12017731775,1677.92512685274,1328.97489364046,1355.84185894248,1254.69494990124,1314.30113223769,1413.53715836482,1220.7689720886,1335.46140887604
1177.98487745007,1922.79097301834,1400.61198670987,1594.84487027742,1621.77457713651,1848.31170410079,1009.61458454698,1118.06301484511,1399.83767884461,1023.32910558688,1421.01847774015,2087.59528174694,1793.56980408474,1567.27245264771,1949.28364127447,1738.08503543211,956.12017731775,1677.92512685274,1328.97489364046,1355.84185894248,1254.69494990124,1314.30113223769,1413.53715836482,1220.7689720886,1335.46140887604
1177.98487745007,1922.79097301834,1400.61198670987,1594.84487027742,1621.77457713651,1848.31170410079,1009.61458454698,1118.06301484511,1399.83767884461,1023.32910558688,1421.01847774015,2087.59528174694,1793.56980408474,1567.27245264771,1949.28364127447,1738.08503543211,956.12017731775,1677.92512685274,1328.97489364046,1355.84185894248,1254.69494990124,1314.30113223769,1413.53715836482,1220.7689720886,1335.46140887604
1177.98487745007,1922.79097301834,1400.61198670987,1594.84487027742,1621.77457713651,1848.31170410079,1009.61458454698,1118.06301484511,1399.83767884461,1023.32910558688,1421.01847774015,2087.59528174694,1793.56980408474,1567.27245264771,1949.28364127447,1738.08503543211,956.12017731775,1677.92512685274,1328.97489364046,1355.84185894248,1254.69494990124,1314.30113223769,1413.53715836482,1220.7689720886,1335.46140887604
1177.98487745007,1922.79097301834,1400.61198670987,1594.84487027742,1621.77457713651,1848.31170410079,1009.61458454698,1118.06301484511,1399.83767884461,1023.32910558688,1421.01847774015,2087.59528174694,1793.56980408474,1567.27245264771,1949.28364127447,1738.08503543211,956.12017731775,1677.92512685274,1328.97489364046,1355.84185894248,1254.69494990124,1314.30113223769,1413.53715836482,1220.7689720886,1335.46140887604
1177.98487745007,1922.79097301834,1400.61198670987,1594.84487027742,1621.77457713651,1848.31170410079,1009.61458454698,1118.06301484511,1399.83767884461,1023.32910558688,1421.01847774015,2087.59528174694,1793.56980408474,1567.27245264771,1949.28364127447,1738.08503543211,956.12017731775,1677.92512685274,1328.97489364046,1355.84185894248,1254.69494990124,1314.30113223769,1413.53715836482,1220.7689720886,1335.46140887604
1177.98487745007,1922.79097301834,1400.61198670987,1594.84487027742,1621.77457713651,1848.31170410079,1009.61458454698,1118.06301484511,1399.83767884461,1023.32910558688,1421.01847774015,2087.59528174694,1793.56980408474,1567.27245264771,1949.28364127447,1738.08503543211,956.12017731775,1677.92512685274,1328.97489364046,1355.84185894248,1254.69494990124,1314.30113223769,1413.53715836482,1220.7689720886,1335.46140887604
1177.98487745007,1922.79097301834,1400.61198670987,1594.84487027742,1621.77457713651,1848.31170410079,1009.61458454698,1118.06301484511,1399.83767884461,1023.32910558688,1421.01847774015,2087.59528174694,1793.56980408474,1567.27245264771,1949.28364127447,1738.08503543211,956.12017731775,1677.92512685274,1328.97489364046,1355.84185894248,1254.69494990124,1314.30113223769,1413.53715836482,1220.7689720886,1335.46140887604
1177.98487745007,1922.79097301834,1400.61198670987,1594.84487027742,1621.77457713651,1848.31170410079,1009.61458454698,1118.06301484511,1399.83767884461,1023.32910558688,1421.01847774015,2087.59528174694,1793.56980408474,1567.27245264771,1949.28364127447,1738.08503543211,956.12017731775,1677.92512685274,1328.97489364046,1355.84185894248,1254.69494990124,1314.30113223769,1413.53715836482,1220.7689720886,1335.46140887604
1177.98487745007,1922.79097301834,1400.61198670987,1594.84487027742,1621.77457713651,1848.31170410079,1009.61458454698,1118.06301484511,1399.83767884461,1023.32910558688,1421.01847774015,2087.59528174694,1793.56980408474,1567.27245264771,1949.28364127447,1738.08503543211,956.12017731775,1677.92512685274,1328.97489364046,1355.84185894248,1254.69494990124,1314.30113223769,1413.53715836482,1220.7689720886,1335.46140887604
1177.98487745007,1922.79097301834,1400.61198670987,1594.84487027742,1621.77457713651,1848.31170410079,1009.61458454698,1118.06301484511,1399.83767884461,1023.32910558688,1421.01847774015,2087.59528174694,1793.56980408474,1567.27245264771,1949.28364127447,1738.08503543211,956.12017731775,1677.92512685274,1328.97489364046,1355.84185894248,1254.69494990124,1314.30113223769,1413.53715836482,1220.7689720886,1335.46140887604
1177.98487745007,1922.79097301834,1400.61198670987,1594.84487027742,1621.77457713651,1848.31170410079,1009.61458454698,1118.06301484511,1399.83767884461,1023.32910558688,1421.01847774015,2087.59528174694,1793.56980408474,1567.27245264771,1949.28364127447,1738.08503543211,956.12017731775,1677.92512685274,1328.97489364046,1355.84185894248,1254.69494990124,1314.30113223769,1413.53715836482,1220.7689720886,1335.46140887604
1177.98487745007,1922.79097301834,1400.61198670987,1594.84487027742,1621.77457713651,1848.31170410079,1009.61458454698,1118.06301484511,1399.83767884461,1023.32910558688,1421.01847774015,2087.59528174694,1793.56980408474,1567.27245264771,1949.28364127447,1738.08503543211,956.12017731775,1677.92512685274,1328.97489364046,1355.84185894248,1254.69494990124,1314.30113223769,1413.53715836482,1220.7689720886,1335.46140887604
1177.98487745007,1922.79097301834,1400.61198670987,1594.84487027742,1621.77457713651,1848.31170410079,1009.61458454698,1118.06301484511,1399.83767884461,1023.32910558688,1421.01847774015,2087.59528174694,1793.56980408474,1567.27245264771,1949.28364127447,1738.08503543211,956.12017731775,1677.92512685274,1328.97489364046,1355.84185894248,1254.69494990124,1314.30113223769,1413.53715836482,1220.7689720886,1335.46140887604
1177.98487745007,1922.79097301834,1400.61198670987,1594.84487027742,1621.77457713651,1848.31170410079,1009.61458454698,1118.06301484511,1399.83767884461,1023.32910558688,1421.01847774015,2087.59528174694,1793.56980408474,1567.27245264771,1949.28364127447,1738.08503543211,956.12017731775,1677.92512685274,1328.97489364046,1355.84185894248,1254.69494990124,1314.30113223769,1413.53715836482,1220.7689720886,1335.46140887604
1177.98487745007,1922.79097301834,1400.61198670987,1594.84487027742,1621.77457713651,1848.31170410079,1009.61458454698,1118.06301484511,1399.83767884461,1023.32910558688,1421.01847774015,2087.59528174694,1793.56980408474,1567.27245264771,1949.28364127447,1738.08503543211,956.12017731775,1677.92512685274,1328.97489364046,1355.84185894248,1254.69494990124,1314.30113223769,1413.53715836482,1220.7689720886,1335.46140887604
1177.98487745007,1922.79097301834,1400.61198670987,1594.84487027742,1621.77457713651,1848.31170410079,1009.61458454698,1118.06301484511,1399.83767884461,1023.32910558688,1421.01847774015,2087.59528174694,1793.56980408474,1567.27245264771,1949.28364127447,1738.08503543211,956.12017731775,1677.92512685274,1328.97489364046,1355.84185894248,1254.69494990124,1314.30113223769,1413.53715836482,1220.7689720886,1335.46140887604
1177.98487745007,1922.79097301834,1400.61198670987,1594.84487027742,1621.77457713651,1848.31170410079,1009.61458454698,1118.06301484511,1399.83767884461,1023.32910558688,1421.01847774015,2087.59528174694,1793.56980408474,1567.27245264771,1949.28364127447,1738.08503543211,956.12017731775,1677.92512685274,1328.97489364046,1355.84185894248,1254.69494990124,1314.30113223769,1413.53715836482,1220.7689720886,1335.46140887604
1177.98487745007,1922.79097301834,1400.61198670987,1594.84487027742,1621.77457713651,1848.31170410079,1009.61458454698,1118.06301484511,1399.83767884461,1023.32910558688,1421.01847774015,2087.59528174694,1793.56980408474,1567.27245264771,1949.28364127447,1738.08503543211,956.12017731775,1677.92512685274,1328.97489364046,1355.84185894248,1254.69494990124,1314.30113223769,1413.53715836482,1220.7689720886,1335.46140887604
1177.98487745007,1922.79097301834,1400.61198670987,1594.84487027742,1621.77457713651,1848.31170410079,1009.61458454698,1118.06301484511,1399.83767884461,1023.32910558688,1421.01847774015,2087.59528174694,1793.56980408474,1567.27245264771,1949.28364127447,1738.08503543211,956.12017731775,1677.92512685274,1328.97489364046,1355.84185894248,1254.69494990124,1314.30113223769,1413.53715836482,1220.7689720886,1335.46140887604
1177.98487745007,1922.79097301834,1400.61198670987,1594.84487027742,1621.77457713651,1848.31170410079,1009.61458454698,1118.06301484511,1399.83767884461,1023.32910558688,1421.01847774015,2087.59528174694,1793.56980408474,1567.27245264771,1949.28364127447,1738.08503543211,956.12017731775,1677.92512685274,1328.97489364046,1355.84185894248,1254.69494990124,1314.30113223769,1413.53715836482,1220.7689720886,1335.46140887604
1177.98487745007,1922.79097301834,1400.61198670987,1594.84487027742,1621.77457713651,1848.31170410079,1009.61458454698,1118.06301484511,1399.83767884461,1023.32910558688,1421.01847774015,2087.59528174694,1793.56980408474,1567.27245264771,1949.28364127447,1738.08503543211,956.12017731775,1677.92512685274,1328.97489364046,1355.84185894248,1254.69494990124,1314.30113223769,1413.53715836482,1220.7689720886,1335.46140887604
1177.98487745007,1922.79097301834,1400.61198670987,1594.84487027742,1621.77457713651,1848.31170410079,1009.61458454698,1118.06301484511,1399.83767884461,1023.32910558688,1421.01847774015,2087.59528174694,1793.56980408474,1567.27245264771,1949.28364127447,1738.08503543211,956.12017731775,1677.92512685274,1328.97489364046,1355.84185894248,1254.69494990124,1314.30113223769,1413.53715836482,1220.7689720886,1335.46140887604
1177.98487745007,1922.79097301834,1400.61198670987,1594.84487027742,1621.77457713651,1848.31170410079,1009.61458454698,1118.06301484511,1399.83767884461,1023.32910558688,1421.01847774015,2087.59528174694,1793.56980408474,1567.27245264771,1949.28364127447,1738.08503543211,956.12017731775,1677.92512685274,1328.97489364046,1355.84185894248,1254.69494990124,1314.30113223769,1413.53715836482,1220.7689720886,1335.46140887604
1177.98487745007,1922.79097301834,1400.61198670987,1594.84487027742,1621.77457713651,1848.31170410079,1009.61458454698,1118.06301484511,1399.83767884461,1023.32910558688,1421.01847774015,2087.59528174694,1793.56980408474,1567.27245264771,1949.28364127447,1738.08503543211,956.12017731775,1677.92512685274,1328.97489364046,1355.84185894248,1254.69494990124,1314.30113223769,1413.53715836482,1220.7689720886,1335.46140887604
1177.98487745007,1922.79097301834,1400.61198670987,1594.84487027742,1621.77457713651,1848.31170410079,1009.61458454698,1118.06301484511,1399.83767884461,1023.32910558688,1421.01847774015,2087.59528174694,1793.56980408474,1567.27245264771,1949.28364127447,1738.08503543211,956.12017731775,1677.92512685274,1328.97489364046,1355.84185894248,1254.69494990124,1314.30113223769,1413.53715836482,1220.7689720886,1335.46140887604
1177.98487745007,1922.79097301834,1400.61198670987,1594.84487027742,1621.77457713651,1848.31170410079,1009.61458454698,1118.06301484511,1399.83767884461,1023.32910558688,1421.01847774015,2087.59528174694,1793.56980408474,1567.27245264771,1949.28364127447,1738.08503543211,956.12017731775,1677.92512685274,1328.97489364046,1355.84185894248,1254.69494990124,1314.30113223769,1413.53715836482,1220.7689720886,1335.46140887604
1177.98487745007,1922.79097301834,1400.61198670987,1594.84487027742,1621.77457713651,1848.31170410079,1009.61458454698,1118.06301484511,1399.83767884461,1023.32910558688,1421.01847774015,2087.59528174694,1793.56980408474,1567.27245264771,1949.28364127447,1738.08503543211,956.12017731775,1677.92512685274,1328.97489364046,1355.84185894248,1254.69494990124,1314.30113223769,1413.53715836482,1220.7689720886,1335.46140887604
1177.98487745007,1922.79097301834,1400.61198670987,1594.84487027742,1621.77457713651,1848.31170410079,1009.61458454698,1118.06301484511,1399.83767884461,1023.32910558688,1421.01847774015,2087.59528174694,1793.56980408474,1567.27245264771,1949.28364127447,1738.08503543211,956.12017731775,1677.92512685274,1328.97489364046,1355.84185894248,1254.69494990124,1314.30113223769,1413.53715836482,1220.7689720886,1335.46140887604
1177.98487745007,1922.79097301834,1400.61198670987,1594.84487027742,1621.77457713651,1848.31170410079,1009.61458454698,1118.06301484511,1399.83767884461,1023.32910558688,1421.01847774015,2087.59528174694,1793.56980408474,1567.27245264771,1949.28364127447,1738.08503543211,956.12017731775,1677.92512685274,1328.97489364046,1355.84185894248,1254.69494990124,1314.30113223769,1413.53715836482,1220.7689720886,1335.46140887604
1177.98487745007,1922.79097301834,1400.61198670987,1594.84487027742,1621.77457713651,1848.31170410079,1009.61458454698,1118.06301484511,1399.83767884461,1023.32910558688,1421.01847774015,2087.59528174694,1793.56980408474,1567.27245264771,1949.28364127447,1738.08503543211,956.12017731775,1677.92512685274,1328.97489364046,1355.84185894248,1254.69494990124,1314.30113223769,1413.53715836482,1220.7689720886,1335.46140887604
1177.98487745007,1922.79097301834,1400.61198670987,1594.84487027742,1621.77457713651,1848.31170410079,1009.61458454698,1118.06301484511,1399.83767884461,1023.32910558688,1421.01847774015,2087.59528174694,1793.56980408474,1567.27245264771,1949.28364127447,1738.08503543211,956.12017731775,1677.92512685274,1328.97489364046,1355.84185894248,1254.69494990124,1314.30113223769,1413.53715836482,1220.7689720886,1335.46140887604
1177.98487745007,1922.79097301834,1400.61198670987,1594.84487027742,1621.77457713651,1848.31170410079,1009.61458454698,1118.06301484511,1399.83767884461,1023.32910558688,1421.01847774015,2087.59528174694,1793.56980408474,1567.27245264771,1949.28364127447,1738.08503543211,956.12017731775,1677.92512685274,1328.97489364046,1355.84185894248,1254.69494990124,1314.30113223769,1413.53715836482,1220.7689720886,1335.46140887604
1177.98487745007,1922.79097301834,1400.61198670987,1594.84487027742,1621.77457713651,1848.31170410079,1009.61458454698,1118.06301484511,1399.83767884461,1023.32910558688,1421.01847774015,2087.59528174694,1793.56980408474,1567.27245264771,1949.28364127447,1738.08503543211,956.12017731775,1677.92512685274,1328.97489364046,1355.84185894248,1254.69494990124,1314.30113223769,1413.53715836482,1220.7689720886,1335.46140887604
1177.98487745007,1922.79097301834,1400.61198670987,1594.84487027742,1621.77457713651,1848.31170410079,1009.61458454698,1118.06301484511,1399.83767884461,1023.32910558688,1421.01847774015,2087.59528174694,1793.56980408474,1567.27245264771,1949.28364127447,1738.08503543211,956.12017731775,1677.92512685274,1328.97489364046,1355.84185894248,1254.69494990124,1314.30113223769,1413.53715836482,1220.7689720886,1335.46140887604
1177.98487745007,1922.79097301834,1400.61198670987,1594.84487027742,1621.77457713651,1848.31170410079,1009.61458454698,1118.06301484511,1399.83767884461,1023.32910558688,1421.01847774015,2087.59528174694,1793.56980408474,1567.27245264771,1949.28364127447,1738.08503543211,956.12017731775,1677.92512685274,1328.97489364046,1355.84185894248,1254.69494990124,1314.30113223769,1413.53715836482,1220.7689720886,1335.46140887604
1177.98487745007,1922.79097301834,1400.61198670987,1594.84487027742,1621.77457713651,1848.31170410079,1009.61458454698,1118.06301484511,1399.83767884461,1023.32910558688,1421.01847774015,2087.59528174694,1793.56980408474,1567.27245264771,1949.28364127447,1738.08503543211,956.12017731775,1677.92512685274,1328.97489364046,1355.84185894248,1254.69494990124,1314.30113223769,1413.53715836482,1220.7689720886,1335.46140887604
1177.98487745007,1922.79097301834,1400.61198670987,1594.84487027742,1621.77457713651,1848.31170410079,1009.61458454698,1118.06301484511,1399.83767884461,1023.32910558688,1421.01847774015,2087.59528174694,1793.56980408474,1567.27245264771,1949.28364127447,1738.08503543211,956.12017731775,1677.92512685274,1328.97489364046,1355.84185894248,1254.69494990124,1314.30113223769,1413.53715836482,1220.7689720886,1335.46140887604
1177.98487745007,1922.79097301834,1400.61198670987,1594.84487027742,1621.77457713651,1848.31170410079,1009.61458454698,1118.06301484511,1399.83767884461,1023.32910558688,1421.01847774015,2087.59528174694,1793.56980408474,1567.27245264771,1949.28364127447,1738.08503543211,956.12017731775,1677.92512685274,1328.97489364046,1355.84185894248,1254.69494990124,1314.30113223769,1413.53715836482,1220.7689720886,1335.46140887604
1177.98487745007,1922.79097301834,1400.61198670987,1594.84487027742,1621.77457713651,1848.31170410079,1009.61458454698,1118.06301484511,1399.83767884461,1023.32910558688,1421.01847774015,2087.59528174694,1793.56980408474,1567.27245264771,1949.28364127447,1738.08503543211,956.12017731775,1677.92512685274,1328.97489364046,1355.84185894248,1254.69494990124,1314.30113223769,1413.53715836482,1220.7689720886,1335.46140887604
1177.98487745007,1922.79097301834,1400.61198670987,1594.84487027742,1621.77457713651,1848.31170410079,1009.61458454698,1118.06301484511,1399.83767884461,1023.32910558688,1421.01847774015,2087.59528174694,1793.56980408474,1567.27245264771,1949.28364127447,1738.08503543211,956.12017731775,1677.92512685274,1328.97489364046,1355.84185894248,1254.69494990124,1314.30113223769,1413.53715836482,1220.7689720886,1335.46140887604
1177.98487745007,1922.79097301834,1400.61198670987,1594.84487027742,1621.77457713651,1848.31170410079,1009.61458454698,1118.06301484511,1399.83767884461,1023.32910558688,1421.01847774015,2087.59528174694,1793.56980408474,1567.27245264771,1949.28364127447,1738.08503543211,956.12017731775,1677.92512685274,1328.97489364046,1355.84185894248,1254.69494990124,1314.30113223769,1413.53715836482,1220.7689720886,1335.46140887604
1177.98487745007,1922.79097301834,1400.61198670987,1594.84487027742,1621.77457713651,1848.31170410079,1009.61458454698,1118.06301484511,1399.83767884461,1023.32910558688,1421.01847774015,2087.59528174694,1793.56980408474,1567.27245264771,1949.28364127447,1738.08503543211,956.12017731775,1677.92512685274,1328.97489364046,1355.84185894248,1254.69494990124,1314.30113223769,1413.53715836482,1220.7689720886,1335.46140887604
1177.98487745007,1922.79097301834,1400.61198670987,1594.84487027742,1621.77457713651,1848.31170410079,1009.61458454698,1118.06301484511,1399.83767884461,1023.32910558688,1421.01847774015,2087.59528174694,1793.56980408474,1567.27245264771,1949.28364127447,1738.08503543211,956.12017731775,1677.92512685274,1328.97489364046,1355.84185894248,1254.69494990124,1314.30113223769,1413.53715836482,1220.7689720886,1335.46140887604
1177.98487745007,1922.79097301834,1400.61198670987,1594.84487027742,1621.77457713651,1848.31170410079,1009.61458454698,1118.06301484511,1399.83767884461,1023.32910558688,1421.01847774015,2087.59528174694,1793.56980408474,1567.27245264771,1949.28364127447,1738.08503543211,956.12017731775,1677.92512685274,1328.97489364046,1355.84185894248,1254.69494990124,1314.30113223769,1413.53715836482,1220.7689720886,1335.46140887604
1177.98487745007,1922.79097301834,1400.61198670987,1594.84487027742,1621.77457713651,1848.31170410079,1009.61458454698,1118.06301484511,1399.83767884461,1023.32910558688,1421.01847774015,2087.59528174694,1793.56980408474,1567.27245264771,1949.28364127447,1738.08503543211,956.12017731775,1677.92512685274,1328.97489364046,1355.84185894248,1254.69494990124,1314.30113223769,1413.53715836482,1220.7689720886,1335.46140887604
1177.98487745007,1922.79097301834,1400.61198670987,1594.84487027742,1621.77457713651,1848.31170410079,1009.61458454698,1118.06301484511,1399.83767884461,1023.32910558688,1421.01847774015,2087.59528174694,1793.56980408474,1567.27245264771,1949.28364127447,1738.08503543211,956.12017731775,1677.92512685274,1328.97489364046,1355.84185894248,1254.69494990124,1314.30113223769,1413.53715836482,1220.7689720886,1335.46140887604
1177.98487745007,1922.79097301834,1400.61198670987,1594.84487027742,1621.77457713651,1848.31170410079,1009.61458454698,1118.06301484511,1399.83767884461,1023.32910558688,1421.01847774015,2087.59528174694,1793.56980408474,1567.27245264771,1949.28364127447,1738.08503543211,956.12017731775,1677.92512685274,1328.97489364046,1355.84185894248,1254.69494990124,1314.30113223769,1413.53715836482,1220.7689720886,1335.46140887604
1177.98487745007,1922.79097301834,1400.61198670987,1594.84487027742,1621.77457713651,1848.31170410079,1009.61458454698,1118.06301484511,1399.83767884461,1023.32910558688,1421.01847774015,2087.59528174694,1793.56980408474,1567.27245264771,1949.28364127447,1738.08503543211,956.12017731775,1677.92512685274,1328.97489364046,1355.84185894248,1254.69494990124,1314.30113223769,1413.53715836482,1220.7689720886,1335.46140887604
1177.98487745007,1922.79097301834,1400.61198670987,1594.84487027742,1621.77457713651,1848.31170410079,1009.61458454698,1118.06301484511,1399.83767884461,1023.32910558688,1421.01847774015,2087.59528174694,1793.56980408474,1567.27245264771,1949.28364127447,1738.08503543211,956.12017731775,1677.92512685274,1328.97489364046,1355.84185894248,1254.69494990124,1314.30113223769,1413.53715836482,1220.7689720886,1335.46140887604
1177.98487745007,1922.79097301834,1400.61198670987,1594.84487027742,1621.77457713651,1848.31170410079,1009.61458454698,1118.06301484511,1399.83767884461,1023.32910558688,1421.01847774015,2087.59528174694,1793.56980408474,1567.27245264771,1949.28364127447,1738.08503543211,956.12017731775,1677.92512685274,1328.97489364046,1355.84185894248,1254.69494990124,1314.30113223769,1413.53715836482,1220.7689720886,1335.46140887604
1177.98487745007,1922.79097301834,1400.61198670987,1594.84487027742,1621.77457713651,1848.31170410079,1009.61458454698,1118.06301484511,1399.83767884461,1023.32910558688,1421.01847774015,2087.59528174694,1793.56980408474,1567.27245264771,1949.28364127447,1738.08503543211,956.12017731775,1677.92512685274,1328.97489364046,1355.84185894248,1254.69494990124,1314.30113223769,1413.53715836482,1220.7689720886,1335.46140887604
1177.98487745007,1922.79097301834,1400.61198670987,1594.84487027742,1621.77457713651,1848.31170410079,1009.61458454698,1118.06301484511,1399.83767884461,1023.32910558688,1421.01847774015,2087.59528174694,1793.56980408474,1567.27245264771,1949.28364127447,1738.08503543211,956.12017731775,1677.92512685274,1328.97489364046,1355.84185894248,1254.69494990124,1314.30113223769,1413.53715836482,1220.7689720886,1335.46140887604
1177.98487745007,1922.79097301834,1400.61198670987,1594.84487027742,1621.77457713651,1848.31170410079,1009.61458454698,1118.06301484511,1399.83767884461,1023.32910558688,1421.01847774015,2087.59528174694,1793.56980408474,1567.27245264771,1949.28364127447,1738.08503543211,956.12017731775,1677.92512685274,1328.97489364046,1355.84185894248,1254.69494990124,1314.30113223769,1413.53715836482,1220.7689720886,1335.46140887604
1177.98487745007,1922.79097301834,1400.61198670987,1594.84487027742,1621.77457713651,1848.31170410079,1009.61458454698,1118.06301484511,1399.83767884461,1023.32910558688,1421.01847774015,2087.59528174694,1793.56980408474,1567.27245264771,1949.28364127447,1738.08503543211,956.12017731775,1677.92512685274,1328.97489364046,1355.84185894248,1254.69494990124,1314.30113223769,1413.53715836482,1220.7689720886,1335.46140887604
1177.98487745007,1922.79097301834,1400.61198670987,1594.84487027742,1621.77457713651,1848.31170410079,1009.61458454698,1118.06301484511,1399.83767884461,1023.32910558688,1421.01847774015,2087.59528174694,1793.56980408474,1567.27245264771,1949.28364127447,1738.08503543211,956.12017731775,1677.92512685274,1328.97489364046,1355.84185894248,1254.69494990124,1314.30113223769,1413.53715836482,1220.7689720886,1335.46140887604
1177.98487745007,1922.79097301834,1400.61198670987,1594.84487027742,1621.77457713651,1848.31170410079,1009.61458454698,1118.06301484511,1399.83767884461,1023.32910558688,1421.01847774015,2087.59528174694,1793.56980408474,1567.27245264771,1949.28364127447,1738.08503543211,956.12017731775,1677.92512685274,1328.97489364046,1355.84185894248,1254.69494990124,1314.30113223769,1413.53715836482,1220.7689720886,1335.46140887604
1177.98487745007,1922.79097301834,1400.61198670987,1594.84487027742,1621.77457713651,1848.31170410079,1009.61458454698,1118.06301484511,1399.83767884461,1023.32910558688,1421.01847774015,2087.59528174694,1793.56980408474,1567.27245264771,1949.28364127447,1738.08503543211,956.12017731775,1677.92512685274,1328.97489364046,1355.84185894248,1254.69494990124,1314.30113223769,1413.53715836482,1220.7689720886,1335.46140887604
1177.98487745007,1922.79097301834,1400.61198670987,1594.84487027742,1621.77457713651,1848.31170410079,1009.61458454698,1118.06301484511,1399.83767884461,1023.32910558688,1421.01847774015,2087.59528174694,1793.56980408474,1567.27245264771,1949.28364127447,1738.08503543211,956.12017731775,1677.92512685274,1328.97489364046,1355.84185894248,1254.69494990124,1314.30113223769,1413.53715836482,1220.7689720886,1335.46140887604
1177.98487745007,1922.79097301834,1400.61198670987,1594.84487027742,1621.77457713651,1848.31170410079,1009.61458454698,1118.06301484511,1399.83767884461,1023.32910558688,1421.01847774015,2087.59528174694,1793.56980408474,1567.27245264771,1949.28364127447,1738.08503543211,956.12017731775,1677.92512685274,1328.97489364046,1355.84185894248,1254.69494990124,1314.30113223769,1413.53715836482,1220.7689720886,1335.46140887604
1177.98487745007,1922.79097301834,1400.61198670987,1594.84487027742,1621.77457713651,1848.31170410079,1009.61458454698,1118.06301484511,1399.83767884461,1023.32910558688,1421.01847774015,2087.59528174694,1793.56980408474,1567.27245264771,1949.28364127447,1738.08503543211,956.12017731775,1677.92512685274,1328.97489364046,1355.84185894248,1254.69494990124,1314.30113223769,1413.53715836482,1220.7689720886,1335.46140887604
1177.98487745007,1922.79097301834,1400.61198670987,1594.84487027742,1621.77457713651,1848.31170410079,1009.61458454698,1118.06301484511,1399.83767884461,1023.32910558688,1421.01847774015,2087.59528174694,1793.56980408474,1567.27245264771,1949.28364127447,1738.08503543211,956.12017731775,1677.92512685274,1328.97489364046,1355.84185894248,1254.69494990124,1314.30113223769,1413.53715836482,1220.7689720886,1335.46140887604
1177.98487745007,1922.79097301834,1400.61198670987,1594.84487027742,1621.77457713651,1848.31170410079,1009.61458454698,1118.06301484511,1399.83767884461,1023.32910558688,1421.01847774015,2087.59528174694,1793.56980408474,1567.27245264771,1949.28364127447,1738.08503543211,956.12017731775,1677.92512685274,1328.97489364046,1355.84185894248,1254.69494990124,1314.30113223769,1413.53715836482,1220.7689720886,1335.46140887604
1177.98487745007,1922.79097301834,1400.61198670987,1594.84487027742,1621.77457713651,1848.31170410079,1009.61458454698,1118.06301484511,1399.83767884461,1023.32910558688,1421.01847774015,2087.59528174694,1793.56980408474,1567.27245264771,1949.28364127447,1738.08503543211,956.12017731775,1677.92512685274,1328.97489364046,1355.84185894248,1254.69494990124,1314.30113223769,1413.53715836482,1220.7689720886,1335.46140887604
1177.98487745007,1922.79097301834,1400.61198670987,1594.84487027742,1621.77457713651,1848.31170410079,1009.61458454698,1118.06301484511,1399.83767884461,1023.32910558688,1421.01847774015,2087.59528174694,1793.56980408474,1567.27245264771,1949.28364127447,1738.08503543211,956.12017731775,1677.92512685274,1328.97489364046,1355.84185894248,1254.69494990124,1314.30113223769,1413.53715836482,1220.7689720886,1335.46140887604
1177.98487745007,1922.79097301834,1400.61198670987,1594.84487027742,1621.77457713651,1848.31170410079,1009.61458454698,1118.06301484511,1399.83767884461,1023.32910558688,1421.01847774015,2087.59528174694,1793.56980408474,1567.27245264771,1949.28364127447,1738.08503543211,956.12017731775,1677.92512685274,1328.97489364046,1355.84185894248,1254.69494990124,1314.30113223769,1413.53715836482,1220.7689720886,1335.46140887604
1177.98487745007,1922.79097301834,1400.61198670987,1594.84487027742,1621.77457713651,1848.31170410079,1009.61458454698,1118.06301484511,1399.83767884461,1023.32910558688,1421.01847774015,2087.59528174694,1793.56980408474,1567.27245264771,1949.28364127447,1738.08503543211,956.12017731775,1677.92512685274,1328.97489364046,1355.84185894248,1254.69494990124,1314.30113223769,1413.53715836482,1220.7689720886,1335.46140887604
1177.98487745007,1922.79097301834,1400.61198670987,1594.84487027742,1621.77457713651,1848.31170410079,1009.61458454698,1118.06301484511,1399.83767884461,1023.32910558688,1421.01847774015,2087.59528174694,1793.56980408474,1567.27245264771,1949.28364127447,1738.08503543211,956.12017731775,1677.92512685274,1328.97489364046,1355.84185894248,1254.69494990124,1314.30113223769,1413.53715836482,1220.7689720886,1335.46140887604
1177.98487745007,1922.79097301834,1400.61198670987,1594.84487027742,1621.77457713651,1848.31170410079,1009.61458454698,1118.06301484511,1399.83767884461,1023.32910558688,1421.01847774015,2087.59528174694,1793.56980408474,1567.27245264771,1949.28364127447,1738.08503543211,956.12017731775,1677.92512685274,1328.97489364046,1355.84185894248,1254.69494990124,1314.30113223769,1413.53715836482,1220.7689720886,1335.46140887604
1177.98487745007,1922.79097301834,1400.61198670987,1594.84487027742,1621.77457713651,1848.31170410079,1009.61458454698,1118.06301484511,1399.83767884461,1023.32910558688,1421.01847774015,2087.59528174694,1793.56980408474,1567.27245264771,1949.28364127447,1738.08503543211,956.12017731775,1677.92512685274,1328.97489364046,1355.84185894248,1254.69494990124,1314.30113223769,1413.53715836482,1220.7689720886,1335.46140887604
1177.98487745007,1922.79097301834,1400.61198670987,1594.84487027742,1621.77457713651,1848.31170410079,1009.61458454698,1118.06301484511,1399.83767884461,1023.32910558688,1421.01847774015,2087.59528174694,1793.56980408474,1567.27245264771,1949.28364127447,1738.08503543211,956.12017731775,1677.92512685274,1328.97489364046,1355.84185894248,1254.69494990124,1314.30113223769,1413.53715836482,1220.7689720886,1335.46140887604
1177.98487745007,1922.79097301834,1400.61198670987,1594.84487027742,1621.77457713651,1848.31170410079,1009.61458454698,1118.06301484511,1399.83767884461,1023.32910558688,1421.01847774015,2087.59528174694,1793.56980408474,1567.27245264771,1949.28364127447,1738.08503543211,956.12017731775,1677.92512685274,1328.97489364046,1355.84185894248,1254.69494990124,1314.30113223769,1413.53715836482,1220.7689720886,1335.46140887604
1177.98487745007,1922.79097301834,1400.61198670987,1594.84487027742,1621.77457713651,1848.31170410079,1009.61458454698,1118.06301484511,1399.83767884461,1023.32910558688,1421.01847774015,2087.59528174694,1793.56980408474,1567.27245264771,1949.28364127447,1738.08503543211,956.12017731775,1677.92512685274,1328.97489364046,1355.84185894248,1254.69494990124,1314.30113223769,1413.53715836482,1220.7689720886,1335.46140887604
1177.98487745007,1922.79097301834,1400.61198670987,1594.84487027742,1621.77457713651,1848.31170410079,1009.61458454698,1118.06301484511,1399.83767884461,1023.32910558688,1421.01847774015,2087.59528174694,1793.56980408474,1567.27245264771,1949.28364127447,1738.08503543211,956.12017731775,1677.92512685274,1328.97489364046,1355.84185894248,1254.69494990124,1314.30113223769,1413.53715836482,1220.7689720886,1335.46140887604
1177.98487745007,1922.79097301834,1400.61198670987,1594.84487027742,1621.77457713651,1848.31170410079,1009.61458454698,1118.06301484511,1399.83767884461,1023.32910558688,1421.01847774015,2087.59528174694,1793.56980408474,1567.27245264771,1949.28364127447,1738.08503543211,956.12017731775,1677.92512685274,1328.97489364046,1355.84185894248,1254.69494990124,1314.30113223769,1413.53715836482,1220.7689720886,1335.46140887604
1177.98487745007,1922.79097301834,1400.61198670987,1594.84487027742,1621.77457713651,1848.31170410079,1009.61458454698,1118.06301484511,1399.83767884461,1023.32910558688,1421.01847774015,2087.59528174694,1793.56980408474,1567.27245264771,1949.28364127447,1738.08503543211,956.12017731775,1677.92512685274,1328.97489364046,1355.84185894248,1254.69494990124,1314.30113223769,1413.53715836482,1220.7689720886,1335.46140887604
1177.98487745007,1922.79097301834,1400.61198670987,1594.84487027742,1621.77457713651,1848.31170410079,1009.61458454698,1118.06301484511,1399.83767884461,1023.32910558688,1421.01847774015,2087.59528174694,1793.56980408474,1567.27245264771,1949.28364127447,1738.08503543211,956.12017731775,1677.92512685274,1328.97489364046,1355.84185894248,1254.69494990124,1314.30113223769,1413.53715836482,1220.7689720886,1335.46140887604
1177.98487745007,1922.79097301834,1400.61198670987,1594.84487027742,1621.77457713651,1848.31170410079,1009.61458454698,1118.06301484511,1399.83767884461,1023.32910558688,1421.01847774015,2087.59528174694,1793.56980408474,1567.27245264771,1949.28364127447,1738.08503543211,956.12017731775,1677.92512685274,1328.97489364046,1355.84185894248,1254.69494990124,1314.30113223769,1413.53715836482,1220.7689720886,1335.46140887604
1177.98487745007,1922.79097301834,1400.61198670987,1594.84487027742,1621.77457713651,1848.31170410079,1009.61458454698,1118.06301484511,1399.83767884461,1023.32910558688,1421.01847774015,2087.59528174694,1793.56980408474,1567.27245264771,1949.28364127447,1738.08503543211,956.12017731775,1677.92512685274,1328.97489364046,1355.84185894248,1254.69494990124,1314.30113223769,1413.53715836482,1220.7689720886,1335.46140887604
1177.98487745007,1922.79097301834,1400.61198670987,1594.84487027742,1621.77457713651,1848.31170410079,1009.61458454698,1118.06301484511,1399.83767884461,1023.32910558688,1421.01847774015,2087.59528174694,1793.56980408474,1567.27245264771,1949.28364127447,1738.08503543211,956.12017731775,1677.92512685274,1328.97489364046,1355.84185894248,1254.69494990124,1314.30113223769,1413.53715836482,1220.7689720886,1335.46140887604
1177.98487745007,1922.79097301834,1400.61198670987,1594.84487027742,1621.77457713651,1848.31170410079,1009.61458454698,1118.06301484511,1399.83767884461,1023.32910558688,1421.01847774015,2087.59528174694,1793.56980408474,1567.27245264771,1949.28364127447,1738.08503543211,956.12017731775,1677.92512685274,1328.97489364046,1355.84185894248,1254.69494990124,1314.30113223769,1413.53715836482,1220.7689720886,1335.46140887604
1177.98487745007,1922.79097301834,1400.61198670987,1594.84487027742,1621.77457713651,1848.31170410079,1009.61458454698,1118.06301484511,1399.83767884461,1023.32910558688,1421.01847774015,2087.59528174694,1793.56980408474,1567.27245264771,1949.28364127447,1738.08503543211,956.12017731775,1677.92512685274,1328.97489364046,1355.84185894248,1254.69494990124,1314.30113223769,1413.53715836482,1220.7689720886,1335.46140887604
1177.98487745007,1922.79097301834,1400.61198670987,1594.84487027742,1621.77457713651,1848.31170410079,1009.61458454698,1118.06301484511,1399.83767884461,1023.32910558688,1421.01847774015,2087.59528174694,1793.56980408474,1567.27245264771,1949.28364127447,1738.08503543211,956.12017731775,1677.92512685274,1328.97489364046,1355.84185894248,1254.69494990124,1314.30113223769,1413.53715836482,1220.7689720886,1335.46140887604
1177.98487745007,1922.79097301834,1400.61198670987,1594.84487027742,1621.77457713651,1848.31170410079,1009.61458454698,1118.06301484511,1399.83767884461,1023.32910558688,1421.01847774015,2087.59528174694,1793.56980408474,1567.27245264771,1949.28364127447,1738.08503543211,956.12017731775,1677.92512685274,1328.97489364046,1355.84185894248,1254.69494990124,1314.30113223769,1413.53715836482,1220.7689720886,1335.46140887604
1177.98487745007,1922.79097301834,1400.61198670987,1594.84487027742,1621.77457713651,1848.31170410079,1009.61458454698,1118.06301484511,1399.83767884461,1023.32910558688,1421.01847774015,2087.59528174694,1793.56980408474,1567.27245264771,1949.28364127447,1738.08503543211,956.12017731775,1677.92512685274,1328.97489364046,1355.84185894248,1254.69494990124,1314.30113223769,1413.53715836482,1220.7689720886,1335.46140887604
1177.98487745007,1922.79097301834,1400.61198670987,1594.84487027742,1621.77457713651,1848.31170410079,1009.61458454698,1118.06301484511,1399.83767884461,1023.32910558688,1421.01847774015,2087.59528174694,1793.56980408474,1567.27245264771,1949.28364127447,1738.08503543211,956.12017731775,1677.92512685274,1328.97489364046,1355.84185894248,1254.69494990124,1314.30113223769,1413.53715836482,1220.7689720886,1335.46140887604
1177.98487745007,1922.79097301834,1400.61198670987,1594.84487027742,1621.77457713651,1848.31170410079,1009.61458454698,1118.06301484511,1399.83767884461,1023.32910558688,1421.01847774015,2087.59528174694,1793.56980408474,1567.27245264771,1949.28364127447,1738.08503543211,956.12017731775,1677.92512685274,1328.97489364046,1355.84185894248,1254.69494990124,1314.30113223769,1413.53715836482,1220.7689720886,1335.46140887604
1177.98487745007,1922.79097301834,1400.61198670987,1594.84487027742,1621.77457713651,1848.31170410079,1009.61458454698,1118.06301484511,1399.83767884461,1023.32910558688,1421.01847774015,2087.59528174694,1793.56980408474,1567.27245264771,1949.28364127447,1738.08503543211,956.12017731775,1677.92512685274,1328.97489364046,1355.84185894248,1254.69494990124,1314.30113223769,1413.53715836482,1220.7689720886,1335.46140887604
1177.98487745007,1922.79097301834,1400.61198670987,1594.84487027742,1621.77457713651,1848.31170410079,1009.61458454698,1118.06301484511,1399.83767884461,1023.32910558688,1421.01847774015,2087.59528174694,1793.56980408474,1567.27245264771,1949.28364127447,1738.08503543211,956.12017731775,1677.92512685274,1328.97489364046,1355.84185894248,1254.69494990124,1314.30113223769,1413.53715836482,1220.7689720886,1335.46140887604
1177.98487745007,1922.79097301834,1400.61198670987,1594.84487027742,1621.77457713651,1848.31170410079,1009.61458454698,1118.06301484511,1399.83767884461,1023.32910558688,1421.01847774015,2087.59528174694,1793.56980408474,1567.27245264771,1949.28364127447,1738.08503543211,956.12017731775,1677.92512685274,1328.97489364046,1355.84185894248,1254.69494990124,1314.30113223769,1413.53715836482,1220.7689720886,1335.46140887604
1177.98487745007,1922.79097301834,1400.61198670987,1594.84487027742,1621.77457713651,1848.31170410079,1009.61458454698,1118.06301484511,1399.83767884461,1023.32910558688,1421.01847774015,2087.59528174694,1793.56980408474,1567.27245264771,1949.28364127447,1738.08503543211,956.12017731775,1677.92512685274,1328.97489364046,1355.84185894248,1254.69494990124,1314.30113223769,1413.53715836482,1220.7689720886,1335.46140887604
1177.98487745007,1922.79097301834,1400.61198670987,1594.84487027742,1621.77457713651,1848.31170410079,1009.61458454698,1118.06301484511,1399.83767884461,1023.32910558688,1421.01847774015,2087.59528174694,1793.56980408474,1567.27245264771,1949.28364127447,1738.08503543211,956.12017731775,1677.92512685274,1328.97489364046,1355.84185894248,1254.69494990124,1314.30113223769,1413.53715836482,1220.7689720886,1335.46140887604
1177.98487745007,1922.79097301834,1400.61198670987,1594.84487027742,1621.77457713651,1848.31170410079,1009.61458454698,1118.06301484511,1399.83767884461,1023.32910558688,1421.01847774015,2087.59528174694,1793.56980408474,1567.27245264771,1949.28364127447,1738.08503543211,956.12017731775,1677.92512685274,1328.97489364046,1355.84185894248,1254.69494990124,1314.30113223769,1413.53715836482,1220.7689720886,1335.46140887604
1177.98487745007,1922.79097301834,1400.61198670987,1594.84487027742,1621.77457713651,1848.31170410079,1009.61458454698,1118.06301484511,1399.83767884461,1023.32910558688,1421.01847774015,2087.59528174694,1793.56980408474,1567.27245264771,1949.28364127447,1738.08503543211,956.12017731775,1677.92512685274,1328.97489364046,1355.84185894248,1254.69494990124,1314.30113223769,1413.53715836482,1220.7689720886,1335.46140887604
1177.98487745007,1922.79097301834,1400.61198670987,1594.84487027742,1621.77457713651,1848.31170410079,1009.61458454698,1118.06301484511,1399.83767884461,1023.32910558688,1421.01847774015,2087.59528174694,1793.56980408474,1567.27245264771,1949.28364127447,1738.08503543211,956.12017731775,1677.92512685274,1328.97489364046,1355.84185894248,1254.69494990124,1314.30113223769,1413.53715836482,1220.7689720886,1335.46140887604
1177.98487745007,1922.79097301834,1400.61198670987,1594.84487027742,1621.77457713651,1848.31170410079,1009.61458454698,1118.06301484511,1399.83767884461,1023.32910558688,1421.01847774015,2087.59528174694,1793.56980408474,1567.27245264771,1949.28364127447,1738.08503543211,956.12017731775,1677.92512685274,1328.97489364046,1355.84185894248,1254.69494990124,1314.30113223769,1413.53715836482,1220.7689720886,1335.46140887604
1177.98487745007,1922.79097301834,1400.61198670987,1594.84487027742,1621.77457713651,1848.31170410079,1009.61458454698,1118.06301484511,1399.83767884461,1023.32910558688,1421.01847774015,2087.59528174694,1793.56980408474,1567.27245264771,1949.28364127447,1738.08503543211,956.12017731775,1677.92512685274,1328.97489364046,1355.84185894248,1254.69494990124,1314.30113223769,1413.53715836482,1220.7689720886,1335.46140887604
1177.98487745007,1922.79097301834,1400.61198670987,1594.84487027742,1621.77457713651,1848.31170410079,1009.61458454698,1118.06301484511,1399.83767884461,1023.32910558688,1421.01847774015,2087.59528174694,1793.56980408474,1567.27245264771,1949.28364127447,1738.08503543211,956.12017731775,1677.92512685274,1328.97489364046,1355.84185894248,1254.69494990124,1314.30113223769,1413.53715836482,1220.7689720886,1335.46140887604
1177.98487745007,1922.79097301834,1400.61198670987,1594.84487027742,1621.77457713651,1848.31170410079,1009.61458454698,1118.06301484511,1399.83767884461,1023.32910558688,1421.01847774015,2087.59528174694,1793.56980408474,1567.27245264771,1949.28364127447,1738.08503543211,956.12017731775,1677.92512685274,1328.97489364046,1355.84185894248,1254.69494990124,1314.30113223769,1413.53715836482,1220.7689720886,1335.46140887604
1177.98487745007,1922.79097301834,1400.61198670987,1594.84487027742,1621.77457713651,1848.31170410079,1009.61458454698,1118.06301484511,1399.83767884461,1023.32910558688,1421.01847774015,2087.59528174694,1793.56980408474,1567.27245264771,1949.28364127447,1738.08503543211,956.12017731775,1677.92512685274,1328.97489364046,1355.84185894248,1254.69494990124,1314.30113223769,1413.53715836482,1220.7689720886,1335.46140887604
1177.98487745007,1922.79097301834,1400.61198670987,1594.84487027742,1621.77457713651,1848.31170410079,1009.61458454698,1118.06301484511,1399.83767884461,1023.32910558688,1421.01847774015,2087.59528174694,1793.56980408474,1567.27245264771,1949.28364127447,1738.08503543211,956.12017731775,1677.92512685274,1328.97489364046,1355.84185894248,1254.69494990124,1314.30113223769,1413.53715836482,1220.7689720886,1335.46140887604
1177.98487745007,1922.79097301834,1400.61198670987,1594.84487027742,1621.77457713651,1848.31170410079,1009.61458454698,1118.06301484511,1399.83767884461,1023.32910558688,1421.01847774015,2087.59528174694,1793.56980408474,1567.27245264771,1949.28364127447,1738.08503543211,956.12017731775,1677.92512685274,1328.97489364046,1355.84185894248,1254.69494990124,1314.30113223769,1413.53715836482,1220.7689720886,1335.46140887604
1177.98487745007,1922.79097301834,1400.61198670987,1594.84487027742,1621.77457713651,1848.31170410079,1009.61458454698,1118.06301484511,1399.83767884461,1023.32910558688,1421.01847774015,2087.59528174694,1793.56980408474,1567.27245264771,1949.28364127447,1738.08503543211,956.12017731775,1677.92512685274,1328.97489364046,1355.84185894248,1254.69494990124,1314.30113223769,1413.53715836482,1220.7689720886,1335.46140887604
1177.98487745007,1922.79097301834,1400.61198670987,1594.84487027742,1621.77457713651,1848.31170410079,1009.61458454698,1118.06301484511,1399.83767884461,1023.32910558688,1421.01847774015,2087.59528174694,1793.56980408474,1567.27245264771,1949.28364127447,1738.08503543211,956.12017731775,1677.92512685274,1328.97489364046,1355.84185894248,1254.69494990124,1314.30113223769,1413.53715836482,1220.7689720886,1335.46140887604
1177.98487745007,1922.79097301834,1400.61198670987,1594.84487027742,1621.77457713651,1848.31170410079,1009.61458454698,1118.06301484511,1399.83767884461,1023.32910558688,1421.01847774015,2087.59528174694,1793.56980408474,1567.27245264771,1949.28364127447,1738.08503543211,956.12017731775,1677.92512685274,1328.97489364046,1355.84185894248,1254.69494990124,1314.30113223769,1413.53715836482,1220.7689720886,1335.46140887604
1177.98487745007,1922.79097301834,1400.61198670987,1594.84487027742,1621.77457713651,1848.31170410079,1009.61458454698,1118.06301484511,1399.83767884461,1023.32910558688,1421.01847774015,2087.59528174694,1793.56980408474,1567.27245264771,1949.28364127447,1738.08503543211,956.12017731775,1677.92512685274,1328.97489364046,1355.84185894248,1254.69494990124,1314.30113223769,1413.53715836482,1220.7689720886,1335.46140887604
1177.98487745007,1922.79097301834,1400.61198670987,1594.84487027742,1621.77457713651,1848.31170410079,1009.61458454698,1118.06301484511,1399.83767884461,1023.32910558688,1421.01847774015,2087.59528174694,1793.56980408474,1567.27245264771,1949.28364127447,1738.08503543211,956.12017731775,1677.92512685274,1328.97489364046,1355.84185894248,1254.69494990124,1314.30113223769,1413.53715836482,1220.7689720886,1335.46140887604
1177.98487745007,1922.79097301834,1400.61198670987,1594.84487027742,1621.77457713651,1848.31170410079,1009.61458454698,1118.06301484511,1399.83767884461,1023.32910558688,1421.01847774015,2087.59528174694,1793.56980408474,1567.27245264771,1949.28364127447,1738.08503543211,956.12017731775,1677.92512685274,1328.97489364046,1355.84185894248,1254.69494990124,1314.30113223769,1413.53715836482,1220.7689720886,1335.46140887604
1177.98487745007,1922.79097301834,1400.61198670987,1594.84487027742,1621.77457713651,1848.31170410079,1009.61458454698,1118.06301484511,1399.83767884461,1023.32910558688,1421.01847774015,2087.59528174694,1793.56980408474,1567.27245264771,1949.28364127447,1738.08503543211,956.12017731775,1677.92512685274,1328.97489364046,1355.84185894248,1254.69494990124,1314.30113223769,1413.53715836482,1220.7689720886,1335.46140887604
1177.98487745007,1922.79097301834,1400.61198670987,1594.84487027742,1621.77457713651,1848.31170410079,1009.61458454698,1118.06301484511,1399.83767884461,1023.32910558688,1421.01847774015,2087.59528174694,1793.56980408474,1567.27245264771,1949.28364127447,1738.08503543211,956.12017731775,1677.92512685274,1328.97489364046,1355.84185894248,1254.69494990124,1314.30113223769,1413.53715836482,1220.7689720886,1335.46140887604
1177.98487745007,1922.79097301834,1400.61198670987,1594.84487027742,1621.77457713651,1848.31170410079,1009.61458454698,1118.06301484511,1399.83767884461,1023.32910558688,1421.01847774015,2087.59528174694,1793.56980408474,1567.27245264771,1949.28364127447,1738.08503543211,956.12017731775,1677.92512685274,1328.97489364046,1355.84185894248,1254.69494990124,1314.30113223769,1413.53715836482,1220.7689720886,1335.46140887604
1177.98487745007,1922.79097301834,1400.61198670987,1594.84487027742,1621.77457713651,1848.31170410079,1009.61458454698,1118.06301484511,1399.83767884461,1023.32910558688,1421.01847774015,2087.59528174694,1793.56980408474,1567.27245264771,1949.28364127447,1738.08503543211,956.12017731775,1677.92512685274,1328.97489364046,1355.84185894248,1254.69494990124,1314.30113223769,1413.53715836482,1220.7689720886,1335.46140887604
1177.98487745007,1922.79097301834,1400.61198670987,1594.84487027742,1621.77457713651,1848.31170410079,1009.61458454698,1118.06301484511,1399.83767884461,1023.32910558688,1421.01847774015,2087.59528174694,1793.56980408474,1567.27245264771,1949.28364127447,1738.08503543211,956.12017731775,1677.92512685274,1328.97489364046,1355.84185894248,1254.69494990124,1314.30113223769,1413.53715836482,1220.7689720886,1335.46140887604
1177.98487745007,1922.79097301834,1400.61198670987,1594.84487027742,1621.77457713651,1848.31170410079,1009.61458454698,1118.06301484511,1399.83767884461,1023.32910558688,1421.01847774015,2087.59528174694,1793.56980408474,1567.27245264771,1949.28364127447,1738.08503543211,956.12017731775,1677.92512685274,1328.97489364046,1355.84185894248,1254.69494990124,1314.30113223769,1413.53715836482,1220.7689720886,1335.46140887604
1177.98487745007,1922.79097301834,1400.61198670987,1594.84487027742,1621.77457713651,1848.31170410079,1009.61458454698,1118.06301484511,1399.83767884461,1023.32910558688,1421.01847774015,2087.59528174694,1793.56980408474,1567.27245264771,1949.28364127447,1738.08503543211,956.12017731775,1677.92512685274,1328.97489364046,1355.84185894248,1254.69494990124,1314.30113223769,1413.53715836482,1220.7689720886,1335.46140887604
1177.98487745007,1922.79097301834,1400.61198670987,1594.84487027742,1621.77457713651,1848.31170410079,1009.61458454698,1118.06301484511,1399.83767884461,1023.32910558688,1421.01847774015,2087.59528174694,1793.56980408474,1567.27245264771,1949.28364127447,1738.08503543211,956.12017731775,1677.92512685274,1328.97489364046,1355.84185894248,1254.69494990124,1314.30113223769,1413.53715836482,1220.7689720886,1335.46140887604
1177.98487745007,1922.79097301834,1400.61198670987,1594.84487027742,1621.77457713651,1848.31170410079,1009.61458454698,1118.06301484511,1399.83767884461,1023.32910558688,1421.01847774015,2087.59528174694,1793.56980408474,1567.27245264771,1949.28364127447,1738.08503543211,956.12017731775,1677.92512685274,1328.97489364046,1355.84185894248,1254.69494990124,1314.30113223769,1413.53715836482,1220.7689720886,1335.46140887604
1177.98487745007,1922.79097301834,1400.61198670987,1594.84487027742,1621.77457713651,1848.31170410079,1009.61458454698,1118.06301484511,1399.83767884461,1023.32910558688,1421.01847774015,2087.59528174694,1793.56980408474,1567.27245264771,1949.28364127447,1738.08503543211,956.12017731775,1677.92512685274,1328.97489364046,1355.84185894248,1254.69494990124,1314.30113223769,1413.53715836482,1220.7689720886,1335.46140887604
1177.98487745007,1922.79097301834,1400.61198670987,1594.84487027742,1621.77457713651,1848.31170410079,1009.61458454698,1118.06301484511,1399.83767884461,1023.32910558688,1421.01847774015,2087.59528174694,1793.56980408474,1567.27245264771,1949.28364127447,1738.08503543211,956.12017731775,1677.92512685274,1328.97489364046,1355.84185894248,1254.69494990124,1314.30113223769,1413.53715836482,1220.7689720886,1335.46140887604
1177.98487745007,1922.79097301834,1400.61198670987,1594.84487027742,1621.77457713651,1848.31170410079,1009.61458454698,1118.06301484511,1399.83767884461,1023.32910558688,1421.01847774015,2087.59528174694,1793.56980408474,1567.27245264771,1949.28364127447,1738.08503543211,956.12017731775,1677.92512685274,1328.97489364046,1355.84185894248,1254.69494990124,1314.30113223769,1413.53715836482,1220.7689720886,1335.46140887604
1177.98487745007,1922.79097301834,1400.61198670987,1594.84487027742,1621.77457713651,1848.31170410079,1009.61458454698,1118.06301484511,1399.83767884461,1023.32910558688,1421.01847774015,2087.59528174694,1793.56980408474,1567.27245264771,1949.28364127447,1738.08503543211,956.12017731775,1677.92512685274,1328.97489364046,1355.84185894248,1254.69494990124,1314.30113223769,1413.53715836482,1220.7689720886,1335.46140887604
1177.98487745007,1922.79097301834,1400.61198670987,1594.84487027742,1621.77457713651,1848.31170410079,1009.61458454698,1118.06301484511,1399.83767884461,1023.32910558688,1421.01847774015,2087.59528174694,1793.56980408474,1567.27245264771,1949.28364127447,1738.08503543211,956.12017731775,1677.92512685274,1328.97489364046,1355.84185894248,1254.69494990124,1314.30113223769,1413.53715836482,1220.7689720886,1335.46140887604
1177.98487745007,1922.79097301834,1400.61198670987,1594.84487027742,1621.77457713651,1848.31170410079,1009.61458454698,1118.06301484511,1399.83767884461,1023.32910558688,1421.01847774015,2087.59528174694,1793.56980408474,1567.27245264771,1949.28364127447,1738.08503543211,956.12017731775,1677.92512685274,1328.97489364046,1355.84185894248,1254.69494990124,1314.30113223769,1413.53715836482,1220.7689720886,1335.46140887604
1177.98487745007,1922.79097301834,1400.61198670987,1594.84487027742,1621.77457713651,1848.31170410079,1009.61458454698,1118.06301484511,1399.83767884461,1023.32910558688,1421.01847774015,2087.59528174694,1793.56980408474,1567.27245264771,1949.28364127447,1738.08503543211,956.12017731775,1677.92512685274,1328.97489364046,1355.84185894248,1254.69494990124,1314.30113223769,1413.53715836482,1220.7689720886,1335.46140887604
1177.98487745007,1922.79097301834,1400.61198670987,1594.84487027742,1621.77457713651,1848.31170410079,1009.61458454698,1118.06301484511,1399.83767884461,1023.32910558688,1421.01847774015,2087.59528174694,1793.56980408474,1567.27245264771,1949.28364127447,1738.08503543211,956.12017731775,1677.92512685274,1328.97489364046,1355.84185894248,1254.69494990124,1314.30113223769,1413.53715836482,1220.7689720886,1335.46140887604
1177.98487745007,1922.79097301834,1400.61198670987,1594.84487027742,1621.77457713651,1848.31170410079,1009.61458454698,1118.06301484511,1399.83767884461,1023.32910558688,1421.01847774015,2087.59528174694,1793.56980408474,1567.27245264771,1949.28364127447,1738.08503543211,956.12017731775,1677.92512685274,1328.97489364046,1355.84185894248,1254.69494990124,1314.30113223769,1413.53715836482,1220.7689720886,1335.46140887604
1177.98487745007,1922.79097301834,1400.61198670987,1594.84487027742,1621.77457713651,1848.31170410079,1009.61458454698,1118.06301484511,1399.83767884461,1023.32910558688,1421.01847774015,2087.59528174694,1793.56980408474,1567.27245264771,1949.28364127447,1738.08503543211,956.12017731775,1677.92512685274,1328.97489364046,1355.84185894248,1254.69494990124,1314.30113223769,1413.53715836482,1220.7689720886,1335.46140887604
1177.98487745007,1922.79097301834,1400.61198670987,1594.84487027742,1621.77457713651,1848.31170410079,1009.61458454698,1118.06301484511,1399.83767884461,1023.32910558688,1421.01847774015,2087.59528174694,1793.56980408474,1567.27245264771,1949.28364127447,1738.08503543211,956.12017731775,1677.92512685274,1328.97489364046,1355.84185894248,1254.69494990124,1314.30113223769,1413.53715836482,1220.7689720886,1335.46140887604
1177.98487745007,1922.79097301834,1400.61198670987,1594.84487027742,1621.77457713651,1848.31170410079,1009.61458454698,1118.06301484511,1399.83767884461,1023.32910558688,1421.01847774015,2087.59528174694,1793.56980408474,1567.27245264771,1949.28364127447,1738.08503543211,956.12017731775,1677.92512685274,1328.97489364046,1355.84185894248,1254.69494990124,1314.30113223769,1413.53715836482,1220.7689720886,1335.46140887604
1177.98487745007,1922.79097301834,1400.61198670987,1594.84487027742,1621.77457713651,1848.31170410079,1009.61458454698,1118.06301484511,1399.83767884461,1023.32910558688,1421.01847774015,2087.59528174694,1793.56980408474,1567.27245264771,1949.28364127447,1738.08503543211,956.12017731775,1677.92512685274,1328.97489364046,1355.84185894248,1254.69494990124,1314.30113223769,1413.53715836482,1220.7689720886,1335.46140887604
1177.98487745007,1922.79097301834,1400.61198670987,1594.84487027742,1621.77457713651,1848.31170410079,1009.61458454698,1118.06301484511,1399.83767884461,1023.32910558688,1421.01847774015,2087.59528174694,1793.56980408474,1567.27245264771,1949.28364127447,1738.08503543211,956.12017731775,1677.92512685274,1328.97489364046,1355.84185894248,1254.69494990124,1314.30113223769,1413.53715836482,1220.7689720886,1335.46140887604
1177.98487745007,1922.79097301834,1400.61198670987,1594.84487027742,1621.77457713651,1848.31170410079,1009.61458454698,1118.06301484511,1399.83767884461,1023.32910558688,1421.01847774015,2087.59528174694,1793.56980408474,1567.27245264771,1949.28364127447,1738.08503543211,956.12017731775,1677.92512685274,1328.97489364046,1355.84185894248,1254.69494990124,1314.30113223769,1413.53715836482,1220.7689720886,1335.46140887604
1177.98487745007,1922.79097301834,1400.61198670987,1594.84487027742,1621.77457713651,1848.31170410079,1009.61458454698,1118.06301484511,1399.83767884461,1023.32910558688,1421.01847774015,2087.59528174694,1793.56980408474,1567.27245264771,1949.28364127447,1738.08503543211,956.12017731775,1677.92512685274,1328.97489364046,1355.84185894248,1254.69494990124,1314.30113223769,1413.53715836482,1220.7689720886,1335.46140887604
1177.98487745007,1922.79097301834,1400.61198670987,1594.84487027742,1621.77457713651,1848.31170410079,1009.61458454698,1118.06301484511,1399.83767884461,1023.32910558688,1421.01847774015,2087.59528174694,1793.56980408474,1567.27245264771,1949.28364127447,1738.08503543211,956.12017731775,1677.92512685274,1328.97489364046,1355.84185894248,1254.69494990124,1314.30113223769,1413.53715836482,1220.7689720886,1335.46140887604
1177.98487745007,1922.79097301834,1400.61198670987,1594.84487027742,1621.77457713651,1848.31170410079,1009.61458454698,1118.06301484511,1399.83767884461,1023.32910558688,1421.01847774015,2087.59528174694,1793.56980408474,1567.27245264771,1949.28364127447,1738.08503543211,956.12017731775,1677.92512685274,1328.97489364046,1355.84185894248,1254.69494990124,1314.30113223769,1413.53715836482,1220.7689720886,1335.46140887604
1177.98487745007,1922.79097301834,1400.61198670987,1594.84487027742,1621.77457713651,1848.31170410079,1009.61458454698,1118.06301484511,1399.83767884461,1023.32910558688,1421.01847774015,2087.59528174694,1793.56980408474,1567.27245264771,1949.28364127447,1738.08503543211,956.12017731775,1677.92512685274,1328.97489364046,1355.84185894248,1254.69494990124,1314.30113223769,1413.53715836482,1220.7689720886,1335.46140887604
1177.98487745007,1922.79097301834,1400.61198670987,1594.84487027742,1621.77457713651,1848.31170410079,1009.61458454698,1118.06301484511,1399.83767884461,1023.32910558688,1421.01847774015,2087.59528174694,1793.56980408474,1567.27245264771,1949.28364127447,1738.08503543211,956.12017731775,1677.92512685274,1328.97489364046,1355.84185894248,1254.69494990124,1314.30113223769,1413.53715836482,1220.7689720886,1335.46140887604
1177.98487745007,1922.79097301834,1400.61198670987,1594.84487027742,1621.77457713651,1848.31170410079,1009.61458454698,1118.06301484511,1399.83767884461,1023.32910558688,1421.01847774015,2087.59528174694,1793.56980408474,1567.27245264771,1949.28364127447,1738.08503543211,956.12017731775,1677.92512685274,1328.97489364046,1355.84185894248,1254.69494990124,1314.30113223769,1413.53715836482,1220.7689720886,1335.46140887604
1177.98487745007,1922.79097301834,1400.61198670987,1594.84487027742,1621.77457713651,1848.31170410079,1009.61458454698,1118.06301484511,1399.83767884461,1023.32910558688,1421.01847774015,2087.59528174694,1793.56980408474,1567.27245264771,1949.28364127447,1738.08503543211,956.12017731775,1677.92512685274,1328.97489364046,1355.84185894248,1254.69494990124,1314.30113223769,1413.53715836482,1220.7689720886,1335.46140887604
1177.98487745007,1922.79097301834,1400.61198670987,1594.84487027742,1621.77457713651,1848.31170410079,1009.61458454698,1118.06301484511,1399.83767884461,1023.32910558688,1421.01847774015,2087.59528174694,1793.56980408474,1567.27245264771,1949.28364127447,1738.08503543211,956.12017731775,1677.92512685274,1328.97489364046,1355.84185894248,1254.69494990124,1314.30113223769,1413.53715836482,1220.7689720886,1335.46140887604
1177.98487745007,1922.79097301834,1400.61198670987,1594.84487027742,1621.77457713651,1848.31170410079,1009.61458454698,1118.06301484511,1399.83767884461,1023.32910558688,1421.01847774015,2087.59528174694,1793.56980408474,1567.27245264771,1949.28364127447,1738.08503543211,956.12017731775,1677.92512685274,1328.97489364046,1355.84185894248,1254.69494990124,1314.30113223769,1413.53715836482,1220.7689720886,1335.46140887604
1177.98487745007,1922.79097301834,1400.61198670987,1594.84487027742,1621.77457713651,1848.31170410079,1009.61458454698,1118.06301484511,1399.83767884461,1023.32910558688,1421.01847774015,2087.59528174694,1793.56980408474,1567.27245264771,1949.28364127447,1738.08503543211,956.12017731775,1677.92512685274,1328.97489364046,1355.84185894248,1254.69494990124,1314.30113223769,1413.53715836482,1220.7689720886,1335.46140887604
1177.98487745007,1922.79097301834,1400.61198670987,1594.84487027742,1621.77457713651,1848.31170410079,1009.61458454698,1118.06301484511,1399.83767884461,1023.32910558688,1421.01847774015,2087.59528174694,1793.56980408474,1567.27245264771,1949.28364127447,1738.08503543211,956.12017731775,1677.92512685274,1328.97489364046,1355.84185894248,1254.69494990124,1314.30113223769,1413.53715836482,1220.7689720886,1335.46140887604
1177.98487745007,1922.79097301834,1400.61198670987,1594.84487027742,1621.77457713651,1848.31170410079,1009.61458454698,1118.06301484511,1399.83767884461,1023.32910558688,1421.01847774015,2087.59528174694,1793.56980408474,1567.27245264771,1949.28364127447,1738.08503543211,956.12017731775,1677.92512685274,1328.97489364046,1355.84185894248,1254.69494990124,1314.30113223769,1413.53715836482,1220.7689720886,1335.46140887604
1177.98487745007,1922.79097301834,1400.61198670987,1594.84487027742,1621.77457713651,1848.31170410079,1009.61458454698,1118.06301484511,1399.83767884461,1023.32910558688,1421.01847774015,2087.59528174694,1793.56980408474,1567.27245264771,1949.28364127447,1738.08503543211,956.12017731775,1677.92512685274,1328.97489364046,1355.84185894248,1254.69494990124,1314.30113223769,1413.53715836482,1220.7689720886,1335.46140887604
1177.98487745007,1922.79097301834,1400.61198670987,1594.84487027742,1621.77457713651,1848.31170410079,1009.61458454698,1118.06301484511,1399.83767884461,1023.32910558688,1421.01847774015,2087.59528174694,1793.56980408474,1567.27245264771,1949.28364127447,1738.08503543211,956.12017731775,1677.92512685274,1328.97489364046,1355.84185894248,1254.69494990124,1314.30113223769,1413.53715836482,1220.7689720886,1335.46140887604
1177.98487745007,1922.79097301834,1400.61198670987,1594.84487027742,1621.77457713651,1848.31170410079,1009.61458454698,1118.06301484511,1399.83767884461,1023.32910558688,1421.01847774015,2087.59528174694,1793.56980408474,1567.27245264771,1949.28364127447,1738.08503543211,956.12017731775,1677.92512685274,1328.97489364046,1355.84185894248,1254.69494990124,1314.30113223769,1413.53715836482,1220.7689720886,1335.46140887604
1177.98487745007,1922.79097301834,1400.61198670987,1594.84487027742,1621.77457713651,1848.31170410079,1009.61458454698,1118.06301484511,1399.83767884461,1023.32910558688,1421.01847774015,2087.59528174694,1793.56980408474,1567.27245264771,1949.28364127447,1738.08503543211,956.12017731775,1677.92512685274,1328.97489364046,1355.84185894248,1254.69494990124,1314.30113223769,1413.53715836482,1220.7689720886,1335.46140887604
1177.98487745007,1922.79097301834,1400.61198670987,1594.84487027742,1621.77457713651,1848.31170410079,1009.61458454698,1118.06301484511,1399.83767884461,1023.32910558688,1421.01847774015,2087.59528174694,1793.56980408474,1567.27245264771,1949.28364127447,1738.08503543211,956.12017731775,1677.92512685274,1328.97489364046,1355.84185894248,1254.69494990124,1314.30113223769,1413.53715836482,1220.7689720886,1335.46140887604
1177.98487745007,1922.79097301834,1400.61198670987,1594.84487027742,1621.77457713651,1848.31170410079,1009.61458454698,1118.06301484511,1399.83767884461,1023.32910558688,1421.01847774015,2087.59528174694,1793.56980408474,1567.27245264771,1949.28364127447,1738.08503543211,956.12017731775,1677.92512685274,1328.97489364046,1355.84185894248,1254.69494990124,1314.30113223769,1413.53715836482,1220.7689720886,1335.46140887604
1177.98487745007,1922.79097301834,1400.61198670987,1594.84487027742,1621.77457713651,1848.31170410079,1009.61458454698,1118.06301484511,1399.83767884461,1023.32910558688,1421.01847774015,2087.59528174694,1793.56980408474,1567.27245264771,1949.28364127447,1738.08503543211,956.12017731775,1677.92512685274,1328.97489364046,1355.84185894248,1254.69494990124,1314.30113223769,1413.53715836482,1220.7689720886,1335.46140887604
1177.98487745007,1922.79097301834,1400.61198670987,1594.84487027742,1621.77457713651,1848.31170410079,1009.61458454698,1118.06301484511,1399.83767884461,1023.32910558688,1421.01847774015,2087.59528174694,1793.56980408474,1567.27245264771,1949.28364127447,1738.08503543211,956.12017731775,1677.92512685274,1328.97489364046,1355.84185894248,1254.69494990124,1314.30113223769,1413.53715836482,1220.7689720886,1335.46140887604
1177.98487745007,1922.79097301834,1400.61198670987,1594.84487027742,1621.77457713651,1848.31170410079,1009.61458454698,1118.06301484511,1399.83767884461,1023.32910558688,1421.01847774015,2087.59528174694,1793.56980408474,1567.27245264771,1949.28364127447,1738.08503543211,956.12017731775,1677.92512685274,1328.97489364046,1355.84185894248,1254.69494990124,1314.30113223769,1413.53715836482,1220.7689720886,1335.46140887604
1177.98487745007,1922.79097301834,1400.61198670987,1594.84487027742,1621.77457713651,1848.31170410079,1009.61458454698,1118.06301484511,1399.83767884461,1023.32910558688,1421.01847774015,2087.59528174694,1793.56980408474,1567.27245264771,1949.28364127447,1738.08503543211,956.12017731775,1677.92512685274,1328.97489364046,1355.84185894248,1254.69494990124,1314.30113223769,1413.53715836482,1220.7689720886,1335.46140887604
1177.98487745007,1922.79097301834,1400.61198670987,1594.84487027742,1621.77457713651,1848.31170410079,1009.61458454698,1118.06301484511,1399.83767884461,1023.32910558688,1421.01847774015,2087.59528174694,1793.56980408474,1567.27245264771,1949.28364127447,1738.08503543211,956.12017731775,1677.92512685274,1328.97489364046,1355.84185894248,1254.69494990124,1314.30113223769,1413.53715836482,1220.7689720886,1335.46140887604
1177.98487745007,1922.79097301834,1400.61198670987,1594.84487027742,1621.77457713651,1848.31170410079,1009.61458454698,1118.06301484511,1399.83767884461,1023.32910558688,1421.01847774015,2087.59528174694,1793.56980408474,1567.27245264771,1949.28364127447,1738.08503543211,956.12017731775,1677.92512685274,1328.97489364046,1355.84185894248,1254.69494990124,1314.30113223769,1413.53715836482,1220.7689720886,1335.46140887604
1177.98487745007,1922.79097301834,1400.61198670987,1594.84487027742,1621.77457713651,1848.31170410079,1009.61458454698,1118.06301484511,1399.83767884461,1023.32910558688,1421.01847774015,2087.59528174694,1793.56980408474,1567.27245264771,1949.28364127447,1738.08503543211,956.12017731775,1677.92512685274,1328.97489364046,1355.84185894248,1254.69494990124,1314.30113223769,1413.53715836482,1220.7689720886,1335.46140887604
1177.98487745007,1922.79097301834,1400.61198670987,1594.84487027742,1621.77457713651,1848.31170410079,1009.61458454698,1118.06301484511,1399.83767884461,1023.32910558688,1421.01847774015,2087.59528174694,1793.56980408474,1567.27245264771,1949.28364127447,1738.08503543211,956.12017731775,1677.92512685274,1328.97489364046,1355.84185894248,1254.69494990124,1314.30113223769,1413.53715836482,1220.7689720886,1335.46140887604
1177.98487745007,1922.79097301834,1400.61198670987,1594.84487027742,1621.77457713651,1848.31170410079,1009.61458454698,1118.06301484511,1399.83767884461,1023.32910558688,1421.01847774015,2087.59528174694,1793.56980408474,1567.27245264771,1949.28364127447,1738.08503543211,956.12017731775,1677.92512685274,1328.97489364046,1355.84185894248,1254.69494990124,1314.30113223769,1413.53715836482,1220.7689720886,1335.46140887604
1177.98487745007,1922.79097301834,1400.61198670987,1594.84487027742,1621.77457713651,1848.31170410079,1009.61458454698,1118.06301484511,1399.83767884461,1023.32910558688,1421.01847774015,2087.59528174694,1793.56980408474,1567.27245264771,1949.28364127447,1738.08503543211,956.12017731775,1677.92512685274,1328.97489364046,1355.84185894248,1254.69494990124,1314.30113223769,1413.53715836482,1220.7689720886,1335.46140887604
1177.98487745007,1922.79097301834,1400.61198670987,1594.84487027742,1621.77457713651,1848.31170410079,1009.61458454698,1118.06301484511,1399.83767884461,1023.32910558688,1421.01847774015,2087.59528174694,1793.56980408474,1567.27245264771,1949.28364127447,1738.08503543211,956.12017731775,1677.92512685274,1328.97489364046,1355.84185894248,1254.69494990124,1314.30113223769,1413.53715836482,1220.7689720886,1335.46140887604
1177.98487745007,1922.79097301834,1400.61198670987,1594.84487027742,1621.77457713651,1848.31170410079,1009.61458454698,1118.06301484511,1399.83767884461,1023.32910558688,1421.01847774015,2087.59528174694,1793.56980408474,1567.27245264771,1949.28364127447,1738.08503543211,956.12017731775,1677.92512685274,1328.97489364046,1355.84185894248,1254.69494990124,1314.30113223769,1413.53715836482,1220.7689720886,1335.46140887604
1177.98487745007,1922.79097301834,1400.61198670987,1594.84487027742,1621.77457713651,1848.31170410079,1009.61458454698,1118.06301484511,1399.83767884461,1023.32910558688,1421.01847774015,2087.59528174694,1793.56980408474,1567.27245264771,1949.28364127447,1738.08503543211,956.12017731775,1677.92512685274,1328.97489364046,1355.84185894248,1254.69494990124,1314.30113223769,1413.53715836482,1220.7689720886,1335.46140887604
1177.98487745007,1922.79097301834,1400.61198670987,1594.84487027742,1621.77457713651,1848.31170410079,1009.61458454698,1118.06301484511,1399.83767884461,1023.32910558688,1421.01847774015,2087.59528174694,1793.56980408474,1567.27245264771,1949.28364127447,1738.08503543211,956.12017731775,1677.92512685274,1328.97489364046,1355.84185894248,1254.69494990124,1314.30113223769,1413.53715836482,1220.7689720886,1335.46140887604
1177.98487745007,1922.79097301834,1400.61198670987,1594.84487027742,1621.77457713651,1848.31170410079,1009.61458454698,1118.06301484511,1399.83767884461,1023.32910558688,1421.01847774015,2087.59528174694,1793.56980408474,1567.27245264771,1949.28364127447,1738.08503543211,956.12017731775,1677.92512685274,1328.97489364046,1355.84185894248,1254.69494990124,1314.30113223769,1413.53715836482,1220.7689720886,1335.46140887604
1177.98487745007,1922.79097301834,1400.61198670987,1594.84487027742,1621.77457713651,1848.31170410079,1009.61458454698,1118.06301484511,1399.83767884461,1023.32910558688,1421.01847774015,2087.59528174694,1793.56980408474,1567.27245264771,1949.28364127447,1738.08503543211,956.12017731775,1677.92512685274,1328.97489364046,1355.84185894248,1254.69494990124,1314.30113223769,1413.53715836482,1220.7689720886,1335.46140887604
1177.98487745007,1922.79097301834,1400.61198670987,1594.84487027742,1621.77457713651,1848.31170410079,1009.61458454698,1118.06301484511,1399.83767884461,1023.32910558688,1421.01847774015,2087.59528174694,1793.56980408474,1567.27245264771,1949.28364127447,1738.08503543211,956.12017731775,1677.92512685274,1328.97489364046,1355.84185894248,1254.69494990124,1314.30113223769,1413.53715836482,1220.7689720886,1335.46140887604
1177.98487745007,1922.79097301834,1400.61198670987,1594.84487027742,1621.77457713651,1848.31170410079,1009.61458454698,1118.06301484511,1399.83767884461,1023.32910558688,1421.01847774015,2087.59528174694,1793.56980408474,1567.27245264771,1949.28364127447,1738.08503543211,956.12017731775,1677.92512685274,1328.97489364046,1355.84185894248,1254.69494990124,1314.30113223769,1413.53715836482,1220.7689720886,1335.46140887604
1177.98487745007,1922.79097301834,1400.61198670987,1594.84487027742,1621.77457713651,1848.31170410079,1009.61458454698,1118.06301484511,1399.83767884461,1023.32910558688,1421.01847774015,2087.59528174694,1793.56980408474,1567.27245264771,1949.28364127447,1738.08503543211,956.12017731775,1677.92512685274,1328.97489364046,1355.84185894248,1254.69494990124,1314.30113223769,1413.53715836482,1220.7689720886,1335.46140887604
1177.98487745007,1922.79097301834,1400.61198670987,1594.84487027742,1621.77457713651,1848.31170410079,1009.61458454698,1118.06301484511,1399.83767884461,1023.32910558688,1421.01847774015,2087.59528174694,1793.56980408474,1567.27245264771,1949.28364127447,1738.08503543211,956.12017731775,1677.92512685274,1328.97489364046,1355.84185894248,1254.69494990124,1314.30113223769,1413.53715836482,1220.7689720886,1335.46140887604
1177.98487745007,1922.79097301834,1400.61198670987,1594.84487027742,1621.77457713651,1848.31170410079,1009.61458454698,1118.06301484511,1399.83767884461,1023.32910558688,1421.01847774015,2087.59528174694,1793.56980408474,1567.27245264771,1949.28364127447,1738.08503543211,956.12017731775,1677.92512685274,1328.97489364046,1355.84185894248,1254.69494990124,1314.30113223769,1413.53715836482,1220.7689720886,1335.46140887604
1177.98487745007,1922.79097301834,1400.61198670987,1594.84487027742,1621.77457713651,1848.31170410079,1009.61458454698,1118.06301484511,1399.83767884461,1023.32910558688,1421.01847774015,2087.59528174694,1793.56980408474,1567.27245264771,1949.28364127447,1738.08503543211,956.12017731775,1677.92512685274,1328.97489364046,1355.84185894248,1254.69494990124,1314.30113223769,1413.53715836482,1220.7689720886,1335.46140887604
1177.98487745007,1922.79097301834,1400.61198670987,1594.84487027742,1621.77457713651,1848.31170410079,1009.61458454698,1118.06301484511,1399.83767884461,1023.32910558688,1421.01847774015,2087.59528174694,1793.56980408474,1567.27245264771,1949.28364127447,1738.08503543211,956.12017731775,1677.92512685274,1328.97489364046,1355.84185894248,1254.69494990124,1314.30113223769,1413.53715836482,1220.7689720886,1335.46140887604
1177.98487745007,1922.79097301834,1400.61198670987,1594.84487027742,1621.77457713651,1848.31170410079,1009.61458454698,1118.06301484511,1399.83767884461,1023.32910558688,1421.01847774015,2087.59528174694,1793.56980408474,1567.27245264771,1949.28364127447,1738.08503543211,956.12017731775,1677.92512685274,1328.97489364046,1355.84185894248,1254.69494990124,1314.30113223769,1413.53715836482,1220.7689720886,1335.46140887604
1177.98487745007,1922.79097301834,1400.61198670987,1594.84487027742,1621.77457713651,1848.31170410079,1009.61458454698,1118.06301484511,1399.83767884461,1023.32910558688,1421.01847774015,2087.59528174694,1793.56980408474,1567.27245264771,1949.28364127447,1738.08503543211,956.12017731775,1677.92512685274,1328.97489364046,1355.84185894248,1254.69494990124,1314.30113223769,1413.53715836482,1220.7689720886,1335.46140887604
1177.98487745007,1922.79097301834,1400.61198670987,1594.84487027742,1621.77457713651,1848.31170410079,1009.61458454698,1118.06301484511,1399.83767884461,1023.32910558688,1421.01847774015,2087.59528174694,1793.56980408474,1567.27245264771,1949.28364127447,1738.08503543211,956.12017731775,1677.92512685274,1328.97489364046,1355.84185894248,1254.69494990124,1314.30113223769,1413.53715836482,1220.7689720886,1335.46140887604
1177.98487745007,1922.79097301834,1400.61198670987,1594.84487027742,1621.77457713651,1848.31170410079,1009.61458454698,1118.06301484511,1399.83767884461,1023.32910558688,1421.01847774015,2087.59528174694,1793.56980408474,1567.27245264771,1949.28364127447,1738.08503543211,956.12017731775,1677.92512685274,1328.97489364046,1355.84185894248,1254.69494990124,1314.30113223769,1413.53715836482,1220.7689720886,1335.46140887604
1177.98487745007,1922.79097301834,1400.61198670987,1594.84487027742,1621.77457713651,1848.31170410079,1009.61458454698,1118.06301484511,1399.83767884461,1023.32910558688,1421.01847774015,2087.59528174694,1793.56980408474,1567.27245264771,1949.28364127447,1738.08503543211,956.12017731775,1677.92512685274,1328.97489364046,1355.84185894248,1254.69494990124,1314.30113223769,1413.53715836482,1220.7689720886,1335.46140887604
1177.98487745007,1922.79097301834,1400.61198670987,1594.84487027742,1621.77457713651,1848.31170410079,1009.61458454698,1118.06301484511,1399.83767884461,1023.32910558688,1421.01847774015,2087.59528174694,1793.56980408474,1567.27245264771,1949.28364127447,1738.08503543211,956.12017731775,1677.92512685274,1328.97489364046,1355.84185894248,1254.69494990124,1314.30113223769,1413.53715836482,1220.7689720886,1335.46140887604
1177.98487745007,1922.79097301834,1400.61198670987,1594.84487027742,1621.77457713651,1848.31170410079,1009.61458454698,1118.06301484511,1399.83767884461,1023.32910558688,1421.01847774015,2087.59528174694,1793.56980408474,1567.27245264771,1949.28364127447,1738.08503543211,956.12017731775,1677.92512685274,1328.97489364046,1355.84185894248,1254.69494990124,1314.30113223769,1413.53715836482,1220.7689720886,1335.46140887604
1177.98487745007,1922.79097301834,1400.61198670987,1594.84487027742,1621.77457713651,1848.31170410079,1009.61458454698,1118.06301484511,1399.83767884461,1023.32910558688,1421.01847774015,2087.59528174694,1793.56980408474,1567.27245264771,1949.28364127447,1738.08503543211,956.12017731775,1677.92512685274,1328.97489364046,1355.84185894248,1254.69494990124,1314.30113223769,1413.53715836482,1220.7689720886,1335.46140887604
1177.98487745007,1922.79097301834,1400.61198670987,1594.84487027742,1621.77457713651,1848.31170410079,1009.61458454698,1118.06301484511,1399.83767884461,1023.32910558688,1421.01847774015,2087.59528174694,1793.56980408474,1567.27245264771,1949.28364127447,1738.08503543211,956.12017731775,1677.92512685274,1328.97489364046,1355.84185894248,1254.69494990124,1314.30113223769,1413.53715836482,1220.7689720886,1335.46140887604
1177.98487745007,1922.79097301834,1400.61198670987,1594.84487027742,1621.77457713651,1848.31170410079,1009.61458454698,1118.06301484511,1399.83767884461,1023.32910558688,1421.01847774015,2087.59528174694,1793.56980408474,1567.27245264771,1949.28364127447,1738.08503543211,956.12017731775,1677.92512685274,1328.97489364046,1355.84185894248,1254.69494990124,1314.30113223769,1413.53715836482,1220.7689720886,1335.46140887604
1177.98487745007,1922.79097301834,1400.61198670987,1594.84487027742,1621.77457713651,1848.31170410079,1009.61458454698,1118.06301484511,1399.83767884461,1023.32910558688,1421.01847774015,2087.59528174694,1793.56980408474,1567.27245264771,1949.28364127447,1738.08503543211,956.12017731775,1677.92512685274,1328.97489364046,1355.84185894248,1254.69494990124,1314.30113223769,1413.53715836482,1220.7689720886,1335.46140887604
1177.98487745007,1922.79097301834,1400.61198670987,1594.84487027742,1621.77457713651,1848.31170410079,1009.61458454698,1118.06301484511,1399.83767884461,1023.32910558688,1421.01847774015,2087.59528174694,1793.56980408474,1567.27245264771,1949.28364127447,1738.08503543211,956.12017731775,1677.92512685274,1328.97489364046,1355.84185894248,1254.69494990124,1314.30113223769,1413.53715836482,1220.7689720886,1335.46140887604
1177.98487745007,1922.79097301834,1400.61198670987,1594.84487027742,1621.77457713651,1848.31170410079,1009.61458454698,1118.06301484511,1399.83767884461,1023.32910558688,1421.01847774015,2087.59528174694,1793.56980408474,1567.27245264771,1949.28364127447,1738.08503543211,956.12017731775,1677.92512685274,1328.97489364046,1355.84185894248,1254.69494990124,1314.30113223769,1413.53715836482,1220.7689720886,1335.46140887604
1177.98487745007,1922.79097301834,1400.61198670987,1594.84487027742,1621.77457713651,1848.31170410079,1009.61458454698,1118.06301484511,1399.83767884461,1023.32910558688,1421.01847774015,2087.59528174694,1793.56980408474,1567.27245264771,1949.28364127447,1738.08503543211,956.12017731775,1677.92512685274,1328.97489364046,1355.84185894248,1254.69494990124,1314.30113223769,1413.53715836482,1220.7689720886,1335.46140887604
1177.98487745007,1922.79097301834,1400.61198670987,1594.84487027742,1621.77457713651,1848.31170410079,1009.61458454698,1118.06301484511,1399.83767884461,1023.32910558688,1421.01847774015,2087.59528174694,1793.56980408474,1567.27245264771,1949.28364127447,1738.08503543211,956.12017731775,1677.92512685274,1328.97489364046,1355.84185894248,1254.69494990124,1314.30113223769,1413.53715836482,1220.7689720886,1335.46140887604
1177.98487745007,1922.79097301834,1400.61198670987,1594.84487027742,1621.77457713651,1848.31170410079,1009.61458454698,1118.06301484511,1399.83767884461,1023.32910558688,1421.01847774015,2087.59528174694,1793.56980408474,1567.27245264771,1949.28364127447,1738.08503543211,956.12017731775,1677.92512685274,1328.97489364046,1355.84185894248,1254.69494990124,1314.30113223769,1413.53715836482,1220.7689720886,1335.46140887604
1177.98487745007,1922.79097301834,1400.61198670987,1594.84487027742,1621.77457713651,1848.31170410079,1009.61458454698,1118.06301484511,1399.83767884461,1023.32910558688,1421.01847774015,2087.59528174694,1793.56980408474,1567.27245264771,1949.28364127447,1738.08503543211,956.12017731775,1677.92512685274,1328.97489364046,1355.84185894248,1254.69494990124,1314.30113223769,1413.53715836482,1220.7689720886,1335.46140887604
1177.98487745007,1922.79097301834,1400.61198670987,1594.84487027742,1621.77457713651,1848.31170410079,1009.61458454698,1118.06301484511,1399.83767884461,1023.32910558688,1421.01847774015,2087.59528174694,1793.56980408474,1567.27245264771,1949.28364127447,1738.08503543211,956.12017731775,1677.92512685274,1328.97489364046,1355.84185894248,1254.69494990124,1314.30113223769,1413.53715836482,1220.7689720886,1335.46140887604
1177.98487745007,1922.79097301834,1400.61198670987,1594.84487027742,1621.77457713651,1848.31170410079,1009.61458454698,1118.06301484511,1399.83767884461,1023.32910558688,1421.01847774015,2087.59528174694,1793.56980408474,1567.27245264771,1949.28364127447,1738.08503543211,956.12017731775,1677.92512685274,1328.97489364046,1355.84185894248,1254.69494990124,1314.30113223769,1413.53715836482,1220.7689720886,1335.46140887604
1177.98487745007,1922.79097301834,1400.61198670987,1594.84487027742,1621.77457713651,1848.31170410079,1009.61458454698,1118.06301484511,1399.83767884461,1023.32910558688,1421.01847774015,2087.59528174694,1793.56980408474,1567.27245264771,1949.28364127447,1738.08503543211,956.12017731775,1677.92512685274,1328.97489364046,1355.84185894248,1254.69494990124,1314.30113223769,1413.53715836482,1220.7689720886,1335.46140887604
1177.98487745007,1922.79097301834,1400.61198670987,1594.84487027742,1621.77457713651,1848.31170410079,1009.61458454698,1118.06301484511,1399.83767884461,1023.32910558688,1421.01847774015,2087.59528174694,1793.56980408474,1567.27245264771,1949.28364127447,1738.08503543211,956.12017731775,1677.92512685274,1328.97489364046,1355.84185894248,1254.69494990124,1314.30113223769,1413.53715836482,1220.7689720886,1335.46140887604
1177.98487745007,1922.79097301834,1400.61198670987,1594.84487027742,1621.77457713651,1848.31170410079,1009.61458454698,1118.06301484511,1399.83767884461,1023.32910558688,1421.01847774015,2087.59528174694,1793.56980408474,1567.27245264771,1949.28364127447,1738.08503543211,956.12017731775,1677.92512685274,1328.97489364046,1355.84185894248,1254.69494990124,1314.30113223769,1413.53715836482,1220.7689720886,1335.46140887604
1177.98487745007,1922.79097301834,1400.61198670987,1594.84487027742,1621.77457713651,1848.31170410079,1009.61458454698,1118.06301484511,1399.83767884461,1023.32910558688,1421.01847774015,2087.59528174694,1793.56980408474,1567.27245264771,1949.28364127447,1738.08503543211,956.12017731775,1677.92512685274,1328.97489364046,1355.84185894248,1254.69494990124,1314.30113223769,1413.53715836482,1220.7689720886,1335.46140887604
1177.98487745007,1922.79097301834,1400.61198670987,1594.84487027742,1621.77457713651,1848.31170410079,1009.61458454698,1118.06301484511,1399.83767884461,1023.32910558688,1421.01847774015,2087.59528174694,1793.56980408474,1567.27245264771,1949.28364127447,1738.08503543211,956.12017731775,1677.92512685274,1328.97489364046,1355.84185894248,1254.69494990124,1314.30113223769,1413.53715836482,1220.7689720886,1335.46140887604
1177.98487745007,1922.79097301834,1400.61198670987,1594.84487027742,1621.77457713651,1848.31170410079,1009.61458454698,1118.06301484511,1399.83767884461,1023.32910558688,1421.01847774015,2087.59528174694,1793.56980408474,1567.27245264771,1949.28364127447,1738.08503543211,956.12017731775,1677.92512685274,1328.97489364046,1355.84185894248,1254.69494990124,1314.30113223769,1413.53715836482,1220.7689720886,1335.46140887604
1177.98487745007,1922.79097301834,1400.61198670987,1594.84487027742,1621.77457713651,1848.31170410079,1009.61458454698,1118.06301484511,1399.83767884461,1023.32910558688,1421.01847774015,2087.59528174694,1793.56980408474,1567.27245264771,1949.28364127447,1738.08503543211,956.12017731775,1677.92512685274,1328.97489364046,1355.84185894248,1254.69494990124,1314.30113223769,1413.53715836482,1220.7689720886,1335.46140887604
1177.98487745007,1922.79097301834,1400.61198670987,1594.84487027742,1621.77457713651,1848.31170410079,1009.61458454698,1118.06301484511,1399.83767884461,1023.32910558688,1421.01847774015,2087.59528174694,1793.56980408474,1567.27245264771,1949.28364127447,1738.08503543211,956.12017731775,1677.92512685274,1328.97489364046,1355.84185894248,1254.69494990124,1314.30113223769,1413.53715836482,1220.7689720886,1335.46140887604
1177.98487745007,1922.79097301834,1400.61198670987,1594.84487027742,1621.77457713651,1848.31170410079,1009.61458454698,1118.06301484511,1399.83767884461,1023.32910558688,1421.01847774015,2087.59528174694,1793.56980408474,1567.27245264771,1949.28364127447,1738.08503543211,956.12017731775,1677.92512685274,1328.97489364046,1355.84185894248,1254.69494990124,1314.30113223769,1413.53715836482,1220.7689720886,1335.46140887604
1177.98487745007,1922.79097301834,1400.61198670987,1594.84487027742,1621.77457713651,1848.31170410079,1009.61458454698,1118.06301484511,1399.83767884461,1023.32910558688,1421.01847774015,2087.59528174694,1793.56980408474,1567.27245264771,1949.28364127447,1738.08503543211,956.12017731775,1677.92512685274,1328.97489364046,1355.84185894248,1254.69494990124,1314.30113223769,1413.53715836482,1220.7689720886,1335.46140887604
1177.98487745007,1922.79097301834,1400.61198670987,1594.84487027742,1621.77457713651,1848.31170410079,1009.61458454698,1118.06301484511,1399.83767884461,1023.32910558688,1421.01847774015,2087.59528174694,1793.56980408474,1567.27245264771,1949.28364127447,1738.08503543211,956.12017731775,1677.92512685274,1328.97489364046,1355.84185894248,1254.69494990124,1314.30113223769,1413.53715836482,1220.7689720886,1335.46140887604
1177.98487745007,1922.79097301834,1400.61198670987,1594.84487027742,1621.77457713651,1848.31170410079,1009.61458454698,1118.06301484511,1399.83767884461,1023.32910558688,1421.01847774015,2087.59528174694,1793.56980408474,1567.27245264771,1949.28364127447,1738.08503543211,956.12017731775,1677.92512685274,1328.97489364046,1355.84185894248,1254.69494990124,1314.30113223769,1413.53715836482,1220.7689720886,1335.46140887604
1177.98487745007,1922.79097301834,1400.61198670987,1594.84487027742,1621.77457713651,1848.31170410079,1009.61458454698,1118.06301484511,1399.83767884461,1023.32910558688,1421.01847774015,2087.59528174694,1793.56980408474,1567.27245264771,1949.28364127447,1738.08503543211,956.12017731775,1677.92512685274,1328.97489364046,1355.84185894248,1254.69494990124,1314.30113223769,1413.53715836482,1220.7689720886,1335.46140887604
1177.98487745007,1922.79097301834,1400.61198670987,1594.84487027742,1621.77457713651,1848.31170410079,1009.61458454698,1118.06301484511,1399.83767884461,1023.32910558688,1421.01847774015,2087.59528174694,1793.56980408474,1567.27245264771,1949.28364127447,1738.08503543211,956.12017731775,1677.92512685274,1328.97489364046,1355.84185894248,1254.69494990124,1314.30113223769,1413.53715836482,1220.7689720886,1335.46140887604
1177.98487745007,1922.79097301834,1400.61198670987,1594.84487027742,1621.77457713651,1848.31170410079,1009.61458454698,1118.06301484511,1399.83767884461,1023.32910558688,1421.01847774015,2087.59528174694,1793.56980408474,1567.27245264771,1949.28364127447,1738.08503543211,956.12017731775,1677.92512685274,1328.97489364046,1355.84185894248,1254.69494990124,1314.30113223769,1413.53715836482,1220.7689720886,1335.46140887604
1177.98487745007,1922.79097301834,1400.61198670987,1594.84487027742,1621.77457713651,1848.31170410079,1009.61458454698,1118.06301484511,1399.83767884461,1023.32910558688,1421.01847774015,2087.59528174694,1793.56980408474,1567.27245264771,1949.28364127447,1738.08503543211,956.12017731775,1677.92512685274,1328.97489364046,1355.84185894248,1254.69494990124,1314.30113223769,1413.53715836482,1220.7689720886,1335.46140887604
1177.98487745007,1922.79097301834,1400.61198670987,1594.84487027742,1621.77457713651,1848.31170410079,1009.61458454698,1118.06301484511,1399.83767884461,1023.32910558688,1421.01847774015,2087.59528174694,1793.56980408474,1567.27245264771,1949.28364127447,1738.08503543211,956.12017731775,1677.92512685274,1328.97489364046,1355.84185894248,1254.69494990124,1314.30113223769,1413.53715836482,1220.7689720886,1335.46140887604
1177.98487745007,1922.79097301834,1400.61198670987,1594.84487027742,1621.77457713651,1848.31170410079,1009.61458454698,1118.06301484511,1399.83767884461,1023.32910558688,1421.01847774015,2087.59528174694,1793.56980408474,1567.27245264771,1949.28364127447,1738.08503543211,956.12017731775,1677.92512685274,1328.97489364046,1355.84185894248,1254.69494990124,1314.30113223769,1413.53715836482,1220.7689720886,1335.46140887604
1177.98487745007,1922.79097301834,1400.61198670987,1594.84487027742,1621.77457713651,1848.31170410079,1009.61458454698,1118.06301484511,1399.83767884461,1023.32910558688,1421.01847774015,2087.59528174694,1793.56980408474,1567.27245264771,1949.28364127447,1738.08503543211,956.12017731775,1677.92512685274,1328.97489364046,1355.84185894248,1254.69494990124,1314.30113223769,1413.53715836482,1220.7689720886,1335.46140887604
1177.98487745007,1922.79097301834,1400.61198670987,1594.84487027742,1621.77457713651,1848.31170410079,1009.61458454698,1118.06301484511,1399.83767884461,1023.32910558688,1421.01847774015,2087.59528174694,1793.56980408474,1567.27245264771,1949.28364127447,1738.08503543211,956.12017731775,1677.92512685274,1328.97489364046,1355.84185894248,1254.69494990124,1314.30113223769,1413.53715836482,1220.7689720886,1335.46140887604
1177.98487745007,1922.79097301834,1400.61198670987,1594.84487027742,1621.77457713651,1848.31170410079,1009.61458454698,1118.06301484511,1399.83767884461,1023.32910558688,1421.01847774015,2087.59528174694,1793.56980408474,1567.27245264771,1949.28364127447,1738.08503543211,956.12017731775,1677.92512685274,1328.97489364046,1355.84185894248,1254.69494990124,1314.30113223769,1413.53715836482,1220.7689720886,1335.46140887604
1177.98487745007,1922.79097301834,1400.61198670987,1594.84487027742,1621.77457713651,1848.31170410079,1009.61458454698,1118.06301484511,1399.83767884461,1023.32910558688,1421.01847774015,2087.59528174694,1793.56980408474,1567.27245264771,1949.28364127447,1738.08503543211,956.12017731775,1677.92512685274,1328.97489364046,1355.84185894248,1254.69494990124,1314.30113223769,1413.53715836482,1220.7689720886,1335.46140887604
1177.98487745007,1922.79097301834,1400.61198670987,1594.84487027742,1621.77457713651,1848.31170410079,1009.61458454698,1118.06301484511,1399.83767884461,1023.32910558688,1421.01847774015,2087.59528174694,1793.56980408474,1567.27245264771,1949.28364127447,1738.08503543211,956.12017731775,1677.92512685274,1328.97489364046,1355.84185894248,1254.69494990124,1314.30113223769,1413.53715836482,1220.7689720886,1335.46140887604
1177.98487745007,1922.79097301834,1400.61198670987,1594.84487027742,1621.77457713651,1848.31170410079,1009.61458454698,1118.06301484511,1399.83767884461,1023.32910558688,1421.01847774015,2087.59528174694,1793.56980408474,1567.27245264771,1949.28364127447,1738.08503543211,956.12017731775,1677.92512685274,1328.97489364046,1355.84185894248,1254.69494990124,1314.30113223769,1413.53715836482,1220.7689720886,1335.46140887604
1177.98487745007,1922.79097301834,1400.61198670987,1594.84487027742,1621.77457713651,1848.31170410079,1009.61458454698,1118.06301484511,1399.83767884461,1023.32910558688,1421.01847774015,2087.59528174694,1793.56980408474,1567.27245264771,1949.28364127447,1738.08503543211,956.12017731775,1677.92512685274,1328.97489364046,1355.84185894248,1254.69494990124,1314.30113223769,1413.53715836482,1220.7689720886,1335.46140887604
1177.98487745007,1922.79097301834,1400.61198670987,1594.84487027742,1621.77457713651,1848.31170410079,1009.61458454698,1118.06301484511,1399.83767884461,1023.32910558688,1421.01847774015,2087.59528174694,1793.56980408474,1567.27245264771,1949.28364127447,1738.08503543211,956.12017731775,1677.92512685274,1328.97489364046,1355.84185894248,1254.69494990124,1314.30113223769,1413.53715836482,1220.7689720886,1335.46140887604
1177.98487745007,1922.79097301834,1400.61198670987,1594.84487027742,1621.77457713651,1848.31170410079,1009.61458454698,1118.06301484511,1399.83767884461,1023.32910558688,1421.01847774015,2087.59528174694,1793.56980408474,1567.27245264771,1949.28364127447,1738.08503543211,956.12017731775,1677.92512685274,1328.97489364046,1355.84185894248,1254.69494990124,1314.30113223769,1413.53715836482,1220.7689720886,1335.46140887604
1177.98487745007,1922.79097301834,1400.61198670987,1594.84487027742,1621.77457713651,1848.31170410079,1009.61458454698,1118.06301484511,1399.83767884461,1023.32910558688,1421.01847774015,2087.59528174694,1793.56980408474,1567.27245264771,1949.28364127447,1738.08503543211,956.12017731775,1677.92512685274,1328.97489364046,1355.84185894248,1254.69494990124,1314.30113223769,1413.53715836482,1220.7689720886,1335.46140887604
1177.98487745007,1922.79097301834,1400.61198670987,1594.84487027742,1621.77457713651,1848.31170410079,1009.61458454698,1118.06301484511,1399.83767884461,1023.32910558688,1421.01847774015,2087.59528174694,1793.56980408474,1567.27245264771,1949.28364127447,1738.08503543211,956.12017731775,1677.92512685274,1328.97489364046,1355.84185894248,1254.69494990124,1314.30113223769,1413.53715836482,1220.7689720886,1335.46140887604
1177.98487745007,1922.79097301834,1400.61198670987,1594.84487027742,1621.77457713651,1848.31170410079,1009.61458454698,1118.06301484511,1399.83767884461,1023.32910558688,1421.01847774015,2087.59528174694,1793.56980408474,1567.27245264771,1949.28364127447,1738.08503543211,956.12017731775,1677.92512685274,1328.97489364046,1355.84185894248,1254.69494990124,1314.30113223769,1413.53715836482,1220.7689720886,1335.46140887604
1177.98487745007,1922.79097301834,1400.61198670987,1594.84487027742,1621.77457713651,1848.31170410079,1009.61458454698,1118.06301484511,1399.83767884461,1023.32910558688,1421.01847774015,2087.59528174694,1793.56980408474,1567.27245264771,1949.28364127447,1738.08503543211,956.12017731775,1677.92512685274,1328.97489364046,1355.84185894248,1254.69494990124,1314.30113223769,1413.53715836482,1220.7689720886,1335.46140887604
1177.98487745007,1922.79097301834,1400.61198670987,1594.84487027742,1621.77457713651,1848.31170410079,1009.61458454698,1118.06301484511,1399.83767884461,1023.32910558688,1421.01847774015,2087.59528174694,1793.56980408474,1567.27245264771,1949.28364127447,1738.08503543211,956.12017731775,1677.92512685274,1328.97489364046,1355.84185894248,1254.69494990124,1314.30113223769,1413.53715836482,1220.7689720886,1335.46140887604
1177.98487745007,1922.79097301834,1400.61198670987,1594.84487027742,1621.77457713651,1848.31170410079,1009.61458454698,1118.06301484511,1399.83767884461,1023.32910558688,1421.01847774015,2087.59528174694,1793.56980408474,1567.27245264771,1949.28364127447,1738.08503543211,956.12017731775,1677.92512685274,1328.97489364046,1355.84185894248,1254.69494990124,1314.30113223769,1413.53715836482,1220.7689720886,1335.46140887604
1177.98487745007,1922.79097301834,1400.61198670987,1594.84487027742,1621.77457713651,1848.31170410079,1009.61458454698,1118.06301484511,1399.83767884461,1023.32910558688,1421.01847774015,2087.59528174694,1793.56980408474,1567.27245264771,1949.28364127447,1738.08503543211,956.12017731775,1677.92512685274,1328.97489364046,1355.84185894248,1254.69494990124,1314.30113223769,1413.53715836482,1220.7689720886,1335.46140887604
1177.98487745007,1922.79097301834,1400.61198670987,1594.84487027742,1621.77457713651,1848.31170410079,1009.61458454698,1118.06301484511,1399.83767884461,1023.32910558688,1421.01847774015,2087.59528174694,1793.56980408474,1567.27245264771,1949.28364127447,1738.08503543211,956.12017731775,1677.92512685274,1328.97489364046,1355.84185894248,1254.69494990124,1314.30113223769,1413.53715836482,1220.7689720886,1335.46140887604
1177.98487745007,1922.79097301834,1400.61198670987,1594.84487027742,1621.77457713651,1848.31170410079,1009.61458454698,1118.06301484511,1399.83767884461,1023.32910558688,1421.01847774015,2087.59528174694,1793.56980408474,1567.27245264771,1949.28364127447,1738.08503543211,956.12017731775,1677.92512685274,1328.97489364046,1355.84185894248,1254.69494990124,1314.30113223769,1413.53715836482,1220.7689720886,1335.46140887604
1177.98487745007,1922.79097301834,1400.61198670987,1594.84487027742,1621.77457713651,1848.31170410079,1009.61458454698,1118.06301484511,1399.83767884461,1023.32910558688,1421.01847774015,2087.59528174694,1793.56980408474,1567.27245264771,1949.28364127447,1738.08503543211,956.12017731775,1677.92512685274,1328.97489364046,1355.84185894248,1254.69494990124,1314.30113223769,1413.53715836482,1220.7689720886,1335.46140887604
1177.98487745007,1922.79097301834,1400.61198670987,1594.84487027742,1621.77457713651,1848.31170410079,1009.61458454698,1118.06301484511,1399.83767884461,1023.32910558688,1421.01847774015,2087.59528174694,1793.56980408474,1567.27245264771,1949.28364127447,1738.08503543211,956.12017731775,1677.92512685274,1328.97489364046,1355.84185894248,1254.69494990124,1314.30113223769,1413.53715836482,1220.7689720886,1335.46140887604
1177.98487745007,1922.79097301834,1400.61198670987,1594.84487027742,1621.77457713651,1848.31170410079,1009.61458454698,1118.06301484511,1399.83767884461,1023.32910558688,1421.01847774015,2087.59528174694,1793.56980408474,1567.27245264771,1949.28364127447,1738.08503543211,956.12017731775,1677.92512685274,1328.97489364046,1355.84185894248,1254.69494990124,1314.30113223769,1413.53715836482,1220.7689720886,1335.46140887604
1177.98487745007,1922.79097301834,1400.61198670987,1594.84487027742,1621.77457713651,1848.31170410079,1009.61458454698,1118.06301484511,1399.83767884461,1023.32910558688,1421.01847774015,2087.59528174694,1793.56980408474,1567.27245264771,1949.28364127447,1738.08503543211,956.12017731775,1677.92512685274,1328.97489364046,1355.84185894248,1254.69494990124,1314.30113223769,1413.53715836482,1220.7689720886,1335.46140887604
1177.98487745007,1922.79097301834,1400.61198670987,1594.84487027742,1621.77457713651,1848.31170410079,1009.61458454698,1118.06301484511,1399.83767884461,1023.32910558688,1421.01847774015,2087.59528174694,1793.56980408474,1567.27245264771,1949.28364127447,1738.08503543211,956.12017731775,1677.92512685274,1328.97489364046,1355.84185894248,1254.69494990124,1314.30113223769,1413.53715836482,1220.7689720886,1335.46140887604
1177.98487745007,1922.79097301834,1400.61198670987,1594.84487027742,1621.77457713651,1848.31170410079,1009.61458454698,1118.06301484511,1399.83767884461,1023.32910558688,1421.01847774015,2087.59528174694,1793.56980408474,1567.27245264771,1949.28364127447,1738.08503543211,956.12017731775,1677.92512685274,1328.97489364046,1355.84185894248,1254.69494990124,1314.30113223769,1413.53715836482,1220.7689720886,1335.46140887604
1177.98487745007,1922.79097301834,1400.61198670987,1594.84487027742,1621.77457713651,1848.31170410079,1009.61458454698,1118.06301484511,1399.83767884461,1023.32910558688,1421.01847774015,2087.59528174694,1793.56980408474,1567.27245264771,1949.28364127447,1738.08503543211,956.12017731775,1677.92512685274,1328.97489364046,1355.84185894248,1254.69494990124,1314.30113223769,1413.53715836482,1220.7689720886,1335.46140887604
1177.98487745007,1922.79097301834,1400.61198670987,1594.84487027742,1621.77457713651,1848.31170410079,1009.61458454698,1118.06301484511,1399.83767884461,1023.32910558688,1421.01847774015,2087.59528174694,1793.56980408474,1567.27245264771,1949.28364127447,1738.08503543211,956.12017731775,1677.92512685274,1328.97489364046,1355.84185894248,1254.69494990124,1314.30113223769,1413.53715836482,1220.7689720886,1335.46140887604
1177.98487745007,1922.79097301834,1400.61198670987,1594.84487027742,1621.77457713651,1848.31170410079,1009.61458454698,1118.06301484511,1399.83767884461,1023.32910558688,1421.01847774015,2087.59528174694,1793.56980408474,1567.27245264771,1949.28364127447,1738.08503543211,956.12017731775,1677.92512685274,1328.97489364046,1355.84185894248,1254.69494990124,1314.30113223769,1413.53715836482,1220.7689720886,1335.46140887604
1177.98487745007,1922.79097301834,1400.61198670987,1594.84487027742,1621.77457713651,1848.31170410079,1009.61458454698,1118.06301484511,1399.83767884461,1023.32910558688,1421.01847774015,2087.59528174694,1793.56980408474,1567.27245264771,1949.28364127447,1738.08503543211,956.12017731775,1677.92512685274,1328.97489364046,1355.84185894248,1254.69494990124,1314.30113223769,1413.53715836482,1220.7689720886,1335.46140887604
1177.98487745007,1922.79097301834,1400.61198670987,1594.84487027742,1621.77457713651,1848.31170410079,1009.61458454698,1118.06301484511,1399.83767884461,1023.32910558688,1421.01847774015,2087.59528174694,1793.56980408474,1567.27245264771,1949.28364127447,1738.08503543211,956.12017731775,1677.92512685274,1328.97489364046,1355.84185894248,1254.69494990124,1314.30113223769,1413.53715836482,1220.7689720886,1335.46140887604
1177.98487745007,1922.79097301834,1400.61198670987,1594.84487027742,1621.77457713651,1848.31170410079,1009.61458454698,1118.06301484511,1399.83767884461,1023.32910558688,1421.01847774015,2087.59528174694,1793.56980408474,1567.27245264771,1949.28364127447,1738.08503543211,956.12017731775,1677.92512685274,1328.97489364046,1355.84185894248,1254.69494990124,1314.30113223769,1413.53715836482,1220.7689720886,1335.46140887604
1177.98487745007,1922.79097301834,1400.61198670987,1594.84487027742,1621.77457713651,1848.31170410079,1009.61458454698,1118.06301484511,1399.83767884461,1023.32910558688,1421.01847774015,2087.59528174694,1793.56980408474,1567.27245264771,1949.28364127447,1738.08503543211,956.12017731775,1677.92512685274,1328.97489364046,1355.84185894248,1254.69494990124,1314.30113223769,1413.53715836482,1220.7689720886,1335.46140887604
1177.98487745007,1922.79097301834,1400.61198670987,1594.84487027742,1621.77457713651,1848.31170410079,1009.61458454698,1118.06301484511,1399.83767884461,1023.32910558688,1421.01847774015,2087.59528174694,1793.56980408474,1567.27245264771,1949.28364127447,1738.08503543211,956.12017731775,1677.92512685274,1328.97489364046,1355.84185894248,1254.69494990124,1314.30113223769,1413.53715836482,1220.7689720886,1335.46140887604
1177.98487745007,1922.79097301834,1400.61198670987,1594.84487027742,1621.77457713651,1848.31170410079,1009.61458454698,1118.06301484511,1399.83767884461,1023.32910558688,1421.01847774015,2087.59528174694,1793.56980408474,1567.27245264771,1949.28364127447,1738.08503543211,956.12017731775,1677.92512685274,1328.97489364046,1355.84185894248,1254.69494990124,1314.30113223769,1413.53715836482,1220.7689720886,1335.46140887604
1177.98487745007,1922.79097301834,1400.61198670987,1594.84487027742,1621.77457713651,1848.31170410079,1009.61458454698,1118.06301484511,1399.83767884461,1023.32910558688,1421.01847774015,2087.59528174694,1793.56980408474,1567.27245264771,1949.28364127447,1738.08503543211,956.12017731775,1677.92512685274,1328.97489364046,1355.84185894248,1254.69494990124,1314.30113223769,1413.53715836482,1220.7689720886,1335.46140887604
1177.98487745007,1922.79097301834,1400.61198670987,1594.84487027742,1621.77457713651,1848.31170410079,1009.61458454698,1118.06301484511,1399.83767884461,1023.32910558688,1421.01847774015,2087.59528174694,1793.56980408474,1567.27245264771,1949.28364127447,1738.08503543211,956.12017731775,1677.92512685274,1328.97489364046,1355.84185894248,1254.69494990124,1314.30113223769,1413.53715836482,1220.7689720886,1335.46140887604
1177.98487745007,1922.79097301834,1400.61198670987,1594.84487027742,1621.77457713651,1848.31170410079,1009.61458454698,1118.06301484511,1399.83767884461,1023.32910558688,1421.01847774015,2087.59528174694,1793.56980408474,1567.27245264771,1949.28364127447,1738.08503543211,956.12017731775,1677.92512685274,1328.97489364046,1355.84185894248,1254.69494990124,1314.30113223769,1413.53715836482,1220.7689720886,1335.46140887604
1177.98487745007,1922.79097301834,1400.61198670987,1594.84487027742,1621.77457713651,1848.31170410079,1009.61458454698,1118.06301484511,1399.83767884461,1023.32910558688,1421.01847774015,2087.59528174694,1793.56980408474,1567.27245264771,1949.28364127447,1738.08503543211,956.12017731775,1677.92512685274,1328.97489364046,1355.84185894248,1254.69494990124,1314.30113223769,1413.53715836482,1220.7689720886,1335.46140887604
1177.98487745007,1922.79097301834,1400.61198670987,1594.84487027742,1621.77457713651,1848.31170410079,1009.61458454698,1118.06301484511,1399.83767884461,1023.32910558688,1421.01847774015,2087.59528174694,1793.56980408474,1567.27245264771,1949.28364127447,1738.08503543211,956.12017731775,1677.92512685274,1328.97489364046,1355.84185894248,1254.69494990124,1314.30113223769,1413.53715836482,1220.7689720886,1335.46140887604
1177.98487745007,1922.79097301834,1400.61198670987,1594.84487027742,1621.77457713651,1848.31170410079,1009.61458454698,1118.06301484511,1399.83767884461,1023.32910558688,1421.01847774015,2087.59528174694,1793.56980408474,1567.27245264771,1949.28364127447,1738.08503543211,956.12017731775,1677.92512685274,1328.97489364046,1355.84185894248,1254.69494990124,1314.30113223769,1413.53715836482,1220.7689720886,1335.46140887604
1177.98487745007,1922.79097301834,1400.61198670987,1594.84487027742,1621.77457713651,1848.31170410079,1009.61458454698,1118.06301484511,1399.83767884461,1023.32910558688,1421.01847774015,2087.59528174694,1793.56980408474,1567.27245264771,1949.28364127447,1738.08503543211,956.12017731775,1677.92512685274,1328.97489364046,1355.84185894248,1254.69494990124,1314.30113223769,1413.53715836482,1220.7689720886,1335.46140887604
1177.98487745007,1922.79097301834,1400.61198670987,1594.84487027742,1621.77457713651,1848.31170410079,1009.61458454698,1118.06301484511,1399.83767884461,1023.32910558688,1421.01847774015,2087.59528174694,1793.56980408474,1567.27245264771,1949.28364127447,1738.08503543211,956.12017731775,1677.92512685274,1328.97489364046,1355.84185894248,1254.69494990124,1314.30113223769,1413.53715836482,1220.7689720886,1335.46140887604
1177.98487745007,1922.79097301834,1400.61198670987,1594.84487027742,1621.77457713651,1848.31170410079,1009.61458454698,1118.06301484511,1399.83767884461,1023.32910558688,1421.01847774015,2087.59528174694,1793.56980408474,1567.27245264771,1949.28364127447,1738.08503543211,956.12017731775,1677.92512685274,1328.97489364046,1355.84185894248,1254.69494990124,1314.30113223769,1413.53715836482,1220.7689720886,1335.46140887604
1177.98487745007,1922.79097301834,1400.61198670987,1594.84487027742,1621.77457713651,1848.31170410079,1009.61458454698,1118.06301484511,1399.83767884461,1023.32910558688,1421.01847774015,2087.59528174694,1793.56980408474,1567.27245264771,1949.28364127447,1738.08503543211,956.12017731775,1677.92512685274,1328.97489364046,1355.84185894248,1254.69494990124,1314.30113223769,1413.53715836482,1220.7689720886,1335.46140887604
1177.98487745007,1922.79097301834,1400.61198670987,1594.84487027742,1621.77457713651,1848.31170410079,1009.61458454698,1118.06301484511,1399.83767884461,1023.32910558688,1421.01847774015,2087.59528174694,1793.56980408474,1567.27245264771,1949.28364127447,1738.08503543211,956.12017731775,1677.92512685274,1328.97489364046,1355.84185894248,1254.69494990124,1314.30113223769,1413.53715836482,1220.7689720886,1335.46140887604
1177.98487745007,1922.79097301834,1400.61198670987,1594.84487027742,1621.77457713651,1848.31170410079,1009.61458454698,1118.06301484511,1399.83767884461,1023.32910558688,1421.01847774015,2087.59528174694,1793.56980408474,1567.27245264771,1949.28364127447,1738.08503543211,956.12017731775,1677.92512685274,1328.97489364046,1355.84185894248,1254.69494990124,1314.30113223769,1413.53715836482,1220.7689720886,1335.46140887604
1177.98487745007,1922.79097301834,1400.61198670987,1594.84487027742,1621.77457713651,1848.31170410079,1009.61458454698,1118.06301484511,1399.83767884461,1023.32910558688,1421.01847774015,2087.59528174694,1793.56980408474,1567.27245264771,1949.28364127447,1738.08503543211,956.12017731775,1677.92512685274,1328.97489364046,1355.84185894248,1254.69494990124,1314.30113223769,1413.53715836482,1220.7689720886,1335.46140887604
1177.98487745007,1922.79097301834,1400.61198670987,1594.84487027742,1621.77457713651,1848.31170410079,1009.61458454698,1118.06301484511,1399.83767884461,1023.32910558688,1421.01847774015,2087.59528174694,1793.56980408474,1567.27245264771,1949.28364127447,1738.08503543211,956.12017731775,1677.92512685274,1328.97489364046,1355.84185894248,1254.69494990124,1314.30113223769,1413.53715836482,1220.7689720886,1335.46140887604
1177.98487745007,1922.79097301834,1400.61198670987,1594.84487027742,1621.77457713651,1848.31170410079,1009.61458454698,1118.06301484511,1399.83767884461,1023.32910558688,1421.01847774015,2087.59528174694,1793.56980408474,1567.27245264771,1949.28364127447,1738.08503543211,956.12017731775,1677.92512685274,1328.97489364046,1355.84185894248,1254.69494990124,1314.30113223769,1413.53715836482,1220.7689720886,1335.46140887604
1177.98487745007,1922.79097301834,1400.61198670987,1594.84487027742,1621.77457713651,1848.31170410079,1009.61458454698,1118.06301484511,1399.83767884461,1023.32910558688,1421.01847774015,2087.59528174694,1793.56980408474,1567.27245264771,1949.28364127447,1738.08503543211,956.12017731775,1677.92512685274,1328.97489364046,1355.84185894248,1254.69494990124,1314.30113223769,1413.53715836482,1220.7689720886,1335.46140887604
1177.98487745007,1922.79097301834,1400.61198670987,1594.84487027742,1621.77457713651,1848.31170410079,1009.61458454698,1118.06301484511,1399.83767884461,1023.32910558688,1421.01847774015,2087.59528174694,1793.56980408474,1567.27245264771,1949.28364127447,1738.08503543211,956.12017731775,1677.92512685274,1328.97489364046,1355.84185894248,1254.69494990124,1314.30113223769,1413.53715836482,1220.7689720886,1335.46140887604
1177.98487745007,1922.79097301834,1400.61198670987,1594.84487027742,1621.77457713651,1848.31170410079,1009.61458454698,1118.06301484511,1399.83767884461,1023.32910558688,1421.01847774015,2087.59528174694,1793.56980408474,1567.27245264771,1949.28364127447,1738.08503543211,956.12017731775,1677.92512685274,1328.97489364046,1355.84185894248,1254.69494990124,1314.30113223769,1413.53715836482,1220.7689720886,1335.46140887604
1177.98487745007,1922.79097301834,1400.61198670987,1594.84487027742,1621.77457713651,1848.31170410079,1009.61458454698,1118.06301484511,1399.83767884461,1023.32910558688,1421.01847774015,2087.59528174694,1793.56980408474,1567.27245264771,1949.28364127447,1738.08503543211,956.12017731775,1677.92512685274,1328.97489364046,1355.84185894248,1254.69494990124,1314.30113223769,1413.53715836482,1220.7689720886,1335.46140887604
1177.98487745007,1922.79097301834,1400.61198670987,1594.84487027742,1621.77457713651,1848.31170410079,1009.61458454698,1118.06301484511,1399.83767884461,1023.32910558688,1421.01847774015,2087.59528174694,1793.56980408474,1567.27245264771,1949.28364127447,1738.08503543211,956.12017731775,1677.92512685274,1328.97489364046,1355.84185894248,1254.69494990124,1314.30113223769,1413.53715836482,1220.7689720886,1335.46140887604
1177.98487745007,1922.79097301834,1400.61198670987,1594.84487027742,1621.77457713651,1848.31170410079,1009.61458454698,1118.06301484511,1399.83767884461,1023.32910558688,1421.01847774015,2087.59528174694,1793.56980408474,1567.27245264771,1949.28364127447,1738.08503543211,956.12017731775,1677.92512685274,1328.97489364046,1355.84185894248,1254.69494990124,1314.30113223769,1413.53715836482,1220.7689720886,1335.46140887604
1177.98487745007,1922.79097301834,1400.61198670987,1594.84487027742,1621.77457713651,1848.31170410079,1009.61458454698,1118.06301484511,1399.83767884461,1023.32910558688,1421.01847774015,2087.59528174694,1793.56980408474,1567.27245264771,1949.28364127447,1738.08503543211,956.12017731775,1677.92512685274,1328.97489364046,1355.84185894248,1254.69494990124,1314.30113223769,1413.53715836482,1220.7689720886,1335.46140887604
1177.98487745007,1922.79097301834,1400.61198670987,1594.84487027742,1621.77457713651,1848.31170410079,1009.61458454698,1118.06301484511,1399.83767884461,1023.32910558688,1421.01847774015,2087.59528174694,1793.56980408474,1567.27245264771,1949.28364127447,1738.08503543211,956.12017731775,1677.92512685274,1328.97489364046,1355.84185894248,1254.69494990124,1314.30113223769,1413.53715836482,1220.7689720886,1335.46140887604
1177.98487745007,1922.79097301834,1400.61198670987,1594.84487027742,1621.77457713651,1848.31170410079,1009.61458454698,1118.06301484511,1399.83767884461,1023.32910558688,1421.01847774015,2087.59528174694,1793.56980408474,1567.27245264771,1949.28364127447,1738.08503543211,956.12017731775,1677.92512685274,1328.97489364046,1355.84185894248,1254.69494990124,1314.30113223769,1413.53715836482,1220.7689720886,1335.46140887604
1177.98487745007,1922.79097301834,1400.61198670987,1594.84487027742,1621.77457713651,1848.31170410079,1009.61458454698,1118.06301484511,1399.83767884461,1023.32910558688,1421.01847774015,2087.59528174694,1793.56980408474,1567.27245264771,1949.28364127447,1738.08503543211,956.12017731775,1677.92512685274,1328.97489364046,1355.84185894248,1254.69494990124,1314.30113223769,1413.53715836482,1220.7689720886,1335.46140887604
1177.98487745007,1922.79097301834,1400.61198670987,1594.84487027742,1621.77457713651,1848.31170410079,1009.61458454698,1118.06301484511,1399.83767884461,1023.32910558688,1421.01847774015,2087.59528174694,1793.56980408474,1567.27245264771,1949.28364127447,1738.08503543211,956.12017731775,1677.92512685274,1328.97489364046,1355.84185894248,1254.69494990124,1314.30113223769,1413.53715836482,1220.7689720886,1335.46140887604
1177.98487745007,1922.79097301834,1400.61198670987,1594.84487027742,1621.77457713651,1848.31170410079,1009.61458454698,1118.06301484511,1399.83767884461,1023.32910558688,1421.01847774015,2087.59528174694,1793.56980408474,1567.27245264771,1949.28364127447,1738.08503543211,956.12017731775,1677.92512685274,1328.97489364046,1355.84185894248,1254.69494990124,1314.30113223769,1413.53715836482,1220.7689720886,1335.46140887604
1177.98487745007,1922.79097301834,1400.61198670987,1594.84487027742,1621.77457713651,1848.31170410079,1009.61458454698,1118.06301484511,1399.83767884461,1023.32910558688,1421.01847774015,2087.59528174694,1793.56980408474,1567.27245264771,1949.28364127447,1738.08503543211,956.12017731775,1677.92512685274,1328.97489364046,1355.84185894248,1254.69494990124,1314.30113223769,1413.53715836482,1220.7689720886,1335.46140887604
1177.98487745007,1922.79097301834,1400.61198670987,1594.84487027742,1621.77457713651,1848.31170410079,1009.61458454698,1118.06301484511,1399.83767884461,1023.32910558688,1421.01847774015,2087.59528174694,1793.56980408474,1567.27245264771,1949.28364127447,1738.08503543211,956.12017731775,1677.92512685274,1328.97489364046,1355.84185894248,1254.69494990124,1314.30113223769,1413.53715836482,1220.7689720886,1335.46140887604
1177.98487745007,1922.79097301834,1400.61198670987,1594.84487027742,1621.77457713651,1848.31170410079,1009.61458454698,1118.06301484511,1399.83767884461,1023.32910558688,1421.01847774015,2087.59528174694,1793.56980408474,1567.27245264771,1949.28364127447,1738.08503543211,956.12017731775,1677.92512685274,1328.97489364046,1355.84185894248,1254.69494990124,1314.30113223769,1413.53715836482,1220.7689720886,1335.46140887604
1177.98487745007,1922.79097301834,1400.61198670987,1594.84487027742,1621.77457713651,1848.31170410079,1009.61458454698,1118.06301484511,1399.83767884461,1023.32910558688,1421.01847774015,2087.59528174694,1793.56980408474,1567.27245264771,1949.28364127447,1738.08503543211,956.12017731775,1677.92512685274,1328.97489364046,1355.84185894248,1254.69494990124,1314.30113223769,1413.53715836482,1220.7689720886,1335.46140887604
1177.98487745007,1922.79097301834,1400.61198670987,1594.84487027742,1621.77457713651,1848.31170410079,1009.61458454698,1118.06301484511,1399.83767884461,1023.32910558688,1421.01847774015,2087.59528174694,1793.56980408474,1567.27245264771,1949.28364127447,1738.08503543211,956.12017731775,1677.92512685274,1328.97489364046,1355.84185894248,1254.69494990124,1314.30113223769,1413.53715836482,1220.7689720886,1335.46140887604
1177.98487745007,1922.79097301834,1400.61198670987,1594.84487027742,1621.77457713651,1848.31170410079,1009.61458454698,1118.06301484511,1399.83767884461,1023.32910558688,1421.01847774015,2087.59528174694,1793.56980408474,1567.27245264771,1949.28364127447,1738.08503543211,956.12017731775,1677.92512685274,1328.97489364046,1355.84185894248,1254.69494990124,1314.30113223769,1413.53715836482,1220.7689720886,1335.46140887604
1177.98487745007,1922.79097301834,1400.61198670987,1594.84487027742,1621.77457713651,1848.31170410079,1009.61458454698,1118.06301484511,1399.83767884461,1023.32910558688,1421.01847774015,2087.59528174694,1793.56980408474,1567.27245264771,1949.28364127447,1738.08503543211,956.12017731775,1677.92512685274,1328.97489364046,1355.84185894248,1254.69494990124,1314.30113223769,1413.53715836482,1220.7689720886,1335.46140887604
1177.98487745007,1922.79097301834,1400.61198670987,1594.84487027742,1621.77457713651,1848.31170410079,1009.61458454698,1118.06301484511,1399.83767884461,1023.32910558688,1421.01847774015,2087.59528174694,1793.56980408474,1567.27245264771,1949.28364127447,1738.08503543211,956.12017731775,1677.92512685274,1328.97489364046,1355.84185894248,1254.69494990124,1314.30113223769,1413.53715836482,1220.7689720886,1335.46140887604
1177.98487745007,1922.79097301834,1400.61198670987,1594.84487027742,1621.77457713651,1848.31170410079,1009.61458454698,1118.06301484511,1399.83767884461,1023.32910558688,1421.01847774015,2087.59528174694,1793.56980408474,1567.27245264771,1949.28364127447,1738.08503543211,956.12017731775,1677.92512685274,1328.97489364046,1355.84185894248,1254.69494990124,1314.30113223769,1413.53715836482,1220.7689720886,1335.46140887604
1177.98487745007,1922.79097301834,1400.61198670987,1594.84487027742,1621.77457713651,1848.31170410079,1009.61458454698,1118.06301484511,1399.83767884461,1023.32910558688,1421.01847774015,2087.59528174694,1793.56980408474,1567.27245264771,1949.28364127447,1738.08503543211,956.12017731775,1677.92512685274,1328.97489364046,1355.84185894248,1254.69494990124,1314.30113223769,1413.53715836482,1220.7689720886,1335.46140887604
1177.98487745007,1922.79097301834,1400.61198670987,1594.84487027742,1621.77457713651,1848.31170410079,1009.61458454698,1118.06301484511,1399.83767884461,1023.32910558688,1421.01847774015,2087.59528174694,1793.56980408474,1567.27245264771,1949.28364127447,1738.08503543211,956.12017731775,1677.92512685274,1328.97489364046,1355.84185894248,1254.69494990124,1314.30113223769,1413.53715836482,1220.7689720886,1335.46140887604
1177.98487745007,1922.79097301834,1400.61198670987,1594.84487027742,1621.77457713651,1848.31170410079,1009.61458454698,1118.06301484511,1399.83767884461,1023.32910558688,1421.01847774015,2087.59528174694,1793.56980408474,1567.27245264771,1949.28364127447,1738.08503543211,956.12017731775,1677.92512685274,1328.97489364046,1355.84185894248,1254.69494990124,1314.30113223769,1413.53715836482,1220.7689720886,1335.46140887604
1177.98487745007,1922.79097301834,1400.61198670987,1594.84487027742,1621.77457713651,1848.31170410079,1009.61458454698,1118.06301484511,1399.83767884461,1023.32910558688,1421.01847774015,2087.59528174694,1793.56980408474,1567.27245264771,1949.28364127447,1738.08503543211,956.12017731775,1677.92512685274,1328.97489364046,1355.84185894248,1254.69494990124,1314.30113223769,1413.53715836482,1220.7689720886,1335.46140887604
1177.98487745007,1922.79097301834,1400.61198670987,1594.84487027742,1621.77457713651,1848.31170410079,1009.61458454698,1118.06301484511,1399.83767884461,1023.32910558688,1421.01847774015,2087.59528174694,1793.56980408474,1567.27245264771,1949.28364127447,1738.08503543211,956.12017731775,1677.92512685274,1328.97489364046,1355.84185894248,1254.69494990124,1314.30113223769,1413.53715836482,1220.7689720886,1335.46140887604
1177.98487745007,1922.79097301834,1400.61198670987,1594.84487027742,1621.77457713651,1848.31170410079,1009.61458454698,1118.06301484511,1399.83767884461,1023.32910558688,1421.01847774015,2087.59528174694,1793.56980408474,1567.27245264771,1949.28364127447,1738.08503543211,956.12017731775,1677.92512685274,1328.97489364046,1355.84185894248,1254.69494990124,1314.30113223769,1413.53715836482,1220.7689720886,1335.46140887604
1177.98487745007,1922.79097301834,1400.61198670987,1594.84487027742,1621.77457713651,1848.31170410079,1009.61458454698,1118.06301484511,1399.83767884461,1023.32910558688,1421.01847774015,2087.59528174694,1793.56980408474,1567.27245264771,1949.28364127447,1738.08503543211,956.12017731775,1677.92512685274,1328.97489364046,1355.84185894248,1254.69494990124,1314.30113223769,1413.53715836482,1220.7689720886,1335.46140887604
1177.98487745007,1922.79097301834,1400.61198670987,1594.84487027742,1621.77457713651,1848.31170410079,1009.61458454698,1118.06301484511,1399.83767884461,1023.32910558688,1421.01847774015,2087.59528174694,1793.56980408474,1567.27245264771,1949.28364127447,1738.08503543211,956.12017731775,1677.92512685274,1328.97489364046,1355.84185894248,1254.69494990124,1314.30113223769,1413.53715836482,1220.7689720886,1335.46140887604
1177.98487745007,1922.79097301834,1400.61198670987,1594.84487027742,1621.77457713651,1848.31170410079,1009.61458454698,1118.06301484511,1399.83767884461,1023.32910558688,1421.01847774015,2087.59528174694,1793.56980408474,1567.27245264771,1949.28364127447,1738.08503543211,956.12017731775,1677.92512685274,1328.97489364046,1355.84185894248,1254.69494990124,1314.30113223769,1413.53715836482,1220.7689720886,1335.46140887604
1177.98487745007,1922.79097301834,1400.61198670987,1594.84487027742,1621.77457713651,1848.31170410079,1009.61458454698,1118.06301484511,1399.83767884461,1023.32910558688,1421.01847774015,2087.59528174694,1793.56980408474,1567.27245264771,1949.28364127447,1738.08503543211,956.12017731775,1677.92512685274,1328.97489364046,1355.84185894248,1254.69494990124,1314.30113223769,1413.53715836482,1220.7689720886,1335.46140887604
1177.98487745007,1922.79097301834,1400.61198670987,1594.84487027742,1621.77457713651,1848.31170410079,1009.61458454698,1118.06301484511,1399.83767884461,1023.32910558688,1421.01847774015,2087.59528174694,1793.56980408474,1567.27245264771,1949.28364127447,1738.08503543211,956.12017731775,1677.92512685274,1328.97489364046,1355.84185894248,1254.69494990124,1314.30113223769,1413.53715836482,1220.7689720886,1335.46140887604
1177.98487745007,1922.79097301834,1400.61198670987,1594.84487027742,1621.77457713651,1848.31170410079,1009.61458454698,1118.06301484511,1399.83767884461,1023.32910558688,1421.01847774015,2087.59528174694,1793.56980408474,1567.27245264771,1949.28364127447,1738.08503543211,956.12017731775,1677.92512685274,1328.97489364046,1355.84185894248,1254.69494990124,1314.30113223769,1413.53715836482,1220.7689720886,1335.46140887604
1177.98487745007,1922.79097301834,1400.61198670987,1594.84487027742,1621.77457713651,1848.31170410079,1009.61458454698,1118.06301484511,1399.83767884461,1023.32910558688,1421.01847774015,2087.59528174694,1793.56980408474,1567.27245264771,1949.28364127447,1738.08503543211,956.12017731775,1677.92512685274,1328.97489364046,1355.84185894248,1254.69494990124,1314.30113223769,1413.53715836482,1220.7689720886,1335.46140887604
1177.98487745007,1922.79097301834,1400.61198670987,1594.84487027742,1621.77457713651,1848.31170410079,1009.61458454698,1118.06301484511,1399.83767884461,1023.32910558688,1421.01847774015,2087.59528174694,1793.56980408474,1567.27245264771,1949.28364127447,1738.08503543211,956.12017731775,1677.92512685274,1328.97489364046,1355.84185894248,1254.69494990124,1314.30113223769,1413.53715836482,1220.7689720886,1335.46140887604
1177.98487745007,1922.79097301834,1400.61198670987,1594.84487027742,1621.77457713651,1848.31170410079,1009.61458454698,1118.06301484511,1399.83767884461,1023.32910558688,1421.01847774015,2087.59528174694,1793.56980408474,1567.27245264771,1949.28364127447,1738.08503543211,956.12017731775,1677.92512685274,1328.97489364046,1355.84185894248,1254.69494990124,1314.30113223769,1413.53715836482,1220.7689720886,1335.46140887604
1177.98487745007,1922.79097301834,1400.61198670987,1594.84487027742,1621.77457713651,1848.31170410079,1009.61458454698,1118.06301484511,1399.83767884461,1023.32910558688,1421.01847774015,2087.59528174694,1793.56980408474,1567.27245264771,1949.28364127447,1738.08503543211,956.12017731775,1677.92512685274,1328.97489364046,1355.84185894248,1254.69494990124,1314.30113223769,1413.53715836482,1220.7689720886,1335.46140887604
1177.98487745007,1922.79097301834,1400.61198670987,1594.84487027742,1621.77457713651,1848.31170410079,1009.61458454698,1118.06301484511,1399.83767884461,1023.32910558688,1421.01847774015,2087.59528174694,1793.56980408474,1567.27245264771,1949.28364127447,1738.08503543211,956.12017731775,1677.92512685274,1328.97489364046,1355.84185894248,1254.69494990124,1314.30113223769,1413.53715836482,1220.7689720886,1335.46140887604
1177.98487745007,1922.79097301834,1400.61198670987,1594.84487027742,1621.77457713651,1848.31170410079,1009.61458454698,1118.06301484511,1399.83767884461,1023.32910558688,1421.01847774015,2087.59528174694,1793.56980408474,1567.27245264771,1949.28364127447,1738.08503543211,956.12017731775,1677.92512685274,1328.97489364046,1355.84185894248,1254.69494990124,1314.30113223769,1413.53715836482,1220.7689720886,1335.46140887604
1177.98487745007,1922.79097301834,1400.61198670987,1594.84487027742,1621.77457713651,1848.31170410079,1009.61458454698,1118.06301484511,1399.83767884461,1023.32910558688,1421.01847774015,2087.59528174694,1793.56980408474,1567.27245264771,1949.28364127447,1738.08503543211,956.12017731775,1677.92512685274,1328.97489364046,1355.84185894248,1254.69494990124,1314.30113223769,1413.53715836482,1220.7689720886,1335.46140887604
1177.98487745007,1922.79097301834,1400.61198670987,1594.84487027742,1621.77457713651,1848.31170410079,1009.61458454698,1118.06301484511,1399.83767884461,1023.32910558688,1421.01847774015,2087.59528174694,1793.56980408474,1567.27245264771,1949.28364127447,1738.08503543211,956.12017731775,1677.92512685274,1328.97489364046,1355.84185894248,1254.69494990124,1314.30113223769,1413.53715836482,1220.7689720886,1335.46140887604
1177.98487745007,1922.79097301834,1400.61198670987,1594.84487027742,1621.77457713651,1848.31170410079,1009.61458454698,1118.06301484511,1399.83767884461,1023.32910558688,1421.01847774015,2087.59528174694,1793.56980408474,1567.27245264771,1949.28364127447,1738.08503543211,956.12017731775,1677.92512685274,1328.97489364046,1355.84185894248,1254.69494990124,1314.30113223769,1413.53715836482,1220.7689720886,1335.46140887604
1177.98487745007,1922.79097301834,1400.61198670987,1594.84487027742,1621.77457713651,1848.31170410079,1009.61458454698,1118.06301484511,1399.83767884461,1023.32910558688,1421.01847774015,2087.59528174694,1793.56980408474,1567.27245264771,1949.28364127447,1738.08503543211,956.12017731775,1677.92512685274,1328.97489364046,1355.84185894248,1254.69494990124,1314.30113223769,1413.53715836482,1220.7689720886,1335.46140887604
1177.98487745007,1922.79097301834,1400.61198670987,1594.84487027742,1621.77457713651,1848.31170410079,1009.61458454698,1118.06301484511,1399.83767884461,1023.32910558688,1421.01847774015,2087.59528174694,1793.56980408474,1567.27245264771,1949.28364127447,1738.08503543211,956.12017731775,1677.92512685274,1328.97489364046,1355.84185894248,1254.69494990124,1314.30113223769,1413.53715836482,1220.7689720886,1335.46140887604
1177.98487745007,1922.79097301834,1400.61198670987,1594.84487027742,1621.77457713651,1848.31170410079,1009.61458454698,1118.06301484511,1399.83767884461,1023.32910558688,1421.01847774015,2087.59528174694,1793.56980408474,1567.27245264771,1949.28364127447,1738.08503543211,956.12017731775,1677.92512685274,1328.97489364046,1355.84185894248,1254.69494990124,1314.30113223769,1413.53715836482,1220.7689720886,1335.46140887604
1177.98487745007,1922.79097301834,1400.61198670987,1594.84487027742,1621.77457713651,1848.31170410079,1009.61458454698,1118.06301484511,1399.83767884461,1023.32910558688,1421.01847774015,2087.59528174694,1793.56980408474,1567.27245264771,1949.28364127447,1738.08503543211,956.12017731775,1677.92512685274,1328.97489364046,1355.84185894248,1254.69494990124,1314.30113223769,1413.53715836482,1220.7689720886,1335.46140887604
1177.98487745007,1922.79097301834,1400.61198670987,1594.84487027742,1621.77457713651,1848.31170410079,1009.61458454698,1118.06301484511,1399.83767884461,1023.32910558688,1421.01847774015,2087.59528174694,1793.56980408474,1567.27245264771,1949.28364127447,1738.08503543211,956.12017731775,1677.92512685274,1328.97489364046,1355.84185894248,1254.69494990124,1314.30113223769,1413.53715836482,1220.7689720886,1335.46140887604
1177.98487745007,1922.79097301834,1400.61198670987,1594.84487027742,1621.77457713651,1848.31170410079,1009.61458454698,1118.06301484511,1399.83767884461,1023.32910558688,1421.01847774015,2087.59528174694,1793.56980408474,1567.27245264771,1949.28364127447,1738.08503543211,956.12017731775,1677.92512685274,1328.97489364046,1355.84185894248,1254.69494990124,1314.30113223769,1413.53715836482,1220.7689720886,1335.46140887604
1177.98487745007,1922.79097301834,1400.61198670987,1594.84487027742,1621.77457713651,1848.31170410079,1009.61458454698,1118.06301484511,1399.83767884461,1023.32910558688,1421.01847774015,2087.59528174694,1793.56980408474,1567.27245264771,1949.28364127447,1738.08503543211,956.12017731775,1677.92512685274,1328.97489364046,1355.84185894248,1254.69494990124,1314.30113223769,1413.53715836482,1220.7689720886,1335.46140887604
1177.98487745007,1922.79097301834,1400.61198670987,1594.84487027742,1621.77457713651,1848.31170410079,1009.61458454698,1118.06301484511,1399.83767884461,1023.32910558688,1421.01847774015,2087.59528174694,1793.56980408474,1567.27245264771,1949.28364127447,1738.08503543211,956.12017731775,1677.92512685274,1328.97489364046,1355.84185894248,1254.69494990124,1314.30113223769,1413.53715836482,1220.7689720886,1335.46140887604
1177.98487745007,1922.79097301834,1400.61198670987,1594.84487027742,1621.77457713651,1848.31170410079,1009.61458454698,1118.06301484511,1399.83767884461,1023.32910558688,1421.01847774015,2087.59528174694,1793.56980408474,1567.27245264771,1949.28364127447,1738.08503543211,956.12017731775,1677.92512685274,1328.97489364046,1355.84185894248,1254.69494990124,1314.30113223769,1413.53715836482,1220.7689720886,1335.46140887604
1177.98487745007,1922.79097301834,1400.61198670987,1594.84487027742,1621.77457713651,1848.31170410079,1009.61458454698,1118.06301484511,1399.83767884461,1023.32910558688,1421.01847774015,2087.59528174694,1793.56980408474,1567.27245264771,1949.28364127447,1738.08503543211,956.12017731775,1677.92512685274,1328.97489364046,1355.84185894248,1254.69494990124,1314.30113223769,1413.53715836482,1220.7689720886,1335.46140887604
1177.98487745007,1922.79097301834,1400.61198670987,1594.84487027742,1621.77457713651,1848.31170410079,1009.61458454698,1118.06301484511,1399.83767884461,1023.32910558688,1421.01847774015,2087.59528174694,1793.56980408474,1567.27245264771,1949.28364127447,1738.08503543211,956.12017731775,1677.92512685274,1328.97489364046,1355.84185894248,1254.69494990124,1314.30113223769,1413.53715836482,1220.7689720886,1335.46140887604
1177.98487745007,1922.79097301834,1400.61198670987,1594.84487027742,1621.77457713651,1848.31170410079,1009.61458454698,1118.06301484511,1399.83767884461,1023.32910558688,1421.01847774015,2087.59528174694,1793.56980408474,1567.27245264771,1949.28364127447,1738.08503543211,956.12017731775,1677.92512685274,1328.97489364046,1355.84185894248,1254.69494990124,1314.30113223769,1413.53715836482,1220.7689720886,1335.46140887604
1177.98487745007,1922.79097301834,1400.61198670987,1594.84487027742,1621.77457713651,1848.31170410079,1009.61458454698,1118.06301484511,1399.83767884461,1023.32910558688,1421.01847774015,2087.59528174694,1793.56980408474,1567.27245264771,1949.28364127447,1738.08503543211,956.12017731775,1677.92512685274,1328.97489364046,1355.84185894248,1254.69494990124,1314.30113223769,1413.53715836482,1220.7689720886,1335.46140887604
1177.98487745007,1922.79097301834,1400.61198670987,1594.84487027742,1621.77457713651,1848.31170410079,1009.61458454698,1118.06301484511,1399.83767884461,1023.32910558688,1421.01847774015,2087.59528174694,1793.56980408474,1567.27245264771,1949.28364127447,1738.08503543211,956.12017731775,1677.92512685274,1328.97489364046,1355.84185894248,1254.69494990124,1314.30113223769,1413.53715836482,1220.7689720886,1335.46140887604
1177.98487745007,1922.79097301834,1400.61198670987,1594.84487027742,1621.77457713651,1848.31170410079,1009.61458454698,1118.06301484511,1399.83767884461,1023.32910558688,1421.01847774015,2087.59528174694,1793.56980408474,1567.27245264771,1949.28364127447,1738.08503543211,956.12017731775,1677.92512685274,1328.97489364046,1355.84185894248,1254.69494990124,1314.30113223769,1413.53715836482,1220.7689720886,1335.46140887604
1177.98487745007,1922.79097301834,1400.61198670987,1594.84487027742,1621.77457713651,1848.31170410079,1009.61458454698,1118.06301484511,1399.83767884461,1023.32910558688,1421.01847774015,2087.59528174694,1793.56980408474,1567.27245264771,1949.28364127447,1738.08503543211,956.12017731775,1677.92512685274,1328.97489364046,1355.84185894248,1254.69494990124,1314.30113223769,1413.53715836482,1220.7689720886,1335.46140887604
1177.98487745007,1922.79097301834,1400.61198670987,1594.84487027742,1621.77457713651,1848.31170410079,1009.61458454698,1118.06301484511,1399.83767884461,1023.32910558688,1421.01847774015,2087.59528174694,1793.56980408474,1567.27245264771,1949.28364127447,1738.08503543211,956.12017731775,1677.92512685274,1328.97489364046,1355.84185894248,1254.69494990124,1314.30113223769,1413.53715836482,1220.7689720886,1335.46140887604
1177.98487745007,1922.79097301834,1400.61198670987,1594.84487027742,1621.77457713651,1848.31170410079,1009.61458454698,1118.06301484511,1399.83767884461,1023.32910558688,1421.01847774015,2087.59528174694,1793.56980408474,1567.27245264771,1949.28364127447,1738.08503543211,956.12017731775,1677.92512685274,1328.97489364046,1355.84185894248,1254.69494990124,1314.30113223769,1413.53715836482,1220.7689720886,1335.46140887604
1177.98487745007,1922.79097301834,1400.61198670987,1594.84487027742,1621.77457713651,1848.31170410079,1009.61458454698,1118.06301484511,1399.83767884461,1023.32910558688,1421.01847774015,2087.59528174694,1793.56980408474,1567.27245264771,1949.28364127447,1738.08503543211,956.12017731775,1677.92512685274,1328.97489364046,1355.84185894248,1254.69494990124,1314.30113223769,1413.53715836482,1220.7689720886,1335.46140887604
1177.98487745007,1922.79097301834,1400.61198670987,1594.84487027742,1621.77457713651,1848.31170410079,1009.61458454698,1118.06301484511,1399.83767884461,1023.32910558688,1421.01847774015,2087.59528174694,1793.56980408474,1567.27245264771,1949.28364127447,1738.08503543211,956.12017731775,1677.92512685274,1328.97489364046,1355.84185894248,1254.69494990124,1314.30113223769,1413.53715836482,1220.7689720886,1335.46140887604
1177.98487745007,1922.79097301834,1400.61198670987,1594.84487027742,1621.77457713651,1848.31170410079,1009.61458454698,1118.06301484511,1399.83767884461,1023.32910558688,1421.01847774015,2087.59528174694,1793.56980408474,1567.27245264771,1949.28364127447,1738.08503543211,956.12017731775,1677.92512685274,1328.97489364046,1355.84185894248,1254.69494990124,1314.30113223769,1413.53715836482,1220.7689720886,1335.46140887604
1177.98487745007,1922.79097301834,1400.61198670987,1594.84487027742,1621.77457713651,1848.31170410079,1009.61458454698,1118.06301484511,1399.83767884461,1023.32910558688,1421.01847774015,2087.59528174694,1793.56980408474,1567.27245264771,1949.28364127447,1738.08503543211,956.12017731775,1677.92512685274,1328.97489364046,1355.84185894248,1254.69494990124,1314.30113223769,1413.53715836482,1220.7689720886,1335.46140887604
1177.98487745007,1922.79097301834,1400.61198670987,1594.84487027742,1621.77457713651,1848.31170410079,1009.61458454698,1118.06301484511,1399.83767884461,1023.32910558688,1421.01847774015,2087.59528174694,1793.56980408474,1567.27245264771,1949.28364127447,1738.08503543211,956.12017731775,1677.92512685274,1328.97489364046,1355.84185894248,1254.69494990124,1314.30113223769,1413.53715836482,1220.7689720886,1335.46140887604
1177.98487745007,1922.79097301834,1400.61198670987,1594.84487027742,1621.77457713651,1848.31170410079,1009.61458454698,1118.06301484511,1399.83767884461,1023.32910558688,1421.01847774015,2087.59528174694,1793.56980408474,1567.27245264771,1949.28364127447,1738.08503543211,956.12017731775,1677.92512685274,1328.97489364046,1355.84185894248,1254.69494990124,1314.30113223769,1413.53715836482,1220.7689720886,1335.46140887604
1177.98487745007,1922.79097301834,1400.61198670987,1594.84487027742,1621.77457713651,1848.31170410079,1009.61458454698,1118.06301484511,1399.83767884461,1023.32910558688,1421.01847774015,2087.59528174694,1793.56980408474,1567.27245264771,1949.28364127447,1738.08503543211,956.12017731775,1677.92512685274,1328.97489364046,1355.84185894248,1254.69494990124,1314.30113223769,1413.53715836482,1220.7689720886,1335.46140887604
1177.98487745007,1922.79097301834,1400.61198670987,1594.84487027742,1621.77457713651,1848.31170410079,1009.61458454698,1118.06301484511,1399.83767884461,1023.32910558688,1421.01847774015,2087.59528174694,1793.56980408474,1567.27245264771,1949.28364127447,1738.08503543211,956.12017731775,1677.92512685274,1328.97489364046,1355.84185894248,1254.69494990124,1314.30113223769,1413.53715836482,1220.7689720886,1335.46140887604
1177.98487745007,1922.79097301834,1400.61198670987,1594.84487027742,1621.77457713651,1848.31170410079,1009.61458454698,1118.06301484511,1399.83767884461,1023.32910558688,1421.01847774015,2087.59528174694,1793.56980408474,1567.27245264771,1949.28364127447,1738.08503543211,956.12017731775,1677.92512685274,1328.97489364046,1355.84185894248,1254.69494990124,1314.30113223769,1413.53715836482,1220.7689720886,1335.46140887604
1177.98487745007,1922.79097301834,1400.61198670987,1594.84487027742,1621.77457713651,1848.31170410079,1009.61458454698,1118.06301484511,1399.83767884461,1023.32910558688,1421.01847774015,2087.59528174694,1793.56980408474,1567.27245264771,1949.28364127447,1738.08503543211,956.12017731775,1677.92512685274,1328.97489364046,1355.84185894248,1254.69494990124,1314.30113223769,1413.53715836482,1220.7689720886,1335.46140887604
1177.98487745007,1922.79097301834,1400.61198670987,1594.84487027742,1621.77457713651,1848.31170410079,1009.61458454698,1118.06301484511,1399.83767884461,1023.32910558688,1421.01847774015,2087.59528174694,1793.56980408474,1567.27245264771,1949.28364127447,1738.08503543211,956.12017731775,1677.92512685274,1328.97489364046,1355.84185894248,1254.69494990124,1314.30113223769,1413.53715836482,1220.7689720886,1335.46140887604
1177.98487745007,1922.79097301834,1400.61198670987,1594.84487027742,1621.77457713651,1848.31170410079,1009.61458454698,1118.06301484511,1399.83767884461,1023.32910558688,1421.01847774015,2087.59528174694,1793.56980408474,1567.27245264771,1949.28364127447,1738.08503543211,956.12017731775,1677.92512685274,1328.97489364046,1355.84185894248,1254.69494990124,1314.30113223769,1413.53715836482,1220.7689720886,1335.46140887604
1177.98487745007,1922.79097301834,1400.61198670987,1594.84487027742,1621.77457713651,1848.31170410079,1009.61458454698,1118.06301484511,1399.83767884461,1023.32910558688,1421.01847774015,2087.59528174694,1793.56980408474,1567.27245264771,1949.28364127447,1738.08503543211,956.12017731775,1677.92512685274,1328.97489364046,1355.84185894248,1254.69494990124,1314.30113223769,1413.53715836482,1220.7689720886,1335.46140887604
1177.98487745007,1922.79097301834,1400.61198670987,1594.84487027742,1621.77457713651,1848.31170410079,1009.61458454698,1118.06301484511,1399.83767884461,1023.32910558688,1421.01847774015,2087.59528174694,1793.56980408474,1567.27245264771,1949.28364127447,1738.08503543211,956.12017731775,1677.92512685274,1328.97489364046,1355.84185894248,1254.69494990124,1314.30113223769,1413.53715836482,1220.7689720886,1335.46140887604
