98063719334.9016,87829585890.0899,92847269925.8067,100559465620.581,99458573891.6455,141738730132.629,90707329046.6229,68309380101.7199,114397716784.955,74496695630.6118,114612110693.517,61979505681.1211,76782203097.1913,102434452255.233,94746015868.9345,109544497863.565,88585354692.1935,91094459599.5047,102180269190.187,81081328785.1245,97153330341.9144,49338047494.9485,102291999383.67,109538585076.12,100171183096.152
14985125.5171159,18855629.6581904,12782818.769678,10811341.7516375,11320698.5320704,29129535.8606989,22655265.4056803,13643481.7450393,24152052.4280621,17128344.9968014,15613831.5034625,14932268.5339123,34460273.0653989,12148147.6328069,12458747.8261921,20782772.855196,13339135.563997,10819755.7425936,29917074.7813187,11801508.115495,18728806.3978684,14461662.1978218,23509560.8060592,16937543.8217479,15860449.2311929
3332159.22461029,4892413.3482675,1628979.90531512,2584590.28958123,2305583.4741446,3008645.50484043,3890870.417543,2437615.206028,7335399.84543736,3343344.39294677,2684469.2933724,1245133.53533122,5555184.06788205,3092750.68181242,2731741.40984967,5111007.94291222,1968395.28368538,2016270.45249375,4759971.35487002,2930619.51703896,3435221.33422616,2439543.82723042,7402546.04080748,4659276.46580113,3720854.43919284
958667.646109578,1857212.72860427,690382.376828901,904618.017028453,919570.555520531,711141.747955646,786378.995676319,1294001.3580295,2274425.55296081,839516.233412226,1001147.28408098,502079.621242963,1414843.02753082,588068.890521361,1082567.18688907,1471813.22990174,620221.156557059,651012.461578823,2040408.69074026,989174.491132222,1257578.90002183,1091523.49949854,2252867.05081062,2178696.80892608,831708.251128185
491771.98138527,891881.864936651,371365.954466847,339854.244357775,508416.477666411,424975.044464613,352567.60640006,586484.674106019,1009814.72334088,542145.625724972,648455.07004434,235407.222135937,569005.035432813,217799.549978356,550454.680848172,704686.947835708,371654.929806633,326416.404889274,848516.325051722,434733.774035232,594102.001847343,594805.161027132,1464803.46810892,894751.686145378,414378.339092594
343972.198165483,463184.865754694,216913.668661126,245498.540074539,330063.999026717,239960.171953347,219536.043359583,429094.531191429,419946.060169842,358239.334612838,405016.217033545,203773.333330309,230139.756058805,144090.931159844,395649.342094545,378174.097673468,268763.2429397,243335.606392274,469144.770710396,235976.245789677,345291.296602964,428302.872869547,418538.033672829,486910.057328509,218467.131414903
197545.102896806,242803.989024171,121494.776792131,137837.66079458,229675.805093621,191891.635566963,139054.893368412,300220.260027508,251698.450027309,260610.286017079,295399.906044785,151744.361668081,182108.989979524,126429.073354917,271286.474212726,229944.286531647,188065.203289571,190947.980884882,277355.64436552,111836.287275023,225593.081472602,371230.827857956,175798.73134508,281397.252629182,171351.56111088
150643.24263701,119568.731781273,100470.428983429,71834.5920408018,127320.07129799,158814.017691722,97536.4069714046,210496.34848307,167049.37893937,198696.78111243,223363.469603021,110497.171187017,126506.897002772,90207.0295942981,191717.97310512,135614.009197328,131190.738566531,122462.295333691,197242.20170669,96177.4807379284,165063.898430848,300478.360495313,106382.881600367,169955.644057907,133039.504838467
101085.500515678,74863.0911367114,72409.5837694487,54902.1374099277,86143.1838818361,118621.946923922,70111.8187596739,163100.538539611,117610.90189652,169444.761402838,194078.276153611,74389.9037759378,87814.7044599917,73419.8018970886,163119.727741312,116050.981293675,88134.9027260213,96773.5602491016,158442.110795709,76917.3018514008,121444.455420431,201687.808020457,72710.6000393664,124367.569954257,111546.528786069
75693.2434138781,51033.4195302914,44395.8502280527,43601.2416070437,74007.1299683091,76443.914499416,53033.2565689197,138303.334547277,92930.5167147956,140858.417412769,152413.504689905,53253.7021467327,71073.6587201814,56545.7872327528,146132.234998889,87817.5158833349,57571.7872177305,77311.6103887383,94415.0912165935,54312.0284820264,64301.3058328554,147498.580726269,60277.5139125671,88230.8141545794,92215.2622902818
43036.7207253568,45969.565204801,31463.6115812228,34815.7838498267,53403.506361711,56341.7361752832,45718.0913951981,96490.749052421,71542.6914793378,101022.226927255,120733.193570634,36961.7366442206,65389.2890226778,49651.1462318371,105190.636471878,71297.0878046423,47630.9538268901,59160.2658302064,69700.626346463,48542.2559182175,36168.6673874339,116604.170448209,52372.646503797,71175.1237585796,67205.2431868313
32894.7908747599,41196.6411759375,26677.5629103829,27649.0857518956,33698.0372164456,41819.5149619741,38400.1451014249,53270.8229328765,42974.3524947953,72177.6286170681,88935.1815781619,25810.0237489441,44923.4209936877,39713.0089866704,72693.2918302113,56070.93035845,34129.7866805904,53484.0789895122,51391.4940026109,43539.2529945187,29764.3515053684,79641.2959189423,43707.6247009617,44432.3597445048,39384.2051682796
28926.4795569454,35928.2491929692,23551.7607496852,25168.5166711206,27306.5786638567,34965.1143828138,32657.153996227,38932.8614045726,31098.241600801,59717.2347171028,63004.2046598335,23271.2395787477,31933.8036648492,32650.3835675549,38769.0142873879,41203.3044318749,28346.3996210787,33076.7937717521,40843.2854121908,35750.8499285412,23608.5428852874,65080.0575182497,33140.8507071179,35758.3656162053,33271.8624500426
26237.3568676517,23598.1562938724,21349.2953977848,23040.5589884343,21666.3643335249,28813.3178107703,28970.5625241298,30518.7954037818,26820.5953435777,48513.4071315462,44905.5586597396,19360.7744553914,23929.5174888859,29600.5022566472,34029.8757953846,27998.3496856375,24471.1580829108,30356.9034052428,31550.8031091153,32173.4069384961,18279.168561774,42448.5172524131,27722.7137893339,29417.2656753657,24300.0899509929
23286.3999298551,19764.6596348965,19726.0680705065,21481.764932904,19685.690462432,24870.8372417535,27027.9550656125,26180.8617050404,23629.3875822625,39644.2553678354,30764.8867081277,18366.1488700423,18606.0995874403,16621.2951753617,28996.4798009933,19783.251332735,21305.0210993322,25920.2957385781,22927.3857336679,27045.66632407,15462.3432805851,29375.5908017941,25398.5720531935,20193.4036497037,21165.3677977267
20403.5453513669,16585.5761761845,16469.0048726568,20411.0530809337,19592.4902045814,24741.7168986813,24991.318258627,22186.888839673,22319.5245561791,32448.3082980902,25215.997497699,18318.296385527,17690.2433224406,14201.4645549507,26692.3988492018,17693.0645282859,17261.3632964173,25756.51621158,14177.0985042809,22485.6218510181,12515.1619876007,23541.6630326959,19686.7031900094,16314.0274193,20256.4890469997
18614.7391744692,12348.0262911343,14648.2410043571,17853.1224163786,18355.3814626039,21933.9676000164,21510.343519591,19286.7154476488,19082.0400133828,28731.6355873706,22082.9175103421,16445.8182992708,14038.4445931107,12837.7268790645,22867.4314846057,15502.3303417286,16831.4480832829,22351.870464696,11487.1074645478,21673.8543760777,11252.0338702678,19423.4963718874,17277.3100264112,12188.896568602,19381.6970251498
17227.0650214995,11143.4347119806,12102.6918404221,15174.9396291604,16712.6988761089,20634.9587855872,19436.5418791456,17297.4343183464,13149.4803317384,23250.6591942495,19128.2277164671,14952.63647219,11891.0013118192,11661.1814428023,20663.2300925125,13587.0260650592,13208.4425017884,19666.9115554817,9904.03235081864,20990.2883859814,11011.639582062,18434.5412738087,15653.1289548924,8902.58350483564,14706.5109944677
15907.3459570606,11042.5837357712,10093.573391168,13620.0119120001,14929.0827810084,15913.7301252853,18024.8307708066,15840.1252118364,11765.181175165,19548.0154435695,16911.7948654561,14715.733915159,11507.6836925555,10653.0669357071,19417.5512412546,13503.7020608973,12010.4690741406,18911.9694011214,8728.45679858914,18485.3482106684,10286.0832747303,18112.7733085428,14545.0730130451,7891.70596916939,14577.215055412
12424.512914717,9364.20981640178,10069.1001422243,11996.2782615329,13993.851458742,15117.421015517,15885.5824187918,15662.6413258466,11305.1080110068,13774.1792588407,15780.8302871096,13153.7076559834,11452.08825856,10317.8815966266,17322.9236861227,13058.1747136079,11965.8413605776,15957.2504371826,8684.67257500541,16656.3886319783,9322.30876117982,17379.4839987923,14496.1007322426,7759.55728651549,12847.6079908696
12400.4281800041,9004.97071796341,9705.98564879424,11880.604448307,13563.8622132648,12999.0550774066,15856.7045250577,12749.0801826286,10081.8873785739,11820.9682357391,15760.8681938014,12002.4646761158,11376.2125664341,9648.9011202949,16692.755159751,12928.3083587379,11453.9011530995,13534.4931915566,8186.1030258936,15698.3581891783,9279.06561725151,15677.8943295405,13300.8062770071,7429.57885384431,12639.9598746337
11980.7721457866,8944.40212388413,9375.46799172149,11746.5725156619,13253.3300434027,11731.6078257703,14964.8994103403,10855.48471085,9926.32238445582,10008.693265803,15083.5941673451,10507.8295821395,10808.2885696948,9585.29882773955,15566.1604018812,11580.9455074143,11388.8474695955,12319.0031928565,7513.55801958074,14792.498977419,8639.22576256756,15284.3375828724,12359.2099761546,6648.470164791,12624.5992260025
11897.9773692806,8186.31110600456,8890.4726460814,9917.27775096401,12606.0985100103,10855.2040344237,14283.0925908332,9946.36542652835,9568.22693438003,9497.75115246209,13709.7221880027,9956.9485504544,10529.0479260068,8563.82317674338,13571.4337904599,10277.0776604711,10309.2641512807,11496.9266322835,7405.07437572634,12944.9831513641,8616.10655910817,15112.1645193345,11293.2433435405,6558.14055392954,10772.0669851075
10710.4366486408,8087.71988681767,8519.35902528916,9908.5494929254,11771.8559192092,10837.4157451882,14242.6176585885,9793.58706487346,9085.38159415511,9424.21890039327,13555.9851485847,9907.81004150979,9852.24021178969,8521.34544715281,13494.6101836009,10059.1620772363,9424.51094755104,10871.2380854205,6786.08419355866,12913.0679843426,8275.31151788028,13800.6521179614,10248.9142850178,6542.98076867745,10624.5815422734
10423.2727006522,8041.02381016603,7995.06554195781,9850.1465670855,10647.6465453307,10357.9056194936,13250.2263651025,9433.42384482983,9001.05727534545,8980.14250522902,12614.836594909,9174.80106974709,9533.98504543406,7545.91257600925,12199.5155932782,9505.76506440786,8668.6672388367,10858.7142078389,6743.54845631476,11094.8322576433,8184.47421265032,12865.9848864158,10213.458058419,6478.57737258332,9793.31730480066
9892.61873431539,7784.01854119723,7868.98631641512,9308.9762888138,10512.1276634647,10242.3363589897,13223.1715793357,9208.90156249784,8551.5109521876,8861.89645789234,12539.7602147359,9112.1330470428,9389.06579313066,7186.51936253821,12158.8192775449,9331.51744759286,8549.04274217701,10782.9703677593,6593.0386559964,11019.1753392476,7829.05354303051,12813.7108372654,9294.18352009814,6369.30956804231,9714.63719867284
9704.79988400347,7726.34898019654,7559.74149875948,9245.93941450952,9747.60885193379,9310.34861877462,12881.6776852811,9123.4389582304,7868.30895297339,8810.65170123341,11779.8879988668,8485.44590462393,8598.82096450731,7056.14039220039,11441.4920264789,9093.26038706817,8461.32647534057,9980.44569362674,6536.46302779376,10514.8107771764,7763.91873382692,12023.2971899762,9202.92988320901,6286.23627898509,9407.82555733434
9603.8296365049,7547.41305951183,7487.78576543953,8784.47285727249,9690.58141088873,9274.58382569831,12173.1579224783,8903.09251940114,7844.79677448054,8129.00101074741,11425.9126446298,8427.28694916859,8471.4301635179,6622.34641773807,10650.221879452,8904.13543552958,8097.09652194776,9968.36572682113,6361.98405065052,9550.50696846988,7205.5797247699,11796.8882132529,8554.98649057462,6015.42803964636,8896.10616855596
8453.74736590337,7467.11803944304,7428.15365209762,8772.29380186819,8810.00999854392,9026.81475872452,11550.5267740529,8021.15176412391,7728.39839075616,8088.13363923181,10156.6962705768,7671.58974970323,7730.11795748366,6510.13823280063,10615.9434772589,8822.13403145081,7819.79099278723,9166.68662663925,6333.94008626002,9503.32655596252,7157.4209128185,11766.2839462439,8538.06986049218,5736.20776966571,8823.45289004444
8148.95502553012,7358.01645855868,7298.68299591371,8738.35456100784,7764.78600344304,9003.03676907592,11111.2230732575,7897.86344657351,7628.40730833933,7567.721174283,10015.853426294,7342.10219407809,7693.16038861242,5921.23262116231,9777.64147553664,8769.71217215028,7481.64297311519,9114.28969880813,6071.85672836173,9200.84930384721,7042.70333778086,11288.6474597225,8125.00794988944,5708.60105326887,8122.91290143013
8104.84969222617,7253.10391862686,6977.54435391292,7802.12552330549,7706.74963092065,8685.57624607602,10190.2095461799,7512.34763659783,7464.4207632248,7487.88912231365,9944.23509772623,6433.52788612146,7215.44424827484,5900.01426622068,9116.74624219752,8603.89379114266,7465.7923390363,8828.52363666743,6000.59974885229,8932.78719711042,6851.2202903462,10789.925722684,7822.76644926935,5560.61567090377,8086.37907174416
8007.03708734081,7128.23249741997,6113.50580818755,7643.24754894178,7043.53002829593,8575.64771446472,10145.4525896095,7263.17456882994,7298.66054583475,7431.83867936128,9420.13935477147,6412.4119494676,6856.51443627414,5745.57051895518,8898.67942691339,8294.87084930389,7167.22171978517,8171.79413027075,5857.14655098554,8171.38550100529,6475.87136651988,10737.6827303559,7605.74199346793,5450.71700859643,7424.81217105547
7928.24907924937,7038.15019330468,6102.08446880849,7447.21670524675,6984.19473484412,7713.74013119736,9299.93924981935,7098.42687330352,6854.51328771889,7384.603498185,9282.50699184211,6048.7715849338,6728.28734938703,5513.7003464923,8727.65957568902,8198.52073011009,7116.83588610604,8032.06290304774,5815.92713830583,8097.99648612628,6456.19592605105,10160.6949281105,7273.21917900114,5402.53176821913,7348.34646924657
7859.29521452618,6801.96009964863,6085.60437629991,7342.9415247164,6201.72484846,7507.97942754493,9129.61898710335,6580.22018991915,6811.89084986797,6900.21493094362,8575.90085236666,5705.0024086964,6637.61612740793,5114.44020155903,8157.80512803923,7703.18158976683,6975.83128960944,7777.02347683856,5749.59050789867,7864.68043025872,6383.68582993445,9723.19551089385,7230.67473270249,5366.42750580188,6697.41852261796
7796.98601253815,6329.8832955887,6018.76447423118,7298.69562290034,6053.36512709657,7347.09662239543,8732.30922771213,5920.32150982,6220.47959694263,6857.72142277224,8438.91722922709,5499.63519607139,6609.27329352482,5078.3721425829,8028.11209502297,7640.17230838165,6776.29724188041,7755.19690781723,5675.44843005605,7751.00385473448,6262.56741942284,9508.55456207785,7116.1052754724,5314.21409019325,6647.39260568755
7330.66826741971,6309.36500596541,5964.92798663405,7132.10086495892,5437.59808583176,7152.02916498608,8612.62019497794,5823.72121819418,5956.17622428688,6774.84903036689,7997.88131347137,5454.88684728363,6446.3071199036,4979.24109222319,7817.16076711024,7531.93444264304,6422.29340930582,7581.923216128,5609.90040681189,7521.41196985425,6199.22813555224,8824.11344089704,6404.04907341842,5281.20383531508,6607.80369848771
7317.95268534648,6171.61291482191,5844.10196730069,7083.4270489895,5413.24918918942,6723.76094668556,7849.80501056922,5704.34523186635,5760.33497621585,6640.90478835474,7828.41003333746,5013.36234246026,6250.28615096339,4974.19788790997,7478.30045470091,7453.21171409324,6404.60427721892,6931.28360660202,5407.11314059809,6935.11875154342,5897.25091301798,7910.80456951269,6335.06306983957,5035.60068754188,6235.737463531
7053.19494598663,6080.60565277022,5814.48636477172,7033.3377076796,5000.3154460025,6650.87984093311,7529.19973943906,5537.89326680642,5718.37587325929,6599.54251739624,7693.07325933487,4958.98961915511,6141.96069451188,4959.33884933849,7263.21268769718,7314.53822411603,6183.49987953747,6644.06970094783,5355.96144428863,6822.68118614344,5878.1197785991,7827.29830636836,6240.70477353262,4997.21064509446,6219.16470893607
7035.88670095792,6063.97955131332,5784.31874243758,6859.77652459906,4971.86064728156,6009.03993477095,7497.59877149506,5508.06960874189,5587.02448491298,6588.04082959057,7660.78318800778,4868.96067725378,5711.78281190048,4861.06256332904,7172.1197467855,7171.23784746193,6136.11974572712,5835.8238194595,5315.28561841636,6808.13862649081,5781.40418067769,7432.2071665701,6152.17401737692,4830.11169215507,6127.31395428662
6935.77944532863,5922.03629673771,5701.75925368845,6826.36870668636,4906.97100424339,5975.67360071972,7445.55313411204,5417.13819000118,5545.09906238251,6454.103183543,7556.86122773403,4776.91412939882,5632.50914110147,4810.05230908811,7127.93922039746,7040.84897534496,5372.92935923043,5798.41005125045,5227.49065645785,6630.49072154809,5692.20151677616,7006.71672106087,6019.49293046752,4725.65018228555,6034.85360170489
6834.50011625229,5810.27033611801,5626.22652284923,6774.54096562597,4870.87537595723,5788.61245663054,7257.09841877701,5364.36692200898,5402.48128330878,6298.21859830259,7020.61520359029,4753.67005142969,5587.3728274557,4753.15552047004,7098.36045691248,6973.51753326133,5355.10545070034,5735.92861615384,5180.68290956835,6530.81867365051,5641.19808980897,6979.90892959468,5688.37952629056,4706.12535508112,5969.48492598579
6798.05237270385,5773.42326388518,5545.97237102314,6391.97625282152,4824.8268542734,5732.7858602532,6841.05202597868,5235.98499872105,5354.45031342246,6219.01203178268,6883.74637284721,4687.34390620754,5570.62831001871,4482.23824395732,7051.70548381385,6939.44587937336,5311.84999737833,5650.50784029953,5127.91209950655,6424.11999250305,5626.43555165316,6953.5103912441,5632.81957512091,4678.71254398915,5917.28820807955
6621.42065996962,5626.90232936257,5509.05012325428,6383.21231339182,4756.3294454098,5711.10936961707,6745.68864848941,5140.14316183006,5289.80300126567,6134.21724837263,6793.51965287536,4599.41958963467,5297.28281490875,4431.96287929139,5673.89708339332,6910.62059780455,5254.47789824685,4994.21055282557,5060.85181647206,6374.30788329207,5605.94609212876,6902.05715600792,5547.90778998866,4660.66114914478,5605.53512671762
6405.99594865066,5560.31935592851,5480.72897702236,6354.87338784874,4736.74320801232,5163.14413539811,6548.75882977897,5055.73465000907,5268.8773804959,6013.54299410604,6344.34264139385,4518.98832583114,5280.25945169448,4256.63199285158,5625.23919788295,6857.35028623562,5065.92471016064,4985.36264766146,5001.26752281043,5951.44901410097,5598.72290078364,6852.57362211529,5443.91166687533,4602.26162706535,5560.06229958487
5946.33977770485,5388.89362702852,5376.87009765465,6331.86153428613,4684.57616201187,5109.22293800051,6513.08746604263,4782.95057507436,5250.75013132164,6005.23399357687,6174.69551051719,4471.64769342512,5241.36360955055,4238.45954720269,5465.80946725943,6794.51607520945,5056.57731805894,4966.14157550437,4949.45806286883,5939.85095005234,5571.35678472765,6701.78342615881,5402.40512253285,4595.40190170651,5289.77243307814
5869.18564084937,5382.88071500371,5282.23289408422,6297.80167520232,4565.08541285284,5099.83979194541,6315.36022256939,4651.52629373058,5171.20465593295,5966.99902666062,6054.06529460811,4454.21916704587,5196.79463155675,4184.56128047472,5209.84567525997,6551.77613027889,5044.67025325936,4924.49419375263,4860.00239384926,5817.58339972917,5566.27777364573,6680.48472406807,5311.19239471538,4566.46277994585,5265.00327870688
5288.4785029917,5347.58150509858,5236.91764934737,6273.39007328687,4478.60056704967,4640.83071617403,6236.36208889799,4613.78080517964,5077.68504483174,5898.57071269632,5721.24915484603,4419.04167097545,5193.09724406238,4141.18442307433,5017.49289914105,6531.13762888381,5007.35403367758,4845.77473436378,4840.56204760051,5659.43797881479,5546.28036194627,6579.48721577709,5266.32656199758,4491.94974027077,5212.13875910975
5261.02609682632,5320.54321768628,5152.8330222063,6188.19147527734,4440.82800582835,4609.14430062938,6116.51297793215,4597.92087925363,5016.7864316656,5716.57710658633,5703.1829994591,4402.30892681044,5147.4751815819,4105.95528991732,4751.35624479632,6205.2934262168,4874.81665527001,4782.68476207539,4821.51372369951,5633.83027921243,5535.37233058046,6496.45777039591,5258.4632326835,4466.79374449859,5153.81808730093
5234.45441183858,5220.07907221434,5124.78004125431,6114.55877186156,4364.54405410295,4576.49206044512,6101.41258398509,4501.82395051595,4907.14257293289,5638.60296292688,5584.86214954455,4351.31239033137,4921.89759769967,4068.03686580667,4709.06299771353,6110.4667837251,4790.29130001672,4773.36980633833,4733.78730171513,5577.7386635298,5513.87273956164,6411.53775265102,5242.48904354585,4436.99447821213,5094.37620629226
5194.3301700831,5191.30323093762,5110.14897693054,6040.28702360339,4322.49241108761,4385.60511176117,6092.11527571922,4489.01037942427,4864.78262967104,5608.19432235673,5248.50521400657,4300.24342795201,4904.6502055689,4038.2648189107,4633.3954296004,6031.15812547573,4718.02322784412,4674.43768026964,4722.08071819674,4999.04602127633,5504.67972777218,6367.73159696082,5209.62745406011,4430.32071708429,5083.40231666284
5141.64351609671,5099.74593420291,5104.61666035656,5681.39413481031,4259.69934965215,4313.86918520437,6037.68939721358,4432.26589628743,4810.32996564063,5549.18365773825,5195.90268203469,4280.30093051275,4862.40949958239,3971.64385738258,4436.98872083949,5921.65990648022,4661.66223116405,4621.21063379369,4681.40089541857,4954.27143224331,5472.68488259485,6208.51348438553,5119.02968474683,4409.6133365924,5067.69168498234
5135.27310467118,5075.17616713273,5056.93286987645,5655.14655697073,4227.31867772913,4262.49842523187,5914.65130459873,4384.02436126054,4732.50420706333,5477.82000506167,5127.4366612331,4273.64806811278,4742.09195714131,3952.59017914967,4398.58558122245,5612.93623115632,4643.70679108382,4526.80641042702,4663.64867164928,4949.54289556812,5411.1730878878,6180.03693457212,5022.09662082637,4182.1916486633,4963.69812050263
5104.91430531145,5021.47474198859,4955.3900442254,5642.22605122466,4218.22835554909,4246.26918968366,5492.58705348031,4228.94845121168,4667.83857606519,5414.99267012622,5074.76254501645,4231.2042810656,4676.69582766816,3904.07779950422,4359.8378273776,5581.57367961093,4607.04395632697,4507.95475293726,4649.02641564118,4926.41749356703,5284.56641370484,6169.14964980248,4994.64682556771,4163.38938517446,4685.45136378567
5092.01895986945,4956.20881107186,4861.07255343954,5516.00678456173,4193.35200437056,4236.985774048,5478.91385815493,4180.4325619073,4608.80106771679,5227.37722916792,4999.37411131065,4213.44720220049,4657.27157039676,3830.45649850737,4342.6999971902,5528.32543695684,4567.97347207189,4476.51914998317,4624.47262302474,4890.59898872693,5250.19832429024,6100.97443306106,4955.05206431076,4141.35253354179,4666.57359895902
5007.14148497137,4953.95119345897,4720.82145468253,5506.27792423722,4177.11231023053,4205.68576999468,5315.05125035209,4090.47502593509,4590.84460259872,5221.68761200714,4774.61990126872,4163.60625189105,4654.75062262566,3817.56341337746,4140.46974669144,5455.61598258497,4555.40714482281,4398.18442061164,4613.11100903188,4859.83745014134,5170.01140093414,5937.02887006384,4914.77818550558,4101.46838651422,4665.37162949518
4980.62047219919,4935.72046416604,4627.93658240947,5400.64439383075,4154.41415206496,4144.22633006334,5278.44448772079,4023.41811889578,4472.31977797724,5132.6679745265,4759.25906483704,4159.30677889466,4643.88787007402,3808.85534904124,4110.35617868396,5408.88534900092,4540.38707418381,4291.89518718264,4582.47445312759,4826.96491799294,5138.77403986102,5890.23931790808,4775.80447323114,4057.62801226707,4658.79593819874
4973.66567347063,4910.05387001814,4617.22129688696,5372.2358967278,4133.61700166702,4082.81789289065,5264.91796239879,3999.85140319915,4455.05879701825,5128.87925250065,4715.53463094371,4138.91413870987,4626.79296124109,3807.8745631137,4064.7191074644,5387.88209902441,4513.81720144393,4266.2495718996,4567.55279775726,4771.88212446381,5125.71078427415,5582.30635667728,4756.61001524183,4007.09961198204,4632.68875653101
4898.75905827609,4895.0812236081,4550.42761274168,5283.16443358065,4119.74770860524,3935.17886662567,5202.90920691774,3994.27905434805,4415.1755637643,5094.2523574526,4691.34509216677,4132.1442599473,4588.66933139564,3767.09202663787,4042.99075094471,5367.67185516694,4365.95143187079,4206.36621181024,4485.04223842534,4667.70666754326,4903.81264755083,5518.30830531831,4738.13397194718,3995.22247669331,4550.49922248697
4831.79392349855,4882.87126440199,4549.27247311237,5243.5866161635,4105.04574715994,3930.35902615634,5171.59420360139,3972.15158275614,4415.1755637643,5061.77040485838,4669.45253015142,4130.61284549125,4562.09917553193,3720.79438089919,4035.83274426527,5359.90865565166,4319.83416583061,4194.84826620582,4452.23636133929,4631.69497974984,4895.12002355743,5503.19583909126,4684.93746142079,3981.62677266652,4481.60394776701
4816.34331583892,4877.75538167197,4545.75295134295,5233.81814174851,4101.64756934484,3906.67796735508,5139.00862298317,3969.12258300158,4415.1755637643,5030.67964445287,4586.56845007924,4070.38018678958,4466.40070207786,3712.14614712327,4005.76968378245,5345.07139686493,4269.27507674161,4172.25391525589,4432.26169787942,4609.74955000195,4854.59369830329,5334.14724976535,4616.98663895068,3959.6151336463,4479.0323174263
4816.34331583892,4877.75538167197,4545.75295134295,5233.81814174851,4101.64756934484,3906.67796735508,5139.00862298317,3969.12258300158,4415.1755637643,5030.67964445287,4586.56845007924,4070.38018678958,4466.40070207786,3712.14614712327,4005.76968378245,5345.07139686493,4269.27507674161,4172.25391525589,4432.26169787942,4609.74955000195,4854.59369830329,5334.14724976535,4616.98663895068,3959.6151336463,4479.0323174263
4816.34331583892,4877.75538167197,4545.75295134295,5233.81814174851,4101.64756934484,3906.67796735508,5139.00862298317,3969.12258300158,4415.1755637643,5030.67964445287,4586.56845007924,4070.38018678958,4466.40070207786,3712.14614712327,4005.76968378245,5345.07139686493,4269.27507674161,4172.25391525589,4432.26169787942,4609.74955000195,4854.59369830329,5334.14724976535,4616.98663895068,3959.6151336463,4479.0323174263
4816.34331583892,4877.75538167197,4545.75295134295,5233.81814174851,4101.64756934484,3906.67796735508,5139.00862298317,3969.12258300158,4415.1755637643,5030.67964445287,4586.56845007924,4070.38018678958,4466.40070207786,3712.14614712327,4005.76968378245,5345.07139686493,4269.27507674161,4172.25391525589,4432.26169787942,4609.74955000195,4854.59369830329,5334.14724976535,4616.98663895068,3959.6151336463,4479.0323174263
4816.34331583892,4877.75538167197,4545.75295134295,5233.81814174851,4101.64756934484,3906.67796735508,5139.00862298317,3969.12258300158,4415.1755637643,5030.67964445287,4586.56845007924,4070.38018678958,4466.40070207786,3712.14614712327,4005.76968378245,5345.07139686493,4269.27507674161,4172.25391525589,4432.26169787942,4609.74955000195,4854.59369830329,5334.14724976535,4616.98663895068,3959.6151336463,4479.0323174263
4816.34331583892,4877.75538167197,4545.75295134295,5233.81814174851,4101.64756934484,3906.67796735508,5139.00862298317,3969.12258300158,4415.1755637643,5030.67964445287,4586.56845007924,4070.38018678958,4466.40070207786,3712.14614712327,4005.76968378245,5345.07139686493,4269.27507674161,4172.25391525589,4432.26169787942,4609.74955000195,4854.59369830329,5334.14724976535,4616.98663895068,3959.6151336463,4479.0323174263
4816.34331583892,4877.75538167197,4545.75295134295,5233.81814174851,4101.64756934484,3906.67796735508,5139.00862298317,3969.12258300158,4415.1755637643,5030.67964445287,4586.56845007924,4070.38018678958,4466.40070207786,3712.14614712327,4005.76968378245,5345.07139686493,4269.27507674161,4172.25391525589,4432.26169787942,4609.74955000195,4854.59369830329,5334.14724976535,4616.98663895068,3959.6151336463,4479.0323174263
4816.34331583892,4877.75538167197,4545.75295134295,5233.81814174851,4101.64756934484,3906.67796735508,5139.00862298317,3969.12258300158,4415.1755637643,5030.67964445287,4586.56845007924,4070.38018678958,4466.40070207786,3712.14614712327,4005.76968378245,5345.07139686493,4269.27507674161,4172.25391525589,4432.26169787942,4609.74955000195,4854.59369830329,5334.14724976535,4616.98663895068,3959.6151336463,4479.0323174263
4816.34331583892,4877.75538167197,4545.75295134295,5233.81814174851,4101.64756934484,3906.67796735508,5139.00862298317,3969.12258300158,4415.1755637643,5030.67964445287,4586.56845007924,4070.38018678958,4466.40070207786,3712.14614712327,4005.76968378245,5345.07139686493,4269.27507674161,4172.25391525589,4432.26169787942,4609.74955000195,4854.59369830329,5334.14724976535,4616.98663895068,3959.6151336463,4479.0323174263
4816.34331583892,4877.75538167197,4545.75295134295,5233.81814174851,4101.64756934484,3906.67796735508,5139.00862298317,3969.12258300158,4415.1755637643,5030.67964445287,4586.56845007924,4070.38018678958,4466.40070207786,3712.14614712327,4005.76968378245,5345.07139686493,4269.27507674161,4172.25391525589,4432.26169787942,4609.74955000195,4854.59369830329,5334.14724976535,4616.98663895068,3959.6151336463,4479.0323174263
4816.34331583892,4877.75538167197,4545.75295134295,5233.81814174851,4101.64756934484,3906.67796735508,5139.00862298317,3969.12258300158,4415.1755637643,5030.67964445287,4586.56845007924,4070.38018678958,4466.40070207786,3712.14614712327,4005.76968378245,5345.07139686493,4269.27507674161,4172.25391525589,4432.26169787942,4609.74955000195,4854.59369830329,5334.14724976535,4616.98663895068,3959.6151336463,4479.0323174263
4816.34331583892,4877.75538167197,4545.75295134295,5233.81814174851,4101.64756934484,3906.67796735508,5139.00862298317,3969.12258300158,4415.1755637643,5030.67964445287,4586.56845007924,4070.38018678958,4466.40070207786,3712.14614712327,4005.76968378245,5345.07139686493,4269.27507674161,4172.25391525589,4432.26169787942,4609.74955000195,4854.59369830329,5334.14724976535,4616.98663895068,3959.6151336463,4479.0323174263
4816.34331583892,4877.75538167197,4545.75295134295,5233.81814174851,4101.64756934484,3906.67796735508,5139.00862298317,3969.12258300158,4415.1755637643,5030.67964445287,4586.56845007924,4070.38018678958,4466.40070207786,3712.14614712327,4005.76968378245,5345.07139686493,4269.27507674161,4172.25391525589,4432.26169787942,4609.74955000195,4854.59369830329,5334.14724976535,4616.98663895068,3959.6151336463,4479.0323174263
4816.34331583892,4877.75538167197,4545.75295134295,5233.81814174851,4101.64756934484,3906.67796735508,5139.00862298317,3969.12258300158,4415.1755637643,5030.67964445287,4586.56845007924,4070.38018678958,4466.40070207786,3712.14614712327,4005.76968378245,5345.07139686493,4269.27507674161,4172.25391525589,4432.26169787942,4609.74955000195,4854.59369830329,5334.14724976535,4616.98663895068,3959.6151336463,4479.0323174263
4816.34331583892,4877.75538167197,4545.75295134295,5233.81814174851,4101.64756934484,3906.67796735508,5139.00862298317,3969.12258300158,4415.1755637643,5030.67964445287,4586.56845007924,4070.38018678958,4466.40070207786,3712.14614712327,4005.76968378245,5345.07139686493,4269.27507674161,4172.25391525589,4432.26169787942,4609.74955000195,4854.59369830329,5334.14724976535,4616.98663895068,3959.6151336463,4479.0323174263
4816.34331583892,4877.75538167197,4545.75295134295,5233.81814174851,4101.64756934484,3906.67796735508,5139.00862298317,3969.12258300158,4415.1755637643,5030.67964445287,4586.56845007924,4070.38018678958,4466.40070207786,3712.14614712327,4005.76968378245,5345.07139686493,4269.27507674161,4172.25391525589,4432.26169787942,4609.74955000195,4854.59369830329,5334.14724976535,4616.98663895068,3959.6151336463,4479.0323174263
4816.34331583892,4877.75538167197,4545.75295134295,5233.81814174851,4101.64756934484,3906.67796735508,5139.00862298317,3969.12258300158,4415.1755637643,5030.67964445287,4586.56845007924,4070.38018678958,4466.40070207786,3712.14614712327,4005.76968378245,5345.07139686493,4269.27507674161,4172.25391525589,4432.26169787942,4609.74955000195,4854.59369830329,5334.14724976535,4616.98663895068,3959.6151336463,4479.0323174263
4816.34331583892,4877.75538167197,4545.75295134295,5233.81814174851,4101.64756934484,3906.67796735508,5139.00862298317,3969.12258300158,4415.1755637643,5030.67964445287,4586.56845007924,4070.38018678958,4466.40070207786,3712.14614712327,4005.76968378245,5345.07139686493,4269.27507674161,4172.25391525589,4432.26169787942,4609.74955000195,4854.59369830329,5334.14724976535,4616.98663895068,3959.6151336463,4479.0323174263
4816.34331583892,4877.75538167197,4545.75295134295,5233.81814174851,4101.64756934484,3906.67796735508,5139.00862298317,3969.12258300158,4415.1755637643,5030.67964445287,4586.56845007924,4070.38018678958,4466.40070207786,3712.14614712327,4005.76968378245,5345.07139686493,4269.27507674161,4172.25391525589,4432.26169787942,4609.74955000195,4854.59369830329,5334.14724976535,4616.98663895068,3959.6151336463,4479.0323174263
4816.34331583892,4877.75538167197,4545.75295134295,5233.81814174851,4101.64756934484,3906.67796735508,5139.00862298317,3969.12258300158,4415.1755637643,5030.67964445287,4586.56845007924,4070.38018678958,4466.40070207786,3712.14614712327,4005.76968378245,5345.07139686493,4269.27507674161,4172.25391525589,4432.26169787942,4609.74955000195,4854.59369830329,5334.14724976535,4616.98663895068,3959.6151336463,4479.0323174263
4816.34331583892,4877.75538167197,4545.75295134295,5233.81814174851,4101.64756934484,3906.67796735508,5139.00862298317,3969.12258300158,4415.1755637643,5030.67964445287,4586.56845007924,4070.38018678958,4466.40070207786,3712.14614712327,4005.76968378245,5345.07139686493,4269.27507674161,4172.25391525589,4432.26169787942,4609.74955000195,4854.59369830329,5334.14724976535,4616.98663895068,3959.6151336463,4479.0323174263
4816.34331583892,4877.75538167197,4545.75295134295,5233.81814174851,4101.64756934484,3906.67796735508,5139.00862298317,3969.12258300158,4415.1755637643,5030.67964445287,4586.56845007924,4070.38018678958,4466.40070207786,3712.14614712327,4005.76968378245,5345.07139686493,4269.27507674161,4172.25391525589,4432.26169787942,4609.74955000195,4854.59369830329,5334.14724976535,4616.98663895068,3959.6151336463,4479.0323174263
4816.34331583892,4877.75538167197,4545.75295134295,5233.81814174851,4101.64756934484,3906.67796735508,5139.00862298317,3969.12258300158,4415.1755637643,5030.67964445287,4586.56845007924,4070.38018678958,4466.40070207786,3712.14614712327,4005.76968378245,5345.07139686493,4269.27507674161,4172.25391525589,4432.26169787942,4609.74955000195,4854.59369830329,5334.14724976535,4616.98663895068,3959.6151336463,4479.0323174263
4816.34331583892,4877.75538167197,4545.75295134295,5233.81814174851,4101.64756934484,3906.67796735508,5139.00862298317,3969.12258300158,4415.1755637643,5030.67964445287,4586.56845007924,4070.38018678958,4466.40070207786,3712.14614712327,4005.76968378245,5345.07139686493,4269.27507674161,4172.25391525589,4432.26169787942,4609.74955000195,4854.59369830329,5334.14724976535,4616.98663895068,3959.6151336463,4479.0323174263
4816.34331583892,4877.75538167197,4545.75295134295,5233.81814174851,4101.64756934484,3906.67796735508,5139.00862298317,3969.12258300158,4415.1755637643,5030.67964445287,4586.56845007924,4070.38018678958,4466.40070207786,3712.14614712327,4005.76968378245,5345.07139686493,4269.27507674161,4172.25391525589,4432.26169787942,4609.74955000195,4854.59369830329,5334.14724976535,4616.98663895068,3959.6151336463,4479.0323174263
4816.34331583892,4877.75538167197,4545.75295134295,5233.81814174851,4101.64756934484,3906.67796735508,5139.00862298317,3969.12258300158,4415.1755637643,5030.67964445287,4586.56845007924,4070.38018678958,4466.40070207786,3712.14614712327,4005.76968378245,5345.07139686493,4269.27507674161,4172.25391525589,4432.26169787942,4609.74955000195,4854.59369830329,5334.14724976535,4616.98663895068,3959.6151336463,4479.0323174263
4816.34331583892,4877.75538167197,4545.75295134295,5233.81814174851,4101.64756934484,3906.67796735508,5139.00862298317,3969.12258300158,4415.1755637643,5030.67964445287,4586.56845007924,4070.38018678958,4466.40070207786,3712.14614712327,4005.76968378245,5345.07139686493,4269.27507674161,4172.25391525589,4432.26169787942,4609.74955000195,4854.59369830329,5334.14724976535,4616.98663895068,3959.6151336463,4479.0323174263
4816.34331583892,4877.75538167197,4545.75295134295,5233.81814174851,4101.64756934484,3906.67796735508,5139.00862298317,3969.12258300158,4415.1755637643,5030.67964445287,4586.56845007924,4070.38018678958,4466.40070207786,3712.14614712327,4005.76968378245,5345.07139686493,4269.27507674161,4172.25391525589,4432.26169787942,4609.74955000195,4854.59369830329,5334.14724976535,4616.98663895068,3959.6151336463,4479.0323174263
4816.34331583892,4877.75538167197,4545.75295134295,5233.81814174851,4101.64756934484,3906.67796735508,5139.00862298317,3969.12258300158,4415.1755637643,5030.67964445287,4586.56845007924,4070.38018678958,4466.40070207786,3712.14614712327,4005.76968378245,5345.07139686493,4269.27507674161,4172.25391525589,4432.26169787942,4609.74955000195,4854.59369830329,5334.14724976535,4616.98663895068,3959.6151336463,4479.0323174263
4816.34331583892,4877.75538167197,4545.75295134295,5233.81814174851,4101.64756934484,3906.67796735508,5139.00862298317,3969.12258300158,4415.1755637643,5030.67964445287,4586.56845007924,4070.38018678958,4466.40070207786,3712.14614712327,4005.76968378245,5345.07139686493,4269.27507674161,4172.25391525589,4432.26169787942,4609.74955000195,4854.59369830329,5334.14724976535,4616.98663895068,3959.6151336463,4479.0323174263
4816.34331583892,4877.75538167197,4545.75295134295,5233.81814174851,4101.64756934484,3906.67796735508,5139.00862298317,3969.12258300158,4415.1755637643,5030.67964445287,4586.56845007924,4070.38018678958,4466.40070207786,3712.14614712327,4005.76968378245,5345.07139686493,4269.27507674161,4172.25391525589,4432.26169787942,4609.74955000195,4854.59369830329,5334.14724976535,4616.98663895068,3959.6151336463,4479.0323174263
4816.34331583892,4877.75538167197,4545.75295134295,5233.81814174851,4101.64756934484,3906.67796735508,5139.00862298317,3969.12258300158,4415.1755637643,5030.67964445287,4586.56845007924,4070.38018678958,4466.40070207786,3712.14614712327,4005.76968378245,5345.07139686493,4269.27507674161,4172.25391525589,4432.26169787942,4609.74955000195,4854.59369830329,5334.14724976535,4616.98663895068,3959.6151336463,4479.0323174263
4816.34331583892,4877.75538167197,4545.75295134295,5233.81814174851,4101.64756934484,3906.67796735508,5139.00862298317,3969.12258300158,4415.1755637643,5030.67964445287,4586.56845007924,4070.38018678958,4466.40070207786,3712.14614712327,4005.76968378245,5345.07139686493,4269.27507674161,4172.25391525589,4432.26169787942,4609.74955000195,4854.59369830329,5334.14724976535,4616.98663895068,3959.6151336463,4479.0323174263
4816.34331583892,4877.75538167197,4545.75295134295,5233.81814174851,4101.64756934484,3906.67796735508,5139.00862298317,3969.12258300158,4415.1755637643,5030.67964445287,4586.56845007924,4070.38018678958,4466.40070207786,3712.14614712327,4005.76968378245,5345.07139686493,4269.27507674161,4172.25391525589,4432.26169787942,4609.74955000195,4854.59369830329,5334.14724976535,4616.98663895068,3959.6151336463,4479.0323174263
4816.34331583892,4877.75538167197,4545.75295134295,5233.81814174851,4101.64756934484,3906.67796735508,5139.00862298317,3969.12258300158,4415.1755637643,5030.67964445287,4586.56845007924,4070.38018678958,4466.40070207786,3712.14614712327,4005.76968378245,5345.07139686493,4269.27507674161,4172.25391525589,4432.26169787942,4609.74955000195,4854.59369830329,5334.14724976535,4616.98663895068,3959.6151336463,4479.0323174263
4816.34331583892,4877.75538167197,4545.75295134295,5233.81814174851,4101.64756934484,3906.67796735508,5139.00862298317,3969.12258300158,4415.1755637643,5030.67964445287,4586.56845007924,4070.38018678958,4466.40070207786,3712.14614712327,4005.76968378245,5345.07139686493,4269.27507674161,4172.25391525589,4432.26169787942,4609.74955000195,4854.59369830329,5334.14724976535,4616.98663895068,3959.6151336463,4479.0323174263
4816.34331583892,4877.75538167197,4545.75295134295,5233.81814174851,4101.64756934484,3906.67796735508,5139.00862298317,3969.12258300158,4415.1755637643,5030.67964445287,4586.56845007924,4070.38018678958,4466.40070207786,3712.14614712327,4005.76968378245,5345.07139686493,4269.27507674161,4172.25391525589,4432.26169787942,4609.74955000195,4854.59369830329,5334.14724976535,4616.98663895068,3959.6151336463,4479.0323174263
4816.34331583892,4877.75538167197,4545.75295134295,5233.81814174851,4101.64756934484,3906.67796735508,5139.00862298317,3969.12258300158,4415.1755637643,5030.67964445287,4586.56845007924,4070.38018678958,4466.40070207786,3712.14614712327,4005.76968378245,5345.07139686493,4269.27507674161,4172.25391525589,4432.26169787942,4609.74955000195,4854.59369830329,5334.14724976535,4616.98663895068,3959.6151336463,4479.0323174263
4816.34331583892,4877.75538167197,4545.75295134295,5233.81814174851,4101.64756934484,3906.67796735508,5139.00862298317,3969.12258300158,4415.1755637643,5030.67964445287,4586.56845007924,4070.38018678958,4466.40070207786,3712.14614712327,4005.76968378245,5345.07139686493,4269.27507674161,4172.25391525589,4432.26169787942,4609.74955000195,4854.59369830329,5334.14724976535,4616.98663895068,3959.6151336463,4479.0323174263
4816.34331583892,4877.75538167197,4545.75295134295,5233.81814174851,4101.64756934484,3906.67796735508,5139.00862298317,3969.12258300158,4415.1755637643,5030.67964445287,4586.56845007924,4070.38018678958,4466.40070207786,3712.14614712327,4005.76968378245,5345.07139686493,4269.27507674161,4172.25391525589,4432.26169787942,4609.74955000195,4854.59369830329,5334.14724976535,4616.98663895068,3959.6151336463,4479.0323174263
4816.34331583892,4877.75538167197,4545.75295134295,5233.81814174851,4101.64756934484,3906.67796735508,5139.00862298317,3969.12258300158,4415.1755637643,5030.67964445287,4586.56845007924,4070.38018678958,4466.40070207786,3712.14614712327,4005.76968378245,5345.07139686493,4269.27507674161,4172.25391525589,4432.26169787942,4609.74955000195,4854.59369830329,5334.14724976535,4616.98663895068,3959.6151336463,4479.0323174263
4816.34331583892,4877.75538167197,4545.75295134295,5233.81814174851,4101.64756934484,3906.67796735508,5139.00862298317,3969.12258300158,4415.1755637643,5030.67964445287,4586.56845007924,4070.38018678958,4466.40070207786,3712.14614712327,4005.76968378245,5345.07139686493,4269.27507674161,4172.25391525589,4432.26169787942,4609.74955000195,4854.59369830329,5334.14724976535,4616.98663895068,3959.6151336463,4479.0323174263
4816.34331583892,4877.75538167197,4545.75295134295,5233.81814174851,4101.64756934484,3906.67796735508,5139.00862298317,3969.12258300158,4415.1755637643,5030.67964445287,4586.56845007924,4070.38018678958,4466.40070207786,3712.14614712327,4005.76968378245,5345.07139686493,4269.27507674161,4172.25391525589,4432.26169787942,4609.74955000195,4854.59369830329,5334.14724976535,4616.98663895068,3959.6151336463,4479.0323174263
4816.34331583892,4877.75538167197,4545.75295134295,5233.81814174851,4101.64756934484,3906.67796735508,5139.00862298317,3969.12258300158,4415.1755637643,5030.67964445287,4586.56845007924,4070.38018678958,4466.40070207786,3712.14614712327,4005.76968378245,5345.07139686493,4269.27507674161,4172.25391525589,4432.26169787942,4609.74955000195,4854.59369830329,5334.14724976535,4616.98663895068,3959.6151336463,4479.0323174263
4816.34331583892,4877.75538167197,4545.75295134295,5233.81814174851,4101.64756934484,3906.67796735508,5139.00862298317,3969.12258300158,4415.1755637643,5030.67964445287,4586.56845007924,4070.38018678958,4466.40070207786,3712.14614712327,4005.76968378245,5345.07139686493,4269.27507674161,4172.25391525589,4432.26169787942,4609.74955000195,4854.59369830329,5334.14724976535,4616.98663895068,3959.6151336463,4479.0323174263
4816.34331583892,4877.75538167197,4545.75295134295,5233.81814174851,4101.64756934484,3906.67796735508,5139.00862298317,3969.12258300158,4415.1755637643,5030.67964445287,4586.56845007924,4070.38018678958,4466.40070207786,3712.14614712327,4005.76968378245,5345.07139686493,4269.27507674161,4172.25391525589,4432.26169787942,4609.74955000195,4854.59369830329,5334.14724976535,4616.98663895068,3959.6151336463,4479.0323174263
4816.34331583892,4877.75538167197,4545.75295134295,5233.81814174851,4101.64756934484,3906.67796735508,5139.00862298317,3969.12258300158,4415.1755637643,5030.67964445287,4586.56845007924,4070.38018678958,4466.40070207786,3712.14614712327,4005.76968378245,5345.07139686493,4269.27507674161,4172.25391525589,4432.26169787942,4609.74955000195,4854.59369830329,5334.14724976535,4616.98663895068,3959.6151336463,4479.0323174263
4816.34331583892,4877.75538167197,4545.75295134295,5233.81814174851,4101.64756934484,3906.67796735508,5139.00862298317,3969.12258300158,4415.1755637643,5030.67964445287,4586.56845007924,4070.38018678958,4466.40070207786,3712.14614712327,4005.76968378245,5345.07139686493,4269.27507674161,4172.25391525589,4432.26169787942,4609.74955000195,4854.59369830329,5334.14724976535,4616.98663895068,3959.6151336463,4479.0323174263
4816.34331583892,4877.75538167197,4545.75295134295,5233.81814174851,4101.64756934484,3906.67796735508,5139.00862298317,3969.12258300158,4415.1755637643,5030.67964445287,4586.56845007924,4070.38018678958,4466.40070207786,3712.14614712327,4005.76968378245,5345.07139686493,4269.27507674161,4172.25391525589,4432.26169787942,4609.74955000195,4854.59369830329,5334.14724976535,4616.98663895068,3959.6151336463,4479.0323174263
4816.34331583892,4877.75538167197,4545.75295134295,5233.81814174851,4101.64756934484,3906.67796735508,5139.00862298317,3969.12258300158,4415.1755637643,5030.67964445287,4586.56845007924,4070.38018678958,4466.40070207786,3712.14614712327,4005.76968378245,5345.07139686493,4269.27507674161,4172.25391525589,4432.26169787942,4609.74955000195,4854.59369830329,5334.14724976535,4616.98663895068,3959.6151336463,4479.0323174263
4816.34331583892,4877.75538167197,4545.75295134295,5233.81814174851,4101.64756934484,3906.67796735508,5139.00862298317,3969.12258300158,4415.1755637643,5030.67964445287,4586.56845007924,4070.38018678958,4466.40070207786,3712.14614712327,4005.76968378245,5345.07139686493,4269.27507674161,4172.25391525589,4432.26169787942,4609.74955000195,4854.59369830329,5334.14724976535,4616.98663895068,3959.6151336463,4479.0323174263
4816.34331583892,4877.75538167197,4545.75295134295,5233.81814174851,4101.64756934484,3906.67796735508,5139.00862298317,3969.12258300158,4415.1755637643,5030.67964445287,4586.56845007924,4070.38018678958,4466.40070207786,3712.14614712327,4005.76968378245,5345.07139686493,4269.27507674161,4172.25391525589,4432.26169787942,4609.74955000195,4854.59369830329,5334.14724976535,4616.98663895068,3959.6151336463,4479.0323174263
4816.34331583892,4877.75538167197,4545.75295134295,5233.81814174851,4101.64756934484,3906.67796735508,5139.00862298317,3969.12258300158,4415.1755637643,5030.67964445287,4586.56845007924,4070.38018678958,4466.40070207786,3712.14614712327,4005.76968378245,5345.07139686493,4269.27507674161,4172.25391525589,4432.26169787942,4609.74955000195,4854.59369830329,5334.14724976535,4616.98663895068,3959.6151336463,4479.0323174263
4816.34331583892,4877.75538167197,4545.75295134295,5233.81814174851,4101.64756934484,3906.67796735508,5139.00862298317,3969.12258300158,4415.1755637643,5030.67964445287,4586.56845007924,4070.38018678958,4466.40070207786,3712.14614712327,4005.76968378245,5345.07139686493,4269.27507674161,4172.25391525589,4432.26169787942,4609.74955000195,4854.59369830329,5334.14724976535,4616.98663895068,3959.6151336463,4479.0323174263
4816.34331583892,4877.75538167197,4545.75295134295,5233.81814174851,4101.64756934484,3906.67796735508,5139.00862298317,3969.12258300158,4415.1755637643,5030.67964445287,4586.56845007924,4070.38018678958,4466.40070207786,3712.14614712327,4005.76968378245,5345.07139686493,4269.27507674161,4172.25391525589,4432.26169787942,4609.74955000195,4854.59369830329,5334.14724976535,4616.98663895068,3959.6151336463,4479.0323174263
4816.34331583892,4877.75538167197,4545.75295134295,5233.81814174851,4101.64756934484,3906.67796735508,5139.00862298317,3969.12258300158,4415.1755637643,5030.67964445287,4586.56845007924,4070.38018678958,4466.40070207786,3712.14614712327,4005.76968378245,5345.07139686493,4269.27507674161,4172.25391525589,4432.26169787942,4609.74955000195,4854.59369830329,5334.14724976535,4616.98663895068,3959.6151336463,4479.0323174263
4816.34331583892,4877.75538167197,4545.75295134295,5233.81814174851,4101.64756934484,3906.67796735508,5139.00862298317,3969.12258300158,4415.1755637643,5030.67964445287,4586.56845007924,4070.38018678958,4466.40070207786,3712.14614712327,4005.76968378245,5345.07139686493,4269.27507674161,4172.25391525589,4432.26169787942,4609.74955000195,4854.59369830329,5334.14724976535,4616.98663895068,3959.6151336463,4479.0323174263
4816.34331583892,4877.75538167197,4545.75295134295,5233.81814174851,4101.64756934484,3906.67796735508,5139.00862298317,3969.12258300158,4415.1755637643,5030.67964445287,4586.56845007924,4070.38018678958,4466.40070207786,3712.14614712327,4005.76968378245,5345.07139686493,4269.27507674161,4172.25391525589,4432.26169787942,4609.74955000195,4854.59369830329,5334.14724976535,4616.98663895068,3959.6151336463,4479.0323174263
4816.34331583892,4877.75538167197,4545.75295134295,5233.81814174851,4101.64756934484,3906.67796735508,5139.00862298317,3969.12258300158,4415.1755637643,5030.67964445287,4586.56845007924,4070.38018678958,4466.40070207786,3712.14614712327,4005.76968378245,5345.07139686493,4269.27507674161,4172.25391525589,4432.26169787942,4609.74955000195,4854.59369830329,5334.14724976535,4616.98663895068,3959.6151336463,4479.0323174263
4816.34331583892,4877.75538167197,4545.75295134295,5233.81814174851,4101.64756934484,3906.67796735508,5139.00862298317,3969.12258300158,4415.1755637643,5030.67964445287,4586.56845007924,4070.38018678958,4466.40070207786,3712.14614712327,4005.76968378245,5345.07139686493,4269.27507674161,4172.25391525589,4432.26169787942,4609.74955000195,4854.59369830329,5334.14724976535,4616.98663895068,3959.6151336463,4479.0323174263
4816.34331583892,4877.75538167197,4545.75295134295,5233.81814174851,4101.64756934484,3906.67796735508,5139.00862298317,3969.12258300158,4415.1755637643,5030.67964445287,4586.56845007924,4070.38018678958,4466.40070207786,3712.14614712327,4005.76968378245,5345.07139686493,4269.27507674161,4172.25391525589,4432.26169787942,4609.74955000195,4854.59369830329,5334.14724976535,4616.98663895068,3959.6151336463,4479.0323174263
4816.34331583892,4877.75538167197,4545.75295134295,5233.81814174851,4101.64756934484,3906.67796735508,5139.00862298317,3969.12258300158,4415.1755637643,5030.67964445287,4586.56845007924,4070.38018678958,4466.40070207786,3712.14614712327,4005.76968378245,5345.07139686493,4269.27507674161,4172.25391525589,4432.26169787942,4609.74955000195,4854.59369830329,5334.14724976535,4616.98663895068,3959.6151336463,4479.0323174263
4816.34331583892,4877.75538167197,4545.75295134295,5233.81814174851,4101.64756934484,3906.67796735508,5139.00862298317,3969.12258300158,4415.1755637643,5030.67964445287,4586.56845007924,4070.38018678958,4466.40070207786,3712.14614712327,4005.76968378245,5345.07139686493,4269.27507674161,4172.25391525589,4432.26169787942,4609.74955000195,4854.59369830329,5334.14724976535,4616.98663895068,3959.6151336463,4479.0323174263
4816.34331583892,4877.75538167197,4545.75295134295,5233.81814174851,4101.64756934484,3906.67796735508,5139.00862298317,3969.12258300158,4415.1755637643,5030.67964445287,4586.56845007924,4070.38018678958,4466.40070207786,3712.14614712327,4005.76968378245,5345.07139686493,4269.27507674161,4172.25391525589,4432.26169787942,4609.74955000195,4854.59369830329,5334.14724976535,4616.98663895068,3959.6151336463,4479.0323174263
4816.34331583892,4877.75538167197,4545.75295134295,5233.81814174851,4101.64756934484,3906.67796735508,5139.00862298317,3969.12258300158,4415.1755637643,5030.67964445287,4586.56845007924,4070.38018678958,4466.40070207786,3712.14614712327,4005.76968378245,5345.07139686493,4269.27507674161,4172.25391525589,4432.26169787942,4609.74955000195,4854.59369830329,5334.14724976535,4616.98663895068,3959.6151336463,4479.0323174263
4816.34331583892,4877.75538167197,4545.75295134295,5233.81814174851,4101.64756934484,3906.67796735508,5139.00862298317,3969.12258300158,4415.1755637643,5030.67964445287,4586.56845007924,4070.38018678958,4466.40070207786,3712.14614712327,4005.76968378245,5345.07139686493,4269.27507674161,4172.25391525589,4432.26169787942,4609.74955000195,4854.59369830329,5334.14724976535,4616.98663895068,3959.6151336463,4479.0323174263
4816.34331583892,4877.75538167197,4545.75295134295,5233.81814174851,4101.64756934484,3906.67796735508,5139.00862298317,3969.12258300158,4415.1755637643,5030.67964445287,4586.56845007924,4070.38018678958,4466.40070207786,3712.14614712327,4005.76968378245,5345.07139686493,4269.27507674161,4172.25391525589,4432.26169787942,4609.74955000195,4854.59369830329,5334.14724976535,4616.98663895068,3959.6151336463,4479.0323174263
4816.34331583892,4877.75538167197,4545.75295134295,5233.81814174851,4101.64756934484,3906.67796735508,5139.00862298317,3969.12258300158,4415.1755637643,5030.67964445287,4586.56845007924,4070.38018678958,4466.40070207786,3712.14614712327,4005.76968378245,5345.07139686493,4269.27507674161,4172.25391525589,4432.26169787942,4609.74955000195,4854.59369830329,5334.14724976535,4616.98663895068,3959.6151336463,4479.0323174263
4816.34331583892,4877.75538167197,4545.75295134295,5233.81814174851,4101.64756934484,3906.67796735508,5139.00862298317,3969.12258300158,4415.1755637643,5030.67964445287,4586.56845007924,4070.38018678958,4466.40070207786,3712.14614712327,4005.76968378245,5345.07139686493,4269.27507674161,4172.25391525589,4432.26169787942,4609.74955000195,4854.59369830329,5334.14724976535,4616.98663895068,3959.6151336463,4479.0323174263
4816.34331583892,4877.75538167197,4545.75295134295,5233.81814174851,4101.64756934484,3906.67796735508,5139.00862298317,3969.12258300158,4415.1755637643,5030.67964445287,4586.56845007924,4070.38018678958,4466.40070207786,3712.14614712327,4005.76968378245,5345.07139686493,4269.27507674161,4172.25391525589,4432.26169787942,4609.74955000195,4854.59369830329,5334.14724976535,4616.98663895068,3959.6151336463,4479.0323174263
4816.34331583892,4877.75538167197,4545.75295134295,5233.81814174851,4101.64756934484,3906.67796735508,5139.00862298317,3969.12258300158,4415.1755637643,5030.67964445287,4586.56845007924,4070.38018678958,4466.40070207786,3712.14614712327,4005.76968378245,5345.07139686493,4269.27507674161,4172.25391525589,4432.26169787942,4609.74955000195,4854.59369830329,5334.14724976535,4616.98663895068,3959.6151336463,4479.0323174263
4816.34331583892,4877.75538167197,4545.75295134295,5233.81814174851,4101.64756934484,3906.67796735508,5139.00862298317,3969.12258300158,4415.1755637643,5030.67964445287,4586.56845007924,4070.38018678958,4466.40070207786,3712.14614712327,4005.76968378245,5345.07139686493,4269.27507674161,4172.25391525589,4432.26169787942,4609.74955000195,4854.59369830329,5334.14724976535,4616.98663895068,3959.6151336463,4479.0323174263
4816.34331583892,4877.75538167197,4545.75295134295,5233.81814174851,4101.64756934484,3906.67796735508,5139.00862298317,3969.12258300158,4415.1755637643,5030.67964445287,4586.56845007924,4070.38018678958,4466.40070207786,3712.14614712327,4005.76968378245,5345.07139686493,4269.27507674161,4172.25391525589,4432.26169787942,4609.74955000195,4854.59369830329,5334.14724976535,4616.98663895068,3959.6151336463,4479.0323174263
4816.34331583892,4877.75538167197,4545.75295134295,5233.81814174851,4101.64756934484,3906.67796735508,5139.00862298317,3969.12258300158,4415.1755637643,5030.67964445287,4586.56845007924,4070.38018678958,4466.40070207786,3712.14614712327,4005.76968378245,5345.07139686493,4269.27507674161,4172.25391525589,4432.26169787942,4609.74955000195,4854.59369830329,5334.14724976535,4616.98663895068,3959.6151336463,4479.0323174263
4816.34331583892,4877.75538167197,4545.75295134295,5233.81814174851,4101.64756934484,3906.67796735508,5139.00862298317,3969.12258300158,4415.1755637643,5030.67964445287,4586.56845007924,4070.38018678958,4466.40070207786,3712.14614712327,4005.76968378245,5345.07139686493,4269.27507674161,4172.25391525589,4432.26169787942,4609.74955000195,4854.59369830329,5334.14724976535,4616.98663895068,3959.6151336463,4479.0323174263
4816.34331583892,4877.75538167197,4545.75295134295,5233.81814174851,4101.64756934484,3906.67796735508,5139.00862298317,3969.12258300158,4415.1755637643,5030.67964445287,4586.56845007924,4070.38018678958,4466.40070207786,3712.14614712327,4005.76968378245,5345.07139686493,4269.27507674161,4172.25391525589,4432.26169787942,4609.74955000195,4854.59369830329,5334.14724976535,4616.98663895068,3959.6151336463,4479.0323174263
4816.34331583892,4877.75538167197,4545.75295134295,5233.81814174851,4101.64756934484,3906.67796735508,5139.00862298317,3969.12258300158,4415.1755637643,5030.67964445287,4586.56845007924,4070.38018678958,4466.40070207786,3712.14614712327,4005.76968378245,5345.07139686493,4269.27507674161,4172.25391525589,4432.26169787942,4609.74955000195,4854.59369830329,5334.14724976535,4616.98663895068,3959.6151336463,4479.0323174263
4816.34331583892,4877.75538167197,4545.75295134295,5233.81814174851,4101.64756934484,3906.67796735508,5139.00862298317,3969.12258300158,4415.1755637643,5030.67964445287,4586.56845007924,4070.38018678958,4466.40070207786,3712.14614712327,4005.76968378245,5345.07139686493,4269.27507674161,4172.25391525589,4432.26169787942,4609.74955000195,4854.59369830329,5334.14724976535,4616.98663895068,3959.6151336463,4479.0323174263
4816.34331583892,4877.75538167197,4545.75295134295,5233.81814174851,4101.64756934484,3906.67796735508,5139.00862298317,3969.12258300158,4415.1755637643,5030.67964445287,4586.56845007924,4070.38018678958,4466.40070207786,3712.14614712327,4005.76968378245,5345.07139686493,4269.27507674161,4172.25391525589,4432.26169787942,4609.74955000195,4854.59369830329,5334.14724976535,4616.98663895068,3959.6151336463,4479.0323174263
4816.34331583892,4877.75538167197,4545.75295134295,5233.81814174851,4101.64756934484,3906.67796735508,5139.00862298317,3969.12258300158,4415.1755637643,5030.67964445287,4586.56845007924,4070.38018678958,4466.40070207786,3712.14614712327,4005.76968378245,5345.07139686493,4269.27507674161,4172.25391525589,4432.26169787942,4609.74955000195,4854.59369830329,5334.14724976535,4616.98663895068,3959.6151336463,4479.0323174263
4816.34331583892,4877.75538167197,4545.75295134295,5233.81814174851,4101.64756934484,3906.67796735508,5139.00862298317,3969.12258300158,4415.1755637643,5030.67964445287,4586.56845007924,4070.38018678958,4466.40070207786,3712.14614712327,4005.76968378245,5345.07139686493,4269.27507674161,4172.25391525589,4432.26169787942,4609.74955000195,4854.59369830329,5334.14724976535,4616.98663895068,3959.6151336463,4479.0323174263
4816.34331583892,4877.75538167197,4545.75295134295,5233.81814174851,4101.64756934484,3906.67796735508,5139.00862298317,3969.12258300158,4415.1755637643,5030.67964445287,4586.56845007924,4070.38018678958,4466.40070207786,3712.14614712327,4005.76968378245,5345.07139686493,4269.27507674161,4172.25391525589,4432.26169787942,4609.74955000195,4854.59369830329,5334.14724976535,4616.98663895068,3959.6151336463,4479.0323174263
4816.34331583892,4877.75538167197,4545.75295134295,5233.81814174851,4101.64756934484,3906.67796735508,5139.00862298317,3969.12258300158,4415.1755637643,5030.67964445287,4586.56845007924,4070.38018678958,4466.40070207786,3712.14614712327,4005.76968378245,5345.07139686493,4269.27507674161,4172.25391525589,4432.26169787942,4609.74955000195,4854.59369830329,5334.14724976535,4616.98663895068,3959.6151336463,4479.0323174263
4816.34331583892,4877.75538167197,4545.75295134295,5233.81814174851,4101.64756934484,3906.67796735508,5139.00862298317,3969.12258300158,4415.1755637643,5030.67964445287,4586.56845007924,4070.38018678958,4466.40070207786,3712.14614712327,4005.76968378245,5345.07139686493,4269.27507674161,4172.25391525589,4432.26169787942,4609.74955000195,4854.59369830329,5334.14724976535,4616.98663895068,3959.6151336463,4479.0323174263
4816.34331583892,4877.75538167197,4545.75295134295,5233.81814174851,4101.64756934484,3906.67796735508,5139.00862298317,3969.12258300158,4415.1755637643,5030.67964445287,4586.56845007924,4070.38018678958,4466.40070207786,3712.14614712327,4005.76968378245,5345.07139686493,4269.27507674161,4172.25391525589,4432.26169787942,4609.74955000195,4854.59369830329,5334.14724976535,4616.98663895068,3959.6151336463,4479.0323174263
4816.34331583892,4877.75538167197,4545.75295134295,5233.81814174851,4101.64756934484,3906.67796735508,5139.00862298317,3969.12258300158,4415.1755637643,5030.67964445287,4586.56845007924,4070.38018678958,4466.40070207786,3712.14614712327,4005.76968378245,5345.07139686493,4269.27507674161,4172.25391525589,4432.26169787942,4609.74955000195,4854.59369830329,5334.14724976535,4616.98663895068,3959.6151336463,4479.0323174263
4816.34331583892,4877.75538167197,4545.75295134295,5233.81814174851,4101.64756934484,3906.67796735508,5139.00862298317,3969.12258300158,4415.1755637643,5030.67964445287,4586.56845007924,4070.38018678958,4466.40070207786,3712.14614712327,4005.76968378245,5345.07139686493,4269.27507674161,4172.25391525589,4432.26169787942,4609.74955000195,4854.59369830329,5334.14724976535,4616.98663895068,3959.6151336463,4479.0323174263
4816.34331583892,4877.75538167197,4545.75295134295,5233.81814174851,4101.64756934484,3906.67796735508,5139.00862298317,3969.12258300158,4415.1755637643,5030.67964445287,4586.56845007924,4070.38018678958,4466.40070207786,3712.14614712327,4005.76968378245,5345.07139686493,4269.27507674161,4172.25391525589,4432.26169787942,4609.74955000195,4854.59369830329,5334.14724976535,4616.98663895068,3959.6151336463,4479.0323174263
4816.34331583892,4877.75538167197,4545.75295134295,5233.81814174851,4101.64756934484,3906.67796735508,5139.00862298317,3969.12258300158,4415.1755637643,5030.67964445287,4586.56845007924,4070.38018678958,4466.40070207786,3712.14614712327,4005.76968378245,5345.07139686493,4269.27507674161,4172.25391525589,4432.26169787942,4609.74955000195,4854.59369830329,5334.14724976535,4616.98663895068,3959.6151336463,4479.0323174263
4816.34331583892,4877.75538167197,4545.75295134295,5233.81814174851,4101.64756934484,3906.67796735508,5139.00862298317,3969.12258300158,4415.1755637643,5030.67964445287,4586.56845007924,4070.38018678958,4466.40070207786,3712.14614712327,4005.76968378245,5345.07139686493,4269.27507674161,4172.25391525589,4432.26169787942,4609.74955000195,4854.59369830329,5334.14724976535,4616.98663895068,3959.6151336463,4479.0323174263
4816.34331583892,4877.75538167197,4545.75295134295,5233.81814174851,4101.64756934484,3906.67796735508,5139.00862298317,3969.12258300158,4415.1755637643,5030.67964445287,4586.56845007924,4070.38018678958,4466.40070207786,3712.14614712327,4005.76968378245,5345.07139686493,4269.27507674161,4172.25391525589,4432.26169787942,4609.74955000195,4854.59369830329,5334.14724976535,4616.98663895068,3959.6151336463,4479.0323174263
4816.34331583892,4877.75538167197,4545.75295134295,5233.81814174851,4101.64756934484,3906.67796735508,5139.00862298317,3969.12258300158,4415.1755637643,5030.67964445287,4586.56845007924,4070.38018678958,4466.40070207786,3712.14614712327,4005.76968378245,5345.07139686493,4269.27507674161,4172.25391525589,4432.26169787942,4609.74955000195,4854.59369830329,5334.14724976535,4616.98663895068,3959.6151336463,4479.0323174263
4816.34331583892,4877.75538167197,4545.75295134295,5233.81814174851,4101.64756934484,3906.67796735508,5139.00862298317,3969.12258300158,4415.1755637643,5030.67964445287,4586.56845007924,4070.38018678958,4466.40070207786,3712.14614712327,4005.76968378245,5345.07139686493,4269.27507674161,4172.25391525589,4432.26169787942,4609.74955000195,4854.59369830329,5334.14724976535,4616.98663895068,3959.6151336463,4479.0323174263
4816.34331583892,4877.75538167197,4545.75295134295,5233.81814174851,4101.64756934484,3906.67796735508,5139.00862298317,3969.12258300158,4415.1755637643,5030.67964445287,4586.56845007924,4070.38018678958,4466.40070207786,3712.14614712327,4005.76968378245,5345.07139686493,4269.27507674161,4172.25391525589,4432.26169787942,4609.74955000195,4854.59369830329,5334.14724976535,4616.98663895068,3959.6151336463,4479.0323174263
4816.34331583892,4877.75538167197,4545.75295134295,5233.81814174851,4101.64756934484,3906.67796735508,5139.00862298317,3969.12258300158,4415.1755637643,5030.67964445287,4586.56845007924,4070.38018678958,4466.40070207786,3712.14614712327,4005.76968378245,5345.07139686493,4269.27507674161,4172.25391525589,4432.26169787942,4609.74955000195,4854.59369830329,5334.14724976535,4616.98663895068,3959.6151336463,4479.0323174263
4816.34331583892,4877.75538167197,4545.75295134295,5233.81814174851,4101.64756934484,3906.67796735508,5139.00862298317,3969.12258300158,4415.1755637643,5030.67964445287,4586.56845007924,4070.38018678958,4466.40070207786,3712.14614712327,4005.76968378245,5345.07139686493,4269.27507674161,4172.25391525589,4432.26169787942,4609.74955000195,4854.59369830329,5334.14724976535,4616.98663895068,3959.6151336463,4479.0323174263
4816.34331583892,4877.75538167197,4545.75295134295,5233.81814174851,4101.64756934484,3906.67796735508,5139.00862298317,3969.12258300158,4415.1755637643,5030.67964445287,4586.56845007924,4070.38018678958,4466.40070207786,3712.14614712327,4005.76968378245,5345.07139686493,4269.27507674161,4172.25391525589,4432.26169787942,4609.74955000195,4854.59369830329,5334.14724976535,4616.98663895068,3959.6151336463,4479.0323174263
4816.34331583892,4877.75538167197,4545.75295134295,5233.81814174851,4101.64756934484,3906.67796735508,5139.00862298317,3969.12258300158,4415.1755637643,5030.67964445287,4586.56845007924,4070.38018678958,4466.40070207786,3712.14614712327,4005.76968378245,5345.07139686493,4269.27507674161,4172.25391525589,4432.26169787942,4609.74955000195,4854.59369830329,5334.14724976535,4616.98663895068,3959.6151336463,4479.0323174263
4816.34331583892,4877.75538167197,4545.75295134295,5233.81814174851,4101.64756934484,3906.67796735508,5139.00862298317,3969.12258300158,4415.1755637643,5030.67964445287,4586.56845007924,4070.38018678958,4466.40070207786,3712.14614712327,4005.76968378245,5345.07139686493,4269.27507674161,4172.25391525589,4432.26169787942,4609.74955000195,4854.59369830329,5334.14724976535,4616.98663895068,3959.6151336463,4479.0323174263
4816.34331583892,4877.75538167197,4545.75295134295,5233.81814174851,4101.64756934484,3906.67796735508,5139.00862298317,3969.12258300158,4415.1755637643,5030.67964445287,4586.56845007924,4070.38018678958,4466.40070207786,3712.14614712327,4005.76968378245,5345.07139686493,4269.27507674161,4172.25391525589,4432.26169787942,4609.74955000195,4854.59369830329,5334.14724976535,4616.98663895068,3959.6151336463,4479.0323174263
4816.34331583892,4877.75538167197,4545.75295134295,5233.81814174851,4101.64756934484,3906.67796735508,5139.00862298317,3969.12258300158,4415.1755637643,5030.67964445287,4586.56845007924,4070.38018678958,4466.40070207786,3712.14614712327,4005.76968378245,5345.07139686493,4269.27507674161,4172.25391525589,4432.26169787942,4609.74955000195,4854.59369830329,5334.14724976535,4616.98663895068,3959.6151336463,4479.0323174263
4816.34331583892,4877.75538167197,4545.75295134295,5233.81814174851,4101.64756934484,3906.67796735508,5139.00862298317,3969.12258300158,4415.1755637643,5030.67964445287,4586.56845007924,4070.38018678958,4466.40070207786,3712.14614712327,4005.76968378245,5345.07139686493,4269.27507674161,4172.25391525589,4432.26169787942,4609.74955000195,4854.59369830329,5334.14724976535,4616.98663895068,3959.6151336463,4479.0323174263
4816.34331583892,4877.75538167197,4545.75295134295,5233.81814174851,4101.64756934484,3906.67796735508,5139.00862298317,3969.12258300158,4415.1755637643,5030.67964445287,4586.56845007924,4070.38018678958,4466.40070207786,3712.14614712327,4005.76968378245,5345.07139686493,4269.27507674161,4172.25391525589,4432.26169787942,4609.74955000195,4854.59369830329,5334.14724976535,4616.98663895068,3959.6151336463,4479.0323174263
4816.34331583892,4877.75538167197,4545.75295134295,5233.81814174851,4101.64756934484,3906.67796735508,5139.00862298317,3969.12258300158,4415.1755637643,5030.67964445287,4586.56845007924,4070.38018678958,4466.40070207786,3712.14614712327,4005.76968378245,5345.07139686493,4269.27507674161,4172.25391525589,4432.26169787942,4609.74955000195,4854.59369830329,5334.14724976535,4616.98663895068,3959.6151336463,4479.0323174263
4816.34331583892,4877.75538167197,4545.75295134295,5233.81814174851,4101.64756934484,3906.67796735508,5139.00862298317,3969.12258300158,4415.1755637643,5030.67964445287,4586.56845007924,4070.38018678958,4466.40070207786,3712.14614712327,4005.76968378245,5345.07139686493,4269.27507674161,4172.25391525589,4432.26169787942,4609.74955000195,4854.59369830329,5334.14724976535,4616.98663895068,3959.6151336463,4479.0323174263
4816.34331583892,4877.75538167197,4545.75295134295,5233.81814174851,4101.64756934484,3906.67796735508,5139.00862298317,3969.12258300158,4415.1755637643,5030.67964445287,4586.56845007924,4070.38018678958,4466.40070207786,3712.14614712327,4005.76968378245,5345.07139686493,4269.27507674161,4172.25391525589,4432.26169787942,4609.74955000195,4854.59369830329,5334.14724976535,4616.98663895068,3959.6151336463,4479.0323174263
4816.34331583892,4877.75538167197,4545.75295134295,5233.81814174851,4101.64756934484,3906.67796735508,5139.00862298317,3969.12258300158,4415.1755637643,5030.67964445287,4586.56845007924,4070.38018678958,4466.40070207786,3712.14614712327,4005.76968378245,5345.07139686493,4269.27507674161,4172.25391525589,4432.26169787942,4609.74955000195,4854.59369830329,5334.14724976535,4616.98663895068,3959.6151336463,4479.0323174263
4816.34331583892,4877.75538167197,4545.75295134295,5233.81814174851,4101.64756934484,3906.67796735508,5139.00862298317,3969.12258300158,4415.1755637643,5030.67964445287,4586.56845007924,4070.38018678958,4466.40070207786,3712.14614712327,4005.76968378245,5345.07139686493,4269.27507674161,4172.25391525589,4432.26169787942,4609.74955000195,4854.59369830329,5334.14724976535,4616.98663895068,3959.6151336463,4479.0323174263
4816.34331583892,4877.75538167197,4545.75295134295,5233.81814174851,4101.64756934484,3906.67796735508,5139.00862298317,3969.12258300158,4415.1755637643,5030.67964445287,4586.56845007924,4070.38018678958,4466.40070207786,3712.14614712327,4005.76968378245,5345.07139686493,4269.27507674161,4172.25391525589,4432.26169787942,4609.74955000195,4854.59369830329,5334.14724976535,4616.98663895068,3959.6151336463,4479.0323174263
4816.34331583892,4877.75538167197,4545.75295134295,5233.81814174851,4101.64756934484,3906.67796735508,5139.00862298317,3969.12258300158,4415.1755637643,5030.67964445287,4586.56845007924,4070.38018678958,4466.40070207786,3712.14614712327,4005.76968378245,5345.07139686493,4269.27507674161,4172.25391525589,4432.26169787942,4609.74955000195,4854.59369830329,5334.14724976535,4616.98663895068,3959.6151336463,4479.0323174263
4816.34331583892,4877.75538167197,4545.75295134295,5233.81814174851,4101.64756934484,3906.67796735508,5139.00862298317,3969.12258300158,4415.1755637643,5030.67964445287,4586.56845007924,4070.38018678958,4466.40070207786,3712.14614712327,4005.76968378245,5345.07139686493,4269.27507674161,4172.25391525589,4432.26169787942,4609.74955000195,4854.59369830329,5334.14724976535,4616.98663895068,3959.6151336463,4479.0323174263
4816.34331583892,4877.75538167197,4545.75295134295,5233.81814174851,4101.64756934484,3906.67796735508,5139.00862298317,3969.12258300158,4415.1755637643,5030.67964445287,4586.56845007924,4070.38018678958,4466.40070207786,3712.14614712327,4005.76968378245,5345.07139686493,4269.27507674161,4172.25391525589,4432.26169787942,4609.74955000195,4854.59369830329,5334.14724976535,4616.98663895068,3959.6151336463,4479.0323174263
4816.34331583892,4877.75538167197,4545.75295134295,5233.81814174851,4101.64756934484,3906.67796735508,5139.00862298317,3969.12258300158,4415.1755637643,5030.67964445287,4586.56845007924,4070.38018678958,4466.40070207786,3712.14614712327,4005.76968378245,5345.07139686493,4269.27507674161,4172.25391525589,4432.26169787942,4609.74955000195,4854.59369830329,5334.14724976535,4616.98663895068,3959.6151336463,4479.0323174263
4816.34331583892,4877.75538167197,4545.75295134295,5233.81814174851,4101.64756934484,3906.67796735508,5139.00862298317,3969.12258300158,4415.1755637643,5030.67964445287,4586.56845007924,4070.38018678958,4466.40070207786,3712.14614712327,4005.76968378245,5345.07139686493,4269.27507674161,4172.25391525589,4432.26169787942,4609.74955000195,4854.59369830329,5334.14724976535,4616.98663895068,3959.6151336463,4479.0323174263
4816.34331583892,4877.75538167197,4545.75295134295,5233.81814174851,4101.64756934484,3906.67796735508,5139.00862298317,3969.12258300158,4415.1755637643,5030.67964445287,4586.56845007924,4070.38018678958,4466.40070207786,3712.14614712327,4005.76968378245,5345.07139686493,4269.27507674161,4172.25391525589,4432.26169787942,4609.74955000195,4854.59369830329,5334.14724976535,4616.98663895068,3959.6151336463,4479.0323174263
4816.34331583892,4877.75538167197,4545.75295134295,5233.81814174851,4101.64756934484,3906.67796735508,5139.00862298317,3969.12258300158,4415.1755637643,5030.67964445287,4586.56845007924,4070.38018678958,4466.40070207786,3712.14614712327,4005.76968378245,5345.07139686493,4269.27507674161,4172.25391525589,4432.26169787942,4609.74955000195,4854.59369830329,5334.14724976535,4616.98663895068,3959.6151336463,4479.0323174263
4816.34331583892,4877.75538167197,4545.75295134295,5233.81814174851,4101.64756934484,3906.67796735508,5139.00862298317,3969.12258300158,4415.1755637643,5030.67964445287,4586.56845007924,4070.38018678958,4466.40070207786,3712.14614712327,4005.76968378245,5345.07139686493,4269.27507674161,4172.25391525589,4432.26169787942,4609.74955000195,4854.59369830329,5334.14724976535,4616.98663895068,3959.6151336463,4479.0323174263
4816.34331583892,4877.75538167197,4545.75295134295,5233.81814174851,4101.64756934484,3906.67796735508,5139.00862298317,3969.12258300158,4415.1755637643,5030.67964445287,4586.56845007924,4070.38018678958,4466.40070207786,3712.14614712327,4005.76968378245,5345.07139686493,4269.27507674161,4172.25391525589,4432.26169787942,4609.74955000195,4854.59369830329,5334.14724976535,4616.98663895068,3959.6151336463,4479.0323174263
4816.34331583892,4877.75538167197,4545.75295134295,5233.81814174851,4101.64756934484,3906.67796735508,5139.00862298317,3969.12258300158,4415.1755637643,5030.67964445287,4586.56845007924,4070.38018678958,4466.40070207786,3712.14614712327,4005.76968378245,5345.07139686493,4269.27507674161,4172.25391525589,4432.26169787942,4609.74955000195,4854.59369830329,5334.14724976535,4616.98663895068,3959.6151336463,4479.0323174263
4816.34331583892,4877.75538167197,4545.75295134295,5233.81814174851,4101.64756934484,3906.67796735508,5139.00862298317,3969.12258300158,4415.1755637643,5030.67964445287,4586.56845007924,4070.38018678958,4466.40070207786,3712.14614712327,4005.76968378245,5345.07139686493,4269.27507674161,4172.25391525589,4432.26169787942,4609.74955000195,4854.59369830329,5334.14724976535,4616.98663895068,3959.6151336463,4479.0323174263
4816.34331583892,4877.75538167197,4545.75295134295,5233.81814174851,4101.64756934484,3906.67796735508,5139.00862298317,3969.12258300158,4415.1755637643,5030.67964445287,4586.56845007924,4070.38018678958,4466.40070207786,3712.14614712327,4005.76968378245,5345.07139686493,4269.27507674161,4172.25391525589,4432.26169787942,4609.74955000195,4854.59369830329,5334.14724976535,4616.98663895068,3959.6151336463,4479.0323174263
4816.34331583892,4877.75538167197,4545.75295134295,5233.81814174851,4101.64756934484,3906.67796735508,5139.00862298317,3969.12258300158,4415.1755637643,5030.67964445287,4586.56845007924,4070.38018678958,4466.40070207786,3712.14614712327,4005.76968378245,5345.07139686493,4269.27507674161,4172.25391525589,4432.26169787942,4609.74955000195,4854.59369830329,5334.14724976535,4616.98663895068,3959.6151336463,4479.0323174263
4816.34331583892,4877.75538167197,4545.75295134295,5233.81814174851,4101.64756934484,3906.67796735508,5139.00862298317,3969.12258300158,4415.1755637643,5030.67964445287,4586.56845007924,4070.38018678958,4466.40070207786,3712.14614712327,4005.76968378245,5345.07139686493,4269.27507674161,4172.25391525589,4432.26169787942,4609.74955000195,4854.59369830329,5334.14724976535,4616.98663895068,3959.6151336463,4479.0323174263
4816.34331583892,4877.75538167197,4545.75295134295,5233.81814174851,4101.64756934484,3906.67796735508,5139.00862298317,3969.12258300158,4415.1755637643,5030.67964445287,4586.56845007924,4070.38018678958,4466.40070207786,3712.14614712327,4005.76968378245,5345.07139686493,4269.27507674161,4172.25391525589,4432.26169787942,4609.74955000195,4854.59369830329,5334.14724976535,4616.98663895068,3959.6151336463,4479.0323174263
4816.34331583892,4877.75538167197,4545.75295134295,5233.81814174851,4101.64756934484,3906.67796735508,5139.00862298317,3969.12258300158,4415.1755637643,5030.67964445287,4586.56845007924,4070.38018678958,4466.40070207786,3712.14614712327,4005.76968378245,5345.07139686493,4269.27507674161,4172.25391525589,4432.26169787942,4609.74955000195,4854.59369830329,5334.14724976535,4616.98663895068,3959.6151336463,4479.0323174263
4816.34331583892,4877.75538167197,4545.75295134295,5233.81814174851,4101.64756934484,3906.67796735508,5139.00862298317,3969.12258300158,4415.1755637643,5030.67964445287,4586.56845007924,4070.38018678958,4466.40070207786,3712.14614712327,4005.76968378245,5345.07139686493,4269.27507674161,4172.25391525589,4432.26169787942,4609.74955000195,4854.59369830329,5334.14724976535,4616.98663895068,3959.6151336463,4479.0323174263
4816.34331583892,4877.75538167197,4545.75295134295,5233.81814174851,4101.64756934484,3906.67796735508,5139.00862298317,3969.12258300158,4415.1755637643,5030.67964445287,4586.56845007924,4070.38018678958,4466.40070207786,3712.14614712327,4005.76968378245,5345.07139686493,4269.27507674161,4172.25391525589,4432.26169787942,4609.74955000195,4854.59369830329,5334.14724976535,4616.98663895068,3959.6151336463,4479.0323174263
4816.34331583892,4877.75538167197,4545.75295134295,5233.81814174851,4101.64756934484,3906.67796735508,5139.00862298317,3969.12258300158,4415.1755637643,5030.67964445287,4586.56845007924,4070.38018678958,4466.40070207786,3712.14614712327,4005.76968378245,5345.07139686493,4269.27507674161,4172.25391525589,4432.26169787942,4609.74955000195,4854.59369830329,5334.14724976535,4616.98663895068,3959.6151336463,4479.0323174263
4816.34331583892,4877.75538167197,4545.75295134295,5233.81814174851,4101.64756934484,3906.67796735508,5139.00862298317,3969.12258300158,4415.1755637643,5030.67964445287,4586.56845007924,4070.38018678958,4466.40070207786,3712.14614712327,4005.76968378245,5345.07139686493,4269.27507674161,4172.25391525589,4432.26169787942,4609.74955000195,4854.59369830329,5334.14724976535,4616.98663895068,3959.6151336463,4479.0323174263
4816.34331583892,4877.75538167197,4545.75295134295,5233.81814174851,4101.64756934484,3906.67796735508,5139.00862298317,3969.12258300158,4415.1755637643,5030.67964445287,4586.56845007924,4070.38018678958,4466.40070207786,3712.14614712327,4005.76968378245,5345.07139686493,4269.27507674161,4172.25391525589,4432.26169787942,4609.74955000195,4854.59369830329,5334.14724976535,4616.98663895068,3959.6151336463,4479.0323174263
4816.34331583892,4877.75538167197,4545.75295134295,5233.81814174851,4101.64756934484,3906.67796735508,5139.00862298317,3969.12258300158,4415.1755637643,5030.67964445287,4586.56845007924,4070.38018678958,4466.40070207786,3712.14614712327,4005.76968378245,5345.07139686493,4269.27507674161,4172.25391525589,4432.26169787942,4609.74955000195,4854.59369830329,5334.14724976535,4616.98663895068,3959.6151336463,4479.0323174263
4816.34331583892,4877.75538167197,4545.75295134295,5233.81814174851,4101.64756934484,3906.67796735508,5139.00862298317,3969.12258300158,4415.1755637643,5030.67964445287,4586.56845007924,4070.38018678958,4466.40070207786,3712.14614712327,4005.76968378245,5345.07139686493,4269.27507674161,4172.25391525589,4432.26169787942,4609.74955000195,4854.59369830329,5334.14724976535,4616.98663895068,3959.6151336463,4479.0323174263
4816.34331583892,4877.75538167197,4545.75295134295,5233.81814174851,4101.64756934484,3906.67796735508,5139.00862298317,3969.12258300158,4415.1755637643,5030.67964445287,4586.56845007924,4070.38018678958,4466.40070207786,3712.14614712327,4005.76968378245,5345.07139686493,4269.27507674161,4172.25391525589,4432.26169787942,4609.74955000195,4854.59369830329,5334.14724976535,4616.98663895068,3959.6151336463,4479.0323174263
4816.34331583892,4877.75538167197,4545.75295134295,5233.81814174851,4101.64756934484,3906.67796735508,5139.00862298317,3969.12258300158,4415.1755637643,5030.67964445287,4586.56845007924,4070.38018678958,4466.40070207786,3712.14614712327,4005.76968378245,5345.07139686493,4269.27507674161,4172.25391525589,4432.26169787942,4609.74955000195,4854.59369830329,5334.14724976535,4616.98663895068,3959.6151336463,4479.0323174263
4816.34331583892,4877.75538167197,4545.75295134295,5233.81814174851,4101.64756934484,3906.67796735508,5139.00862298317,3969.12258300158,4415.1755637643,5030.67964445287,4586.56845007924,4070.38018678958,4466.40070207786,3712.14614712327,4005.76968378245,5345.07139686493,4269.27507674161,4172.25391525589,4432.26169787942,4609.74955000195,4854.59369830329,5334.14724976535,4616.98663895068,3959.6151336463,4479.0323174263
4816.34331583892,4877.75538167197,4545.75295134295,5233.81814174851,4101.64756934484,3906.67796735508,5139.00862298317,3969.12258300158,4415.1755637643,5030.67964445287,4586.56845007924,4070.38018678958,4466.40070207786,3712.14614712327,4005.76968378245,5345.07139686493,4269.27507674161,4172.25391525589,4432.26169787942,4609.74955000195,4854.59369830329,5334.14724976535,4616.98663895068,3959.6151336463,4479.0323174263
4816.34331583892,4877.75538167197,4545.75295134295,5233.81814174851,4101.64756934484,3906.67796735508,5139.00862298317,3969.12258300158,4415.1755637643,5030.67964445287,4586.56845007924,4070.38018678958,4466.40070207786,3712.14614712327,4005.76968378245,5345.07139686493,4269.27507674161,4172.25391525589,4432.26169787942,4609.74955000195,4854.59369830329,5334.14724976535,4616.98663895068,3959.6151336463,4479.0323174263
4816.34331583892,4877.75538167197,4545.75295134295,5233.81814174851,4101.64756934484,3906.67796735508,5139.00862298317,3969.12258300158,4415.1755637643,5030.67964445287,4586.56845007924,4070.38018678958,4466.40070207786,3712.14614712327,4005.76968378245,5345.07139686493,4269.27507674161,4172.25391525589,4432.26169787942,4609.74955000195,4854.59369830329,5334.14724976535,4616.98663895068,3959.6151336463,4479.0323174263
4816.34331583892,4877.75538167197,4545.75295134295,5233.81814174851,4101.64756934484,3906.67796735508,5139.00862298317,3969.12258300158,4415.1755637643,5030.67964445287,4586.56845007924,4070.38018678958,4466.40070207786,3712.14614712327,4005.76968378245,5345.07139686493,4269.27507674161,4172.25391525589,4432.26169787942,4609.74955000195,4854.59369830329,5334.14724976535,4616.98663895068,3959.6151336463,4479.0323174263
4816.34331583892,4877.75538167197,4545.75295134295,5233.81814174851,4101.64756934484,3906.67796735508,5139.00862298317,3969.12258300158,4415.1755637643,5030.67964445287,4586.56845007924,4070.38018678958,4466.40070207786,3712.14614712327,4005.76968378245,5345.07139686493,4269.27507674161,4172.25391525589,4432.26169787942,4609.74955000195,4854.59369830329,5334.14724976535,4616.98663895068,3959.6151336463,4479.0323174263
4816.34331583892,4877.75538167197,4545.75295134295,5233.81814174851,4101.64756934484,3906.67796735508,5139.00862298317,3969.12258300158,4415.1755637643,5030.67964445287,4586.56845007924,4070.38018678958,4466.40070207786,3712.14614712327,4005.76968378245,5345.07139686493,4269.27507674161,4172.25391525589,4432.26169787942,4609.74955000195,4854.59369830329,5334.14724976535,4616.98663895068,3959.6151336463,4479.0323174263
4816.34331583892,4877.75538167197,4545.75295134295,5233.81814174851,4101.64756934484,3906.67796735508,5139.00862298317,3969.12258300158,4415.1755637643,5030.67964445287,4586.56845007924,4070.38018678958,4466.40070207786,3712.14614712327,4005.76968378245,5345.07139686493,4269.27507674161,4172.25391525589,4432.26169787942,4609.74955000195,4854.59369830329,5334.14724976535,4616.98663895068,3959.6151336463,4479.0323174263
4816.34331583892,4877.75538167197,4545.75295134295,5233.81814174851,4101.64756934484,3906.67796735508,5139.00862298317,3969.12258300158,4415.1755637643,5030.67964445287,4586.56845007924,4070.38018678958,4466.40070207786,3712.14614712327,4005.76968378245,5345.07139686493,4269.27507674161,4172.25391525589,4432.26169787942,4609.74955000195,4854.59369830329,5334.14724976535,4616.98663895068,3959.6151336463,4479.0323174263
4816.34331583892,4877.75538167197,4545.75295134295,5233.81814174851,4101.64756934484,3906.67796735508,5139.00862298317,3969.12258300158,4415.1755637643,5030.67964445287,4586.56845007924,4070.38018678958,4466.40070207786,3712.14614712327,4005.76968378245,5345.07139686493,4269.27507674161,4172.25391525589,4432.26169787942,4609.74955000195,4854.59369830329,5334.14724976535,4616.98663895068,3959.6151336463,4479.0323174263
4816.34331583892,4877.75538167197,4545.75295134295,5233.81814174851,4101.64756934484,3906.67796735508,5139.00862298317,3969.12258300158,4415.1755637643,5030.67964445287,4586.56845007924,4070.38018678958,4466.40070207786,3712.14614712327,4005.76968378245,5345.07139686493,4269.27507674161,4172.25391525589,4432.26169787942,4609.74955000195,4854.59369830329,5334.14724976535,4616.98663895068,3959.6151336463,4479.0323174263
4816.34331583892,4877.75538167197,4545.75295134295,5233.81814174851,4101.64756934484,3906.67796735508,5139.00862298317,3969.12258300158,4415.1755637643,5030.67964445287,4586.56845007924,4070.38018678958,4466.40070207786,3712.14614712327,4005.76968378245,5345.07139686493,4269.27507674161,4172.25391525589,4432.26169787942,4609.74955000195,4854.59369830329,5334.14724976535,4616.98663895068,3959.6151336463,4479.0323174263
4816.34331583892,4877.75538167197,4545.75295134295,5233.81814174851,4101.64756934484,3906.67796735508,5139.00862298317,3969.12258300158,4415.1755637643,5030.67964445287,4586.56845007924,4070.38018678958,4466.40070207786,3712.14614712327,4005.76968378245,5345.07139686493,4269.27507674161,4172.25391525589,4432.26169787942,4609.74955000195,4854.59369830329,5334.14724976535,4616.98663895068,3959.6151336463,4479.0323174263
4816.34331583892,4877.75538167197,4545.75295134295,5233.81814174851,4101.64756934484,3906.67796735508,5139.00862298317,3969.12258300158,4415.1755637643,5030.67964445287,4586.56845007924,4070.38018678958,4466.40070207786,3712.14614712327,4005.76968378245,5345.07139686493,4269.27507674161,4172.25391525589,4432.26169787942,4609.74955000195,4854.59369830329,5334.14724976535,4616.98663895068,3959.6151336463,4479.0323174263
4816.34331583892,4877.75538167197,4545.75295134295,5233.81814174851,4101.64756934484,3906.67796735508,5139.00862298317,3969.12258300158,4415.1755637643,5030.67964445287,4586.56845007924,4070.38018678958,4466.40070207786,3712.14614712327,4005.76968378245,5345.07139686493,4269.27507674161,4172.25391525589,4432.26169787942,4609.74955000195,4854.59369830329,5334.14724976535,4616.98663895068,3959.6151336463,4479.0323174263
4816.34331583892,4877.75538167197,4545.75295134295,5233.81814174851,4101.64756934484,3906.67796735508,5139.00862298317,3969.12258300158,4415.1755637643,5030.67964445287,4586.56845007924,4070.38018678958,4466.40070207786,3712.14614712327,4005.76968378245,5345.07139686493,4269.27507674161,4172.25391525589,4432.26169787942,4609.74955000195,4854.59369830329,5334.14724976535,4616.98663895068,3959.6151336463,4479.0323174263
4816.34331583892,4877.75538167197,4545.75295134295,5233.81814174851,4101.64756934484,3906.67796735508,5139.00862298317,3969.12258300158,4415.1755637643,5030.67964445287,4586.56845007924,4070.38018678958,4466.40070207786,3712.14614712327,4005.76968378245,5345.07139686493,4269.27507674161,4172.25391525589,4432.26169787942,4609.74955000195,4854.59369830329,5334.14724976535,4616.98663895068,3959.6151336463,4479.0323174263
4816.34331583892,4877.75538167197,4545.75295134295,5233.81814174851,4101.64756934484,3906.67796735508,5139.00862298317,3969.12258300158,4415.1755637643,5030.67964445287,4586.56845007924,4070.38018678958,4466.40070207786,3712.14614712327,4005.76968378245,5345.07139686493,4269.27507674161,4172.25391525589,4432.26169787942,4609.74955000195,4854.59369830329,5334.14724976535,4616.98663895068,3959.6151336463,4479.0323174263
4816.34331583892,4877.75538167197,4545.75295134295,5233.81814174851,4101.64756934484,3906.67796735508,5139.00862298317,3969.12258300158,4415.1755637643,5030.67964445287,4586.56845007924,4070.38018678958,4466.40070207786,3712.14614712327,4005.76968378245,5345.07139686493,4269.27507674161,4172.25391525589,4432.26169787942,4609.74955000195,4854.59369830329,5334.14724976535,4616.98663895068,3959.6151336463,4479.0323174263
4816.34331583892,4877.75538167197,4545.75295134295,5233.81814174851,4101.64756934484,3906.67796735508,5139.00862298317,3969.12258300158,4415.1755637643,5030.67964445287,4586.56845007924,4070.38018678958,4466.40070207786,3712.14614712327,4005.76968378245,5345.07139686493,4269.27507674161,4172.25391525589,4432.26169787942,4609.74955000195,4854.59369830329,5334.14724976535,4616.98663895068,3959.6151336463,4479.0323174263
4816.34331583892,4877.75538167197,4545.75295134295,5233.81814174851,4101.64756934484,3906.67796735508,5139.00862298317,3969.12258300158,4415.1755637643,5030.67964445287,4586.56845007924,4070.38018678958,4466.40070207786,3712.14614712327,4005.76968378245,5345.07139686493,4269.27507674161,4172.25391525589,4432.26169787942,4609.74955000195,4854.59369830329,5334.14724976535,4616.98663895068,3959.6151336463,4479.0323174263
4816.34331583892,4877.75538167197,4545.75295134295,5233.81814174851,4101.64756934484,3906.67796735508,5139.00862298317,3969.12258300158,4415.1755637643,5030.67964445287,4586.56845007924,4070.38018678958,4466.40070207786,3712.14614712327,4005.76968378245,5345.07139686493,4269.27507674161,4172.25391525589,4432.26169787942,4609.74955000195,4854.59369830329,5334.14724976535,4616.98663895068,3959.6151336463,4479.0323174263
4816.34331583892,4877.75538167197,4545.75295134295,5233.81814174851,4101.64756934484,3906.67796735508,5139.00862298317,3969.12258300158,4415.1755637643,5030.67964445287,4586.56845007924,4070.38018678958,4466.40070207786,3712.14614712327,4005.76968378245,5345.07139686493,4269.27507674161,4172.25391525589,4432.26169787942,4609.74955000195,4854.59369830329,5334.14724976535,4616.98663895068,3959.6151336463,4479.0323174263
4816.34331583892,4877.75538167197,4545.75295134295,5233.81814174851,4101.64756934484,3906.67796735508,5139.00862298317,3969.12258300158,4415.1755637643,5030.67964445287,4586.56845007924,4070.38018678958,4466.40070207786,3712.14614712327,4005.76968378245,5345.07139686493,4269.27507674161,4172.25391525589,4432.26169787942,4609.74955000195,4854.59369830329,5334.14724976535,4616.98663895068,3959.6151336463,4479.0323174263
4816.34331583892,4877.75538167197,4545.75295134295,5233.81814174851,4101.64756934484,3906.67796735508,5139.00862298317,3969.12258300158,4415.1755637643,5030.67964445287,4586.56845007924,4070.38018678958,4466.40070207786,3712.14614712327,4005.76968378245,5345.07139686493,4269.27507674161,4172.25391525589,4432.26169787942,4609.74955000195,4854.59369830329,5334.14724976535,4616.98663895068,3959.6151336463,4479.0323174263
4816.34331583892,4877.75538167197,4545.75295134295,5233.81814174851,4101.64756934484,3906.67796735508,5139.00862298317,3969.12258300158,4415.1755637643,5030.67964445287,4586.56845007924,4070.38018678958,4466.40070207786,3712.14614712327,4005.76968378245,5345.07139686493,4269.27507674161,4172.25391525589,4432.26169787942,4609.74955000195,4854.59369830329,5334.14724976535,4616.98663895068,3959.6151336463,4479.0323174263
4816.34331583892,4877.75538167197,4545.75295134295,5233.81814174851,4101.64756934484,3906.67796735508,5139.00862298317,3969.12258300158,4415.1755637643,5030.67964445287,4586.56845007924,4070.38018678958,4466.40070207786,3712.14614712327,4005.76968378245,5345.07139686493,4269.27507674161,4172.25391525589,4432.26169787942,4609.74955000195,4854.59369830329,5334.14724976535,4616.98663895068,3959.6151336463,4479.0323174263
4816.34331583892,4877.75538167197,4545.75295134295,5233.81814174851,4101.64756934484,3906.67796735508,5139.00862298317,3969.12258300158,4415.1755637643,5030.67964445287,4586.56845007924,4070.38018678958,4466.40070207786,3712.14614712327,4005.76968378245,5345.07139686493,4269.27507674161,4172.25391525589,4432.26169787942,4609.74955000195,4854.59369830329,5334.14724976535,4616.98663895068,3959.6151336463,4479.0323174263
4816.34331583892,4877.75538167197,4545.75295134295,5233.81814174851,4101.64756934484,3906.67796735508,5139.00862298317,3969.12258300158,4415.1755637643,5030.67964445287,4586.56845007924,4070.38018678958,4466.40070207786,3712.14614712327,4005.76968378245,5345.07139686493,4269.27507674161,4172.25391525589,4432.26169787942,4609.74955000195,4854.59369830329,5334.14724976535,4616.98663895068,3959.6151336463,4479.0323174263
4816.34331583892,4877.75538167197,4545.75295134295,5233.81814174851,4101.64756934484,3906.67796735508,5139.00862298317,3969.12258300158,4415.1755637643,5030.67964445287,4586.56845007924,4070.38018678958,4466.40070207786,3712.14614712327,4005.76968378245,5345.07139686493,4269.27507674161,4172.25391525589,4432.26169787942,4609.74955000195,4854.59369830329,5334.14724976535,4616.98663895068,3959.6151336463,4479.0323174263
4816.34331583892,4877.75538167197,4545.75295134295,5233.81814174851,4101.64756934484,3906.67796735508,5139.00862298317,3969.12258300158,4415.1755637643,5030.67964445287,4586.56845007924,4070.38018678958,4466.40070207786,3712.14614712327,4005.76968378245,5345.07139686493,4269.27507674161,4172.25391525589,4432.26169787942,4609.74955000195,4854.59369830329,5334.14724976535,4616.98663895068,3959.6151336463,4479.0323174263
4816.34331583892,4877.75538167197,4545.75295134295,5233.81814174851,4101.64756934484,3906.67796735508,5139.00862298317,3969.12258300158,4415.1755637643,5030.67964445287,4586.56845007924,4070.38018678958,4466.40070207786,3712.14614712327,4005.76968378245,5345.07139686493,4269.27507674161,4172.25391525589,4432.26169787942,4609.74955000195,4854.59369830329,5334.14724976535,4616.98663895068,3959.6151336463,4479.0323174263
4816.34331583892,4877.75538167197,4545.75295134295,5233.81814174851,4101.64756934484,3906.67796735508,5139.00862298317,3969.12258300158,4415.1755637643,5030.67964445287,4586.56845007924,4070.38018678958,4466.40070207786,3712.14614712327,4005.76968378245,5345.07139686493,4269.27507674161,4172.25391525589,4432.26169787942,4609.74955000195,4854.59369830329,5334.14724976535,4616.98663895068,3959.6151336463,4479.0323174263
4816.34331583892,4877.75538167197,4545.75295134295,5233.81814174851,4101.64756934484,3906.67796735508,5139.00862298317,3969.12258300158,4415.1755637643,5030.67964445287,4586.56845007924,4070.38018678958,4466.40070207786,3712.14614712327,4005.76968378245,5345.07139686493,4269.27507674161,4172.25391525589,4432.26169787942,4609.74955000195,4854.59369830329,5334.14724976535,4616.98663895068,3959.6151336463,4479.0323174263
4816.34331583892,4877.75538167197,4545.75295134295,5233.81814174851,4101.64756934484,3906.67796735508,5139.00862298317,3969.12258300158,4415.1755637643,5030.67964445287,4586.56845007924,4070.38018678958,4466.40070207786,3712.14614712327,4005.76968378245,5345.07139686493,4269.27507674161,4172.25391525589,4432.26169787942,4609.74955000195,4854.59369830329,5334.14724976535,4616.98663895068,3959.6151336463,4479.0323174263
4816.34331583892,4877.75538167197,4545.75295134295,5233.81814174851,4101.64756934484,3906.67796735508,5139.00862298317,3969.12258300158,4415.1755637643,5030.67964445287,4586.56845007924,4070.38018678958,4466.40070207786,3712.14614712327,4005.76968378245,5345.07139686493,4269.27507674161,4172.25391525589,4432.26169787942,4609.74955000195,4854.59369830329,5334.14724976535,4616.98663895068,3959.6151336463,4479.0323174263
4816.34331583892,4877.75538167197,4545.75295134295,5233.81814174851,4101.64756934484,3906.67796735508,5139.00862298317,3969.12258300158,4415.1755637643,5030.67964445287,4586.56845007924,4070.38018678958,4466.40070207786,3712.14614712327,4005.76968378245,5345.07139686493,4269.27507674161,4172.25391525589,4432.26169787942,4609.74955000195,4854.59369830329,5334.14724976535,4616.98663895068,3959.6151336463,4479.0323174263
4816.34331583892,4877.75538167197,4545.75295134295,5233.81814174851,4101.64756934484,3906.67796735508,5139.00862298317,3969.12258300158,4415.1755637643,5030.67964445287,4586.56845007924,4070.38018678958,4466.40070207786,3712.14614712327,4005.76968378245,5345.07139686493,4269.27507674161,4172.25391525589,4432.26169787942,4609.74955000195,4854.59369830329,5334.14724976535,4616.98663895068,3959.6151336463,4479.0323174263
4816.34331583892,4877.75538167197,4545.75295134295,5233.81814174851,4101.64756934484,3906.67796735508,5139.00862298317,3969.12258300158,4415.1755637643,5030.67964445287,4586.56845007924,4070.38018678958,4466.40070207786,3712.14614712327,4005.76968378245,5345.07139686493,4269.27507674161,4172.25391525589,4432.26169787942,4609.74955000195,4854.59369830329,5334.14724976535,4616.98663895068,3959.6151336463,4479.0323174263
4816.34331583892,4877.75538167197,4545.75295134295,5233.81814174851,4101.64756934484,3906.67796735508,5139.00862298317,3969.12258300158,4415.1755637643,5030.67964445287,4586.56845007924,4070.38018678958,4466.40070207786,3712.14614712327,4005.76968378245,5345.07139686493,4269.27507674161,4172.25391525589,4432.26169787942,4609.74955000195,4854.59369830329,5334.14724976535,4616.98663895068,3959.6151336463,4479.0323174263
4816.34331583892,4877.75538167197,4545.75295134295,5233.81814174851,4101.64756934484,3906.67796735508,5139.00862298317,3969.12258300158,4415.1755637643,5030.67964445287,4586.56845007924,4070.38018678958,4466.40070207786,3712.14614712327,4005.76968378245,5345.07139686493,4269.27507674161,4172.25391525589,4432.26169787942,4609.74955000195,4854.59369830329,5334.14724976535,4616.98663895068,3959.6151336463,4479.0323174263
4816.34331583892,4877.75538167197,4545.75295134295,5233.81814174851,4101.64756934484,3906.67796735508,5139.00862298317,3969.12258300158,4415.1755637643,5030.67964445287,4586.56845007924,4070.38018678958,4466.40070207786,3712.14614712327,4005.76968378245,5345.07139686493,4269.27507674161,4172.25391525589,4432.26169787942,4609.74955000195,4854.59369830329,5334.14724976535,4616.98663895068,3959.6151336463,4479.0323174263
4816.34331583892,4877.75538167197,4545.75295134295,5233.81814174851,4101.64756934484,3906.67796735508,5139.00862298317,3969.12258300158,4415.1755637643,5030.67964445287,4586.56845007924,4070.38018678958,4466.40070207786,3712.14614712327,4005.76968378245,5345.07139686493,4269.27507674161,4172.25391525589,4432.26169787942,4609.74955000195,4854.59369830329,5334.14724976535,4616.98663895068,3959.6151336463,4479.0323174263
4816.34331583892,4877.75538167197,4545.75295134295,5233.81814174851,4101.64756934484,3906.67796735508,5139.00862298317,3969.12258300158,4415.1755637643,5030.67964445287,4586.56845007924,4070.38018678958,4466.40070207786,3712.14614712327,4005.76968378245,5345.07139686493,4269.27507674161,4172.25391525589,4432.26169787942,4609.74955000195,4854.59369830329,5334.14724976535,4616.98663895068,3959.6151336463,4479.0323174263
4816.34331583892,4877.75538167197,4545.75295134295,5233.81814174851,4101.64756934484,3906.67796735508,5139.00862298317,3969.12258300158,4415.1755637643,5030.67964445287,4586.56845007924,4070.38018678958,4466.40070207786,3712.14614712327,4005.76968378245,5345.07139686493,4269.27507674161,4172.25391525589,4432.26169787942,4609.74955000195,4854.59369830329,5334.14724976535,4616.98663895068,3959.6151336463,4479.0323174263
4816.34331583892,4877.75538167197,4545.75295134295,5233.81814174851,4101.64756934484,3906.67796735508,5139.00862298317,3969.12258300158,4415.1755637643,5030.67964445287,4586.56845007924,4070.38018678958,4466.40070207786,3712.14614712327,4005.76968378245,5345.07139686493,4269.27507674161,4172.25391525589,4432.26169787942,4609.74955000195,4854.59369830329,5334.14724976535,4616.98663895068,3959.6151336463,4479.0323174263
4816.34331583892,4877.75538167197,4545.75295134295,5233.81814174851,4101.64756934484,3906.67796735508,5139.00862298317,3969.12258300158,4415.1755637643,5030.67964445287,4586.56845007924,4070.38018678958,4466.40070207786,3712.14614712327,4005.76968378245,5345.07139686493,4269.27507674161,4172.25391525589,4432.26169787942,4609.74955000195,4854.59369830329,5334.14724976535,4616.98663895068,3959.6151336463,4479.0323174263
4816.34331583892,4877.75538167197,4545.75295134295,5233.81814174851,4101.64756934484,3906.67796735508,5139.00862298317,3969.12258300158,4415.1755637643,5030.67964445287,4586.56845007924,4070.38018678958,4466.40070207786,3712.14614712327,4005.76968378245,5345.07139686493,4269.27507674161,4172.25391525589,4432.26169787942,4609.74955000195,4854.59369830329,5334.14724976535,4616.98663895068,3959.6151336463,4479.0323174263
4816.34331583892,4877.75538167197,4545.75295134295,5233.81814174851,4101.64756934484,3906.67796735508,5139.00862298317,3969.12258300158,4415.1755637643,5030.67964445287,4586.56845007924,4070.38018678958,4466.40070207786,3712.14614712327,4005.76968378245,5345.07139686493,4269.27507674161,4172.25391525589,4432.26169787942,4609.74955000195,4854.59369830329,5334.14724976535,4616.98663895068,3959.6151336463,4479.0323174263
4816.34331583892,4877.75538167197,4545.75295134295,5233.81814174851,4101.64756934484,3906.67796735508,5139.00862298317,3969.12258300158,4415.1755637643,5030.67964445287,4586.56845007924,4070.38018678958,4466.40070207786,3712.14614712327,4005.76968378245,5345.07139686493,4269.27507674161,4172.25391525589,4432.26169787942,4609.74955000195,4854.59369830329,5334.14724976535,4616.98663895068,3959.6151336463,4479.0323174263
4816.34331583892,4877.75538167197,4545.75295134295,5233.81814174851,4101.64756934484,3906.67796735508,5139.00862298317,3969.12258300158,4415.1755637643,5030.67964445287,4586.56845007924,4070.38018678958,4466.40070207786,3712.14614712327,4005.76968378245,5345.07139686493,4269.27507674161,4172.25391525589,4432.26169787942,4609.74955000195,4854.59369830329,5334.14724976535,4616.98663895068,3959.6151336463,4479.0323174263
4816.34331583892,4877.75538167197,4545.75295134295,5233.81814174851,4101.64756934484,3906.67796735508,5139.00862298317,3969.12258300158,4415.1755637643,5030.67964445287,4586.56845007924,4070.38018678958,4466.40070207786,3712.14614712327,4005.76968378245,5345.07139686493,4269.27507674161,4172.25391525589,4432.26169787942,4609.74955000195,4854.59369830329,5334.14724976535,4616.98663895068,3959.6151336463,4479.0323174263
4816.34331583892,4877.75538167197,4545.75295134295,5233.81814174851,4101.64756934484,3906.67796735508,5139.00862298317,3969.12258300158,4415.1755637643,5030.67964445287,4586.56845007924,4070.38018678958,4466.40070207786,3712.14614712327,4005.76968378245,5345.07139686493,4269.27507674161,4172.25391525589,4432.26169787942,4609.74955000195,4854.59369830329,5334.14724976535,4616.98663895068,3959.6151336463,4479.0323174263
4816.34331583892,4877.75538167197,4545.75295134295,5233.81814174851,4101.64756934484,3906.67796735508,5139.00862298317,3969.12258300158,4415.1755637643,5030.67964445287,4586.56845007924,4070.38018678958,4466.40070207786,3712.14614712327,4005.76968378245,5345.07139686493,4269.27507674161,4172.25391525589,4432.26169787942,4609.74955000195,4854.59369830329,5334.14724976535,4616.98663895068,3959.6151336463,4479.0323174263
4816.34331583892,4877.75538167197,4545.75295134295,5233.81814174851,4101.64756934484,3906.67796735508,5139.00862298317,3969.12258300158,4415.1755637643,5030.67964445287,4586.56845007924,4070.38018678958,4466.40070207786,3712.14614712327,4005.76968378245,5345.07139686493,4269.27507674161,4172.25391525589,4432.26169787942,4609.74955000195,4854.59369830329,5334.14724976535,4616.98663895068,3959.6151336463,4479.0323174263
4816.34331583892,4877.75538167197,4545.75295134295,5233.81814174851,4101.64756934484,3906.67796735508,5139.00862298317,3969.12258300158,4415.1755637643,5030.67964445287,4586.56845007924,4070.38018678958,4466.40070207786,3712.14614712327,4005.76968378245,5345.07139686493,4269.27507674161,4172.25391525589,4432.26169787942,4609.74955000195,4854.59369830329,5334.14724976535,4616.98663895068,3959.6151336463,4479.0323174263
4816.34331583892,4877.75538167197,4545.75295134295,5233.81814174851,4101.64756934484,3906.67796735508,5139.00862298317,3969.12258300158,4415.1755637643,5030.67964445287,4586.56845007924,4070.38018678958,4466.40070207786,3712.14614712327,4005.76968378245,5345.07139686493,4269.27507674161,4172.25391525589,4432.26169787942,4609.74955000195,4854.59369830329,5334.14724976535,4616.98663895068,3959.6151336463,4479.0323174263
4816.34331583892,4877.75538167197,4545.75295134295,5233.81814174851,4101.64756934484,3906.67796735508,5139.00862298317,3969.12258300158,4415.1755637643,5030.67964445287,4586.56845007924,4070.38018678958,4466.40070207786,3712.14614712327,4005.76968378245,5345.07139686493,4269.27507674161,4172.25391525589,4432.26169787942,4609.74955000195,4854.59369830329,5334.14724976535,4616.98663895068,3959.6151336463,4479.0323174263
4816.34331583892,4877.75538167197,4545.75295134295,5233.81814174851,4101.64756934484,3906.67796735508,5139.00862298317,3969.12258300158,4415.1755637643,5030.67964445287,4586.56845007924,4070.38018678958,4466.40070207786,3712.14614712327,4005.76968378245,5345.07139686493,4269.27507674161,4172.25391525589,4432.26169787942,4609.74955000195,4854.59369830329,5334.14724976535,4616.98663895068,3959.6151336463,4479.0323174263
4816.34331583892,4877.75538167197,4545.75295134295,5233.81814174851,4101.64756934484,3906.67796735508,5139.00862298317,3969.12258300158,4415.1755637643,5030.67964445287,4586.56845007924,4070.38018678958,4466.40070207786,3712.14614712327,4005.76968378245,5345.07139686493,4269.27507674161,4172.25391525589,4432.26169787942,4609.74955000195,4854.59369830329,5334.14724976535,4616.98663895068,3959.6151336463,4479.0323174263
4816.34331583892,4877.75538167197,4545.75295134295,5233.81814174851,4101.64756934484,3906.67796735508,5139.00862298317,3969.12258300158,4415.1755637643,5030.67964445287,4586.56845007924,4070.38018678958,4466.40070207786,3712.14614712327,4005.76968378245,5345.07139686493,4269.27507674161,4172.25391525589,4432.26169787942,4609.74955000195,4854.59369830329,5334.14724976535,4616.98663895068,3959.6151336463,4479.0323174263
4816.34331583892,4877.75538167197,4545.75295134295,5233.81814174851,4101.64756934484,3906.67796735508,5139.00862298317,3969.12258300158,4415.1755637643,5030.67964445287,4586.56845007924,4070.38018678958,4466.40070207786,3712.14614712327,4005.76968378245,5345.07139686493,4269.27507674161,4172.25391525589,4432.26169787942,4609.74955000195,4854.59369830329,5334.14724976535,4616.98663895068,3959.6151336463,4479.0323174263
4816.34331583892,4877.75538167197,4545.75295134295,5233.81814174851,4101.64756934484,3906.67796735508,5139.00862298317,3969.12258300158,4415.1755637643,5030.67964445287,4586.56845007924,4070.38018678958,4466.40070207786,3712.14614712327,4005.76968378245,5345.07139686493,4269.27507674161,4172.25391525589,4432.26169787942,4609.74955000195,4854.59369830329,5334.14724976535,4616.98663895068,3959.6151336463,4479.0323174263
4816.34331583892,4877.75538167197,4545.75295134295,5233.81814174851,4101.64756934484,3906.67796735508,5139.00862298317,3969.12258300158,4415.1755637643,5030.67964445287,4586.56845007924,4070.38018678958,4466.40070207786,3712.14614712327,4005.76968378245,5345.07139686493,4269.27507674161,4172.25391525589,4432.26169787942,4609.74955000195,4854.59369830329,5334.14724976535,4616.98663895068,3959.6151336463,4479.0323174263
4816.34331583892,4877.75538167197,4545.75295134295,5233.81814174851,4101.64756934484,3906.67796735508,5139.00862298317,3969.12258300158,4415.1755637643,5030.67964445287,4586.56845007924,4070.38018678958,4466.40070207786,3712.14614712327,4005.76968378245,5345.07139686493,4269.27507674161,4172.25391525589,4432.26169787942,4609.74955000195,4854.59369830329,5334.14724976535,4616.98663895068,3959.6151336463,4479.0323174263
4816.34331583892,4877.75538167197,4545.75295134295,5233.81814174851,4101.64756934484,3906.67796735508,5139.00862298317,3969.12258300158,4415.1755637643,5030.67964445287,4586.56845007924,4070.38018678958,4466.40070207786,3712.14614712327,4005.76968378245,5345.07139686493,4269.27507674161,4172.25391525589,4432.26169787942,4609.74955000195,4854.59369830329,5334.14724976535,4616.98663895068,3959.6151336463,4479.0323174263
4816.34331583892,4877.75538167197,4545.75295134295,5233.81814174851,4101.64756934484,3906.67796735508,5139.00862298317,3969.12258300158,4415.1755637643,5030.67964445287,4586.56845007924,4070.38018678958,4466.40070207786,3712.14614712327,4005.76968378245,5345.07139686493,4269.27507674161,4172.25391525589,4432.26169787942,4609.74955000195,4854.59369830329,5334.14724976535,4616.98663895068,3959.6151336463,4479.0323174263
4816.34331583892,4877.75538167197,4545.75295134295,5233.81814174851,4101.64756934484,3906.67796735508,5139.00862298317,3969.12258300158,4415.1755637643,5030.67964445287,4586.56845007924,4070.38018678958,4466.40070207786,3712.14614712327,4005.76968378245,5345.07139686493,4269.27507674161,4172.25391525589,4432.26169787942,4609.74955000195,4854.59369830329,5334.14724976535,4616.98663895068,3959.6151336463,4479.0323174263
4816.34331583892,4877.75538167197,4545.75295134295,5233.81814174851,4101.64756934484,3906.67796735508,5139.00862298317,3969.12258300158,4415.1755637643,5030.67964445287,4586.56845007924,4070.38018678958,4466.40070207786,3712.14614712327,4005.76968378245,5345.07139686493,4269.27507674161,4172.25391525589,4432.26169787942,4609.74955000195,4854.59369830329,5334.14724976535,4616.98663895068,3959.6151336463,4479.0323174263
4816.34331583892,4877.75538167197,4545.75295134295,5233.81814174851,4101.64756934484,3906.67796735508,5139.00862298317,3969.12258300158,4415.1755637643,5030.67964445287,4586.56845007924,4070.38018678958,4466.40070207786,3712.14614712327,4005.76968378245,5345.07139686493,4269.27507674161,4172.25391525589,4432.26169787942,4609.74955000195,4854.59369830329,5334.14724976535,4616.98663895068,3959.6151336463,4479.0323174263
4816.34331583892,4877.75538167197,4545.75295134295,5233.81814174851,4101.64756934484,3906.67796735508,5139.00862298317,3969.12258300158,4415.1755637643,5030.67964445287,4586.56845007924,4070.38018678958,4466.40070207786,3712.14614712327,4005.76968378245,5345.07139686493,4269.27507674161,4172.25391525589,4432.26169787942,4609.74955000195,4854.59369830329,5334.14724976535,4616.98663895068,3959.6151336463,4479.0323174263
4816.34331583892,4877.75538167197,4545.75295134295,5233.81814174851,4101.64756934484,3906.67796735508,5139.00862298317,3969.12258300158,4415.1755637643,5030.67964445287,4586.56845007924,4070.38018678958,4466.40070207786,3712.14614712327,4005.76968378245,5345.07139686493,4269.27507674161,4172.25391525589,4432.26169787942,4609.74955000195,4854.59369830329,5334.14724976535,4616.98663895068,3959.6151336463,4479.0323174263
4816.34331583892,4877.75538167197,4545.75295134295,5233.81814174851,4101.64756934484,3906.67796735508,5139.00862298317,3969.12258300158,4415.1755637643,5030.67964445287,4586.56845007924,4070.38018678958,4466.40070207786,3712.14614712327,4005.76968378245,5345.07139686493,4269.27507674161,4172.25391525589,4432.26169787942,4609.74955000195,4854.59369830329,5334.14724976535,4616.98663895068,3959.6151336463,4479.0323174263
4816.34331583892,4877.75538167197,4545.75295134295,5233.81814174851,4101.64756934484,3906.67796735508,5139.00862298317,3969.12258300158,4415.1755637643,5030.67964445287,4586.56845007924,4070.38018678958,4466.40070207786,3712.14614712327,4005.76968378245,5345.07139686493,4269.27507674161,4172.25391525589,4432.26169787942,4609.74955000195,4854.59369830329,5334.14724976535,4616.98663895068,3959.6151336463,4479.0323174263
4816.34331583892,4877.75538167197,4545.75295134295,5233.81814174851,4101.64756934484,3906.67796735508,5139.00862298317,3969.12258300158,4415.1755637643,5030.67964445287,4586.56845007924,4070.38018678958,4466.40070207786,3712.14614712327,4005.76968378245,5345.07139686493,4269.27507674161,4172.25391525589,4432.26169787942,4609.74955000195,4854.59369830329,5334.14724976535,4616.98663895068,3959.6151336463,4479.0323174263
4816.34331583892,4877.75538167197,4545.75295134295,5233.81814174851,4101.64756934484,3906.67796735508,5139.00862298317,3969.12258300158,4415.1755637643,5030.67964445287,4586.56845007924,4070.38018678958,4466.40070207786,3712.14614712327,4005.76968378245,5345.07139686493,4269.27507674161,4172.25391525589,4432.26169787942,4609.74955000195,4854.59369830329,5334.14724976535,4616.98663895068,3959.6151336463,4479.0323174263
4816.34331583892,4877.75538167197,4545.75295134295,5233.81814174851,4101.64756934484,3906.67796735508,5139.00862298317,3969.12258300158,4415.1755637643,5030.67964445287,4586.56845007924,4070.38018678958,4466.40070207786,3712.14614712327,4005.76968378245,5345.07139686493,4269.27507674161,4172.25391525589,4432.26169787942,4609.74955000195,4854.59369830329,5334.14724976535,4616.98663895068,3959.6151336463,4479.0323174263
4816.34331583892,4877.75538167197,4545.75295134295,5233.81814174851,4101.64756934484,3906.67796735508,5139.00862298317,3969.12258300158,4415.1755637643,5030.67964445287,4586.56845007924,4070.38018678958,4466.40070207786,3712.14614712327,4005.76968378245,5345.07139686493,4269.27507674161,4172.25391525589,4432.26169787942,4609.74955000195,4854.59369830329,5334.14724976535,4616.98663895068,3959.6151336463,4479.0323174263
4816.34331583892,4877.75538167197,4545.75295134295,5233.81814174851,4101.64756934484,3906.67796735508,5139.00862298317,3969.12258300158,4415.1755637643,5030.67964445287,4586.56845007924,4070.38018678958,4466.40070207786,3712.14614712327,4005.76968378245,5345.07139686493,4269.27507674161,4172.25391525589,4432.26169787942,4609.74955000195,4854.59369830329,5334.14724976535,4616.98663895068,3959.6151336463,4479.0323174263
4816.34331583892,4877.75538167197,4545.75295134295,5233.81814174851,4101.64756934484,3906.67796735508,5139.00862298317,3969.12258300158,4415.1755637643,5030.67964445287,4586.56845007924,4070.38018678958,4466.40070207786,3712.14614712327,4005.76968378245,5345.07139686493,4269.27507674161,4172.25391525589,4432.26169787942,4609.74955000195,4854.59369830329,5334.14724976535,4616.98663895068,3959.6151336463,4479.0323174263
4816.34331583892,4877.75538167197,4545.75295134295,5233.81814174851,4101.64756934484,3906.67796735508,5139.00862298317,3969.12258300158,4415.1755637643,5030.67964445287,4586.56845007924,4070.38018678958,4466.40070207786,3712.14614712327,4005.76968378245,5345.07139686493,4269.27507674161,4172.25391525589,4432.26169787942,4609.74955000195,4854.59369830329,5334.14724976535,4616.98663895068,3959.6151336463,4479.0323174263
4816.34331583892,4877.75538167197,4545.75295134295,5233.81814174851,4101.64756934484,3906.67796735508,5139.00862298317,3969.12258300158,4415.1755637643,5030.67964445287,4586.56845007924,4070.38018678958,4466.40070207786,3712.14614712327,4005.76968378245,5345.07139686493,4269.27507674161,4172.25391525589,4432.26169787942,4609.74955000195,4854.59369830329,5334.14724976535,4616.98663895068,3959.6151336463,4479.0323174263
4816.34331583892,4877.75538167197,4545.75295134295,5233.81814174851,4101.64756934484,3906.67796735508,5139.00862298317,3969.12258300158,4415.1755637643,5030.67964445287,4586.56845007924,4070.38018678958,4466.40070207786,3712.14614712327,4005.76968378245,5345.07139686493,4269.27507674161,4172.25391525589,4432.26169787942,4609.74955000195,4854.59369830329,5334.14724976535,4616.98663895068,3959.6151336463,4479.0323174263
4816.34331583892,4877.75538167197,4545.75295134295,5233.81814174851,4101.64756934484,3906.67796735508,5139.00862298317,3969.12258300158,4415.1755637643,5030.67964445287,4586.56845007924,4070.38018678958,4466.40070207786,3712.14614712327,4005.76968378245,5345.07139686493,4269.27507674161,4172.25391525589,4432.26169787942,4609.74955000195,4854.59369830329,5334.14724976535,4616.98663895068,3959.6151336463,4479.0323174263
4816.34331583892,4877.75538167197,4545.75295134295,5233.81814174851,4101.64756934484,3906.67796735508,5139.00862298317,3969.12258300158,4415.1755637643,5030.67964445287,4586.56845007924,4070.38018678958,4466.40070207786,3712.14614712327,4005.76968378245,5345.07139686493,4269.27507674161,4172.25391525589,4432.26169787942,4609.74955000195,4854.59369830329,5334.14724976535,4616.98663895068,3959.6151336463,4479.0323174263
4816.34331583892,4877.75538167197,4545.75295134295,5233.81814174851,4101.64756934484,3906.67796735508,5139.00862298317,3969.12258300158,4415.1755637643,5030.67964445287,4586.56845007924,4070.38018678958,4466.40070207786,3712.14614712327,4005.76968378245,5345.07139686493,4269.27507674161,4172.25391525589,4432.26169787942,4609.74955000195,4854.59369830329,5334.14724976535,4616.98663895068,3959.6151336463,4479.0323174263
4816.34331583892,4877.75538167197,4545.75295134295,5233.81814174851,4101.64756934484,3906.67796735508,5139.00862298317,3969.12258300158,4415.1755637643,5030.67964445287,4586.56845007924,4070.38018678958,4466.40070207786,3712.14614712327,4005.76968378245,5345.07139686493,4269.27507674161,4172.25391525589,4432.26169787942,4609.74955000195,4854.59369830329,5334.14724976535,4616.98663895068,3959.6151336463,4479.0323174263
4816.34331583892,4877.75538167197,4545.75295134295,5233.81814174851,4101.64756934484,3906.67796735508,5139.00862298317,3969.12258300158,4415.1755637643,5030.67964445287,4586.56845007924,4070.38018678958,4466.40070207786,3712.14614712327,4005.76968378245,5345.07139686493,4269.27507674161,4172.25391525589,4432.26169787942,4609.74955000195,4854.59369830329,5334.14724976535,4616.98663895068,3959.6151336463,4479.0323174263
4816.34331583892,4877.75538167197,4545.75295134295,5233.81814174851,4101.64756934484,3906.67796735508,5139.00862298317,3969.12258300158,4415.1755637643,5030.67964445287,4586.56845007924,4070.38018678958,4466.40070207786,3712.14614712327,4005.76968378245,5345.07139686493,4269.27507674161,4172.25391525589,4432.26169787942,4609.74955000195,4854.59369830329,5334.14724976535,4616.98663895068,3959.6151336463,4479.0323174263
4816.34331583892,4877.75538167197,4545.75295134295,5233.81814174851,4101.64756934484,3906.67796735508,5139.00862298317,3969.12258300158,4415.1755637643,5030.67964445287,4586.56845007924,4070.38018678958,4466.40070207786,3712.14614712327,4005.76968378245,5345.07139686493,4269.27507674161,4172.25391525589,4432.26169787942,4609.74955000195,4854.59369830329,5334.14724976535,4616.98663895068,3959.6151336463,4479.0323174263
4816.34331583892,4877.75538167197,4545.75295134295,5233.81814174851,4101.64756934484,3906.67796735508,5139.00862298317,3969.12258300158,4415.1755637643,5030.67964445287,4586.56845007924,4070.38018678958,4466.40070207786,3712.14614712327,4005.76968378245,5345.07139686493,4269.27507674161,4172.25391525589,4432.26169787942,4609.74955000195,4854.59369830329,5334.14724976535,4616.98663895068,3959.6151336463,4479.0323174263
4816.34331583892,4877.75538167197,4545.75295134295,5233.81814174851,4101.64756934484,3906.67796735508,5139.00862298317,3969.12258300158,4415.1755637643,5030.67964445287,4586.56845007924,4070.38018678958,4466.40070207786,3712.14614712327,4005.76968378245,5345.07139686493,4269.27507674161,4172.25391525589,4432.26169787942,4609.74955000195,4854.59369830329,5334.14724976535,4616.98663895068,3959.6151336463,4479.0323174263
4816.34331583892,4877.75538167197,4545.75295134295,5233.81814174851,4101.64756934484,3906.67796735508,5139.00862298317,3969.12258300158,4415.1755637643,5030.67964445287,4586.56845007924,4070.38018678958,4466.40070207786,3712.14614712327,4005.76968378245,5345.07139686493,4269.27507674161,4172.25391525589,4432.26169787942,4609.74955000195,4854.59369830329,5334.14724976535,4616.98663895068,3959.6151336463,4479.0323174263
4816.34331583892,4877.75538167197,4545.75295134295,5233.81814174851,4101.64756934484,3906.67796735508,5139.00862298317,3969.12258300158,4415.1755637643,5030.67964445287,4586.56845007924,4070.38018678958,4466.40070207786,3712.14614712327,4005.76968378245,5345.07139686493,4269.27507674161,4172.25391525589,4432.26169787942,4609.74955000195,4854.59369830329,5334.14724976535,4616.98663895068,3959.6151336463,4479.0323174263
4816.34331583892,4877.75538167197,4545.75295134295,5233.81814174851,4101.64756934484,3906.67796735508,5139.00862298317,3969.12258300158,4415.1755637643,5030.67964445287,4586.56845007924,4070.38018678958,4466.40070207786,3712.14614712327,4005.76968378245,5345.07139686493,4269.27507674161,4172.25391525589,4432.26169787942,4609.74955000195,4854.59369830329,5334.14724976535,4616.98663895068,3959.6151336463,4479.0323174263
4816.34331583892,4877.75538167197,4545.75295134295,5233.81814174851,4101.64756934484,3906.67796735508,5139.00862298317,3969.12258300158,4415.1755637643,5030.67964445287,4586.56845007924,4070.38018678958,4466.40070207786,3712.14614712327,4005.76968378245,5345.07139686493,4269.27507674161,4172.25391525589,4432.26169787942,4609.74955000195,4854.59369830329,5334.14724976535,4616.98663895068,3959.6151336463,4479.0323174263
4816.34331583892,4877.75538167197,4545.75295134295,5233.81814174851,4101.64756934484,3906.67796735508,5139.00862298317,3969.12258300158,4415.1755637643,5030.67964445287,4586.56845007924,4070.38018678958,4466.40070207786,3712.14614712327,4005.76968378245,5345.07139686493,4269.27507674161,4172.25391525589,4432.26169787942,4609.74955000195,4854.59369830329,5334.14724976535,4616.98663895068,3959.6151336463,4479.0323174263
4816.34331583892,4877.75538167197,4545.75295134295,5233.81814174851,4101.64756934484,3906.67796735508,5139.00862298317,3969.12258300158,4415.1755637643,5030.67964445287,4586.56845007924,4070.38018678958,4466.40070207786,3712.14614712327,4005.76968378245,5345.07139686493,4269.27507674161,4172.25391525589,4432.26169787942,4609.74955000195,4854.59369830329,5334.14724976535,4616.98663895068,3959.6151336463,4479.0323174263
4816.34331583892,4877.75538167197,4545.75295134295,5233.81814174851,4101.64756934484,3906.67796735508,5139.00862298317,3969.12258300158,4415.1755637643,5030.67964445287,4586.56845007924,4070.38018678958,4466.40070207786,3712.14614712327,4005.76968378245,5345.07139686493,4269.27507674161,4172.25391525589,4432.26169787942,4609.74955000195,4854.59369830329,5334.14724976535,4616.98663895068,3959.6151336463,4479.0323174263
4816.34331583892,4877.75538167197,4545.75295134295,5233.81814174851,4101.64756934484,3906.67796735508,5139.00862298317,3969.12258300158,4415.1755637643,5030.67964445287,4586.56845007924,4070.38018678958,4466.40070207786,3712.14614712327,4005.76968378245,5345.07139686493,4269.27507674161,4172.25391525589,4432.26169787942,4609.74955000195,4854.59369830329,5334.14724976535,4616.98663895068,3959.6151336463,4479.0323174263
4816.34331583892,4877.75538167197,4545.75295134295,5233.81814174851,4101.64756934484,3906.67796735508,5139.00862298317,3969.12258300158,4415.1755637643,5030.67964445287,4586.56845007924,4070.38018678958,4466.40070207786,3712.14614712327,4005.76968378245,5345.07139686493,4269.27507674161,4172.25391525589,4432.26169787942,4609.74955000195,4854.59369830329,5334.14724976535,4616.98663895068,3959.6151336463,4479.0323174263
4816.34331583892,4877.75538167197,4545.75295134295,5233.81814174851,4101.64756934484,3906.67796735508,5139.00862298317,3969.12258300158,4415.1755637643,5030.67964445287,4586.56845007924,4070.38018678958,4466.40070207786,3712.14614712327,4005.76968378245,5345.07139686493,4269.27507674161,4172.25391525589,4432.26169787942,4609.74955000195,4854.59369830329,5334.14724976535,4616.98663895068,3959.6151336463,4479.0323174263
4816.34331583892,4877.75538167197,4545.75295134295,5233.81814174851,4101.64756934484,3906.67796735508,5139.00862298317,3969.12258300158,4415.1755637643,5030.67964445287,4586.56845007924,4070.38018678958,4466.40070207786,3712.14614712327,4005.76968378245,5345.07139686493,4269.27507674161,4172.25391525589,4432.26169787942,4609.74955000195,4854.59369830329,5334.14724976535,4616.98663895068,3959.6151336463,4479.0323174263
4816.34331583892,4877.75538167197,4545.75295134295,5233.81814174851,4101.64756934484,3906.67796735508,5139.00862298317,3969.12258300158,4415.1755637643,5030.67964445287,4586.56845007924,4070.38018678958,4466.40070207786,3712.14614712327,4005.76968378245,5345.07139686493,4269.27507674161,4172.25391525589,4432.26169787942,4609.74955000195,4854.59369830329,5334.14724976535,4616.98663895068,3959.6151336463,4479.0323174263
4816.34331583892,4877.75538167197,4545.75295134295,5233.81814174851,4101.64756934484,3906.67796735508,5139.00862298317,3969.12258300158,4415.1755637643,5030.67964445287,4586.56845007924,4070.38018678958,4466.40070207786,3712.14614712327,4005.76968378245,5345.07139686493,4269.27507674161,4172.25391525589,4432.26169787942,4609.74955000195,4854.59369830329,5334.14724976535,4616.98663895068,3959.6151336463,4479.0323174263
4816.34331583892,4877.75538167197,4545.75295134295,5233.81814174851,4101.64756934484,3906.67796735508,5139.00862298317,3969.12258300158,4415.1755637643,5030.67964445287,4586.56845007924,4070.38018678958,4466.40070207786,3712.14614712327,4005.76968378245,5345.07139686493,4269.27507674161,4172.25391525589,4432.26169787942,4609.74955000195,4854.59369830329,5334.14724976535,4616.98663895068,3959.6151336463,4479.0323174263
4816.34331583892,4877.75538167197,4545.75295134295,5233.81814174851,4101.64756934484,3906.67796735508,5139.00862298317,3969.12258300158,4415.1755637643,5030.67964445287,4586.56845007924,4070.38018678958,4466.40070207786,3712.14614712327,4005.76968378245,5345.07139686493,4269.27507674161,4172.25391525589,4432.26169787942,4609.74955000195,4854.59369830329,5334.14724976535,4616.98663895068,3959.6151336463,4479.0323174263
4816.34331583892,4877.75538167197,4545.75295134295,5233.81814174851,4101.64756934484,3906.67796735508,5139.00862298317,3969.12258300158,4415.1755637643,5030.67964445287,4586.56845007924,4070.38018678958,4466.40070207786,3712.14614712327,4005.76968378245,5345.07139686493,4269.27507674161,4172.25391525589,4432.26169787942,4609.74955000195,4854.59369830329,5334.14724976535,4616.98663895068,3959.6151336463,4479.0323174263
4816.34331583892,4877.75538167197,4545.75295134295,5233.81814174851,4101.64756934484,3906.67796735508,5139.00862298317,3969.12258300158,4415.1755637643,5030.67964445287,4586.56845007924,4070.38018678958,4466.40070207786,3712.14614712327,4005.76968378245,5345.07139686493,4269.27507674161,4172.25391525589,4432.26169787942,4609.74955000195,4854.59369830329,5334.14724976535,4616.98663895068,3959.6151336463,4479.0323174263
4816.34331583892,4877.75538167197,4545.75295134295,5233.81814174851,4101.64756934484,3906.67796735508,5139.00862298317,3969.12258300158,4415.1755637643,5030.67964445287,4586.56845007924,4070.38018678958,4466.40070207786,3712.14614712327,4005.76968378245,5345.07139686493,4269.27507674161,4172.25391525589,4432.26169787942,4609.74955000195,4854.59369830329,5334.14724976535,4616.98663895068,3959.6151336463,4479.0323174263
4816.34331583892,4877.75538167197,4545.75295134295,5233.81814174851,4101.64756934484,3906.67796735508,5139.00862298317,3969.12258300158,4415.1755637643,5030.67964445287,4586.56845007924,4070.38018678958,4466.40070207786,3712.14614712327,4005.76968378245,5345.07139686493,4269.27507674161,4172.25391525589,4432.26169787942,4609.74955000195,4854.59369830329,5334.14724976535,4616.98663895068,3959.6151336463,4479.0323174263
4816.34331583892,4877.75538167197,4545.75295134295,5233.81814174851,4101.64756934484,3906.67796735508,5139.00862298317,3969.12258300158,4415.1755637643,5030.67964445287,4586.56845007924,4070.38018678958,4466.40070207786,3712.14614712327,4005.76968378245,5345.07139686493,4269.27507674161,4172.25391525589,4432.26169787942,4609.74955000195,4854.59369830329,5334.14724976535,4616.98663895068,3959.6151336463,4479.0323174263
4816.34331583892,4877.75538167197,4545.75295134295,5233.81814174851,4101.64756934484,3906.67796735508,5139.00862298317,3969.12258300158,4415.1755637643,5030.67964445287,4586.56845007924,4070.38018678958,4466.40070207786,3712.14614712327,4005.76968378245,5345.07139686493,4269.27507674161,4172.25391525589,4432.26169787942,4609.74955000195,4854.59369830329,5334.14724976535,4616.98663895068,3959.6151336463,4479.0323174263
4816.34331583892,4877.75538167197,4545.75295134295,5233.81814174851,4101.64756934484,3906.67796735508,5139.00862298317,3969.12258300158,4415.1755637643,5030.67964445287,4586.56845007924,4070.38018678958,4466.40070207786,3712.14614712327,4005.76968378245,5345.07139686493,4269.27507674161,4172.25391525589,4432.26169787942,4609.74955000195,4854.59369830329,5334.14724976535,4616.98663895068,3959.6151336463,4479.0323174263
4816.34331583892,4877.75538167197,4545.75295134295,5233.81814174851,4101.64756934484,3906.67796735508,5139.00862298317,3969.12258300158,4415.1755637643,5030.67964445287,4586.56845007924,4070.38018678958,4466.40070207786,3712.14614712327,4005.76968378245,5345.07139686493,4269.27507674161,4172.25391525589,4432.26169787942,4609.74955000195,4854.59369830329,5334.14724976535,4616.98663895068,3959.6151336463,4479.0323174263
4816.34331583892,4877.75538167197,4545.75295134295,5233.81814174851,4101.64756934484,3906.67796735508,5139.00862298317,3969.12258300158,4415.1755637643,5030.67964445287,4586.56845007924,4070.38018678958,4466.40070207786,3712.14614712327,4005.76968378245,5345.07139686493,4269.27507674161,4172.25391525589,4432.26169787942,4609.74955000195,4854.59369830329,5334.14724976535,4616.98663895068,3959.6151336463,4479.0323174263
4816.34331583892,4877.75538167197,4545.75295134295,5233.81814174851,4101.64756934484,3906.67796735508,5139.00862298317,3969.12258300158,4415.1755637643,5030.67964445287,4586.56845007924,4070.38018678958,4466.40070207786,3712.14614712327,4005.76968378245,5345.07139686493,4269.27507674161,4172.25391525589,4432.26169787942,4609.74955000195,4854.59369830329,5334.14724976535,4616.98663895068,3959.6151336463,4479.0323174263
4816.34331583892,4877.75538167197,4545.75295134295,5233.81814174851,4101.64756934484,3906.67796735508,5139.00862298317,3969.12258300158,4415.1755637643,5030.67964445287,4586.56845007924,4070.38018678958,4466.40070207786,3712.14614712327,4005.76968378245,5345.07139686493,4269.27507674161,4172.25391525589,4432.26169787942,4609.74955000195,4854.59369830329,5334.14724976535,4616.98663895068,3959.6151336463,4479.0323174263
4816.34331583892,4877.75538167197,4545.75295134295,5233.81814174851,4101.64756934484,3906.67796735508,5139.00862298317,3969.12258300158,4415.1755637643,5030.67964445287,4586.56845007924,4070.38018678958,4466.40070207786,3712.14614712327,4005.76968378245,5345.07139686493,4269.27507674161,4172.25391525589,4432.26169787942,4609.74955000195,4854.59369830329,5334.14724976535,4616.98663895068,3959.6151336463,4479.0323174263
4816.34331583892,4877.75538167197,4545.75295134295,5233.81814174851,4101.64756934484,3906.67796735508,5139.00862298317,3969.12258300158,4415.1755637643,5030.67964445287,4586.56845007924,4070.38018678958,4466.40070207786,3712.14614712327,4005.76968378245,5345.07139686493,4269.27507674161,4172.25391525589,4432.26169787942,4609.74955000195,4854.59369830329,5334.14724976535,4616.98663895068,3959.6151336463,4479.0323174263
4816.34331583892,4877.75538167197,4545.75295134295,5233.81814174851,4101.64756934484,3906.67796735508,5139.00862298317,3969.12258300158,4415.1755637643,5030.67964445287,4586.56845007924,4070.38018678958,4466.40070207786,3712.14614712327,4005.76968378245,5345.07139686493,4269.27507674161,4172.25391525589,4432.26169787942,4609.74955000195,4854.59369830329,5334.14724976535,4616.98663895068,3959.6151336463,4479.0323174263
4816.34331583892,4877.75538167197,4545.75295134295,5233.81814174851,4101.64756934484,3906.67796735508,5139.00862298317,3969.12258300158,4415.1755637643,5030.67964445287,4586.56845007924,4070.38018678958,4466.40070207786,3712.14614712327,4005.76968378245,5345.07139686493,4269.27507674161,4172.25391525589,4432.26169787942,4609.74955000195,4854.59369830329,5334.14724976535,4616.98663895068,3959.6151336463,4479.0323174263
4816.34331583892,4877.75538167197,4545.75295134295,5233.81814174851,4101.64756934484,3906.67796735508,5139.00862298317,3969.12258300158,4415.1755637643,5030.67964445287,4586.56845007924,4070.38018678958,4466.40070207786,3712.14614712327,4005.76968378245,5345.07139686493,4269.27507674161,4172.25391525589,4432.26169787942,4609.74955000195,4854.59369830329,5334.14724976535,4616.98663895068,3959.6151336463,4479.0323174263
4816.34331583892,4877.75538167197,4545.75295134295,5233.81814174851,4101.64756934484,3906.67796735508,5139.00862298317,3969.12258300158,4415.1755637643,5030.67964445287,4586.56845007924,4070.38018678958,4466.40070207786,3712.14614712327,4005.76968378245,5345.07139686493,4269.27507674161,4172.25391525589,4432.26169787942,4609.74955000195,4854.59369830329,5334.14724976535,4616.98663895068,3959.6151336463,4479.0323174263
4816.34331583892,4877.75538167197,4545.75295134295,5233.81814174851,4101.64756934484,3906.67796735508,5139.00862298317,3969.12258300158,4415.1755637643,5030.67964445287,4586.56845007924,4070.38018678958,4466.40070207786,3712.14614712327,4005.76968378245,5345.07139686493,4269.27507674161,4172.25391525589,4432.26169787942,4609.74955000195,4854.59369830329,5334.14724976535,4616.98663895068,3959.6151336463,4479.0323174263
4816.34331583892,4877.75538167197,4545.75295134295,5233.81814174851,4101.64756934484,3906.67796735508,5139.00862298317,3969.12258300158,4415.1755637643,5030.67964445287,4586.56845007924,4070.38018678958,4466.40070207786,3712.14614712327,4005.76968378245,5345.07139686493,4269.27507674161,4172.25391525589,4432.26169787942,4609.74955000195,4854.59369830329,5334.14724976535,4616.98663895068,3959.6151336463,4479.0323174263
4816.34331583892,4877.75538167197,4545.75295134295,5233.81814174851,4101.64756934484,3906.67796735508,5139.00862298317,3969.12258300158,4415.1755637643,5030.67964445287,4586.56845007924,4070.38018678958,4466.40070207786,3712.14614712327,4005.76968378245,5345.07139686493,4269.27507674161,4172.25391525589,4432.26169787942,4609.74955000195,4854.59369830329,5334.14724976535,4616.98663895068,3959.6151336463,4479.0323174263
4816.34331583892,4877.75538167197,4545.75295134295,5233.81814174851,4101.64756934484,3906.67796735508,5139.00862298317,3969.12258300158,4415.1755637643,5030.67964445287,4586.56845007924,4070.38018678958,4466.40070207786,3712.14614712327,4005.76968378245,5345.07139686493,4269.27507674161,4172.25391525589,4432.26169787942,4609.74955000195,4854.59369830329,5334.14724976535,4616.98663895068,3959.6151336463,4479.0323174263
4816.34331583892,4877.75538167197,4545.75295134295,5233.81814174851,4101.64756934484,3906.67796735508,5139.00862298317,3969.12258300158,4415.1755637643,5030.67964445287,4586.56845007924,4070.38018678958,4466.40070207786,3712.14614712327,4005.76968378245,5345.07139686493,4269.27507674161,4172.25391525589,4432.26169787942,4609.74955000195,4854.59369830329,5334.14724976535,4616.98663895068,3959.6151336463,4479.0323174263
4816.34331583892,4877.75538167197,4545.75295134295,5233.81814174851,4101.64756934484,3906.67796735508,5139.00862298317,3969.12258300158,4415.1755637643,5030.67964445287,4586.56845007924,4070.38018678958,4466.40070207786,3712.14614712327,4005.76968378245,5345.07139686493,4269.27507674161,4172.25391525589,4432.26169787942,4609.74955000195,4854.59369830329,5334.14724976535,4616.98663895068,3959.6151336463,4479.0323174263
4816.34331583892,4877.75538167197,4545.75295134295,5233.81814174851,4101.64756934484,3906.67796735508,5139.00862298317,3969.12258300158,4415.1755637643,5030.67964445287,4586.56845007924,4070.38018678958,4466.40070207786,3712.14614712327,4005.76968378245,5345.07139686493,4269.27507674161,4172.25391525589,4432.26169787942,4609.74955000195,4854.59369830329,5334.14724976535,4616.98663895068,3959.6151336463,4479.0323174263
4816.34331583892,4877.75538167197,4545.75295134295,5233.81814174851,4101.64756934484,3906.67796735508,5139.00862298317,3969.12258300158,4415.1755637643,5030.67964445287,4586.56845007924,4070.38018678958,4466.40070207786,3712.14614712327,4005.76968378245,5345.07139686493,4269.27507674161,4172.25391525589,4432.26169787942,4609.74955000195,4854.59369830329,5334.14724976535,4616.98663895068,3959.6151336463,4479.0323174263
4816.34331583892,4877.75538167197,4545.75295134295,5233.81814174851,4101.64756934484,3906.67796735508,5139.00862298317,3969.12258300158,4415.1755637643,5030.67964445287,4586.56845007924,4070.38018678958,4466.40070207786,3712.14614712327,4005.76968378245,5345.07139686493,4269.27507674161,4172.25391525589,4432.26169787942,4609.74955000195,4854.59369830329,5334.14724976535,4616.98663895068,3959.6151336463,4479.0323174263
4816.34331583892,4877.75538167197,4545.75295134295,5233.81814174851,4101.64756934484,3906.67796735508,5139.00862298317,3969.12258300158,4415.1755637643,5030.67964445287,4586.56845007924,4070.38018678958,4466.40070207786,3712.14614712327,4005.76968378245,5345.07139686493,4269.27507674161,4172.25391525589,4432.26169787942,4609.74955000195,4854.59369830329,5334.14724976535,4616.98663895068,3959.6151336463,4479.0323174263
4816.34331583892,4877.75538167197,4545.75295134295,5233.81814174851,4101.64756934484,3906.67796735508,5139.00862298317,3969.12258300158,4415.1755637643,5030.67964445287,4586.56845007924,4070.38018678958,4466.40070207786,3712.14614712327,4005.76968378245,5345.07139686493,4269.27507674161,4172.25391525589,4432.26169787942,4609.74955000195,4854.59369830329,5334.14724976535,4616.98663895068,3959.6151336463,4479.0323174263
4816.34331583892,4877.75538167197,4545.75295134295,5233.81814174851,4101.64756934484,3906.67796735508,5139.00862298317,3969.12258300158,4415.1755637643,5030.67964445287,4586.56845007924,4070.38018678958,4466.40070207786,3712.14614712327,4005.76968378245,5345.07139686493,4269.27507674161,4172.25391525589,4432.26169787942,4609.74955000195,4854.59369830329,5334.14724976535,4616.98663895068,3959.6151336463,4479.0323174263
4816.34331583892,4877.75538167197,4545.75295134295,5233.81814174851,4101.64756934484,3906.67796735508,5139.00862298317,3969.12258300158,4415.1755637643,5030.67964445287,4586.56845007924,4070.38018678958,4466.40070207786,3712.14614712327,4005.76968378245,5345.07139686493,4269.27507674161,4172.25391525589,4432.26169787942,4609.74955000195,4854.59369830329,5334.14724976535,4616.98663895068,3959.6151336463,4479.0323174263
4816.34331583892,4877.75538167197,4545.75295134295,5233.81814174851,4101.64756934484,3906.67796735508,5139.00862298317,3969.12258300158,4415.1755637643,5030.67964445287,4586.56845007924,4070.38018678958,4466.40070207786,3712.14614712327,4005.76968378245,5345.07139686493,4269.27507674161,4172.25391525589,4432.26169787942,4609.74955000195,4854.59369830329,5334.14724976535,4616.98663895068,3959.6151336463,4479.0323174263
4816.34331583892,4877.75538167197,4545.75295134295,5233.81814174851,4101.64756934484,3906.67796735508,5139.00862298317,3969.12258300158,4415.1755637643,5030.67964445287,4586.56845007924,4070.38018678958,4466.40070207786,3712.14614712327,4005.76968378245,5345.07139686493,4269.27507674161,4172.25391525589,4432.26169787942,4609.74955000195,4854.59369830329,5334.14724976535,4616.98663895068,3959.6151336463,4479.0323174263
4816.34331583892,4877.75538167197,4545.75295134295,5233.81814174851,4101.64756934484,3906.67796735508,5139.00862298317,3969.12258300158,4415.1755637643,5030.67964445287,4586.56845007924,4070.38018678958,4466.40070207786,3712.14614712327,4005.76968378245,5345.07139686493,4269.27507674161,4172.25391525589,4432.26169787942,4609.74955000195,4854.59369830329,5334.14724976535,4616.98663895068,3959.6151336463,4479.0323174263
4816.34331583892,4877.75538167197,4545.75295134295,5233.81814174851,4101.64756934484,3906.67796735508,5139.00862298317,3969.12258300158,4415.1755637643,5030.67964445287,4586.56845007924,4070.38018678958,4466.40070207786,3712.14614712327,4005.76968378245,5345.07139686493,4269.27507674161,4172.25391525589,4432.26169787942,4609.74955000195,4854.59369830329,5334.14724976535,4616.98663895068,3959.6151336463,4479.0323174263
4816.34331583892,4877.75538167197,4545.75295134295,5233.81814174851,4101.64756934484,3906.67796735508,5139.00862298317,3969.12258300158,4415.1755637643,5030.67964445287,4586.56845007924,4070.38018678958,4466.40070207786,3712.14614712327,4005.76968378245,5345.07139686493,4269.27507674161,4172.25391525589,4432.26169787942,4609.74955000195,4854.59369830329,5334.14724976535,4616.98663895068,3959.6151336463,4479.0323174263
4816.34331583892,4877.75538167197,4545.75295134295,5233.81814174851,4101.64756934484,3906.67796735508,5139.00862298317,3969.12258300158,4415.1755637643,5030.67964445287,4586.56845007924,4070.38018678958,4466.40070207786,3712.14614712327,4005.76968378245,5345.07139686493,4269.27507674161,4172.25391525589,4432.26169787942,4609.74955000195,4854.59369830329,5334.14724976535,4616.98663895068,3959.6151336463,4479.0323174263
4816.34331583892,4877.75538167197,4545.75295134295,5233.81814174851,4101.64756934484,3906.67796735508,5139.00862298317,3969.12258300158,4415.1755637643,5030.67964445287,4586.56845007924,4070.38018678958,4466.40070207786,3712.14614712327,4005.76968378245,5345.07139686493,4269.27507674161,4172.25391525589,4432.26169787942,4609.74955000195,4854.59369830329,5334.14724976535,4616.98663895068,3959.6151336463,4479.0323174263
4816.34331583892,4877.75538167197,4545.75295134295,5233.81814174851,4101.64756934484,3906.67796735508,5139.00862298317,3969.12258300158,4415.1755637643,5030.67964445287,4586.56845007924,4070.38018678958,4466.40070207786,3712.14614712327,4005.76968378245,5345.07139686493,4269.27507674161,4172.25391525589,4432.26169787942,4609.74955000195,4854.59369830329,5334.14724976535,4616.98663895068,3959.6151336463,4479.0323174263
4816.34331583892,4877.75538167197,4545.75295134295,5233.81814174851,4101.64756934484,3906.67796735508,5139.00862298317,3969.12258300158,4415.1755637643,5030.67964445287,4586.56845007924,4070.38018678958,4466.40070207786,3712.14614712327,4005.76968378245,5345.07139686493,4269.27507674161,4172.25391525589,4432.26169787942,4609.74955000195,4854.59369830329,5334.14724976535,4616.98663895068,3959.6151336463,4479.0323174263
4816.34331583892,4877.75538167197,4545.75295134295,5233.81814174851,4101.64756934484,3906.67796735508,5139.00862298317,3969.12258300158,4415.1755637643,5030.67964445287,4586.56845007924,4070.38018678958,4466.40070207786,3712.14614712327,4005.76968378245,5345.07139686493,4269.27507674161,4172.25391525589,4432.26169787942,4609.74955000195,4854.59369830329,5334.14724976535,4616.98663895068,3959.6151336463,4479.0323174263
4816.34331583892,4877.75538167197,4545.75295134295,5233.81814174851,4101.64756934484,3906.67796735508,5139.00862298317,3969.12258300158,4415.1755637643,5030.67964445287,4586.56845007924,4070.38018678958,4466.40070207786,3712.14614712327,4005.76968378245,5345.07139686493,4269.27507674161,4172.25391525589,4432.26169787942,4609.74955000195,4854.59369830329,5334.14724976535,4616.98663895068,3959.6151336463,4479.0323174263
4816.34331583892,4877.75538167197,4545.75295134295,5233.81814174851,4101.64756934484,3906.67796735508,5139.00862298317,3969.12258300158,4415.1755637643,5030.67964445287,4586.56845007924,4070.38018678958,4466.40070207786,3712.14614712327,4005.76968378245,5345.07139686493,4269.27507674161,4172.25391525589,4432.26169787942,4609.74955000195,4854.59369830329,5334.14724976535,4616.98663895068,3959.6151336463,4479.0323174263
4816.34331583892,4877.75538167197,4545.75295134295,5233.81814174851,4101.64756934484,3906.67796735508,5139.00862298317,3969.12258300158,4415.1755637643,5030.67964445287,4586.56845007924,4070.38018678958,4466.40070207786,3712.14614712327,4005.76968378245,5345.07139686493,4269.27507674161,4172.25391525589,4432.26169787942,4609.74955000195,4854.59369830329,5334.14724976535,4616.98663895068,3959.6151336463,4479.0323174263
4816.34331583892,4877.75538167197,4545.75295134295,5233.81814174851,4101.64756934484,3906.67796735508,5139.00862298317,3969.12258300158,4415.1755637643,5030.67964445287,4586.56845007924,4070.38018678958,4466.40070207786,3712.14614712327,4005.76968378245,5345.07139686493,4269.27507674161,4172.25391525589,4432.26169787942,4609.74955000195,4854.59369830329,5334.14724976535,4616.98663895068,3959.6151336463,4479.0323174263
4816.34331583892,4877.75538167197,4545.75295134295,5233.81814174851,4101.64756934484,3906.67796735508,5139.00862298317,3969.12258300158,4415.1755637643,5030.67964445287,4586.56845007924,4070.38018678958,4466.40070207786,3712.14614712327,4005.76968378245,5345.07139686493,4269.27507674161,4172.25391525589,4432.26169787942,4609.74955000195,4854.59369830329,5334.14724976535,4616.98663895068,3959.6151336463,4479.0323174263
4816.34331583892,4877.75538167197,4545.75295134295,5233.81814174851,4101.64756934484,3906.67796735508,5139.00862298317,3969.12258300158,4415.1755637643,5030.67964445287,4586.56845007924,4070.38018678958,4466.40070207786,3712.14614712327,4005.76968378245,5345.07139686493,4269.27507674161,4172.25391525589,4432.26169787942,4609.74955000195,4854.59369830329,5334.14724976535,4616.98663895068,3959.6151336463,4479.0323174263
4816.34331583892,4877.75538167197,4545.75295134295,5233.81814174851,4101.64756934484,3906.67796735508,5139.00862298317,3969.12258300158,4415.1755637643,5030.67964445287,4586.56845007924,4070.38018678958,4466.40070207786,3712.14614712327,4005.76968378245,5345.07139686493,4269.27507674161,4172.25391525589,4432.26169787942,4609.74955000195,4854.59369830329,5334.14724976535,4616.98663895068,3959.6151336463,4479.0323174263
4816.34331583892,4877.75538167197,4545.75295134295,5233.81814174851,4101.64756934484,3906.67796735508,5139.00862298317,3969.12258300158,4415.1755637643,5030.67964445287,4586.56845007924,4070.38018678958,4466.40070207786,3712.14614712327,4005.76968378245,5345.07139686493,4269.27507674161,4172.25391525589,4432.26169787942,4609.74955000195,4854.59369830329,5334.14724976535,4616.98663895068,3959.6151336463,4479.0323174263
4816.34331583892,4877.75538167197,4545.75295134295,5233.81814174851,4101.64756934484,3906.67796735508,5139.00862298317,3969.12258300158,4415.1755637643,5030.67964445287,4586.56845007924,4070.38018678958,4466.40070207786,3712.14614712327,4005.76968378245,5345.07139686493,4269.27507674161,4172.25391525589,4432.26169787942,4609.74955000195,4854.59369830329,5334.14724976535,4616.98663895068,3959.6151336463,4479.0323174263
4816.34331583892,4877.75538167197,4545.75295134295,5233.81814174851,4101.64756934484,3906.67796735508,5139.00862298317,3969.12258300158,4415.1755637643,5030.67964445287,4586.56845007924,4070.38018678958,4466.40070207786,3712.14614712327,4005.76968378245,5345.07139686493,4269.27507674161,4172.25391525589,4432.26169787942,4609.74955000195,4854.59369830329,5334.14724976535,4616.98663895068,3959.6151336463,4479.0323174263
4816.34331583892,4877.75538167197,4545.75295134295,5233.81814174851,4101.64756934484,3906.67796735508,5139.00862298317,3969.12258300158,4415.1755637643,5030.67964445287,4586.56845007924,4070.38018678958,4466.40070207786,3712.14614712327,4005.76968378245,5345.07139686493,4269.27507674161,4172.25391525589,4432.26169787942,4609.74955000195,4854.59369830329,5334.14724976535,4616.98663895068,3959.6151336463,4479.0323174263
4816.34331583892,4877.75538167197,4545.75295134295,5233.81814174851,4101.64756934484,3906.67796735508,5139.00862298317,3969.12258300158,4415.1755637643,5030.67964445287,4586.56845007924,4070.38018678958,4466.40070207786,3712.14614712327,4005.76968378245,5345.07139686493,4269.27507674161,4172.25391525589,4432.26169787942,4609.74955000195,4854.59369830329,5334.14724976535,4616.98663895068,3959.6151336463,4479.0323174263
4816.34331583892,4877.75538167197,4545.75295134295,5233.81814174851,4101.64756934484,3906.67796735508,5139.00862298317,3969.12258300158,4415.1755637643,5030.67964445287,4586.56845007924,4070.38018678958,4466.40070207786,3712.14614712327,4005.76968378245,5345.07139686493,4269.27507674161,4172.25391525589,4432.26169787942,4609.74955000195,4854.59369830329,5334.14724976535,4616.98663895068,3959.6151336463,4479.0323174263
4816.34331583892,4877.75538167197,4545.75295134295,5233.81814174851,4101.64756934484,3906.67796735508,5139.00862298317,3969.12258300158,4415.1755637643,5030.67964445287,4586.56845007924,4070.38018678958,4466.40070207786,3712.14614712327,4005.76968378245,5345.07139686493,4269.27507674161,4172.25391525589,4432.26169787942,4609.74955000195,4854.59369830329,5334.14724976535,4616.98663895068,3959.6151336463,4479.0323174263
4816.34331583892,4877.75538167197,4545.75295134295,5233.81814174851,4101.64756934484,3906.67796735508,5139.00862298317,3969.12258300158,4415.1755637643,5030.67964445287,4586.56845007924,4070.38018678958,4466.40070207786,3712.14614712327,4005.76968378245,5345.07139686493,4269.27507674161,4172.25391525589,4432.26169787942,4609.74955000195,4854.59369830329,5334.14724976535,4616.98663895068,3959.6151336463,4479.0323174263
4816.34331583892,4877.75538167197,4545.75295134295,5233.81814174851,4101.64756934484,3906.67796735508,5139.00862298317,3969.12258300158,4415.1755637643,5030.67964445287,4586.56845007924,4070.38018678958,4466.40070207786,3712.14614712327,4005.76968378245,5345.07139686493,4269.27507674161,4172.25391525589,4432.26169787942,4609.74955000195,4854.59369830329,5334.14724976535,4616.98663895068,3959.6151336463,4479.0323174263
4816.34331583892,4877.75538167197,4545.75295134295,5233.81814174851,4101.64756934484,3906.67796735508,5139.00862298317,3969.12258300158,4415.1755637643,5030.67964445287,4586.56845007924,4070.38018678958,4466.40070207786,3712.14614712327,4005.76968378245,5345.07139686493,4269.27507674161,4172.25391525589,4432.26169787942,4609.74955000195,4854.59369830329,5334.14724976535,4616.98663895068,3959.6151336463,4479.0323174263
4816.34331583892,4877.75538167197,4545.75295134295,5233.81814174851,4101.64756934484,3906.67796735508,5139.00862298317,3969.12258300158,4415.1755637643,5030.67964445287,4586.56845007924,4070.38018678958,4466.40070207786,3712.14614712327,4005.76968378245,5345.07139686493,4269.27507674161,4172.25391525589,4432.26169787942,4609.74955000195,4854.59369830329,5334.14724976535,4616.98663895068,3959.6151336463,4479.0323174263
4816.34331583892,4877.75538167197,4545.75295134295,5233.81814174851,4101.64756934484,3906.67796735508,5139.00862298317,3969.12258300158,4415.1755637643,5030.67964445287,4586.56845007924,4070.38018678958,4466.40070207786,3712.14614712327,4005.76968378245,5345.07139686493,4269.27507674161,4172.25391525589,4432.26169787942,4609.74955000195,4854.59369830329,5334.14724976535,4616.98663895068,3959.6151336463,4479.0323174263
4816.34331583892,4877.75538167197,4545.75295134295,5233.81814174851,4101.64756934484,3906.67796735508,5139.00862298317,3969.12258300158,4415.1755637643,5030.67964445287,4586.56845007924,4070.38018678958,4466.40070207786,3712.14614712327,4005.76968378245,5345.07139686493,4269.27507674161,4172.25391525589,4432.26169787942,4609.74955000195,4854.59369830329,5334.14724976535,4616.98663895068,3959.6151336463,4479.0323174263
4816.34331583892,4877.75538167197,4545.75295134295,5233.81814174851,4101.64756934484,3906.67796735508,5139.00862298317,3969.12258300158,4415.1755637643,5030.67964445287,4586.56845007924,4070.38018678958,4466.40070207786,3712.14614712327,4005.76968378245,5345.07139686493,4269.27507674161,4172.25391525589,4432.26169787942,4609.74955000195,4854.59369830329,5334.14724976535,4616.98663895068,3959.6151336463,4479.0323174263
4816.34331583892,4877.75538167197,4545.75295134295,5233.81814174851,4101.64756934484,3906.67796735508,5139.00862298317,3969.12258300158,4415.1755637643,5030.67964445287,4586.56845007924,4070.38018678958,4466.40070207786,3712.14614712327,4005.76968378245,5345.07139686493,4269.27507674161,4172.25391525589,4432.26169787942,4609.74955000195,4854.59369830329,5334.14724976535,4616.98663895068,3959.6151336463,4479.0323174263
4816.34331583892,4877.75538167197,4545.75295134295,5233.81814174851,4101.64756934484,3906.67796735508,5139.00862298317,3969.12258300158,4415.1755637643,5030.67964445287,4586.56845007924,4070.38018678958,4466.40070207786,3712.14614712327,4005.76968378245,5345.07139686493,4269.27507674161,4172.25391525589,4432.26169787942,4609.74955000195,4854.59369830329,5334.14724976535,4616.98663895068,3959.6151336463,4479.0323174263
4816.34331583892,4877.75538167197,4545.75295134295,5233.81814174851,4101.64756934484,3906.67796735508,5139.00862298317,3969.12258300158,4415.1755637643,5030.67964445287,4586.56845007924,4070.38018678958,4466.40070207786,3712.14614712327,4005.76968378245,5345.07139686493,4269.27507674161,4172.25391525589,4432.26169787942,4609.74955000195,4854.59369830329,5334.14724976535,4616.98663895068,3959.6151336463,4479.0323174263
4816.34331583892,4877.75538167197,4545.75295134295,5233.81814174851,4101.64756934484,3906.67796735508,5139.00862298317,3969.12258300158,4415.1755637643,5030.67964445287,4586.56845007924,4070.38018678958,4466.40070207786,3712.14614712327,4005.76968378245,5345.07139686493,4269.27507674161,4172.25391525589,4432.26169787942,4609.74955000195,4854.59369830329,5334.14724976535,4616.98663895068,3959.6151336463,4479.0323174263
4816.34331583892,4877.75538167197,4545.75295134295,5233.81814174851,4101.64756934484,3906.67796735508,5139.00862298317,3969.12258300158,4415.1755637643,5030.67964445287,4586.56845007924,4070.38018678958,4466.40070207786,3712.14614712327,4005.76968378245,5345.07139686493,4269.27507674161,4172.25391525589,4432.26169787942,4609.74955000195,4854.59369830329,5334.14724976535,4616.98663895068,3959.6151336463,4479.0323174263
4816.34331583892,4877.75538167197,4545.75295134295,5233.81814174851,4101.64756934484,3906.67796735508,5139.00862298317,3969.12258300158,4415.1755637643,5030.67964445287,4586.56845007924,4070.38018678958,4466.40070207786,3712.14614712327,4005.76968378245,5345.07139686493,4269.27507674161,4172.25391525589,4432.26169787942,4609.74955000195,4854.59369830329,5334.14724976535,4616.98663895068,3959.6151336463,4479.0323174263
4816.34331583892,4877.75538167197,4545.75295134295,5233.81814174851,4101.64756934484,3906.67796735508,5139.00862298317,3969.12258300158,4415.1755637643,5030.67964445287,4586.56845007924,4070.38018678958,4466.40070207786,3712.14614712327,4005.76968378245,5345.07139686493,4269.27507674161,4172.25391525589,4432.26169787942,4609.74955000195,4854.59369830329,5334.14724976535,4616.98663895068,3959.6151336463,4479.0323174263
4816.34331583892,4877.75538167197,4545.75295134295,5233.81814174851,4101.64756934484,3906.67796735508,5139.00862298317,3969.12258300158,4415.1755637643,5030.67964445287,4586.56845007924,4070.38018678958,4466.40070207786,3712.14614712327,4005.76968378245,5345.07139686493,4269.27507674161,4172.25391525589,4432.26169787942,4609.74955000195,4854.59369830329,5334.14724976535,4616.98663895068,3959.6151336463,4479.0323174263
4816.34331583892,4877.75538167197,4545.75295134295,5233.81814174851,4101.64756934484,3906.67796735508,5139.00862298317,3969.12258300158,4415.1755637643,5030.67964445287,4586.56845007924,4070.38018678958,4466.40070207786,3712.14614712327,4005.76968378245,5345.07139686493,4269.27507674161,4172.25391525589,4432.26169787942,4609.74955000195,4854.59369830329,5334.14724976535,4616.98663895068,3959.6151336463,4479.0323174263
4816.34331583892,4877.75538167197,4545.75295134295,5233.81814174851,4101.64756934484,3906.67796735508,5139.00862298317,3969.12258300158,4415.1755637643,5030.67964445287,4586.56845007924,4070.38018678958,4466.40070207786,3712.14614712327,4005.76968378245,5345.07139686493,4269.27507674161,4172.25391525589,4432.26169787942,4609.74955000195,4854.59369830329,5334.14724976535,4616.98663895068,3959.6151336463,4479.0323174263
4816.34331583892,4877.75538167197,4545.75295134295,5233.81814174851,4101.64756934484,3906.67796735508,5139.00862298317,3969.12258300158,4415.1755637643,5030.67964445287,4586.56845007924,4070.38018678958,4466.40070207786,3712.14614712327,4005.76968378245,5345.07139686493,4269.27507674161,4172.25391525589,4432.26169787942,4609.74955000195,4854.59369830329,5334.14724976535,4616.98663895068,3959.6151336463,4479.0323174263
4816.34331583892,4877.75538167197,4545.75295134295,5233.81814174851,4101.64756934484,3906.67796735508,5139.00862298317,3969.12258300158,4415.1755637643,5030.67964445287,4586.56845007924,4070.38018678958,4466.40070207786,3712.14614712327,4005.76968378245,5345.07139686493,4269.27507674161,4172.25391525589,4432.26169787942,4609.74955000195,4854.59369830329,5334.14724976535,4616.98663895068,3959.6151336463,4479.0323174263
4816.34331583892,4877.75538167197,4545.75295134295,5233.81814174851,4101.64756934484,3906.67796735508,5139.00862298317,3969.12258300158,4415.1755637643,5030.67964445287,4586.56845007924,4070.38018678958,4466.40070207786,3712.14614712327,4005.76968378245,5345.07139686493,4269.27507674161,4172.25391525589,4432.26169787942,4609.74955000195,4854.59369830329,5334.14724976535,4616.98663895068,3959.6151336463,4479.0323174263
4816.34331583892,4877.75538167197,4545.75295134295,5233.81814174851,4101.64756934484,3906.67796735508,5139.00862298317,3969.12258300158,4415.1755637643,5030.67964445287,4586.56845007924,4070.38018678958,4466.40070207786,3712.14614712327,4005.76968378245,5345.07139686493,4269.27507674161,4172.25391525589,4432.26169787942,4609.74955000195,4854.59369830329,5334.14724976535,4616.98663895068,3959.6151336463,4479.0323174263
4816.34331583892,4877.75538167197,4545.75295134295,5233.81814174851,4101.64756934484,3906.67796735508,5139.00862298317,3969.12258300158,4415.1755637643,5030.67964445287,4586.56845007924,4070.38018678958,4466.40070207786,3712.14614712327,4005.76968378245,5345.07139686493,4269.27507674161,4172.25391525589,4432.26169787942,4609.74955000195,4854.59369830329,5334.14724976535,4616.98663895068,3959.6151336463,4479.0323174263
4816.34331583892,4877.75538167197,4545.75295134295,5233.81814174851,4101.64756934484,3906.67796735508,5139.00862298317,3969.12258300158,4415.1755637643,5030.67964445287,4586.56845007924,4070.38018678958,4466.40070207786,3712.14614712327,4005.76968378245,5345.07139686493,4269.27507674161,4172.25391525589,4432.26169787942,4609.74955000195,4854.59369830329,5334.14724976535,4616.98663895068,3959.6151336463,4479.0323174263
4816.34331583892,4877.75538167197,4545.75295134295,5233.81814174851,4101.64756934484,3906.67796735508,5139.00862298317,3969.12258300158,4415.1755637643,5030.67964445287,4586.56845007924,4070.38018678958,4466.40070207786,3712.14614712327,4005.76968378245,5345.07139686493,4269.27507674161,4172.25391525589,4432.26169787942,4609.74955000195,4854.59369830329,5334.14724976535,4616.98663895068,3959.6151336463,4479.0323174263
4816.34331583892,4877.75538167197,4545.75295134295,5233.81814174851,4101.64756934484,3906.67796735508,5139.00862298317,3969.12258300158,4415.1755637643,5030.67964445287,4586.56845007924,4070.38018678958,4466.40070207786,3712.14614712327,4005.76968378245,5345.07139686493,4269.27507674161,4172.25391525589,4432.26169787942,4609.74955000195,4854.59369830329,5334.14724976535,4616.98663895068,3959.6151336463,4479.0323174263
4816.34331583892,4877.75538167197,4545.75295134295,5233.81814174851,4101.64756934484,3906.67796735508,5139.00862298317,3969.12258300158,4415.1755637643,5030.67964445287,4586.56845007924,4070.38018678958,4466.40070207786,3712.14614712327,4005.76968378245,5345.07139686493,4269.27507674161,4172.25391525589,4432.26169787942,4609.74955000195,4854.59369830329,5334.14724976535,4616.98663895068,3959.6151336463,4479.0323174263
4816.34331583892,4877.75538167197,4545.75295134295,5233.81814174851,4101.64756934484,3906.67796735508,5139.00862298317,3969.12258300158,4415.1755637643,5030.67964445287,4586.56845007924,4070.38018678958,4466.40070207786,3712.14614712327,4005.76968378245,5345.07139686493,4269.27507674161,4172.25391525589,4432.26169787942,4609.74955000195,4854.59369830329,5334.14724976535,4616.98663895068,3959.6151336463,4479.0323174263
4816.34331583892,4877.75538167197,4545.75295134295,5233.81814174851,4101.64756934484,3906.67796735508,5139.00862298317,3969.12258300158,4415.1755637643,5030.67964445287,4586.56845007924,4070.38018678958,4466.40070207786,3712.14614712327,4005.76968378245,5345.07139686493,4269.27507674161,4172.25391525589,4432.26169787942,4609.74955000195,4854.59369830329,5334.14724976535,4616.98663895068,3959.6151336463,4479.0323174263
4816.34331583892,4877.75538167197,4545.75295134295,5233.81814174851,4101.64756934484,3906.67796735508,5139.00862298317,3969.12258300158,4415.1755637643,5030.67964445287,4586.56845007924,4070.38018678958,4466.40070207786,3712.14614712327,4005.76968378245,5345.07139686493,4269.27507674161,4172.25391525589,4432.26169787942,4609.74955000195,4854.59369830329,5334.14724976535,4616.98663895068,3959.6151336463,4479.0323174263
4816.34331583892,4877.75538167197,4545.75295134295,5233.81814174851,4101.64756934484,3906.67796735508,5139.00862298317,3969.12258300158,4415.1755637643,5030.67964445287,4586.56845007924,4070.38018678958,4466.40070207786,3712.14614712327,4005.76968378245,5345.07139686493,4269.27507674161,4172.25391525589,4432.26169787942,4609.74955000195,4854.59369830329,5334.14724976535,4616.98663895068,3959.6151336463,4479.0323174263
4816.34331583892,4877.75538167197,4545.75295134295,5233.81814174851,4101.64756934484,3906.67796735508,5139.00862298317,3969.12258300158,4415.1755637643,5030.67964445287,4586.56845007924,4070.38018678958,4466.40070207786,3712.14614712327,4005.76968378245,5345.07139686493,4269.27507674161,4172.25391525589,4432.26169787942,4609.74955000195,4854.59369830329,5334.14724976535,4616.98663895068,3959.6151336463,4479.0323174263
4816.34331583892,4877.75538167197,4545.75295134295,5233.81814174851,4101.64756934484,3906.67796735508,5139.00862298317,3969.12258300158,4415.1755637643,5030.67964445287,4586.56845007924,4070.38018678958,4466.40070207786,3712.14614712327,4005.76968378245,5345.07139686493,4269.27507674161,4172.25391525589,4432.26169787942,4609.74955000195,4854.59369830329,5334.14724976535,4616.98663895068,3959.6151336463,4479.0323174263
4816.34331583892,4877.75538167197,4545.75295134295,5233.81814174851,4101.64756934484,3906.67796735508,5139.00862298317,3969.12258300158,4415.1755637643,5030.67964445287,4586.56845007924,4070.38018678958,4466.40070207786,3712.14614712327,4005.76968378245,5345.07139686493,4269.27507674161,4172.25391525589,4432.26169787942,4609.74955000195,4854.59369830329,5334.14724976535,4616.98663895068,3959.6151336463,4479.0323174263
4816.34331583892,4877.75538167197,4545.75295134295,5233.81814174851,4101.64756934484,3906.67796735508,5139.00862298317,3969.12258300158,4415.1755637643,5030.67964445287,4586.56845007924,4070.38018678958,4466.40070207786,3712.14614712327,4005.76968378245,5345.07139686493,4269.27507674161,4172.25391525589,4432.26169787942,4609.74955000195,4854.59369830329,5334.14724976535,4616.98663895068,3959.6151336463,4479.0323174263
4816.34331583892,4877.75538167197,4545.75295134295,5233.81814174851,4101.64756934484,3906.67796735508,5139.00862298317,3969.12258300158,4415.1755637643,5030.67964445287,4586.56845007924,4070.38018678958,4466.40070207786,3712.14614712327,4005.76968378245,5345.07139686493,4269.27507674161,4172.25391525589,4432.26169787942,4609.74955000195,4854.59369830329,5334.14724976535,4616.98663895068,3959.6151336463,4479.0323174263
4816.34331583892,4877.75538167197,4545.75295134295,5233.81814174851,4101.64756934484,3906.67796735508,5139.00862298317,3969.12258300158,4415.1755637643,5030.67964445287,4586.56845007924,4070.38018678958,4466.40070207786,3712.14614712327,4005.76968378245,5345.07139686493,4269.27507674161,4172.25391525589,4432.26169787942,4609.74955000195,4854.59369830329,5334.14724976535,4616.98663895068,3959.6151336463,4479.0323174263
4816.34331583892,4877.75538167197,4545.75295134295,5233.81814174851,4101.64756934484,3906.67796735508,5139.00862298317,3969.12258300158,4415.1755637643,5030.67964445287,4586.56845007924,4070.38018678958,4466.40070207786,3712.14614712327,4005.76968378245,5345.07139686493,4269.27507674161,4172.25391525589,4432.26169787942,4609.74955000195,4854.59369830329,5334.14724976535,4616.98663895068,3959.6151336463,4479.0323174263
4816.34331583892,4877.75538167197,4545.75295134295,5233.81814174851,4101.64756934484,3906.67796735508,5139.00862298317,3969.12258300158,4415.1755637643,5030.67964445287,4586.56845007924,4070.38018678958,4466.40070207786,3712.14614712327,4005.76968378245,5345.07139686493,4269.27507674161,4172.25391525589,4432.26169787942,4609.74955000195,4854.59369830329,5334.14724976535,4616.98663895068,3959.6151336463,4479.0323174263
4816.34331583892,4877.75538167197,4545.75295134295,5233.81814174851,4101.64756934484,3906.67796735508,5139.00862298317,3969.12258300158,4415.1755637643,5030.67964445287,4586.56845007924,4070.38018678958,4466.40070207786,3712.14614712327,4005.76968378245,5345.07139686493,4269.27507674161,4172.25391525589,4432.26169787942,4609.74955000195,4854.59369830329,5334.14724976535,4616.98663895068,3959.6151336463,4479.0323174263
4816.34331583892,4877.75538167197,4545.75295134295,5233.81814174851,4101.64756934484,3906.67796735508,5139.00862298317,3969.12258300158,4415.1755637643,5030.67964445287,4586.56845007924,4070.38018678958,4466.40070207786,3712.14614712327,4005.76968378245,5345.07139686493,4269.27507674161,4172.25391525589,4432.26169787942,4609.74955000195,4854.59369830329,5334.14724976535,4616.98663895068,3959.6151336463,4479.0323174263
4816.34331583892,4877.75538167197,4545.75295134295,5233.81814174851,4101.64756934484,3906.67796735508,5139.00862298317,3969.12258300158,4415.1755637643,5030.67964445287,4586.56845007924,4070.38018678958,4466.40070207786,3712.14614712327,4005.76968378245,5345.07139686493,4269.27507674161,4172.25391525589,4432.26169787942,4609.74955000195,4854.59369830329,5334.14724976535,4616.98663895068,3959.6151336463,4479.0323174263
4816.34331583892,4877.75538167197,4545.75295134295,5233.81814174851,4101.64756934484,3906.67796735508,5139.00862298317,3969.12258300158,4415.1755637643,5030.67964445287,4586.56845007924,4070.38018678958,4466.40070207786,3712.14614712327,4005.76968378245,5345.07139686493,4269.27507674161,4172.25391525589,4432.26169787942,4609.74955000195,4854.59369830329,5334.14724976535,4616.98663895068,3959.6151336463,4479.0323174263
4816.34331583892,4877.75538167197,4545.75295134295,5233.81814174851,4101.64756934484,3906.67796735508,5139.00862298317,3969.12258300158,4415.1755637643,5030.67964445287,4586.56845007924,4070.38018678958,4466.40070207786,3712.14614712327,4005.76968378245,5345.07139686493,4269.27507674161,4172.25391525589,4432.26169787942,4609.74955000195,4854.59369830329,5334.14724976535,4616.98663895068,3959.6151336463,4479.0323174263
4816.34331583892,4877.75538167197,4545.75295134295,5233.81814174851,4101.64756934484,3906.67796735508,5139.00862298317,3969.12258300158,4415.1755637643,5030.67964445287,4586.56845007924,4070.38018678958,4466.40070207786,3712.14614712327,4005.76968378245,5345.07139686493,4269.27507674161,4172.25391525589,4432.26169787942,4609.74955000195,4854.59369830329,5334.14724976535,4616.98663895068,3959.6151336463,4479.0323174263
4816.34331583892,4877.75538167197,4545.75295134295,5233.81814174851,4101.64756934484,3906.67796735508,5139.00862298317,3969.12258300158,4415.1755637643,5030.67964445287,4586.56845007924,4070.38018678958,4466.40070207786,3712.14614712327,4005.76968378245,5345.07139686493,4269.27507674161,4172.25391525589,4432.26169787942,4609.74955000195,4854.59369830329,5334.14724976535,4616.98663895068,3959.6151336463,4479.0323174263
4816.34331583892,4877.75538167197,4545.75295134295,5233.81814174851,4101.64756934484,3906.67796735508,5139.00862298317,3969.12258300158,4415.1755637643,5030.67964445287,4586.56845007924,4070.38018678958,4466.40070207786,3712.14614712327,4005.76968378245,5345.07139686493,4269.27507674161,4172.25391525589,4432.26169787942,4609.74955000195,4854.59369830329,5334.14724976535,4616.98663895068,3959.6151336463,4479.0323174263
4816.34331583892,4877.75538167197,4545.75295134295,5233.81814174851,4101.64756934484,3906.67796735508,5139.00862298317,3969.12258300158,4415.1755637643,5030.67964445287,4586.56845007924,4070.38018678958,4466.40070207786,3712.14614712327,4005.76968378245,5345.07139686493,4269.27507674161,4172.25391525589,4432.26169787942,4609.74955000195,4854.59369830329,5334.14724976535,4616.98663895068,3959.6151336463,4479.0323174263
4816.34331583892,4877.75538167197,4545.75295134295,5233.81814174851,4101.64756934484,3906.67796735508,5139.00862298317,3969.12258300158,4415.1755637643,5030.67964445287,4586.56845007924,4070.38018678958,4466.40070207786,3712.14614712327,4005.76968378245,5345.07139686493,4269.27507674161,4172.25391525589,4432.26169787942,4609.74955000195,4854.59369830329,5334.14724976535,4616.98663895068,3959.6151336463,4479.0323174263
4816.34331583892,4877.75538167197,4545.75295134295,5233.81814174851,4101.64756934484,3906.67796735508,5139.00862298317,3969.12258300158,4415.1755637643,5030.67964445287,4586.56845007924,4070.38018678958,4466.40070207786,3712.14614712327,4005.76968378245,5345.07139686493,4269.27507674161,4172.25391525589,4432.26169787942,4609.74955000195,4854.59369830329,5334.14724976535,4616.98663895068,3959.6151336463,4479.0323174263
4816.34331583892,4877.75538167197,4545.75295134295,5233.81814174851,4101.64756934484,3906.67796735508,5139.00862298317,3969.12258300158,4415.1755637643,5030.67964445287,4586.56845007924,4070.38018678958,4466.40070207786,3712.14614712327,4005.76968378245,5345.07139686493,4269.27507674161,4172.25391525589,4432.26169787942,4609.74955000195,4854.59369830329,5334.14724976535,4616.98663895068,3959.6151336463,4479.0323174263
4816.34331583892,4877.75538167197,4545.75295134295,5233.81814174851,4101.64756934484,3906.67796735508,5139.00862298317,3969.12258300158,4415.1755637643,5030.67964445287,4586.56845007924,4070.38018678958,4466.40070207786,3712.14614712327,4005.76968378245,5345.07139686493,4269.27507674161,4172.25391525589,4432.26169787942,4609.74955000195,4854.59369830329,5334.14724976535,4616.98663895068,3959.6151336463,4479.0323174263
4816.34331583892,4877.75538167197,4545.75295134295,5233.81814174851,4101.64756934484,3906.67796735508,5139.00862298317,3969.12258300158,4415.1755637643,5030.67964445287,4586.56845007924,4070.38018678958,4466.40070207786,3712.14614712327,4005.76968378245,5345.07139686493,4269.27507674161,4172.25391525589,4432.26169787942,4609.74955000195,4854.59369830329,5334.14724976535,4616.98663895068,3959.6151336463,4479.0323174263
4816.34331583892,4877.75538167197,4545.75295134295,5233.81814174851,4101.64756934484,3906.67796735508,5139.00862298317,3969.12258300158,4415.1755637643,5030.67964445287,4586.56845007924,4070.38018678958,4466.40070207786,3712.14614712327,4005.76968378245,5345.07139686493,4269.27507674161,4172.25391525589,4432.26169787942,4609.74955000195,4854.59369830329,5334.14724976535,4616.98663895068,3959.6151336463,4479.0323174263
4816.34331583892,4877.75538167197,4545.75295134295,5233.81814174851,4101.64756934484,3906.67796735508,5139.00862298317,3969.12258300158,4415.1755637643,5030.67964445287,4586.56845007924,4070.38018678958,4466.40070207786,3712.14614712327,4005.76968378245,5345.07139686493,4269.27507674161,4172.25391525589,4432.26169787942,4609.74955000195,4854.59369830329,5334.14724976535,4616.98663895068,3959.6151336463,4479.0323174263
4816.34331583892,4877.75538167197,4545.75295134295,5233.81814174851,4101.64756934484,3906.67796735508,5139.00862298317,3969.12258300158,4415.1755637643,5030.67964445287,4586.56845007924,4070.38018678958,4466.40070207786,3712.14614712327,4005.76968378245,5345.07139686493,4269.27507674161,4172.25391525589,4432.26169787942,4609.74955000195,4854.59369830329,5334.14724976535,4616.98663895068,3959.6151336463,4479.0323174263
4816.34331583892,4877.75538167197,4545.75295134295,5233.81814174851,4101.64756934484,3906.67796735508,5139.00862298317,3969.12258300158,4415.1755637643,5030.67964445287,4586.56845007924,4070.38018678958,4466.40070207786,3712.14614712327,4005.76968378245,5345.07139686493,4269.27507674161,4172.25391525589,4432.26169787942,4609.74955000195,4854.59369830329,5334.14724976535,4616.98663895068,3959.6151336463,4479.0323174263
4816.34331583892,4877.75538167197,4545.75295134295,5233.81814174851,4101.64756934484,3906.67796735508,5139.00862298317,3969.12258300158,4415.1755637643,5030.67964445287,4586.56845007924,4070.38018678958,4466.40070207786,3712.14614712327,4005.76968378245,5345.07139686493,4269.27507674161,4172.25391525589,4432.26169787942,4609.74955000195,4854.59369830329,5334.14724976535,4616.98663895068,3959.6151336463,4479.0323174263
4816.34331583892,4877.75538167197,4545.75295134295,5233.81814174851,4101.64756934484,3906.67796735508,5139.00862298317,3969.12258300158,4415.1755637643,5030.67964445287,4586.56845007924,4070.38018678958,4466.40070207786,3712.14614712327,4005.76968378245,5345.07139686493,4269.27507674161,4172.25391525589,4432.26169787942,4609.74955000195,4854.59369830329,5334.14724976535,4616.98663895068,3959.6151336463,4479.0323174263
4816.34331583892,4877.75538167197,4545.75295134295,5233.81814174851,4101.64756934484,3906.67796735508,5139.00862298317,3969.12258300158,4415.1755637643,5030.67964445287,4586.56845007924,4070.38018678958,4466.40070207786,3712.14614712327,4005.76968378245,5345.07139686493,4269.27507674161,4172.25391525589,4432.26169787942,4609.74955000195,4854.59369830329,5334.14724976535,4616.98663895068,3959.6151336463,4479.0323174263
4816.34331583892,4877.75538167197,4545.75295134295,5233.81814174851,4101.64756934484,3906.67796735508,5139.00862298317,3969.12258300158,4415.1755637643,5030.67964445287,4586.56845007924,4070.38018678958,4466.40070207786,3712.14614712327,4005.76968378245,5345.07139686493,4269.27507674161,4172.25391525589,4432.26169787942,4609.74955000195,4854.59369830329,5334.14724976535,4616.98663895068,3959.6151336463,4479.0323174263
4816.34331583892,4877.75538167197,4545.75295134295,5233.81814174851,4101.64756934484,3906.67796735508,5139.00862298317,3969.12258300158,4415.1755637643,5030.67964445287,4586.56845007924,4070.38018678958,4466.40070207786,3712.14614712327,4005.76968378245,5345.07139686493,4269.27507674161,4172.25391525589,4432.26169787942,4609.74955000195,4854.59369830329,5334.14724976535,4616.98663895068,3959.6151336463,4479.0323174263
4816.34331583892,4877.75538167197,4545.75295134295,5233.81814174851,4101.64756934484,3906.67796735508,5139.00862298317,3969.12258300158,4415.1755637643,5030.67964445287,4586.56845007924,4070.38018678958,4466.40070207786,3712.14614712327,4005.76968378245,5345.07139686493,4269.27507674161,4172.25391525589,4432.26169787942,4609.74955000195,4854.59369830329,5334.14724976535,4616.98663895068,3959.6151336463,4479.0323174263
4816.34331583892,4877.75538167197,4545.75295134295,5233.81814174851,4101.64756934484,3906.67796735508,5139.00862298317,3969.12258300158,4415.1755637643,5030.67964445287,4586.56845007924,4070.38018678958,4466.40070207786,3712.14614712327,4005.76968378245,5345.07139686493,4269.27507674161,4172.25391525589,4432.26169787942,4609.74955000195,4854.59369830329,5334.14724976535,4616.98663895068,3959.6151336463,4479.0323174263
4816.34331583892,4877.75538167197,4545.75295134295,5233.81814174851,4101.64756934484,3906.67796735508,5139.00862298317,3969.12258300158,4415.1755637643,5030.67964445287,4586.56845007924,4070.38018678958,4466.40070207786,3712.14614712327,4005.76968378245,5345.07139686493,4269.27507674161,4172.25391525589,4432.26169787942,4609.74955000195,4854.59369830329,5334.14724976535,4616.98663895068,3959.6151336463,4479.0323174263
4816.34331583892,4877.75538167197,4545.75295134295,5233.81814174851,4101.64756934484,3906.67796735508,5139.00862298317,3969.12258300158,4415.1755637643,5030.67964445287,4586.56845007924,4070.38018678958,4466.40070207786,3712.14614712327,4005.76968378245,5345.07139686493,4269.27507674161,4172.25391525589,4432.26169787942,4609.74955000195,4854.59369830329,5334.14724976535,4616.98663895068,3959.6151336463,4479.0323174263
4816.34331583892,4877.75538167197,4545.75295134295,5233.81814174851,4101.64756934484,3906.67796735508,5139.00862298317,3969.12258300158,4415.1755637643,5030.67964445287,4586.56845007924,4070.38018678958,4466.40070207786,3712.14614712327,4005.76968378245,5345.07139686493,4269.27507674161,4172.25391525589,4432.26169787942,4609.74955000195,4854.59369830329,5334.14724976535,4616.98663895068,3959.6151336463,4479.0323174263
4816.34331583892,4877.75538167197,4545.75295134295,5233.81814174851,4101.64756934484,3906.67796735508,5139.00862298317,3969.12258300158,4415.1755637643,5030.67964445287,4586.56845007924,4070.38018678958,4466.40070207786,3712.14614712327,4005.76968378245,5345.07139686493,4269.27507674161,4172.25391525589,4432.26169787942,4609.74955000195,4854.59369830329,5334.14724976535,4616.98663895068,3959.6151336463,4479.0323174263
4816.34331583892,4877.75538167197,4545.75295134295,5233.81814174851,4101.64756934484,3906.67796735508,5139.00862298317,3969.12258300158,4415.1755637643,5030.67964445287,4586.56845007924,4070.38018678958,4466.40070207786,3712.14614712327,4005.76968378245,5345.07139686493,4269.27507674161,4172.25391525589,4432.26169787942,4609.74955000195,4854.59369830329,5334.14724976535,4616.98663895068,3959.6151336463,4479.0323174263
4816.34331583892,4877.75538167197,4545.75295134295,5233.81814174851,4101.64756934484,3906.67796735508,5139.00862298317,3969.12258300158,4415.1755637643,5030.67964445287,4586.56845007924,4070.38018678958,4466.40070207786,3712.14614712327,4005.76968378245,5345.07139686493,4269.27507674161,4172.25391525589,4432.26169787942,4609.74955000195,4854.59369830329,5334.14724976535,4616.98663895068,3959.6151336463,4479.0323174263
4816.34331583892,4877.75538167197,4545.75295134295,5233.81814174851,4101.64756934484,3906.67796735508,5139.00862298317,3969.12258300158,4415.1755637643,5030.67964445287,4586.56845007924,4070.38018678958,4466.40070207786,3712.14614712327,4005.76968378245,5345.07139686493,4269.27507674161,4172.25391525589,4432.26169787942,4609.74955000195,4854.59369830329,5334.14724976535,4616.98663895068,3959.6151336463,4479.0323174263
4816.34331583892,4877.75538167197,4545.75295134295,5233.81814174851,4101.64756934484,3906.67796735508,5139.00862298317,3969.12258300158,4415.1755637643,5030.67964445287,4586.56845007924,4070.38018678958,4466.40070207786,3712.14614712327,4005.76968378245,5345.07139686493,4269.27507674161,4172.25391525589,4432.26169787942,4609.74955000195,4854.59369830329,5334.14724976535,4616.98663895068,3959.6151336463,4479.0323174263
4816.34331583892,4877.75538167197,4545.75295134295,5233.81814174851,4101.64756934484,3906.67796735508,5139.00862298317,3969.12258300158,4415.1755637643,5030.67964445287,4586.56845007924,4070.38018678958,4466.40070207786,3712.14614712327,4005.76968378245,5345.07139686493,4269.27507674161,4172.25391525589,4432.26169787942,4609.74955000195,4854.59369830329,5334.14724976535,4616.98663895068,3959.6151336463,4479.0323174263
4816.34331583892,4877.75538167197,4545.75295134295,5233.81814174851,4101.64756934484,3906.67796735508,5139.00862298317,3969.12258300158,4415.1755637643,5030.67964445287,4586.56845007924,4070.38018678958,4466.40070207786,3712.14614712327,4005.76968378245,5345.07139686493,4269.27507674161,4172.25391525589,4432.26169787942,4609.74955000195,4854.59369830329,5334.14724976535,4616.98663895068,3959.6151336463,4479.0323174263
4816.34331583892,4877.75538167197,4545.75295134295,5233.81814174851,4101.64756934484,3906.67796735508,5139.00862298317,3969.12258300158,4415.1755637643,5030.67964445287,4586.56845007924,4070.38018678958,4466.40070207786,3712.14614712327,4005.76968378245,5345.07139686493,4269.27507674161,4172.25391525589,4432.26169787942,4609.74955000195,4854.59369830329,5334.14724976535,4616.98663895068,3959.6151336463,4479.0323174263
4816.34331583892,4877.75538167197,4545.75295134295,5233.81814174851,4101.64756934484,3906.67796735508,5139.00862298317,3969.12258300158,4415.1755637643,5030.67964445287,4586.56845007924,4070.38018678958,4466.40070207786,3712.14614712327,4005.76968378245,5345.07139686493,4269.27507674161,4172.25391525589,4432.26169787942,4609.74955000195,4854.59369830329,5334.14724976535,4616.98663895068,3959.6151336463,4479.0323174263
4816.34331583892,4877.75538167197,4545.75295134295,5233.81814174851,4101.64756934484,3906.67796735508,5139.00862298317,3969.12258300158,4415.1755637643,5030.67964445287,4586.56845007924,4070.38018678958,4466.40070207786,3712.14614712327,4005.76968378245,5345.07139686493,4269.27507674161,4172.25391525589,4432.26169787942,4609.74955000195,4854.59369830329,5334.14724976535,4616.98663895068,3959.6151336463,4479.0323174263
4816.34331583892,4877.75538167197,4545.75295134295,5233.81814174851,4101.64756934484,3906.67796735508,5139.00862298317,3969.12258300158,4415.1755637643,5030.67964445287,4586.56845007924,4070.38018678958,4466.40070207786,3712.14614712327,4005.76968378245,5345.07139686493,4269.27507674161,4172.25391525589,4432.26169787942,4609.74955000195,4854.59369830329,5334.14724976535,4616.98663895068,3959.6151336463,4479.0323174263
4816.34331583892,4877.75538167197,4545.75295134295,5233.81814174851,4101.64756934484,3906.67796735508,5139.00862298317,3969.12258300158,4415.1755637643,5030.67964445287,4586.56845007924,4070.38018678958,4466.40070207786,3712.14614712327,4005.76968378245,5345.07139686493,4269.27507674161,4172.25391525589,4432.26169787942,4609.74955000195,4854.59369830329,5334.14724976535,4616.98663895068,3959.6151336463,4479.0323174263
4816.34331583892,4877.75538167197,4545.75295134295,5233.81814174851,4101.64756934484,3906.67796735508,5139.00862298317,3969.12258300158,4415.1755637643,5030.67964445287,4586.56845007924,4070.38018678958,4466.40070207786,3712.14614712327,4005.76968378245,5345.07139686493,4269.27507674161,4172.25391525589,4432.26169787942,4609.74955000195,4854.59369830329,5334.14724976535,4616.98663895068,3959.6151336463,4479.0323174263
4816.34331583892,4877.75538167197,4545.75295134295,5233.81814174851,4101.64756934484,3906.67796735508,5139.00862298317,3969.12258300158,4415.1755637643,5030.67964445287,4586.56845007924,4070.38018678958,4466.40070207786,3712.14614712327,4005.76968378245,5345.07139686493,4269.27507674161,4172.25391525589,4432.26169787942,4609.74955000195,4854.59369830329,5334.14724976535,4616.98663895068,3959.6151336463,4479.0323174263
4816.34331583892,4877.75538167197,4545.75295134295,5233.81814174851,4101.64756934484,3906.67796735508,5139.00862298317,3969.12258300158,4415.1755637643,5030.67964445287,4586.56845007924,4070.38018678958,4466.40070207786,3712.14614712327,4005.76968378245,5345.07139686493,4269.27507674161,4172.25391525589,4432.26169787942,4609.74955000195,4854.59369830329,5334.14724976535,4616.98663895068,3959.6151336463,4479.0323174263
4816.34331583892,4877.75538167197,4545.75295134295,5233.81814174851,4101.64756934484,3906.67796735508,5139.00862298317,3969.12258300158,4415.1755637643,5030.67964445287,4586.56845007924,4070.38018678958,4466.40070207786,3712.14614712327,4005.76968378245,5345.07139686493,4269.27507674161,4172.25391525589,4432.26169787942,4609.74955000195,4854.59369830329,5334.14724976535,4616.98663895068,3959.6151336463,4479.0323174263
4816.34331583892,4877.75538167197,4545.75295134295,5233.81814174851,4101.64756934484,3906.67796735508,5139.00862298317,3969.12258300158,4415.1755637643,5030.67964445287,4586.56845007924,4070.38018678958,4466.40070207786,3712.14614712327,4005.76968378245,5345.07139686493,4269.27507674161,4172.25391525589,4432.26169787942,4609.74955000195,4854.59369830329,5334.14724976535,4616.98663895068,3959.6151336463,4479.0323174263
4816.34331583892,4877.75538167197,4545.75295134295,5233.81814174851,4101.64756934484,3906.67796735508,5139.00862298317,3969.12258300158,4415.1755637643,5030.67964445287,4586.56845007924,4070.38018678958,4466.40070207786,3712.14614712327,4005.76968378245,5345.07139686493,4269.27507674161,4172.25391525589,4432.26169787942,4609.74955000195,4854.59369830329,5334.14724976535,4616.98663895068,3959.6151336463,4479.0323174263
4816.34331583892,4877.75538167197,4545.75295134295,5233.81814174851,4101.64756934484,3906.67796735508,5139.00862298317,3969.12258300158,4415.1755637643,5030.67964445287,4586.56845007924,4070.38018678958,4466.40070207786,3712.14614712327,4005.76968378245,5345.07139686493,4269.27507674161,4172.25391525589,4432.26169787942,4609.74955000195,4854.59369830329,5334.14724976535,4616.98663895068,3959.6151336463,4479.0323174263
4816.34331583892,4877.75538167197,4545.75295134295,5233.81814174851,4101.64756934484,3906.67796735508,5139.00862298317,3969.12258300158,4415.1755637643,5030.67964445287,4586.56845007924,4070.38018678958,4466.40070207786,3712.14614712327,4005.76968378245,5345.07139686493,4269.27507674161,4172.25391525589,4432.26169787942,4609.74955000195,4854.59369830329,5334.14724976535,4616.98663895068,3959.6151336463,4479.0323174263
4816.34331583892,4877.75538167197,4545.75295134295,5233.81814174851,4101.64756934484,3906.67796735508,5139.00862298317,3969.12258300158,4415.1755637643,5030.67964445287,4586.56845007924,4070.38018678958,4466.40070207786,3712.14614712327,4005.76968378245,5345.07139686493,4269.27507674161,4172.25391525589,4432.26169787942,4609.74955000195,4854.59369830329,5334.14724976535,4616.98663895068,3959.6151336463,4479.0323174263
4816.34331583892,4877.75538167197,4545.75295134295,5233.81814174851,4101.64756934484,3906.67796735508,5139.00862298317,3969.12258300158,4415.1755637643,5030.67964445287,4586.56845007924,4070.38018678958,4466.40070207786,3712.14614712327,4005.76968378245,5345.07139686493,4269.27507674161,4172.25391525589,4432.26169787942,4609.74955000195,4854.59369830329,5334.14724976535,4616.98663895068,3959.6151336463,4479.0323174263
4816.34331583892,4877.75538167197,4545.75295134295,5233.81814174851,4101.64756934484,3906.67796735508,5139.00862298317,3969.12258300158,4415.1755637643,5030.67964445287,4586.56845007924,4070.38018678958,4466.40070207786,3712.14614712327,4005.76968378245,5345.07139686493,4269.27507674161,4172.25391525589,4432.26169787942,4609.74955000195,4854.59369830329,5334.14724976535,4616.98663895068,3959.6151336463,4479.0323174263
4816.34331583892,4877.75538167197,4545.75295134295,5233.81814174851,4101.64756934484,3906.67796735508,5139.00862298317,3969.12258300158,4415.1755637643,5030.67964445287,4586.56845007924,4070.38018678958,4466.40070207786,3712.14614712327,4005.76968378245,5345.07139686493,4269.27507674161,4172.25391525589,4432.26169787942,4609.74955000195,4854.59369830329,5334.14724976535,4616.98663895068,3959.6151336463,4479.0323174263
4816.34331583892,4877.75538167197,4545.75295134295,5233.81814174851,4101.64756934484,3906.67796735508,5139.00862298317,3969.12258300158,4415.1755637643,5030.67964445287,4586.56845007924,4070.38018678958,4466.40070207786,3712.14614712327,4005.76968378245,5345.07139686493,4269.27507674161,4172.25391525589,4432.26169787942,4609.74955000195,4854.59369830329,5334.14724976535,4616.98663895068,3959.6151336463,4479.0323174263
4816.34331583892,4877.75538167197,4545.75295134295,5233.81814174851,4101.64756934484,3906.67796735508,5139.00862298317,3969.12258300158,4415.1755637643,5030.67964445287,4586.56845007924,4070.38018678958,4466.40070207786,3712.14614712327,4005.76968378245,5345.07139686493,4269.27507674161,4172.25391525589,4432.26169787942,4609.74955000195,4854.59369830329,5334.14724976535,4616.98663895068,3959.6151336463,4479.0323174263
4816.34331583892,4877.75538167197,4545.75295134295,5233.81814174851,4101.64756934484,3906.67796735508,5139.00862298317,3969.12258300158,4415.1755637643,5030.67964445287,4586.56845007924,4070.38018678958,4466.40070207786,3712.14614712327,4005.76968378245,5345.07139686493,4269.27507674161,4172.25391525589,4432.26169787942,4609.74955000195,4854.59369830329,5334.14724976535,4616.98663895068,3959.6151336463,4479.0323174263
4816.34331583892,4877.75538167197,4545.75295134295,5233.81814174851,4101.64756934484,3906.67796735508,5139.00862298317,3969.12258300158,4415.1755637643,5030.67964445287,4586.56845007924,4070.38018678958,4466.40070207786,3712.14614712327,4005.76968378245,5345.07139686493,4269.27507674161,4172.25391525589,4432.26169787942,4609.74955000195,4854.59369830329,5334.14724976535,4616.98663895068,3959.6151336463,4479.0323174263
4816.34331583892,4877.75538167197,4545.75295134295,5233.81814174851,4101.64756934484,3906.67796735508,5139.00862298317,3969.12258300158,4415.1755637643,5030.67964445287,4586.56845007924,4070.38018678958,4466.40070207786,3712.14614712327,4005.76968378245,5345.07139686493,4269.27507674161,4172.25391525589,4432.26169787942,4609.74955000195,4854.59369830329,5334.14724976535,4616.98663895068,3959.6151336463,4479.0323174263
4816.34331583892,4877.75538167197,4545.75295134295,5233.81814174851,4101.64756934484,3906.67796735508,5139.00862298317,3969.12258300158,4415.1755637643,5030.67964445287,4586.56845007924,4070.38018678958,4466.40070207786,3712.14614712327,4005.76968378245,5345.07139686493,4269.27507674161,4172.25391525589,4432.26169787942,4609.74955000195,4854.59369830329,5334.14724976535,4616.98663895068,3959.6151336463,4479.0323174263
4816.34331583892,4877.75538167197,4545.75295134295,5233.81814174851,4101.64756934484,3906.67796735508,5139.00862298317,3969.12258300158,4415.1755637643,5030.67964445287,4586.56845007924,4070.38018678958,4466.40070207786,3712.14614712327,4005.76968378245,5345.07139686493,4269.27507674161,4172.25391525589,4432.26169787942,4609.74955000195,4854.59369830329,5334.14724976535,4616.98663895068,3959.6151336463,4479.0323174263
4816.34331583892,4877.75538167197,4545.75295134295,5233.81814174851,4101.64756934484,3906.67796735508,5139.00862298317,3969.12258300158,4415.1755637643,5030.67964445287,4586.56845007924,4070.38018678958,4466.40070207786,3712.14614712327,4005.76968378245,5345.07139686493,4269.27507674161,4172.25391525589,4432.26169787942,4609.74955000195,4854.59369830329,5334.14724976535,4616.98663895068,3959.6151336463,4479.0323174263
4816.34331583892,4877.75538167197,4545.75295134295,5233.81814174851,4101.64756934484,3906.67796735508,5139.00862298317,3969.12258300158,4415.1755637643,5030.67964445287,4586.56845007924,4070.38018678958,4466.40070207786,3712.14614712327,4005.76968378245,5345.07139686493,4269.27507674161,4172.25391525589,4432.26169787942,4609.74955000195,4854.59369830329,5334.14724976535,4616.98663895068,3959.6151336463,4479.0323174263
4816.34331583892,4877.75538167197,4545.75295134295,5233.81814174851,4101.64756934484,3906.67796735508,5139.00862298317,3969.12258300158,4415.1755637643,5030.67964445287,4586.56845007924,4070.38018678958,4466.40070207786,3712.14614712327,4005.76968378245,5345.07139686493,4269.27507674161,4172.25391525589,4432.26169787942,4609.74955000195,4854.59369830329,5334.14724976535,4616.98663895068,3959.6151336463,4479.0323174263
4816.34331583892,4877.75538167197,4545.75295134295,5233.81814174851,4101.64756934484,3906.67796735508,5139.00862298317,3969.12258300158,4415.1755637643,5030.67964445287,4586.56845007924,4070.38018678958,4466.40070207786,3712.14614712327,4005.76968378245,5345.07139686493,4269.27507674161,4172.25391525589,4432.26169787942,4609.74955000195,4854.59369830329,5334.14724976535,4616.98663895068,3959.6151336463,4479.0323174263
4816.34331583892,4877.75538167197,4545.75295134295,5233.81814174851,4101.64756934484,3906.67796735508,5139.00862298317,3969.12258300158,4415.1755637643,5030.67964445287,4586.56845007924,4070.38018678958,4466.40070207786,3712.14614712327,4005.76968378245,5345.07139686493,4269.27507674161,4172.25391525589,4432.26169787942,4609.74955000195,4854.59369830329,5334.14724976535,4616.98663895068,3959.6151336463,4479.0323174263
4816.34331583892,4877.75538167197,4545.75295134295,5233.81814174851,4101.64756934484,3906.67796735508,5139.00862298317,3969.12258300158,4415.1755637643,5030.67964445287,4586.56845007924,4070.38018678958,4466.40070207786,3712.14614712327,4005.76968378245,5345.07139686493,4269.27507674161,4172.25391525589,4432.26169787942,4609.74955000195,4854.59369830329,5334.14724976535,4616.98663895068,3959.6151336463,4479.0323174263
4816.34331583892,4877.75538167197,4545.75295134295,5233.81814174851,4101.64756934484,3906.67796735508,5139.00862298317,3969.12258300158,4415.1755637643,5030.67964445287,4586.56845007924,4070.38018678958,4466.40070207786,3712.14614712327,4005.76968378245,5345.07139686493,4269.27507674161,4172.25391525589,4432.26169787942,4609.74955000195,4854.59369830329,5334.14724976535,4616.98663895068,3959.6151336463,4479.0323174263
4816.34331583892,4877.75538167197,4545.75295134295,5233.81814174851,4101.64756934484,3906.67796735508,5139.00862298317,3969.12258300158,4415.1755637643,5030.67964445287,4586.56845007924,4070.38018678958,4466.40070207786,3712.14614712327,4005.76968378245,5345.07139686493,4269.27507674161,4172.25391525589,4432.26169787942,4609.74955000195,4854.59369830329,5334.14724976535,4616.98663895068,3959.6151336463,4479.0323174263
4816.34331583892,4877.75538167197,4545.75295134295,5233.81814174851,4101.64756934484,3906.67796735508,5139.00862298317,3969.12258300158,4415.1755637643,5030.67964445287,4586.56845007924,4070.38018678958,4466.40070207786,3712.14614712327,4005.76968378245,5345.07139686493,4269.27507674161,4172.25391525589,4432.26169787942,4609.74955000195,4854.59369830329,5334.14724976535,4616.98663895068,3959.6151336463,4479.0323174263
4816.34331583892,4877.75538167197,4545.75295134295,5233.81814174851,4101.64756934484,3906.67796735508,5139.00862298317,3969.12258300158,4415.1755637643,5030.67964445287,4586.56845007924,4070.38018678958,4466.40070207786,3712.14614712327,4005.76968378245,5345.07139686493,4269.27507674161,4172.25391525589,4432.26169787942,4609.74955000195,4854.59369830329,5334.14724976535,4616.98663895068,3959.6151336463,4479.0323174263
4816.34331583892,4877.75538167197,4545.75295134295,5233.81814174851,4101.64756934484,3906.67796735508,5139.00862298317,3969.12258300158,4415.1755637643,5030.67964445287,4586.56845007924,4070.38018678958,4466.40070207786,3712.14614712327,4005.76968378245,5345.07139686493,4269.27507674161,4172.25391525589,4432.26169787942,4609.74955000195,4854.59369830329,5334.14724976535,4616.98663895068,3959.6151336463,4479.0323174263
4816.34331583892,4877.75538167197,4545.75295134295,5233.81814174851,4101.64756934484,3906.67796735508,5139.00862298317,3969.12258300158,4415.1755637643,5030.67964445287,4586.56845007924,4070.38018678958,4466.40070207786,3712.14614712327,4005.76968378245,5345.07139686493,4269.27507674161,4172.25391525589,4432.26169787942,4609.74955000195,4854.59369830329,5334.14724976535,4616.98663895068,3959.6151336463,4479.0323174263
4816.34331583892,4877.75538167197,4545.75295134295,5233.81814174851,4101.64756934484,3906.67796735508,5139.00862298317,3969.12258300158,4415.1755637643,5030.67964445287,4586.56845007924,4070.38018678958,4466.40070207786,3712.14614712327,4005.76968378245,5345.07139686493,4269.27507674161,4172.25391525589,4432.26169787942,4609.74955000195,4854.59369830329,5334.14724976535,4616.98663895068,3959.6151336463,4479.0323174263
4816.34331583892,4877.75538167197,4545.75295134295,5233.81814174851,4101.64756934484,3906.67796735508,5139.00862298317,3969.12258300158,4415.1755637643,5030.67964445287,4586.56845007924,4070.38018678958,4466.40070207786,3712.14614712327,4005.76968378245,5345.07139686493,4269.27507674161,4172.25391525589,4432.26169787942,4609.74955000195,4854.59369830329,5334.14724976535,4616.98663895068,3959.6151336463,4479.0323174263
4816.34331583892,4877.75538167197,4545.75295134295,5233.81814174851,4101.64756934484,3906.67796735508,5139.00862298317,3969.12258300158,4415.1755637643,5030.67964445287,4586.56845007924,4070.38018678958,4466.40070207786,3712.14614712327,4005.76968378245,5345.07139686493,4269.27507674161,4172.25391525589,4432.26169787942,4609.74955000195,4854.59369830329,5334.14724976535,4616.98663895068,3959.6151336463,4479.0323174263
4816.34331583892,4877.75538167197,4545.75295134295,5233.81814174851,4101.64756934484,3906.67796735508,5139.00862298317,3969.12258300158,4415.1755637643,5030.67964445287,4586.56845007924,4070.38018678958,4466.40070207786,3712.14614712327,4005.76968378245,5345.07139686493,4269.27507674161,4172.25391525589,4432.26169787942,4609.74955000195,4854.59369830329,5334.14724976535,4616.98663895068,3959.6151336463,4479.0323174263
4816.34331583892,4877.75538167197,4545.75295134295,5233.81814174851,4101.64756934484,3906.67796735508,5139.00862298317,3969.12258300158,4415.1755637643,5030.67964445287,4586.56845007924,4070.38018678958,4466.40070207786,3712.14614712327,4005.76968378245,5345.07139686493,4269.27507674161,4172.25391525589,4432.26169787942,4609.74955000195,4854.59369830329,5334.14724976535,4616.98663895068,3959.6151336463,4479.0323174263
4816.34331583892,4877.75538167197,4545.75295134295,5233.81814174851,4101.64756934484,3906.67796735508,5139.00862298317,3969.12258300158,4415.1755637643,5030.67964445287,4586.56845007924,4070.38018678958,4466.40070207786,3712.14614712327,4005.76968378245,5345.07139686493,4269.27507674161,4172.25391525589,4432.26169787942,4609.74955000195,4854.59369830329,5334.14724976535,4616.98663895068,3959.6151336463,4479.0323174263
4816.34331583892,4877.75538167197,4545.75295134295,5233.81814174851,4101.64756934484,3906.67796735508,5139.00862298317,3969.12258300158,4415.1755637643,5030.67964445287,4586.56845007924,4070.38018678958,4466.40070207786,3712.14614712327,4005.76968378245,5345.07139686493,4269.27507674161,4172.25391525589,4432.26169787942,4609.74955000195,4854.59369830329,5334.14724976535,4616.98663895068,3959.6151336463,4479.0323174263
4816.34331583892,4877.75538167197,4545.75295134295,5233.81814174851,4101.64756934484,3906.67796735508,5139.00862298317,3969.12258300158,4415.1755637643,5030.67964445287,4586.56845007924,4070.38018678958,4466.40070207786,3712.14614712327,4005.76968378245,5345.07139686493,4269.27507674161,4172.25391525589,4432.26169787942,4609.74955000195,4854.59369830329,5334.14724976535,4616.98663895068,3959.6151336463,4479.0323174263
4816.34331583892,4877.75538167197,4545.75295134295,5233.81814174851,4101.64756934484,3906.67796735508,5139.00862298317,3969.12258300158,4415.1755637643,5030.67964445287,4586.56845007924,4070.38018678958,4466.40070207786,3712.14614712327,4005.76968378245,5345.07139686493,4269.27507674161,4172.25391525589,4432.26169787942,4609.74955000195,4854.59369830329,5334.14724976535,4616.98663895068,3959.6151336463,4479.0323174263
4816.34331583892,4877.75538167197,4545.75295134295,5233.81814174851,4101.64756934484,3906.67796735508,5139.00862298317,3969.12258300158,4415.1755637643,5030.67964445287,4586.56845007924,4070.38018678958,4466.40070207786,3712.14614712327,4005.76968378245,5345.07139686493,4269.27507674161,4172.25391525589,4432.26169787942,4609.74955000195,4854.59369830329,5334.14724976535,4616.98663895068,3959.6151336463,4479.0323174263
4816.34331583892,4877.75538167197,4545.75295134295,5233.81814174851,4101.64756934484,3906.67796735508,5139.00862298317,3969.12258300158,4415.1755637643,5030.67964445287,4586.56845007924,4070.38018678958,4466.40070207786,3712.14614712327,4005.76968378245,5345.07139686493,4269.27507674161,4172.25391525589,4432.26169787942,4609.74955000195,4854.59369830329,5334.14724976535,4616.98663895068,3959.6151336463,4479.0323174263
4816.34331583892,4877.75538167197,4545.75295134295,5233.81814174851,4101.64756934484,3906.67796735508,5139.00862298317,3969.12258300158,4415.1755637643,5030.67964445287,4586.56845007924,4070.38018678958,4466.40070207786,3712.14614712327,4005.76968378245,5345.07139686493,4269.27507674161,4172.25391525589,4432.26169787942,4609.74955000195,4854.59369830329,5334.14724976535,4616.98663895068,3959.6151336463,4479.0323174263
4816.34331583892,4877.75538167197,4545.75295134295,5233.81814174851,4101.64756934484,3906.67796735508,5139.00862298317,3969.12258300158,4415.1755637643,5030.67964445287,4586.56845007924,4070.38018678958,4466.40070207786,3712.14614712327,4005.76968378245,5345.07139686493,4269.27507674161,4172.25391525589,4432.26169787942,4609.74955000195,4854.59369830329,5334.14724976535,4616.98663895068,3959.6151336463,4479.0323174263
4816.34331583892,4877.75538167197,4545.75295134295,5233.81814174851,4101.64756934484,3906.67796735508,5139.00862298317,3969.12258300158,4415.1755637643,5030.67964445287,4586.56845007924,4070.38018678958,4466.40070207786,3712.14614712327,4005.76968378245,5345.07139686493,4269.27507674161,4172.25391525589,4432.26169787942,4609.74955000195,4854.59369830329,5334.14724976535,4616.98663895068,3959.6151336463,4479.0323174263
4816.34331583892,4877.75538167197,4545.75295134295,5233.81814174851,4101.64756934484,3906.67796735508,5139.00862298317,3969.12258300158,4415.1755637643,5030.67964445287,4586.56845007924,4070.38018678958,4466.40070207786,3712.14614712327,4005.76968378245,5345.07139686493,4269.27507674161,4172.25391525589,4432.26169787942,4609.74955000195,4854.59369830329,5334.14724976535,4616.98663895068,3959.6151336463,4479.0323174263
4816.34331583892,4877.75538167197,4545.75295134295,5233.81814174851,4101.64756934484,3906.67796735508,5139.00862298317,3969.12258300158,4415.1755637643,5030.67964445287,4586.56845007924,4070.38018678958,4466.40070207786,3712.14614712327,4005.76968378245,5345.07139686493,4269.27507674161,4172.25391525589,4432.26169787942,4609.74955000195,4854.59369830329,5334.14724976535,4616.98663895068,3959.6151336463,4479.0323174263
4816.34331583892,4877.75538167197,4545.75295134295,5233.81814174851,4101.64756934484,3906.67796735508,5139.00862298317,3969.12258300158,4415.1755637643,5030.67964445287,4586.56845007924,4070.38018678958,4466.40070207786,3712.14614712327,4005.76968378245,5345.07139686493,4269.27507674161,4172.25391525589,4432.26169787942,4609.74955000195,4854.59369830329,5334.14724976535,4616.98663895068,3959.6151336463,4479.0323174263
4816.34331583892,4877.75538167197,4545.75295134295,5233.81814174851,4101.64756934484,3906.67796735508,5139.00862298317,3969.12258300158,4415.1755637643,5030.67964445287,4586.56845007924,4070.38018678958,4466.40070207786,3712.14614712327,4005.76968378245,5345.07139686493,4269.27507674161,4172.25391525589,4432.26169787942,4609.74955000195,4854.59369830329,5334.14724976535,4616.98663895068,3959.6151336463,4479.0323174263
4816.34331583892,4877.75538167197,4545.75295134295,5233.81814174851,4101.64756934484,3906.67796735508,5139.00862298317,3969.12258300158,4415.1755637643,5030.67964445287,4586.56845007924,4070.38018678958,4466.40070207786,3712.14614712327,4005.76968378245,5345.07139686493,4269.27507674161,4172.25391525589,4432.26169787942,4609.74955000195,4854.59369830329,5334.14724976535,4616.98663895068,3959.6151336463,4479.0323174263
4816.34331583892,4877.75538167197,4545.75295134295,5233.81814174851,4101.64756934484,3906.67796735508,5139.00862298317,3969.12258300158,4415.1755637643,5030.67964445287,4586.56845007924,4070.38018678958,4466.40070207786,3712.14614712327,4005.76968378245,5345.07139686493,4269.27507674161,4172.25391525589,4432.26169787942,4609.74955000195,4854.59369830329,5334.14724976535,4616.98663895068,3959.6151336463,4479.0323174263
4816.34331583892,4877.75538167197,4545.75295134295,5233.81814174851,4101.64756934484,3906.67796735508,5139.00862298317,3969.12258300158,4415.1755637643,5030.67964445287,4586.56845007924,4070.38018678958,4466.40070207786,3712.14614712327,4005.76968378245,5345.07139686493,4269.27507674161,4172.25391525589,4432.26169787942,4609.74955000195,4854.59369830329,5334.14724976535,4616.98663895068,3959.6151336463,4479.0323174263
4816.34331583892,4877.75538167197,4545.75295134295,5233.81814174851,4101.64756934484,3906.67796735508,5139.00862298317,3969.12258300158,4415.1755637643,5030.67964445287,4586.56845007924,4070.38018678958,4466.40070207786,3712.14614712327,4005.76968378245,5345.07139686493,4269.27507674161,4172.25391525589,4432.26169787942,4609.74955000195,4854.59369830329,5334.14724976535,4616.98663895068,3959.6151336463,4479.0323174263
4816.34331583892,4877.75538167197,4545.75295134295,5233.81814174851,4101.64756934484,3906.67796735508,5139.00862298317,3969.12258300158,4415.1755637643,5030.67964445287,4586.56845007924,4070.38018678958,4466.40070207786,3712.14614712327,4005.76968378245,5345.07139686493,4269.27507674161,4172.25391525589,4432.26169787942,4609.74955000195,4854.59369830329,5334.14724976535,4616.98663895068,3959.6151336463,4479.0323174263
4816.34331583892,4877.75538167197,4545.75295134295,5233.81814174851,4101.64756934484,3906.67796735508,5139.00862298317,3969.12258300158,4415.1755637643,5030.67964445287,4586.56845007924,4070.38018678958,4466.40070207786,3712.14614712327,4005.76968378245,5345.07139686493,4269.27507674161,4172.25391525589,4432.26169787942,4609.74955000195,4854.59369830329,5334.14724976535,4616.98663895068,3959.6151336463,4479.0323174263
4816.34331583892,4877.75538167197,4545.75295134295,5233.81814174851,4101.64756934484,3906.67796735508,5139.00862298317,3969.12258300158,4415.1755637643,5030.67964445287,4586.56845007924,4070.38018678958,4466.40070207786,3712.14614712327,4005.76968378245,5345.07139686493,4269.27507674161,4172.25391525589,4432.26169787942,4609.74955000195,4854.59369830329,5334.14724976535,4616.98663895068,3959.6151336463,4479.0323174263
4816.34331583892,4877.75538167197,4545.75295134295,5233.81814174851,4101.64756934484,3906.67796735508,5139.00862298317,3969.12258300158,4415.1755637643,5030.67964445287,4586.56845007924,4070.38018678958,4466.40070207786,3712.14614712327,4005.76968378245,5345.07139686493,4269.27507674161,4172.25391525589,4432.26169787942,4609.74955000195,4854.59369830329,5334.14724976535,4616.98663895068,3959.6151336463,4479.0323174263
4816.34331583892,4877.75538167197,4545.75295134295,5233.81814174851,4101.64756934484,3906.67796735508,5139.00862298317,3969.12258300158,4415.1755637643,5030.67964445287,4586.56845007924,4070.38018678958,4466.40070207786,3712.14614712327,4005.76968378245,5345.07139686493,4269.27507674161,4172.25391525589,4432.26169787942,4609.74955000195,4854.59369830329,5334.14724976535,4616.98663895068,3959.6151336463,4479.0323174263
4816.34331583892,4877.75538167197,4545.75295134295,5233.81814174851,4101.64756934484,3906.67796735508,5139.00862298317,3969.12258300158,4415.1755637643,5030.67964445287,4586.56845007924,4070.38018678958,4466.40070207786,3712.14614712327,4005.76968378245,5345.07139686493,4269.27507674161,4172.25391525589,4432.26169787942,4609.74955000195,4854.59369830329,5334.14724976535,4616.98663895068,3959.6151336463,4479.0323174263
4816.34331583892,4877.75538167197,4545.75295134295,5233.81814174851,4101.64756934484,3906.67796735508,5139.00862298317,3969.12258300158,4415.1755637643,5030.67964445287,4586.56845007924,4070.38018678958,4466.40070207786,3712.14614712327,4005.76968378245,5345.07139686493,4269.27507674161,4172.25391525589,4432.26169787942,4609.74955000195,4854.59369830329,5334.14724976535,4616.98663895068,3959.6151336463,4479.0323174263
4816.34331583892,4877.75538167197,4545.75295134295,5233.81814174851,4101.64756934484,3906.67796735508,5139.00862298317,3969.12258300158,4415.1755637643,5030.67964445287,4586.56845007924,4070.38018678958,4466.40070207786,3712.14614712327,4005.76968378245,5345.07139686493,4269.27507674161,4172.25391525589,4432.26169787942,4609.74955000195,4854.59369830329,5334.14724976535,4616.98663895068,3959.6151336463,4479.0323174263
4816.34331583892,4877.75538167197,4545.75295134295,5233.81814174851,4101.64756934484,3906.67796735508,5139.00862298317,3969.12258300158,4415.1755637643,5030.67964445287,4586.56845007924,4070.38018678958,4466.40070207786,3712.14614712327,4005.76968378245,5345.07139686493,4269.27507674161,4172.25391525589,4432.26169787942,4609.74955000195,4854.59369830329,5334.14724976535,4616.98663895068,3959.6151336463,4479.0323174263
4816.34331583892,4877.75538167197,4545.75295134295,5233.81814174851,4101.64756934484,3906.67796735508,5139.00862298317,3969.12258300158,4415.1755637643,5030.67964445287,4586.56845007924,4070.38018678958,4466.40070207786,3712.14614712327,4005.76968378245,5345.07139686493,4269.27507674161,4172.25391525589,4432.26169787942,4609.74955000195,4854.59369830329,5334.14724976535,4616.98663895068,3959.6151336463,4479.0323174263
4816.34331583892,4877.75538167197,4545.75295134295,5233.81814174851,4101.64756934484,3906.67796735508,5139.00862298317,3969.12258300158,4415.1755637643,5030.67964445287,4586.56845007924,4070.38018678958,4466.40070207786,3712.14614712327,4005.76968378245,5345.07139686493,4269.27507674161,4172.25391525589,4432.26169787942,4609.74955000195,4854.59369830329,5334.14724976535,4616.98663895068,3959.6151336463,4479.0323174263
4816.34331583892,4877.75538167197,4545.75295134295,5233.81814174851,4101.64756934484,3906.67796735508,5139.00862298317,3969.12258300158,4415.1755637643,5030.67964445287,4586.56845007924,4070.38018678958,4466.40070207786,3712.14614712327,4005.76968378245,5345.07139686493,4269.27507674161,4172.25391525589,4432.26169787942,4609.74955000195,4854.59369830329,5334.14724976535,4616.98663895068,3959.6151336463,4479.0323174263
4816.34331583892,4877.75538167197,4545.75295134295,5233.81814174851,4101.64756934484,3906.67796735508,5139.00862298317,3969.12258300158,4415.1755637643,5030.67964445287,4586.56845007924,4070.38018678958,4466.40070207786,3712.14614712327,4005.76968378245,5345.07139686493,4269.27507674161,4172.25391525589,4432.26169787942,4609.74955000195,4854.59369830329,5334.14724976535,4616.98663895068,3959.6151336463,4479.0323174263
4816.34331583892,4877.75538167197,4545.75295134295,5233.81814174851,4101.64756934484,3906.67796735508,5139.00862298317,3969.12258300158,4415.1755637643,5030.67964445287,4586.56845007924,4070.38018678958,4466.40070207786,3712.14614712327,4005.76968378245,5345.07139686493,4269.27507674161,4172.25391525589,4432.26169787942,4609.74955000195,4854.59369830329,5334.14724976535,4616.98663895068,3959.6151336463,4479.0323174263
4816.34331583892,4877.75538167197,4545.75295134295,5233.81814174851,4101.64756934484,3906.67796735508,5139.00862298317,3969.12258300158,4415.1755637643,5030.67964445287,4586.56845007924,4070.38018678958,4466.40070207786,3712.14614712327,4005.76968378245,5345.07139686493,4269.27507674161,4172.25391525589,4432.26169787942,4609.74955000195,4854.59369830329,5334.14724976535,4616.98663895068,3959.6151336463,4479.0323174263
4816.34331583892,4877.75538167197,4545.75295134295,5233.81814174851,4101.64756934484,3906.67796735508,5139.00862298317,3969.12258300158,4415.1755637643,5030.67964445287,4586.56845007924,4070.38018678958,4466.40070207786,3712.14614712327,4005.76968378245,5345.07139686493,4269.27507674161,4172.25391525589,4432.26169787942,4609.74955000195,4854.59369830329,5334.14724976535,4616.98663895068,3959.6151336463,4479.0323174263
4816.34331583892,4877.75538167197,4545.75295134295,5233.81814174851,4101.64756934484,3906.67796735508,5139.00862298317,3969.12258300158,4415.1755637643,5030.67964445287,4586.56845007924,4070.38018678958,4466.40070207786,3712.14614712327,4005.76968378245,5345.07139686493,4269.27507674161,4172.25391525589,4432.26169787942,4609.74955000195,4854.59369830329,5334.14724976535,4616.98663895068,3959.6151336463,4479.0323174263
4816.34331583892,4877.75538167197,4545.75295134295,5233.81814174851,4101.64756934484,3906.67796735508,5139.00862298317,3969.12258300158,4415.1755637643,5030.67964445287,4586.56845007924,4070.38018678958,4466.40070207786,3712.14614712327,4005.76968378245,5345.07139686493,4269.27507674161,4172.25391525589,4432.26169787942,4609.74955000195,4854.59369830329,5334.14724976535,4616.98663895068,3959.6151336463,4479.0323174263
4816.34331583892,4877.75538167197,4545.75295134295,5233.81814174851,4101.64756934484,3906.67796735508,5139.00862298317,3969.12258300158,4415.1755637643,5030.67964445287,4586.56845007924,4070.38018678958,4466.40070207786,3712.14614712327,4005.76968378245,5345.07139686493,4269.27507674161,4172.25391525589,4432.26169787942,4609.74955000195,4854.59369830329,5334.14724976535,4616.98663895068,3959.6151336463,4479.0323174263
4816.34331583892,4877.75538167197,4545.75295134295,5233.81814174851,4101.64756934484,3906.67796735508,5139.00862298317,3969.12258300158,4415.1755637643,5030.67964445287,4586.56845007924,4070.38018678958,4466.40070207786,3712.14614712327,4005.76968378245,5345.07139686493,4269.27507674161,4172.25391525589,4432.26169787942,4609.74955000195,4854.59369830329,5334.14724976535,4616.98663895068,3959.6151336463,4479.0323174263
4816.34331583892,4877.75538167197,4545.75295134295,5233.81814174851,4101.64756934484,3906.67796735508,5139.00862298317,3969.12258300158,4415.1755637643,5030.67964445287,4586.56845007924,4070.38018678958,4466.40070207786,3712.14614712327,4005.76968378245,5345.07139686493,4269.27507674161,4172.25391525589,4432.26169787942,4609.74955000195,4854.59369830329,5334.14724976535,4616.98663895068,3959.6151336463,4479.0323174263
4816.34331583892,4877.75538167197,4545.75295134295,5233.81814174851,4101.64756934484,3906.67796735508,5139.00862298317,3969.12258300158,4415.1755637643,5030.67964445287,4586.56845007924,4070.38018678958,4466.40070207786,3712.14614712327,4005.76968378245,5345.07139686493,4269.27507674161,4172.25391525589,4432.26169787942,4609.74955000195,4854.59369830329,5334.14724976535,4616.98663895068,3959.6151336463,4479.0323174263
4816.34331583892,4877.75538167197,4545.75295134295,5233.81814174851,4101.64756934484,3906.67796735508,5139.00862298317,3969.12258300158,4415.1755637643,5030.67964445287,4586.56845007924,4070.38018678958,4466.40070207786,3712.14614712327,4005.76968378245,5345.07139686493,4269.27507674161,4172.25391525589,4432.26169787942,4609.74955000195,4854.59369830329,5334.14724976535,4616.98663895068,3959.6151336463,4479.0323174263
4816.34331583892,4877.75538167197,4545.75295134295,5233.81814174851,4101.64756934484,3906.67796735508,5139.00862298317,3969.12258300158,4415.1755637643,5030.67964445287,4586.56845007924,4070.38018678958,4466.40070207786,3712.14614712327,4005.76968378245,5345.07139686493,4269.27507674161,4172.25391525589,4432.26169787942,4609.74955000195,4854.59369830329,5334.14724976535,4616.98663895068,3959.6151336463,4479.0323174263
4816.34331583892,4877.75538167197,4545.75295134295,5233.81814174851,4101.64756934484,3906.67796735508,5139.00862298317,3969.12258300158,4415.1755637643,5030.67964445287,4586.56845007924,4070.38018678958,4466.40070207786,3712.14614712327,4005.76968378245,5345.07139686493,4269.27507674161,4172.25391525589,4432.26169787942,4609.74955000195,4854.59369830329,5334.14724976535,4616.98663895068,3959.6151336463,4479.0323174263
4816.34331583892,4877.75538167197,4545.75295134295,5233.81814174851,4101.64756934484,3906.67796735508,5139.00862298317,3969.12258300158,4415.1755637643,5030.67964445287,4586.56845007924,4070.38018678958,4466.40070207786,3712.14614712327,4005.76968378245,5345.07139686493,4269.27507674161,4172.25391525589,4432.26169787942,4609.74955000195,4854.59369830329,5334.14724976535,4616.98663895068,3959.6151336463,4479.0323174263
4816.34331583892,4877.75538167197,4545.75295134295,5233.81814174851,4101.64756934484,3906.67796735508,5139.00862298317,3969.12258300158,4415.1755637643,5030.67964445287,4586.56845007924,4070.38018678958,4466.40070207786,3712.14614712327,4005.76968378245,5345.07139686493,4269.27507674161,4172.25391525589,4432.26169787942,4609.74955000195,4854.59369830329,5334.14724976535,4616.98663895068,3959.6151336463,4479.0323174263
4816.34331583892,4877.75538167197,4545.75295134295,5233.81814174851,4101.64756934484,3906.67796735508,5139.00862298317,3969.12258300158,4415.1755637643,5030.67964445287,4586.56845007924,4070.38018678958,4466.40070207786,3712.14614712327,4005.76968378245,5345.07139686493,4269.27507674161,4172.25391525589,4432.26169787942,4609.74955000195,4854.59369830329,5334.14724976535,4616.98663895068,3959.6151336463,4479.0323174263
4816.34331583892,4877.75538167197,4545.75295134295,5233.81814174851,4101.64756934484,3906.67796735508,5139.00862298317,3969.12258300158,4415.1755637643,5030.67964445287,4586.56845007924,4070.38018678958,4466.40070207786,3712.14614712327,4005.76968378245,5345.07139686493,4269.27507674161,4172.25391525589,4432.26169787942,4609.74955000195,4854.59369830329,5334.14724976535,4616.98663895068,3959.6151336463,4479.0323174263
4816.34331583892,4877.75538167197,4545.75295134295,5233.81814174851,4101.64756934484,3906.67796735508,5139.00862298317,3969.12258300158,4415.1755637643,5030.67964445287,4586.56845007924,4070.38018678958,4466.40070207786,3712.14614712327,4005.76968378245,5345.07139686493,4269.27507674161,4172.25391525589,4432.26169787942,4609.74955000195,4854.59369830329,5334.14724976535,4616.98663895068,3959.6151336463,4479.0323174263
4816.34331583892,4877.75538167197,4545.75295134295,5233.81814174851,4101.64756934484,3906.67796735508,5139.00862298317,3969.12258300158,4415.1755637643,5030.67964445287,4586.56845007924,4070.38018678958,4466.40070207786,3712.14614712327,4005.76968378245,5345.07139686493,4269.27507674161,4172.25391525589,4432.26169787942,4609.74955000195,4854.59369830329,5334.14724976535,4616.98663895068,3959.6151336463,4479.0323174263
4816.34331583892,4877.75538167197,4545.75295134295,5233.81814174851,4101.64756934484,3906.67796735508,5139.00862298317,3969.12258300158,4415.1755637643,5030.67964445287,4586.56845007924,4070.38018678958,4466.40070207786,3712.14614712327,4005.76968378245,5345.07139686493,4269.27507674161,4172.25391525589,4432.26169787942,4609.74955000195,4854.59369830329,5334.14724976535,4616.98663895068,3959.6151336463,4479.0323174263
4816.34331583892,4877.75538167197,4545.75295134295,5233.81814174851,4101.64756934484,3906.67796735508,5139.00862298317,3969.12258300158,4415.1755637643,5030.67964445287,4586.56845007924,4070.38018678958,4466.40070207786,3712.14614712327,4005.76968378245,5345.07139686493,4269.27507674161,4172.25391525589,4432.26169787942,4609.74955000195,4854.59369830329,5334.14724976535,4616.98663895068,3959.6151336463,4479.0323174263
4816.34331583892,4877.75538167197,4545.75295134295,5233.81814174851,4101.64756934484,3906.67796735508,5139.00862298317,3969.12258300158,4415.1755637643,5030.67964445287,4586.56845007924,4070.38018678958,4466.40070207786,3712.14614712327,4005.76968378245,5345.07139686493,4269.27507674161,4172.25391525589,4432.26169787942,4609.74955000195,4854.59369830329,5334.14724976535,4616.98663895068,3959.6151336463,4479.0323174263
4816.34331583892,4877.75538167197,4545.75295134295,5233.81814174851,4101.64756934484,3906.67796735508,5139.00862298317,3969.12258300158,4415.1755637643,5030.67964445287,4586.56845007924,4070.38018678958,4466.40070207786,3712.14614712327,4005.76968378245,5345.07139686493,4269.27507674161,4172.25391525589,4432.26169787942,4609.74955000195,4854.59369830329,5334.14724976535,4616.98663895068,3959.6151336463,4479.0323174263
4816.34331583892,4877.75538167197,4545.75295134295,5233.81814174851,4101.64756934484,3906.67796735508,5139.00862298317,3969.12258300158,4415.1755637643,5030.67964445287,4586.56845007924,4070.38018678958,4466.40070207786,3712.14614712327,4005.76968378245,5345.07139686493,4269.27507674161,4172.25391525589,4432.26169787942,4609.74955000195,4854.59369830329,5334.14724976535,4616.98663895068,3959.6151336463,4479.0323174263
4816.34331583892,4877.75538167197,4545.75295134295,5233.81814174851,4101.64756934484,3906.67796735508,5139.00862298317,3969.12258300158,4415.1755637643,5030.67964445287,4586.56845007924,4070.38018678958,4466.40070207786,3712.14614712327,4005.76968378245,5345.07139686493,4269.27507674161,4172.25391525589,4432.26169787942,4609.74955000195,4854.59369830329,5334.14724976535,4616.98663895068,3959.6151336463,4479.0323174263
4816.34331583892,4877.75538167197,4545.75295134295,5233.81814174851,4101.64756934484,3906.67796735508,5139.00862298317,3969.12258300158,4415.1755637643,5030.67964445287,4586.56845007924,4070.38018678958,4466.40070207786,3712.14614712327,4005.76968378245,5345.07139686493,4269.27507674161,4172.25391525589,4432.26169787942,4609.74955000195,4854.59369830329,5334.14724976535,4616.98663895068,3959.6151336463,4479.0323174263
4816.34331583892,4877.75538167197,4545.75295134295,5233.81814174851,4101.64756934484,3906.67796735508,5139.00862298317,3969.12258300158,4415.1755637643,5030.67964445287,4586.56845007924,4070.38018678958,4466.40070207786,3712.14614712327,4005.76968378245,5345.07139686493,4269.27507674161,4172.25391525589,4432.26169787942,4609.74955000195,4854.59369830329,5334.14724976535,4616.98663895068,3959.6151336463,4479.0323174263
4816.34331583892,4877.75538167197,4545.75295134295,5233.81814174851,4101.64756934484,3906.67796735508,5139.00862298317,3969.12258300158,4415.1755637643,5030.67964445287,4586.56845007924,4070.38018678958,4466.40070207786,3712.14614712327,4005.76968378245,5345.07139686493,4269.27507674161,4172.25391525589,4432.26169787942,4609.74955000195,4854.59369830329,5334.14724976535,4616.98663895068,3959.6151336463,4479.0323174263
4816.34331583892,4877.75538167197,4545.75295134295,5233.81814174851,4101.64756934484,3906.67796735508,5139.00862298317,3969.12258300158,4415.1755637643,5030.67964445287,4586.56845007924,4070.38018678958,4466.40070207786,3712.14614712327,4005.76968378245,5345.07139686493,4269.27507674161,4172.25391525589,4432.26169787942,4609.74955000195,4854.59369830329,5334.14724976535,4616.98663895068,3959.6151336463,4479.0323174263
4816.34331583892,4877.75538167197,4545.75295134295,5233.81814174851,4101.64756934484,3906.67796735508,5139.00862298317,3969.12258300158,4415.1755637643,5030.67964445287,4586.56845007924,4070.38018678958,4466.40070207786,3712.14614712327,4005.76968378245,5345.07139686493,4269.27507674161,4172.25391525589,4432.26169787942,4609.74955000195,4854.59369830329,5334.14724976535,4616.98663895068,3959.6151336463,4479.0323174263
4816.34331583892,4877.75538167197,4545.75295134295,5233.81814174851,4101.64756934484,3906.67796735508,5139.00862298317,3969.12258300158,4415.1755637643,5030.67964445287,4586.56845007924,4070.38018678958,4466.40070207786,3712.14614712327,4005.76968378245,5345.07139686493,4269.27507674161,4172.25391525589,4432.26169787942,4609.74955000195,4854.59369830329,5334.14724976535,4616.98663895068,3959.6151336463,4479.0323174263
4816.34331583892,4877.75538167197,4545.75295134295,5233.81814174851,4101.64756934484,3906.67796735508,5139.00862298317,3969.12258300158,4415.1755637643,5030.67964445287,4586.56845007924,4070.38018678958,4466.40070207786,3712.14614712327,4005.76968378245,5345.07139686493,4269.27507674161,4172.25391525589,4432.26169787942,4609.74955000195,4854.59369830329,5334.14724976535,4616.98663895068,3959.6151336463,4479.0323174263
4816.34331583892,4877.75538167197,4545.75295134295,5233.81814174851,4101.64756934484,3906.67796735508,5139.00862298317,3969.12258300158,4415.1755637643,5030.67964445287,4586.56845007924,4070.38018678958,4466.40070207786,3712.14614712327,4005.76968378245,5345.07139686493,4269.27507674161,4172.25391525589,4432.26169787942,4609.74955000195,4854.59369830329,5334.14724976535,4616.98663895068,3959.6151336463,4479.0323174263
4816.34331583892,4877.75538167197,4545.75295134295,5233.81814174851,4101.64756934484,3906.67796735508,5139.00862298317,3969.12258300158,4415.1755637643,5030.67964445287,4586.56845007924,4070.38018678958,4466.40070207786,3712.14614712327,4005.76968378245,5345.07139686493,4269.27507674161,4172.25391525589,4432.26169787942,4609.74955000195,4854.59369830329,5334.14724976535,4616.98663895068,3959.6151336463,4479.0323174263
4816.34331583892,4877.75538167197,4545.75295134295,5233.81814174851,4101.64756934484,3906.67796735508,5139.00862298317,3969.12258300158,4415.1755637643,5030.67964445287,4586.56845007924,4070.38018678958,4466.40070207786,3712.14614712327,4005.76968378245,5345.07139686493,4269.27507674161,4172.25391525589,4432.26169787942,4609.74955000195,4854.59369830329,5334.14724976535,4616.98663895068,3959.6151336463,4479.0323174263
4816.34331583892,4877.75538167197,4545.75295134295,5233.81814174851,4101.64756934484,3906.67796735508,5139.00862298317,3969.12258300158,4415.1755637643,5030.67964445287,4586.56845007924,4070.38018678958,4466.40070207786,3712.14614712327,4005.76968378245,5345.07139686493,4269.27507674161,4172.25391525589,4432.26169787942,4609.74955000195,4854.59369830329,5334.14724976535,4616.98663895068,3959.6151336463,4479.0323174263
4816.34331583892,4877.75538167197,4545.75295134295,5233.81814174851,4101.64756934484,3906.67796735508,5139.00862298317,3969.12258300158,4415.1755637643,5030.67964445287,4586.56845007924,4070.38018678958,4466.40070207786,3712.14614712327,4005.76968378245,5345.07139686493,4269.27507674161,4172.25391525589,4432.26169787942,4609.74955000195,4854.59369830329,5334.14724976535,4616.98663895068,3959.6151336463,4479.0323174263
4816.34331583892,4877.75538167197,4545.75295134295,5233.81814174851,4101.64756934484,3906.67796735508,5139.00862298317,3969.12258300158,4415.1755637643,5030.67964445287,4586.56845007924,4070.38018678958,4466.40070207786,3712.14614712327,4005.76968378245,5345.07139686493,4269.27507674161,4172.25391525589,4432.26169787942,4609.74955000195,4854.59369830329,5334.14724976535,4616.98663895068,3959.6151336463,4479.0323174263
4816.34331583892,4877.75538167197,4545.75295134295,5233.81814174851,4101.64756934484,3906.67796735508,5139.00862298317,3969.12258300158,4415.1755637643,5030.67964445287,4586.56845007924,4070.38018678958,4466.40070207786,3712.14614712327,4005.76968378245,5345.07139686493,4269.27507674161,4172.25391525589,4432.26169787942,4609.74955000195,4854.59369830329,5334.14724976535,4616.98663895068,3959.6151336463,4479.0323174263
4816.34331583892,4877.75538167197,4545.75295134295,5233.81814174851,4101.64756934484,3906.67796735508,5139.00862298317,3969.12258300158,4415.1755637643,5030.67964445287,4586.56845007924,4070.38018678958,4466.40070207786,3712.14614712327,4005.76968378245,5345.07139686493,4269.27507674161,4172.25391525589,4432.26169787942,4609.74955000195,4854.59369830329,5334.14724976535,4616.98663895068,3959.6151336463,4479.0323174263
4816.34331583892,4877.75538167197,4545.75295134295,5233.81814174851,4101.64756934484,3906.67796735508,5139.00862298317,3969.12258300158,4415.1755637643,5030.67964445287,4586.56845007924,4070.38018678958,4466.40070207786,3712.14614712327,4005.76968378245,5345.07139686493,4269.27507674161,4172.25391525589,4432.26169787942,4609.74955000195,4854.59369830329,5334.14724976535,4616.98663895068,3959.6151336463,4479.0323174263
4816.34331583892,4877.75538167197,4545.75295134295,5233.81814174851,4101.64756934484,3906.67796735508,5139.00862298317,3969.12258300158,4415.1755637643,5030.67964445287,4586.56845007924,4070.38018678958,4466.40070207786,3712.14614712327,4005.76968378245,5345.07139686493,4269.27507674161,4172.25391525589,4432.26169787942,4609.74955000195,4854.59369830329,5334.14724976535,4616.98663895068,3959.6151336463,4479.0323174263
4816.34331583892,4877.75538167197,4545.75295134295,5233.81814174851,4101.64756934484,3906.67796735508,5139.00862298317,3969.12258300158,4415.1755637643,5030.67964445287,4586.56845007924,4070.38018678958,4466.40070207786,3712.14614712327,4005.76968378245,5345.07139686493,4269.27507674161,4172.25391525589,4432.26169787942,4609.74955000195,4854.59369830329,5334.14724976535,4616.98663895068,3959.6151336463,4479.0323174263
4816.34331583892,4877.75538167197,4545.75295134295,5233.81814174851,4101.64756934484,3906.67796735508,5139.00862298317,3969.12258300158,4415.1755637643,5030.67964445287,4586.56845007924,4070.38018678958,4466.40070207786,3712.14614712327,4005.76968378245,5345.07139686493,4269.27507674161,4172.25391525589,4432.26169787942,4609.74955000195,4854.59369830329,5334.14724976535,4616.98663895068,3959.6151336463,4479.0323174263
4816.34331583892,4877.75538167197,4545.75295134295,5233.81814174851,4101.64756934484,3906.67796735508,5139.00862298317,3969.12258300158,4415.1755637643,5030.67964445287,4586.56845007924,4070.38018678958,4466.40070207786,3712.14614712327,4005.76968378245,5345.07139686493,4269.27507674161,4172.25391525589,4432.26169787942,4609.74955000195,4854.59369830329,5334.14724976535,4616.98663895068,3959.6151336463,4479.0323174263
4816.34331583892,4877.75538167197,4545.75295134295,5233.81814174851,4101.64756934484,3906.67796735508,5139.00862298317,3969.12258300158,4415.1755637643,5030.67964445287,4586.56845007924,4070.38018678958,4466.40070207786,3712.14614712327,4005.76968378245,5345.07139686493,4269.27507674161,4172.25391525589,4432.26169787942,4609.74955000195,4854.59369830329,5334.14724976535,4616.98663895068,3959.6151336463,4479.0323174263
4816.34331583892,4877.75538167197,4545.75295134295,5233.81814174851,4101.64756934484,3906.67796735508,5139.00862298317,3969.12258300158,4415.1755637643,5030.67964445287,4586.56845007924,4070.38018678958,4466.40070207786,3712.14614712327,4005.76968378245,5345.07139686493,4269.27507674161,4172.25391525589,4432.26169787942,4609.74955000195,4854.59369830329,5334.14724976535,4616.98663895068,3959.6151336463,4479.0323174263
4816.34331583892,4877.75538167197,4545.75295134295,5233.81814174851,4101.64756934484,3906.67796735508,5139.00862298317,3969.12258300158,4415.1755637643,5030.67964445287,4586.56845007924,4070.38018678958,4466.40070207786,3712.14614712327,4005.76968378245,5345.07139686493,4269.27507674161,4172.25391525589,4432.26169787942,4609.74955000195,4854.59369830329,5334.14724976535,4616.98663895068,3959.6151336463,4479.0323174263
4816.34331583892,4877.75538167197,4545.75295134295,5233.81814174851,4101.64756934484,3906.67796735508,5139.00862298317,3969.12258300158,4415.1755637643,5030.67964445287,4586.56845007924,4070.38018678958,4466.40070207786,3712.14614712327,4005.76968378245,5345.07139686493,4269.27507674161,4172.25391525589,4432.26169787942,4609.74955000195,4854.59369830329,5334.14724976535,4616.98663895068,3959.6151336463,4479.0323174263
4816.34331583892,4877.75538167197,4545.75295134295,5233.81814174851,4101.64756934484,3906.67796735508,5139.00862298317,3969.12258300158,4415.1755637643,5030.67964445287,4586.56845007924,4070.38018678958,4466.40070207786,3712.14614712327,4005.76968378245,5345.07139686493,4269.27507674161,4172.25391525589,4432.26169787942,4609.74955000195,4854.59369830329,5334.14724976535,4616.98663895068,3959.6151336463,4479.0323174263
4816.34331583892,4877.75538167197,4545.75295134295,5233.81814174851,4101.64756934484,3906.67796735508,5139.00862298317,3969.12258300158,4415.1755637643,5030.67964445287,4586.56845007924,4070.38018678958,4466.40070207786,3712.14614712327,4005.76968378245,5345.07139686493,4269.27507674161,4172.25391525589,4432.26169787942,4609.74955000195,4854.59369830329,5334.14724976535,4616.98663895068,3959.6151336463,4479.0323174263
4816.34331583892,4877.75538167197,4545.75295134295,5233.81814174851,4101.64756934484,3906.67796735508,5139.00862298317,3969.12258300158,4415.1755637643,5030.67964445287,4586.56845007924,4070.38018678958,4466.40070207786,3712.14614712327,4005.76968378245,5345.07139686493,4269.27507674161,4172.25391525589,4432.26169787942,4609.74955000195,4854.59369830329,5334.14724976535,4616.98663895068,3959.6151336463,4479.0323174263
4816.34331583892,4877.75538167197,4545.75295134295,5233.81814174851,4101.64756934484,3906.67796735508,5139.00862298317,3969.12258300158,4415.1755637643,5030.67964445287,4586.56845007924,4070.38018678958,4466.40070207786,3712.14614712327,4005.76968378245,5345.07139686493,4269.27507674161,4172.25391525589,4432.26169787942,4609.74955000195,4854.59369830329,5334.14724976535,4616.98663895068,3959.6151336463,4479.0323174263
4816.34331583892,4877.75538167197,4545.75295134295,5233.81814174851,4101.64756934484,3906.67796735508,5139.00862298317,3969.12258300158,4415.1755637643,5030.67964445287,4586.56845007924,4070.38018678958,4466.40070207786,3712.14614712327,4005.76968378245,5345.07139686493,4269.27507674161,4172.25391525589,4432.26169787942,4609.74955000195,4854.59369830329,5334.14724976535,4616.98663895068,3959.6151336463,4479.0323174263
4816.34331583892,4877.75538167197,4545.75295134295,5233.81814174851,4101.64756934484,3906.67796735508,5139.00862298317,3969.12258300158,4415.1755637643,5030.67964445287,4586.56845007924,4070.38018678958,4466.40070207786,3712.14614712327,4005.76968378245,5345.07139686493,4269.27507674161,4172.25391525589,4432.26169787942,4609.74955000195,4854.59369830329,5334.14724976535,4616.98663895068,3959.6151336463,4479.0323174263
4816.34331583892,4877.75538167197,4545.75295134295,5233.81814174851,4101.64756934484,3906.67796735508,5139.00862298317,3969.12258300158,4415.1755637643,5030.67964445287,4586.56845007924,4070.38018678958,4466.40070207786,3712.14614712327,4005.76968378245,5345.07139686493,4269.27507674161,4172.25391525589,4432.26169787942,4609.74955000195,4854.59369830329,5334.14724976535,4616.98663895068,3959.6151336463,4479.0323174263
4816.34331583892,4877.75538167197,4545.75295134295,5233.81814174851,4101.64756934484,3906.67796735508,5139.00862298317,3969.12258300158,4415.1755637643,5030.67964445287,4586.56845007924,4070.38018678958,4466.40070207786,3712.14614712327,4005.76968378245,5345.07139686493,4269.27507674161,4172.25391525589,4432.26169787942,4609.74955000195,4854.59369830329,5334.14724976535,4616.98663895068,3959.6151336463,4479.0323174263
4816.34331583892,4877.75538167197,4545.75295134295,5233.81814174851,4101.64756934484,3906.67796735508,5139.00862298317,3969.12258300158,4415.1755637643,5030.67964445287,4586.56845007924,4070.38018678958,4466.40070207786,3712.14614712327,4005.76968378245,5345.07139686493,4269.27507674161,4172.25391525589,4432.26169787942,4609.74955000195,4854.59369830329,5334.14724976535,4616.98663895068,3959.6151336463,4479.0323174263
4816.34331583892,4877.75538167197,4545.75295134295,5233.81814174851,4101.64756934484,3906.67796735508,5139.00862298317,3969.12258300158,4415.1755637643,5030.67964445287,4586.56845007924,4070.38018678958,4466.40070207786,3712.14614712327,4005.76968378245,5345.07139686493,4269.27507674161,4172.25391525589,4432.26169787942,4609.74955000195,4854.59369830329,5334.14724976535,4616.98663895068,3959.6151336463,4479.0323174263
4816.34331583892,4877.75538167197,4545.75295134295,5233.81814174851,4101.64756934484,3906.67796735508,5139.00862298317,3969.12258300158,4415.1755637643,5030.67964445287,4586.56845007924,4070.38018678958,4466.40070207786,3712.14614712327,4005.76968378245,5345.07139686493,4269.27507674161,4172.25391525589,4432.26169787942,4609.74955000195,4854.59369830329,5334.14724976535,4616.98663895068,3959.6151336463,4479.0323174263
4816.34331583892,4877.75538167197,4545.75295134295,5233.81814174851,4101.64756934484,3906.67796735508,5139.00862298317,3969.12258300158,4415.1755637643,5030.67964445287,4586.56845007924,4070.38018678958,4466.40070207786,3712.14614712327,4005.76968378245,5345.07139686493,4269.27507674161,4172.25391525589,4432.26169787942,4609.74955000195,4854.59369830329,5334.14724976535,4616.98663895068,3959.6151336463,4479.0323174263
4816.34331583892,4877.75538167197,4545.75295134295,5233.81814174851,4101.64756934484,3906.67796735508,5139.00862298317,3969.12258300158,4415.1755637643,5030.67964445287,4586.56845007924,4070.38018678958,4466.40070207786,3712.14614712327,4005.76968378245,5345.07139686493,4269.27507674161,4172.25391525589,4432.26169787942,4609.74955000195,4854.59369830329,5334.14724976535,4616.98663895068,3959.6151336463,4479.0323174263
4816.34331583892,4877.75538167197,4545.75295134295,5233.81814174851,4101.64756934484,3906.67796735508,5139.00862298317,3969.12258300158,4415.1755637643,5030.67964445287,4586.56845007924,4070.38018678958,4466.40070207786,3712.14614712327,4005.76968378245,5345.07139686493,4269.27507674161,4172.25391525589,4432.26169787942,4609.74955000195,4854.59369830329,5334.14724976535,4616.98663895068,3959.6151336463,4479.0323174263
4816.34331583892,4877.75538167197,4545.75295134295,5233.81814174851,4101.64756934484,3906.67796735508,5139.00862298317,3969.12258300158,4415.1755637643,5030.67964445287,4586.56845007924,4070.38018678958,4466.40070207786,3712.14614712327,4005.76968378245,5345.07139686493,4269.27507674161,4172.25391525589,4432.26169787942,4609.74955000195,4854.59369830329,5334.14724976535,4616.98663895068,3959.6151336463,4479.0323174263
4816.34331583892,4877.75538167197,4545.75295134295,5233.81814174851,4101.64756934484,3906.67796735508,5139.00862298317,3969.12258300158,4415.1755637643,5030.67964445287,4586.56845007924,4070.38018678958,4466.40070207786,3712.14614712327,4005.76968378245,5345.07139686493,4269.27507674161,4172.25391525589,4432.26169787942,4609.74955000195,4854.59369830329,5334.14724976535,4616.98663895068,3959.6151336463,4479.0323174263
4816.34331583892,4877.75538167197,4545.75295134295,5233.81814174851,4101.64756934484,3906.67796735508,5139.00862298317,3969.12258300158,4415.1755637643,5030.67964445287,4586.56845007924,4070.38018678958,4466.40070207786,3712.14614712327,4005.76968378245,5345.07139686493,4269.27507674161,4172.25391525589,4432.26169787942,4609.74955000195,4854.59369830329,5334.14724976535,4616.98663895068,3959.6151336463,4479.0323174263
4816.34331583892,4877.75538167197,4545.75295134295,5233.81814174851,4101.64756934484,3906.67796735508,5139.00862298317,3969.12258300158,4415.1755637643,5030.67964445287,4586.56845007924,4070.38018678958,4466.40070207786,3712.14614712327,4005.76968378245,5345.07139686493,4269.27507674161,4172.25391525589,4432.26169787942,4609.74955000195,4854.59369830329,5334.14724976535,4616.98663895068,3959.6151336463,4479.0323174263
4816.34331583892,4877.75538167197,4545.75295134295,5233.81814174851,4101.64756934484,3906.67796735508,5139.00862298317,3969.12258300158,4415.1755637643,5030.67964445287,4586.56845007924,4070.38018678958,4466.40070207786,3712.14614712327,4005.76968378245,5345.07139686493,4269.27507674161,4172.25391525589,4432.26169787942,4609.74955000195,4854.59369830329,5334.14724976535,4616.98663895068,3959.6151336463,4479.0323174263
4816.34331583892,4877.75538167197,4545.75295134295,5233.81814174851,4101.64756934484,3906.67796735508,5139.00862298317,3969.12258300158,4415.1755637643,5030.67964445287,4586.56845007924,4070.38018678958,4466.40070207786,3712.14614712327,4005.76968378245,5345.07139686493,4269.27507674161,4172.25391525589,4432.26169787942,4609.74955000195,4854.59369830329,5334.14724976535,4616.98663895068,3959.6151336463,4479.0323174263
4816.34331583892,4877.75538167197,4545.75295134295,5233.81814174851,4101.64756934484,3906.67796735508,5139.00862298317,3969.12258300158,4415.1755637643,5030.67964445287,4586.56845007924,4070.38018678958,4466.40070207786,3712.14614712327,4005.76968378245,5345.07139686493,4269.27507674161,4172.25391525589,4432.26169787942,4609.74955000195,4854.59369830329,5334.14724976535,4616.98663895068,3959.6151336463,4479.0323174263
4816.34331583892,4877.75538167197,4545.75295134295,5233.81814174851,4101.64756934484,3906.67796735508,5139.00862298317,3969.12258300158,4415.1755637643,5030.67964445287,4586.56845007924,4070.38018678958,4466.40070207786,3712.14614712327,4005.76968378245,5345.07139686493,4269.27507674161,4172.25391525589,4432.26169787942,4609.74955000195,4854.59369830329,5334.14724976535,4616.98663895068,3959.6151336463,4479.0323174263
4816.34331583892,4877.75538167197,4545.75295134295,5233.81814174851,4101.64756934484,3906.67796735508,5139.00862298317,3969.12258300158,4415.1755637643,5030.67964445287,4586.56845007924,4070.38018678958,4466.40070207786,3712.14614712327,4005.76968378245,5345.07139686493,4269.27507674161,4172.25391525589,4432.26169787942,4609.74955000195,4854.59369830329,5334.14724976535,4616.98663895068,3959.6151336463,4479.0323174263
4816.34331583892,4877.75538167197,4545.75295134295,5233.81814174851,4101.64756934484,3906.67796735508,5139.00862298317,3969.12258300158,4415.1755637643,5030.67964445287,4586.56845007924,4070.38018678958,4466.40070207786,3712.14614712327,4005.76968378245,5345.07139686493,4269.27507674161,4172.25391525589,4432.26169787942,4609.74955000195,4854.59369830329,5334.14724976535,4616.98663895068,3959.6151336463,4479.0323174263
4816.34331583892,4877.75538167197,4545.75295134295,5233.81814174851,4101.64756934484,3906.67796735508,5139.00862298317,3969.12258300158,4415.1755637643,5030.67964445287,4586.56845007924,4070.38018678958,4466.40070207786,3712.14614712327,4005.76968378245,5345.07139686493,4269.27507674161,4172.25391525589,4432.26169787942,4609.74955000195,4854.59369830329,5334.14724976535,4616.98663895068,3959.6151336463,4479.0323174263
4816.34331583892,4877.75538167197,4545.75295134295,5233.81814174851,4101.64756934484,3906.67796735508,5139.00862298317,3969.12258300158,4415.1755637643,5030.67964445287,4586.56845007924,4070.38018678958,4466.40070207786,3712.14614712327,4005.76968378245,5345.07139686493,4269.27507674161,4172.25391525589,4432.26169787942,4609.74955000195,4854.59369830329,5334.14724976535,4616.98663895068,3959.6151336463,4479.0323174263
4816.34331583892,4877.75538167197,4545.75295134295,5233.81814174851,4101.64756934484,3906.67796735508,5139.00862298317,3969.12258300158,4415.1755637643,5030.67964445287,4586.56845007924,4070.38018678958,4466.40070207786,3712.14614712327,4005.76968378245,5345.07139686493,4269.27507674161,4172.25391525589,4432.26169787942,4609.74955000195,4854.59369830329,5334.14724976535,4616.98663895068,3959.6151336463,4479.0323174263
4816.34331583892,4877.75538167197,4545.75295134295,5233.81814174851,4101.64756934484,3906.67796735508,5139.00862298317,3969.12258300158,4415.1755637643,5030.67964445287,4586.56845007924,4070.38018678958,4466.40070207786,3712.14614712327,4005.76968378245,5345.07139686493,4269.27507674161,4172.25391525589,4432.26169787942,4609.74955000195,4854.59369830329,5334.14724976535,4616.98663895068,3959.6151336463,4479.0323174263
4816.34331583892,4877.75538167197,4545.75295134295,5233.81814174851,4101.64756934484,3906.67796735508,5139.00862298317,3969.12258300158,4415.1755637643,5030.67964445287,4586.56845007924,4070.38018678958,4466.40070207786,3712.14614712327,4005.76968378245,5345.07139686493,4269.27507674161,4172.25391525589,4432.26169787942,4609.74955000195,4854.59369830329,5334.14724976535,4616.98663895068,3959.6151336463,4479.0323174263
4816.34331583892,4877.75538167197,4545.75295134295,5233.81814174851,4101.64756934484,3906.67796735508,5139.00862298317,3969.12258300158,4415.1755637643,5030.67964445287,4586.56845007924,4070.38018678958,4466.40070207786,3712.14614712327,4005.76968378245,5345.07139686493,4269.27507674161,4172.25391525589,4432.26169787942,4609.74955000195,4854.59369830329,5334.14724976535,4616.98663895068,3959.6151336463,4479.0323174263
4816.34331583892,4877.75538167197,4545.75295134295,5233.81814174851,4101.64756934484,3906.67796735508,5139.00862298317,3969.12258300158,4415.1755637643,5030.67964445287,4586.56845007924,4070.38018678958,4466.40070207786,3712.14614712327,4005.76968378245,5345.07139686493,4269.27507674161,4172.25391525589,4432.26169787942,4609.74955000195,4854.59369830329,5334.14724976535,4616.98663895068,3959.6151336463,4479.0323174263
4816.34331583892,4877.75538167197,4545.75295134295,5233.81814174851,4101.64756934484,3906.67796735508,5139.00862298317,3969.12258300158,4415.1755637643,5030.67964445287,4586.56845007924,4070.38018678958,4466.40070207786,3712.14614712327,4005.76968378245,5345.07139686493,4269.27507674161,4172.25391525589,4432.26169787942,4609.74955000195,4854.59369830329,5334.14724976535,4616.98663895068,3959.6151336463,4479.0323174263
4816.34331583892,4877.75538167197,4545.75295134295,5233.81814174851,4101.64756934484,3906.67796735508,5139.00862298317,3969.12258300158,4415.1755637643,5030.67964445287,4586.56845007924,4070.38018678958,4466.40070207786,3712.14614712327,4005.76968378245,5345.07139686493,4269.27507674161,4172.25391525589,4432.26169787942,4609.74955000195,4854.59369830329,5334.14724976535,4616.98663895068,3959.6151336463,4479.0323174263
4816.34331583892,4877.75538167197,4545.75295134295,5233.81814174851,4101.64756934484,3906.67796735508,5139.00862298317,3969.12258300158,4415.1755637643,5030.67964445287,4586.56845007924,4070.38018678958,4466.40070207786,3712.14614712327,4005.76968378245,5345.07139686493,4269.27507674161,4172.25391525589,4432.26169787942,4609.74955000195,4854.59369830329,5334.14724976535,4616.98663895068,3959.6151336463,4479.0323174263
4816.34331583892,4877.75538167197,4545.75295134295,5233.81814174851,4101.64756934484,3906.67796735508,5139.00862298317,3969.12258300158,4415.1755637643,5030.67964445287,4586.56845007924,4070.38018678958,4466.40070207786,3712.14614712327,4005.76968378245,5345.07139686493,4269.27507674161,4172.25391525589,4432.26169787942,4609.74955000195,4854.59369830329,5334.14724976535,4616.98663895068,3959.6151336463,4479.0323174263
4816.34331583892,4877.75538167197,4545.75295134295,5233.81814174851,4101.64756934484,3906.67796735508,5139.00862298317,3969.12258300158,4415.1755637643,5030.67964445287,4586.56845007924,4070.38018678958,4466.40070207786,3712.14614712327,4005.76968378245,5345.07139686493,4269.27507674161,4172.25391525589,4432.26169787942,4609.74955000195,4854.59369830329,5334.14724976535,4616.98663895068,3959.6151336463,4479.0323174263
4816.34331583892,4877.75538167197,4545.75295134295,5233.81814174851,4101.64756934484,3906.67796735508,5139.00862298317,3969.12258300158,4415.1755637643,5030.67964445287,4586.56845007924,4070.38018678958,4466.40070207786,3712.14614712327,4005.76968378245,5345.07139686493,4269.27507674161,4172.25391525589,4432.26169787942,4609.74955000195,4854.59369830329,5334.14724976535,4616.98663895068,3959.6151336463,4479.0323174263
4816.34331583892,4877.75538167197,4545.75295134295,5233.81814174851,4101.64756934484,3906.67796735508,5139.00862298317,3969.12258300158,4415.1755637643,5030.67964445287,4586.56845007924,4070.38018678958,4466.40070207786,3712.14614712327,4005.76968378245,5345.07139686493,4269.27507674161,4172.25391525589,4432.26169787942,4609.74955000195,4854.59369830329,5334.14724976535,4616.98663895068,3959.6151336463,4479.0323174263
4816.34331583892,4877.75538167197,4545.75295134295,5233.81814174851,4101.64756934484,3906.67796735508,5139.00862298317,3969.12258300158,4415.1755637643,5030.67964445287,4586.56845007924,4070.38018678958,4466.40070207786,3712.14614712327,4005.76968378245,5345.07139686493,4269.27507674161,4172.25391525589,4432.26169787942,4609.74955000195,4854.59369830329,5334.14724976535,4616.98663895068,3959.6151336463,4479.0323174263
4816.34331583892,4877.75538167197,4545.75295134295,5233.81814174851,4101.64756934484,3906.67796735508,5139.00862298317,3969.12258300158,4415.1755637643,5030.67964445287,4586.56845007924,4070.38018678958,4466.40070207786,3712.14614712327,4005.76968378245,5345.07139686493,4269.27507674161,4172.25391525589,4432.26169787942,4609.74955000195,4854.59369830329,5334.14724976535,4616.98663895068,3959.6151336463,4479.0323174263
4816.34331583892,4877.75538167197,4545.75295134295,5233.81814174851,4101.64756934484,3906.67796735508,5139.00862298317,3969.12258300158,4415.1755637643,5030.67964445287,4586.56845007924,4070.38018678958,4466.40070207786,3712.14614712327,4005.76968378245,5345.07139686493,4269.27507674161,4172.25391525589,4432.26169787942,4609.74955000195,4854.59369830329,5334.14724976535,4616.98663895068,3959.6151336463,4479.0323174263
4816.34331583892,4877.75538167197,4545.75295134295,5233.81814174851,4101.64756934484,3906.67796735508,5139.00862298317,3969.12258300158,4415.1755637643,5030.67964445287,4586.56845007924,4070.38018678958,4466.40070207786,3712.14614712327,4005.76968378245,5345.07139686493,4269.27507674161,4172.25391525589,4432.26169787942,4609.74955000195,4854.59369830329,5334.14724976535,4616.98663895068,3959.6151336463,4479.0323174263
4816.34331583892,4877.75538167197,4545.75295134295,5233.81814174851,4101.64756934484,3906.67796735508,5139.00862298317,3969.12258300158,4415.1755637643,5030.67964445287,4586.56845007924,4070.38018678958,4466.40070207786,3712.14614712327,4005.76968378245,5345.07139686493,4269.27507674161,4172.25391525589,4432.26169787942,4609.74955000195,4854.59369830329,5334.14724976535,4616.98663895068,3959.6151336463,4479.0323174263
4816.34331583892,4877.75538167197,4545.75295134295,5233.81814174851,4101.64756934484,3906.67796735508,5139.00862298317,3969.12258300158,4415.1755637643,5030.67964445287,4586.56845007924,4070.38018678958,4466.40070207786,3712.14614712327,4005.76968378245,5345.07139686493,4269.27507674161,4172.25391525589,4432.26169787942,4609.74955000195,4854.59369830329,5334.14724976535,4616.98663895068,3959.6151336463,4479.0323174263
4816.34331583892,4877.75538167197,4545.75295134295,5233.81814174851,4101.64756934484,3906.67796735508,5139.00862298317,3969.12258300158,4415.1755637643,5030.67964445287,4586.56845007924,4070.38018678958,4466.40070207786,3712.14614712327,4005.76968378245,5345.07139686493,4269.27507674161,4172.25391525589,4432.26169787942,4609.74955000195,4854.59369830329,5334.14724976535,4616.98663895068,3959.6151336463,4479.0323174263
4816.34331583892,4877.75538167197,4545.75295134295,5233.81814174851,4101.64756934484,3906.67796735508,5139.00862298317,3969.12258300158,4415.1755637643,5030.67964445287,4586.56845007924,4070.38018678958,4466.40070207786,3712.14614712327,4005.76968378245,5345.07139686493,4269.27507674161,4172.25391525589,4432.26169787942,4609.74955000195,4854.59369830329,5334.14724976535,4616.98663895068,3959.6151336463,4479.0323174263
4816.34331583892,4877.75538167197,4545.75295134295,5233.81814174851,4101.64756934484,3906.67796735508,5139.00862298317,3969.12258300158,4415.1755637643,5030.67964445287,4586.56845007924,4070.38018678958,4466.40070207786,3712.14614712327,4005.76968378245,5345.07139686493,4269.27507674161,4172.25391525589,4432.26169787942,4609.74955000195,4854.59369830329,5334.14724976535,4616.98663895068,3959.6151336463,4479.0323174263
4816.34331583892,4877.75538167197,4545.75295134295,5233.81814174851,4101.64756934484,3906.67796735508,5139.00862298317,3969.12258300158,4415.1755637643,5030.67964445287,4586.56845007924,4070.38018678958,4466.40070207786,3712.14614712327,4005.76968378245,5345.07139686493,4269.27507674161,4172.25391525589,4432.26169787942,4609.74955000195,4854.59369830329,5334.14724976535,4616.98663895068,3959.6151336463,4479.0323174263
4816.34331583892,4877.75538167197,4545.75295134295,5233.81814174851,4101.64756934484,3906.67796735508,5139.00862298317,3969.12258300158,4415.1755637643,5030.67964445287,4586.56845007924,4070.38018678958,4466.40070207786,3712.14614712327,4005.76968378245,5345.07139686493,4269.27507674161,4172.25391525589,4432.26169787942,4609.74955000195,4854.59369830329,5334.14724976535,4616.98663895068,3959.6151336463,4479.0323174263
4816.34331583892,4877.75538167197,4545.75295134295,5233.81814174851,4101.64756934484,3906.67796735508,5139.00862298317,3969.12258300158,4415.1755637643,5030.67964445287,4586.56845007924,4070.38018678958,4466.40070207786,3712.14614712327,4005.76968378245,5345.07139686493,4269.27507674161,4172.25391525589,4432.26169787942,4609.74955000195,4854.59369830329,5334.14724976535,4616.98663895068,3959.6151336463,4479.0323174263
4816.34331583892,4877.75538167197,4545.75295134295,5233.81814174851,4101.64756934484,3906.67796735508,5139.00862298317,3969.12258300158,4415.1755637643,5030.67964445287,4586.56845007924,4070.38018678958,4466.40070207786,3712.14614712327,4005.76968378245,5345.07139686493,4269.27507674161,4172.25391525589,4432.26169787942,4609.74955000195,4854.59369830329,5334.14724976535,4616.98663895068,3959.6151336463,4479.0323174263
4816.34331583892,4877.75538167197,4545.75295134295,5233.81814174851,4101.64756934484,3906.67796735508,5139.00862298317,3969.12258300158,4415.1755637643,5030.67964445287,4586.56845007924,4070.38018678958,4466.40070207786,3712.14614712327,4005.76968378245,5345.07139686493,4269.27507674161,4172.25391525589,4432.26169787942,4609.74955000195,4854.59369830329,5334.14724976535,4616.98663895068,3959.6151336463,4479.0323174263
4816.34331583892,4877.75538167197,4545.75295134295,5233.81814174851,4101.64756934484,3906.67796735508,5139.00862298317,3969.12258300158,4415.1755637643,5030.67964445287,4586.56845007924,4070.38018678958,4466.40070207786,3712.14614712327,4005.76968378245,5345.07139686493,4269.27507674161,4172.25391525589,4432.26169787942,4609.74955000195,4854.59369830329,5334.14724976535,4616.98663895068,3959.6151336463,4479.0323174263
4816.34331583892,4877.75538167197,4545.75295134295,5233.81814174851,4101.64756934484,3906.67796735508,5139.00862298317,3969.12258300158,4415.1755637643,5030.67964445287,4586.56845007924,4070.38018678958,4466.40070207786,3712.14614712327,4005.76968378245,5345.07139686493,4269.27507674161,4172.25391525589,4432.26169787942,4609.74955000195,4854.59369830329,5334.14724976535,4616.98663895068,3959.6151336463,4479.0323174263
4816.34331583892,4877.75538167197,4545.75295134295,5233.81814174851,4101.64756934484,3906.67796735508,5139.00862298317,3969.12258300158,4415.1755637643,5030.67964445287,4586.56845007924,4070.38018678958,4466.40070207786,3712.14614712327,4005.76968378245,5345.07139686493,4269.27507674161,4172.25391525589,4432.26169787942,4609.74955000195,4854.59369830329,5334.14724976535,4616.98663895068,3959.6151336463,4479.0323174263
4816.34331583892,4877.75538167197,4545.75295134295,5233.81814174851,4101.64756934484,3906.67796735508,5139.00862298317,3969.12258300158,4415.1755637643,5030.67964445287,4586.56845007924,4070.38018678958,4466.40070207786,3712.14614712327,4005.76968378245,5345.07139686493,4269.27507674161,4172.25391525589,4432.26169787942,4609.74955000195,4854.59369830329,5334.14724976535,4616.98663895068,3959.6151336463,4479.0323174263
4816.34331583892,4877.75538167197,4545.75295134295,5233.81814174851,4101.64756934484,3906.67796735508,5139.00862298317,3969.12258300158,4415.1755637643,5030.67964445287,4586.56845007924,4070.38018678958,4466.40070207786,3712.14614712327,4005.76968378245,5345.07139686493,4269.27507674161,4172.25391525589,4432.26169787942,4609.74955000195,4854.59369830329,5334.14724976535,4616.98663895068,3959.6151336463,4479.0323174263
4816.34331583892,4877.75538167197,4545.75295134295,5233.81814174851,4101.64756934484,3906.67796735508,5139.00862298317,3969.12258300158,4415.1755637643,5030.67964445287,4586.56845007924,4070.38018678958,4466.40070207786,3712.14614712327,4005.76968378245,5345.07139686493,4269.27507674161,4172.25391525589,4432.26169787942,4609.74955000195,4854.59369830329,5334.14724976535,4616.98663895068,3959.6151336463,4479.0323174263
4816.34331583892,4877.75538167197,4545.75295134295,5233.81814174851,4101.64756934484,3906.67796735508,5139.00862298317,3969.12258300158,4415.1755637643,5030.67964445287,4586.56845007924,4070.38018678958,4466.40070207786,3712.14614712327,4005.76968378245,5345.07139686493,4269.27507674161,4172.25391525589,4432.26169787942,4609.74955000195,4854.59369830329,5334.14724976535,4616.98663895068,3959.6151336463,4479.0323174263
4816.34331583892,4877.75538167197,4545.75295134295,5233.81814174851,4101.64756934484,3906.67796735508,5139.00862298317,3969.12258300158,4415.1755637643,5030.67964445287,4586.56845007924,4070.38018678958,4466.40070207786,3712.14614712327,4005.76968378245,5345.07139686493,4269.27507674161,4172.25391525589,4432.26169787942,4609.74955000195,4854.59369830329,5334.14724976535,4616.98663895068,3959.6151336463,4479.0323174263
4816.34331583892,4877.75538167197,4545.75295134295,5233.81814174851,4101.64756934484,3906.67796735508,5139.00862298317,3969.12258300158,4415.1755637643,5030.67964445287,4586.56845007924,4070.38018678958,4466.40070207786,3712.14614712327,4005.76968378245,5345.07139686493,4269.27507674161,4172.25391525589,4432.26169787942,4609.74955000195,4854.59369830329,5334.14724976535,4616.98663895068,3959.6151336463,4479.0323174263
4816.34331583892,4877.75538167197,4545.75295134295,5233.81814174851,4101.64756934484,3906.67796735508,5139.00862298317,3969.12258300158,4415.1755637643,5030.67964445287,4586.56845007924,4070.38018678958,4466.40070207786,3712.14614712327,4005.76968378245,5345.07139686493,4269.27507674161,4172.25391525589,4432.26169787942,4609.74955000195,4854.59369830329,5334.14724976535,4616.98663895068,3959.6151336463,4479.0323174263
4816.34331583892,4877.75538167197,4545.75295134295,5233.81814174851,4101.64756934484,3906.67796735508,5139.00862298317,3969.12258300158,4415.1755637643,5030.67964445287,4586.56845007924,4070.38018678958,4466.40070207786,3712.14614712327,4005.76968378245,5345.07139686493,4269.27507674161,4172.25391525589,4432.26169787942,4609.74955000195,4854.59369830329,5334.14724976535,4616.98663895068,3959.6151336463,4479.0323174263
4816.34331583892,4877.75538167197,4545.75295134295,5233.81814174851,4101.64756934484,3906.67796735508,5139.00862298317,3969.12258300158,4415.1755637643,5030.67964445287,4586.56845007924,4070.38018678958,4466.40070207786,3712.14614712327,4005.76968378245,5345.07139686493,4269.27507674161,4172.25391525589,4432.26169787942,4609.74955000195,4854.59369830329,5334.14724976535,4616.98663895068,3959.6151336463,4479.0323174263
4816.34331583892,4877.75538167197,4545.75295134295,5233.81814174851,4101.64756934484,3906.67796735508,5139.00862298317,3969.12258300158,4415.1755637643,5030.67964445287,4586.56845007924,4070.38018678958,4466.40070207786,3712.14614712327,4005.76968378245,5345.07139686493,4269.27507674161,4172.25391525589,4432.26169787942,4609.74955000195,4854.59369830329,5334.14724976535,4616.98663895068,3959.6151336463,4479.0323174263
4816.34331583892,4877.75538167197,4545.75295134295,5233.81814174851,4101.64756934484,3906.67796735508,5139.00862298317,3969.12258300158,4415.1755637643,5030.67964445287,4586.56845007924,4070.38018678958,4466.40070207786,3712.14614712327,4005.76968378245,5345.07139686493,4269.27507674161,4172.25391525589,4432.26169787942,4609.74955000195,4854.59369830329,5334.14724976535,4616.98663895068,3959.6151336463,4479.0323174263
4816.34331583892,4877.75538167197,4545.75295134295,5233.81814174851,4101.64756934484,3906.67796735508,5139.00862298317,3969.12258300158,4415.1755637643,5030.67964445287,4586.56845007924,4070.38018678958,4466.40070207786,3712.14614712327,4005.76968378245,5345.07139686493,4269.27507674161,4172.25391525589,4432.26169787942,4609.74955000195,4854.59369830329,5334.14724976535,4616.98663895068,3959.6151336463,4479.0323174263
4816.34331583892,4877.75538167197,4545.75295134295,5233.81814174851,4101.64756934484,3906.67796735508,5139.00862298317,3969.12258300158,4415.1755637643,5030.67964445287,4586.56845007924,4070.38018678958,4466.40070207786,3712.14614712327,4005.76968378245,5345.07139686493,4269.27507674161,4172.25391525589,4432.26169787942,4609.74955000195,4854.59369830329,5334.14724976535,4616.98663895068,3959.6151336463,4479.0323174263
4816.34331583892,4877.75538167197,4545.75295134295,5233.81814174851,4101.64756934484,3906.67796735508,5139.00862298317,3969.12258300158,4415.1755637643,5030.67964445287,4586.56845007924,4070.38018678958,4466.40070207786,3712.14614712327,4005.76968378245,5345.07139686493,4269.27507674161,4172.25391525589,4432.26169787942,4609.74955000195,4854.59369830329,5334.14724976535,4616.98663895068,3959.6151336463,4479.0323174263
4816.34331583892,4877.75538167197,4545.75295134295,5233.81814174851,4101.64756934484,3906.67796735508,5139.00862298317,3969.12258300158,4415.1755637643,5030.67964445287,4586.56845007924,4070.38018678958,4466.40070207786,3712.14614712327,4005.76968378245,5345.07139686493,4269.27507674161,4172.25391525589,4432.26169787942,4609.74955000195,4854.59369830329,5334.14724976535,4616.98663895068,3959.6151336463,4479.0323174263
4816.34331583892,4877.75538167197,4545.75295134295,5233.81814174851,4101.64756934484,3906.67796735508,5139.00862298317,3969.12258300158,4415.1755637643,5030.67964445287,4586.56845007924,4070.38018678958,4466.40070207786,3712.14614712327,4005.76968378245,5345.07139686493,4269.27507674161,4172.25391525589,4432.26169787942,4609.74955000195,4854.59369830329,5334.14724976535,4616.98663895068,3959.6151336463,4479.0323174263
4816.34331583892,4877.75538167197,4545.75295134295,5233.81814174851,4101.64756934484,3906.67796735508,5139.00862298317,3969.12258300158,4415.1755637643,5030.67964445287,4586.56845007924,4070.38018678958,4466.40070207786,3712.14614712327,4005.76968378245,5345.07139686493,4269.27507674161,4172.25391525589,4432.26169787942,4609.74955000195,4854.59369830329,5334.14724976535,4616.98663895068,3959.6151336463,4479.0323174263
4816.34331583892,4877.75538167197,4545.75295134295,5233.81814174851,4101.64756934484,3906.67796735508,5139.00862298317,3969.12258300158,4415.1755637643,5030.67964445287,4586.56845007924,4070.38018678958,4466.40070207786,3712.14614712327,4005.76968378245,5345.07139686493,4269.27507674161,4172.25391525589,4432.26169787942,4609.74955000195,4854.59369830329,5334.14724976535,4616.98663895068,3959.6151336463,4479.0323174263
4816.34331583892,4877.75538167197,4545.75295134295,5233.81814174851,4101.64756934484,3906.67796735508,5139.00862298317,3969.12258300158,4415.1755637643,5030.67964445287,4586.56845007924,4070.38018678958,4466.40070207786,3712.14614712327,4005.76968378245,5345.07139686493,4269.27507674161,4172.25391525589,4432.26169787942,4609.74955000195,4854.59369830329,5334.14724976535,4616.98663895068,3959.6151336463,4479.0323174263
4816.34331583892,4877.75538167197,4545.75295134295,5233.81814174851,4101.64756934484,3906.67796735508,5139.00862298317,3969.12258300158,4415.1755637643,5030.67964445287,4586.56845007924,4070.38018678958,4466.40070207786,3712.14614712327,4005.76968378245,5345.07139686493,4269.27507674161,4172.25391525589,4432.26169787942,4609.74955000195,4854.59369830329,5334.14724976535,4616.98663895068,3959.6151336463,4479.0323174263
4816.34331583892,4877.75538167197,4545.75295134295,5233.81814174851,4101.64756934484,3906.67796735508,5139.00862298317,3969.12258300158,4415.1755637643,5030.67964445287,4586.56845007924,4070.38018678958,4466.40070207786,3712.14614712327,4005.76968378245,5345.07139686493,4269.27507674161,4172.25391525589,4432.26169787942,4609.74955000195,4854.59369830329,5334.14724976535,4616.98663895068,3959.6151336463,4479.0323174263
4816.34331583892,4877.75538167197,4545.75295134295,5233.81814174851,4101.64756934484,3906.67796735508,5139.00862298317,3969.12258300158,4415.1755637643,5030.67964445287,4586.56845007924,4070.38018678958,4466.40070207786,3712.14614712327,4005.76968378245,5345.07139686493,4269.27507674161,4172.25391525589,4432.26169787942,4609.74955000195,4854.59369830329,5334.14724976535,4616.98663895068,3959.6151336463,4479.0323174263
4816.34331583892,4877.75538167197,4545.75295134295,5233.81814174851,4101.64756934484,3906.67796735508,5139.00862298317,3969.12258300158,4415.1755637643,5030.67964445287,4586.56845007924,4070.38018678958,4466.40070207786,3712.14614712327,4005.76968378245,5345.07139686493,4269.27507674161,4172.25391525589,4432.26169787942,4609.74955000195,4854.59369830329,5334.14724976535,4616.98663895068,3959.6151336463,4479.0323174263
4816.34331583892,4877.75538167197,4545.75295134295,5233.81814174851,4101.64756934484,3906.67796735508,5139.00862298317,3969.12258300158,4415.1755637643,5030.67964445287,4586.56845007924,4070.38018678958,4466.40070207786,3712.14614712327,4005.76968378245,5345.07139686493,4269.27507674161,4172.25391525589,4432.26169787942,4609.74955000195,4854.59369830329,5334.14724976535,4616.98663895068,3959.6151336463,4479.0323174263
4816.34331583892,4877.75538167197,4545.75295134295,5233.81814174851,4101.64756934484,3906.67796735508,5139.00862298317,3969.12258300158,4415.1755637643,5030.67964445287,4586.56845007924,4070.38018678958,4466.40070207786,3712.14614712327,4005.76968378245,5345.07139686493,4269.27507674161,4172.25391525589,4432.26169787942,4609.74955000195,4854.59369830329,5334.14724976535,4616.98663895068,3959.6151336463,4479.0323174263
4816.34331583892,4877.75538167197,4545.75295134295,5233.81814174851,4101.64756934484,3906.67796735508,5139.00862298317,3969.12258300158,4415.1755637643,5030.67964445287,4586.56845007924,4070.38018678958,4466.40070207786,3712.14614712327,4005.76968378245,5345.07139686493,4269.27507674161,4172.25391525589,4432.26169787942,4609.74955000195,4854.59369830329,5334.14724976535,4616.98663895068,3959.6151336463,4479.0323174263
4816.34331583892,4877.75538167197,4545.75295134295,5233.81814174851,4101.64756934484,3906.67796735508,5139.00862298317,3969.12258300158,4415.1755637643,5030.67964445287,4586.56845007924,4070.38018678958,4466.40070207786,3712.14614712327,4005.76968378245,5345.07139686493,4269.27507674161,4172.25391525589,4432.26169787942,4609.74955000195,4854.59369830329,5334.14724976535,4616.98663895068,3959.6151336463,4479.0323174263
4816.34331583892,4877.75538167197,4545.75295134295,5233.81814174851,4101.64756934484,3906.67796735508,5139.00862298317,3969.12258300158,4415.1755637643,5030.67964445287,4586.56845007924,4070.38018678958,4466.40070207786,3712.14614712327,4005.76968378245,5345.07139686493,4269.27507674161,4172.25391525589,4432.26169787942,4609.74955000195,4854.59369830329,5334.14724976535,4616.98663895068,3959.6151336463,4479.0323174263
4816.34331583892,4877.75538167197,4545.75295134295,5233.81814174851,4101.64756934484,3906.67796735508,5139.00862298317,3969.12258300158,4415.1755637643,5030.67964445287,4586.56845007924,4070.38018678958,4466.40070207786,3712.14614712327,4005.76968378245,5345.07139686493,4269.27507674161,4172.25391525589,4432.26169787942,4609.74955000195,4854.59369830329,5334.14724976535,4616.98663895068,3959.6151336463,4479.0323174263
4816.34331583892,4877.75538167197,4545.75295134295,5233.81814174851,4101.64756934484,3906.67796735508,5139.00862298317,3969.12258300158,4415.1755637643,5030.67964445287,4586.56845007924,4070.38018678958,4466.40070207786,3712.14614712327,4005.76968378245,5345.07139686493,4269.27507674161,4172.25391525589,4432.26169787942,4609.74955000195,4854.59369830329,5334.14724976535,4616.98663895068,3959.6151336463,4479.0323174263
4816.34331583892,4877.75538167197,4545.75295134295,5233.81814174851,4101.64756934484,3906.67796735508,5139.00862298317,3969.12258300158,4415.1755637643,5030.67964445287,4586.56845007924,4070.38018678958,4466.40070207786,3712.14614712327,4005.76968378245,5345.07139686493,4269.27507674161,4172.25391525589,4432.26169787942,4609.74955000195,4854.59369830329,5334.14724976535,4616.98663895068,3959.6151336463,4479.0323174263
4816.34331583892,4877.75538167197,4545.75295134295,5233.81814174851,4101.64756934484,3906.67796735508,5139.00862298317,3969.12258300158,4415.1755637643,5030.67964445287,4586.56845007924,4070.38018678958,4466.40070207786,3712.14614712327,4005.76968378245,5345.07139686493,4269.27507674161,4172.25391525589,4432.26169787942,4609.74955000195,4854.59369830329,5334.14724976535,4616.98663895068,3959.6151336463,4479.0323174263
4816.34331583892,4877.75538167197,4545.75295134295,5233.81814174851,4101.64756934484,3906.67796735508,5139.00862298317,3969.12258300158,4415.1755637643,5030.67964445287,4586.56845007924,4070.38018678958,4466.40070207786,3712.14614712327,4005.76968378245,5345.07139686493,4269.27507674161,4172.25391525589,4432.26169787942,4609.74955000195,4854.59369830329,5334.14724976535,4616.98663895068,3959.6151336463,4479.0323174263
4816.34331583892,4877.75538167197,4545.75295134295,5233.81814174851,4101.64756934484,3906.67796735508,5139.00862298317,3969.12258300158,4415.1755637643,5030.67964445287,4586.56845007924,4070.38018678958,4466.40070207786,3712.14614712327,4005.76968378245,5345.07139686493,4269.27507674161,4172.25391525589,4432.26169787942,4609.74955000195,4854.59369830329,5334.14724976535,4616.98663895068,3959.6151336463,4479.0323174263
4816.34331583892,4877.75538167197,4545.75295134295,5233.81814174851,4101.64756934484,3906.67796735508,5139.00862298317,3969.12258300158,4415.1755637643,5030.67964445287,4586.56845007924,4070.38018678958,4466.40070207786,3712.14614712327,4005.76968378245,5345.07139686493,4269.27507674161,4172.25391525589,4432.26169787942,4609.74955000195,4854.59369830329,5334.14724976535,4616.98663895068,3959.6151336463,4479.0323174263
4816.34331583892,4877.75538167197,4545.75295134295,5233.81814174851,4101.64756934484,3906.67796735508,5139.00862298317,3969.12258300158,4415.1755637643,5030.67964445287,4586.56845007924,4070.38018678958,4466.40070207786,3712.14614712327,4005.76968378245,5345.07139686493,4269.27507674161,4172.25391525589,4432.26169787942,4609.74955000195,4854.59369830329,5334.14724976535,4616.98663895068,3959.6151336463,4479.0323174263
4816.34331583892,4877.75538167197,4545.75295134295,5233.81814174851,4101.64756934484,3906.67796735508,5139.00862298317,3969.12258300158,4415.1755637643,5030.67964445287,4586.56845007924,4070.38018678958,4466.40070207786,3712.14614712327,4005.76968378245,5345.07139686493,4269.27507674161,4172.25391525589,4432.26169787942,4609.74955000195,4854.59369830329,5334.14724976535,4616.98663895068,3959.6151336463,4479.0323174263
4816.34331583892,4877.75538167197,4545.75295134295,5233.81814174851,4101.64756934484,3906.67796735508,5139.00862298317,3969.12258300158,4415.1755637643,5030.67964445287,4586.56845007924,4070.38018678958,4466.40070207786,3712.14614712327,4005.76968378245,5345.07139686493,4269.27507674161,4172.25391525589,4432.26169787942,4609.74955000195,4854.59369830329,5334.14724976535,4616.98663895068,3959.6151336463,4479.0323174263
4816.34331583892,4877.75538167197,4545.75295134295,5233.81814174851,4101.64756934484,3906.67796735508,5139.00862298317,3969.12258300158,4415.1755637643,5030.67964445287,4586.56845007924,4070.38018678958,4466.40070207786,3712.14614712327,4005.76968378245,5345.07139686493,4269.27507674161,4172.25391525589,4432.26169787942,4609.74955000195,4854.59369830329,5334.14724976535,4616.98663895068,3959.6151336463,4479.0323174263
4816.34331583892,4877.75538167197,4545.75295134295,5233.81814174851,4101.64756934484,3906.67796735508,5139.00862298317,3969.12258300158,4415.1755637643,5030.67964445287,4586.56845007924,4070.38018678958,4466.40070207786,3712.14614712327,4005.76968378245,5345.07139686493,4269.27507674161,4172.25391525589,4432.26169787942,4609.74955000195,4854.59369830329,5334.14724976535,4616.98663895068,3959.6151336463,4479.0323174263
4816.34331583892,4877.75538167197,4545.75295134295,5233.81814174851,4101.64756934484,3906.67796735508,5139.00862298317,3969.12258300158,4415.1755637643,5030.67964445287,4586.56845007924,4070.38018678958,4466.40070207786,3712.14614712327,4005.76968378245,5345.07139686493,4269.27507674161,4172.25391525589,4432.26169787942,4609.74955000195,4854.59369830329,5334.14724976535,4616.98663895068,3959.6151336463,4479.0323174263
4816.34331583892,4877.75538167197,4545.75295134295,5233.81814174851,4101.64756934484,3906.67796735508,5139.00862298317,3969.12258300158,4415.1755637643,5030.67964445287,4586.56845007924,4070.38018678958,4466.40070207786,3712.14614712327,4005.76968378245,5345.07139686493,4269.27507674161,4172.25391525589,4432.26169787942,4609.74955000195,4854.59369830329,5334.14724976535,4616.98663895068,3959.6151336463,4479.0323174263
4816.34331583892,4877.75538167197,4545.75295134295,5233.81814174851,4101.64756934484,3906.67796735508,5139.00862298317,3969.12258300158,4415.1755637643,5030.67964445287,4586.56845007924,4070.38018678958,4466.40070207786,3712.14614712327,4005.76968378245,5345.07139686493,4269.27507674161,4172.25391525589,4432.26169787942,4609.74955000195,4854.59369830329,5334.14724976535,4616.98663895068,3959.6151336463,4479.0323174263
4816.34331583892,4877.75538167197,4545.75295134295,5233.81814174851,4101.64756934484,3906.67796735508,5139.00862298317,3969.12258300158,4415.1755637643,5030.67964445287,4586.56845007924,4070.38018678958,4466.40070207786,3712.14614712327,4005.76968378245,5345.07139686493,4269.27507674161,4172.25391525589,4432.26169787942,4609.74955000195,4854.59369830329,5334.14724976535,4616.98663895068,3959.6151336463,4479.0323174263
4816.34331583892,4877.75538167197,4545.75295134295,5233.81814174851,4101.64756934484,3906.67796735508,5139.00862298317,3969.12258300158,4415.1755637643,5030.67964445287,4586.56845007924,4070.38018678958,4466.40070207786,3712.14614712327,4005.76968378245,5345.07139686493,4269.27507674161,4172.25391525589,4432.26169787942,4609.74955000195,4854.59369830329,5334.14724976535,4616.98663895068,3959.6151336463,4479.0323174263
4816.34331583892,4877.75538167197,4545.75295134295,5233.81814174851,4101.64756934484,3906.67796735508,5139.00862298317,3969.12258300158,4415.1755637643,5030.67964445287,4586.56845007924,4070.38018678958,4466.40070207786,3712.14614712327,4005.76968378245,5345.07139686493,4269.27507674161,4172.25391525589,4432.26169787942,4609.74955000195,4854.59369830329,5334.14724976535,4616.98663895068,3959.6151336463,4479.0323174263
4816.34331583892,4877.75538167197,4545.75295134295,5233.81814174851,4101.64756934484,3906.67796735508,5139.00862298317,3969.12258300158,4415.1755637643,5030.67964445287,4586.56845007924,4070.38018678958,4466.40070207786,3712.14614712327,4005.76968378245,5345.07139686493,4269.27507674161,4172.25391525589,4432.26169787942,4609.74955000195,4854.59369830329,5334.14724976535,4616.98663895068,3959.6151336463,4479.0323174263
4816.34331583892,4877.75538167197,4545.75295134295,5233.81814174851,4101.64756934484,3906.67796735508,5139.00862298317,3969.12258300158,4415.1755637643,5030.67964445287,4586.56845007924,4070.38018678958,4466.40070207786,3712.14614712327,4005.76968378245,5345.07139686493,4269.27507674161,4172.25391525589,4432.26169787942,4609.74955000195,4854.59369830329,5334.14724976535,4616.98663895068,3959.6151336463,4479.0323174263
4816.34331583892,4877.75538167197,4545.75295134295,5233.81814174851,4101.64756934484,3906.67796735508,5139.00862298317,3969.12258300158,4415.1755637643,5030.67964445287,4586.56845007924,4070.38018678958,4466.40070207786,3712.14614712327,4005.76968378245,5345.07139686493,4269.27507674161,4172.25391525589,4432.26169787942,4609.74955000195,4854.59369830329,5334.14724976535,4616.98663895068,3959.6151336463,4479.0323174263
4816.34331583892,4877.75538167197,4545.75295134295,5233.81814174851,4101.64756934484,3906.67796735508,5139.00862298317,3969.12258300158,4415.1755637643,5030.67964445287,4586.56845007924,4070.38018678958,4466.40070207786,3712.14614712327,4005.76968378245,5345.07139686493,4269.27507674161,4172.25391525589,4432.26169787942,4609.74955000195,4854.59369830329,5334.14724976535,4616.98663895068,3959.6151336463,4479.0323174263
4816.34331583892,4877.75538167197,4545.75295134295,5233.81814174851,4101.64756934484,3906.67796735508,5139.00862298317,3969.12258300158,4415.1755637643,5030.67964445287,4586.56845007924,4070.38018678958,4466.40070207786,3712.14614712327,4005.76968378245,5345.07139686493,4269.27507674161,4172.25391525589,4432.26169787942,4609.74955000195,4854.59369830329,5334.14724976535,4616.98663895068,3959.6151336463,4479.0323174263
4816.34331583892,4877.75538167197,4545.75295134295,5233.81814174851,4101.64756934484,3906.67796735508,5139.00862298317,3969.12258300158,4415.1755637643,5030.67964445287,4586.56845007924,4070.38018678958,4466.40070207786,3712.14614712327,4005.76968378245,5345.07139686493,4269.27507674161,4172.25391525589,4432.26169787942,4609.74955000195,4854.59369830329,5334.14724976535,4616.98663895068,3959.6151336463,4479.0323174263
4816.34331583892,4877.75538167197,4545.75295134295,5233.81814174851,4101.64756934484,3906.67796735508,5139.00862298317,3969.12258300158,4415.1755637643,5030.67964445287,4586.56845007924,4070.38018678958,4466.40070207786,3712.14614712327,4005.76968378245,5345.07139686493,4269.27507674161,4172.25391525589,4432.26169787942,4609.74955000195,4854.59369830329,5334.14724976535,4616.98663895068,3959.6151336463,4479.0323174263
4816.34331583892,4877.75538167197,4545.75295134295,5233.81814174851,4101.64756934484,3906.67796735508,5139.00862298317,3969.12258300158,4415.1755637643,5030.67964445287,4586.56845007924,4070.38018678958,4466.40070207786,3712.14614712327,4005.76968378245,5345.07139686493,4269.27507674161,4172.25391525589,4432.26169787942,4609.74955000195,4854.59369830329,5334.14724976535,4616.98663895068,3959.6151336463,4479.0323174263
4816.34331583892,4877.75538167197,4545.75295134295,5233.81814174851,4101.64756934484,3906.67796735508,5139.00862298317,3969.12258300158,4415.1755637643,5030.67964445287,4586.56845007924,4070.38018678958,4466.40070207786,3712.14614712327,4005.76968378245,5345.07139686493,4269.27507674161,4172.25391525589,4432.26169787942,4609.74955000195,4854.59369830329,5334.14724976535,4616.98663895068,3959.6151336463,4479.0323174263
4816.34331583892,4877.75538167197,4545.75295134295,5233.81814174851,4101.64756934484,3906.67796735508,5139.00862298317,3969.12258300158,4415.1755637643,5030.67964445287,4586.56845007924,4070.38018678958,4466.40070207786,3712.14614712327,4005.76968378245,5345.07139686493,4269.27507674161,4172.25391525589,4432.26169787942,4609.74955000195,4854.59369830329,5334.14724976535,4616.98663895068,3959.6151336463,4479.0323174263
4816.34331583892,4877.75538167197,4545.75295134295,5233.81814174851,4101.64756934484,3906.67796735508,5139.00862298317,3969.12258300158,4415.1755637643,5030.67964445287,4586.56845007924,4070.38018678958,4466.40070207786,3712.14614712327,4005.76968378245,5345.07139686493,4269.27507674161,4172.25391525589,4432.26169787942,4609.74955000195,4854.59369830329,5334.14724976535,4616.98663895068,3959.6151336463,4479.0323174263
4816.34331583892,4877.75538167197,4545.75295134295,5233.81814174851,4101.64756934484,3906.67796735508,5139.00862298317,3969.12258300158,4415.1755637643,5030.67964445287,4586.56845007924,4070.38018678958,4466.40070207786,3712.14614712327,4005.76968378245,5345.07139686493,4269.27507674161,4172.25391525589,4432.26169787942,4609.74955000195,4854.59369830329,5334.14724976535,4616.98663895068,3959.6151336463,4479.0323174263
4816.34331583892,4877.75538167197,4545.75295134295,5233.81814174851,4101.64756934484,3906.67796735508,5139.00862298317,3969.12258300158,4415.1755637643,5030.67964445287,4586.56845007924,4070.38018678958,4466.40070207786,3712.14614712327,4005.76968378245,5345.07139686493,4269.27507674161,4172.25391525589,4432.26169787942,4609.74955000195,4854.59369830329,5334.14724976535,4616.98663895068,3959.6151336463,4479.0323174263
4816.34331583892,4877.75538167197,4545.75295134295,5233.81814174851,4101.64756934484,3906.67796735508,5139.00862298317,3969.12258300158,4415.1755637643,5030.67964445287,4586.56845007924,4070.38018678958,4466.40070207786,3712.14614712327,4005.76968378245,5345.07139686493,4269.27507674161,4172.25391525589,4432.26169787942,4609.74955000195,4854.59369830329,5334.14724976535,4616.98663895068,3959.6151336463,4479.0323174263
4816.34331583892,4877.75538167197,4545.75295134295,5233.81814174851,4101.64756934484,3906.67796735508,5139.00862298317,3969.12258300158,4415.1755637643,5030.67964445287,4586.56845007924,4070.38018678958,4466.40070207786,3712.14614712327,4005.76968378245,5345.07139686493,4269.27507674161,4172.25391525589,4432.26169787942,4609.74955000195,4854.59369830329,5334.14724976535,4616.98663895068,3959.6151336463,4479.0323174263
4816.34331583892,4877.75538167197,4545.75295134295,5233.81814174851,4101.64756934484,3906.67796735508,5139.00862298317,3969.12258300158,4415.1755637643,5030.67964445287,4586.56845007924,4070.38018678958,4466.40070207786,3712.14614712327,4005.76968378245,5345.07139686493,4269.27507674161,4172.25391525589,4432.26169787942,4609.74955000195,4854.59369830329,5334.14724976535,4616.98663895068,3959.6151336463,4479.0323174263
4816.34331583892,4877.75538167197,4545.75295134295,5233.81814174851,4101.64756934484,3906.67796735508,5139.00862298317,3969.12258300158,4415.1755637643,5030.67964445287,4586.56845007924,4070.38018678958,4466.40070207786,3712.14614712327,4005.76968378245,5345.07139686493,4269.27507674161,4172.25391525589,4432.26169787942,4609.74955000195,4854.59369830329,5334.14724976535,4616.98663895068,3959.6151336463,4479.0323174263
4816.34331583892,4877.75538167197,4545.75295134295,5233.81814174851,4101.64756934484,3906.67796735508,5139.00862298317,3969.12258300158,4415.1755637643,5030.67964445287,4586.56845007924,4070.38018678958,4466.40070207786,3712.14614712327,4005.76968378245,5345.07139686493,4269.27507674161,4172.25391525589,4432.26169787942,4609.74955000195,4854.59369830329,5334.14724976535,4616.98663895068,3959.6151336463,4479.0323174263
4816.34331583892,4877.75538167197,4545.75295134295,5233.81814174851,4101.64756934484,3906.67796735508,5139.00862298317,3969.12258300158,4415.1755637643,5030.67964445287,4586.56845007924,4070.38018678958,4466.40070207786,3712.14614712327,4005.76968378245,5345.07139686493,4269.27507674161,4172.25391525589,4432.26169787942,4609.74955000195,4854.59369830329,5334.14724976535,4616.98663895068,3959.6151336463,4479.0323174263
4816.34331583892,4877.75538167197,4545.75295134295,5233.81814174851,4101.64756934484,3906.67796735508,5139.00862298317,3969.12258300158,4415.1755637643,5030.67964445287,4586.56845007924,4070.38018678958,4466.40070207786,3712.14614712327,4005.76968378245,5345.07139686493,4269.27507674161,4172.25391525589,4432.26169787942,4609.74955000195,4854.59369830329,5334.14724976535,4616.98663895068,3959.6151336463,4479.0323174263
4816.34331583892,4877.75538167197,4545.75295134295,5233.81814174851,4101.64756934484,3906.67796735508,5139.00862298317,3969.12258300158,4415.1755637643,5030.67964445287,4586.56845007924,4070.38018678958,4466.40070207786,3712.14614712327,4005.76968378245,5345.07139686493,4269.27507674161,4172.25391525589,4432.26169787942,4609.74955000195,4854.59369830329,5334.14724976535,4616.98663895068,3959.6151336463,4479.0323174263
4816.34331583892,4877.75538167197,4545.75295134295,5233.81814174851,4101.64756934484,3906.67796735508,5139.00862298317,3969.12258300158,4415.1755637643,5030.67964445287,4586.56845007924,4070.38018678958,4466.40070207786,3712.14614712327,4005.76968378245,5345.07139686493,4269.27507674161,4172.25391525589,4432.26169787942,4609.74955000195,4854.59369830329,5334.14724976535,4616.98663895068,3959.6151336463,4479.0323174263
4816.34331583892,4877.75538167197,4545.75295134295,5233.81814174851,4101.64756934484,3906.67796735508,5139.00862298317,3969.12258300158,4415.1755637643,5030.67964445287,4586.56845007924,4070.38018678958,4466.40070207786,3712.14614712327,4005.76968378245,5345.07139686493,4269.27507674161,4172.25391525589,4432.26169787942,4609.74955000195,4854.59369830329,5334.14724976535,4616.98663895068,3959.6151336463,4479.0323174263
4816.34331583892,4877.75538167197,4545.75295134295,5233.81814174851,4101.64756934484,3906.67796735508,5139.00862298317,3969.12258300158,4415.1755637643,5030.67964445287,4586.56845007924,4070.38018678958,4466.40070207786,3712.14614712327,4005.76968378245,5345.07139686493,4269.27507674161,4172.25391525589,4432.26169787942,4609.74955000195,4854.59369830329,5334.14724976535,4616.98663895068,3959.6151336463,4479.0323174263
4816.34331583892,4877.75538167197,4545.75295134295,5233.81814174851,4101.64756934484,3906.67796735508,5139.00862298317,3969.12258300158,4415.1755637643,5030.67964445287,4586.56845007924,4070.38018678958,4466.40070207786,3712.14614712327,4005.76968378245,5345.07139686493,4269.27507674161,4172.25391525589,4432.26169787942,4609.74955000195,4854.59369830329,5334.14724976535,4616.98663895068,3959.6151336463,4479.0323174263
4816.34331583892,4877.75538167197,4545.75295134295,5233.81814174851,4101.64756934484,3906.67796735508,5139.00862298317,3969.12258300158,4415.1755637643,5030.67964445287,4586.56845007924,4070.38018678958,4466.40070207786,3712.14614712327,4005.76968378245,5345.07139686493,4269.27507674161,4172.25391525589,4432.26169787942,4609.74955000195,4854.59369830329,5334.14724976535,4616.98663895068,3959.6151336463,4479.0323174263
4816.34331583892,4877.75538167197,4545.75295134295,5233.81814174851,4101.64756934484,3906.67796735508,5139.00862298317,3969.12258300158,4415.1755637643,5030.67964445287,4586.56845007924,4070.38018678958,4466.40070207786,3712.14614712327,4005.76968378245,5345.07139686493,4269.27507674161,4172.25391525589,4432.26169787942,4609.74955000195,4854.59369830329,5334.14724976535,4616.98663895068,3959.6151336463,4479.0323174263
4816.34331583892,4877.75538167197,4545.75295134295,5233.81814174851,4101.64756934484,3906.67796735508,5139.00862298317,3969.12258300158,4415.1755637643,5030.67964445287,4586.56845007924,4070.38018678958,4466.40070207786,3712.14614712327,4005.76968378245,5345.07139686493,4269.27507674161,4172.25391525589,4432.26169787942,4609.74955000195,4854.59369830329,5334.14724976535,4616.98663895068,3959.6151336463,4479.0323174263
4816.34331583892,4877.75538167197,4545.75295134295,5233.81814174851,4101.64756934484,3906.67796735508,5139.00862298317,3969.12258300158,4415.1755637643,5030.67964445287,4586.56845007924,4070.38018678958,4466.40070207786,3712.14614712327,4005.76968378245,5345.07139686493,4269.27507674161,4172.25391525589,4432.26169787942,4609.74955000195,4854.59369830329,5334.14724976535,4616.98663895068,3959.6151336463,4479.0323174263
4816.34331583892,4877.75538167197,4545.75295134295,5233.81814174851,4101.64756934484,3906.67796735508,5139.00862298317,3969.12258300158,4415.1755637643,5030.67964445287,4586.56845007924,4070.38018678958,4466.40070207786,3712.14614712327,4005.76968378245,5345.07139686493,4269.27507674161,4172.25391525589,4432.26169787942,4609.74955000195,4854.59369830329,5334.14724976535,4616.98663895068,3959.6151336463,4479.0323174263
4816.34331583892,4877.75538167197,4545.75295134295,5233.81814174851,4101.64756934484,3906.67796735508,5139.00862298317,3969.12258300158,4415.1755637643,5030.67964445287,4586.56845007924,4070.38018678958,4466.40070207786,3712.14614712327,4005.76968378245,5345.07139686493,4269.27507674161,4172.25391525589,4432.26169787942,4609.74955000195,4854.59369830329,5334.14724976535,4616.98663895068,3959.6151336463,4479.0323174263
4816.34331583892,4877.75538167197,4545.75295134295,5233.81814174851,4101.64756934484,3906.67796735508,5139.00862298317,3969.12258300158,4415.1755637643,5030.67964445287,4586.56845007924,4070.38018678958,4466.40070207786,3712.14614712327,4005.76968378245,5345.07139686493,4269.27507674161,4172.25391525589,4432.26169787942,4609.74955000195,4854.59369830329,5334.14724976535,4616.98663895068,3959.6151336463,4479.0323174263
4816.34331583892,4877.75538167197,4545.75295134295,5233.81814174851,4101.64756934484,3906.67796735508,5139.00862298317,3969.12258300158,4415.1755637643,5030.67964445287,4586.56845007924,4070.38018678958,4466.40070207786,3712.14614712327,4005.76968378245,5345.07139686493,4269.27507674161,4172.25391525589,4432.26169787942,4609.74955000195,4854.59369830329,5334.14724976535,4616.98663895068,3959.6151336463,4479.0323174263
4816.34331583892,4877.75538167197,4545.75295134295,5233.81814174851,4101.64756934484,3906.67796735508,5139.00862298317,3969.12258300158,4415.1755637643,5030.67964445287,4586.56845007924,4070.38018678958,4466.40070207786,3712.14614712327,4005.76968378245,5345.07139686493,4269.27507674161,4172.25391525589,4432.26169787942,4609.74955000195,4854.59369830329,5334.14724976535,4616.98663895068,3959.6151336463,4479.0323174263
4816.34331583892,4877.75538167197,4545.75295134295,5233.81814174851,4101.64756934484,3906.67796735508,5139.00862298317,3969.12258300158,4415.1755637643,5030.67964445287,4586.56845007924,4070.38018678958,4466.40070207786,3712.14614712327,4005.76968378245,5345.07139686493,4269.27507674161,4172.25391525589,4432.26169787942,4609.74955000195,4854.59369830329,5334.14724976535,4616.98663895068,3959.6151336463,4479.0323174263
4816.34331583892,4877.75538167197,4545.75295134295,5233.81814174851,4101.64756934484,3906.67796735508,5139.00862298317,3969.12258300158,4415.1755637643,5030.67964445287,4586.56845007924,4070.38018678958,4466.40070207786,3712.14614712327,4005.76968378245,5345.07139686493,4269.27507674161,4172.25391525589,4432.26169787942,4609.74955000195,4854.59369830329,5334.14724976535,4616.98663895068,3959.6151336463,4479.0323174263
4816.34331583892,4877.75538167197,4545.75295134295,5233.81814174851,4101.64756934484,3906.67796735508,5139.00862298317,3969.12258300158,4415.1755637643,5030.67964445287,4586.56845007924,4070.38018678958,4466.40070207786,3712.14614712327,4005.76968378245,5345.07139686493,4269.27507674161,4172.25391525589,4432.26169787942,4609.74955000195,4854.59369830329,5334.14724976535,4616.98663895068,3959.6151336463,4479.0323174263
4816.34331583892,4877.75538167197,4545.75295134295,5233.81814174851,4101.64756934484,3906.67796735508,5139.00862298317,3969.12258300158,4415.1755637643,5030.67964445287,4586.56845007924,4070.38018678958,4466.40070207786,3712.14614712327,4005.76968378245,5345.07139686493,4269.27507674161,4172.25391525589,4432.26169787942,4609.74955000195,4854.59369830329,5334.14724976535,4616.98663895068,3959.6151336463,4479.0323174263
4816.34331583892,4877.75538167197,4545.75295134295,5233.81814174851,4101.64756934484,3906.67796735508,5139.00862298317,3969.12258300158,4415.1755637643,5030.67964445287,4586.56845007924,4070.38018678958,4466.40070207786,3712.14614712327,4005.76968378245,5345.07139686493,4269.27507674161,4172.25391525589,4432.26169787942,4609.74955000195,4854.59369830329,5334.14724976535,4616.98663895068,3959.6151336463,4479.0323174263
4816.34331583892,4877.75538167197,4545.75295134295,5233.81814174851,4101.64756934484,3906.67796735508,5139.00862298317,3969.12258300158,4415.1755637643,5030.67964445287,4586.56845007924,4070.38018678958,4466.40070207786,3712.14614712327,4005.76968378245,5345.07139686493,4269.27507674161,4172.25391525589,4432.26169787942,4609.74955000195,4854.59369830329,5334.14724976535,4616.98663895068,3959.6151336463,4479.0323174263
4816.34331583892,4877.75538167197,4545.75295134295,5233.81814174851,4101.64756934484,3906.67796735508,5139.00862298317,3969.12258300158,4415.1755637643,5030.67964445287,4586.56845007924,4070.38018678958,4466.40070207786,3712.14614712327,4005.76968378245,5345.07139686493,4269.27507674161,4172.25391525589,4432.26169787942,4609.74955000195,4854.59369830329,5334.14724976535,4616.98663895068,3959.6151336463,4479.0323174263
4816.34331583892,4877.75538167197,4545.75295134295,5233.81814174851,4101.64756934484,3906.67796735508,5139.00862298317,3969.12258300158,4415.1755637643,5030.67964445287,4586.56845007924,4070.38018678958,4466.40070207786,3712.14614712327,4005.76968378245,5345.07139686493,4269.27507674161,4172.25391525589,4432.26169787942,4609.74955000195,4854.59369830329,5334.14724976535,4616.98663895068,3959.6151336463,4479.0323174263
4816.34331583892,4877.75538167197,4545.75295134295,5233.81814174851,4101.64756934484,3906.67796735508,5139.00862298317,3969.12258300158,4415.1755637643,5030.67964445287,4586.56845007924,4070.38018678958,4466.40070207786,3712.14614712327,4005.76968378245,5345.07139686493,4269.27507674161,4172.25391525589,4432.26169787942,4609.74955000195,4854.59369830329,5334.14724976535,4616.98663895068,3959.6151336463,4479.0323174263
4816.34331583892,4877.75538167197,4545.75295134295,5233.81814174851,4101.64756934484,3906.67796735508,5139.00862298317,3969.12258300158,4415.1755637643,5030.67964445287,4586.56845007924,4070.38018678958,4466.40070207786,3712.14614712327,4005.76968378245,5345.07139686493,4269.27507674161,4172.25391525589,4432.26169787942,4609.74955000195,4854.59369830329,5334.14724976535,4616.98663895068,3959.6151336463,4479.0323174263
4816.34331583892,4877.75538167197,4545.75295134295,5233.81814174851,4101.64756934484,3906.67796735508,5139.00862298317,3969.12258300158,4415.1755637643,5030.67964445287,4586.56845007924,4070.38018678958,4466.40070207786,3712.14614712327,4005.76968378245,5345.07139686493,4269.27507674161,4172.25391525589,4432.26169787942,4609.74955000195,4854.59369830329,5334.14724976535,4616.98663895068,3959.6151336463,4479.0323174263
4816.34331583892,4877.75538167197,4545.75295134295,5233.81814174851,4101.64756934484,3906.67796735508,5139.00862298317,3969.12258300158,4415.1755637643,5030.67964445287,4586.56845007924,4070.38018678958,4466.40070207786,3712.14614712327,4005.76968378245,5345.07139686493,4269.27507674161,4172.25391525589,4432.26169787942,4609.74955000195,4854.59369830329,5334.14724976535,4616.98663895068,3959.6151336463,4479.0323174263
4816.34331583892,4877.75538167197,4545.75295134295,5233.81814174851,4101.64756934484,3906.67796735508,5139.00862298317,3969.12258300158,4415.1755637643,5030.67964445287,4586.56845007924,4070.38018678958,4466.40070207786,3712.14614712327,4005.76968378245,5345.07139686493,4269.27507674161,4172.25391525589,4432.26169787942,4609.74955000195,4854.59369830329,5334.14724976535,4616.98663895068,3959.6151336463,4479.0323174263
4816.34331583892,4877.75538167197,4545.75295134295,5233.81814174851,4101.64756934484,3906.67796735508,5139.00862298317,3969.12258300158,4415.1755637643,5030.67964445287,4586.56845007924,4070.38018678958,4466.40070207786,3712.14614712327,4005.76968378245,5345.07139686493,4269.27507674161,4172.25391525589,4432.26169787942,4609.74955000195,4854.59369830329,5334.14724976535,4616.98663895068,3959.6151336463,4479.0323174263
4816.34331583892,4877.75538167197,4545.75295134295,5233.81814174851,4101.64756934484,3906.67796735508,5139.00862298317,3969.12258300158,4415.1755637643,5030.67964445287,4586.56845007924,4070.38018678958,4466.40070207786,3712.14614712327,4005.76968378245,5345.07139686493,4269.27507674161,4172.25391525589,4432.26169787942,4609.74955000195,4854.59369830329,5334.14724976535,4616.98663895068,3959.6151336463,4479.0323174263
4816.34331583892,4877.75538167197,4545.75295134295,5233.81814174851,4101.64756934484,3906.67796735508,5139.00862298317,3969.12258300158,4415.1755637643,5030.67964445287,4586.56845007924,4070.38018678958,4466.40070207786,3712.14614712327,4005.76968378245,5345.07139686493,4269.27507674161,4172.25391525589,4432.26169787942,4609.74955000195,4854.59369830329,5334.14724976535,4616.98663895068,3959.6151336463,4479.0323174263
4816.34331583892,4877.75538167197,4545.75295134295,5233.81814174851,4101.64756934484,3906.67796735508,5139.00862298317,3969.12258300158,4415.1755637643,5030.67964445287,4586.56845007924,4070.38018678958,4466.40070207786,3712.14614712327,4005.76968378245,5345.07139686493,4269.27507674161,4172.25391525589,4432.26169787942,4609.74955000195,4854.59369830329,5334.14724976535,4616.98663895068,3959.6151336463,4479.0323174263
4816.34331583892,4877.75538167197,4545.75295134295,5233.81814174851,4101.64756934484,3906.67796735508,5139.00862298317,3969.12258300158,4415.1755637643,5030.67964445287,4586.56845007924,4070.38018678958,4466.40070207786,3712.14614712327,4005.76968378245,5345.07139686493,4269.27507674161,4172.25391525589,4432.26169787942,4609.74955000195,4854.59369830329,5334.14724976535,4616.98663895068,3959.6151336463,4479.0323174263
4816.34331583892,4877.75538167197,4545.75295134295,5233.81814174851,4101.64756934484,3906.67796735508,5139.00862298317,3969.12258300158,4415.1755637643,5030.67964445287,4586.56845007924,4070.38018678958,4466.40070207786,3712.14614712327,4005.76968378245,5345.07139686493,4269.27507674161,4172.25391525589,4432.26169787942,4609.74955000195,4854.59369830329,5334.14724976535,4616.98663895068,3959.6151336463,4479.0323174263
4816.34331583892,4877.75538167197,4545.75295134295,5233.81814174851,4101.64756934484,3906.67796735508,5139.00862298317,3969.12258300158,4415.1755637643,5030.67964445287,4586.56845007924,4070.38018678958,4466.40070207786,3712.14614712327,4005.76968378245,5345.07139686493,4269.27507674161,4172.25391525589,4432.26169787942,4609.74955000195,4854.59369830329,5334.14724976535,4616.98663895068,3959.6151336463,4479.0323174263
4816.34331583892,4877.75538167197,4545.75295134295,5233.81814174851,4101.64756934484,3906.67796735508,5139.00862298317,3969.12258300158,4415.1755637643,5030.67964445287,4586.56845007924,4070.38018678958,4466.40070207786,3712.14614712327,4005.76968378245,5345.07139686493,4269.27507674161,4172.25391525589,4432.26169787942,4609.74955000195,4854.59369830329,5334.14724976535,4616.98663895068,3959.6151336463,4479.0323174263
4816.34331583892,4877.75538167197,4545.75295134295,5233.81814174851,4101.64756934484,3906.67796735508,5139.00862298317,3969.12258300158,4415.1755637643,5030.67964445287,4586.56845007924,4070.38018678958,4466.40070207786,3712.14614712327,4005.76968378245,5345.07139686493,4269.27507674161,4172.25391525589,4432.26169787942,4609.74955000195,4854.59369830329,5334.14724976535,4616.98663895068,3959.6151336463,4479.0323174263
4816.34331583892,4877.75538167197,4545.75295134295,5233.81814174851,4101.64756934484,3906.67796735508,5139.00862298317,3969.12258300158,4415.1755637643,5030.67964445287,4586.56845007924,4070.38018678958,4466.40070207786,3712.14614712327,4005.76968378245,5345.07139686493,4269.27507674161,4172.25391525589,4432.26169787942,4609.74955000195,4854.59369830329,5334.14724976535,4616.98663895068,3959.6151336463,4479.0323174263
4816.34331583892,4877.75538167197,4545.75295134295,5233.81814174851,4101.64756934484,3906.67796735508,5139.00862298317,3969.12258300158,4415.1755637643,5030.67964445287,4586.56845007924,4070.38018678958,4466.40070207786,3712.14614712327,4005.76968378245,5345.07139686493,4269.27507674161,4172.25391525589,4432.26169787942,4609.74955000195,4854.59369830329,5334.14724976535,4616.98663895068,3959.6151336463,4479.0323174263
4816.34331583892,4877.75538167197,4545.75295134295,5233.81814174851,4101.64756934484,3906.67796735508,5139.00862298317,3969.12258300158,4415.1755637643,5030.67964445287,4586.56845007924,4070.38018678958,4466.40070207786,3712.14614712327,4005.76968378245,5345.07139686493,4269.27507674161,4172.25391525589,4432.26169787942,4609.74955000195,4854.59369830329,5334.14724976535,4616.98663895068,3959.6151336463,4479.0323174263
4816.34331583892,4877.75538167197,4545.75295134295,5233.81814174851,4101.64756934484,3906.67796735508,5139.00862298317,3969.12258300158,4415.1755637643,5030.67964445287,4586.56845007924,4070.38018678958,4466.40070207786,3712.14614712327,4005.76968378245,5345.07139686493,4269.27507674161,4172.25391525589,4432.26169787942,4609.74955000195,4854.59369830329,5334.14724976535,4616.98663895068,3959.6151336463,4479.0323174263
4816.34331583892,4877.75538167197,4545.75295134295,5233.81814174851,4101.64756934484,3906.67796735508,5139.00862298317,3969.12258300158,4415.1755637643,5030.67964445287,4586.56845007924,4070.38018678958,4466.40070207786,3712.14614712327,4005.76968378245,5345.07139686493,4269.27507674161,4172.25391525589,4432.26169787942,4609.74955000195,4854.59369830329,5334.14724976535,4616.98663895068,3959.6151336463,4479.0323174263
4816.34331583892,4877.75538167197,4545.75295134295,5233.81814174851,4101.64756934484,3906.67796735508,5139.00862298317,3969.12258300158,4415.1755637643,5030.67964445287,4586.56845007924,4070.38018678958,4466.40070207786,3712.14614712327,4005.76968378245,5345.07139686493,4269.27507674161,4172.25391525589,4432.26169787942,4609.74955000195,4854.59369830329,5334.14724976535,4616.98663895068,3959.6151336463,4479.0323174263
4816.34331583892,4877.75538167197,4545.75295134295,5233.81814174851,4101.64756934484,3906.67796735508,5139.00862298317,3969.12258300158,4415.1755637643,5030.67964445287,4586.56845007924,4070.38018678958,4466.40070207786,3712.14614712327,4005.76968378245,5345.07139686493,4269.27507674161,4172.25391525589,4432.26169787942,4609.74955000195,4854.59369830329,5334.14724976535,4616.98663895068,3959.6151336463,4479.0323174263
4816.34331583892,4877.75538167197,4545.75295134295,5233.81814174851,4101.64756934484,3906.67796735508,5139.00862298317,3969.12258300158,4415.1755637643,5030.67964445287,4586.56845007924,4070.38018678958,4466.40070207786,3712.14614712327,4005.76968378245,5345.07139686493,4269.27507674161,4172.25391525589,4432.26169787942,4609.74955000195,4854.59369830329,5334.14724976535,4616.98663895068,3959.6151336463,4479.0323174263
4816.34331583892,4877.75538167197,4545.75295134295,5233.81814174851,4101.64756934484,3906.67796735508,5139.00862298317,3969.12258300158,4415.1755637643,5030.67964445287,4586.56845007924,4070.38018678958,4466.40070207786,3712.14614712327,4005.76968378245,5345.07139686493,4269.27507674161,4172.25391525589,4432.26169787942,4609.74955000195,4854.59369830329,5334.14724976535,4616.98663895068,3959.6151336463,4479.0323174263
4816.34331583892,4877.75538167197,4545.75295134295,5233.81814174851,4101.64756934484,3906.67796735508,5139.00862298317,3969.12258300158,4415.1755637643,5030.67964445287,4586.56845007924,4070.38018678958,4466.40070207786,3712.14614712327,4005.76968378245,5345.07139686493,4269.27507674161,4172.25391525589,4432.26169787942,4609.74955000195,4854.59369830329,5334.14724976535,4616.98663895068,3959.6151336463,4479.0323174263
4816.34331583892,4877.75538167197,4545.75295134295,5233.81814174851,4101.64756934484,3906.67796735508,5139.00862298317,3969.12258300158,4415.1755637643,5030.67964445287,4586.56845007924,4070.38018678958,4466.40070207786,3712.14614712327,4005.76968378245,5345.07139686493,4269.27507674161,4172.25391525589,4432.26169787942,4609.74955000195,4854.59369830329,5334.14724976535,4616.98663895068,3959.6151336463,4479.0323174263
4816.34331583892,4877.75538167197,4545.75295134295,5233.81814174851,4101.64756934484,3906.67796735508,5139.00862298317,3969.12258300158,4415.1755637643,5030.67964445287,4586.56845007924,4070.38018678958,4466.40070207786,3712.14614712327,4005.76968378245,5345.07139686493,4269.27507674161,4172.25391525589,4432.26169787942,4609.74955000195,4854.59369830329,5334.14724976535,4616.98663895068,3959.6151336463,4479.0323174263
4816.34331583892,4877.75538167197,4545.75295134295,5233.81814174851,4101.64756934484,3906.67796735508,5139.00862298317,3969.12258300158,4415.1755637643,5030.67964445287,4586.56845007924,4070.38018678958,4466.40070207786,3712.14614712327,4005.76968378245,5345.07139686493,4269.27507674161,4172.25391525589,4432.26169787942,4609.74955000195,4854.59369830329,5334.14724976535,4616.98663895068,3959.6151336463,4479.0323174263
4816.34331583892,4877.75538167197,4545.75295134295,5233.81814174851,4101.64756934484,3906.67796735508,5139.00862298317,3969.12258300158,4415.1755637643,5030.67964445287,4586.56845007924,4070.38018678958,4466.40070207786,3712.14614712327,4005.76968378245,5345.07139686493,4269.27507674161,4172.25391525589,4432.26169787942,4609.74955000195,4854.59369830329,5334.14724976535,4616.98663895068,3959.6151336463,4479.0323174263
4816.34331583892,4877.75538167197,4545.75295134295,5233.81814174851,4101.64756934484,3906.67796735508,5139.00862298317,3969.12258300158,4415.1755637643,5030.67964445287,4586.56845007924,4070.38018678958,4466.40070207786,3712.14614712327,4005.76968378245,5345.07139686493,4269.27507674161,4172.25391525589,4432.26169787942,4609.74955000195,4854.59369830329,5334.14724976535,4616.98663895068,3959.6151336463,4479.0323174263
4816.34331583892,4877.75538167197,4545.75295134295,5233.81814174851,4101.64756934484,3906.67796735508,5139.00862298317,3969.12258300158,4415.1755637643,5030.67964445287,4586.56845007924,4070.38018678958,4466.40070207786,3712.14614712327,4005.76968378245,5345.07139686493,4269.27507674161,4172.25391525589,4432.26169787942,4609.74955000195,4854.59369830329,5334.14724976535,4616.98663895068,3959.6151336463,4479.0323174263
4816.34331583892,4877.75538167197,4545.75295134295,5233.81814174851,4101.64756934484,3906.67796735508,5139.00862298317,3969.12258300158,4415.1755637643,5030.67964445287,4586.56845007924,4070.38018678958,4466.40070207786,3712.14614712327,4005.76968378245,5345.07139686493,4269.27507674161,4172.25391525589,4432.26169787942,4609.74955000195,4854.59369830329,5334.14724976535,4616.98663895068,3959.6151336463,4479.0323174263
4816.34331583892,4877.75538167197,4545.75295134295,5233.81814174851,4101.64756934484,3906.67796735508,5139.00862298317,3969.12258300158,4415.1755637643,5030.67964445287,4586.56845007924,4070.38018678958,4466.40070207786,3712.14614712327,4005.76968378245,5345.07139686493,4269.27507674161,4172.25391525589,4432.26169787942,4609.74955000195,4854.59369830329,5334.14724976535,4616.98663895068,3959.6151336463,4479.0323174263
4816.34331583892,4877.75538167197,4545.75295134295,5233.81814174851,4101.64756934484,3906.67796735508,5139.00862298317,3969.12258300158,4415.1755637643,5030.67964445287,4586.56845007924,4070.38018678958,4466.40070207786,3712.14614712327,4005.76968378245,5345.07139686493,4269.27507674161,4172.25391525589,4432.26169787942,4609.74955000195,4854.59369830329,5334.14724976535,4616.98663895068,3959.6151336463,4479.0323174263
4816.34331583892,4877.75538167197,4545.75295134295,5233.81814174851,4101.64756934484,3906.67796735508,5139.00862298317,3969.12258300158,4415.1755637643,5030.67964445287,4586.56845007924,4070.38018678958,4466.40070207786,3712.14614712327,4005.76968378245,5345.07139686493,4269.27507674161,4172.25391525589,4432.26169787942,4609.74955000195,4854.59369830329,5334.14724976535,4616.98663895068,3959.6151336463,4479.0323174263
4816.34331583892,4877.75538167197,4545.75295134295,5233.81814174851,4101.64756934484,3906.67796735508,5139.00862298317,3969.12258300158,4415.1755637643,5030.67964445287,4586.56845007924,4070.38018678958,4466.40070207786,3712.14614712327,4005.76968378245,5345.07139686493,4269.27507674161,4172.25391525589,4432.26169787942,4609.74955000195,4854.59369830329,5334.14724976535,4616.98663895068,3959.6151336463,4479.0323174263
4816.34331583892,4877.75538167197,4545.75295134295,5233.81814174851,4101.64756934484,3906.67796735508,5139.00862298317,3969.12258300158,4415.1755637643,5030.67964445287,4586.56845007924,4070.38018678958,4466.40070207786,3712.14614712327,4005.76968378245,5345.07139686493,4269.27507674161,4172.25391525589,4432.26169787942,4609.74955000195,4854.59369830329,5334.14724976535,4616.98663895068,3959.6151336463,4479.0323174263
4816.34331583892,4877.75538167197,4545.75295134295,5233.81814174851,4101.64756934484,3906.67796735508,5139.00862298317,3969.12258300158,4415.1755637643,5030.67964445287,4586.56845007924,4070.38018678958,4466.40070207786,3712.14614712327,4005.76968378245,5345.07139686493,4269.27507674161,4172.25391525589,4432.26169787942,4609.74955000195,4854.59369830329,5334.14724976535,4616.98663895068,3959.6151336463,4479.0323174263
4816.34331583892,4877.75538167197,4545.75295134295,5233.81814174851,4101.64756934484,3906.67796735508,5139.00862298317,3969.12258300158,4415.1755637643,5030.67964445287,4586.56845007924,4070.38018678958,4466.40070207786,3712.14614712327,4005.76968378245,5345.07139686493,4269.27507674161,4172.25391525589,4432.26169787942,4609.74955000195,4854.59369830329,5334.14724976535,4616.98663895068,3959.6151336463,4479.0323174263
4816.34331583892,4877.75538167197,4545.75295134295,5233.81814174851,4101.64756934484,3906.67796735508,5139.00862298317,3969.12258300158,4415.1755637643,5030.67964445287,4586.56845007924,4070.38018678958,4466.40070207786,3712.14614712327,4005.76968378245,5345.07139686493,4269.27507674161,4172.25391525589,4432.26169787942,4609.74955000195,4854.59369830329,5334.14724976535,4616.98663895068,3959.6151336463,4479.0323174263
4816.34331583892,4877.75538167197,4545.75295134295,5233.81814174851,4101.64756934484,3906.67796735508,5139.00862298317,3969.12258300158,4415.1755637643,5030.67964445287,4586.56845007924,4070.38018678958,4466.40070207786,3712.14614712327,4005.76968378245,5345.07139686493,4269.27507674161,4172.25391525589,4432.26169787942,4609.74955000195,4854.59369830329,5334.14724976535,4616.98663895068,3959.6151336463,4479.0323174263
4816.34331583892,4877.75538167197,4545.75295134295,5233.81814174851,4101.64756934484,3906.67796735508,5139.00862298317,3969.12258300158,4415.1755637643,5030.67964445287,4586.56845007924,4070.38018678958,4466.40070207786,3712.14614712327,4005.76968378245,5345.07139686493,4269.27507674161,4172.25391525589,4432.26169787942,4609.74955000195,4854.59369830329,5334.14724976535,4616.98663895068,3959.6151336463,4479.0323174263
4816.34331583892,4877.75538167197,4545.75295134295,5233.81814174851,4101.64756934484,3906.67796735508,5139.00862298317,3969.12258300158,4415.1755637643,5030.67964445287,4586.56845007924,4070.38018678958,4466.40070207786,3712.14614712327,4005.76968378245,5345.07139686493,4269.27507674161,4172.25391525589,4432.26169787942,4609.74955000195,4854.59369830329,5334.14724976535,4616.98663895068,3959.6151336463,4479.0323174263
4816.34331583892,4877.75538167197,4545.75295134295,5233.81814174851,4101.64756934484,3906.67796735508,5139.00862298317,3969.12258300158,4415.1755637643,5030.67964445287,4586.56845007924,4070.38018678958,4466.40070207786,3712.14614712327,4005.76968378245,5345.07139686493,4269.27507674161,4172.25391525589,4432.26169787942,4609.74955000195,4854.59369830329,5334.14724976535,4616.98663895068,3959.6151336463,4479.0323174263
4816.34331583892,4877.75538167197,4545.75295134295,5233.81814174851,4101.64756934484,3906.67796735508,5139.00862298317,3969.12258300158,4415.1755637643,5030.67964445287,4586.56845007924,4070.38018678958,4466.40070207786,3712.14614712327,4005.76968378245,5345.07139686493,4269.27507674161,4172.25391525589,4432.26169787942,4609.74955000195,4854.59369830329,5334.14724976535,4616.98663895068,3959.6151336463,4479.0323174263
4816.34331583892,4877.75538167197,4545.75295134295,5233.81814174851,4101.64756934484,3906.67796735508,5139.00862298317,3969.12258300158,4415.1755637643,5030.67964445287,4586.56845007924,4070.38018678958,4466.40070207786,3712.14614712327,4005.76968378245,5345.07139686493,4269.27507674161,4172.25391525589,4432.26169787942,4609.74955000195,4854.59369830329,5334.14724976535,4616.98663895068,3959.6151336463,4479.0323174263
4816.34331583892,4877.75538167197,4545.75295134295,5233.81814174851,4101.64756934484,3906.67796735508,5139.00862298317,3969.12258300158,4415.1755637643,5030.67964445287,4586.56845007924,4070.38018678958,4466.40070207786,3712.14614712327,4005.76968378245,5345.07139686493,4269.27507674161,4172.25391525589,4432.26169787942,4609.74955000195,4854.59369830329,5334.14724976535,4616.98663895068,3959.6151336463,4479.0323174263
4816.34331583892,4877.75538167197,4545.75295134295,5233.81814174851,4101.64756934484,3906.67796735508,5139.00862298317,3969.12258300158,4415.1755637643,5030.67964445287,4586.56845007924,4070.38018678958,4466.40070207786,3712.14614712327,4005.76968378245,5345.07139686493,4269.27507674161,4172.25391525589,4432.26169787942,4609.74955000195,4854.59369830329,5334.14724976535,4616.98663895068,3959.6151336463,4479.0323174263
4816.34331583892,4877.75538167197,4545.75295134295,5233.81814174851,4101.64756934484,3906.67796735508,5139.00862298317,3969.12258300158,4415.1755637643,5030.67964445287,4586.56845007924,4070.38018678958,4466.40070207786,3712.14614712327,4005.76968378245,5345.07139686493,4269.27507674161,4172.25391525589,4432.26169787942,4609.74955000195,4854.59369830329,5334.14724976535,4616.98663895068,3959.6151336463,4479.0323174263
4816.34331583892,4877.75538167197,4545.75295134295,5233.81814174851,4101.64756934484,3906.67796735508,5139.00862298317,3969.12258300158,4415.1755637643,5030.67964445287,4586.56845007924,4070.38018678958,4466.40070207786,3712.14614712327,4005.76968378245,5345.07139686493,4269.27507674161,4172.25391525589,4432.26169787942,4609.74955000195,4854.59369830329,5334.14724976535,4616.98663895068,3959.6151336463,4479.0323174263
4816.34331583892,4877.75538167197,4545.75295134295,5233.81814174851,4101.64756934484,3906.67796735508,5139.00862298317,3969.12258300158,4415.1755637643,5030.67964445287,4586.56845007924,4070.38018678958,4466.40070207786,3712.14614712327,4005.76968378245,5345.07139686493,4269.27507674161,4172.25391525589,4432.26169787942,4609.74955000195,4854.59369830329,5334.14724976535,4616.98663895068,3959.6151336463,4479.0323174263
4816.34331583892,4877.75538167197,4545.75295134295,5233.81814174851,4101.64756934484,3906.67796735508,5139.00862298317,3969.12258300158,4415.1755637643,5030.67964445287,4586.56845007924,4070.38018678958,4466.40070207786,3712.14614712327,4005.76968378245,5345.07139686493,4269.27507674161,4172.25391525589,4432.26169787942,4609.74955000195,4854.59369830329,5334.14724976535,4616.98663895068,3959.6151336463,4479.0323174263
4816.34331583892,4877.75538167197,4545.75295134295,5233.81814174851,4101.64756934484,3906.67796735508,5139.00862298317,3969.12258300158,4415.1755637643,5030.67964445287,4586.56845007924,4070.38018678958,4466.40070207786,3712.14614712327,4005.76968378245,5345.07139686493,4269.27507674161,4172.25391525589,4432.26169787942,4609.74955000195,4854.59369830329,5334.14724976535,4616.98663895068,3959.6151336463,4479.0323174263
4816.34331583892,4877.75538167197,4545.75295134295,5233.81814174851,4101.64756934484,3906.67796735508,5139.00862298317,3969.12258300158,4415.1755637643,5030.67964445287,4586.56845007924,4070.38018678958,4466.40070207786,3712.14614712327,4005.76968378245,5345.07139686493,4269.27507674161,4172.25391525589,4432.26169787942,4609.74955000195,4854.59369830329,5334.14724976535,4616.98663895068,3959.6151336463,4479.0323174263
4816.34331583892,4877.75538167197,4545.75295134295,5233.81814174851,4101.64756934484,3906.67796735508,5139.00862298317,3969.12258300158,4415.1755637643,5030.67964445287,4586.56845007924,4070.38018678958,4466.40070207786,3712.14614712327,4005.76968378245,5345.07139686493,4269.27507674161,4172.25391525589,4432.26169787942,4609.74955000195,4854.59369830329,5334.14724976535,4616.98663895068,3959.6151336463,4479.0323174263
4816.34331583892,4877.75538167197,4545.75295134295,5233.81814174851,4101.64756934484,3906.67796735508,5139.00862298317,3969.12258300158,4415.1755637643,5030.67964445287,4586.56845007924,4070.38018678958,4466.40070207786,3712.14614712327,4005.76968378245,5345.07139686493,4269.27507674161,4172.25391525589,4432.26169787942,4609.74955000195,4854.59369830329,5334.14724976535,4616.98663895068,3959.6151336463,4479.0323174263
4816.34331583892,4877.75538167197,4545.75295134295,5233.81814174851,4101.64756934484,3906.67796735508,5139.00862298317,3969.12258300158,4415.1755637643,5030.67964445287,4586.56845007924,4070.38018678958,4466.40070207786,3712.14614712327,4005.76968378245,5345.07139686493,4269.27507674161,4172.25391525589,4432.26169787942,4609.74955000195,4854.59369830329,5334.14724976535,4616.98663895068,3959.6151336463,4479.0323174263
4816.34331583892,4877.75538167197,4545.75295134295,5233.81814174851,4101.64756934484,3906.67796735508,5139.00862298317,3969.12258300158,4415.1755637643,5030.67964445287,4586.56845007924,4070.38018678958,4466.40070207786,3712.14614712327,4005.76968378245,5345.07139686493,4269.27507674161,4172.25391525589,4432.26169787942,4609.74955000195,4854.59369830329,5334.14724976535,4616.98663895068,3959.6151336463,4479.0323174263
4816.34331583892,4877.75538167197,4545.75295134295,5233.81814174851,4101.64756934484,3906.67796735508,5139.00862298317,3969.12258300158,4415.1755637643,5030.67964445287,4586.56845007924,4070.38018678958,4466.40070207786,3712.14614712327,4005.76968378245,5345.07139686493,4269.27507674161,4172.25391525589,4432.26169787942,4609.74955000195,4854.59369830329,5334.14724976535,4616.98663895068,3959.6151336463,4479.0323174263
4816.34331583892,4877.75538167197,4545.75295134295,5233.81814174851,4101.64756934484,3906.67796735508,5139.00862298317,3969.12258300158,4415.1755637643,5030.67964445287,4586.56845007924,4070.38018678958,4466.40070207786,3712.14614712327,4005.76968378245,5345.07139686493,4269.27507674161,4172.25391525589,4432.26169787942,4609.74955000195,4854.59369830329,5334.14724976535,4616.98663895068,3959.6151336463,4479.0323174263
4816.34331583892,4877.75538167197,4545.75295134295,5233.81814174851,4101.64756934484,3906.67796735508,5139.00862298317,3969.12258300158,4415.1755637643,5030.67964445287,4586.56845007924,4070.38018678958,4466.40070207786,3712.14614712327,4005.76968378245,5345.07139686493,4269.27507674161,4172.25391525589,4432.26169787942,4609.74955000195,4854.59369830329,5334.14724976535,4616.98663895068,3959.6151336463,4479.0323174263
4816.34331583892,4877.75538167197,4545.75295134295,5233.81814174851,4101.64756934484,3906.67796735508,5139.00862298317,3969.12258300158,4415.1755637643,5030.67964445287,4586.56845007924,4070.38018678958,4466.40070207786,3712.14614712327,4005.76968378245,5345.07139686493,4269.27507674161,4172.25391525589,4432.26169787942,4609.74955000195,4854.59369830329,5334.14724976535,4616.98663895068,3959.6151336463,4479.0323174263
4816.34331583892,4877.75538167197,4545.75295134295,5233.81814174851,4101.64756934484,3906.67796735508,5139.00862298317,3969.12258300158,4415.1755637643,5030.67964445287,4586.56845007924,4070.38018678958,4466.40070207786,3712.14614712327,4005.76968378245,5345.07139686493,4269.27507674161,4172.25391525589,4432.26169787942,4609.74955000195,4854.59369830329,5334.14724976535,4616.98663895068,3959.6151336463,4479.0323174263
4816.34331583892,4877.75538167197,4545.75295134295,5233.81814174851,4101.64756934484,3906.67796735508,5139.00862298317,3969.12258300158,4415.1755637643,5030.67964445287,4586.56845007924,4070.38018678958,4466.40070207786,3712.14614712327,4005.76968378245,5345.07139686493,4269.27507674161,4172.25391525589,4432.26169787942,4609.74955000195,4854.59369830329,5334.14724976535,4616.98663895068,3959.6151336463,4479.0323174263
4816.34331583892,4877.75538167197,4545.75295134295,5233.81814174851,4101.64756934484,3906.67796735508,5139.00862298317,3969.12258300158,4415.1755637643,5030.67964445287,4586.56845007924,4070.38018678958,4466.40070207786,3712.14614712327,4005.76968378245,5345.07139686493,4269.27507674161,4172.25391525589,4432.26169787942,4609.74955000195,4854.59369830329,5334.14724976535,4616.98663895068,3959.6151336463,4479.0323174263
4816.34331583892,4877.75538167197,4545.75295134295,5233.81814174851,4101.64756934484,3906.67796735508,5139.00862298317,3969.12258300158,4415.1755637643,5030.67964445287,4586.56845007924,4070.38018678958,4466.40070207786,3712.14614712327,4005.76968378245,5345.07139686493,4269.27507674161,4172.25391525589,4432.26169787942,4609.74955000195,4854.59369830329,5334.14724976535,4616.98663895068,3959.6151336463,4479.0323174263
4816.34331583892,4877.75538167197,4545.75295134295,5233.81814174851,4101.64756934484,3906.67796735508,5139.00862298317,3969.12258300158,4415.1755637643,5030.67964445287,4586.56845007924,4070.38018678958,4466.40070207786,3712.14614712327,4005.76968378245,5345.07139686493,4269.27507674161,4172.25391525589,4432.26169787942,4609.74955000195,4854.59369830329,5334.14724976535,4616.98663895068,3959.6151336463,4479.0323174263
4816.34331583892,4877.75538167197,4545.75295134295,5233.81814174851,4101.64756934484,3906.67796735508,5139.00862298317,3969.12258300158,4415.1755637643,5030.67964445287,4586.56845007924,4070.38018678958,4466.40070207786,3712.14614712327,4005.76968378245,5345.07139686493,4269.27507674161,4172.25391525589,4432.26169787942,4609.74955000195,4854.59369830329,5334.14724976535,4616.98663895068,3959.6151336463,4479.0323174263
4816.34331583892,4877.75538167197,4545.75295134295,5233.81814174851,4101.64756934484,3906.67796735508,5139.00862298317,3969.12258300158,4415.1755637643,5030.67964445287,4586.56845007924,4070.38018678958,4466.40070207786,3712.14614712327,4005.76968378245,5345.07139686493,4269.27507674161,4172.25391525589,4432.26169787942,4609.74955000195,4854.59369830329,5334.14724976535,4616.98663895068,3959.6151336463,4479.0323174263
4816.34331583892,4877.75538167197,4545.75295134295,5233.81814174851,4101.64756934484,3906.67796735508,5139.00862298317,3969.12258300158,4415.1755637643,5030.67964445287,4586.56845007924,4070.38018678958,4466.40070207786,3712.14614712327,4005.76968378245,5345.07139686493,4269.27507674161,4172.25391525589,4432.26169787942,4609.74955000195,4854.59369830329,5334.14724976535,4616.98663895068,3959.6151336463,4479.0323174263
4816.34331583892,4877.75538167197,4545.75295134295,5233.81814174851,4101.64756934484,3906.67796735508,5139.00862298317,3969.12258300158,4415.1755637643,5030.67964445287,4586.56845007924,4070.38018678958,4466.40070207786,3712.14614712327,4005.76968378245,5345.07139686493,4269.27507674161,4172.25391525589,4432.26169787942,4609.74955000195,4854.59369830329,5334.14724976535,4616.98663895068,3959.6151336463,4479.0323174263
4816.34331583892,4877.75538167197,4545.75295134295,5233.81814174851,4101.64756934484,3906.67796735508,5139.00862298317,3969.12258300158,4415.1755637643,5030.67964445287,4586.56845007924,4070.38018678958,4466.40070207786,3712.14614712327,4005.76968378245,5345.07139686493,4269.27507674161,4172.25391525589,4432.26169787942,4609.74955000195,4854.59369830329,5334.14724976535,4616.98663895068,3959.6151336463,4479.0323174263
4816.34331583892,4877.75538167197,4545.75295134295,5233.81814174851,4101.64756934484,3906.67796735508,5139.00862298317,3969.12258300158,4415.1755637643,5030.67964445287,4586.56845007924,4070.38018678958,4466.40070207786,3712.14614712327,4005.76968378245,5345.07139686493,4269.27507674161,4172.25391525589,4432.26169787942,4609.74955000195,4854.59369830329,5334.14724976535,4616.98663895068,3959.6151336463,4479.0323174263
4816.34331583892,4877.75538167197,4545.75295134295,5233.81814174851,4101.64756934484,3906.67796735508,5139.00862298317,3969.12258300158,4415.1755637643,5030.67964445287,4586.56845007924,4070.38018678958,4466.40070207786,3712.14614712327,4005.76968378245,5345.07139686493,4269.27507674161,4172.25391525589,4432.26169787942,4609.74955000195,4854.59369830329,5334.14724976535,4616.98663895068,3959.6151336463,4479.0323174263
4816.34331583892,4877.75538167197,4545.75295134295,5233.81814174851,4101.64756934484,3906.67796735508,5139.00862298317,3969.12258300158,4415.1755637643,5030.67964445287,4586.56845007924,4070.38018678958,4466.40070207786,3712.14614712327,4005.76968378245,5345.07139686493,4269.27507674161,4172.25391525589,4432.26169787942,4609.74955000195,4854.59369830329,5334.14724976535,4616.98663895068,3959.6151336463,4479.0323174263
4816.34331583892,4877.75538167197,4545.75295134295,5233.81814174851,4101.64756934484,3906.67796735508,5139.00862298317,3969.12258300158,4415.1755637643,5030.67964445287,4586.56845007924,4070.38018678958,4466.40070207786,3712.14614712327,4005.76968378245,5345.07139686493,4269.27507674161,4172.25391525589,4432.26169787942,4609.74955000195,4854.59369830329,5334.14724976535,4616.98663895068,3959.6151336463,4479.0323174263
4816.34331583892,4877.75538167197,4545.75295134295,5233.81814174851,4101.64756934484,3906.67796735508,5139.00862298317,3969.12258300158,4415.1755637643,5030.67964445287,4586.56845007924,4070.38018678958,4466.40070207786,3712.14614712327,4005.76968378245,5345.07139686493,4269.27507674161,4172.25391525589,4432.26169787942,4609.74955000195,4854.59369830329,5334.14724976535,4616.98663895068,3959.6151336463,4479.0323174263
4816.34331583892,4877.75538167197,4545.75295134295,5233.81814174851,4101.64756934484,3906.67796735508,5139.00862298317,3969.12258300158,4415.1755637643,5030.67964445287,4586.56845007924,4070.38018678958,4466.40070207786,3712.14614712327,4005.76968378245,5345.07139686493,4269.27507674161,4172.25391525589,4432.26169787942,4609.74955000195,4854.59369830329,5334.14724976535,4616.98663895068,3959.6151336463,4479.0323174263
4816.34331583892,4877.75538167197,4545.75295134295,5233.81814174851,4101.64756934484,3906.67796735508,5139.00862298317,3969.12258300158,4415.1755637643,5030.67964445287,4586.56845007924,4070.38018678958,4466.40070207786,3712.14614712327,4005.76968378245,5345.07139686493,4269.27507674161,4172.25391525589,4432.26169787942,4609.74955000195,4854.59369830329,5334.14724976535,4616.98663895068,3959.6151336463,4479.0323174263
4816.34331583892,4877.75538167197,4545.75295134295,5233.81814174851,4101.64756934484,3906.67796735508,5139.00862298317,3969.12258300158,4415.1755637643,5030.67964445287,4586.56845007924,4070.38018678958,4466.40070207786,3712.14614712327,4005.76968378245,5345.07139686493,4269.27507674161,4172.25391525589,4432.26169787942,4609.74955000195,4854.59369830329,5334.14724976535,4616.98663895068,3959.6151336463,4479.0323174263
4816.34331583892,4877.75538167197,4545.75295134295,5233.81814174851,4101.64756934484,3906.67796735508,5139.00862298317,3969.12258300158,4415.1755637643,5030.67964445287,4586.56845007924,4070.38018678958,4466.40070207786,3712.14614712327,4005.76968378245,5345.07139686493,4269.27507674161,4172.25391525589,4432.26169787942,4609.74955000195,4854.59369830329,5334.14724976535,4616.98663895068,3959.6151336463,4479.0323174263
4816.34331583892,4877.75538167197,4545.75295134295,5233.81814174851,4101.64756934484,3906.67796735508,5139.00862298317,3969.12258300158,4415.1755637643,5030.67964445287,4586.56845007924,4070.38018678958,4466.40070207786,3712.14614712327,4005.76968378245,5345.07139686493,4269.27507674161,4172.25391525589,4432.26169787942,4609.74955000195,4854.59369830329,5334.14724976535,4616.98663895068,3959.6151336463,4479.0323174263
4816.34331583892,4877.75538167197,4545.75295134295,5233.81814174851,4101.64756934484,3906.67796735508,5139.00862298317,3969.12258300158,4415.1755637643,5030.67964445287,4586.56845007924,4070.38018678958,4466.40070207786,3712.14614712327,4005.76968378245,5345.07139686493,4269.27507674161,4172.25391525589,4432.26169787942,4609.74955000195,4854.59369830329,5334.14724976535,4616.98663895068,3959.6151336463,4479.0323174263
4816.34331583892,4877.75538167197,4545.75295134295,5233.81814174851,4101.64756934484,3906.67796735508,5139.00862298317,3969.12258300158,4415.1755637643,5030.67964445287,4586.56845007924,4070.38018678958,4466.40070207786,3712.14614712327,4005.76968378245,5345.07139686493,4269.27507674161,4172.25391525589,4432.26169787942,4609.74955000195,4854.59369830329,5334.14724976535,4616.98663895068,3959.6151336463,4479.0323174263
4816.34331583892,4877.75538167197,4545.75295134295,5233.81814174851,4101.64756934484,3906.67796735508,5139.00862298317,3969.12258300158,4415.1755637643,5030.67964445287,4586.56845007924,4070.38018678958,4466.40070207786,3712.14614712327,4005.76968378245,5345.07139686493,4269.27507674161,4172.25391525589,4432.26169787942,4609.74955000195,4854.59369830329,5334.14724976535,4616.98663895068,3959.6151336463,4479.0323174263
4816.34331583892,4877.75538167197,4545.75295134295,5233.81814174851,4101.64756934484,3906.67796735508,5139.00862298317,3969.12258300158,4415.1755637643,5030.67964445287,4586.56845007924,4070.38018678958,4466.40070207786,3712.14614712327,4005.76968378245,5345.07139686493,4269.27507674161,4172.25391525589,4432.26169787942,4609.74955000195,4854.59369830329,5334.14724976535,4616.98663895068,3959.6151336463,4479.0323174263
4816.34331583892,4877.75538167197,4545.75295134295,5233.81814174851,4101.64756934484,3906.67796735508,5139.00862298317,3969.12258300158,4415.1755637643,5030.67964445287,4586.56845007924,4070.38018678958,4466.40070207786,3712.14614712327,4005.76968378245,5345.07139686493,4269.27507674161,4172.25391525589,4432.26169787942,4609.74955000195,4854.59369830329,5334.14724976535,4616.98663895068,3959.6151336463,4479.0323174263
4816.34331583892,4877.75538167197,4545.75295134295,5233.81814174851,4101.64756934484,3906.67796735508,5139.00862298317,3969.12258300158,4415.1755637643,5030.67964445287,4586.56845007924,4070.38018678958,4466.40070207786,3712.14614712327,4005.76968378245,5345.07139686493,4269.27507674161,4172.25391525589,4432.26169787942,4609.74955000195,4854.59369830329,5334.14724976535,4616.98663895068,3959.6151336463,4479.0323174263
4816.34331583892,4877.75538167197,4545.75295134295,5233.81814174851,4101.64756934484,3906.67796735508,5139.00862298317,3969.12258300158,4415.1755637643,5030.67964445287,4586.56845007924,4070.38018678958,4466.40070207786,3712.14614712327,4005.76968378245,5345.07139686493,4269.27507674161,4172.25391525589,4432.26169787942,4609.74955000195,4854.59369830329,5334.14724976535,4616.98663895068,3959.6151336463,4479.0323174263
4816.34331583892,4877.75538167197,4545.75295134295,5233.81814174851,4101.64756934484,3906.67796735508,5139.00862298317,3969.12258300158,4415.1755637643,5030.67964445287,4586.56845007924,4070.38018678958,4466.40070207786,3712.14614712327,4005.76968378245,5345.07139686493,4269.27507674161,4172.25391525589,4432.26169787942,4609.74955000195,4854.59369830329,5334.14724976535,4616.98663895068,3959.6151336463,4479.0323174263
4816.34331583892,4877.75538167197,4545.75295134295,5233.81814174851,4101.64756934484,3906.67796735508,5139.00862298317,3969.12258300158,4415.1755637643,5030.67964445287,4586.56845007924,4070.38018678958,4466.40070207786,3712.14614712327,4005.76968378245,5345.07139686493,4269.27507674161,4172.25391525589,4432.26169787942,4609.74955000195,4854.59369830329,5334.14724976535,4616.98663895068,3959.6151336463,4479.0323174263
4816.34331583892,4877.75538167197,4545.75295134295,5233.81814174851,4101.64756934484,3906.67796735508,5139.00862298317,3969.12258300158,4415.1755637643,5030.67964445287,4586.56845007924,4070.38018678958,4466.40070207786,3712.14614712327,4005.76968378245,5345.07139686493,4269.27507674161,4172.25391525589,4432.26169787942,4609.74955000195,4854.59369830329,5334.14724976535,4616.98663895068,3959.6151336463,4479.0323174263
4816.34331583892,4877.75538167197,4545.75295134295,5233.81814174851,4101.64756934484,3906.67796735508,5139.00862298317,3969.12258300158,4415.1755637643,5030.67964445287,4586.56845007924,4070.38018678958,4466.40070207786,3712.14614712327,4005.76968378245,5345.07139686493,4269.27507674161,4172.25391525589,4432.26169787942,4609.74955000195,4854.59369830329,5334.14724976535,4616.98663895068,3959.6151336463,4479.0323174263
4816.34331583892,4877.75538167197,4545.75295134295,5233.81814174851,4101.64756934484,3906.67796735508,5139.00862298317,3969.12258300158,4415.1755637643,5030.67964445287,4586.56845007924,4070.38018678958,4466.40070207786,3712.14614712327,4005.76968378245,5345.07139686493,4269.27507674161,4172.25391525589,4432.26169787942,4609.74955000195,4854.59369830329,5334.14724976535,4616.98663895068,3959.6151336463,4479.0323174263
4816.34331583892,4877.75538167197,4545.75295134295,5233.81814174851,4101.64756934484,3906.67796735508,5139.00862298317,3969.12258300158,4415.1755637643,5030.67964445287,4586.56845007924,4070.38018678958,4466.40070207786,3712.14614712327,4005.76968378245,5345.07139686493,4269.27507674161,4172.25391525589,4432.26169787942,4609.74955000195,4854.59369830329,5334.14724976535,4616.98663895068,3959.6151336463,4479.0323174263
4816.34331583892,4877.75538167197,4545.75295134295,5233.81814174851,4101.64756934484,3906.67796735508,5139.00862298317,3969.12258300158,4415.1755637643,5030.67964445287,4586.56845007924,4070.38018678958,4466.40070207786,3712.14614712327,4005.76968378245,5345.07139686493,4269.27507674161,4172.25391525589,4432.26169787942,4609.74955000195,4854.59369830329,5334.14724976535,4616.98663895068,3959.6151336463,4479.0323174263
4816.34331583892,4877.75538167197,4545.75295134295,5233.81814174851,4101.64756934484,3906.67796735508,5139.00862298317,3969.12258300158,4415.1755637643,5030.67964445287,4586.56845007924,4070.38018678958,4466.40070207786,3712.14614712327,4005.76968378245,5345.07139686493,4269.27507674161,4172.25391525589,4432.26169787942,4609.74955000195,4854.59369830329,5334.14724976535,4616.98663895068,3959.6151336463,4479.0323174263
4816.34331583892,4877.75538167197,4545.75295134295,5233.81814174851,4101.64756934484,3906.67796735508,5139.00862298317,3969.12258300158,4415.1755637643,5030.67964445287,4586.56845007924,4070.38018678958,4466.40070207786,3712.14614712327,4005.76968378245,5345.07139686493,4269.27507674161,4172.25391525589,4432.26169787942,4609.74955000195,4854.59369830329,5334.14724976535,4616.98663895068,3959.6151336463,4479.0323174263
4816.34331583892,4877.75538167197,4545.75295134295,5233.81814174851,4101.64756934484,3906.67796735508,5139.00862298317,3969.12258300158,4415.1755637643,5030.67964445287,4586.56845007924,4070.38018678958,4466.40070207786,3712.14614712327,4005.76968378245,5345.07139686493,4269.27507674161,4172.25391525589,4432.26169787942,4609.74955000195,4854.59369830329,5334.14724976535,4616.98663895068,3959.6151336463,4479.0323174263
4816.34331583892,4877.75538167197,4545.75295134295,5233.81814174851,4101.64756934484,3906.67796735508,5139.00862298317,3969.12258300158,4415.1755637643,5030.67964445287,4586.56845007924,4070.38018678958,4466.40070207786,3712.14614712327,4005.76968378245,5345.07139686493,4269.27507674161,4172.25391525589,4432.26169787942,4609.74955000195,4854.59369830329,5334.14724976535,4616.98663895068,3959.6151336463,4479.0323174263
4816.34331583892,4877.75538167197,4545.75295134295,5233.81814174851,4101.64756934484,3906.67796735508,5139.00862298317,3969.12258300158,4415.1755637643,5030.67964445287,4586.56845007924,4070.38018678958,4466.40070207786,3712.14614712327,4005.76968378245,5345.07139686493,4269.27507674161,4172.25391525589,4432.26169787942,4609.74955000195,4854.59369830329,5334.14724976535,4616.98663895068,3959.6151336463,4479.0323174263
4816.34331583892,4877.75538167197,4545.75295134295,5233.81814174851,4101.64756934484,3906.67796735508,5139.00862298317,3969.12258300158,4415.1755637643,5030.67964445287,4586.56845007924,4070.38018678958,4466.40070207786,3712.14614712327,4005.76968378245,5345.07139686493,4269.27507674161,4172.25391525589,4432.26169787942,4609.74955000195,4854.59369830329,5334.14724976535,4616.98663895068,3959.6151336463,4479.0323174263
4816.34331583892,4877.75538167197,4545.75295134295,5233.81814174851,4101.64756934484,3906.67796735508,5139.00862298317,3969.12258300158,4415.1755637643,5030.67964445287,4586.56845007924,4070.38018678958,4466.40070207786,3712.14614712327,4005.76968378245,5345.07139686493,4269.27507674161,4172.25391525589,4432.26169787942,4609.74955000195,4854.59369830329,5334.14724976535,4616.98663895068,3959.6151336463,4479.0323174263
4816.34331583892,4877.75538167197,4545.75295134295,5233.81814174851,4101.64756934484,3906.67796735508,5139.00862298317,3969.12258300158,4415.1755637643,5030.67964445287,4586.56845007924,4070.38018678958,4466.40070207786,3712.14614712327,4005.76968378245,5345.07139686493,4269.27507674161,4172.25391525589,4432.26169787942,4609.74955000195,4854.59369830329,5334.14724976535,4616.98663895068,3959.6151336463,4479.0323174263
4816.34331583892,4877.75538167197,4545.75295134295,5233.81814174851,4101.64756934484,3906.67796735508,5139.00862298317,3969.12258300158,4415.1755637643,5030.67964445287,4586.56845007924,4070.38018678958,4466.40070207786,3712.14614712327,4005.76968378245,5345.07139686493,4269.27507674161,4172.25391525589,4432.26169787942,4609.74955000195,4854.59369830329,5334.14724976535,4616.98663895068,3959.6151336463,4479.0323174263
4816.34331583892,4877.75538167197,4545.75295134295,5233.81814174851,4101.64756934484,3906.67796735508,5139.00862298317,3969.12258300158,4415.1755637643,5030.67964445287,4586.56845007924,4070.38018678958,4466.40070207786,3712.14614712327,4005.76968378245,5345.07139686493,4269.27507674161,4172.25391525589,4432.26169787942,4609.74955000195,4854.59369830329,5334.14724976535,4616.98663895068,3959.6151336463,4479.0323174263
4816.34331583892,4877.75538167197,4545.75295134295,5233.81814174851,4101.64756934484,3906.67796735508,5139.00862298317,3969.12258300158,4415.1755637643,5030.67964445287,4586.56845007924,4070.38018678958,4466.40070207786,3712.14614712327,4005.76968378245,5345.07139686493,4269.27507674161,4172.25391525589,4432.26169787942,4609.74955000195,4854.59369830329,5334.14724976535,4616.98663895068,3959.6151336463,4479.0323174263
4816.34331583892,4877.75538167197,4545.75295134295,5233.81814174851,4101.64756934484,3906.67796735508,5139.00862298317,3969.12258300158,4415.1755637643,5030.67964445287,4586.56845007924,4070.38018678958,4466.40070207786,3712.14614712327,4005.76968378245,5345.07139686493,4269.27507674161,4172.25391525589,4432.26169787942,4609.74955000195,4854.59369830329,5334.14724976535,4616.98663895068,3959.6151336463,4479.0323174263
4816.34331583892,4877.75538167197,4545.75295134295,5233.81814174851,4101.64756934484,3906.67796735508,5139.00862298317,3969.12258300158,4415.1755637643,5030.67964445287,4586.56845007924,4070.38018678958,4466.40070207786,3712.14614712327,4005.76968378245,5345.07139686493,4269.27507674161,4172.25391525589,4432.26169787942,4609.74955000195,4854.59369830329,5334.14724976535,4616.98663895068,3959.6151336463,4479.0323174263
4816.34331583892,4877.75538167197,4545.75295134295,5233.81814174851,4101.64756934484,3906.67796735508,5139.00862298317,3969.12258300158,4415.1755637643,5030.67964445287,4586.56845007924,4070.38018678958,4466.40070207786,3712.14614712327,4005.76968378245,5345.07139686493,4269.27507674161,4172.25391525589,4432.26169787942,4609.74955000195,4854.59369830329,5334.14724976535,4616.98663895068,3959.6151336463,4479.0323174263
4816.34331583892,4877.75538167197,4545.75295134295,5233.81814174851,4101.64756934484,3906.67796735508,5139.00862298317,3969.12258300158,4415.1755637643,5030.67964445287,4586.56845007924,4070.38018678958,4466.40070207786,3712.14614712327,4005.76968378245,5345.07139686493,4269.27507674161,4172.25391525589,4432.26169787942,4609.74955000195,4854.59369830329,5334.14724976535,4616.98663895068,3959.6151336463,4479.0323174263
4816.34331583892,4877.75538167197,4545.75295134295,5233.81814174851,4101.64756934484,3906.67796735508,5139.00862298317,3969.12258300158,4415.1755637643,5030.67964445287,4586.56845007924,4070.38018678958,4466.40070207786,3712.14614712327,4005.76968378245,5345.07139686493,4269.27507674161,4172.25391525589,4432.26169787942,4609.74955000195,4854.59369830329,5334.14724976535,4616.98663895068,3959.6151336463,4479.0323174263
4816.34331583892,4877.75538167197,4545.75295134295,5233.81814174851,4101.64756934484,3906.67796735508,5139.00862298317,3969.12258300158,4415.1755637643,5030.67964445287,4586.56845007924,4070.38018678958,4466.40070207786,3712.14614712327,4005.76968378245,5345.07139686493,4269.27507674161,4172.25391525589,4432.26169787942,4609.74955000195,4854.59369830329,5334.14724976535,4616.98663895068,3959.6151336463,4479.0323174263
4816.34331583892,4877.75538167197,4545.75295134295,5233.81814174851,4101.64756934484,3906.67796735508,5139.00862298317,3969.12258300158,4415.1755637643,5030.67964445287,4586.56845007924,4070.38018678958,4466.40070207786,3712.14614712327,4005.76968378245,5345.07139686493,4269.27507674161,4172.25391525589,4432.26169787942,4609.74955000195,4854.59369830329,5334.14724976535,4616.98663895068,3959.6151336463,4479.0323174263
4816.34331583892,4877.75538167197,4545.75295134295,5233.81814174851,4101.64756934484,3906.67796735508,5139.00862298317,3969.12258300158,4415.1755637643,5030.67964445287,4586.56845007924,4070.38018678958,4466.40070207786,3712.14614712327,4005.76968378245,5345.07139686493,4269.27507674161,4172.25391525589,4432.26169787942,4609.74955000195,4854.59369830329,5334.14724976535,4616.98663895068,3959.6151336463,4479.0323174263
4816.34331583892,4877.75538167197,4545.75295134295,5233.81814174851,4101.64756934484,3906.67796735508,5139.00862298317,3969.12258300158,4415.1755637643,5030.67964445287,4586.56845007924,4070.38018678958,4466.40070207786,3712.14614712327,4005.76968378245,5345.07139686493,4269.27507674161,4172.25391525589,4432.26169787942,4609.74955000195,4854.59369830329,5334.14724976535,4616.98663895068,3959.6151336463,4479.0323174263
4816.34331583892,4877.75538167197,4545.75295134295,5233.81814174851,4101.64756934484,3906.67796735508,5139.00862298317,3969.12258300158,4415.1755637643,5030.67964445287,4586.56845007924,4070.38018678958,4466.40070207786,3712.14614712327,4005.76968378245,5345.07139686493,4269.27507674161,4172.25391525589,4432.26169787942,4609.74955000195,4854.59369830329,5334.14724976535,4616.98663895068,3959.6151336463,4479.0323174263
4816.34331583892,4877.75538167197,4545.75295134295,5233.81814174851,4101.64756934484,3906.67796735508,5139.00862298317,3969.12258300158,4415.1755637643,5030.67964445287,4586.56845007924,4070.38018678958,4466.40070207786,3712.14614712327,4005.76968378245,5345.07139686493,4269.27507674161,4172.25391525589,4432.26169787942,4609.74955000195,4854.59369830329,5334.14724976535,4616.98663895068,3959.6151336463,4479.0323174263
4816.34331583892,4877.75538167197,4545.75295134295,5233.81814174851,4101.64756934484,3906.67796735508,5139.00862298317,3969.12258300158,4415.1755637643,5030.67964445287,4586.56845007924,4070.38018678958,4466.40070207786,3712.14614712327,4005.76968378245,5345.07139686493,4269.27507674161,4172.25391525589,4432.26169787942,4609.74955000195,4854.59369830329,5334.14724976535,4616.98663895068,3959.6151336463,4479.0323174263
4816.34331583892,4877.75538167197,4545.75295134295,5233.81814174851,4101.64756934484,3906.67796735508,5139.00862298317,3969.12258300158,4415.1755637643,5030.67964445287,4586.56845007924,4070.38018678958,4466.40070207786,3712.14614712327,4005.76968378245,5345.07139686493,4269.27507674161,4172.25391525589,4432.26169787942,4609.74955000195,4854.59369830329,5334.14724976535,4616.98663895068,3959.6151336463,4479.0323174263
4816.34331583892,4877.75538167197,4545.75295134295,5233.81814174851,4101.64756934484,3906.67796735508,5139.00862298317,3969.12258300158,4415.1755637643,5030.67964445287,4586.56845007924,4070.38018678958,4466.40070207786,3712.14614712327,4005.76968378245,5345.07139686493,4269.27507674161,4172.25391525589,4432.26169787942,4609.74955000195,4854.59369830329,5334.14724976535,4616.98663895068,3959.6151336463,4479.0323174263
4816.34331583892,4877.75538167197,4545.75295134295,5233.81814174851,4101.64756934484,3906.67796735508,5139.00862298317,3969.12258300158,4415.1755637643,5030.67964445287,4586.56845007924,4070.38018678958,4466.40070207786,3712.14614712327,4005.76968378245,5345.07139686493,4269.27507674161,4172.25391525589,4432.26169787942,4609.74955000195,4854.59369830329,5334.14724976535,4616.98663895068,3959.6151336463,4479.0323174263
4816.34331583892,4877.75538167197,4545.75295134295,5233.81814174851,4101.64756934484,3906.67796735508,5139.00862298317,3969.12258300158,4415.1755637643,5030.67964445287,4586.56845007924,4070.38018678958,4466.40070207786,3712.14614712327,4005.76968378245,5345.07139686493,4269.27507674161,4172.25391525589,4432.26169787942,4609.74955000195,4854.59369830329,5334.14724976535,4616.98663895068,3959.6151336463,4479.0323174263
4816.34331583892,4877.75538167197,4545.75295134295,5233.81814174851,4101.64756934484,3906.67796735508,5139.00862298317,3969.12258300158,4415.1755637643,5030.67964445287,4586.56845007924,4070.38018678958,4466.40070207786,3712.14614712327,4005.76968378245,5345.07139686493,4269.27507674161,4172.25391525589,4432.26169787942,4609.74955000195,4854.59369830329,5334.14724976535,4616.98663895068,3959.6151336463,4479.0323174263
4816.34331583892,4877.75538167197,4545.75295134295,5233.81814174851,4101.64756934484,3906.67796735508,5139.00862298317,3969.12258300158,4415.1755637643,5030.67964445287,4586.56845007924,4070.38018678958,4466.40070207786,3712.14614712327,4005.76968378245,5345.07139686493,4269.27507674161,4172.25391525589,4432.26169787942,4609.74955000195,4854.59369830329,5334.14724976535,4616.98663895068,3959.6151336463,4479.0323174263
4816.34331583892,4877.75538167197,4545.75295134295,5233.81814174851,4101.64756934484,3906.67796735508,5139.00862298317,3969.12258300158,4415.1755637643,5030.67964445287,4586.56845007924,4070.38018678958,4466.40070207786,3712.14614712327,4005.76968378245,5345.07139686493,4269.27507674161,4172.25391525589,4432.26169787942,4609.74955000195,4854.59369830329,5334.14724976535,4616.98663895068,3959.6151336463,4479.0323174263
4816.34331583892,4877.75538167197,4545.75295134295,5233.81814174851,4101.64756934484,3906.67796735508,5139.00862298317,3969.12258300158,4415.1755637643,5030.67964445287,4586.56845007924,4070.38018678958,4466.40070207786,3712.14614712327,4005.76968378245,5345.07139686493,4269.27507674161,4172.25391525589,4432.26169787942,4609.74955000195,4854.59369830329,5334.14724976535,4616.98663895068,3959.6151336463,4479.0323174263
4816.34331583892,4877.75538167197,4545.75295134295,5233.81814174851,4101.64756934484,3906.67796735508,5139.00862298317,3969.12258300158,4415.1755637643,5030.67964445287,4586.56845007924,4070.38018678958,4466.40070207786,3712.14614712327,4005.76968378245,5345.07139686493,4269.27507674161,4172.25391525589,4432.26169787942,4609.74955000195,4854.59369830329,5334.14724976535,4616.98663895068,3959.6151336463,4479.0323174263
4816.34331583892,4877.75538167197,4545.75295134295,5233.81814174851,4101.64756934484,3906.67796735508,5139.00862298317,3969.12258300158,4415.1755637643,5030.67964445287,4586.56845007924,4070.38018678958,4466.40070207786,3712.14614712327,4005.76968378245,5345.07139686493,4269.27507674161,4172.25391525589,4432.26169787942,4609.74955000195,4854.59369830329,5334.14724976535,4616.98663895068,3959.6151336463,4479.0323174263
4816.34331583892,4877.75538167197,4545.75295134295,5233.81814174851,4101.64756934484,3906.67796735508,5139.00862298317,3969.12258300158,4415.1755637643,5030.67964445287,4586.56845007924,4070.38018678958,4466.40070207786,3712.14614712327,4005.76968378245,5345.07139686493,4269.27507674161,4172.25391525589,4432.26169787942,4609.74955000195,4854.59369830329,5334.14724976535,4616.98663895068,3959.6151336463,4479.0323174263
4816.34331583892,4877.75538167197,4545.75295134295,5233.81814174851,4101.64756934484,3906.67796735508,5139.00862298317,3969.12258300158,4415.1755637643,5030.67964445287,4586.56845007924,4070.38018678958,4466.40070207786,3712.14614712327,4005.76968378245,5345.07139686493,4269.27507674161,4172.25391525589,4432.26169787942,4609.74955000195,4854.59369830329,5334.14724976535,4616.98663895068,3959.6151336463,4479.0323174263
4816.34331583892,4877.75538167197,4545.75295134295,5233.81814174851,4101.64756934484,3906.67796735508,5139.00862298317,3969.12258300158,4415.1755637643,5030.67964445287,4586.56845007924,4070.38018678958,4466.40070207786,3712.14614712327,4005.76968378245,5345.07139686493,4269.27507674161,4172.25391525589,4432.26169787942,4609.74955000195,4854.59369830329,5334.14724976535,4616.98663895068,3959.6151336463,4479.0323174263
4816.34331583892,4877.75538167197,4545.75295134295,5233.81814174851,4101.64756934484,3906.67796735508,5139.00862298317,3969.12258300158,4415.1755637643,5030.67964445287,4586.56845007924,4070.38018678958,4466.40070207786,3712.14614712327,4005.76968378245,5345.07139686493,4269.27507674161,4172.25391525589,4432.26169787942,4609.74955000195,4854.59369830329,5334.14724976535,4616.98663895068,3959.6151336463,4479.0323174263
4816.34331583892,4877.75538167197,4545.75295134295,5233.81814174851,4101.64756934484,3906.67796735508,5139.00862298317,3969.12258300158,4415.1755637643,5030.67964445287,4586.56845007924,4070.38018678958,4466.40070207786,3712.14614712327,4005.76968378245,5345.07139686493,4269.27507674161,4172.25391525589,4432.26169787942,4609.74955000195,4854.59369830329,5334.14724976535,4616.98663895068,3959.6151336463,4479.0323174263
4816.34331583892,4877.75538167197,4545.75295134295,5233.81814174851,4101.64756934484,3906.67796735508,5139.00862298317,3969.12258300158,4415.1755637643,5030.67964445287,4586.56845007924,4070.38018678958,4466.40070207786,3712.14614712327,4005.76968378245,5345.07139686493,4269.27507674161,4172.25391525589,4432.26169787942,4609.74955000195,4854.59369830329,5334.14724976535,4616.98663895068,3959.6151336463,4479.0323174263
4816.34331583892,4877.75538167197,4545.75295134295,5233.81814174851,4101.64756934484,3906.67796735508,5139.00862298317,3969.12258300158,4415.1755637643,5030.67964445287,4586.56845007924,4070.38018678958,4466.40070207786,3712.14614712327,4005.76968378245,5345.07139686493,4269.27507674161,4172.25391525589,4432.26169787942,4609.74955000195,4854.59369830329,5334.14724976535,4616.98663895068,3959.6151336463,4479.0323174263
4816.34331583892,4877.75538167197,4545.75295134295,5233.81814174851,4101.64756934484,3906.67796735508,5139.00862298317,3969.12258300158,4415.1755637643,5030.67964445287,4586.56845007924,4070.38018678958,4466.40070207786,3712.14614712327,4005.76968378245,5345.07139686493,4269.27507674161,4172.25391525589,4432.26169787942,4609.74955000195,4854.59369830329,5334.14724976535,4616.98663895068,3959.6151336463,4479.0323174263
4816.34331583892,4877.75538167197,4545.75295134295,5233.81814174851,4101.64756934484,3906.67796735508,5139.00862298317,3969.12258300158,4415.1755637643,5030.67964445287,4586.56845007924,4070.38018678958,4466.40070207786,3712.14614712327,4005.76968378245,5345.07139686493,4269.27507674161,4172.25391525589,4432.26169787942,4609.74955000195,4854.59369830329,5334.14724976535,4616.98663895068,3959.6151336463,4479.0323174263
4816.34331583892,4877.75538167197,4545.75295134295,5233.81814174851,4101.64756934484,3906.67796735508,5139.00862298317,3969.12258300158,4415.1755637643,5030.67964445287,4586.56845007924,4070.38018678958,4466.40070207786,3712.14614712327,4005.76968378245,5345.07139686493,4269.27507674161,4172.25391525589,4432.26169787942,4609.74955000195,4854.59369830329,5334.14724976535,4616.98663895068,3959.6151336463,4479.0323174263
4816.34331583892,4877.75538167197,4545.75295134295,5233.81814174851,4101.64756934484,3906.67796735508,5139.00862298317,3969.12258300158,4415.1755637643,5030.67964445287,4586.56845007924,4070.38018678958,4466.40070207786,3712.14614712327,4005.76968378245,5345.07139686493,4269.27507674161,4172.25391525589,4432.26169787942,4609.74955000195,4854.59369830329,5334.14724976535,4616.98663895068,3959.6151336463,4479.0323174263
4816.34331583892,4877.75538167197,4545.75295134295,5233.81814174851,4101.64756934484,3906.67796735508,5139.00862298317,3969.12258300158,4415.1755637643,5030.67964445287,4586.56845007924,4070.38018678958,4466.40070207786,3712.14614712327,4005.76968378245,5345.07139686493,4269.27507674161,4172.25391525589,4432.26169787942,4609.74955000195,4854.59369830329,5334.14724976535,4616.98663895068,3959.6151336463,4479.0323174263
4816.34331583892,4877.75538167197,4545.75295134295,5233.81814174851,4101.64756934484,3906.67796735508,5139.00862298317,3969.12258300158,4415.1755637643,5030.67964445287,4586.56845007924,4070.38018678958,4466.40070207786,3712.14614712327,4005.76968378245,5345.07139686493,4269.27507674161,4172.25391525589,4432.26169787942,4609.74955000195,4854.59369830329,5334.14724976535,4616.98663895068,3959.6151336463,4479.0323174263
4816.34331583892,4877.75538167197,4545.75295134295,5233.81814174851,4101.64756934484,3906.67796735508,5139.00862298317,3969.12258300158,4415.1755637643,5030.67964445287,4586.56845007924,4070.38018678958,4466.40070207786,3712.14614712327,4005.76968378245,5345.07139686493,4269.27507674161,4172.25391525589,4432.26169787942,4609.74955000195,4854.59369830329,5334.14724976535,4616.98663895068,3959.6151336463,4479.0323174263
4816.34331583892,4877.75538167197,4545.75295134295,5233.81814174851,4101.64756934484,3906.67796735508,5139.00862298317,3969.12258300158,4415.1755637643,5030.67964445287,4586.56845007924,4070.38018678958,4466.40070207786,3712.14614712327,4005.76968378245,5345.07139686493,4269.27507674161,4172.25391525589,4432.26169787942,4609.74955000195,4854.59369830329,5334.14724976535,4616.98663895068,3959.6151336463,4479.0323174263
4816.34331583892,4877.75538167197,4545.75295134295,5233.81814174851,4101.64756934484,3906.67796735508,5139.00862298317,3969.12258300158,4415.1755637643,5030.67964445287,4586.56845007924,4070.38018678958,4466.40070207786,3712.14614712327,4005.76968378245,5345.07139686493,4269.27507674161,4172.25391525589,4432.26169787942,4609.74955000195,4854.59369830329,5334.14724976535,4616.98663895068,3959.6151336463,4479.0323174263
4816.34331583892,4877.75538167197,4545.75295134295,5233.81814174851,4101.64756934484,3906.67796735508,5139.00862298317,3969.12258300158,4415.1755637643,5030.67964445287,4586.56845007924,4070.38018678958,4466.40070207786,3712.14614712327,4005.76968378245,5345.07139686493,4269.27507674161,4172.25391525589,4432.26169787942,4609.74955000195,4854.59369830329,5334.14724976535,4616.98663895068,3959.6151336463,4479.0323174263
4816.34331583892,4877.75538167197,4545.75295134295,5233.81814174851,4101.64756934484,3906.67796735508,5139.00862298317,3969.12258300158,4415.1755637643,5030.67964445287,4586.56845007924,4070.38018678958,4466.40070207786,3712.14614712327,4005.76968378245,5345.07139686493,4269.27507674161,4172.25391525589,4432.26169787942,4609.74955000195,4854.59369830329,5334.14724976535,4616.98663895068,3959.6151336463,4479.0323174263
4816.34331583892,4877.75538167197,4545.75295134295,5233.81814174851,4101.64756934484,3906.67796735508,5139.00862298317,3969.12258300158,4415.1755637643,5030.67964445287,4586.56845007924,4070.38018678958,4466.40070207786,3712.14614712327,4005.76968378245,5345.07139686493,4269.27507674161,4172.25391525589,4432.26169787942,4609.74955000195,4854.59369830329,5334.14724976535,4616.98663895068,3959.6151336463,4479.0323174263
4816.34331583892,4877.75538167197,4545.75295134295,5233.81814174851,4101.64756934484,3906.67796735508,5139.00862298317,3969.12258300158,4415.1755637643,5030.67964445287,4586.56845007924,4070.38018678958,4466.40070207786,3712.14614712327,4005.76968378245,5345.07139686493,4269.27507674161,4172.25391525589,4432.26169787942,4609.74955000195,4854.59369830329,5334.14724976535,4616.98663895068,3959.6151336463,4479.0323174263
4816.34331583892,4877.75538167197,4545.75295134295,5233.81814174851,4101.64756934484,3906.67796735508,5139.00862298317,3969.12258300158,4415.1755637643,5030.67964445287,4586.56845007924,4070.38018678958,4466.40070207786,3712.14614712327,4005.76968378245,5345.07139686493,4269.27507674161,4172.25391525589,4432.26169787942,4609.74955000195,4854.59369830329,5334.14724976535,4616.98663895068,3959.6151336463,4479.0323174263
4816.34331583892,4877.75538167197,4545.75295134295,5233.81814174851,4101.64756934484,3906.67796735508,5139.00862298317,3969.12258300158,4415.1755637643,5030.67964445287,4586.56845007924,4070.38018678958,4466.40070207786,3712.14614712327,4005.76968378245,5345.07139686493,4269.27507674161,4172.25391525589,4432.26169787942,4609.74955000195,4854.59369830329,5334.14724976535,4616.98663895068,3959.6151336463,4479.0323174263
4816.34331583892,4877.75538167197,4545.75295134295,5233.81814174851,4101.64756934484,3906.67796735508,5139.00862298317,3969.12258300158,4415.1755637643,5030.67964445287,4586.56845007924,4070.38018678958,4466.40070207786,3712.14614712327,4005.76968378245,5345.07139686493,4269.27507674161,4172.25391525589,4432.26169787942,4609.74955000195,4854.59369830329,5334.14724976535,4616.98663895068,3959.6151336463,4479.0323174263
4816.34331583892,4877.75538167197,4545.75295134295,5233.81814174851,4101.64756934484,3906.67796735508,5139.00862298317,3969.12258300158,4415.1755637643,5030.67964445287,4586.56845007924,4070.38018678958,4466.40070207786,3712.14614712327,4005.76968378245,5345.07139686493,4269.27507674161,4172.25391525589,4432.26169787942,4609.74955000195,4854.59369830329,5334.14724976535,4616.98663895068,3959.6151336463,4479.0323174263
4816.34331583892,4877.75538167197,4545.75295134295,5233.81814174851,4101.64756934484,3906.67796735508,5139.00862298317,3969.12258300158,4415.1755637643,5030.67964445287,4586.56845007924,4070.38018678958,4466.40070207786,3712.14614712327,4005.76968378245,5345.07139686493,4269.27507674161,4172.25391525589,4432.26169787942,4609.74955000195,4854.59369830329,5334.14724976535,4616.98663895068,3959.6151336463,4479.0323174263
4816.34331583892,4877.75538167197,4545.75295134295,5233.81814174851,4101.64756934484,3906.67796735508,5139.00862298317,3969.12258300158,4415.1755637643,5030.67964445287,4586.56845007924,4070.38018678958,4466.40070207786,3712.14614712327,4005.76968378245,5345.07139686493,4269.27507674161,4172.25391525589,4432.26169787942,4609.74955000195,4854.59369830329,5334.14724976535,4616.98663895068,3959.6151336463,4479.0323174263
4816.34331583892,4877.75538167197,4545.75295134295,5233.81814174851,4101.64756934484,3906.67796735508,5139.00862298317,3969.12258300158,4415.1755637643,5030.67964445287,4586.56845007924,4070.38018678958,4466.40070207786,3712.14614712327,4005.76968378245,5345.07139686493,4269.27507674161,4172.25391525589,4432.26169787942,4609.74955000195,4854.59369830329,5334.14724976535,4616.98663895068,3959.6151336463,4479.0323174263
4816.34331583892,4877.75538167197,4545.75295134295,5233.81814174851,4101.64756934484,3906.67796735508,5139.00862298317,3969.12258300158,4415.1755637643,5030.67964445287,4586.56845007924,4070.38018678958,4466.40070207786,3712.14614712327,4005.76968378245,5345.07139686493,4269.27507674161,4172.25391525589,4432.26169787942,4609.74955000195,4854.59369830329,5334.14724976535,4616.98663895068,3959.6151336463,4479.0323174263
4816.34331583892,4877.75538167197,4545.75295134295,5233.81814174851,4101.64756934484,3906.67796735508,5139.00862298317,3969.12258300158,4415.1755637643,5030.67964445287,4586.56845007924,4070.38018678958,4466.40070207786,3712.14614712327,4005.76968378245,5345.07139686493,4269.27507674161,4172.25391525589,4432.26169787942,4609.74955000195,4854.59369830329,5334.14724976535,4616.98663895068,3959.6151336463,4479.0323174263
4816.34331583892,4877.75538167197,4545.75295134295,5233.81814174851,4101.64756934484,3906.67796735508,5139.00862298317,3969.12258300158,4415.1755637643,5030.67964445287,4586.56845007924,4070.38018678958,4466.40070207786,3712.14614712327,4005.76968378245,5345.07139686493,4269.27507674161,4172.25391525589,4432.26169787942,4609.74955000195,4854.59369830329,5334.14724976535,4616.98663895068,3959.6151336463,4479.0323174263
4816.34331583892,4877.75538167197,4545.75295134295,5233.81814174851,4101.64756934484,3906.67796735508,5139.00862298317,3969.12258300158,4415.1755637643,5030.67964445287,4586.56845007924,4070.38018678958,4466.40070207786,3712.14614712327,4005.76968378245,5345.07139686493,4269.27507674161,4172.25391525589,4432.26169787942,4609.74955000195,4854.59369830329,5334.14724976535,4616.98663895068,3959.6151336463,4479.0323174263
4816.34331583892,4877.75538167197,4545.75295134295,5233.81814174851,4101.64756934484,3906.67796735508,5139.00862298317,3969.12258300158,4415.1755637643,5030.67964445287,4586.56845007924,4070.38018678958,4466.40070207786,3712.14614712327,4005.76968378245,5345.07139686493,4269.27507674161,4172.25391525589,4432.26169787942,4609.74955000195,4854.59369830329,5334.14724976535,4616.98663895068,3959.6151336463,4479.0323174263
4816.34331583892,4877.75538167197,4545.75295134295,5233.81814174851,4101.64756934484,3906.67796735508,5139.00862298317,3969.12258300158,4415.1755637643,5030.67964445287,4586.56845007924,4070.38018678958,4466.40070207786,3712.14614712327,4005.76968378245,5345.07139686493,4269.27507674161,4172.25391525589,4432.26169787942,4609.74955000195,4854.59369830329,5334.14724976535,4616.98663895068,3959.6151336463,4479.0323174263
4816.34331583892,4877.75538167197,4545.75295134295,5233.81814174851,4101.64756934484,3906.67796735508,5139.00862298317,3969.12258300158,4415.1755637643,5030.67964445287,4586.56845007924,4070.38018678958,4466.40070207786,3712.14614712327,4005.76968378245,5345.07139686493,4269.27507674161,4172.25391525589,4432.26169787942,4609.74955000195,4854.59369830329,5334.14724976535,4616.98663895068,3959.6151336463,4479.0323174263
4816.34331583892,4877.75538167197,4545.75295134295,5233.81814174851,4101.64756934484,3906.67796735508,5139.00862298317,3969.12258300158,4415.1755637643,5030.67964445287,4586.56845007924,4070.38018678958,4466.40070207786,3712.14614712327,4005.76968378245,5345.07139686493,4269.27507674161,4172.25391525589,4432.26169787942,4609.74955000195,4854.59369830329,5334.14724976535,4616.98663895068,3959.6151336463,4479.0323174263
4816.34331583892,4877.75538167197,4545.75295134295,5233.81814174851,4101.64756934484,3906.67796735508,5139.00862298317,3969.12258300158,4415.1755637643,5030.67964445287,4586.56845007924,4070.38018678958,4466.40070207786,3712.14614712327,4005.76968378245,5345.07139686493,4269.27507674161,4172.25391525589,4432.26169787942,4609.74955000195,4854.59369830329,5334.14724976535,4616.98663895068,3959.6151336463,4479.0323174263
4816.34331583892,4877.75538167197,4545.75295134295,5233.81814174851,4101.64756934484,3906.67796735508,5139.00862298317,3969.12258300158,4415.1755637643,5030.67964445287,4586.56845007924,4070.38018678958,4466.40070207786,3712.14614712327,4005.76968378245,5345.07139686493,4269.27507674161,4172.25391525589,4432.26169787942,4609.74955000195,4854.59369830329,5334.14724976535,4616.98663895068,3959.6151336463,4479.0323174263
4816.34331583892,4877.75538167197,4545.75295134295,5233.81814174851,4101.64756934484,3906.67796735508,5139.00862298317,3969.12258300158,4415.1755637643,5030.67964445287,4586.56845007924,4070.38018678958,4466.40070207786,3712.14614712327,4005.76968378245,5345.07139686493,4269.27507674161,4172.25391525589,4432.26169787942,4609.74955000195,4854.59369830329,5334.14724976535,4616.98663895068,3959.6151336463,4479.0323174263
4816.34331583892,4877.75538167197,4545.75295134295,5233.81814174851,4101.64756934484,3906.67796735508,5139.00862298317,3969.12258300158,4415.1755637643,5030.67964445287,4586.56845007924,4070.38018678958,4466.40070207786,3712.14614712327,4005.76968378245,5345.07139686493,4269.27507674161,4172.25391525589,4432.26169787942,4609.74955000195,4854.59369830329,5334.14724976535,4616.98663895068,3959.6151336463,4479.0323174263
4816.34331583892,4877.75538167197,4545.75295134295,5233.81814174851,4101.64756934484,3906.67796735508,5139.00862298317,3969.12258300158,4415.1755637643,5030.67964445287,4586.56845007924,4070.38018678958,4466.40070207786,3712.14614712327,4005.76968378245,5345.07139686493,4269.27507674161,4172.25391525589,4432.26169787942,4609.74955000195,4854.59369830329,5334.14724976535,4616.98663895068,3959.6151336463,4479.0323174263
4816.34331583892,4877.75538167197,4545.75295134295,5233.81814174851,4101.64756934484,3906.67796735508,5139.00862298317,3969.12258300158,4415.1755637643,5030.67964445287,4586.56845007924,4070.38018678958,4466.40070207786,3712.14614712327,4005.76968378245,5345.07139686493,4269.27507674161,4172.25391525589,4432.26169787942,4609.74955000195,4854.59369830329,5334.14724976535,4616.98663895068,3959.6151336463,4479.0323174263
4816.34331583892,4877.75538167197,4545.75295134295,5233.81814174851,4101.64756934484,3906.67796735508,5139.00862298317,3969.12258300158,4415.1755637643,5030.67964445287,4586.56845007924,4070.38018678958,4466.40070207786,3712.14614712327,4005.76968378245,5345.07139686493,4269.27507674161,4172.25391525589,4432.26169787942,4609.74955000195,4854.59369830329,5334.14724976535,4616.98663895068,3959.6151336463,4479.0323174263
4816.34331583892,4877.75538167197,4545.75295134295,5233.81814174851,4101.64756934484,3906.67796735508,5139.00862298317,3969.12258300158,4415.1755637643,5030.67964445287,4586.56845007924,4070.38018678958,4466.40070207786,3712.14614712327,4005.76968378245,5345.07139686493,4269.27507674161,4172.25391525589,4432.26169787942,4609.74955000195,4854.59369830329,5334.14724976535,4616.98663895068,3959.6151336463,4479.0323174263
4816.34331583892,4877.75538167197,4545.75295134295,5233.81814174851,4101.64756934484,3906.67796735508,5139.00862298317,3969.12258300158,4415.1755637643,5030.67964445287,4586.56845007924,4070.38018678958,4466.40070207786,3712.14614712327,4005.76968378245,5345.07139686493,4269.27507674161,4172.25391525589,4432.26169787942,4609.74955000195,4854.59369830329,5334.14724976535,4616.98663895068,3959.6151336463,4479.0323174263
4816.34331583892,4877.75538167197,4545.75295134295,5233.81814174851,4101.64756934484,3906.67796735508,5139.00862298317,3969.12258300158,4415.1755637643,5030.67964445287,4586.56845007924,4070.38018678958,4466.40070207786,3712.14614712327,4005.76968378245,5345.07139686493,4269.27507674161,4172.25391525589,4432.26169787942,4609.74955000195,4854.59369830329,5334.14724976535,4616.98663895068,3959.6151336463,4479.0323174263
4816.34331583892,4877.75538167197,4545.75295134295,5233.81814174851,4101.64756934484,3906.67796735508,5139.00862298317,3969.12258300158,4415.1755637643,5030.67964445287,4586.56845007924,4070.38018678958,4466.40070207786,3712.14614712327,4005.76968378245,5345.07139686493,4269.27507674161,4172.25391525589,4432.26169787942,4609.74955000195,4854.59369830329,5334.14724976535,4616.98663895068,3959.6151336463,4479.0323174263
4816.34331583892,4877.75538167197,4545.75295134295,5233.81814174851,4101.64756934484,3906.67796735508,5139.00862298317,3969.12258300158,4415.1755637643,5030.67964445287,4586.56845007924,4070.38018678958,4466.40070207786,3712.14614712327,4005.76968378245,5345.07139686493,4269.27507674161,4172.25391525589,4432.26169787942,4609.74955000195,4854.59369830329,5334.14724976535,4616.98663895068,3959.6151336463,4479.0323174263
4816.34331583892,4877.75538167197,4545.75295134295,5233.81814174851,4101.64756934484,3906.67796735508,5139.00862298317,3969.12258300158,4415.1755637643,5030.67964445287,4586.56845007924,4070.38018678958,4466.40070207786,3712.14614712327,4005.76968378245,5345.07139686493,4269.27507674161,4172.25391525589,4432.26169787942,4609.74955000195,4854.59369830329,5334.14724976535,4616.98663895068,3959.6151336463,4479.0323174263
4816.34331583892,4877.75538167197,4545.75295134295,5233.81814174851,4101.64756934484,3906.67796735508,5139.00862298317,3969.12258300158,4415.1755637643,5030.67964445287,4586.56845007924,4070.38018678958,4466.40070207786,3712.14614712327,4005.76968378245,5345.07139686493,4269.27507674161,4172.25391525589,4432.26169787942,4609.74955000195,4854.59369830329,5334.14724976535,4616.98663895068,3959.6151336463,4479.0323174263
4816.34331583892,4877.75538167197,4545.75295134295,5233.81814174851,4101.64756934484,3906.67796735508,5139.00862298317,3969.12258300158,4415.1755637643,5030.67964445287,4586.56845007924,4070.38018678958,4466.40070207786,3712.14614712327,4005.76968378245,5345.07139686493,4269.27507674161,4172.25391525589,4432.26169787942,4609.74955000195,4854.59369830329,5334.14724976535,4616.98663895068,3959.6151336463,4479.0323174263
4816.34331583892,4877.75538167197,4545.75295134295,5233.81814174851,4101.64756934484,3906.67796735508,5139.00862298317,3969.12258300158,4415.1755637643,5030.67964445287,4586.56845007924,4070.38018678958,4466.40070207786,3712.14614712327,4005.76968378245,5345.07139686493,4269.27507674161,4172.25391525589,4432.26169787942,4609.74955000195,4854.59369830329,5334.14724976535,4616.98663895068,3959.6151336463,4479.0323174263
4816.34331583892,4877.75538167197,4545.75295134295,5233.81814174851,4101.64756934484,3906.67796735508,5139.00862298317,3969.12258300158,4415.1755637643,5030.67964445287,4586.56845007924,4070.38018678958,4466.40070207786,3712.14614712327,4005.76968378245,5345.07139686493,4269.27507674161,4172.25391525589,4432.26169787942,4609.74955000195,4854.59369830329,5334.14724976535,4616.98663895068,3959.6151336463,4479.0323174263
4816.34331583892,4877.75538167197,4545.75295134295,5233.81814174851,4101.64756934484,3906.67796735508,5139.00862298317,3969.12258300158,4415.1755637643,5030.67964445287,4586.56845007924,4070.38018678958,4466.40070207786,3712.14614712327,4005.76968378245,5345.07139686493,4269.27507674161,4172.25391525589,4432.26169787942,4609.74955000195,4854.59369830329,5334.14724976535,4616.98663895068,3959.6151336463,4479.0323174263
4816.34331583892,4877.75538167197,4545.75295134295,5233.81814174851,4101.64756934484,3906.67796735508,5139.00862298317,3969.12258300158,4415.1755637643,5030.67964445287,4586.56845007924,4070.38018678958,4466.40070207786,3712.14614712327,4005.76968378245,5345.07139686493,4269.27507674161,4172.25391525589,4432.26169787942,4609.74955000195,4854.59369830329,5334.14724976535,4616.98663895068,3959.6151336463,4479.0323174263
4816.34331583892,4877.75538167197,4545.75295134295,5233.81814174851,4101.64756934484,3906.67796735508,5139.00862298317,3969.12258300158,4415.1755637643,5030.67964445287,4586.56845007924,4070.38018678958,4466.40070207786,3712.14614712327,4005.76968378245,5345.07139686493,4269.27507674161,4172.25391525589,4432.26169787942,4609.74955000195,4854.59369830329,5334.14724976535,4616.98663895068,3959.6151336463,4479.0323174263
4816.34331583892,4877.75538167197,4545.75295134295,5233.81814174851,4101.64756934484,3906.67796735508,5139.00862298317,3969.12258300158,4415.1755637643,5030.67964445287,4586.56845007924,4070.38018678958,4466.40070207786,3712.14614712327,4005.76968378245,5345.07139686493,4269.27507674161,4172.25391525589,4432.26169787942,4609.74955000195,4854.59369830329,5334.14724976535,4616.98663895068,3959.6151336463,4479.0323174263
4816.34331583892,4877.75538167197,4545.75295134295,5233.81814174851,4101.64756934484,3906.67796735508,5139.00862298317,3969.12258300158,4415.1755637643,5030.67964445287,4586.56845007924,4070.38018678958,4466.40070207786,3712.14614712327,4005.76968378245,5345.07139686493,4269.27507674161,4172.25391525589,4432.26169787942,4609.74955000195,4854.59369830329,5334.14724976535,4616.98663895068,3959.6151336463,4479.0323174263
4816.34331583892,4877.75538167197,4545.75295134295,5233.81814174851,4101.64756934484,3906.67796735508,5139.00862298317,3969.12258300158,4415.1755637643,5030.67964445287,4586.56845007924,4070.38018678958,4466.40070207786,3712.14614712327,4005.76968378245,5345.07139686493,4269.27507674161,4172.25391525589,4432.26169787942,4609.74955000195,4854.59369830329,5334.14724976535,4616.98663895068,3959.6151336463,4479.0323174263
4816.34331583892,4877.75538167197,4545.75295134295,5233.81814174851,4101.64756934484,3906.67796735508,5139.00862298317,3969.12258300158,4415.1755637643,5030.67964445287,4586.56845007924,4070.38018678958,4466.40070207786,3712.14614712327,4005.76968378245,5345.07139686493,4269.27507674161,4172.25391525589,4432.26169787942,4609.74955000195,4854.59369830329,5334.14724976535,4616.98663895068,3959.6151336463,4479.0323174263
4816.34331583892,4877.75538167197,4545.75295134295,5233.81814174851,4101.64756934484,3906.67796735508,5139.00862298317,3969.12258300158,4415.1755637643,5030.67964445287,4586.56845007924,4070.38018678958,4466.40070207786,3712.14614712327,4005.76968378245,5345.07139686493,4269.27507674161,4172.25391525589,4432.26169787942,4609.74955000195,4854.59369830329,5334.14724976535,4616.98663895068,3959.6151336463,4479.0323174263
4816.34331583892,4877.75538167197,4545.75295134295,5233.81814174851,4101.64756934484,3906.67796735508,5139.00862298317,3969.12258300158,4415.1755637643,5030.67964445287,4586.56845007924,4070.38018678958,4466.40070207786,3712.14614712327,4005.76968378245,5345.07139686493,4269.27507674161,4172.25391525589,4432.26169787942,4609.74955000195,4854.59369830329,5334.14724976535,4616.98663895068,3959.6151336463,4479.0323174263
4816.34331583892,4877.75538167197,4545.75295134295,5233.81814174851,4101.64756934484,3906.67796735508,5139.00862298317,3969.12258300158,4415.1755637643,5030.67964445287,4586.56845007924,4070.38018678958,4466.40070207786,3712.14614712327,4005.76968378245,5345.07139686493,4269.27507674161,4172.25391525589,4432.26169787942,4609.74955000195,4854.59369830329,5334.14724976535,4616.98663895068,3959.6151336463,4479.0323174263
4816.34331583892,4877.75538167197,4545.75295134295,5233.81814174851,4101.64756934484,3906.67796735508,5139.00862298317,3969.12258300158,4415.1755637643,5030.67964445287,4586.56845007924,4070.38018678958,4466.40070207786,3712.14614712327,4005.76968378245,5345.07139686493,4269.27507674161,4172.25391525589,4432.26169787942,4609.74955000195,4854.59369830329,5334.14724976535,4616.98663895068,3959.6151336463,4479.0323174263
4816.34331583892,4877.75538167197,4545.75295134295,5233.81814174851,4101.64756934484,3906.67796735508,5139.00862298317,3969.12258300158,4415.1755637643,5030.67964445287,4586.56845007924,4070.38018678958,4466.40070207786,3712.14614712327,4005.76968378245,5345.07139686493,4269.27507674161,4172.25391525589,4432.26169787942,4609.74955000195,4854.59369830329,5334.14724976535,4616.98663895068,3959.6151336463,4479.0323174263
4816.34331583892,4877.75538167197,4545.75295134295,5233.81814174851,4101.64756934484,3906.67796735508,5139.00862298317,3969.12258300158,4415.1755637643,5030.67964445287,4586.56845007924,4070.38018678958,4466.40070207786,3712.14614712327,4005.76968378245,5345.07139686493,4269.27507674161,4172.25391525589,4432.26169787942,4609.74955000195,4854.59369830329,5334.14724976535,4616.98663895068,3959.6151336463,4479.0323174263
4816.34331583892,4877.75538167197,4545.75295134295,5233.81814174851,4101.64756934484,3906.67796735508,5139.00862298317,3969.12258300158,4415.1755637643,5030.67964445287,4586.56845007924,4070.38018678958,4466.40070207786,3712.14614712327,4005.76968378245,5345.07139686493,4269.27507674161,4172.25391525589,4432.26169787942,4609.74955000195,4854.59369830329,5334.14724976535,4616.98663895068,3959.6151336463,4479.0323174263
4816.34331583892,4877.75538167197,4545.75295134295,5233.81814174851,4101.64756934484,3906.67796735508,5139.00862298317,3969.12258300158,4415.1755637643,5030.67964445287,4586.56845007924,4070.38018678958,4466.40070207786,3712.14614712327,4005.76968378245,5345.07139686493,4269.27507674161,4172.25391525589,4432.26169787942,4609.74955000195,4854.59369830329,5334.14724976535,4616.98663895068,3959.6151336463,4479.0323174263
4816.34331583892,4877.75538167197,4545.75295134295,5233.81814174851,4101.64756934484,3906.67796735508,5139.00862298317,3969.12258300158,4415.1755637643,5030.67964445287,4586.56845007924,4070.38018678958,4466.40070207786,3712.14614712327,4005.76968378245,5345.07139686493,4269.27507674161,4172.25391525589,4432.26169787942,4609.74955000195,4854.59369830329,5334.14724976535,4616.98663895068,3959.6151336463,4479.0323174263
4816.34331583892,4877.75538167197,4545.75295134295,5233.81814174851,4101.64756934484,3906.67796735508,5139.00862298317,3969.12258300158,4415.1755637643,5030.67964445287,4586.56845007924,4070.38018678958,4466.40070207786,3712.14614712327,4005.76968378245,5345.07139686493,4269.27507674161,4172.25391525589,4432.26169787942,4609.74955000195,4854.59369830329,5334.14724976535,4616.98663895068,3959.6151336463,4479.0323174263
4816.34331583892,4877.75538167197,4545.75295134295,5233.81814174851,4101.64756934484,3906.67796735508,5139.00862298317,3969.12258300158,4415.1755637643,5030.67964445287,4586.56845007924,4070.38018678958,4466.40070207786,3712.14614712327,4005.76968378245,5345.07139686493,4269.27507674161,4172.25391525589,4432.26169787942,4609.74955000195,4854.59369830329,5334.14724976535,4616.98663895068,3959.6151336463,4479.0323174263
4816.34331583892,4877.75538167197,4545.75295134295,5233.81814174851,4101.64756934484,3906.67796735508,5139.00862298317,3969.12258300158,4415.1755637643,5030.67964445287,4586.56845007924,4070.38018678958,4466.40070207786,3712.14614712327,4005.76968378245,5345.07139686493,4269.27507674161,4172.25391525589,4432.26169787942,4609.74955000195,4854.59369830329,5334.14724976535,4616.98663895068,3959.6151336463,4479.0323174263
4816.34331583892,4877.75538167197,4545.75295134295,5233.81814174851,4101.64756934484,3906.67796735508,5139.00862298317,3969.12258300158,4415.1755637643,5030.67964445287,4586.56845007924,4070.38018678958,4466.40070207786,3712.14614712327,4005.76968378245,5345.07139686493,4269.27507674161,4172.25391525589,4432.26169787942,4609.74955000195,4854.59369830329,5334.14724976535,4616.98663895068,3959.6151336463,4479.0323174263
4816.34331583892,4877.75538167197,4545.75295134295,5233.81814174851,4101.64756934484,3906.67796735508,5139.00862298317,3969.12258300158,4415.1755637643,5030.67964445287,4586.56845007924,4070.38018678958,4466.40070207786,3712.14614712327,4005.76968378245,5345.07139686493,4269.27507674161,4172.25391525589,4432.26169787942,4609.74955000195,4854.59369830329,5334.14724976535,4616.98663895068,3959.6151336463,4479.0323174263
4816.34331583892,4877.75538167197,4545.75295134295,5233.81814174851,4101.64756934484,3906.67796735508,5139.00862298317,3969.12258300158,4415.1755637643,5030.67964445287,4586.56845007924,4070.38018678958,4466.40070207786,3712.14614712327,4005.76968378245,5345.07139686493,4269.27507674161,4172.25391525589,4432.26169787942,4609.74955000195,4854.59369830329,5334.14724976535,4616.98663895068,3959.6151336463,4479.0323174263
4816.34331583892,4877.75538167197,4545.75295134295,5233.81814174851,4101.64756934484,3906.67796735508,5139.00862298317,3969.12258300158,4415.1755637643,5030.67964445287,4586.56845007924,4070.38018678958,4466.40070207786,3712.14614712327,4005.76968378245,5345.07139686493,4269.27507674161,4172.25391525589,4432.26169787942,4609.74955000195,4854.59369830329,5334.14724976535,4616.98663895068,3959.6151336463,4479.0323174263
4816.34331583892,4877.75538167197,4545.75295134295,5233.81814174851,4101.64756934484,3906.67796735508,5139.00862298317,3969.12258300158,4415.1755637643,5030.67964445287,4586.56845007924,4070.38018678958,4466.40070207786,3712.14614712327,4005.76968378245,5345.07139686493,4269.27507674161,4172.25391525589,4432.26169787942,4609.74955000195,4854.59369830329,5334.14724976535,4616.98663895068,3959.6151336463,4479.0323174263
4816.34331583892,4877.75538167197,4545.75295134295,5233.81814174851,4101.64756934484,3906.67796735508,5139.00862298317,3969.12258300158,4415.1755637643,5030.67964445287,4586.56845007924,4070.38018678958,4466.40070207786,3712.14614712327,4005.76968378245,5345.07139686493,4269.27507674161,4172.25391525589,4432.26169787942,4609.74955000195,4854.59369830329,5334.14724976535,4616.98663895068,3959.6151336463,4479.0323174263
4816.34331583892,4877.75538167197,4545.75295134295,5233.81814174851,4101.64756934484,3906.67796735508,5139.00862298317,3969.12258300158,4415.1755637643,5030.67964445287,4586.56845007924,4070.38018678958,4466.40070207786,3712.14614712327,4005.76968378245,5345.07139686493,4269.27507674161,4172.25391525589,4432.26169787942,4609.74955000195,4854.59369830329,5334.14724976535,4616.98663895068,3959.6151336463,4479.0323174263
4816.34331583892,4877.75538167197,4545.75295134295,5233.81814174851,4101.64756934484,3906.67796735508,5139.00862298317,3969.12258300158,4415.1755637643,5030.67964445287,4586.56845007924,4070.38018678958,4466.40070207786,3712.14614712327,4005.76968378245,5345.07139686493,4269.27507674161,4172.25391525589,4432.26169787942,4609.74955000195,4854.59369830329,5334.14724976535,4616.98663895068,3959.6151336463,4479.0323174263
4816.34331583892,4877.75538167197,4545.75295134295,5233.81814174851,4101.64756934484,3906.67796735508,5139.00862298317,3969.12258300158,4415.1755637643,5030.67964445287,4586.56845007924,4070.38018678958,4466.40070207786,3712.14614712327,4005.76968378245,5345.07139686493,4269.27507674161,4172.25391525589,4432.26169787942,4609.74955000195,4854.59369830329,5334.14724976535,4616.98663895068,3959.6151336463,4479.0323174263
4816.34331583892,4877.75538167197,4545.75295134295,5233.81814174851,4101.64756934484,3906.67796735508,5139.00862298317,3969.12258300158,4415.1755637643,5030.67964445287,4586.56845007924,4070.38018678958,4466.40070207786,3712.14614712327,4005.76968378245,5345.07139686493,4269.27507674161,4172.25391525589,4432.26169787942,4609.74955000195,4854.59369830329,5334.14724976535,4616.98663895068,3959.6151336463,4479.0323174263
4816.34331583892,4877.75538167197,4545.75295134295,5233.81814174851,4101.64756934484,3906.67796735508,5139.00862298317,3969.12258300158,4415.1755637643,5030.67964445287,4586.56845007924,4070.38018678958,4466.40070207786,3712.14614712327,4005.76968378245,5345.07139686493,4269.27507674161,4172.25391525589,4432.26169787942,4609.74955000195,4854.59369830329,5334.14724976535,4616.98663895068,3959.6151336463,4479.0323174263
4816.34331583892,4877.75538167197,4545.75295134295,5233.81814174851,4101.64756934484,3906.67796735508,5139.00862298317,3969.12258300158,4415.1755637643,5030.67964445287,4586.56845007924,4070.38018678958,4466.40070207786,3712.14614712327,4005.76968378245,5345.07139686493,4269.27507674161,4172.25391525589,4432.26169787942,4609.74955000195,4854.59369830329,5334.14724976535,4616.98663895068,3959.6151336463,4479.0323174263
4816.34331583892,4877.75538167197,4545.75295134295,5233.81814174851,4101.64756934484,3906.67796735508,5139.00862298317,3969.12258300158,4415.1755637643,5030.67964445287,4586.56845007924,4070.38018678958,4466.40070207786,3712.14614712327,4005.76968378245,5345.07139686493,4269.27507674161,4172.25391525589,4432.26169787942,4609.74955000195,4854.59369830329,5334.14724976535,4616.98663895068,3959.6151336463,4479.0323174263
4816.34331583892,4877.75538167197,4545.75295134295,5233.81814174851,4101.64756934484,3906.67796735508,5139.00862298317,3969.12258300158,4415.1755637643,5030.67964445287,4586.56845007924,4070.38018678958,4466.40070207786,3712.14614712327,4005.76968378245,5345.07139686493,4269.27507674161,4172.25391525589,4432.26169787942,4609.74955000195,4854.59369830329,5334.14724976535,4616.98663895068,3959.6151336463,4479.0323174263
4816.34331583892,4877.75538167197,4545.75295134295,5233.81814174851,4101.64756934484,3906.67796735508,5139.00862298317,3969.12258300158,4415.1755637643,5030.67964445287,4586.56845007924,4070.38018678958,4466.40070207786,3712.14614712327,4005.76968378245,5345.07139686493,4269.27507674161,4172.25391525589,4432.26169787942,4609.74955000195,4854.59369830329,5334.14724976535,4616.98663895068,3959.6151336463,4479.0323174263
4816.34331583892,4877.75538167197,4545.75295134295,5233.81814174851,4101.64756934484,3906.67796735508,5139.00862298317,3969.12258300158,4415.1755637643,5030.67964445287,4586.56845007924,4070.38018678958,4466.40070207786,3712.14614712327,4005.76968378245,5345.07139686493,4269.27507674161,4172.25391525589,4432.26169787942,4609.74955000195,4854.59369830329,5334.14724976535,4616.98663895068,3959.6151336463,4479.0323174263
4816.34331583892,4877.75538167197,4545.75295134295,5233.81814174851,4101.64756934484,3906.67796735508,5139.00862298317,3969.12258300158,4415.1755637643,5030.67964445287,4586.56845007924,4070.38018678958,4466.40070207786,3712.14614712327,4005.76968378245,5345.07139686493,4269.27507674161,4172.25391525589,4432.26169787942,4609.74955000195,4854.59369830329,5334.14724976535,4616.98663895068,3959.6151336463,4479.0323174263
4816.34331583892,4877.75538167197,4545.75295134295,5233.81814174851,4101.64756934484,3906.67796735508,5139.00862298317,3969.12258300158,4415.1755637643,5030.67964445287,4586.56845007924,4070.38018678958,4466.40070207786,3712.14614712327,4005.76968378245,5345.07139686493,4269.27507674161,4172.25391525589,4432.26169787942,4609.74955000195,4854.59369830329,5334.14724976535,4616.98663895068,3959.6151336463,4479.0323174263
4816.34331583892,4877.75538167197,4545.75295134295,5233.81814174851,4101.64756934484,3906.67796735508,5139.00862298317,3969.12258300158,4415.1755637643,5030.67964445287,4586.56845007924,4070.38018678958,4466.40070207786,3712.14614712327,4005.76968378245,5345.07139686493,4269.27507674161,4172.25391525589,4432.26169787942,4609.74955000195,4854.59369830329,5334.14724976535,4616.98663895068,3959.6151336463,4479.0323174263
4816.34331583892,4877.75538167197,4545.75295134295,5233.81814174851,4101.64756934484,3906.67796735508,5139.00862298317,3969.12258300158,4415.1755637643,5030.67964445287,4586.56845007924,4070.38018678958,4466.40070207786,3712.14614712327,4005.76968378245,5345.07139686493,4269.27507674161,4172.25391525589,4432.26169787942,4609.74955000195,4854.59369830329,5334.14724976535,4616.98663895068,3959.6151336463,4479.0323174263
4816.34331583892,4877.75538167197,4545.75295134295,5233.81814174851,4101.64756934484,3906.67796735508,5139.00862298317,3969.12258300158,4415.1755637643,5030.67964445287,4586.56845007924,4070.38018678958,4466.40070207786,3712.14614712327,4005.76968378245,5345.07139686493,4269.27507674161,4172.25391525589,4432.26169787942,4609.74955000195,4854.59369830329,5334.14724976535,4616.98663895068,3959.6151336463,4479.0323174263
4816.34331583892,4877.75538167197,4545.75295134295,5233.81814174851,4101.64756934484,3906.67796735508,5139.00862298317,3969.12258300158,4415.1755637643,5030.67964445287,4586.56845007924,4070.38018678958,4466.40070207786,3712.14614712327,4005.76968378245,5345.07139686493,4269.27507674161,4172.25391525589,4432.26169787942,4609.74955000195,4854.59369830329,5334.14724976535,4616.98663895068,3959.6151336463,4479.0323174263
4816.34331583892,4877.75538167197,4545.75295134295,5233.81814174851,4101.64756934484,3906.67796735508,5139.00862298317,3969.12258300158,4415.1755637643,5030.67964445287,4586.56845007924,4070.38018678958,4466.40070207786,3712.14614712327,4005.76968378245,5345.07139686493,4269.27507674161,4172.25391525589,4432.26169787942,4609.74955000195,4854.59369830329,5334.14724976535,4616.98663895068,3959.6151336463,4479.0323174263
4816.34331583892,4877.75538167197,4545.75295134295,5233.81814174851,4101.64756934484,3906.67796735508,5139.00862298317,3969.12258300158,4415.1755637643,5030.67964445287,4586.56845007924,4070.38018678958,4466.40070207786,3712.14614712327,4005.76968378245,5345.07139686493,4269.27507674161,4172.25391525589,4432.26169787942,4609.74955000195,4854.59369830329,5334.14724976535,4616.98663895068,3959.6151336463,4479.0323174263
4816.34331583892,4877.75538167197,4545.75295134295,5233.81814174851,4101.64756934484,3906.67796735508,5139.00862298317,3969.12258300158,4415.1755637643,5030.67964445287,4586.56845007924,4070.38018678958,4466.40070207786,3712.14614712327,4005.76968378245,5345.07139686493,4269.27507674161,4172.25391525589,4432.26169787942,4609.74955000195,4854.59369830329,5334.14724976535,4616.98663895068,3959.6151336463,4479.0323174263
4816.34331583892,4877.75538167197,4545.75295134295,5233.81814174851,4101.64756934484,3906.67796735508,5139.00862298317,3969.12258300158,4415.1755637643,5030.67964445287,4586.56845007924,4070.38018678958,4466.40070207786,3712.14614712327,4005.76968378245,5345.07139686493,4269.27507674161,4172.25391525589,4432.26169787942,4609.74955000195,4854.59369830329,5334.14724976535,4616.98663895068,3959.6151336463,4479.0323174263
4816.34331583892,4877.75538167197,4545.75295134295,5233.81814174851,4101.64756934484,3906.67796735508,5139.00862298317,3969.12258300158,4415.1755637643,5030.67964445287,4586.56845007924,4070.38018678958,4466.40070207786,3712.14614712327,4005.76968378245,5345.07139686493,4269.27507674161,4172.25391525589,4432.26169787942,4609.74955000195,4854.59369830329,5334.14724976535,4616.98663895068,3959.6151336463,4479.0323174263
4816.34331583892,4877.75538167197,4545.75295134295,5233.81814174851,4101.64756934484,3906.67796735508,5139.00862298317,3969.12258300158,4415.1755637643,5030.67964445287,4586.56845007924,4070.38018678958,4466.40070207786,3712.14614712327,4005.76968378245,5345.07139686493,4269.27507674161,4172.25391525589,4432.26169787942,4609.74955000195,4854.59369830329,5334.14724976535,4616.98663895068,3959.6151336463,4479.0323174263
4816.34331583892,4877.75538167197,4545.75295134295,5233.81814174851,4101.64756934484,3906.67796735508,5139.00862298317,3969.12258300158,4415.1755637643,5030.67964445287,4586.56845007924,4070.38018678958,4466.40070207786,3712.14614712327,4005.76968378245,5345.07139686493,4269.27507674161,4172.25391525589,4432.26169787942,4609.74955000195,4854.59369830329,5334.14724976535,4616.98663895068,3959.6151336463,4479.0323174263
4816.34331583892,4877.75538167197,4545.75295134295,5233.81814174851,4101.64756934484,3906.67796735508,5139.00862298317,3969.12258300158,4415.1755637643,5030.67964445287,4586.56845007924,4070.38018678958,4466.40070207786,3712.14614712327,4005.76968378245,5345.07139686493,4269.27507674161,4172.25391525589,4432.26169787942,4609.74955000195,4854.59369830329,5334.14724976535,4616.98663895068,3959.6151336463,4479.0323174263
4816.34331583892,4877.75538167197,4545.75295134295,5233.81814174851,4101.64756934484,3906.67796735508,5139.00862298317,3969.12258300158,4415.1755637643,5030.67964445287,4586.56845007924,4070.38018678958,4466.40070207786,3712.14614712327,4005.76968378245,5345.07139686493,4269.27507674161,4172.25391525589,4432.26169787942,4609.74955000195,4854.59369830329,5334.14724976535,4616.98663895068,3959.6151336463,4479.0323174263
4816.34331583892,4877.75538167197,4545.75295134295,5233.81814174851,4101.64756934484,3906.67796735508,5139.00862298317,3969.12258300158,4415.1755637643,5030.67964445287,4586.56845007924,4070.38018678958,4466.40070207786,3712.14614712327,4005.76968378245,5345.07139686493,4269.27507674161,4172.25391525589,4432.26169787942,4609.74955000195,4854.59369830329,5334.14724976535,4616.98663895068,3959.6151336463,4479.0323174263
4816.34331583892,4877.75538167197,4545.75295134295,5233.81814174851,4101.64756934484,3906.67796735508,5139.00862298317,3969.12258300158,4415.1755637643,5030.67964445287,4586.56845007924,4070.38018678958,4466.40070207786,3712.14614712327,4005.76968378245,5345.07139686493,4269.27507674161,4172.25391525589,4432.26169787942,4609.74955000195,4854.59369830329,5334.14724976535,4616.98663895068,3959.6151336463,4479.0323174263
4816.34331583892,4877.75538167197,4545.75295134295,5233.81814174851,4101.64756934484,3906.67796735508,5139.00862298317,3969.12258300158,4415.1755637643,5030.67964445287,4586.56845007924,4070.38018678958,4466.40070207786,3712.14614712327,4005.76968378245,5345.07139686493,4269.27507674161,4172.25391525589,4432.26169787942,4609.74955000195,4854.59369830329,5334.14724976535,4616.98663895068,3959.6151336463,4479.0323174263
4816.34331583892,4877.75538167197,4545.75295134295,5233.81814174851,4101.64756934484,3906.67796735508,5139.00862298317,3969.12258300158,4415.1755637643,5030.67964445287,4586.56845007924,4070.38018678958,4466.40070207786,3712.14614712327,4005.76968378245,5345.07139686493,4269.27507674161,4172.25391525589,4432.26169787942,4609.74955000195,4854.59369830329,5334.14724976535,4616.98663895068,3959.6151336463,4479.0323174263
4816.34331583892,4877.75538167197,4545.75295134295,5233.81814174851,4101.64756934484,3906.67796735508,5139.00862298317,3969.12258300158,4415.1755637643,5030.67964445287,4586.56845007924,4070.38018678958,4466.40070207786,3712.14614712327,4005.76968378245,5345.07139686493,4269.27507674161,4172.25391525589,4432.26169787942,4609.74955000195,4854.59369830329,5334.14724976535,4616.98663895068,3959.6151336463,4479.0323174263
4816.34331583892,4877.75538167197,4545.75295134295,5233.81814174851,4101.64756934484,3906.67796735508,5139.00862298317,3969.12258300158,4415.1755637643,5030.67964445287,4586.56845007924,4070.38018678958,4466.40070207786,3712.14614712327,4005.76968378245,5345.07139686493,4269.27507674161,4172.25391525589,4432.26169787942,4609.74955000195,4854.59369830329,5334.14724976535,4616.98663895068,3959.6151336463,4479.0323174263
4816.34331583892,4877.75538167197,4545.75295134295,5233.81814174851,4101.64756934484,3906.67796735508,5139.00862298317,3969.12258300158,4415.1755637643,5030.67964445287,4586.56845007924,4070.38018678958,4466.40070207786,3712.14614712327,4005.76968378245,5345.07139686493,4269.27507674161,4172.25391525589,4432.26169787942,4609.74955000195,4854.59369830329,5334.14724976535,4616.98663895068,3959.6151336463,4479.0323174263
4816.34331583892,4877.75538167197,4545.75295134295,5233.81814174851,4101.64756934484,3906.67796735508,5139.00862298317,3969.12258300158,4415.1755637643,5030.67964445287,4586.56845007924,4070.38018678958,4466.40070207786,3712.14614712327,4005.76968378245,5345.07139686493,4269.27507674161,4172.25391525589,4432.26169787942,4609.74955000195,4854.59369830329,5334.14724976535,4616.98663895068,3959.6151336463,4479.0323174263
4816.34331583892,4877.75538167197,4545.75295134295,5233.81814174851,4101.64756934484,3906.67796735508,5139.00862298317,3969.12258300158,4415.1755637643,5030.67964445287,4586.56845007924,4070.38018678958,4466.40070207786,3712.14614712327,4005.76968378245,5345.07139686493,4269.27507674161,4172.25391525589,4432.26169787942,4609.74955000195,4854.59369830329,5334.14724976535,4616.98663895068,3959.6151336463,4479.0323174263
4816.34331583892,4877.75538167197,4545.75295134295,5233.81814174851,4101.64756934484,3906.67796735508,5139.00862298317,3969.12258300158,4415.1755637643,5030.67964445287,4586.56845007924,4070.38018678958,4466.40070207786,3712.14614712327,4005.76968378245,5345.07139686493,4269.27507674161,4172.25391525589,4432.26169787942,4609.74955000195,4854.59369830329,5334.14724976535,4616.98663895068,3959.6151336463,4479.0323174263
4816.34331583892,4877.75538167197,4545.75295134295,5233.81814174851,4101.64756934484,3906.67796735508,5139.00862298317,3969.12258300158,4415.1755637643,5030.67964445287,4586.56845007924,4070.38018678958,4466.40070207786,3712.14614712327,4005.76968378245,5345.07139686493,4269.27507674161,4172.25391525589,4432.26169787942,4609.74955000195,4854.59369830329,5334.14724976535,4616.98663895068,3959.6151336463,4479.0323174263
4816.34331583892,4877.75538167197,4545.75295134295,5233.81814174851,4101.64756934484,3906.67796735508,5139.00862298317,3969.12258300158,4415.1755637643,5030.67964445287,4586.56845007924,4070.38018678958,4466.40070207786,3712.14614712327,4005.76968378245,5345.07139686493,4269.27507674161,4172.25391525589,4432.26169787942,4609.74955000195,4854.59369830329,5334.14724976535,4616.98663895068,3959.6151336463,4479.0323174263
4816.34331583892,4877.75538167197,4545.75295134295,5233.81814174851,4101.64756934484,3906.67796735508,5139.00862298317,3969.12258300158,4415.1755637643,5030.67964445287,4586.56845007924,4070.38018678958,4466.40070207786,3712.14614712327,4005.76968378245,5345.07139686493,4269.27507674161,4172.25391525589,4432.26169787942,4609.74955000195,4854.59369830329,5334.14724976535,4616.98663895068,3959.6151336463,4479.0323174263
4816.34331583892,4877.75538167197,4545.75295134295,5233.81814174851,4101.64756934484,3906.67796735508,5139.00862298317,3969.12258300158,4415.1755637643,5030.67964445287,4586.56845007924,4070.38018678958,4466.40070207786,3712.14614712327,4005.76968378245,5345.07139686493,4269.27507674161,4172.25391525589,4432.26169787942,4609.74955000195,4854.59369830329,5334.14724976535,4616.98663895068,3959.6151336463,4479.0323174263
4816.34331583892,4877.75538167197,4545.75295134295,5233.81814174851,4101.64756934484,3906.67796735508,5139.00862298317,3969.12258300158,4415.1755637643,5030.67964445287,4586.56845007924,4070.38018678958,4466.40070207786,3712.14614712327,4005.76968378245,5345.07139686493,4269.27507674161,4172.25391525589,4432.26169787942,4609.74955000195,4854.59369830329,5334.14724976535,4616.98663895068,3959.6151336463,4479.0323174263
4816.34331583892,4877.75538167197,4545.75295134295,5233.81814174851,4101.64756934484,3906.67796735508,5139.00862298317,3969.12258300158,4415.1755637643,5030.67964445287,4586.56845007924,4070.38018678958,4466.40070207786,3712.14614712327,4005.76968378245,5345.07139686493,4269.27507674161,4172.25391525589,4432.26169787942,4609.74955000195,4854.59369830329,5334.14724976535,4616.98663895068,3959.6151336463,4479.0323174263
4816.34331583892,4877.75538167197,4545.75295134295,5233.81814174851,4101.64756934484,3906.67796735508,5139.00862298317,3969.12258300158,4415.1755637643,5030.67964445287,4586.56845007924,4070.38018678958,4466.40070207786,3712.14614712327,4005.76968378245,5345.07139686493,4269.27507674161,4172.25391525589,4432.26169787942,4609.74955000195,4854.59369830329,5334.14724976535,4616.98663895068,3959.6151336463,4479.0323174263
4816.34331583892,4877.75538167197,4545.75295134295,5233.81814174851,4101.64756934484,3906.67796735508,5139.00862298317,3969.12258300158,4415.1755637643,5030.67964445287,4586.56845007924,4070.38018678958,4466.40070207786,3712.14614712327,4005.76968378245,5345.07139686493,4269.27507674161,4172.25391525589,4432.26169787942,4609.74955000195,4854.59369830329,5334.14724976535,4616.98663895068,3959.6151336463,4479.0323174263
4816.34331583892,4877.75538167197,4545.75295134295,5233.81814174851,4101.64756934484,3906.67796735508,5139.00862298317,3969.12258300158,4415.1755637643,5030.67964445287,4586.56845007924,4070.38018678958,4466.40070207786,3712.14614712327,4005.76968378245,5345.07139686493,4269.27507674161,4172.25391525589,4432.26169787942,4609.74955000195,4854.59369830329,5334.14724976535,4616.98663895068,3959.6151336463,4479.0323174263
4816.34331583892,4877.75538167197,4545.75295134295,5233.81814174851,4101.64756934484,3906.67796735508,5139.00862298317,3969.12258300158,4415.1755637643,5030.67964445287,4586.56845007924,4070.38018678958,4466.40070207786,3712.14614712327,4005.76968378245,5345.07139686493,4269.27507674161,4172.25391525589,4432.26169787942,4609.74955000195,4854.59369830329,5334.14724976535,4616.98663895068,3959.6151336463,4479.0323174263
4816.34331583892,4877.75538167197,4545.75295134295,5233.81814174851,4101.64756934484,3906.67796735508,5139.00862298317,3969.12258300158,4415.1755637643,5030.67964445287,4586.56845007924,4070.38018678958,4466.40070207786,3712.14614712327,4005.76968378245,5345.07139686493,4269.27507674161,4172.25391525589,4432.26169787942,4609.74955000195,4854.59369830329,5334.14724976535,4616.98663895068,3959.6151336463,4479.0323174263
4816.34331583892,4877.75538167197,4545.75295134295,5233.81814174851,4101.64756934484,3906.67796735508,5139.00862298317,3969.12258300158,4415.1755637643,5030.67964445287,4586.56845007924,4070.38018678958,4466.40070207786,3712.14614712327,4005.76968378245,5345.07139686493,4269.27507674161,4172.25391525589,4432.26169787942,4609.74955000195,4854.59369830329,5334.14724976535,4616.98663895068,3959.6151336463,4479.0323174263
4816.34331583892,4877.75538167197,4545.75295134295,5233.81814174851,4101.64756934484,3906.67796735508,5139.00862298317,3969.12258300158,4415.1755637643,5030.67964445287,4586.56845007924,4070.38018678958,4466.40070207786,3712.14614712327,4005.76968378245,5345.07139686493,4269.27507674161,4172.25391525589,4432.26169787942,4609.74955000195,4854.59369830329,5334.14724976535,4616.98663895068,3959.6151336463,4479.0323174263
4816.34331583892,4877.75538167197,4545.75295134295,5233.81814174851,4101.64756934484,3906.67796735508,5139.00862298317,3969.12258300158,4415.1755637643,5030.67964445287,4586.56845007924,4070.38018678958,4466.40070207786,3712.14614712327,4005.76968378245,5345.07139686493,4269.27507674161,4172.25391525589,4432.26169787942,4609.74955000195,4854.59369830329,5334.14724976535,4616.98663895068,3959.6151336463,4479.0323174263
4816.34331583892,4877.75538167197,4545.75295134295,5233.81814174851,4101.64756934484,3906.67796735508,5139.00862298317,3969.12258300158,4415.1755637643,5030.67964445287,4586.56845007924,4070.38018678958,4466.40070207786,3712.14614712327,4005.76968378245,5345.07139686493,4269.27507674161,4172.25391525589,4432.26169787942,4609.74955000195,4854.59369830329,5334.14724976535,4616.98663895068,3959.6151336463,4479.0323174263
4816.34331583892,4877.75538167197,4545.75295134295,5233.81814174851,4101.64756934484,3906.67796735508,5139.00862298317,3969.12258300158,4415.1755637643,5030.67964445287,4586.56845007924,4070.38018678958,4466.40070207786,3712.14614712327,4005.76968378245,5345.07139686493,4269.27507674161,4172.25391525589,4432.26169787942,4609.74955000195,4854.59369830329,5334.14724976535,4616.98663895068,3959.6151336463,4479.0323174263
4816.34331583892,4877.75538167197,4545.75295134295,5233.81814174851,4101.64756934484,3906.67796735508,5139.00862298317,3969.12258300158,4415.1755637643,5030.67964445287,4586.56845007924,4070.38018678958,4466.40070207786,3712.14614712327,4005.76968378245,5345.07139686493,4269.27507674161,4172.25391525589,4432.26169787942,4609.74955000195,4854.59369830329,5334.14724976535,4616.98663895068,3959.6151336463,4479.0323174263
4816.34331583892,4877.75538167197,4545.75295134295,5233.81814174851,4101.64756934484,3906.67796735508,5139.00862298317,3969.12258300158,4415.1755637643,5030.67964445287,4586.56845007924,4070.38018678958,4466.40070207786,3712.14614712327,4005.76968378245,5345.07139686493,4269.27507674161,4172.25391525589,4432.26169787942,4609.74955000195,4854.59369830329,5334.14724976535,4616.98663895068,3959.6151336463,4479.0323174263
4816.34331583892,4877.75538167197,4545.75295134295,5233.81814174851,4101.64756934484,3906.67796735508,5139.00862298317,3969.12258300158,4415.1755637643,5030.67964445287,4586.56845007924,4070.38018678958,4466.40070207786,3712.14614712327,4005.76968378245,5345.07139686493,4269.27507674161,4172.25391525589,4432.26169787942,4609.74955000195,4854.59369830329,5334.14724976535,4616.98663895068,3959.6151336463,4479.0323174263
4816.34331583892,4877.75538167197,4545.75295134295,5233.81814174851,4101.64756934484,3906.67796735508,5139.00862298317,3969.12258300158,4415.1755637643,5030.67964445287,4586.56845007924,4070.38018678958,4466.40070207786,3712.14614712327,4005.76968378245,5345.07139686493,4269.27507674161,4172.25391525589,4432.26169787942,4609.74955000195,4854.59369830329,5334.14724976535,4616.98663895068,3959.6151336463,4479.0323174263
4816.34331583892,4877.75538167197,4545.75295134295,5233.81814174851,4101.64756934484,3906.67796735508,5139.00862298317,3969.12258300158,4415.1755637643,5030.67964445287,4586.56845007924,4070.38018678958,4466.40070207786,3712.14614712327,4005.76968378245,5345.07139686493,4269.27507674161,4172.25391525589,4432.26169787942,4609.74955000195,4854.59369830329,5334.14724976535,4616.98663895068,3959.6151336463,4479.0323174263
4816.34331583892,4877.75538167197,4545.75295134295,5233.81814174851,4101.64756934484,3906.67796735508,5139.00862298317,3969.12258300158,4415.1755637643,5030.67964445287,4586.56845007924,4070.38018678958,4466.40070207786,3712.14614712327,4005.76968378245,5345.07139686493,4269.27507674161,4172.25391525589,4432.26169787942,4609.74955000195,4854.59369830329,5334.14724976535,4616.98663895068,3959.6151336463,4479.0323174263
4816.34331583892,4877.75538167197,4545.75295134295,5233.81814174851,4101.64756934484,3906.67796735508,5139.00862298317,3969.12258300158,4415.1755637643,5030.67964445287,4586.56845007924,4070.38018678958,4466.40070207786,3712.14614712327,4005.76968378245,5345.07139686493,4269.27507674161,4172.25391525589,4432.26169787942,4609.74955000195,4854.59369830329,5334.14724976535,4616.98663895068,3959.6151336463,4479.0323174263
4816.34331583892,4877.75538167197,4545.75295134295,5233.81814174851,4101.64756934484,3906.67796735508,5139.00862298317,3969.12258300158,4415.1755637643,5030.67964445287,4586.56845007924,4070.38018678958,4466.40070207786,3712.14614712327,4005.76968378245,5345.07139686493,4269.27507674161,4172.25391525589,4432.26169787942,4609.74955000195,4854.59369830329,5334.14724976535,4616.98663895068,3959.6151336463,4479.0323174263
4816.34331583892,4877.75538167197,4545.75295134295,5233.81814174851,4101.64756934484,3906.67796735508,5139.00862298317,3969.12258300158,4415.1755637643,5030.67964445287,4586.56845007924,4070.38018678958,4466.40070207786,3712.14614712327,4005.76968378245,5345.07139686493,4269.27507674161,4172.25391525589,4432.26169787942,4609.74955000195,4854.59369830329,5334.14724976535,4616.98663895068,3959.6151336463,4479.0323174263
4816.34331583892,4877.75538167197,4545.75295134295,5233.81814174851,4101.64756934484,3906.67796735508,5139.00862298317,3969.12258300158,4415.1755637643,5030.67964445287,4586.56845007924,4070.38018678958,4466.40070207786,3712.14614712327,4005.76968378245,5345.07139686493,4269.27507674161,4172.25391525589,4432.26169787942,4609.74955000195,4854.59369830329,5334.14724976535,4616.98663895068,3959.6151336463,4479.0323174263
4816.34331583892,4877.75538167197,4545.75295134295,5233.81814174851,4101.64756934484,3906.67796735508,5139.00862298317,3969.12258300158,4415.1755637643,5030.67964445287,4586.56845007924,4070.38018678958,4466.40070207786,3712.14614712327,4005.76968378245,5345.07139686493,4269.27507674161,4172.25391525589,4432.26169787942,4609.74955000195,4854.59369830329,5334.14724976535,4616.98663895068,3959.6151336463,4479.0323174263
4816.34331583892,4877.75538167197,4545.75295134295,5233.81814174851,4101.64756934484,3906.67796735508,5139.00862298317,3969.12258300158,4415.1755637643,5030.67964445287,4586.56845007924,4070.38018678958,4466.40070207786,3712.14614712327,4005.76968378245,5345.07139686493,4269.27507674161,4172.25391525589,4432.26169787942,4609.74955000195,4854.59369830329,5334.14724976535,4616.98663895068,3959.6151336463,4479.0323174263
4816.34331583892,4877.75538167197,4545.75295134295,5233.81814174851,4101.64756934484,3906.67796735508,5139.00862298317,3969.12258300158,4415.1755637643,5030.67964445287,4586.56845007924,4070.38018678958,4466.40070207786,3712.14614712327,4005.76968378245,5345.07139686493,4269.27507674161,4172.25391525589,4432.26169787942,4609.74955000195,4854.59369830329,5334.14724976535,4616.98663895068,3959.6151336463,4479.0323174263
4816.34331583892,4877.75538167197,4545.75295134295,5233.81814174851,4101.64756934484,3906.67796735508,5139.00862298317,3969.12258300158,4415.1755637643,5030.67964445287,4586.56845007924,4070.38018678958,4466.40070207786,3712.14614712327,4005.76968378245,5345.07139686493,4269.27507674161,4172.25391525589,4432.26169787942,4609.74955000195,4854.59369830329,5334.14724976535,4616.98663895068,3959.6151336463,4479.0323174263
4816.34331583892,4877.75538167197,4545.75295134295,5233.81814174851,4101.64756934484,3906.67796735508,5139.00862298317,3969.12258300158,4415.1755637643,5030.67964445287,4586.56845007924,4070.38018678958,4466.40070207786,3712.14614712327,4005.76968378245,5345.07139686493,4269.27507674161,4172.25391525589,4432.26169787942,4609.74955000195,4854.59369830329,5334.14724976535,4616.98663895068,3959.6151336463,4479.0323174263
4816.34331583892,4877.75538167197,4545.75295134295,5233.81814174851,4101.64756934484,3906.67796735508,5139.00862298317,3969.12258300158,4415.1755637643,5030.67964445287,4586.56845007924,4070.38018678958,4466.40070207786,3712.14614712327,4005.76968378245,5345.07139686493,4269.27507674161,4172.25391525589,4432.26169787942,4609.74955000195,4854.59369830329,5334.14724976535,4616.98663895068,3959.6151336463,4479.0323174263
4816.34331583892,4877.75538167197,4545.75295134295,5233.81814174851,4101.64756934484,3906.67796735508,5139.00862298317,3969.12258300158,4415.1755637643,5030.67964445287,4586.56845007924,4070.38018678958,4466.40070207786,3712.14614712327,4005.76968378245,5345.07139686493,4269.27507674161,4172.25391525589,4432.26169787942,4609.74955000195,4854.59369830329,5334.14724976535,4616.98663895068,3959.6151336463,4479.0323174263
4816.34331583892,4877.75538167197,4545.75295134295,5233.81814174851,4101.64756934484,3906.67796735508,5139.00862298317,3969.12258300158,4415.1755637643,5030.67964445287,4586.56845007924,4070.38018678958,4466.40070207786,3712.14614712327,4005.76968378245,5345.07139686493,4269.27507674161,4172.25391525589,4432.26169787942,4609.74955000195,4854.59369830329,5334.14724976535,4616.98663895068,3959.6151336463,4479.0323174263
4816.34331583892,4877.75538167197,4545.75295134295,5233.81814174851,4101.64756934484,3906.67796735508,5139.00862298317,3969.12258300158,4415.1755637643,5030.67964445287,4586.56845007924,4070.38018678958,4466.40070207786,3712.14614712327,4005.76968378245,5345.07139686493,4269.27507674161,4172.25391525589,4432.26169787942,4609.74955000195,4854.59369830329,5334.14724976535,4616.98663895068,3959.6151336463,4479.0323174263
4816.34331583892,4877.75538167197,4545.75295134295,5233.81814174851,4101.64756934484,3906.67796735508,5139.00862298317,3969.12258300158,4415.1755637643,5030.67964445287,4586.56845007924,4070.38018678958,4466.40070207786,3712.14614712327,4005.76968378245,5345.07139686493,4269.27507674161,4172.25391525589,4432.26169787942,4609.74955000195,4854.59369830329,5334.14724976535,4616.98663895068,3959.6151336463,4479.0323174263
4816.34331583892,4877.75538167197,4545.75295134295,5233.81814174851,4101.64756934484,3906.67796735508,5139.00862298317,3969.12258300158,4415.1755637643,5030.67964445287,4586.56845007924,4070.38018678958,4466.40070207786,3712.14614712327,4005.76968378245,5345.07139686493,4269.27507674161,4172.25391525589,4432.26169787942,4609.74955000195,4854.59369830329,5334.14724976535,4616.98663895068,3959.6151336463,4479.0323174263
4816.34331583892,4877.75538167197,4545.75295134295,5233.81814174851,4101.64756934484,3906.67796735508,5139.00862298317,3969.12258300158,4415.1755637643,5030.67964445287,4586.56845007924,4070.38018678958,4466.40070207786,3712.14614712327,4005.76968378245,5345.07139686493,4269.27507674161,4172.25391525589,4432.26169787942,4609.74955000195,4854.59369830329,5334.14724976535,4616.98663895068,3959.6151336463,4479.0323174263
4816.34331583892,4877.75538167197,4545.75295134295,5233.81814174851,4101.64756934484,3906.67796735508,5139.00862298317,3969.12258300158,4415.1755637643,5030.67964445287,4586.56845007924,4070.38018678958,4466.40070207786,3712.14614712327,4005.76968378245,5345.07139686493,4269.27507674161,4172.25391525589,4432.26169787942,4609.74955000195,4854.59369830329,5334.14724976535,4616.98663895068,3959.6151336463,4479.0323174263
4816.34331583892,4877.75538167197,4545.75295134295,5233.81814174851,4101.64756934484,3906.67796735508,5139.00862298317,3969.12258300158,4415.1755637643,5030.67964445287,4586.56845007924,4070.38018678958,4466.40070207786,3712.14614712327,4005.76968378245,5345.07139686493,4269.27507674161,4172.25391525589,4432.26169787942,4609.74955000195,4854.59369830329,5334.14724976535,4616.98663895068,3959.6151336463,4479.0323174263
4816.34331583892,4877.75538167197,4545.75295134295,5233.81814174851,4101.64756934484,3906.67796735508,5139.00862298317,3969.12258300158,4415.1755637643,5030.67964445287,4586.56845007924,4070.38018678958,4466.40070207786,3712.14614712327,4005.76968378245,5345.07139686493,4269.27507674161,4172.25391525589,4432.26169787942,4609.74955000195,4854.59369830329,5334.14724976535,4616.98663895068,3959.6151336463,4479.0323174263
4816.34331583892,4877.75538167197,4545.75295134295,5233.81814174851,4101.64756934484,3906.67796735508,5139.00862298317,3969.12258300158,4415.1755637643,5030.67964445287,4586.56845007924,4070.38018678958,4466.40070207786,3712.14614712327,4005.76968378245,5345.07139686493,4269.27507674161,4172.25391525589,4432.26169787942,4609.74955000195,4854.59369830329,5334.14724976535,4616.98663895068,3959.6151336463,4479.0323174263
4816.34331583892,4877.75538167197,4545.75295134295,5233.81814174851,4101.64756934484,3906.67796735508,5139.00862298317,3969.12258300158,4415.1755637643,5030.67964445287,4586.56845007924,4070.38018678958,4466.40070207786,3712.14614712327,4005.76968378245,5345.07139686493,4269.27507674161,4172.25391525589,4432.26169787942,4609.74955000195,4854.59369830329,5334.14724976535,4616.98663895068,3959.6151336463,4479.0323174263
4816.34331583892,4877.75538167197,4545.75295134295,5233.81814174851,4101.64756934484,3906.67796735508,5139.00862298317,3969.12258300158,4415.1755637643,5030.67964445287,4586.56845007924,4070.38018678958,4466.40070207786,3712.14614712327,4005.76968378245,5345.07139686493,4269.27507674161,4172.25391525589,4432.26169787942,4609.74955000195,4854.59369830329,5334.14724976535,4616.98663895068,3959.6151336463,4479.0323174263
4816.34331583892,4877.75538167197,4545.75295134295,5233.81814174851,4101.64756934484,3906.67796735508,5139.00862298317,3969.12258300158,4415.1755637643,5030.67964445287,4586.56845007924,4070.38018678958,4466.40070207786,3712.14614712327,4005.76968378245,5345.07139686493,4269.27507674161,4172.25391525589,4432.26169787942,4609.74955000195,4854.59369830329,5334.14724976535,4616.98663895068,3959.6151336463,4479.0323174263
4816.34331583892,4877.75538167197,4545.75295134295,5233.81814174851,4101.64756934484,3906.67796735508,5139.00862298317,3969.12258300158,4415.1755637643,5030.67964445287,4586.56845007924,4070.38018678958,4466.40070207786,3712.14614712327,4005.76968378245,5345.07139686493,4269.27507674161,4172.25391525589,4432.26169787942,4609.74955000195,4854.59369830329,5334.14724976535,4616.98663895068,3959.6151336463,4479.0323174263
4816.34331583892,4877.75538167197,4545.75295134295,5233.81814174851,4101.64756934484,3906.67796735508,5139.00862298317,3969.12258300158,4415.1755637643,5030.67964445287,4586.56845007924,4070.38018678958,4466.40070207786,3712.14614712327,4005.76968378245,5345.07139686493,4269.27507674161,4172.25391525589,4432.26169787942,4609.74955000195,4854.59369830329,5334.14724976535,4616.98663895068,3959.6151336463,4479.0323174263
4816.34331583892,4877.75538167197,4545.75295134295,5233.81814174851,4101.64756934484,3906.67796735508,5139.00862298317,3969.12258300158,4415.1755637643,5030.67964445287,4586.56845007924,4070.38018678958,4466.40070207786,3712.14614712327,4005.76968378245,5345.07139686493,4269.27507674161,4172.25391525589,4432.26169787942,4609.74955000195,4854.59369830329,5334.14724976535,4616.98663895068,3959.6151336463,4479.0323174263
4816.34331583892,4877.75538167197,4545.75295134295,5233.81814174851,4101.64756934484,3906.67796735508,5139.00862298317,3969.12258300158,4415.1755637643,5030.67964445287,4586.56845007924,4070.38018678958,4466.40070207786,3712.14614712327,4005.76968378245,5345.07139686493,4269.27507674161,4172.25391525589,4432.26169787942,4609.74955000195,4854.59369830329,5334.14724976535,4616.98663895068,3959.6151336463,4479.0323174263
4816.34331583892,4877.75538167197,4545.75295134295,5233.81814174851,4101.64756934484,3906.67796735508,5139.00862298317,3969.12258300158,4415.1755637643,5030.67964445287,4586.56845007924,4070.38018678958,4466.40070207786,3712.14614712327,4005.76968378245,5345.07139686493,4269.27507674161,4172.25391525589,4432.26169787942,4609.74955000195,4854.59369830329,5334.14724976535,4616.98663895068,3959.6151336463,4479.0323174263
4816.34331583892,4877.75538167197,4545.75295134295,5233.81814174851,4101.64756934484,3906.67796735508,5139.00862298317,3969.12258300158,4415.1755637643,5030.67964445287,4586.56845007924,4070.38018678958,4466.40070207786,3712.14614712327,4005.76968378245,5345.07139686493,4269.27507674161,4172.25391525589,4432.26169787942,4609.74955000195,4854.59369830329,5334.14724976535,4616.98663895068,3959.6151336463,4479.0323174263
4816.34331583892,4877.75538167197,4545.75295134295,5233.81814174851,4101.64756934484,3906.67796735508,5139.00862298317,3969.12258300158,4415.1755637643,5030.67964445287,4586.56845007924,4070.38018678958,4466.40070207786,3712.14614712327,4005.76968378245,5345.07139686493,4269.27507674161,4172.25391525589,4432.26169787942,4609.74955000195,4854.59369830329,5334.14724976535,4616.98663895068,3959.6151336463,4479.0323174263
4816.34331583892,4877.75538167197,4545.75295134295,5233.81814174851,4101.64756934484,3906.67796735508,5139.00862298317,3969.12258300158,4415.1755637643,5030.67964445287,4586.56845007924,4070.38018678958,4466.40070207786,3712.14614712327,4005.76968378245,5345.07139686493,4269.27507674161,4172.25391525589,4432.26169787942,4609.74955000195,4854.59369830329,5334.14724976535,4616.98663895068,3959.6151336463,4479.0323174263
4816.34331583892,4877.75538167197,4545.75295134295,5233.81814174851,4101.64756934484,3906.67796735508,5139.00862298317,3969.12258300158,4415.1755637643,5030.67964445287,4586.56845007924,4070.38018678958,4466.40070207786,3712.14614712327,4005.76968378245,5345.07139686493,4269.27507674161,4172.25391525589,4432.26169787942,4609.74955000195,4854.59369830329,5334.14724976535,4616.98663895068,3959.6151336463,4479.0323174263
4816.34331583892,4877.75538167197,4545.75295134295,5233.81814174851,4101.64756934484,3906.67796735508,5139.00862298317,3969.12258300158,4415.1755637643,5030.67964445287,4586.56845007924,4070.38018678958,4466.40070207786,3712.14614712327,4005.76968378245,5345.07139686493,4269.27507674161,4172.25391525589,4432.26169787942,4609.74955000195,4854.59369830329,5334.14724976535,4616.98663895068,3959.6151336463,4479.0323174263
4816.34331583892,4877.75538167197,4545.75295134295,5233.81814174851,4101.64756934484,3906.67796735508,5139.00862298317,3969.12258300158,4415.1755637643,5030.67964445287,4586.56845007924,4070.38018678958,4466.40070207786,3712.14614712327,4005.76968378245,5345.07139686493,4269.27507674161,4172.25391525589,4432.26169787942,4609.74955000195,4854.59369830329,5334.14724976535,4616.98663895068,3959.6151336463,4479.0323174263
4816.34331583892,4877.75538167197,4545.75295134295,5233.81814174851,4101.64756934484,3906.67796735508,5139.00862298317,3969.12258300158,4415.1755637643,5030.67964445287,4586.56845007924,4070.38018678958,4466.40070207786,3712.14614712327,4005.76968378245,5345.07139686493,4269.27507674161,4172.25391525589,4432.26169787942,4609.74955000195,4854.59369830329,5334.14724976535,4616.98663895068,3959.6151336463,4479.0323174263
4816.34331583892,4877.75538167197,4545.75295134295,5233.81814174851,4101.64756934484,3906.67796735508,5139.00862298317,3969.12258300158,4415.1755637643,5030.67964445287,4586.56845007924,4070.38018678958,4466.40070207786,3712.14614712327,4005.76968378245,5345.07139686493,4269.27507674161,4172.25391525589,4432.26169787942,4609.74955000195,4854.59369830329,5334.14724976535,4616.98663895068,3959.6151336463,4479.0323174263
4816.34331583892,4877.75538167197,4545.75295134295,5233.81814174851,4101.64756934484,3906.67796735508,5139.00862298317,3969.12258300158,4415.1755637643,5030.67964445287,4586.56845007924,4070.38018678958,4466.40070207786,3712.14614712327,4005.76968378245,5345.07139686493,4269.27507674161,4172.25391525589,4432.26169787942,4609.74955000195,4854.59369830329,5334.14724976535,4616.98663895068,3959.6151336463,4479.0323174263
4816.34331583892,4877.75538167197,4545.75295134295,5233.81814174851,4101.64756934484,3906.67796735508,5139.00862298317,3969.12258300158,4415.1755637643,5030.67964445287,4586.56845007924,4070.38018678958,4466.40070207786,3712.14614712327,4005.76968378245,5345.07139686493,4269.27507674161,4172.25391525589,4432.26169787942,4609.74955000195,4854.59369830329,5334.14724976535,4616.98663895068,3959.6151336463,4479.0323174263
4816.34331583892,4877.75538167197,4545.75295134295,5233.81814174851,4101.64756934484,3906.67796735508,5139.00862298317,3969.12258300158,4415.1755637643,5030.67964445287,4586.56845007924,4070.38018678958,4466.40070207786,3712.14614712327,4005.76968378245,5345.07139686493,4269.27507674161,4172.25391525589,4432.26169787942,4609.74955000195,4854.59369830329,5334.14724976535,4616.98663895068,3959.6151336463,4479.0323174263
4816.34331583892,4877.75538167197,4545.75295134295,5233.81814174851,4101.64756934484,3906.67796735508,5139.00862298317,3969.12258300158,4415.1755637643,5030.67964445287,4586.56845007924,4070.38018678958,4466.40070207786,3712.14614712327,4005.76968378245,5345.07139686493,4269.27507674161,4172.25391525589,4432.26169787942,4609.74955000195,4854.59369830329,5334.14724976535,4616.98663895068,3959.6151336463,4479.0323174263
4816.34331583892,4877.75538167197,4545.75295134295,5233.81814174851,4101.64756934484,3906.67796735508,5139.00862298317,3969.12258300158,4415.1755637643,5030.67964445287,4586.56845007924,4070.38018678958,4466.40070207786,3712.14614712327,4005.76968378245,5345.07139686493,4269.27507674161,4172.25391525589,4432.26169787942,4609.74955000195,4854.59369830329,5334.14724976535,4616.98663895068,3959.6151336463,4479.0323174263
4816.34331583892,4877.75538167197,4545.75295134295,5233.81814174851,4101.64756934484,3906.67796735508,5139.00862298317,3969.12258300158,4415.1755637643,5030.67964445287,4586.56845007924,4070.38018678958,4466.40070207786,3712.14614712327,4005.76968378245,5345.07139686493,4269.27507674161,4172.25391525589,4432.26169787942,4609.74955000195,4854.59369830329,5334.14724976535,4616.98663895068,3959.6151336463,4479.0323174263
4816.34331583892,4877.75538167197,4545.75295134295,5233.81814174851,4101.64756934484,3906.67796735508,5139.00862298317,3969.12258300158,4415.1755637643,5030.67964445287,4586.56845007924,4070.38018678958,4466.40070207786,3712.14614712327,4005.76968378245,5345.07139686493,4269.27507674161,4172.25391525589,4432.26169787942,4609.74955000195,4854.59369830329,5334.14724976535,4616.98663895068,3959.6151336463,4479.0323174263
4816.34331583892,4877.75538167197,4545.75295134295,5233.81814174851,4101.64756934484,3906.67796735508,5139.00862298317,3969.12258300158,4415.1755637643,5030.67964445287,4586.56845007924,4070.38018678958,4466.40070207786,3712.14614712327,4005.76968378245,5345.07139686493,4269.27507674161,4172.25391525589,4432.26169787942,4609.74955000195,4854.59369830329,5334.14724976535,4616.98663895068,3959.6151336463,4479.0323174263
4816.34331583892,4877.75538167197,4545.75295134295,5233.81814174851,4101.64756934484,3906.67796735508,5139.00862298317,3969.12258300158,4415.1755637643,5030.67964445287,4586.56845007924,4070.38018678958,4466.40070207786,3712.14614712327,4005.76968378245,5345.07139686493,4269.27507674161,4172.25391525589,4432.26169787942,4609.74955000195,4854.59369830329,5334.14724976535,4616.98663895068,3959.6151336463,4479.0323174263
4816.34331583892,4877.75538167197,4545.75295134295,5233.81814174851,4101.64756934484,3906.67796735508,5139.00862298317,3969.12258300158,4415.1755637643,5030.67964445287,4586.56845007924,4070.38018678958,4466.40070207786,3712.14614712327,4005.76968378245,5345.07139686493,4269.27507674161,4172.25391525589,4432.26169787942,4609.74955000195,4854.59369830329,5334.14724976535,4616.98663895068,3959.6151336463,4479.0323174263
4816.34331583892,4877.75538167197,4545.75295134295,5233.81814174851,4101.64756934484,3906.67796735508,5139.00862298317,3969.12258300158,4415.1755637643,5030.67964445287,4586.56845007924,4070.38018678958,4466.40070207786,3712.14614712327,4005.76968378245,5345.07139686493,4269.27507674161,4172.25391525589,4432.26169787942,4609.74955000195,4854.59369830329,5334.14724976535,4616.98663895068,3959.6151336463,4479.0323174263
4816.34331583892,4877.75538167197,4545.75295134295,5233.81814174851,4101.64756934484,3906.67796735508,5139.00862298317,3969.12258300158,4415.1755637643,5030.67964445287,4586.56845007924,4070.38018678958,4466.40070207786,3712.14614712327,4005.76968378245,5345.07139686493,4269.27507674161,4172.25391525589,4432.26169787942,4609.74955000195,4854.59369830329,5334.14724976535,4616.98663895068,3959.6151336463,4479.0323174263
4816.34331583892,4877.75538167197,4545.75295134295,5233.81814174851,4101.64756934484,3906.67796735508,5139.00862298317,3969.12258300158,4415.1755637643,5030.67964445287,4586.56845007924,4070.38018678958,4466.40070207786,3712.14614712327,4005.76968378245,5345.07139686493,4269.27507674161,4172.25391525589,4432.26169787942,4609.74955000195,4854.59369830329,5334.14724976535,4616.98663895068,3959.6151336463,4479.0323174263
4816.34331583892,4877.75538167197,4545.75295134295,5233.81814174851,4101.64756934484,3906.67796735508,5139.00862298317,3969.12258300158,4415.1755637643,5030.67964445287,4586.56845007924,4070.38018678958,4466.40070207786,3712.14614712327,4005.76968378245,5345.07139686493,4269.27507674161,4172.25391525589,4432.26169787942,4609.74955000195,4854.59369830329,5334.14724976535,4616.98663895068,3959.6151336463,4479.0323174263
