52361.8452081094,54854.5918327411,50503.7359222171,43978.0333908633,52364.5093940952,21620.9137231866,32859.9430881743,26521.0737511075,45858.7894164933,44679.8878865882,30590.7504710749,35667.1241131983,26792.8716290984,49749.5918870316,46826.3507277365,21729.6743701419,46150.3658845167,40567.2905222663,40108.6156653668,41043.7000449536,41494.2818403895,37184.3898764558,49217.484193746,38895.4479147295,50955.5064268709
52361.8452081094,54854.5918327411,50503.7359222171,43978.0333908633,21933.3292798457,21620.9137231866,32859.9430881743,26521.0737511075,45858.7894164933,44679.8878865882,30590.7504710749,35667.1241131983,26792.8716290984,46904.7144875008,46826.3507277365,21729.6743701419,46150.3658845167,40567.2905222663,40108.6156653668,41043.7000449536,41494.2818403895,37184.3898764558,49217.484193746,38895.4479147295,50955.5064268709
52361.8452081094,54854.5918327411,42192.3969412787,43978.0333908633,7760.62309496519,21620.9137231866,32859.9430881743,26521.0737511075,40745.5464422299,44679.8878865882,30590.7504710749,35667.1241131983,26792.8716290984,34010.111208829,43759.2703337115,21729.6743701419,46150.3658845167,40567.2905222663,40108.6156653668,41043.7000449536,41494.2818403895,37184.3898764558,49083.7073374534,38895.4479147295,50955.5064268709
52361.8452081094,42724.9397599013,23953.3157109573,43978.0333908633,6362.23496521996,21620.9137231866,32859.9430881743,26521.0737511075,19429.0605641496,44679.8878865882,30590.7504710749,35667.1241131983,26792.8716290984,23325.1479875895,20220.3978725893,21729.6743701419,46150.3658845167,35528.2413550949,36130.9566032633,36076.2657695968,34466.605203956,37184.3898764558,30135.8307772856,38895.4479147295,50955.5064268709
52361.8452081094,41522.6081373161,23953.3157109573,43978.0333908633,6362.23496521996,21620.9137231866,32859.9430881743,26521.0737511075,19429.0605641496,43642.2157892035,23428.6736480226,35667.1241131983,26792.8716290984,23325.1479875895,20220.3978725893,21729.6743701419,28567.010799786,35528.2413550949,36130.9566032633,36076.2657695968,33442.7628382884,37184.3898764558,23221.0689295511,38895.4479147295,50955.5064268709
52361.8452081094,41522.6081373161,23953.3157109573,43978.0333908633,6362.23496521996,21620.9137231866,32859.9430881743,26521.0737511075,19429.0605641496,43642.2157892035,23428.6736480226,35667.1241131983,26792.8716290984,17377.7617154807,19017.6399031038,21729.6743701419,28567.010799786,35528.2413550949,36130.9566032633,36076.2657695968,33442.7628382884,37184.3898764558,20855.1370881428,38895.4479147295,50955.5064268709
52361.8452081094,41522.6081373161,23953.3157109573,43978.0333908633,6362.23496521996,21620.9137231866,32859.9430881743,26521.0737511075,19429.0605641496,43642.2157892035,23428.6736480226,31633.2427674879,26792.8716290984,14878.6712623654,19017.6399031038,21729.6743701419,28567.010799786,35528.2413550949,36130.9566032633,36076.2657695968,33442.7628382884,37184.3898764558,11086.2455063211,38895.4479147295,50955.5064268709
52361.8452081094,34985.4015458118,23953.3157109573,40296.5299905709,6362.23496521996,21620.9137231866,31635.020160733,26521.0737511075,19429.0605641496,43642.2157892035,23428.6736480226,31633.2427674879,26792.8716290984,14878.6712623654,3698.36224391051,21729.6743701419,28567.010799786,35528.2413550949,14735.7292343643,31216.5339182359,22588.0290570663,37184.3898764558,11086.2455063211,28342.5290589134,43312.1751554871
52361.8452081094,18897.1224120493,23953.3157109573,16234.9909203469,6362.23496521996,21620.9137231866,21553.4555243917,25801.9163426607,19429.0605641496,25713.4121717361,22279.2658999736,30262.1267144407,25395.5904716809,14878.6712623654,3698.36224391051,21729.6743701419,28567.010799786,20226.274051311,11944.829104039,19218.0546107989,22588.0290570663,37184.3898764558,11086.2455063211,18301.2546145306,22358.2761975278
52361.8452081094,14551.3766492403,7358.5763734339,12396.1469086074,6362.23496521996,21620.9137231866,12757.9158731772,21372.3852548268,18200.8806003413,25713.4121717361,13386.6547465702,27074.1360466747,10704.20868892,14741.1878912716,3698.36224391051,15515.138977243,12318.250910114,12235.4817994619,6838.30334471086,17034.6406069497,13886.1287404059,11347.8931831641,11086.2455063211,12835.4815732455,11632.0897792211
41990.912441731,5254.65449413933,6458.66432291718,10918.9798264057,5727.78640792214,21620.9137231866,12757.9158731772,21372.3852548268,10419.1861104193,12377.7524156127,9649.43672721669,21835.9640845128,10704.20868892,14741.1878912716,3698.36224391051,9859.87696831193,6329.82907936703,12235.4817994619,6316.33131649509,15149.8393879204,6262.39251445167,8668.33771157905,11086.2455063211,8419.94258552506,6651.08863760685
14040.9967761588,5254.65449413933,4496.93805834948,7928.25675282892,3400.91553172925,13498.587213825,10598.2452105255,14972.3368044566,4866.17577946478,6639.14069777715,7491.21007904951,13577.5643850368,7939.41081614102,10919.8684620987,3585.18405296035,7761.55189514525,4520.31248852214,11633.0884972484,4026.58176268161,10067.4822960675,5008.7299691666,6070.16619169083,8030.42606614381,8419.94258552506,5724.01027722092
10686.1060552077,5254.65449413933,3722.30730627566,6027.99031737732,3400.91553172925,12764.1201039274,8354.28407103142,8532.96332028309,4866.17577946478,6639.14069777715,5100.22404306469,7887.44165192074,7939.41081614102,8200.29536290112,1810.44879058681,5329.68942079814,4520.31248852214,6102.81086481026,3274.25984097613,8395.18577135486,5008.7299691666,4987.65899107239,6198.82420058576,7297.25309456796,4331.86560192366
7160.76505944469,3608.91597461314,3722.30730627566,5317.50076719611,2616.44374897967,6597.25903072852,3519.62150324008,8068.06554798625,4695.35692258605,5376.50781345401,4486.20071492922,6762.12475291468,6268.8171839134,5218.01332528608,1538.58731498454,4466.90111952325,3980.88663831671,6102.81086481026,2738.99685253432,7526.95196839429,2668.71820241793,4711.05257887251,3493.98408235471,5500.91742958238,2681.43191762583
5457.93939381076,3608.91597461314,2953.61312799462,3061.41376874408,2616.44374897967,6534.35237371105,3145.43713616133,6359.92802970534,4695.35692258605,3365.26146639555,2188.02689621663,3317.10148036277,6268.8171839134,3711.05547488049,1470.54748925093,3252.5063837504,3944.57400805981,4463.2286961522,1562.56010967397,7222.63759952088,2668.71820241793,4285.91802768426,2420.95313563523,3959.77110669942,1296.21845824785
4017.78144452016,3287.76544375916,1833.01982513697,2613.29390766088,1494.27792027825,3602.25722671369,3145.43713616133,2791.84839247958,2820.85007237944,3236.43615619483,2188.02689621663,2704.83040805131,5232.93889255024,2571.90814206997,1470.54748925093,2632.07894179511,3126.0050715864,2805.91739464644,1379.96385701093,5031.94802890818,2116.36367093694,2333.29403370726,1901.33051762666,2959.25107679773,1296.21845824785
2567.76077529233,2014.72407539512,1595.69549237809,2613.29390766088,1494.27792027825,2658.15044783003,2188.06707737235,2671.78343368208,2820.85007237944,2249.55342903181,2188.02689621663,1885.83072326942,2922.16876917558,1525.20412663232,1136.45634677686,1667.88413704344,2778.02704053045,1546.97596421282,1323.35458631782,3647.98702605401,1770.50816698189,1816.81255577816,1901.33051762666,1917.07155142839,1296.21845824785
2284.48361803086,1760.40333746281,1291.26226792189,1816.41547396005,1233.16855412391,1754.60393956163,1480.00645642095,2231.81529990284,1836.17828306091,1589.26824699923,2188.02689621663,1885.83072326942,2411.13329088695,1525.20412663232,817.556861847086,1391.60725084799,1644.05336537389,1353.58171788351,865.256121058563,1919.41962385823,997.082930442253,1343.96086021728,1080.55552204852,1297.37020097129,986.719426076562
1423.23353571571,1760.40333746281,1167.33231891882,1349.64962529928,1189.52479485887,1156.27203739298,866.289669678763,1523.97639001605,1836.17828306091,1589.26824699923,1966.06628569276,1885.83072326942,2028.87790307203,1329.66074177408,674.408706730349,1117.55794731333,1291.04159627568,1325.13635960221,675.748048660115,1877.31643343544,870.873689658072,1052.66155104464,1080.55552204852,1160.18313139427,739.972529988342
1423.23353571571,713.285082347038,635.175520236541,958.499553319466,946.443950687514,1156.27203739298,805.735877238049,1121.79168707585,1018.19650094167,1018.37502780598,1356.14372738253,1332.34307113536,1624.67179057619,903.33772240088,501.391772186589,1044.42783814204,911.099579251315,594.638342721866,526.095619867217,1230.74936526607,740.041816950471,1052.66155104464,993.331180826473,989.441207626299,647.23630441861
994.041862708296,713.285082347038,612.575648066698,843.335264028998,639.720837966619,992.054860135276,490.779291300881,926.731526498988,1018.19650094167,837.73528744651,1259.70312098786,1332.34307113536,960.060225640779,860.390487064836,451.94109836644,694.474221416506,734.131768398298,594.638342721866,526.095619867217,762.247744641633,497.642775225245,1052.66155104464,781.665892381271,893.133907219795,543.522273340706
573.59860537483,713.285082347038,438.993111352432,563.226586192666,523.415619185858,812.841982373275,490.779291300881,682.401012412867,1018.19650094167,622.969338677162,915.557856716401,1162.51490488555,692.892072767018,860.390487064836,401.406192452266,564.400619537573,590.34528618774,594.638342721866,388.841991426455,762.247744641633,497.642775225245,907.201099675601,781.665892381271,610.474905807822,528.425953664081
555.814302037678,596.964485321882,438.993111352432,460.035094752916,523.415619185858,576.843863165396,490.779291300881,682.401012412867,769.233028499585,622.969338677162,860.684621270894,863.269286774053,458.28205312496,702.354249281246,334.214405599085,564.400619537573,459.902783993307,497.089940056722,359.042445370809,702.634760096926,423.577453273791,795.699450161695,781.665892381271,547.507738585557,412.036016415518
460.492793906872,505.418444717952,438.993111352432,380.911723171601,393.63622993636,506.718787509443,309.423479309164,682.401012412867,616.374861737255,491.289423351447,640.026451335039,721.294991168645,458.28205312496,582.794644141341,275.705170154974,445.06859820935,379.093615757201,429.404008464851,288.453577639877,460.914109355619,419.611439253427,574.273288832621,494.677237655888,415.782666352175,399.069228744369
458.169358674743,406.3899875777,402.026829882792,344.736856842952,382.431490630621,415.362328644779,309.423479309164,455.039564650275,484.206637046857,484.88767108966,553.561901096219,600.690437505196,418.879756330927,491.119621844908,275.705170154974,423.006183655074,324.10774255494,426.345425473674,288.453577639877,460.914109355619,283.813658414024,574.273288832621,435.383705788179,363.210106031395,343.260841874229
315.09105563812,285.820929062557,302.69241796267,344.736856842952,362.330477443494,384.380351700899,309.423479309164,328.920032655785,426.4290655272,375.075643876609,411.958435272392,600.690437505196,342.013993257387,414.895659483458,234.052699468036,358.618236503798,239.142375772629,340.304603013885,244.545344073457,456.769271064462,283.813658414024,438.472638406656,425.515496750595,354.652429224872,316.190832705629
286.657803295218,272.506876780884,293.125712982569,327.886370251646,285.639949497096,300.215870920633,270.061901403892,325.488957780129,415.820233149249,336.930552599632,346.918742976356,443.678721043534,342.013993257387,408.215423353773,220.225102766474,314.579459775205,210.996075082969,323.544729837464,240.144766143524,349.110146836298,270.928690000026,379.13553745182,424.638998116634,298.597977808538,290.879740654693
253.120496353358,255.924223141507,290.743652961748,261.914921426408,276.450318835606,293.360930365041,254.961464973103,276.687735666816,316.951367071746,304.610975043634,346.918742976356,356.676478459247,274.210284996373,301.467041720442,192.746558111161,310.035883284526,210.996075082969,256.850586935107,207.995274903413,349.110146836298,267.973093832748,309.088197842289,295.100703111141,298.597977808538,240.350952320561
243.813484256669,225.414532385169,256.377805975009,243.131262538257,223.722667495141,288.096898180934,246.745240324658,257.437578217905,262.375468161498,254.688383365232,282.944219259629,354.634027447974,274.210284996373,301.467041720442,181.802603207723,264.61889165725,210.996075082969,247.964900496866,195.916634686842,333.5481064881,267.973093832748,274.823087839606,288.522708682281,237.875970954506,240.350952320561
239.677650306327,214.646423510871,239.338559227138,233.86622921689,223.722667495141,197.931716265609,240.523509391805,234.577929956119,233.65778646504,230.676408350716,273.32002443342,326.12351843461,239.398998530063,249.617383220314,168.384152256191,238.013559134989,188.714330453735,197.909604649999,166.762327894369,283.413252511756,250.105501216514,273.916121868551,240.160766621477,224.826847762865,221.261965127445
201.815923746995,213.947592213136,225.816715074376,226.213004434,209.778239374012,197.931716265609,222.668189097069,234.577929956119,233.16151896696,223.450588316237,228.904595535286,277.540598904266,239.398998530063,229.81441166937,161.400168380097,216.396327673203,184.41921641723,194.161396495427,166.762327894369,283.413252511756,201.384620611276,253.687466003539,240.160766621477,211.612765266453,191.107543704816
191.791492082721,198.543537084128,215.172968661594,221.995890412867,195.811283868544,197.931716265609,198.703638582006,205.58772869904,214.825987222874,199.511471589417,207.997586969366,277.540598904266,195.034236041223,193.685474855868,143.557420670977,204.073898848637,164.359286773268,185.881923769377,159.612539292557,246.471800977173,193.439389660705,234.053862894545,198.001908290066,172.20583088547,175.493342523998
186.327603003792,178.652098759132,179.390534336721,196.921812611743,174.737626575398,185.030015104045,198.703638582006,202.562917251985,187.46642768144,193.403593593294,207.997586969366,226.452946036742,195.034236041223,193.685474855868,143.557420670977,182.885185106881,159.431318605235,185.881923769377,159.612539292557,231.92047357065,193.439389660705,232.729628903457,198.001908290066,172.20583088547,165.951870420153
177.701908456016,161.125492791885,171.925410616844,195.02715544937,161.248342078192,171.544580663532,189.488467254252,174.563052303497,187.46642768144,166.469378272289,184.610919993481,191.197158200997,191.375921441702,184.835847925437,134.394592296636,173.933270884989,152.124757886188,177.341262594655,159.612539292557,224.441660223704,177.736812596575,216.775326659949,177.383615096331,172.20583088547,161.537530744196
177.701908456016,160.714838876604,171.925410616844,195.02715544937,150.785047569257,161.972803956056,163.057521073362,160.774060662877,184.41682188381,166.469378272289,167.009796851842,191.197158200997,186.030851565639,171.808681360774,127.124772318811,157.687184222719,149.078623309678,175.390434353205,153.247301297233,189.27270781822,177.736812596575,170.369020187601,161.214544050801,162.914102137903,147.721745379564
157.378480740542,142.756112587772,170.276781085564,164.106436556506,150.785047569257,154.49199199657,160.943908424899,160.774060662877,167.907828536553,157.261084850179,158.294551618109,161.903497097722,155.133299789491,157.388963362514,125.96791667245,156.40361182983,136.002345662342,154.191464165484,138.775298271361,189.27270781822,171.237235804545,170.369020187601,161.214544050801,145.618561220569,138.224718310376
153.364361573112,142.756112587772,158.026962271281,164.106436556506,148.001124432718,148.628419192956,159.584872134595,147.27958016605,154.49979072718,147.900098856396,150.752696980553,161.903497097722,155.133299789491,157.388963362514,122.018453477836,150.638698225962,136.002345662342,147.037207213584,138.775298271361,189.27270781822,163.196538297681,170.369020187601,160.920413293396,145.618561220569,135.305588177666
145.896958752703,137.908050913199,153.483421994379,164.106436556506,145.237792412739,141.588124530718,144.84156827472,142.424048829856,149.574122867075,144.995302539153,134.834241164426,154.240945595816,155.133299789491,143.016136213251,115.15735439477,141.399225925311,127.967627674967,140.568654426635,129.252076056138,176.154415321371,143.96131751066,158.252090635177,159.210380523152,139.571698127582,133.767162292697
145.896958752703,134.634995024274,141.681258933163,164.106436556506,142.63346567788,132.072646786412,141.501179774928,132.510249167247,136.992879133293,141.338668218129,134.834241164426,137.56999840922,139.254144522246,143.016136213251,114.383916697508,136.487097300175,125.713929086357,137.305236643067,129.252076056138,161.734334643456,143.96131751066,157.332608096915,148.920431376314,139.571698127582,128.830304247836
139.310434651957,131.871414755791,141.681258933163,145.130467470953,132.693105023596,132.072646786412,139.150923279083,130.7874468739,126.101139521126,137.748885203974,134.834241164426,126.59457094251,139.254144522246,131.286697628519,113.967861532444,132.057738183819,121.309398241159,132.735002261586,126.121661358027,161.734334643456,136.611588229775,143.571844342196,141.659221943512,129.648502538842,126.095538475923
138.341431602103,125.442330108441,132.877756797523,145.130467470953,124.961905096792,131.746453625981,135.231572623328,126.160092349316,126.101139521126,130.142884839412,134.834241164426,116.557262102312,133.873063049327,130.300195805861,105.982282626289,132.057738183819,121.309398241159,126.242742378641,125.314961515961,147.900314072694,136.611588229775,128.641344664303,140.249182512794,129.336134418026,123.778205165648
134.726421053088,120.807665686334,132.877756797523,129.543407687914,124.961905096792,127.598679512595,128.628058505423,125.578080442723,125.379578634625,121.697934171543,131.689717116319,116.557262102312,122.336155249138,127.605964779043,105.982282626289,124.110054313364,117.644676571571,126.242742378641,121.465121869359,147.900314072694,135.278933827846,128.053383609218,140.249182512794,125.425366158299,123.005346156524
133.065605054406,120.807665686334,132.877756797523,129.543407687914,124.552873610892,124.789461926009,127.713649023904,124.066973832778,124.41072847981,117.525123422801,128.525155280176,116.557262102312,122.336155249138,127.605964779043,104.925608285849,123.180816174205,117.644676571571,126.242742378641,121.465121869359,138.283254060504,133.581061637017,124.827571455529,134.429974131891,122.661244776102,122.90542668483
132.338200306526,119.252772625779,132.877756797523,128.752465068962,122.312235585635,121.267612189634,126.418420755389,116.914910885333,116.542112427789,115.549254246914,128.179575214285,112.392990060867,121.50408126072,123.422442097474,101.56392868402,121.394991786662,115.269566790933,126.242742378641,121.415664533668,138.283254060504,126.025317917242,121.223995838522,127.37223972059,120.947127544425,121.228231167737
130.242202953165,117.384682343218,129.714785035833,126.87061293633,121.665652863005,118.148581912539,125.187323572258,113.471407285386,115.899863226396,115.549254246914,125.411618243885,112.35193858876,115.794561650465,123.357231716283,98.8413912046185,121.394991786662,114.288838437748,123.679506765903,121.01841407935,134.591180489388,124.334963601402,118.368566975752,127.37223972059,117.414713225399,118.899631427861
128.493379733871,111.048963783166,126.073585174181,121.344011123141,119.74338579177,117.432859327331,125.187323572258,112.319346242237,113.301547559135,109.864487235248,123.434453865336,109.247830949816,112.018889399569,123.357231716283,98.8413912046185,120.284691300196,113.386852375822,121.172761975472,119.197158650829,129.914191080987,122.158147162338,117.252850362455,127.37223972059,113.283314768158,118.668809326882
128.493379733871,111.048963783166,124.49280471714,116.851655293275,118.094508896998,117.337990195697,123.081799654136,106.620097807922,110.374507499109,108.732863981608,123.430517458689,100.040521875621,112.018889399569,123.209866815533,98.2736587256179,120.284691300196,112.867167817131,117.010122716306,119.197158650829,128.485335106816,117.164221513586,116.042391724575,124.927132240298,109.51293292704,118.668809326882
125.51506943898,111.048963783166,123.202915677135,112.891261506314,118.03597465036,117.003467486669,121.439387247726,104.430532615347,109.553893926155,107.383703904094,122.853779957053,100.040521875621,111.954019914928,121.791474504173,98.2736587256179,119.127109922121,111.13029720733,117.010122716306,119.197158650829,124.779611098248,117.164221513586,114.631587110182,124.927132240298,109.51293292704,118.16406749365
125.51506943898,108.891712047508,122.781198660714,109.346304842952,117.698031777762,115.548097643646,120.910096776326,104.430532615347,109.553893926155,107.383703904094,121.964669090981,100.040521875621,103.996719466538,121.791474504173,95.564923233391,118.824266406753,110.199918371669,117.010122716306,118.605931981961,124.272324971055,114.860464960309,114.194121137614,124.834545615998,108.791796145836,118.16406749365
124.693916448271,106.237084342876,122.042261236382,108.419432224517,117.2293981439,113.514051726547,120.910096776326,102.967700626354,105.210099221576,107.383703904094,121.047002366975,100.040521875621,103.996719466538,119.604447258315,95.2788750856683,115.61776028501,108.929715342375,116.445758924328,118.605931981961,123.088150350871,114.276220978328,112.05630293215,122.094484764098,108.791796145836,118.137773261806
123.606160795528,104.825706484999,122.042261236382,106.989328616116,116.674834368641,113.217923642392,120.910096776326,100.450844681613,105.210099221576,103.49188152226,120.884794665382,98.4441763672927,102.850433266472,118.884000912649,95.2788750856683,115.61776028501,108.929715342375,116.445758924328,117.943132708211,122.148585855572,112.102142358801,111.775234346177,121.536008320146,108.027748858372,117.195259778381
122.151166450524,102.57089201283,120.185459310697,105.341193725643,116.428775024597,111.358896990742,120.503287007154,100.146465456232,103.167101825979,103.49188152226,120.399056991845,96.0552012825066,102.410740299287,118.13720566018,95.2421208550937,114.653705183262,108.239593362921,115.621110587859,117.943132708211,120.599748767393,110.194809881132,105.986120081543,121.536008320146,104.257440740898,117.029728508651
122.151166450524,101.206096541383,120.185459310697,105.341193725643,116.064221868044,111.358896990742,120.503287007154,98.6429250994069,101.551202794479,101.161514362161,120.102982168565,95.9188194533049,99.7540010722411,116.525607427931,94.7540891225034,114.653705183262,107.607273444015,114.109061265146,117.943132708211,120.521414770568,110.194809881132,105.986120081543,120.839562156082,102.451124623837,116.998275496947
122.151166450524,98.1534347602869,119.637402233863,103.114396759009,116.064221868044,110.316243736744,119.42752878971,97.3073440011493,99.5659214937217,100.121303071854,119.829918775646,95.9188194533049,98.5485769672808,116.525607427931,92.7780526367072,113.670252043408,106.86250592368,113.968471120537,117.697133391532,119.720848264692,110.194809881132,105.986120081543,118.939523324926,100.289688443555,116.91300235184
121.320556316061,98.1534347602869,119.598556961133,101.805632217388,116.064221868044,106.915197716314,119.42752878971,96.6232867536795,99.5659214937217,98.5752554995821,119.7374401441,94.864146224536,97.3412124060133,116.525607427931,92.7780526367072,112.661540358621,106.86250592368,113.789793856395,117.323590012394,119.720848264692,109.277652004028,105.986120081543,118.889091068292,100.289688443555,116.91300235184
120.753757028815,94.29989900184,118.68119780637,99.2693619350417,115.343505867254,106.915197716314,119.42752878971,95.1628345270171,97.8701094210061,97.298256933393,119.707299208521,94.864146224536,97.3412124060133,116.518281924468,92.3019902091811,110.565991300473,105.906967806732,112.583625404719,117.32321477372,119.358829219974,109.277652004028,104.605038615981,118.70933175401,97.7570900005933,116.621322279997
120.753757028815,94.29989900184,118.68119780637,99.2693619350417,115.343505867254,106.915197716314,119.413017044431,93.7600266340005,97.4361906239076,96.81252073734,119.621068142856,93.8447735363633,97.3412124060133,116.518281924468,92.2730004406279,110.565991300473,103.558622733962,112.461924603168,117.32321477372,118.847719552568,107.647695627273,104.605038615981,117.54155316988,96.646649086628,116.483240657686
120.753757028815,94.29989900184,118.197930486975,97.6343202425929,114.639455668103,106.715186251216,118.073368367487,92.7447412701484,97.4361906239076,96.2646532708645,119.188896595273,91.9621839474905,95.6474886695556,115.231227577355,91.4484287824232,110.565991300473,102.375828630908,111.662446305634,116.357238515825,118.182647333306,106.711369866922,104.605038615981,116.876912807453,96.646649086628,116.163078382081
120.565385391355,93.509352176634,118.197930486975,95.9119394174364,114.097342366746,102.824587106621,117.372724604501,92.7447412701484,97.0416379926578,96.2646532708645,119.037670720446,91.9621839474905,94.5232411830424,115.231227577355,91.4484287824232,110.385552281633,101.788920936443,111.064179155568,116.357238515825,118.182647333306,106.711369866922,104.605038615981,116.876912807453,95.6929690850877,116.163078382081
120.349662102818,92.2052720751475,118.192894248268,93.8143409977619,114.097342366746,102.824587106621,117.372724604501,92.7447412701484,95.5700375136432,95.0948651492142,118.861355402893,90.8281590252236,94.1410604912964,115.079723476501,91.0711280793489,109.476781737126,98.3699801655081,110.214228192781,116.357238515825,117.610198817189,105.506884147059,103.671293643687,114.956940042874,94.7731207419678,116.15533442808
120.226511288468,92.2052720751475,117.345272100755,92.8351995393568,112.722185015865,102.824587106621,116.84791919366,92.0158764951811,94.0513583692855,95.0948651492142,118.66554880181,90.8281590252236,93.3483333463178,114.657857980839,90.4622661490268,109.476781737126,98.3699801655081,110.214228192781,116.357238515825,117.610198817189,104.926168325556,102.001670037072,114.506001510235,94.7060988312433,115.911139368742
120.226511288468,91.9800020361909,117.150632186831,92.8351995393568,112.105694531538,102.824587106621,116.429567386121,91.6958747837784,93.9268753491629,94.867539251599,118.577959796692,90.8281590252236,92.082539833107,113.320776866696,90.3376352942944,109.043312277047,98.3699801655081,110.214228192781,115.897988841441,117.610198817189,102.632784655124,98.1859875199716,114.506001510235,94.0311611407229,115.784584336634
119.471793665303,91.9800020361909,117.150632186831,92.5995474429114,112.009821106413,102.371297223576,115.957388274109,91.6958747837784,93.6101662549401,94.2993519299177,118.337013287688,90.6085098746936,92.082539833107,113.267141676594,90.3376352942944,109.043312277047,98.3699801655081,109.559925908006,115.823788727959,117.610198817189,102.632784655124,94.6031752287308,112.866074619545,93.6739813928071,115.76705349002
119.471793665303,91.2832920379,116.29117588305,92.5995474429114,110.911358025185,102.371297223576,115.526911896453,91.0077646272693,92.5203954451779,94.224473184036,118.337013287688,90.6085098746936,92.082539833107,112.925450146634,90.3376352942944,108.055270126405,97.5134140585955,108.997617742109,114.530792904146,116.741567629047,102.032695048146,94.6031752287308,112.866074619545,92.9629529956759,115.67278135445
119.125214351619,91.1316520156321,115.343525953757,92.5995474429114,110.485778196145,100.77985264917,115.526911896453,91.0077646272693,92.4615054347025,94.224473184036,117.952046539847,90.2454262564956,90.9376976538007,112.527446034928,90.3376352942944,107.771783225587,97.5134140585955,108.553131161851,113.773446379625,116.741567629047,102.032695048146,93.3521861461983,112.866074619545,92.9629529956759,115.510319064751
119.125214351619,91.1316520156321,115.343525953757,91.7434293293282,109.755712452774,97.0043037935142,114.816454386182,91.0077646272693,92.3671860348233,93.6287979699044,117.952046539847,89.9278025491062,90.5090379898057,112.527446034928,90.3376352942944,106.700783221647,95.1633493633984,107.915570994302,112.781575333147,116.741567629047,101.76026724573,92.4794298487644,110.983417564566,92.0042622298012,115.493014306653
119.125214351619,89.8151874909162,114.889346747894,91.7434293293282,109.033476703725,97.0043037935142,114.816454386182,91.0077646272693,91.8760387042277,93.6287979699044,117.942722469303,89.6881379464654,90.5090379898057,112.266531176637,90.0114821383755,105.163687121002,94.0652703540548,107.706377118414,112.041219068005,116.741567629047,99.3795817573214,92.4794298487644,110.840999685357,92.0042622298012,115.44583408291
119.125214351619,89.8151874909162,114.320094440741,91.6933168623466,109.033476703725,97.0043037935142,114.816454386182,90.6478028087382,91.8760387042277,92.8882687898712,117.942722469303,89.6881379464654,90.5090379898057,112.266531176637,89.8073533145964,101.753536312695,92.1056744083978,106.99884226886,112.041219068005,116.155342725339,99.3795817573214,92.4794298487644,105.902346409425,92.0042622298012,115.401324443417
118.89588437617,89.8151874909162,114.320094440741,90.8396505362386,109.033476703725,94.4578096055121,114.750465964064,90.6478028087382,91.8760387042277,92.8882687898712,117.942722469303,89.6079016770475,90.2518911747291,111.815839009073,89.7018222818022,101.753536312695,92.1056744083978,106.091170110659,111.746435244382,115.931456291216,98.2901526181331,91.690793654179,105.792209891246,91.6376068307162,115.332704159025
118.518567692345,89.4599007249124,113.59343451776,90.5989550335486,108.883600044737,94.4578096055121,114.022499140267,90.5770465592868,91.8760387042277,92.8882687898712,117.855353082656,89.6079016770475,89.598576392202,111.476123377342,89.6106814593153,101.753536312695,92.1056744083978,102.693999986083,111.240221256658,114.965683859688,98.2901526181331,91.683895539782,103.099583569104,91.3093870594457,115.197522372631
118.157849738202,89.4599007249124,113.59343451776,90.2496946144723,107.707775618335,94.4578096055121,114.022499140267,90.5110360028709,91.7999593437482,92.8882687898712,117.302528696238,89.1877753893534,89.1121817210395,111.476123377342,89.282797765004,101.753536312695,91.2836525256664,100.253663781679,111.240221256658,114.565011975449,98.2901526181331,90.6155531708566,103.099583569104,91.3093870594457,115.197522372631
117.685969304352,89.0962744299372,113.302908296207,90.1000482527527,106.275709756436,94.1302812917718,113.590077791527,90.5110360028709,91.7999593437482,92.531167824905,116.986636321673,89.1877753893534,89.1121817210395,109.257051162587,89.1097493719047,99.2934510541016,90.9120410579615,100.253663781679,110.138514992133,113.603936302778,97.8852419886075,90.3828978747546,103.099583569104,91.3093870594457,115.197522372631
117.685969304352,89.08682451743,113.302908296207,90.1000482527527,106.275709756436,94.0278330735737,113.590077791527,90.5110360028709,91.7999593437482,92.455155404118,116.986636321673,88.9926911145931,88.5451348440632,109.257051162587,89.1097493719047,98.8131270234703,90.2476516005456,100.253663781679,109.363098748659,113.03459188331,97.7558688608896,90.3828978747546,103.099583569104,91.3093870594457,114.888950244416
117.685969304352,88.3797205576545,112.727843160092,89.8198057426241,106.275709756436,92.8214856305025,112.577787206644,90.0426714311521,91.2261786528542,92.455155404118,116.73007435781,88.801462664939,88.5390667264164,108.28729059628,88.9914017657456,97.7706033279343,90.2476516005456,100.253663781679,108.162678611531,112.494534567543,97.7558688608896,90.2907180434702,103.099583569104,91.3093870594457,114.840380414937
117.409990265196,88.335460073838,112.727843160092,89.8198057426241,104.426322872103,92.8214856305025,112.577787206644,89.6504486834148,90.8387051115423,92.455155404118,116.73007435781,88.6468012280997,88.5390667264164,108.012449842099,88.6473686817919,95.5212631765423,90.0330648756635,99.6692203648113,107.054221531039,112.494534567543,97.5287372350513,89.9725575855782,103.099583569104,91.201957640211,114.840380414937
117.409990265196,88.1875513271673,111.890328724216,89.395816456924,104.426322872103,92.2222358052743,111.682580084628,89.5842553857101,90.1266448922623,91.9298734394043,116.242625512555,88.6468012280997,88.3950613828773,106.651455870613,88.6473686817919,94.1658233056443,90.0330648756635,99.5417164702382,106.655577806217,111.343863034375,96.273406758912,89.703732221856,99.6196161661098,91.201957640211,114.765284967034
117.409990265196,88.1875513271673,111.033474194822,89.3510081320811,104.426322872103,91.797457655577,111.682580084628,89.2636077914215,90.1266448922623,91.9298734394043,115.889206996877,88.4498317192045,88.3950613828773,106.651455870613,88.447033238548,94.1658233056443,89.6406461379447,98.2432107731207,106.565033349988,111.046181072721,96.273406758912,89.4762862698281,99.6196161661098,91.1692057654418,114.562117099704
117.368062017401,88.0255790231427,110.102633940517,89.3143311590507,103.774199439592,91.797457655577,111.556322503374,89.2184916929566,89.7684331289856,91.776282370561,115.889206996877,88.4498317192045,87.7151575060619,105.541148633743,88.447033238548,93.5487567327214,89.3907175240404,95.8893835609877,103.647021757506,110.121442044535,96.273406758912,89.0636155009216,98.4094998693375,90.9332262529769,114.562117099704
117.173936583458,87.7383447703672,109.910651357322,89.0378255615601,98.142368076097,91.797457655577,110.469359238228,89.2114432575457,89.4642471679245,91.283976257844,115.889206996877,88.4498317192045,87.2499948714202,103.855958259335,88.447033238548,92.2939386005554,88.9324615654513,94.7671228824377,103.647021757506,109.557186533415,96.273406758912,88.8858701328125,97.0655291512142,90.9332262529769,114.482026233535
117.039032165654,87.7237801278044,106.417131562122,88.502307468623,98.0470240387006,91.4549711275682,109.43932926059,88.9939119968192,88.9121571333387,91.2532416953783,115.863155071784,88.4295419371347,87.1011802316261,102.536799300313,88.3330337861145,92.2939386005554,88.7779354840447,93.8536441762346,100.877503720336,108.242664610458,95.698884763114,88.6829127321988,96.6565621477424,90.6995359510526,114.482026233535
117.039032165654,87.7132520254235,105.078341565347,88.1344227520162,97.0310157300729,91.2719715173604,108.994378485641,88.9939119968192,88.7325827901919,91.2423456476916,115.863155071784,88.3139242639248,86.7867882703404,102.536799300313,88.3330337861145,92.2939386005554,88.7779354840447,93.8536441762346,100.877503720336,107.559657178684,95.4501756435243,88.1564679200845,94.930325146288,90.5971359201708,114.461793042672
117.039032165654,87.3737927484679,105.078341565347,88.1344227520162,95.2851443014846,90.9892642188113,107.634011584581,88.9939119968192,88.5586303603926,91.2423456476916,115.70705284071,88.0230158939505,86.7867882703404,99.8568542943205,88.0127844621999,92.2939386005554,88.4413282826533,93.2977406881956,100.877503720336,107.559657178684,94.1539082778124,87.8004955098381,94.930325146288,90.5971359201708,114.061291299386
116.888190760065,87.3603836647208,103.298112460655,88.0984517912472,94.5062521874818,90.9892642188113,105.787819426808,88.7703642162155,88.5586303603926,90.9642665871209,115.575858361446,88.0230158939505,86.6942321046204,98.4034137113091,88.0127844621999,91.1990862499547,88.0415182608908,92.7322680432917,100.399256612774,107.559657178684,93.0281727510998,87.8004955098381,94.930325146288,90.5046420469093,114.061291299386
116.708422245456,87.0822891384439,103.298112460655,88.0840105280699,93.4800625251755,90.9892642188113,105.787819426808,88.3717652247286,88.4831259156782,90.9642665871209,115.38444068052,88.0230158939505,86.6942321046204,98.4034137113091,87.8837607112904,91.1881169188187,87.7368804706497,91.8619921196855,99.3865402745237,107.559657178684,92.7631113724851,87.7762341544333,94.6413490536197,90.3493763947254,113.486629597909
116.582627416142,87.0822891384439,103.298112460655,87.8332643552276,93.4800625251755,90.9892642188113,105.787819426808,88.3717652247286,88.4831259156782,90.8485748637132,115.38444068052,88.0230158939505,86.426386599742,98.4034137113091,87.8837607112904,90.0623694293884,87.7368804706497,91.5340646164886,99.3865402745237,105.535402015658,92.7631113724851,87.6567462880039,94.1075732629295,90.264510276878,113.486629597909
116.443367163207,86.9821810142394,103.298112460655,87.7918264165165,91.6976791272456,90.9892642188113,101.741382520509,88.2130238546565,88.2580049731771,90.5890136604232,115.38444068052,88.0230158939505,86.426386599742,94.7243651312469,87.8088956644355,89.9905512287885,87.7126159664955,91.1194654590242,97.8374538439989,105.226961250407,92.2584429490078,87.2253553164305,93.5278792812138,90.0913659915972,113.131488343864
116.140730749081,86.9262138514046,101.014819778954,87.3995689283583,90.341163684139,90.4491525778275,101.741382520509,88.0743700448551,88.15961371669,90.1422323113702,115.249741552477,87.9698660478413,86.3881620200436,94.7243651312469,87.7653012125785,89.6204762839979,87.7126159664955,91.0010921599401,96.8324856157205,104.442139284898,91.8261219314721,87.2253553164305,92.6509065342285,90.0913659915972,113.131488343864
116.140730749081,86.8988497491581,98.7876967358845,87.3995689283583,90.341163684139,90.1189853790966,101.741382520509,87.8711775596477,88.142855496031,90.1422323113702,115.249741552477,87.6010225673538,86.3025410127865,94.395329129482,87.6412930097211,89.3477883063415,87.7126159664955,90.6646845849894,95.1260137202353,101.202142445044,91.6687278862373,87.2253553164305,92.6503516681057,90.0165754412363,113.093081022832
115.715652247173,86.7622140651519,98.7876967358845,87.2953706800542,90.341163684139,90.1189853790966,101.011508013626,87.6962561352332,87.8136218929457,90.1422323113702,115.249741552477,87.4421350311528,86.3025410127865,92.6706902950681,87.5771382605342,89.3477883063415,87.7126159664955,89.6790181044757,95.1260137202353,100.862727825791,91.6687278862373,87.0445353882024,92.6503516681057,89.9500972102718,112.836534776562
115.715652247173,86.6520708218669,97.3714916613052,87.236949530818,90.3364978477533,90.1189853790966,98.6538620334756,87.516696053455,87.7241777237191,90.1209341749542,115.008507711302,87.1648386489929,86.1770765721943,92.5887626093905,87.5160642202848,89.3477883063415,86.8013202652432,89.6097413613259,95.1260137202353,99.2131697112553,91.4096670019112,87.0445353882024,92.4548469121229,89.7485710927177,112.770426477466
115.715652247173,86.5881415155654,96.778317160881,87.236949530818,90.3364978477533,89.9247367700215,97.552001519104,87.516696053455,87.5992392458862,90.0766127215395,114.8314562907,87.1648386489929,86.1764194460366,92.5887626093905,87.4146333996451,88.9273739577308,86.7941289340016,88.9445815551458,95.1260137202353,97.5916366945174,91.1340469498414,86.9382217919398,92.2291444875065,89.7385660243314,112.685339714774
115.406500944162,86.4960862944441,96.2319983717903,86.9963914776142,90.0571378013989,89.7982105721445,97.552001519104,87.4566176095139,87.3444932620858,90.0592092674322,114.638272782287,87.1377014948307,85.9594548610596,91.9452684529074,87.4146333996451,88.9273739577308,86.5802606233344,88.4740149841335,93.8808834340721,97.0707983570828,90.9895076395095,86.9382217919398,91.8886675505859,89.7385660243314,112.685339714774
115.406500944162,86.4960862944441,95.6190502030204,86.9963914776142,90.0571378013989,89.5246068821259,96.8348976303992,87.4566176095139,87.3399421449697,89.8713278532637,114.638272782287,87.1174119442209,85.9594548610596,91.9452684529074,87.3479183539204,88.4922299063441,86.5223045465673,88.4740149841335,93.8616030358763,96.9305061980685,90.8465531098432,86.8953772140177,91.8886675505859,89.7385660243314,112.685339714774
114.369795666214,86.4441213192198,95.2853586458525,86.8972856754864,89.5759858849518,89.3868721044432,94.5645530062096,87.254559680583,87.2406549771821,89.8214681253241,114.351960381876,87.0129943417132,85.9594548610596,91.5762183845774,87.3479183539204,87.748067498795,86.050979010266,88.372494365762,92.894405411015,95.110096257847,90.7993692620506,86.86756969755,91.537490280341,89.6465623831922,112.442687478811
114.369795666214,86.3323061244246,94.8353986307696,86.8273589164576,89.5759858849518,89.1959959242136,94.5645530062096,87.254559680583,87.2406549771821,89.8214681253241,114.207813278247,87.0129943417132,85.9594548610596,91.5762183845774,87.130569056012,87.3187088811659,86.0509000965201,87.9108204045876,92.894405411015,93.935392020196,90.5304948863058,86.8167474475465,91.537490280341,89.6465623831922,112.442687478811
114.369795666214,86.2382030020553,93.8679489951957,86.8273589164576,88.938357630118,89.1370201898638,93.5358944338471,87.1055587475816,87.0594010923775,89.788766976687,114.159647183757,86.8788826768554,85.9242476775956,91.1152629287844,86.9067543611736,86.8950604932901,85.8948881505553,87.8057624349888,91.17895598754,92.9589794550375,90.3659627765803,86.731901875618,91.3750148377891,89.5621597841399,112.19408176903
114.369795666214,86.1948795827551,93.6148748462625,86.8273589164576,88.8860887569288,88.9629143966021,93.5358944338471,86.8514400310985,87.0594010923775,89.7693128699302,114.159647183757,86.8788826768554,85.8944679572737,90.5305693612698,86.9067543611736,86.8950604932901,85.8948881505553,87.8057624349888,91.1400742384489,92.9589794550375,90.3659627765803,86.7093655295543,91.3750148377891,89.5076456381311,112.19408176903
114.042742051764,86.0623013335608,93.343229031564,86.7228072177096,88.3693924729756,88.8437481589814,93.0242969417227,86.8514400310985,86.7962324819118,89.715502086759,113.959761068751,86.8539698345251,85.8855507096152,90.5305693612698,86.876437535086,86.8950604932901,85.5855718669375,87.590128086077,90.2417714092256,92.9589794550375,90.1576081293768,86.6288571139952,91.3750148377891,89.4956422290916,112.158164401508
114.042742051764,86.0623013335608,93.343229031564,86.6566025918775,88.1880409253945,88.8437481589814,92.4958213431246,86.8514400310985,86.7962324819118,89.715502086759,113.865343975636,86.8539698345251,85.7140702780391,90.5305693612698,86.876437535086,86.8479513932625,85.5855718669375,87.5406915697282,90.165807657647,92.9589794550375,90.0696856920386,86.6059397514315,91.3750148377891,89.4956422290916,112.017301412003
113.836824048978,86.0623013335608,92.8121422279742,86.5802050776977,87.8952973082645,88.8297750769015,91.9655461314877,86.7504874473262,86.7481896409883,89.6640162265181,113.699667254758,86.7978102683199,85.6712445078041,90.2049191427605,86.7113742316325,86.1505337886488,85.5855718669375,87.5406915697282,90.0119045309093,92.9589794550375,89.9784746837713,86.6059397514315,91.1547370104173,89.3403800158434,112.017301412003
113.653517564672,86.0623013335608,92.6354254198972,86.486497174082,87.8952973082645,88.6422444670742,91.5508709804169,86.7504874473262,86.6854290478246,89.6040926339091,113.545751474201,86.7978102683199,85.6712445078041,90.2049191427605,86.7113742316325,86.1505337886488,85.5293267426431,87.1514623309997,89.5822949278353,91.8251525675437,89.9317939501485,86.6059397514315,90.9480751700809,89.1945590236936,111.524195445187
113.34417967814,86.0287953957319,92.5074313026389,86.4269020453993,87.4671086227138,88.6405365624977,91.157020645843,86.5713897765376,86.5370644546696,89.5870050300344,113.098658720539,86.5940267357223,85.4702127849085,89.6182766408937,86.5599454614186,86.1505337886488,85.5293267426431,87.1514623309997,89.0180986809023,91.8251525675437,89.5773039904711,86.6059397514315,90.7629320492665,89.1945590236936,111.275682776924
113.248191905358,85.9755785522613,92.1213178353443,86.4269020453993,87.4671086227138,88.4832322295459,90.8688059720925,86.4728085920622,86.509361299673,89.5058889557728,113.098658720539,86.5940267357223,85.4702127849085,89.4705366791546,86.5589966525974,86.0994342970896,85.3638165981869,86.7776738127677,88.7683794482932,91.6093782386772,89.53654869626,86.590915668579,90.5305540026163,89.1945590236936,111.275682776924
113.061835101238,85.9755785522613,91.7837221780317,86.3138958682288,87.0338598597126,88.4476542723888,90.5410012237506,86.4728085920622,86.509361299673,89.4371002028129,113.087188233685,86.5212182449,85.4702127849085,88.9802090944845,86.4453221453459,86.0607866653938,85.3638165981869,86.7776738127677,88.7683794482932,90.6853719154865,89.4126170003717,86.3569133230163,90.5305540026163,89.0299125073631,111.275682776924
112.915454089739,85.8938776642325,91.7837221780317,86.3138958682288,87.0338598597126,88.2621858649641,90.1678226024031,86.4037459240459,86.509361299673,89.3740253507904,112.975562905058,86.3702701466793,85.40916777887,88.9802090944845,86.4387861734568,85.9188284844828,85.3638165981869,86.7776738127677,88.5191592646775,90.6853719154865,89.4114494291501,86.3072434741497,90.1195824756514,89.0299125073631,111.275682776924
112.915454089739,85.8497445624859,91.6710175850639,86.1795387369973,87.0338598597126,88.2373901743903,89.9474104418247,86.352073689367,86.4177320018949,89.3740253507904,112.975562905058,86.2687858173203,85.2922330745693,88.4308797481863,86.3072835068663,85.7097501209447,85.0960031292863,86.6195142580752,88.4581704718292,90.6554484426887,89.4114494291501,86.3072434741497,90.037131830944,88.9443390641991,110.954305052576
112.915454089739,85.7691460803906,91.0291814506608,86.1795387369973,87.0338598597126,88.161574353466,89.5296886536993,86.352073689367,86.4177320018949,89.3740253507904,112.502794380749,86.2687858173203,85.2816382863773,88.4308797481863,86.3072835068663,85.5913908892549,85.0960031292863,86.6195142580752,88.4581704718292,90.0850136956029,89.2385407070943,86.2821764571557,90.0030163130443,88.9443390641991,110.662487571998
112.900288707254,85.7691460803906,90.6863003021326,86.1795387369973,86.7629685257727,88.13355201654,89.5296886536993,86.352073689367,86.2213369987207,89.3740253507904,112.502794380749,86.0988721358835,85.0749424907876,88.4308797481863,86.2085892509426,85.5190397659898,84.9649606679777,86.5151028843617,88.4581704718292,90.0667747342835,88.8990565898789,86.1945914300246,89.6888359263689,88.9443390641991,110.531842512197
112.900288707254,85.7691460803906,90.6423478457025,86.0801904479407,86.7629685257727,88.0551154345309,89.276262811938,86.2717399141342,86.0510532082433,89.3740253507904,112.502794380749,86.0988721358835,85.0749424907876,88.3735134401475,86.1874526713518,85.4948220727409,84.9649606679777,86.3498745405519,88.4581704718292,89.4968191875724,88.8990565898789,86.1945914300246,89.6888359263689,88.9119082047059,110.2736943471
112.702619507611,85.7691460803906,90.3104086568438,86.0801904479407,86.531382960173,88.0425483174961,89.1583378337082,86.0767188927352,85.7853957025526,89.3205279754181,112.378470548941,86.0031841831151,85.0749424907876,88.3673521723422,86.0496953001486,85.3476543608735,84.8405963692777,86.3095989741232,88.4581704718292,89.4860539233931,88.8990565898789,86.1014241072813,89.6565855727806,88.9119082047059,110.089356244837
112.582566420095,85.7691460803906,90.3104086568438,86.0405539518698,86.2228117531826,88.0108202572824,89.1478199158962,85.9957262192456,85.7853957025526,89.0578014389641,112.378470548941,85.9179052002013,84.9415356065944,87.6259676500052,86.0421691086344,85.2190219425067,84.8395673021396,86.3095989741232,88.1726681703575,89.4860539233931,88.8990565898789,86.1014241072813,89.569709357325,88.9119082047059,110.01787768688
112.435342138584,85.4661659586509,90.3104086568438,85.8851571213606,85.7054576296488,87.9589715122411,88.9802838060302,85.9957262192456,85.7853957025526,88.9988561994875,111.879888933167,85.9045306432294,84.6889676845174,87.6259676500052,85.9076540696275,85.2190219425067,84.7516517319187,85.99660948685,87.6723226687729,88.706541671726,88.8990565898789,86.0603121062794,89.569709357325,88.5607306500563,110.01787768688
112.435342138584,85.4661659586509,89.7730284985164,85.8264028568672,85.6060761713038,87.8739860912054,88.9462730858141,85.9957262192456,85.7853957025526,88.9988561994875,111.879888933167,85.8090925777157,84.6889676845174,87.4394163465997,85.9076540696275,85.1931828368768,84.7165237137287,85.8608733277396,87.6723226687729,88.706541671726,88.8990565898789,86.0603121062794,89.3634249569617,88.5607306500563,110.01787768688
112.435342138584,85.4661659586509,89.7331641248703,85.8045803214009,85.3347948219754,87.8739860912054,88.6610644005585,85.703304620879,85.7279783902966,88.7508823978016,111.879888933167,85.7373885171676,84.6889676845174,87.3583397285526,85.7201504173482,85.1931828368768,84.5663036337365,85.8608733277396,87.5283412700911,88.3377691339016,88.7481352341143,85.7511140541098,89.2456809970151,88.5607306500563,109.864380404
112.435342138584,85.2713877151973,89.6871113851938,85.7819324947882,85.0508528770986,87.8739860912054,88.6590046103547,85.703304620879,85.7279783902966,88.7087338979558,111.879888933167,85.480567252373,84.6173381512062,86.7960953839361,85.7201504173482,85.0987317548158,84.5282214130326,85.5992859697513,87.0949198314776,88.3377691339016,88.5837323506675,85.7511140541098,89.2456809970151,88.5607306500563,109.825161475113
111.924856457284,85.1769070067848,89.2762178308045,85.593148524159,84.7560284886945,87.7872868701585,88.2933462267045,85.703304620879,85.7279783902966,88.4965559722986,111.565338998301,85.4063901775966,84.4169707136097,86.7960953839361,85.7201504173482,85.0146847746808,84.4531815712848,85.5992859697513,87.0949198314776,88.3377691339016,88.2042452328254,85.5375090377555,89.2456809970151,88.4620051858996,109.675728354304
111.772011544039,85.0992668741981,89.2762178308045,85.5342965414847,84.7560284886945,87.7872868701585,88.2933462267045,85.703304620879,85.7279783902966,88.4965559722986,111.565338998301,85.4063901775966,84.4169707136097,86.7960953839361,85.51343458974,84.8915058142493,84.4531815712848,85.3053237219388,87.0949198314776,88.2609929284786,87.923789103011,85.5375090377555,89.2456809970151,88.3201700092067,109.394400138581
111.772011544039,84.9985068764892,89.0733767640006,85.4365177342178,84.6382635947494,87.7236783486269,88.1334681328443,85.703304620879,85.4580646955635,88.4519550276233,111.354695651562,85.1369703206757,84.4128204078111,86.5338107615375,85.51343458974,84.8915058142493,84.4428121176026,85.2822315015979,86.9814320830167,88.2609929284786,87.8955178625694,85.4133472293348,89.0544925533595,88.1526662585546,109.0578463433
111.608864914148,84.8415675451437,88.8284413243452,85.3648087080591,84.6382635947494,87.7236783486269,88.1334681328443,85.703304620879,85.4187686714005,88.4519550276233,111.306966015795,85.1369703206757,84.2585650232123,86.5338107615375,85.51343458974,84.8915058142493,84.4428121176026,85.2445423503502,86.583677865726,87.8485395404948,87.8955178625694,85.2361607751965,89.008532588711,88.1526662585546,109.0578463433
111.600407408634,84.7915840546926,88.6958837704443,85.3648087080591,84.6382635947494,87.6099101339129,88.1334681328443,85.5393555992571,85.3676918096631,88.3761769776103,110.993942043251,85.1369703206757,84.1654265953693,86.3252023524198,85.4106403933094,84.8915058142493,84.3921306831087,85.1590684789409,86.583677865726,87.8485395404948,87.7068158785897,85.2138386098047,89.008532588711,88.0071801754469,108.106204979548
111.600407408634,84.5070656329988,88.6075929908312,85.3561423106712,84.4744437654014,87.6099101339129,88.1334681328443,85.5393555992571,85.1316199897783,88.2229454241625,110.973059527468,85.1054832158804,84.1654265953693,86.3252023524198,85.3725527681133,84.7907617169178,84.3921306831087,85.0202737629218,86.5170140526445,87.8485395404948,87.7068158785897,85.2138386098047,89.0073392617442,88.0071801754469,108.106204979548
111.600407408634,84.5070656329988,88.3707099396865,85.2917118207833,84.4207677032506,87.6099101339129,87.8367413009735,85.2210200181271,85.1316199897783,88.2229454241625,110.973059527468,84.8996568372684,83.9709085793941,86.3252023524198,85.2370508862912,84.69404235216,84.1037435456034,84.9623527987166,86.335216795073,87.6362408649829,87.7068158785897,85.1671699069349,88.8854057716725,88.0071801754469,106.426256684761
111.37278291249,84.5070656329988,88.2867009239942,85.1046161577237,84.4207677032506,87.5638631222241,87.8367413009735,85.2210200181271,84.8496496168058,88.174270812298,110.709296327911,84.8729915910826,83.9111776586878,86.184890734496,85.1776444708165,84.6691362985724,84.1037435456034,84.7584261649743,86.2870185101558,87.6362408649829,87.6861632029257,85.0001340593199,88.8854057716725,87.9442134854141,104.145654482618
111.248927577792,84.5070656329988,88.1907847843667,85.1046161577237,84.2440775533922,87.4822350212187,87.6655669339933,84.9493383950294,84.8161871387812,87.9867945872148,110.447475557192,84.7641975120877,83.7491934657422,86.0437168654806,85.0009155224258,84.4963280133944,84.0852605917788,84.7046574254208,86.0815080209344,87.6362408649829,87.6441730998903,84.678118662438,88.8854057716725,87.9190100776383,91.01142227052
111.198461969918,84.38547819146,88.0633256207902,84.9618169617231,84.2397938576101,87.4784328994965,87.5177814743663,84.9493383950294,84.6390962416575,87.9867945872148,110.447475557192,84.7641975120877,83.7491934657422,85.8554346913166,84.8761147367605,84.4963280133944,84.0135534584262,84.7046574254208,86.0204035086178,87.1757480161401,87.6441730998903,84.678118662438,88.8854057716725,87.7910979660728,91.01142227052
110.903084037468,84.3131468266135,87.9359116314981,84.7590932228014,84.1764374549393,87.4543426220056,87.4011964014725,84.9493383950294,84.6141499333689,87.8949634862715,110.29560090306,84.7641975120877,83.7122634722634,85.8554346913166,84.6674588723216,84.4963280133944,83.7966234332236,84.6278517925824,85.968620485554,87.0671561211441,87.5928282965116,84.678118662438,88.7053736713918,87.7910979660728,91.01142227052
110.795396728443,84.1710559732002,87.7172552229381,84.7432612257191,84.1378661041919,87.4543426220056,87.4011964014725,84.6472632450962,84.5011644777123,87.8524937341405,110.244201625857,84.7407889279489,83.7122634722634,85.8554346913166,84.5593709556296,84.4644733276568,83.7966234332236,84.5932297973102,85.9159281881725,86.8843978524214,87.3160952377626,84.5685513995921,88.6416243184672,87.6915873944912,91.01142227052
110.73034110131,84.1679264449748,87.7172552229381,84.6269160931597,84.1155307722299,87.4318169184186,87.3988238496314,84.6253486215944,84.4200538818238,87.8524937341405,109.885920299689,84.486518456622,83.7122634722634,85.7498002849583,84.3832498538133,84.3046655407176,83.7822603438785,84.4929269227145,85.8420116391143,86.7624173313442,87.3160952377626,84.4482535003535,88.4574950486369,87.6094496277929,91.01142227052
110.73034110131,83.9099851140038,87.564585281165,84.6269160931597,84.0154795640777,87.4072907451951,87.3988238496314,84.5299650125763,84.4001956205925,87.8277068582231,109.784856162849,84.486518456622,83.6612809055637,85.63039835936,84.3832498538133,84.3046655407176,83.767117102829,84.48629628536,85.7651190961436,86.4818674463858,87.2639093535213,84.4482535003535,88.4574950486369,87.5733768045087,89.8977698295095
110.680803234086,83.9099851140038,87.564585281165,84.4667824906236,84.0154795640777,87.4072907451951,87.2843384350579,84.5299650125763,84.2867187499148,87.747506884114,109.784856162849,84.3232344661351,83.6612809055637,85.5922120159814,84.3832498538133,84.2307825781116,83.6248865439702,84.4093112418731,85.7092040400863,86.4058019377642,87.2488247962903,84.3875739785419,88.3693614773597,87.4861391119182,82.6371875887833
110.594116569721,83.9099851140038,87.5498180910553,84.4667824906236,83.9624065555467,87.3481901711965,87.2843384350579,84.5113931703279,84.2773449095707,87.747506884114,109.784856162849,84.3232344661351,83.6259667855011,85.553174928199,84.3832498538133,84.2115066766107,83.6165373651496,84.4093112418731,85.6069261103785,86.4058019377642,87.1447838168138,84.3875739785419,88.3456814142078,87.4560717818727,82.6371875887833
110.559220280142,83.9099851140038,87.5498180910553,84.4667824906236,83.9624065555467,87.3481901711965,87.0426999215633,84.4879943832391,84.0750846638622,87.641716254648,109.51220984351,84.2886092461245,83.606552226288,85.5239515723912,84.3174396477827,84.1184046054765,83.5485806667576,84.4000016823321,85.6069261103785,86.2807262677299,87.1028027098143,84.3502852598525,88.2454396787968,87.3897205082841,82.5982107956418
110.544395518299,83.8352565651798,87.5468803493766,84.4667824906236,83.9281991485591,87.3434820537122,86.9297491594792,84.4859025407778,84.0750846638622,87.641716254648,109.481218195275,84.2854434518666,83.5602216605666,85.5239515723912,84.3174396477827,84.064504078265,83.5485806667576,84.4000016823321,85.6069261103785,86.2807262677299,87.1028027098143,84.3215283118029,88.1854080655112,87.3897205082841,79.5431267801662
110.203694885468,83.7155036145082,87.3775990647938,84.2878968078612,83.8829462227028,87.1724833775467,86.8023696609418,84.2043208338031,84.0750846638622,87.5185077238432,109.19478931292,84.1464929584101,83.4870252817562,85.4080227959947,84.0095750729423,84.064504078265,83.5485806667576,84.3297676158856,85.4564070134193,86.1350799653303,86.8738582801755,84.0128618941358,88.0803016202796,87.3782053710189,74.959908130058
110.023744097312,83.7155036145082,87.3775990647938,84.2878968078612,83.8636546560978,87.1724833775467,86.8023696609418,84.1269620444022,84.0750846638622,87.5185077238432,109.156591795118,84.0306915437662,83.4571069449638,85.3336634502796,84.0095750729423,83.9530223816068,83.5373690223199,84.2011167991888,85.4564070134193,86.1350799653303,86.7400091345587,84.0128618941358,88.0792555215423,87.3386486876747,73.99652146119
110.023744097312,83.6564706671904,87.2716219247001,84.2878968078612,83.8576973595592,85.9693881833523,86.7961591769055,84.1269620444022,84.044521465126,87.4601921330937,109.05065031066,84.0089021742527,83.4290318528537,85.2058612243186,84.0095750729423,83.9443631246736,83.4793828244827,84.0487135247414,85.4497326263102,86.0628254921033,86.7400091345587,83.9197597674871,87.9796809143864,87.3301861056885,73.1960254447536
110.023744097312,83.6564706671904,87.2434954968494,84.2878968078612,83.8576973595592,85.3644445150819,86.7705390318832,84.1269620444022,84.044521465126,87.4601921330937,108.892965847349,83.9735816600885,83.4290318528537,85.2058612243186,83.9534609478328,83.9011917296068,83.4376125119592,84.0487135247414,85.3790297263496,85.9381168420945,86.5572529443758,83.9197597674871,87.9796809143864,87.2859031022442,72.1840798814321
109.883586533906,83.5925535025032,87.2342438890204,84.0492888651544,83.8576973595592,81.6429960989269,86.595031398104,83.9916139177535,83.9126980747994,87.4601921330937,107.337995478228,83.898125595541,83.3613275498111,85.2058612243186,83.9101858076466,83.8578653832034,83.4156336088478,83.9176753143823,85.3790297263496,85.9381168420945,86.4333828128865,83.9197597674871,87.7496268355354,87.2241255420756,70.7151181831427
109.883586533906,83.5511803136347,87.1881961752785,84.0225165681582,83.8576973595592,81.6429960989269,86.5595457095645,83.9916139177535,83.8742750001191,87.4509546862821,107.319249263134,83.8933746251304,83.3127614117106,85.2058612243186,83.9017379903354,83.8005104630996,83.3539108190553,83.9176753143823,85.3790297263496,85.9381168420945,86.3862300925891,83.9197597674871,87.7496268355354,87.2199013586762,70.2140667644554
109.787524914204,83.5511803136347,87.1260926509556,83.9348757977434,83.7677378656822,75.5038499879469,86.5038445591711,83.9916139177535,83.7645441630661,87.3336214662303,107.319249263134,83.7898060721779,83.3008938824797,85.2058612243186,83.7605573050633,83.678644901268,83.3219130945708,83.7806484513621,85.1676694090185,85.7770575931549,86.3578580897505,83.7886257930746,87.6637038434266,87.2199013586762,69.9362033415775
109.364044494957,83.4532596589596,86.959992201238,83.8254130281906,83.7677378656822,75.5038499879469,86.5031600502738,83.9916139177535,83.7269667513573,87.3315352563064,105.088493332933,83.7553584505903,83.2025659846706,85.2058612243186,83.6777715356617,83.6628245959897,83.3201167509392,83.7590454422628,85.0524984508714,85.7770575931549,86.1248676159364,83.7202506541148,87.6637038434266,87.0952587615843,69.9362033415775
109.364044494957,83.427242455931,86.959992201238,83.8254130281906,83.6713520155956,75.5038499879469,86.4302232764814,83.8255511085822,83.7078055766655,87.2757452542016,104.420687840994,83.6619651887301,83.2025659846706,85.0977565778487,83.6720466521443,83.5887719148734,83.2348564889327,83.7484043240833,84.9683527844292,85.7770575931549,86.1248676159364,83.6820476624592,87.6224083782694,86.9772583383943,69.2762300436347
109.364044494957,83.427242455931,86.959992201238,83.7943160274034,83.6102334599934,75.5038499879469,86.2994542220502,83.8255511085822,83.7078055766655,87.2343427176089,99.7124162008319,83.6619651887301,83.0971589396891,85.0080131820871,83.6720466521443,83.5887719148734,83.2348564889327,83.6785133517474,84.9683527844292,85.7770575931549,86.1248676159364,83.6158377515878,87.5643903496113,86.8243752462099,68.9661312793609
109.364044494957,83.4074904494888,86.8336237725819,83.7239920449398,83.5619278842399,75.5038499879469,86.2622728536569,83.8162529861439,83.6531239910589,87.1639542792137,91.782038841363,83.6102328352068,82.9489982722466,84.8408738171216,83.6095011014143,83.5048941859104,83.2208998126277,83.6710543587699,84.9683527844292,85.550882987291,85.996171458803,83.5531977039398,87.5573185466633,85.1264418314947,68.9661312793609
106.918398996022,83.3962983339125,86.7182411848249,83.699078891985,83.4902314928024,75.5038499879469,86.2455056219932,83.7356159805412,83.6420763217178,86.9944169927344,91.782038841363,83.5862083388386,82.7315292141598,84.8408738171216,83.6095011014143,83.5048941859104,83.2208998126277,83.6183954545848,84.9683527844292,85.5036435342423,85.8890495878279,83.5215463637543,87.523595668859,84.7804530385189,68.8920077828697
106.046672263508,83.3372821321035,86.6636553639819,83.6522664033761,83.4902314928024,75.5038499879469,86.1592041656923,83.6766618596751,83.5660059133426,86.8885146954003,91.782038841363,83.4709296450445,81.131891015401,84.7695237750262,83.5271443446695,83.4465722089627,83.1654241327685,83.5158314759552,84.8447504061151,85.3558739682333,85.8890495878279,83.4976116524915,87.4670661835796,82.8803482736578,68.5802884090934
102.963725892072,83.3312494464795,86.5271302468728,83.5946671825274,83.4902314928024,73.7955585500911,86.1592041656923,83.6766618596751,83.5461389016975,86.7772034177151,91.782038841363,83.4709296450445,81.131891015401,84.5746072239859,83.5271443446695,83.4214219719254,82.9641803083413,83.5158314759552,84.7247332798451,85.3558739682333,85.8890495878279,83.4976116524915,87.4525817940535,81.1964894303005,68.3489921882505
102.963725892072,83.2640047936563,86.3710615805198,83.550364261361,83.4230188967198,73.4913758656939,86.1376575295976,83.6766618596751,83.4804191468603,85.1194321244259,83.1230922326694,83.4237584661109,79.6234514843196,84.4948435903182,83.4203550488539,83.4214219719254,82.088865237558,83.512418308678,84.5690623415466,85.3558739682333,85.8793878807412,83.4372509487632,87.3945335509375,81.1964894303005,68.3489921882505
97.2954800893881,83.0850997532526,86.3549946775078,83.4563109116226,83.4102653236887,70.3832594504751,86.1376575295976,83.5991709605735,83.4697728447424,83.8894732411928,80.5737335678775,83.3983946787758,77.4783963697537,84.4948435903182,83.4203550488539,83.3850232530885,80.4029787591412,83.438238530696,84.5453599072173,85.3249319474941,85.8486470690895,83.3974747795933,87.3945335509375,81.1964894303005,68.3470025700394
94.5824678868458,82.712711363385,86.1918153542404,83.4531001357673,83.3950497244137,70.3832594504751,85.9721003430727,83.5235594360927,83.4044213024042,79.8773251197261,80.5737335678775,83.3948227770917,71.9696314243673,84.4508491770561,83.3857713712243,83.3703472286774,80.4029787591412,83.4275922333433,84.4209036463283,84.9656448345791,85.7485589033359,83.3768810368283,87.3753267101443,79.7621273983275,68.0185043613176
87.428001065416,82.0276808002168,86.1714172490443,83.4531001357673,83.3577907700258,69.6378918865616,85.9721003430727,83.4819145072302,83.4044213024042,78.2610550039357,76.9304370502368,83.3652745932524,71.9696314243673,84.2937362266599,83.3785211236913,83.3519459512814,75.087596344413,83.4003431973861,84.4144616674898,84.9656448345791,85.6836892403355,83.3414259171521,87.3164749268054,77.3525673356732,68.0185043613176
83.2984821084535,78.9626917762985,86.0339994210202,83.3862551423314,83.2738870542795,67.2776839881237,85.832155268487,83.4396071716777,83.3597764456341,76.7313689068188,74.8872747939998,83.348091757496,71.9696314243673,84.2563992191658,83.3569319822062,83.2897828922203,75.087596344413,83.3021564689134,84.1377953171096,84.9656448345791,85.5501521824391,83.2861780040053,87.3164749268054,77.3525673356732,67.7673183346459
80.5817883460134,78.9626917762985,86.0101777311079,83.3862551423314,83.2302859384291,67.2558541077145,85.6228271028522,83.4060841170652,83.3597764456341,73.4977042758977,73.194527411221,83.3167968386322,71.9696314243673,84.2563992191658,83.3361770670031,83.2897828922203,73.4909783278484,83.276532522567,84.1377953171096,84.9204151434465,85.3371440481752,83.2861780040053,87.3164749268054,74.7891590350949,67.7673183346459
80.5817883460134,76.2898521797717,86.0096724689461,83.3638672868271,83.0450776663419,66.9971887005563,85.62084396103,83.387195528268,83.2820258853668,73.4977042758977,71.7336486608029,83.2521842073796,71.1393871097717,84.2563992191658,83.3278574406931,83.2897211383972,73.4909783278484,83.276532522567,84.0246066923555,84.8950726132205,85.3371440481752,83.243758543228,87.2564401080056,71.5683919241001,67.7673183346459
76.7416551961591,73.3766515436378,86.000926565751,83.322986456193,82.9111536347768,66.5712264742034,85.6161989447848,83.353388160504,83.2820258853668,73.4977042758977,70.6758905349393,83.1199140900525,69.4007787992045,84.2563992191658,83.3278574406931,83.2708932301136,72.9031437558641,83.2234333264865,84.0246066923555,84.823619840796,85.3371440481752,82.7013403090685,87.2554948261283,71.5683919241001,67.6524101184301
74.2458695418355,73.3766515436378,85.8730332906937,83.23244352407,82.7082269176436,66.2994409940035,85.5855854116696,83.353388160504,83.1230529613457,73.4977042758977,69.2771672361039,83.0738386892965,66.0679565196874,84.0405582335206,83.1501485447042,83.1893917461508,69.5361479811667,83.2234333264865,84.0029596189672,84.7290938175711,85.2696648149151,81.4663429792197,87.1879358200366,70.8326976350093,67.6524101184301
73.7277542339308,73.3766515436378,85.8730332906937,83.0203538722341,82.2890974296132,66.148938204176,85.4050187426496,83.2313713983197,82.9433937151406,72.1990349007709,69.2771672361039,83.0738386892965,66.0679565196874,84.0405582335206,82.3898741801122,83.1174961257815,67.9624079297505,83.1325485704517,83.9597942739212,84.4681535743866,85.2696648149151,81.4663429792197,87.1879358200366,70.8326976350093,67.4705666357631
73.0080693423099,72.8217406699385,85.7279600697276,82.0372879850592,79.9619286893541,65.7592867798436,85.2491749132196,83.2313713983197,82.3020972026314,72.1990349007709,69.1582856939559,82.637298327402,65.7559511392573,83.9174358046077,81.9944957279616,83.117434556473,66.8117090585404,82.8259112778702,83.8319367862877,84.3951363621757,85.2453336908019,79.910599620449,86.885680547394,69.8258905665864,67.4308802835374
72.0382034116884,71.5489086134616,85.7075874395654,81.4434368681514,79.9619286893541,65.7592867798436,85.2491749132196,82.9919312728442,82.1545079443624,72.1990349007709,68.9580590608609,81.3110656596969,65.7559511392573,83.8896701517705,81.8788390466976,82.7455130015686,64.4942774723893,82.5450384546786,83.8319367862877,84.3562104120337,85.1630411427381,76.3252419720299,86.8756941667194,69.5398953270004,67.4288456695891
70.659169217987,71.2736381629142,85.6493133921816,79.9143776986999,73.4314952259239,65.2746009052439,85.2488440932913,82.523699724999,78.5207092907293,69.9765055383585,68.5550625485149,79.0705042979444,63.7959203674927,83.8784552897224,80.6166537940846,80.7270561344789,64.2526865253874,80.4949779465496,83.8003607662695,84.3551914659105,84.9924886925722,69.5487679705298,86.4180204262593,68.2096163106137,67.350566274217
70.0196638299348,70.0347463050129,85.5832024710566,77.9107254101015,73.4314952259239,65.2746009052439,85.1334218919554,82.4065866907778,78.5207092907293,69.9087302613419,68.5550625485149,76.6597128898899,63.4925039608449,83.7891715636892,77.6631091563588,79.9051968643024,63.6673268191447,80.4949779465496,83.7051224101666,84.3551914659105,84.9328253429563,69.5487679705298,85.8740279211401,67.5279649595457,67.2877847558145
69.2751150091523,67.3338094281023,85.5832024710566,77.9107254101015,73.4314952259239,65.0461051082004,84.9628735865266,79.0155403913722,77.4983084045682,69.9087302613419,68.1119826803964,74.3862255059792,62.3018269233984,83.682996345968,75.9804271544028,77.5311205212163,62.1975456732242,75.6771589797845,83.6684739681842,84.2293752840104,84.9328253429563,69.5487679705298,85.0221258430696,67.5279649595457,67.0635742663746
69.2751150091523,67.2312378404952,85.5832024710566,74.9508144921148,73.4314952259239,65.0461051082004,84.9628735865266,79.0155403913722,74.0337500927749,68.7141676703665,68.0060668949299,74.3862255059792,62.3018269233984,83.6359698847266,75.1792347779419,77.5311205212163,62.1186193956681,75.5881729954437,83.6179964505693,84.2293752840104,84.7266915147091,69.5487679705298,82.5130408341932,67.0038218243695,66.7899199193238
69.0316932038198,65.620608154315,85.5832024710566,72.125992804182,70.2725731788745,64.8398153376702,84.8325533162039,73.5761751634684,72.2737211203648,67.4079876369141,67.8420346735864,74.3862255059792,61.676552473091,83.576281982608,74.6078669718946,77.5311205212163,61.4034505281375,72.3656380963394,83.5620594296,84.2293752840104,84.7266915147091,69.5487679705298,79.2010149990844,67.0038218243695,65.9618063365226
68.356332104963,65.620608154315,85.4899349567228,69.6022442486121,67.5805079491294,64.8398153376702,84.7702368604599,73.1938960693548,67.8392318123437,66.8200459186364,67.7965998749858,72.3732365696706,60.897930937693,83.5366958998464,70.8810513862027,77.5311205212163,60.7162189721016,72.3656380963394,83.5620594296,84.2056522490261,84.5684092321566,69.1378039258317,79.2010149990844,66.4077721185162,65.7823338422752
68.356332104963,63.6611468521163,85.0722986455827,67.9268044815589,67.5805079491294,64.7040412391156,84.6884021121322,70.9016366251309,66.3141501260127,66.8200459186364,67.7965998749858,70.978081585046,60.7467523802435,83.4430097979096,70.8810513862027,76.7112887836613,60.7162189721016,72.3656380963394,83.4841662998513,83.9180103354426,84.4461467843215,68.684583452129,76.8746906248641,65.6807128260314,63.5567352665952
68.356332104963,62.4166320231883,85.0722986455827,66.9677207083761,67.5805079491294,64.544713353253,84.5921246372922,67.3480617227034,66.3141501260127,66.1537396574379,67.7965998749858,69.8116249335059,60.3021458430441,83.4430097979096,70.8810513862027,76.7112887836613,60.5634796034109,72.3656380963394,83.4841662998513,83.9180103354426,84.4461467843215,65.6260240197392,76.8746906248641,65.6807128260314,61.6859450478331
68.3448996000835,61.9758074660388,84.9598297463669,64.6971569336637,66.4109701573846,64.510696084913,84.5607198501416,66.7281824125651,65.45223413862,66.1405899810572,67.7965998749858,67.6359079208858,59.9816580648821,83.4430097979096,69.1486917002914,68.6878398739712,60.2799193672184,72.3538602387222,83.443816103832,83.902768745209,84.3238999807776,65.3711581405725,76.8746906248641,65.6807128260314,59.894234772113
68.3172583285057,61.7351970563762,84.7886390829782,64.6971569336637,65.746244182263,64.510696084913,84.510896355926,66.7281824125651,64.2745853035328,65.4202099088037,67.7965998749858,67.6359079208858,59.6849734507507,83.4430097979096,68.5061464565608,68.6878398739712,60.2799193672184,67.7089470462662,83.443816103832,83.7483359938483,84.1670997690164,65.3711581405725,75.3796255120483,65.6535044454591,59.894234772113
68.1097524038032,61.4218230903085,84.6607310200378,63.9870544395844,65.746244182263,64.4196647764241,84.3932129144275,66.4049886363608,63.7604919560954,65.4202099088037,67.7014373615474,64.2997096628244,59.3825202368722,83.4260898461739,68.5061464565608,66.70088154045,60.2799193672184,66.3702765413116,83.3765488310011,83.7483359938483,84.1670997690164,63.8241803247498,72.7143744466084,65.6535044454591,57.660859720766
68.034001342521,60.6622297466639,84.6607310200378,63.9870544395844,65.746244182263,64.3378557594563,84.3366862557056,63.6839093490702,63.7604919560954,65.3815944901567,67.6929207397779,64.1263074202667,59.3205619560561,83.4260898461739,67.5274303421946,64.1762415396937,60.2799193672184,65.4849337733087,83.3403417924213,83.7483359938483,84.1670997690164,62.247868063708,72.7143744466084,65.2661544785409,56.1919761738581
67.9279370004991,60.6622297466639,84.5570240513282,62.8270591355234,63.1192160511807,64.3378557594563,84.3157264183293,63.6839093490702,62.6426673661472,65.3220436382049,67.4719430035396,62.8960349271355,59.2419510427345,83.2883602902339,65.1552698564948,64.1762415396937,60.2799193672184,64.7313538859858,83.3092913301529,83.6308725320825,84.1505335617699,62.247868063708,72.7143744466084,65.089774930023,55.6524872044144
67.9279370004991,60.4331375939049,84.5570240513282,62.8270591355234,63.1192160511807,64.3378557594563,84.214176604673,63.6839093490702,61.5381973308466,65.0511423391065,67.3634990596362,62.6311011349719,59.2419510427345,83.1654558795263,63.0772602014756,62.1776319560972,60.0481039986977,64.3892071508268,83.3092913301529,83.6261081741171,84.0875648230793,61.9382587825809,71.2109963207052,65.089774930023,54.008772413939
67.9157653382944,60.2266111907481,84.4271697192199,62.8270591355234,62.2293079391409,64.3378557594563,84.1855879494399,62.836865945372,61.5381973308466,64.9575046770527,67.1501044398477,62.6311011349719,59.2257773632053,83.095229419542,63.0772602014756,62.1776319560972,59.6934693159182,63.3489502424615,83.3092913301529,83.56291745248,84.0233571499533,61.9382587825809,70.0732658952033,64.9324605001626,53.4891041680253
67.9157653382944,59.9701930188445,84.3479035734544,62.1184790253234,62.2293079391409,64.3016340106253,84.1708815690644,62.8272757714016,61.5381973308466,64.8476616036672,67.0132188253202,61.7782480642861,59.1727209034935,82.9450238742688,63.0772602014756,61.8417450204322,59.663049310809,63.3489502424615,83.225587128747,83.4741303551979,83.827866437309,61.0650256700039,68.9903418487534,64.7453207314482,53.4891041680253
67.8634469172612,59.8648634257973,84.2291330140233,61.3357951461487,61.5850310209048,64.2863242656974,84.1224033317466,62.4146122250902,61.4350759947434,64.8238259965641,66.8231111301261,61.1206876580368,59.1329881340631,82.7346751442742,61.3196227686515,61.4596036825519,59.086917688549,61.1799922627573,82.8225707799492,83.403744454456,83.827866437309,60.4729405150477,68.9554616654245,64.7453207314482,52.807791154858
67.8467166878606,59.8648634257973,84.2291330140233,61.0027423185049,60.4193672985301,64.2375531798801,84.0446263507949,61.8751968644698,60.6853880513873,64.6349440953768,66.8231111301261,60.4811697285364,59.0437409699523,80.4325481193683,60.9574368327652,61.4183015613783,59.086917688549,61.1799922627573,82.3963135717481,83.3531799907557,83.827866437309,60.1673657311924,67.3563262268804,64.7453207314482,52.807791154858
67.8152607734199,59.5534695820836,84.2142406327633,60.3210791851341,60.3483463061267,64.2375531798801,83.9367109148807,61.4814495587494,60.0598824830693,64.6349440953768,65.2057515966171,60.3118319940213,59.0408345494596,80.4325481193683,60.6645339526872,60.9465382079307,59.086917688549,61.1799922627573,80.7402038598223,83.3531799907557,83.7783494832834,60.1673657311924,67.1507395785478,64.7453207314482,52.5369909739063
67.8111941790335,59.544052810234,84.1130288733681,60.230306983596,60.0918040495139,64.2307558275925,83.8344391753325,61.4814495587494,60.0598824830693,64.6349440953768,65.2057515966171,59.9527099237968,58.943572685619,76.1690143520497,60.1689387491916,60.8181925069497,58.940333889644,61.1799922627573,77.1916493157601,83.3531799907557,83.7783494832834,59.7768664274809,67.1507395785478,64.7404597124072,51.6955503387061
67.8111941790335,59.429366717939,84.0711376141074,59.8595090720597,59.5936101988932,64.2307558275925,83.7795475478717,60.8023271943063,60.0598824830693,64.5751387834841,64.1893350549418,59.9527099237968,58.9018317526114,74.2456379756481,60.0595781251131,59.8901272965351,58.940333889644,60.712973478213,76.4399972275596,83.3531799907557,83.64861546834,59.4762905785124,66.6675639949036,64.6197386467963,51.3372881307248
67.7991160603399,59.3716300001868,84.0711376141074,59.7024473636224,59.48923647548,64.200797209067,83.7795475478717,60.2179159925085,59.4476826163373,64.5751387834841,62.6971346656637,59.9527099237968,58.863250452134,74.2456379756481,60.0595781251131,59.8598360677732,58.8415967522773,60.712973478213,76.4399972275596,83.337232361624,83.6137348704085,59.3085293030136,66.6675639949036,64.5007622278363,51.1316602380299
67.785465799189,59.1103851691356,83.9383184900776,59.448049835593,59.2508662659797,64.1983548813434,83.6793796229736,59.8561695740495,59.4476826163373,64.4530805650413,62.5833311218801,59.9401613046468,58.8130564213003,71.812564127837,59.9712776659812,59.7309056136949,58.8415967522773,60.0418618780275,74.2026800332976,83.2383436061358,83.5624459489552,59.2774568666488,66.313389461064,64.4392972449359,50.7865889131104
67.7780525831357,59.1012727738905,83.8554145543831,59.3658739011046,59.057307208953,64.191011128511,83.6686603517818,59.8561695740495,59.3738705859537,64.4530805650413,61.6257916204361,59.9401613046468,58.8130564213003,71.812564127837,59.6039047509191,59.7309056136949,58.8222826820167,60.0418618780275,74.2026800332976,83.2306675182531,83.5285818620966,59.1097534470392,66.2754510367952,64.4123780478117,50.6094184649823
67.775452466952,59.0305049570579,83.8097659941922,59.0025527600105,59.057307208953,64.191011128511,83.6686603517818,59.507659959659,59.1998581550362,64.3734061201685,57.2583456322882,59.4434253829809,58.8072383799895,71.812564127837,59.5410552622196,59.4174403072245,58.724632594926,59.4563557241249,70.1420681547644,83.1572950935881,83.5147716999654,59.0997081483836,65.9229102433305,64.3368630088086,50.6094184649823
67.7098252939826,59.0305049570579,83.8097659941922,59.0025527600105,59.057307208953,64.1871606349298,83.6686603517818,59.507659959659,59.1404323013846,64.3731088561673,57.2583456322882,59.3587244668367,58.8072383799895,70.4797002693611,59.5085422380276,59.4174403072245,58.724632594926,59.4563557241249,69.7587882528936,83.1572950935881,83.5083372410878,59.0879802759037,65.7715593324926,64.3368630088086,50.5703464260411
67.6848647010086,59.0305049570579,83.8097659941922,59.0025527600105,58.8780197618335,64.1834216157395,83.6686603517818,59.4506836714447,59.0267435799097,64.3175855530499,55.9892604050768,59.1497462762552,58.7169251620594,70.4797002693611,59.2113309460863,59.3597401381885,58.7127771924026,59.3948788055386,68.8228536866743,82.9453519694205,83.4195236525077,59.0161380256254,65.7715593324926,64.3368630088086,49.6325268483051
67.6696423766811,59.0032672878024,83.7129712133901,58.9478240574739,58.7817734582991,64.1745570700108,83.5650828265846,59.2128034739193,59.0267435799097,64.3175855530499,55.9892604050768,59.1497462762552,58.7169251620594,67.8167825079877,59.1328533054655,59.2234244637073,58.712194250443,59.3757355792523,67.346027285222,82.9453519694205,83.4117224863328,58.8772500758079,65.7715593324926,64.2825718372458,49.5089663673999
67.6282443175982,58.9241723091624,83.5870894694925,58.8707669235709,58.7817734582991,64.1745570700108,83.5650828265846,59.1474743530491,58.9025983763737,64.3050713392326,54.2127187068182,59.1497462762552,58.7081474108211,66.5873068921376,59.1301345305106,59.0387997954453,58.6959043050087,59.1814635523665,65.6771985173046,81.8262355436748,83.3794341050883,58.8730947794613,65.6310981348121,64.2825718372458,48.6637837310917
67.4337045695569,58.9241723091624,83.5870894694925,58.8707669235709,58.7817734582991,64.1696544236045,83.5583136609641,59.0598467592032,58.8831781442364,64.2898786849414,54.2127187068182,59.0143798076651,58.675901507188,65.606550341725,59.0354263183353,58.9684413202273,58.6831600159504,59.1814635523665,63.9878100857758,79.0931411530487,83.3498941854909,58.8045779293545,65.3838263019359,64.2654274890625,48.6637837310917
67.3254418077113,58.8624737781483,83.5025736757302,58.7962804766806,58.6775652165278,64.1681976881295,83.4899834103398,58.9357568957141,58.841345748212,64.2536184054412,53.3701877355269,58.9606131505179,58.6420681998746,63.4815102962164,59.0354263183353,58.948744909319,58.6493944176397,59.0271188411796,63.9587744132318,76.5376234543133,83.3355753591122,58.7985403670315,65.209129001085,64.2081572822144,48.6637837310917
67.2822233711265,58.7915263599639,83.5025736757302,58.77392469901,58.6775652165278,64.1676507392701,83.3841606994275,58.9357568957141,58.7818903116629,64.2295890979501,52.9882045885117,58.8876174429375,58.6420681998746,63.4815102962164,58.9237901261691,58.9244781311844,58.6493944176397,59.0075040496056,62.5580916155782,76.5376234543133,83.1657498188831,58.7892582246806,65.0420016563481,64.2065019380154,46.2030772212727
67.2822233711265,58.7915263599639,83.4726430026293,58.750075436468,58.6775652165278,64.1645900840102,83.3791798263182,58.825098255766,58.7818903116629,64.2295890979501,52.9057263512479,58.8073672167999,58.6394863951186,61.5959572037956,58.875659531599,58.8417910773821,58.6418388068957,58.8671024792815,62.10026372845,71.9238094224918,82.1902842427797,58.7075981661198,65.0420016563481,64.2044510685644,46.2030772212727
67.2822233711265,58.7267869374053,83.4104184112741,58.750075436468,58.6702140178118,64.1645900840102,83.2860779633756,58.825098255766,58.7006734929361,64.2295890979501,52.603341570803,58.7782110199973,58.6315733109644,60.8989911136483,58.8212986627783,58.8233403095177,58.6340676820957,58.8207093678921,61.7113293875033,71.2195633255486,81.7732175786061,58.7075981661198,64.9789188776535,64.1986619469393,45.7695667641676
67.098165651926,58.6956239958697,83.4027153336629,58.691007142301,58.6702140178118,64.1645900840102,83.2860779633756,58.8095162566285,58.7006734929361,64.2117124173769,52.4411296375758,58.7549528166327,58.617841881853,60.6927861477163,58.7484163943237,58.8125394712167,58.629689605167,58.7514070463365,61.2531544453709,66.6718297219469,80.1364950726902,58.6761446750813,64.9443309039689,64.1845498612815,44.3083324561819
67.0008486307348,58.6584197482449,83.4027153336629,58.691007142301,58.6557764525705,64.1645900840102,83.03320264932,58.7854237555133,58.6988998848012,64.210037426221,52.1957653428437,58.7301066949213,58.6147656693643,60.6008810880962,58.7484163943237,58.7401226290501,58.619255515723,58.7514070463365,60.6090524113186,66.6718297219469,80.1364950726902,58.6761446750813,64.7088721112665,64.1845498612815,44.3083324561819
66.9420231096861,58.6584197482449,83.3862751676444,58.6680891388316,58.65029259097,64.1631560940795,82.6825250259217,58.7699769314477,58.6988998848012,64.1810707215157,52.0064650922797,58.6731974025479,58.612195476711,60.2261246647743,58.7265409765326,58.7266505548509,58.6161588954744,58.7165359993707,60.6090524113186,65.3200870860065,73.6427200186887,58.6634990117522,64.6857462847863,64.1809635523882,44.3083324561819
66.9323581316632,58.6538523221521,83.3807378843388,58.6680891388316,58.6475637548302,64.1605196168583,81.3591826481298,58.7134495753036,58.6584193089849,64.1810707215157,51.7809217367636,58.6731974025479,58.6098759466561,59.9954136873116,58.7105049950687,58.7208159909831,58.6161588954744,58.6880481853251,60.4327582606123,65.3200870860065,70.4651072379835,58.6407086457329,64.6396883826077,64.1686448519507,41.7820159332683
66.8498442049659,58.6538523221521,83.3807378843388,58.6607599344022,58.6341831083058,64.1605196168583,79.7530314901474,58.6639898477552,58.6584193089849,64.1746808287937,51.7809217367636,58.6491610265301,58.607109782948,59.9954136873116,58.6526706133585,58.681589557605,58.61386693362,58.6672761485266,59.6752912385084,62.7321697967616,68.8215385653422,58.6310825716019,64.6396883826077,64.1643192117987,41.1885868863375
66.8177222025498,58.6537902497184,83.3166636654935,58.651565580973,58.6341831083058,64.1592509517639,79.3813853499468,58.6639898477552,58.6511725859764,64.1707866883826,51.7809217367636,58.6411526178907,58.6061508022696,59.6753889188062,58.6526706133585,58.681589557605,58.6123153048309,58.6606585017637,59.6752912385084,62.7321697967616,68.8215385653422,58.6283728878662,64.5238661368948,64.157451445667,29.8675812107113
66.7927941416459,58.6490616767972,83.2292693417462,58.6371904271016,58.6341831083058,64.1592509517639,78.584711491493,58.6639898477552,58.6328434045119,64.1624415561554,51.7637749342401,58.6343505726438,58.6061508022696,59.414542849842,58.6437192071655,58.6694428567459,58.6123153048309,58.6482427244269,59.6542954893538,62.096782060768,68.8215385653422,58.6203284725846,64.4305643790111,64.1524137031964,29.8675812107113
66.6842685826504,58.6475831968918,83.1235396982771,58.6371904271016,58.6341831083058,64.1586148806022,72.8255815740372,58.6421699137677,58.6184216982367,64.1624415561554,51.7637749342401,58.6283752488458,58.6043321559683,59.3119918897719,58.6437192071655,58.6552576804168,58.6102082542806,58.6416672778848,59.4175936043571,61.6131844019178,68.8215385653422,58.6178459538846,64.4305643790111,64.1458693925203,24.2508944026309
66.4853593582293,58.6430936020632,82.214206071722,58.6314526613025,58.6334633794357,64.1579262680291,71.9345031067201,58.6421699137677,58.611130270492,64.1624415561554,51.2332972060769,58.6155386896558,58.6043321559683,59.1080096642344,58.6312976296284,58.6402606309265,58.607395310316,58.6416672778848,59.4175936043571,61.1149861718188,68.8215385653422,58.6020464401382,64.3441776490797,64.1458693925203,17.5510606340524
66.4853593582293,58.6368015001545,81.7126076208202,58.621295973863,58.6208704735037,64.1579262680291,70.7030808310355,58.63098915457,58.6029205362412,64.1587069706548,51.2332972060769,58.6149409292271,58.604194823426,59.1080096642344,58.6312976296284,58.6365161002567,58.607395310316,58.6221106691607,59.4175936043571,60.9233641280348,68.5050985871602,58.6020464401382,64.3441776490797,64.1403263725309,15.4110493185095
65.8495382826075,58.6281003973821,81.2649514109228,58.6130712340429,58.6134397176273,64.1578496715688,70.6799011968481,58.6141601797013,58.5992728047534,64.1587069706548,50.7336995930085,58.6028221217002,58.5994146976305,59.0448627123253,58.6219388499085,58.6282303285824,58.601771715302,58.6221106691607,59.2378679033524,60.5667036171033,66.7332071430386,58.6020464401382,64.3365787510836,64.1403263725309,12.9272889433656
65.4099338027489,58.6222221772196,77.58564710601,58.610794722298,58.6063142152873,64.1575753691403,69.1473762662305,58.6114679141085,58.5992728047534,64.1571071306794,50.7336995930085,58.5991346638663,58.5974847193604,58.9632963840971,58.6153497396538,58.6198815063857,58.6005038247425,58.6221106691607,59.218916831912,60.3713973163443,65.9572303855692,58.6020464401382,64.315816590012,64.1403263725309,10.0582286605069
65.4099338027489,58.617603100691,77.3598048115804,58.6084230815084,58.5916773912801,64.1574708374918,65.5160635983651,58.6114679141085,58.596205123382,64.1542872699014,50.7336995930085,58.5982273505001,58.5948310297815,58.9221674331361,58.6014632265419,58.6198815063857,58.5997427841364,58.6136581978568,59.1630470796294,60.2231407085031,63.5186486437108,58.5972554099047,64.27054826086,64.1359156132245,8.27992562991034
65.4099338027489,58.617603100691,72.4772869668058,58.6084230815084,58.5916773912801,64.1574708374918,64.5010162319364,58.6092088864136,58.596205123382,64.1542872699014,50.7336995930085,58.593833511429,58.5948310297815,58.8200805892932,58.5989096830704,58.6198815063857,58.5965808174129,58.6136581978568,59.044119355202,59.8644951964156,63.1100534153827,58.5921164648876,64.27054826086,64.1342262147873,4.85273907737042
64.3034168252307,58.6142754664448,72.4772869668058,58.6084230815084,58.5916773912801,64.1571450098079,64.5010162319364,58.6023309811081,58.5916396048067,64.1506586149283,45.8573956950019,58.5933747394536,58.5943916639682,58.8026408936245,58.5989096830704,58.6198815063857,58.5965808174129,58.6136581978568,58.9287030845586,59.831398114157,63.1100534153827,58.5921164648876,64.27054826086,64.132132147878,3.65067067648647
63.7530283222321,58.6142669320096,72.0194464095481,58.6070977544373,58.5916773912801,64.1571450098079,64.5010162319364,58.5973570944428,58.5905165207675,64.1506586149283,44.2523399053935,58.5933747394536,58.5943916639682,58.8026408936245,58.5955265765159,58.6135989697434,58.5953872994566,58.6136581978568,58.9125118496902,59.7739196960371,63.1100534153827,58.5885522457783,64.2593114876553,64.132132147878,3.65067067648647
62.3658683401858,58.6142669320096,70.0755521505662,58.6041162466404,58.590506210482,64.1569081007442,63.3491396959818,58.5944505844204,58.5905165207675,64.1484859855765,40.5140617393599,58.5933747394536,58.5943916639682,58.769431253241,58.5945474396096,58.6135989697434,58.59461237232,58.6090491964935,58.9125118496902,59.637187666613,62.1463969358967,58.5866550573992,64.1987856716862,64.1304838872974,2.39008643526853
60.1469467439593,58.6101165406203,69.1394408902183,58.6012413982899,58.5901808327067,64.1565828531733,62.6513527351617,58.5925356434844,58.5892780903995,64.1480621749066,39.6300937056629,58.5920330286013,58.5943916639682,58.769431253241,58.5945474396096,58.6128321637099,58.5938872770926,58.6081066954234,58.9125118496902,59.3575286250733,61.3776236052965,58.5866550573992,64.1987856716862,64.1298058277238,2.09720510076079
60.1469467439593,58.6101165406203,69.1394408902183,58.6012413982899,58.5880380294228,64.1565828531733,61.1177658249076,58.5925356434844,58.5871157051228,64.1460602029616,36.240740533541,58.5874267082329,58.5918865236008,58.769431253241,58.5938601352978,58.6112385445479,58.5932118257779,58.6081066954234,58.8148164518745,59.2339953573064,61.1991852426492,58.5866550573992,64.1967137261898,64.1298058277238,1.21903030896527
60.1469467439593,58.6073551252968,69.0511726520988,58.6012413982899,58.5880380294228,64.1565494789072,61.1177658249076,58.5925356434844,58.5871157051228,64.1460602029616,36.240740533541,58.5874267082329,58.5918865236008,58.769431253241,58.5931301942824,58.6098933595462,58.5930985927758,58.6038332314643,58.8148164518745,59.0958221285546,61.1991852426492,58.5863374017836,64.1920198891195,64.1288871524223,0.791355647865373
58.3690541090701,58.6064121874517,65.9362628250939,58.6001336497425,58.5868878585425,64.1564455605038,61.1177658249076,58.5912354821525,58.5871157051228,64.1460602029616,28.1706126535151,58.5854453732779,58.5917726262419,58.7354449668323,58.5910271423354,58.6089448524714,58.5922533337412,58.6001790137238,58.7877003332484,59.0601854581583,61.1991852426492,58.584832621027,64.1779871428473,64.1278747676753,0.485490387259063
58.3690541090701,58.6061040055407,64.988932591622,58.6001336497425,58.5865863226489,64.1564455605038,61.0442981945012,58.59122597717,58.5871157051228,64.1447107473579,28.1706126535151,58.5854453732779,58.5909113849706,58.7354449668323,58.5910271423354,58.6084074669997,58.5922533337412,58.5981718567631,58.7877003332484,59.0601854581583,60.9793009730967,58.5830772738393,64.1751691386736,64.1278747676753,0.393076052947833
56.1306471765879,58.6055444465028,64.988932591622,58.5992704427142,58.5852166283894,64.1561803587812,60.5879165351847,58.5906614690014,58.585904439455,64.1447107473579,28.1706126535151,58.5854453732779,58.5900174692511,58.7092076040514,58.5903300994557,58.6084074669997,58.5920382736854,58.5981718567631,58.6948479082984,58.9501696074308,60.6179848024711,58.5817897875662,64.1585231666422,64.1271553785143,0.204669697585814
55.5402491230491,58.6049687115912,64.988932591622,58.5985567980616,58.5852166283894,64.1558469912303,60.2443166175627,58.5906614690014,58.5856431930733,64.1447107473579,28.1706126535151,58.5853655220159,58.5893520805274,58.6779726107873,58.5903300994557,58.6079202277683,58.5917853680252,58.5981718567631,58.6948479082984,58.9501696074308,59.9079821818461,58.5817897875662,64.1486592891035,64.1262009056085,0.198390568739399
53.1376069750152,58.6038288625137,62.0804118288241,58.5977628470363,58.5850721197314,64.1558469912303,59.6697230398232,58.5889038634791,58.5853748581086,64.1446231139238,25.0476177453154,58.584687721589,58.5893520805274,58.6526132460019,58.5897473832439,58.6070402515322,58.59157726771,58.5956915662019,58.6948479082984,58.8273239127003,59.7647726092544,58.5814071311935,64.1486592891035,64.1257781913041,0.119897439327588
52.6845312388876,58.6038288625137,62.0804118288241,58.5975520723373,58.5844359655532,64.1556356775981,59.5064842410075,58.5889038634791,58.5850659899966,64.1438457460408,12.7494344305319,58.584687721589,58.5893520805274,58.6414749286859,58.5893144988863,58.6063268935177,58.5915057660856,58.5949155373393,58.6948479082984,58.8151865666824,59.5313564409806,58.5814071311935,64.1486592891035,64.1257781913041,0.101407994135627
51.9810865210482,58.6032097816059,61.75842422394,58.597338628452,58.5843109476461,64.1551187291975,59.2294592103436,58.5876553055248,58.5849141402025,64.1431026642651,10.3935677103412,58.5843659657058,58.589015587746,58.6328513136027,58.5887820920186,58.6056252283508,58.5911737205093,58.5949155373393,58.6868527819286,58.8151865666824,59.4660061061995,58.5808706628514,64.1477612390854,64.1251763687046,0.0739381983543694
50.8859652283555,58.6024287334511,61.3318383048632,58.5969475055939,58.5840666287368,64.1551187291975,59.2294592103436,58.5876553055248,58.5844855126176,64.1431026642651,8.34694659579839,58.5843013366423,58.5884118753392,58.6252589809642,58.5884979237808,58.6056252283508,58.5911737205093,58.5943795513556,58.6631432268528,58.8151865666824,59.3412885311104,58.5803254268944,64.1420987724105,64.1251763687046,0.059523918677769
50.1231217858853,58.6024255187298,61.0319932564506,58.5969475055939,58.5831891474949,64.1548704008844,59.1307775143615,58.5876553055248,58.5840260011689,64.1427371097995,6.6523581705207,58.5843013366423,58.5872438350162,58.6084743053239,58.5880324017323,58.6056252283508,58.591172684038,58.593479664326,58.6470768416893,58.8151865666824,59.1274018166004,58.5798849176617,64.1420987724105,64.1247405462744,0.0375953517933567
50.1231217858853,58.6024255187298,60.3843197786366,58.5966307599105,58.5831891474949,64.1547490802182,59.0614471571661,58.587259011136,58.5837355324256,64.1426111155147,5.52846451648105,58.5836826263043,58.5872438350162,58.6084743053239,58.5879618104508,58.6053215421423,58.591172684038,58.593479664326,58.6423706658683,58.7009833637433,59.0786087376318,58.5795854049984,64.1420987724105,64.1247405462744,0.0375953517933567
49.4485321439082,58.6019933484022,59.9116940984237,58.59643011766,58.5830420177373,64.1540588385828,59.0193700826783,58.5868381366973,58.5837355324256,64.1422323532125,5.05854148827819,58.5831272861869,58.5869402045863,58.5985132369571,58.5876977623402,58.6045884332346,58.591172684038,58.5931699828627,58.6298154028694,58.7009833637433,58.9543006936161,58.5789773092764,64.1420987724105,64.1243615196845,0.0335799364911509
49.0621337400752,58.6016384438357,59.5714391223153,58.5963232608492,58.5828700759172,64.1529926500624,58.9250156757629,58.5865918595226,58.5834675146555,64.1420006495349,4.37598881559961,58.5831272861869,58.5856788654285,58.5968429122693,58.5875749330561,58.6045884332346,58.5905073408061,58.5931699828627,58.619550754017,58.6572641704042,58.9057891054793,58.5789773092764,64.1395679317595,64.1243615196845,0.0332348741160331
49.0621337400752,58.6013696811782,59.5169614147297,58.5954582321823,58.5823299406351,64.1529926500624,58.8189944869823,58.5863615384334,58.5832557373706,64.1420006495349,2.93690776630785,58.5831272861869,58.5819502103247,58.5968429122693,58.587138602052,58.6043375139022,58.5905073408061,58.5925070008129,58.619550754017,58.6572641704042,58.8107562706469,58.5787477950776,64.1391692505723,64.1242489403142,0.0213537132991064
48.4366585424459,58.6013696811782,59.5039684794633,58.5954582321823,58.5823299406351,64.1529926500624,58.8189944869823,58.5856422050014,58.5832067587183,64.1418041246649,2.45658065155015,58.5824857610247,58.5819502103247,58.5953202262798,58.587138602052,58.6034990060487,58.5905073408061,58.5921334895482,58.6142972766443,58.6572641704042,58.7725445756721,58.5787477950776,64.1391692505723,64.1242489403142,0.018903507433663
47.9827400158287,58.6013696811782,59.2349887335895,58.5948388520113,58.5820758151614,64.1529926500624,58.8059777190046,58.5856422050014,58.5827505217861,64.14153871377,1.88455687969196,58.582153962198,58.5819502103247,58.588483576185,58.5868618645367,58.6027956060744,58.587811353306,58.591288642811,58.6142972766443,58.6323904280061,58.6935991538942,58.577171785401,64.1377388199772,64.123970325599,0.0150063566379117
47.9827400158287,58.6013696811782,59.0090421157645,58.59470217901,58.5812152587097,64.1529926500624,58.7475548666991,58.5856422050014,58.5827505217861,64.1410491825671,1.61430665031094,58.582153962198,58.5819502103247,58.588483576185,58.58637955239,58.6027956060744,58.587811353306,58.591288642811,58.6142972766443,58.6165847765897,58.6935991538942,58.5769564281579,64.1377388199772,64.1238952447866,0.0150063566379117
47.8373454195689,58.6013696811782,59.0090421157645,58.5943786040464,58.5812152587097,64.1529926500624,58.7475548666991,58.5850986188818,58.582407509899,64.1410491825671,1.18351920370964,58.582153962198,58.5819502103247,58.588483576185,58.5857643143809,58.6027956060744,58.587811353306,58.5903998855776,58.6133431267832,58.5985481450528,58.670826690824,58.5768355651003,64.1365855346745,64.1238952447866,0.0105216982864818
46.4992529365376,58.6008473314992,59.0090421157645,58.5943786040464,58.5812152587097,64.1529926500624,58.7475548666991,58.5847773227512,58.5817013670812,64.1410491825671,0.687130556305988,58.5818290256079,58.5819502103247,58.588483576185,58.5852479626902,58.6021996382793,58.587811353306,58.5902905214476,58.6133431267832,58.5884699078797,58.658436207756,58.5767346479388,64.1365855346745,64.1235253845554,0.00661981892523045
46.4992529365376,58.6005067041792,58.9714189541764,58.593265152871,58.5812152587097,64.1529926500624,58.6983676562568,58.5841564208442,58.5810683322189,64.1409297073966,0.504207736909109,58.5815341578042,58.5749156012858,58.5866939028256,58.5852479626902,58.6021996382793,58.5861280765364,58.5901631371426,58.6084933667454,58.5882831315303,58.6422902718223,58.5739602989703,64.1365855346745,64.1235253845554,0.00608458561271163
44.567875454599,58.6005067041792,58.8699294948372,58.593265152871,58.5812152587097,64.1462737677874,58.6761856955167,58.5833828596378,58.5810683322189,64.1409297073966,0.449035454672696,58.5809976486135,58.5749156012858,58.5861886208656,58.5852479626902,58.6021996382793,58.5782326177654,58.5899782058867,58.6084933667454,58.5882831315303,58.64066426974,58.5739602989703,64.1365855346745,64.1235253845554,0.00345017943794801
43.1240621347663,58.5989623839455,58.8699294948372,58.593265152871,58.5801552005732,64.1411356114715,58.6448516831542,58.5833828596378,58.580985427282,64.1406676270479,0.30222877091694,58.5809976486135,58.571340810139,58.5842243084666,58.5845530388824,58.60197956925,58.5724708966968,58.5894565366377,58.6063123933478,58.5882831315303,58.6138408940816,58.5739602989703,64.1365855346745,64.1233513523123,0.0032604155319973
43.1240621347663,58.5989623839455,58.8553256747675,58.593265152871,58.5801552005732,64.1318350940877,58.6368435042846,58.5825333279971,58.580985427282,64.1405075324107,0.30222877091694,58.5805583994461,58.5685580565376,58.5831082868569,58.5843941414229,58.60197956925,58.5724708966968,58.5894565366377,58.6045074889875,58.5882831315303,58.6131439433719,58.5730355198255,64.1362708748583,64.1233513523123,0.00200378055910733
36.1568683104689,58.5974870230805,58.7852472644473,58.593265152871,58.5742866753867,64.1290453320457,58.6223613659768,58.5825333279971,58.580985427282,64.1405075324107,0.247053663890483,58.5797938183422,58.5667570868534,58.5824811157005,58.5824814692747,58.6019333506742,58.5679339574705,58.5894565366377,58.6029896396698,58.5846218406314,58.6044885924713,58.5730355198255,64.1361641274837,64.1233513523123,0.00190003538011752
36.1568683104689,58.5945210836849,58.7740307284131,58.5916228579126,58.5742866753867,64.1280164998173,58.6126077190992,58.5825333279971,58.580985427282,64.1393522767136,0.201984353378748,58.5797938183422,58.5657449105792,58.5804750424088,58.5823407187212,58.6014751690041,58.5679083836301,58.5892482527179,58.6022872106655,58.5819258391417,58.6044885924713,58.5729954938765,64.1351683110955,64.1221812066946,0.00115736632335484
30.5856969080558,58.5915953049743,58.7345895389074,58.5889550146736,58.5742866753867,64.1268893538372,58.6126077190992,58.5809974280948,58.580985427282,64.1393522767136,0.17302152306064,58.579131998109,58.5638417572263,58.5804750424088,58.5767715890273,58.6014751690041,58.5666282446867,58.5888173094305,58.6011625630107,58.5803289356825,58.6044885924713,58.5728805915091,64.134087435547,64.1217376732171,0.00108614254651229
20.9441154861851,58.5915953049743,58.7345895389074,58.5889550146736,58.5737251978324,64.1268893538372,58.6096575477213,58.5809974280948,58.580985427282,64.1393522767136,0.112165358672542,58.5779850569584,58.5628091165147,58.5804750424088,58.5767715890273,58.6014621428719,58.5650551054239,58.5888173094305,58.5995213330119,58.5803289356825,58.6002020333206,58.572227121502,64.134087435547,64.1217376732171,0.000664619172994207
20.4049589187922,58.5873930669913,58.6869590926622,58.5889550146736,58.5692745495419,64.1252334056997,58.6058299252076,58.5721252394755,58.5806468986157,64.1393522767136,0.0969027721542375,58.5779850569584,58.5628091165147,58.5804750424088,58.5767715890273,58.6013769108527,58.5645024283273,58.5869188447755,58.5995213330119,58.5774252651343,58.5977968762091,58.5696689389442,64.1325259197193,64.120661882549,0.000488153100945965
20.3008089067699,58.5873930669913,58.6814746411385,58.5841275961664,58.568435089975,64.122704343619,58.5923799017606,58.5721252394755,58.5779183950363,64.1393522767136,0.0838818402178845,58.5752930345918,58.562697221286,58.5804750424088,58.5767715890273,58.5986154686177,58.5635281161954,58.5858087591003,58.5995213330119,58.5755548933605,58.593261821549,58.5696689389442,64.1325259197193,64.1201707157225,0.000248335439266612
12.0602659792145,58.5842572284517,58.6712666926383,58.5822418527706,58.568198536931,64.1217346303731,58.5923799017606,58.5721252394755,58.5779183950363,64.1393522767136,0.0838818402178845,58.5752930345918,58.5625652742563,58.5801531591178,58.5767715890273,58.5977298910793,58.5635281161954,58.5830176052019,58.5985520722853,58.5743168025885,58.593261821549,58.5696689389442,64.1322089877606,64.1195652683226,0.000188548271864875
12.0602659792145,58.5803172843992,58.6679269975477,58.5819529733654,58.566608920665,64.1203827550969,58.5923799017606,58.5721252394755,58.5771516839483,64.1387275186339,0.069372606275067,58.5713614459625,58.5624109048867,58.5801531591178,58.5767715890273,58.5972607833298,58.5635281161954,58.5830176052019,58.5978470031057,58.5715456013654,58.593261821549,58.5654254531161,64.1322089877606,64.1187933279538,0.000165333570691928
9.07059643244992,58.5745281157928,58.651719730566,58.5697658765791,58.5665631101857,64.1195544355611,58.5923799017606,58.5685742308395,58.5722081000142,64.1345018706323,0.0589321208772731,58.5713614459625,58.562321566588,58.5796604263991,58.5727223260942,58.5972607833298,58.5633644756233,58.5830176052019,58.5978470031057,58.5715456013654,58.593261821549,58.5652743522325,64.1322089877606,64.1187933279538,0.000148397426755764
9.00741645641267,58.5729158164801,58.651719730566,58.5697658765791,58.5653366330046,64.1195544355611,58.5887882325164,58.5685742308395,58.5722081000142,64.1338004093045,0.0589321208772731,58.5709764382578,58.5622459645724,58.5784436360874,58.5723976663668,58.5972607833298,58.5631121055034,58.5830176052019,58.597792717377,58.5709822204584,58.593261821549,58.5645927866389,64.1317511810539,64.1186304017057,8.23880980647118e-05
5.70611459927164,58.57029897128,58.6472109977453,58.5697658765791,58.5645318273629,64.1188930361708,58.5887882325164,58.5685326312918,58.5684902203843,64.1255723413413,0.0469026299959978,58.5689128270765,58.561930253955,58.5782811034861,58.5701073684744,58.5972607833298,58.5626474118959,58.5830176052019,58.5976126427977,58.5704038244722,58.5929839238269,58.5641861761389,64.1317036321766,64.1183875749238,6.29965512644048e-05
5.48856465177829,58.5680246841616,58.6420325203734,58.5681163644235,58.5637483691058,64.1188930361708,58.5887882325164,58.5685326312918,58.5684902203843,64.1255723413413,0.0332109862764582,58.5681218387576,58.561930253955,58.5782811034861,58.5680015349984,58.5890928643994,58.5623663621186,58.5808758006529,58.5971242917406,58.5704038244722,58.5899142675894,58.5631014507871,64.1317036321766,64.1182598705248,4.09163199037721e-05
4.49279649902957,58.5668349907625,58.6409292076478,58.5666351817085,58.5634953768003,64.1188930361708,58.5864402633649,58.5669757751149,58.5671994623222,64.1255723413413,0.0332109862764582,58.5660219819969,58.5619113814974,58.5774764282297,58.5680015349984,58.5797296002386,58.5620432931597,58.5772427540047,58.5971242917406,58.5704038244722,58.5892121821915,58.5629036496404,64.1317036321766,64.1180242753051,3.33366911036137e-05
2.91761036730122,58.5662361291976,58.6360760301317,58.5664502969164,58.5629084847686,64.1188930361708,58.5864402633649,58.5651600550355,58.5655059557658,64.1255723413413,0.0305404166944641,58.5639282501429,58.5618703915589,58.5768534790955,58.5666314686316,58.5754678193792,58.5619767968955,58.5719162984182,58.5967185038099,58.5704038244722,58.5886871352763,58.5629036496404,64.1314566408943,64.1179517936907,3.05995037024331e-05
1.7754012156733,58.5647643893793,58.6325281995465,58.5658384897961,58.5624214923337,64.1185702584648,58.5842458857389,58.5647111241226,58.5637801476486,64.1232678766896,0.0238229978143636,58.5634247647325,58.5617882579336,58.5768534790955,58.5649408999379,58.5717515678181,58.5618781658683,58.5681078030942,58.5967185038099,58.5694133118615,58.5886871352763,58.5626699264815,64.1311038190612,64.1177789184238,1.61903253683704e-05
1.38612720440779,58.5644219733632,58.6314360064723,58.5648148945314,58.5624214923337,64.1183341331056,58.5827211132457,58.5647111241226,58.5637596157318,64.1230914006492,0.0221744692252059,58.5633704265318,58.5617854863568,58.5766412200049,58.5649408999379,58.57122972809,58.5617933491678,58.5681078030942,58.5950848790289,58.569163036513,58.5868993433152,58.5625269048542,64.1311038190612,64.1176685111895,1.41524288892469e-05
0.872290478109562,58.5644219733632,58.6305989736158,58.5645776090967,58.5622726519766,64.1183023419798,58.5827211132457,58.5638429071129,58.5637596157318,64.1218534113769,0.0192928093891283,58.5632927102877,58.561729056212,58.5757370818018,58.5643474169797,58.5675700919297,58.5617428580774,58.5660291325656,58.5950848790289,58.569163036513,58.586840449131,58.5622630754253,64.1311038190612,64.1176335401747,5.87594104217715e-06
0.513168568323465,58.5635818292486,58.6283582270099,58.5640321204304,58.5620236295811,64.1182799358292,58.5826301517901,58.5638429071129,58.5635680160054,64.1212759194787,0.0192928093891283,58.5630203151316,58.5617158461989,58.5751795318635,58.5643474169797,58.5669733060385,58.5617428580774,58.5656025352926,58.5949357136903,58.569163036513,58.5863982467393,58.5621965470137,64.1310673855498,64.1175361164988,5.87594104217715e-06
0.513168568323465,58.5628029470646,58.6276263560601,58.5630567784246,58.5619799643088,64.117925643476,58.581373416236,58.5630991468481,58.5631242978029,64.1201352727418,0.0120329229906702,58.5625850891385,58.5616751231103,58.5751795318635,58.5640747692076,58.5669390062478,58.5617409168455,58.5655321747988,58.5949357136903,58.569163036513,58.5863982467393,58.5620718742117,64.1303527430924,64.1175361164988,3.63499975719606e-06
0.341938998093724,58.5628029470646,58.6276263560601,58.5626720505251,58.5619391279326,64.1179187390186,58.5807029855261,58.5628565181066,58.5627171169708,64.1201352727418,0.0108237976871237,58.5625850891385,58.5616536701056,58.5751795318635,58.5637403590151,58.5668261232086,58.5616594474171,58.56492342225,58.5949357136903,58.5690619660119,58.586369438356,58.5620718742117,64.1303527430924,64.1175354519402,3.03417158420416e-06
0.251689001746115,58.5625302054281,58.6251299153344,58.5625511728874,58.5618222383462,64.1177633739794,58.5795881649368,58.5626729200249,58.5625285407993,64.1188741651305,0.0102729630962131,58.5623333329617,58.5616357470493,58.5751795318635,58.5627535103749,58.5650513152393,58.5616515035631,58.5641582837036,58.5939711906957,58.5689968145456,58.5855571241513,58.5619849787865,64.1303527430924,64.1174808545209,1.74743149727874e-06
0.251689001746115,58.5625302054281,58.6251299153344,58.5623764649155,58.5617742442957,64.117637717507,58.5795881649368,58.5625021690208,58.562354013289,64.118465545649,0.00635454927794399,58.5621487999438,58.561601827948,58.5751795318635,58.5627535103749,58.5649242506299,58.5616450898062,58.5635506197195,58.5939711906957,58.5683873050771,58.5851685167152,58.5619663675704,64.1295806872056,64.1174808545209,1.40297981943149e-06
0.149650081657001,58.5624255549388,58.6247475653897,58.5623525743172,58.5617062846434,64.1176345997325,58.5793086101369,58.5619980506564,58.562354013289,64.1184352339789,0.00338485107221231,58.5621487999438,58.561601827948,58.5720292895292,58.5624573662867,58.5639224662735,58.5616088278562,58.5629854394592,58.5912523634448,58.5678829646376,58.5851685167152,58.5617470155354,64.1295806872056,64.1174465537243,6.59256386370544e-07
0.0994596626033513,58.562247083218,58.6247475653897,58.5623180918633,58.5617062846434,64.1175420253679,58.5789368107673,58.5619980506564,58.5621643797358,64.1183388285883,0.00266707683567802,58.5620504069583,58.561601827948,58.5701434703628,58.5624573662867,58.5639224662735,58.5616088278562,58.5628326362649,58.5908714806444,58.5678829646376,58.5851685167152,58.5617470155354,64.1295806872056,64.1174413300279,4.6815563337077e-07
0.0962794122656305,58.5621264972909,58.6233927978585,58.5621004033244,58.5617062846434,64.1175333666183,58.5789368107673,58.5619980506564,58.5621519733409,64.1181544439202,0.00255073504951042,58.5619343593546,58.561601827948,58.5668898238875,58.5624573662867,58.5631298325874,58.5616088278562,58.5625526087068,58.5881398854402,58.5657468191462,58.5851212539127,58.5617470155354,64.1291500879382,64.1174284304296,2.59962803283997e-07
0.0962794122656305,58.5621264972909,58.6233927978585,58.5619956641401,58.5617062846434,64.1175034586535,58.5789368107673,58.5618693420799,58.5619975109652,64.1181544439202,0.00139066263278664,58.5617948406886,58.561601827948,58.5668898238875,58.5624204031881,58.5629148524782,58.5615985102127,58.5625526087068,58.5871502904165,58.5657468191462,58.5851212539127,58.5617004208675,64.1250046862483,64.1174242056775,2.23648612518446e-07
0.0858850788974337,58.5620434183369,58.623086236054,58.5619796694344,58.5616692137057,64.1174945433403,58.578647393085,58.5618222742565,58.561888767136,64.1179365659886,0.00139066263278664,58.5617948406886,58.5615837220183,58.5643090910804,58.5620212094834,58.5628956474793,58.5615985102127,58.562169702851,58.5840019679218,58.5654253998575,58.5843722193225,58.5616671810896,64.1232441202974,64.1174211129907,1.39881024097122e-07
0.0527281556425692,58.5617988785832,58.6230345032602,58.5618692583737,58.5616692137057,64.1174518862519,58.5785498251698,58.5617358404608,58.561879299064,64.1179365659886,0.00107121636625607,58.5617923767229,58.5615829899259,58.5643090910804,58.5620070705,58.5623536774452,58.5615985102127,58.5619938151139,58.5741179662515,58.5649427391675,58.5843722193225,58.5616550712091,64.1232441202974,64.117417084351,1.19891126360017e-07
0.045273563985802,58.5617988785832,58.6221786864428,58.5617627131195,58.5616622119458,64.1174518862519,58.5783142618121,58.5617358404608,58.5617785447231,64.1179122397346,0.000588253600540156,58.56172026784,58.5615829899259,58.563719021688,58.5619546022141,58.5623536774452,58.5615959205064,58.5619938151139,58.5741179662515,58.5637048820563,58.5842574956115,58.56163780011,64.122820860428,64.1174091866303,6.30282102065394e-08
0.0427426849653898,58.5617960882157,58.6221786864428,58.5617477445913,58.5616461431795,64.1174411271048,58.5783142618121,58.5616964753849,58.5617785447231,64.1178177670308,0.000588253600540156,58.56172026784,58.561582179141,58.5631702131648,58.5619361118078,58.5623043720155,58.5615841398419,58.5619938151139,58.5687565298746,58.5634370227149,58.5842574956115,58.56163780011,64.1211791075737,64.1174091866303,6.02520913162152e-08
0.0364853434589349,58.5617547947132,58.6220990279655,58.5617477445913,58.5616461431795,64.1174211092453,58.5782834606156,58.5616964753849,58.5616890068637,64.1177628141256,0.000588253600540156,58.5616868961121,58.5615764068306,58.5630065471317,58.5617935180768,58.5621584340453,58.5615726457518,58.5619361965413,58.5652432784772,58.5632480539523,58.5842574956115,58.5616138603996,64.1207222548471,64.1174044534324,4.8853451062314e-08
0.0364853434589349,58.5617164157902,58.6220863004049,58.5617477445913,58.5616282228625,64.1174211092453,58.5781718493123,58.5616703050808,58.5616712636376,64.1177186945507,0.000376379418412398,58.5616544925322,58.5615764068306,58.5625847233589,58.5617516783104,58.5621584340453,58.5615726457518,58.5618634127335,58.5652432784772,58.5628261876489,58.5839430871861,58.5616127723454,64.119730572568,64.1174044534324,3.68564769814839e-08
0.0364853434589349,58.5616709062236,58.6217737019269,58.5616821103335,58.5616213295232,64.1174204426359,58.5781025471141,58.5616465532198,58.5616396408342,64.1176466231864,0.000268154925493036,58.5616544925322,58.5615740565765,58.5622465489025,58.5616849497281,58.5620410296111,58.5615726457518,58.5617686536397,58.5652432784772,58.5625808643289,58.5831644462615,58.5616008521943,64.1192030538371,64.1174044534324,2.79247842627228e-08
0.0364853434589349,58.5616612139306,58.6217737019269,58.5616821103335,58.5616082124805,64.1174204426359,58.5781025471141,58.5616465532198,58.5616364626495,64.117581094652,0.000217714934990454,58.5616383090131,58.5615740565765,58.5622294039368,58.5616553563866,58.5620410296111,58.5615726457518,58.5617151422406,58.5652020638191,58.5623993536064,58.5820443659408,58.5616008521943,64.1192030538371,64.1174016624775,1.98957081920526e-08
0.0280943621007737,58.5616417309947,58.6215968062815,58.5616720678059,58.5615977770248,64.1174168715776,58.5777586629312,58.5616338221826,58.5616095308409,64.1175362291215,0.000138085782623421,58.5616156100538,58.5615737627441,58.5620554612861,58.5616553563866,58.5619406155161,58.5615692287303,58.5616989429685,58.5652020638191,58.5621615000493,58.5820331002858,58.561597287361,64.1185259976153,64.1173997666766,1.41313876156346e-08
0.0237267080573815,58.5616417309947,58.6215107829503,58.5616706349193,58.5615977770248,64.1174157698989,58.5777586629312,58.5616338221826,58.5616095308409,64.1174712618532,0.000126054713348367,58.5616156100538,58.561569421682,58.5620230262022,58.5616163429364,58.5618935430809,58.5615652341804,58.5616775261681,58.5651256401147,58.5621134947162,58.5812998909165,58.5615911715912,64.1185259976153,64.1173990719954,1.04544142232044e-08
0.0128965224711806,58.561626653633,58.6215107829503,58.5616326727412,58.5615835752646,64.1174133192227,58.5776196541672,58.5616338221826,58.5616001548987,64.1174663015116,5.13291910806402e-05,58.56158964236,58.5615675336563,58.561995540441,58.5616085732216,58.5617954898163,58.5615652341804,58.5616626708477,58.5644608377302,58.5619315088118,58.5795939138389,58.5615828295546,64.1182381126038,64.1173974699139,1.01550767794834e-08
0.0128965224711806,58.5616065003147,58.6215107829503,58.5616282965814,58.5615755577987,64.1174121988541,58.5776196541672,58.5616323625497,58.5616001548987,64.1174512854571,5.13291910806402e-05,58.5615890946577,58.5615670804813,58.5619335372311,58.5616003424,58.5617165634081,58.56156370962,58.5616587636821,58.5634981887355,58.5618608138347,58.5788146557104,58.5615828295546,64.1182381126038,64.117397465635,0
0.0113823363874417,58.5616065003147,58.6211365200808,58.5616110135143,58.5615706034277,64.1174114024066,58.5772599364765,58.56159963586,58.561592505022,64.1174427935049,2.89694548314401e-05,58.5615856818052,58.5615647842394,58.5619335372311,58.5615977197186,58.561697043869,58.5615618577273,58.561620832946,58.5633364566771,58.5617907967614,58.5788146557104,58.5615715911933,64.11814703253,64.117397465635,0
0.0106298860003449,58.5615947836513,58.6211365200808,58.5615958750918,58.5615706034277,64.1174114024066,58.5772599364765,58.5615925347844,58.561580310999,64.1174427935049,1.8311951691885e-05,58.5615856818052,58.5615622776763,58.5618792651297,58.5615841316335,58.5616596239327,58.5615618577273,58.561620832946,58.5632788556011,58.5617822776442,58.5788146557104,58.5615690738965,64.1179733286559,64.1173972037483,0
0.00972616008090199,58.5615875572652,58.6204603652405,58.5615920108424,58.5615689368191,64.1174084040214,58.5772599364765,58.5615925347844,58.561580310999,64.1174409570895,1.27210759615082e-05,58.5615796475996,58.5615622776763,58.5617926969544,58.5615816215137,58.5616575798273,58.5615617395751,58.561608721044,58.5630161621319,58.5617724378617,58.5788146557104,58.5615684119624,64.117769568841,64.1173965487648,0
0.00972616008090199,58.5615875572652,58.6204603652405,58.5615920108424,58.5615637566795,64.1174060632582,58.5759112760525,58.5615898508265,58.561580310999,64.1174295708524,8.61019003650654e-06,58.5615771526096,58.5615605484605,58.5617926969544,58.5615778969388,58.5616282937793,58.5615602414273,58.561608721044,58.56270837406,58.5617048166571,58.57592434858,58.5615668996667,64.1177466313396,64.1173964232015,0
0.00743197794082562,58.5615838061149,58.6203165315067,58.5615894249537,58.5615637566795,64.1174027838615,58.5759112760525,58.5615861223716,58.5615704881105,64.1174211883147,4.68825390953498e-06,58.561569867664,58.5615600003866,58.5616678192627,58.561572020048,58.5616137873081,58.5615602414273,58.5615908661504,58.5626180165713,58.5616773398883,58.5734109822668,58.5615636584226,64.1177466313396,64.117396164087,0
0.00690971803101093,58.5615838061149,58.6201390194881,58.5615849780654,58.5615637566795,64.1174027838615,58.5759112760525,58.5615821676501,58.5615690689569,64.1174184038837,3.82526940256867e-06,58.561569867664,58.5615594879054,58.5616482744376,58.5615709493738,58.561602763585,58.5615593139219,58.5615893388385,58.5622219437166,58.5616614004007,58.570344916819,58.5615636584226,64.1177084364699,64.1173959349202,0
0.00386626415320279,58.5615803278267,58.6200600949493,58.561577973213,58.5615627352963,64.1174017706084,58.5759112760525,58.5615742368138,58.56156585611,64.1174160187601,2.23201203652934e-06,58.5615663061128,58.561559113744,58.5616482744376,58.5615709493738,58.561602763585,58.5615589166332,58.5615779760614,58.5621342387984,58.5616431152989,58.568638481286,58.5615622707547,64.1176539447647,64.1173958634927,0
0.00280101943133104,58.5615752427298,58.6192982206511,58.5615745011257,58.5615622109738,64.1174007615049,58.5745703935396,58.5615678715102,58.56156585611,64.1174141821803,1.77237421894461e-06,58.5615663061128,58.561559113744,58.5616351949078,58.5615682311566,58.561602763585,58.5615587390748,58.5615738248402,58.562007012345,58.5616234018168,58.568638481286,58.5615622707547,64.1176401681779,64.1173956668025,0
0.00216394187589231,58.56156967001,58.6184742684293,58.5615745011257,58.5615619841385,64.1173996718188,58.573395121508,58.5615678715102,58.561563101221,64.117413422811,1.29897483702734e-06,58.5615663061128,58.5615586714014,58.5616278223381,58.5615681652114,58.5616005124462,58.5615584584122,58.5615688445248,58.5619621116618,58.5616234018168,58.565050922739,58.5615621313735,64.1175852873006,64.1173954875872,0
0.00156006454074031,58.5615670551208,58.6175085942864,58.5615745011257,58.5615619841385,64.1173996718188,58.572411116623,58.5615638126858,58.561563101221,64.1174096208271,7.99030487996788e-07,58.561565788408,58.5615586416654,58.5616269172399,58.561562538603,58.5615969631727,58.5615583037184,58.5615688445248,58.5619318932008,58.5615907180203,58.565050922739,58.5615613991883,64.1175515539746,64.1173954875872,0
0.00120519350383574,58.5615670551208,58.6169075421977,58.5615712665736,58.5615614292723,64.1173986745777,58.5687297499266,58.5615638126858,58.5615625735471,64.1174079609212,5.73716931739909e-07,58.5615626808087,58.561558375567,58.5616017884246,58.561562538603,58.5615825497404,58.5615580893522,58.5615688445248,58.5618128284578,58.5615904166262,58.5650172379001,58.5615601848712,64.1175515539746,64.1173953945094,0
0.000908031157848654,58.5615670551208,58.6169075421977,58.5615705631214,58.5615613110572,64.1173984208846,58.5684769552478,58.5615638126858,58.5615619616462,64.1174059563596,4.21887250467989e-07,58.5615626808087,58.5615582707115,58.5616017884246,58.561562538603,58.5615753355529,58.5615579461488,58.5615653300884,58.5618005127597,58.5615898312009,58.5642030008982,58.5615590749906,64.1175168809851,64.1173953575691,0
0.000644983959091405,58.5615660826216,58.6133818038556,58.5615705631214,58.5615599113736,64.1173980063437,58.5658371290294,58.5615621925181,58.5615603188535,64.1174036909717,2.64152959061903e-07,58.5615618203775,58.5615580604111,58.5615856989089,58.5615624466031,58.5615712362904,58.5615578875075,58.5615651263028,58.5617804139325,58.561585495193,58.5639529989965,58.5615588770368,64.1174958583866,64.1173952805535,0
0.000580703566413376,58.5615646700428,58.6133453710102,58.5615685471296,58.561559513783,64.1173972283653,58.5649054733008,58.5615621925181,58.5615603188535,64.1174014433915,2.27088037263456e-07,58.5615616217223,58.561557937723,58.5615800922581,58.561561845797,58.5615712362904,58.5615577261391,58.5615651263028,58.5617179308659,58.5615784406151,58.5634293723467,58.5615585872832,64.1174712055976,64.1173951831266,0
0.000479067510070763,58.5615610350573,58.6133453710102,58.5615639819902,58.5615593033116,64.1173970203483,58.5643068450474,58.5615618185474,58.5615597981659,64.1174005044685,1.6442095329694e-07,58.5615615188059,58.5615577710088,58.5615728754233,58.5615605924064,58.5615665002023,58.5615575094811,58.5615627364676,58.5616923071869,58.5615704646734,58.5632270615503,58.5615585872832,64.1174712055976,64.117395175406,0
0.00037783668250313,58.5615610350573,58.6110824400609,58.5615629802712,58.5615590789359,64.1173967290683,58.5638754840891,58.5615615353439,58.5615591141587,64.1174005044685,1.51439394358022e-07,58.561559636625,58.5615576888321,58.5615728754233,58.5615603657982,58.5615665002023,58.5615575094811,58.5615627364676,58.5616814445841,58.5615682797285,58.5626249027509,58.5615585872832,64.1174547386147,64.1173951321648,0
0.00018526574643829,58.5615610350573,58.5950334955851,58.5615622196372,58.5615582618119,64.1173964974794,58.5634267838637,58.5615603005365,58.5615586241355,64.117398371383,7.12340124664479e-08,58.561558995386,58.5615576034483,58.5615704217448,58.561559513893,58.5615648174723,58.5615574975023,58.5615627364676,58.5616526331427,58.5615682797285,58.562601108133,58.5615584557357,64.1174342455915,64.1173951148716,0
0.00018526574643829,58.5615604892392,58.5907610615174,58.5615619137429,58.5615581344907,64.1173962817627,58.5631031361879,58.5615596164023,58.5615586241355,64.117398371383,5.51546577298723e-08,58.561558995386,58.5615575254275,58.5615702578062,58.5615591852277,58.5615627770636,58.5615574561125,58.5615627364676,58.561638819983,58.5615682797285,58.5622033177032,58.5615579460492,64.117433148774,64.117395098732,0
9.81594413360654e-05,58.5615596480286,58.5826157030658,58.5615613184109,58.5615580897071,64.1173958672915,58.5624845695622,58.5615596164023,58.561558534098,64.117398371383,4.15504928241717e-08,58.561558995386,58.5615575111594,58.5615649871503,58.5615586565781,58.5615618577546,58.5615574561125,58.5615613031995,58.561631025115,58.5615678707503,58.5622033177032,58.5615579264048,64.1174268518678,64.1173950792401,0
7.72113490938864e-05,58.5615592332339,58.5795428626582,58.5615612905567,58.5615580283445,64.1173958672915,58.5624845695622,58.5615591762066,58.5615581679523,64.1173974134488,2.77645426649542e-08,58.561558995386,58.5615575111594,58.5615649871503,58.5615585751065,58.5615616305144,58.5615574561125,58.5615609714934,58.5616207485832,58.5615654947494,58.5621922422013,58.5615579264048,64.1174232246794,64.1173950730549,0
3.27820972643167e-05,58.5615590137028,58.5722978624652,58.5615604371126,58.5615578843283,64.117395734782,58.5623909104643,58.5615583615399,58.5615580240034,64.1173967416489,1.96017708731233e-08,58.5615589632043,58.5615574476087,58.5615649871503,58.5615584667083,58.5615607038632,58.5615574029781,58.5615609714934,58.5616083096299,58.5615619688404,58.5619943613873,58.5615576324859,64.1174155224703,64.1173950593432,0
2.72075639600189e-05,58.5615587439517,58.5722978624652,58.5615600769669,58.5615577835525,64.1173956606809,58.5623741217608,58.5615582950858,58.5615579260373,64.1173964772232,1.63830122801301e-08,58.5615585955694,58.5615574333781,58.5615639568745,58.5615583740482,58.5615607038632,58.5615573964015,58.5615603040636,58.5616083096299,58.5615619688404,58.561924458897,58.5615575674701,64.1174155149803,64.1173950564934,0
2.30737122137725e-05,58.5615584798366,58.569638345066,58.5615592806417,58.5615576499753,64.1173954221358,58.5622118545954,58.5615582537208,58.5615578009524,64.1173961172449,1.06703623714566e-08,58.5615584164448,58.5615573885606,58.5615625051891,58.5615580120964,58.5615602217123,58.5615573487555,58.5615597588702,58.5616083096299,58.5615593807645,58.5618714721761,58.5615575674701,64.1174127925967,64.1173950410321,0
1.55702251163348e-05,58.5615582642328,58.569638345066,58.561559249321,58.5615576499753,64.1173954221358,58.5621359301513,58.5615579976165,58.5615577364669,64.1173958941924,0,58.5615582367752,58.5615573796923,58.5615617707619,58.5615580120964,58.5615592202777,58.5615573487555,58.5615592853603,58.5616000595592,58.5615593807645,58.5617942591698,58.5615575521629,64.1174126324397,64.1173950348676,0
1.30911211044804e-05,58.5615582134114,58.5686778731342,58.5615588073309,58.5615576499753,64.1173954221358,58.5619733194106,58.5615577951925,58.5615576451893,64.1173958941924,0,58.561558043188,58.5615573538037,58.5615606983428,58.5615579627474,58.5615590932169,58.5615573384753,58.5615589544249,58.5615910511964,58.5615589423641,58.5617942591698,58.5615574619459,64.1174060966604,64.1173950348676,0
7.79841195708286e-06,58.5615582134114,58.5686778731342,58.5615585557096,58.5615575863638,64.1173954221358,58.5619733194106,58.5615575502687,58.5615574890703,64.1173958941924,0,58.561558043188,58.5615573538037,58.5615597225313,58.5615577830123,58.5615587006843,58.5615573380896,58.5615585157342,58.5615817078485,58.5615589423641,58.5617735459037,58.5615574592775,64.1174060966604,64.1173950335811,0
4.22205999939251e-06,58.5615579235351,58.5665791786029,58.5615583783523,58.5615575388017,64.1173953373585,58.5618841659164,58.5615575502687,58.5615574890703,64.1173955825855,0,58.5615578711376,58.5615573411466,58.5615592488864,58.5615577061469,58.5615586189629,58.5615573288815,58.5615582162174,58.5615753189959,58.5615589423641,58.5617158559286,58.5615574376209,64.1174050309195,64.1173950288735,0
4.22205999939251e-06,58.5615577790206,58.5665508287561,58.5615581237598,58.5615574909348,64.1173953216484,58.5617979905404,58.5615575045109,58.5615574890703,64.1173954242971,0,58.5615577088719,58.5615573374002,58.5615591950958,58.5615576726167,58.5615583894909,58.5615573222408,58.5615579127706,58.5615753189959,58.5615588986494,58.5616903969112,58.5615574073338,64.1174017866954,64.1173950239991,0
3.18135829502353e-06,58.5615576786899,58.5645780269597,58.5615578947392,58.5615574330882,64.1173952756515,58.5617479039695,58.5615574831262,58.5615574334989,64.1173954242971,0,58.5615576440929,58.5615573312184,58.5615589781099,58.5615576201819,58.5615579896339,58.5615573213735,58.5615578054139,58.5615753189959,58.5615582660404,58.5616422901973,58.5615573716464,64.1174017276497,64.1173950203678,0
1.61942949716831e-06,58.5615576786899,58.5645780269597,58.5615578947392,58.561557423464,64.1173952292488,58.5617100280084,58.5615574364353,58.5615574334989,64.1173954242971,0,58.5615575837879,58.5615573179617,58.5615583801975,58.5615575486219,58.5615578795732,58.5615573193041,58.5615576917661,58.5615753189959,58.5615582660404,58.5616167388906,58.5615573423581,64.1174017276497,64.1173950203678,0
1.24930500078335e-06,58.5615575516849,58.563758947526,58.5615576930287,58.5615573652439,64.1173951794519,58.5616862248231,58.5615573946669,58.5615573949855,64.1173953813952,0,58.5615575471515,58.5615573179617,58.5615580894816,58.5615574880885,58.5615577858837,58.5615573156135,58.5615576917661,58.5615753189959,58.5615581704583,58.5616167388906,58.5615573364445,64.117401543189,64.1173950176112,0
8.97677011835185e-07,58.5615575516849,58.563758947526,58.5615576930287,58.5615573652439,64.1173951606356,58.5616442661224,58.5615573779083,58.5615573949855,64.1173953626777,0,58.5615574722134,58.5615573178608,58.5615580380108,58.5615574567675,58.5615577858837,58.5615573110192,58.5615576174703,58.5615700887378,58.5615580755964,58.5616160042379,58.5615573364445,64.1174009599821,64.1173950170174,0
6.83683254010248e-07,58.5615575119336,58.5632470323536,58.5615576346819,58.5615573652439,64.1173951111456,58.5616399456885,58.5615573429939,58.5615573489675,64.1173952964577,0,58.5615574544719,58.5615573153653,58.5615579626113,58.5615574453795,58.561557640311,58.561557307241,58.5615576125667,58.561565654085,58.5615578834946,58.5616077179705,58.5615573213464,64.1173986339637,64.1173950156362,0
4.70540555852494e-07,58.561557473947,58.5632470323536,58.5615575728216,58.5615573420906,64.1173951111456,58.5616300877255,58.5615573429939,58.5615573489675,64.1173952489455,0,58.5615574441329,58.5615573119003,58.5615579626113,58.5615574344599,58.5615575815056,58.561557307241,58.5615575835291,58.561565654085,58.5615577196285,58.5616028542788,58.5615573213464,64.1173986339637,64.1173950156362,0
3.27507336805866e-07,58.5615574205883,58.5627241532185,58.561557542615,58.5615573322805,64.1173950847597,58.5616165574517,58.5615573405702,58.5615573367493,64.1173951881873,0,58.5615574100934,58.5615573099097,58.5615578140029,58.5615574344599,58.5615575381914,58.5615573066275,58.5615575146061,58.561565654085,58.5615576378457,58.5615989966823,58.5615573141209,64.1173983355839,64.1173950145948,0
1.55065151830058e-07,58.5615574205883,58.5627241532185,58.5615574943739,58.5615573322805,64.1173950847597,58.561607736519,58.5615573308505,58.5615573367493,64.1173951450878,0,58.5615573825772,58.5615573084154,58.5615578140029,58.5615574038272,58.5615575381914,58.5615573058867,58.5615574702966,58.561565654085,58.5615575671102,58.5615879156411,58.5615573108958,64.1173980559187,64.1173950145948,0
1.13874136786762e-07,58.5615573871308,58.5623609729786,58.5615574501878,58.5615573255318,64.1173950731874,58.5615954478273,58.5615573245015,58.561557329544,64.1173950996205,0,58.5615573623986,58.5615573070496,58.5615576501309,58.5615573706374,58.5615574980004,58.5615573050915,58.5615574051121,58.5615628885573,58.5615575028741,58.5615753359625,58.5615573108958,64.1173971416951,64.1173950144753,0
1.02260742096405e-07,58.5615573609759,58.5623609729786,58.5615574277085,58.561557321771,64.1173950599702,58.5615834307681,58.5615573214387,58.5615573245181,64.1173950996205,0,58.5615573465798,58.561557305446,58.5615576501309,58.5615573647781,58.5615574403893,58.5615573040789,58.5615573944021,58.5615628885573,58.5615575028741,58.5615753359625,58.5615573081305,64.11739655973,64.1173950142528,0
3.78452682525676e-08,58.5615573495705,58.5621454733808,58.5615573969765,58.5615573172585,64.1173950433421,58.5615834307681,58.5615573186947,58.5615573207286,64.1173950875197,0,58.5615573376598,58.5615573044536,58.5615575716843,58.5615573321048,58.5615574197411,58.5615573037927,58.5615573684956,58.5615612229786,58.5615574728545,58.5615753359625,58.5615573072438,64.11739655973,64.1173950138562,0
3.78452682525676e-08,58.5615573278444,58.5620824396369,58.5615573638301,58.5615573155861,64.1173950315314,58.5615834307681,58.5615573155102,58.5615573167647,64.1173950600237,0,58.5615573322903,58.5615573044438,58.5615574956058,58.5615573287114,58.5615573981601,58.5615573035882,58.5615573577496,58.561560383155,58.5615574254616,58.5615678215814,58.5615573058741,64.11739655973,64.1173950138478,0
3.18448201142019e-08,58.5615573233549,58.562055266531,58.5615573555742,58.5615573103498,64.1173950315314,58.5615774529933,58.5615573113161,58.5615573141986,64.1173950538119,0,58.5615573221406,58.5615573038388,58.5615574394221,58.5615573287114,58.5615573519813,58.5615573033275,58.5615573424536,58.5615597946984,58.5615574254616,58.5615678215814,58.5615573045574,64.1173961110468,64.117395013667,0
2.84401835415338e-08,58.5615573224452,58.5618688409991,58.5615573442267,58.5615573083555,64.1173950315314,58.5615728016839,58.5615573071444,58.5615573131072,64.1173950494478,0,58.5615573199181,58.5615573038388,58.5615574310738,58.5615573239302,58.5615573519813,58.5615573030713,58.5615573301513,58.5615597348719,58.5615574038568,58.5615678215814,58.5615573045574,64.1173960180632,64.1173950135892,0
2.08497681342124e-08,58.5615573097211,58.5617330953709,58.5615573398136,58.5615573062911,64.1173950251144,58.5615668316945,58.5615573071444,58.5615573123175,64.1173950371671,0,58.5615573164285,58.5615573038352,58.5615574144869,58.5615573177938,58.5615573519813,58.5615573027864,58.5615573299093,58.5615595769663,58.561557379673,58.5615659883254,58.5615573039481,64.1173957081488,64.117395013572,0
1.27627686197229e-08,58.5615573097211,58.5617330953709,58.5615573283824,58.5615573062911,64.1173950251144,58.5615668316945,58.5615573067086,58.5615573101655,64.1173950291154,0,58.5615573125045,58.5615573036443,58.5615573747543,58.5615573177938,58.5615573399809,58.5615573027864,58.5615573218931,58.5615587085072,58.561557379673,58.5615626522027,58.5615573035608,64.117395637202,64.1173950135139,0
1.00108650258335e-08,58.5615573097211,58.5617330953709,58.5615573225106,58.5615573052213,64.1173950199171,58.5615668316945,58.5615573067086,58.5615573070267,64.1173950291154,0,58.5615573103389,58.5615573032646,58.5615573484736,58.5615573124604,58.5615573315152,58.5615573027864,58.5615573152071,58.5615587085072,58.5615573540493,58.5615626522027,58.5615573032572,64.117395452066,64.1173950134795,0
0,58.5615573088068,58.5617035011825,58.5615573190652,58.5615573042988,64.1173950199171,58.5615644140314,58.5615573063243,58.5615573062926,64.1173950256717,0,58.561557307724,58.5615573030298,58.5615573484736,58.5615573115125,58.5615573315152,58.5615573027317,58.5615573138228,58.5615582507427,58.5615573410805,58.5615626522027,58.5615573031505,64.1173953115674,64.1173950134515,0
0,58.5615573072812,58.5616765430843,58.5615573131416,58.5615573036654,64.1173950187255,58.5615627741092,58.5615573046818,58.5615573048597,64.1173950214242,0,58.5615573059683,58.5615573028048,58.5615573484736,58.5615573077819,58.5615573192576,58.5615573025968,58.5615573106637,58.5615582100649,58.5615573300507,58.561562408571,58.5615573029137,64.1173953115674,64.117395013417,0
0,58.5615573065323,58.5616419400791,58.5615573103638,58.5615573036654,64.117395017629,58.5615625877466,58.5615573046761,58.5615573046369,64.117395021352,0,58.5615573059683,58.5615573026959,58.5615573484736,58.5615573077819,58.5615573146444,58.5615573025424,58.5615573106637,58.5615580076471,58.5615573268954,58.561562408571,58.5615573029137,64.1173952109006,64.1173950134083,0
0,58.5615573051584,58.5616230364213,58.561557307587,58.5615573036654,64.1173950163981,58.5615607046983,58.5615573039299,58.5615573039477,64.1173950188018,0,58.5615573051572,58.5615573026367,58.5615573334617,58.561557306358,58.5615573138119,58.5615573025279,58.5615573073238,58.5615577786194,58.5615573268954,58.5615606546397,58.5615573028523,64.1173951930917,64.1173950133881,0
0,58.5615573051584,58.5616230364213,58.561557307587,58.561557303269,64.1173950160812,58.5615605338459,58.5615573034543,58.5615573038717,64.1173950172665,0,58.5615573044321,58.5615573025896,58.5615573334617,58.56155730545,58.5615573093283,58.5615573024977,58.5615573064704,58.5615576908307,58.5615573168156,58.5615606546397,58.5615573027699,64.1173951788865,64.1173950133881,0
0,58.5615573044877,58.5616035655983,58.5615573053824,58.5615573031255,64.117395015378,58.5615599666818,58.5615573032045,58.5615573035015,64.1173950163262,0,58.5615573040721,58.5615573025028,58.5615573171119,58.5615573052843,58.5615573074544,58.5615573024607,58.5615573058807,58.5615576459869,58.5615573145196,58.5615594845202,58.5615573026739,64.1173951289729,64.1173950133743,0
0,58.5615573041092,58.5616035655983,58.5615573051102,58.561557302946,64.1173950147034,58.5615597254122,58.5615573030418,58.5615573034119,64.1173950156332,0,58.5615573040337,58.561557302485,58.5615573153488,58.561557304281,58.5615573067077,58.5615573024607,58.5615573054591,58.5615576459869,58.5615573145196,58.5615594845202,58.5615573026323,64.1173951289729,64.1173950133743,0
0,58.5615573036822,58.5616035655983,58.5615573040376,58.5615573027165,64.1173950147034,58.5615592860644,58.5615573030063,58.5615573030369,64.1173950151892,0,58.5615573031725,58.561557302448,58.5615573153488,58.5615573039015,58.5615573056239,58.5615573024377,58.5615573039662,58.5615576459869,58.5615573098314,58.5615591509197,58.5615573025134,64.1173950977709,64.1173950133743,0
0,58.5615573029845,58.5616023358801,58.5615573040376,58.5615573027165,64.117395014148,58.5615592302617,58.5615573028683,58.5615573030213,64.1173950149796,0,58.5615573031079,58.5615573024405,58.561557314961,58.5615573034136,58.5615573046274,58.561557302423,58.5615573039662,58.5615575060433,58.5615573098314,58.5615589401326,58.5615573024863,64.1173950767779,64.1173950133709,0
0,58.5615573029351,58.5615888091695,58.5615573034726,58.5615573026507,64.1173950140499,58.561558429886,58.5615573027085,58.5615573029169,64.1173950145088,0,58.5615573029181,58.5615573024221,58.5615573110477,58.5615573031702,58.5615573039381,58.5615573024201,58.5615573039662,58.5615575060433,58.5615573090696,58.5615583854604,58.5615573024593,64.1173950616929,64.1173950133623,0
0,58.561557302823,58.561587678638,58.561557303116,58.561557302584,64.1173950137822,58.5615581611224,58.5615573026794,58.561557302834,64.1173950141767,0,58.5615573028356,58.5615573024221,58.5615573081068,58.5615573029303,58.5615573037281,58.5615573024122,58.561557303788,58.5615575060433,58.5615573074277,58.5615583854604,58.5615573024447,64.1173950515133,64.1173950133623,0
0,58.561557302782,58.5615798865019,58.5615573031148,58.5615573025099,64.1173950136675,58.5615579669291,58.5615573025465,58.561557302657,64.1173950140765,0,58.5615573026139,58.5615573024124,58.5615573064945,58.5615573028409,58.5615573037281,58.5615573024058,58.5615573033995,58.5615574743138,58.5615573056716,58.5615581782262,58.5615573024313,64.1173950350077,64.1173950133619,0
0,58.5615573027183,58.5615754206145,58.5615573027315,58.5615573024718,64.1173950136282,58.5615579669291,58.5615573025295,58.561557302657,64.1173950139533,0,58.5615573025951,58.561557302408,58.5615573055064,58.5615573027375,58.5615573031893,58.5615573023947,58.5615573031797,58.5615574388094,58.5615573053799,58.5615578198208,58.5615573024125,64.1173950297601,64.1173950133602,0
0,58.5615573026424,58.561572511807,58.5615573026737,58.5615573024591,64.117395013559,58.5615579516603,58.5615573025269,58.561557302598,64.1173950137667,0,58.5615573025951,58.5615573023991,58.5615573048653,58.5615573026441,58.5615573031847,58.5615573023945,58.561557303069,58.5615573857644,58.5615573043912,58.5615578198208,58.5615573024039,64.1173950288049,64.1173950133592,0
0,58.5615573025606,58.561567668,58.5615573026035,58.5615573024583,64.1173950135282,58.5615578082171,58.5615573024541,58.5615573025604,64.1173950136808,0,58.5615573025318,58.5615573023979,58.5615573044124,58.5615573026319,58.5615573028,58.5615573023926,58.5615573028297,58.5615573601965,58.5615573041887,58.5615577657389,58.5615573024039,64.1173950288049,64.1173950133592,0
0,58.5615573024869,58.561567668,58.5615573025729,58.5615573024379,64.1173950134846,58.5615577100338,58.5615573024541,58.5615573024828,64.117395013604,0,58.5615573025002,58.5615573023924,58.5615573042259,58.5615573026129,58.5615573027207,58.56155730239,58.561557302673,58.5615573586396,58.5615573036208,58.5615576577679,58.5615573024039,64.1173950288049,64.117395013358,0
0,58.5615573024869,58.5615645505412,58.5615573025269,58.5615573024192,64.1173950134818,58.561557707024,58.5615573024341,58.5615573024828,64.1173950135436,0,58.5615573024708,58.5615573023924,58.5615573037086,58.5615573025262,58.5615573027056,58.56155730239,58.5615573026375,58.5615573586396,58.5615573032081,58.5615576577679,58.5615573023973,64.1173950288049,64.1173950133576,0
0,58.5615573024696,58.5615631640944,58.5615573024719,58.561557302419,64.1173950134284,58.5615575549197,58.5615573024196,58.5615573024642,64.1173950135436,0,58.5615573024531,58.5615573023901,58.5615573030454,58.5615573025262,58.5615573026066,58.5615573023887,58.5615573025266,58.5615573307442,58.5615573030057,58.5615575872046,58.5615573023927,64.1173950232679,64.1173950133565,0
0,58.5615573024363,58.5615631640944,58.5615573024529,58.5615573024119,64.1173950134234,58.5615575320651,58.5615573024158,58.5615573024461,64.1173950135185,0,58.5615573024277,58.5615573023901,58.561557303003,58.5615573024771,58.561557302504,58.5615573023877,58.5615573025135,58.5615573307442,58.5615573027907,58.5615574884993,58.5615573023927,64.1173950219988,64.1173950133564,0
0,58.5615573024245,58.5615611884011,58.5615573024234,58.5615573024016,64.1173950134098,58.5615574112309,58.5615573024091,58.5615573024216,64.1173950134655,0,58.5615573024252,58.5615573023881,58.5615573028133,58.5615573024738,58.5615573024919,58.5615573023872,58.5615573024612,58.5615573208664,58.5615573026794,58.5615574884993,58.5615573023894,64.1173950190054,64.1173950133559,0
0,58.5615573024176,58.5615611884011,58.5615573024234,58.561557302398,64.1173950133933,58.5615574112309,58.5615573024039,58.5615573024216,64.1173950134298,0,58.5615573024195,58.5615573023877,58.5615573028133,58.5615573024439,58.5615573024919,58.5615573023867,58.5615573024612,58.5615573203294,58.5615573026268,58.5615574792703,58.5615573023894,64.117395018133,64.1173950133557,0
0,58.5615573024127,58.5615599646403,58.561557302404,58.5615573023976,64.1173950133834,58.5615574112309,58.5615573023992,58.5615573024118,64.1173950134074,0,58.5615573024044,58.5615573023874,58.5615573027526,58.5615573024439,58.5615573024727,58.5615573023859,58.561557302424,58.5615573163421,58.561557302571,58.561557417862,58.5615573023873,64.1173950163387,64.1173950133557,0
0,58.5615573024069,58.5615599646403,58.561557302404,58.5615573023929,64.1173950133725,58.5615573729229,58.5615573023955,58.5615573024056,64.1173950133865,0,58.5615573024044,58.561557302387,58.561557302667,58.5615573024374,58.5615573024606,58.5615573023859,58.561557302424,58.5615573142745,58.5615573025191,58.561557417862,58.5615573023873,64.1173950163342,64.1173950133557,0
0,58.561557302397,58.5615593803309,58.561557302404,58.5615573023921,64.1173950133725,58.5615573729229,58.5615573023919,58.5615573024027,64.1173950133865,0,58.5615573023966,58.5615573023865,58.5615573025561,58.561557302421,58.5615573024401,58.5615573023858,58.5615573024206,58.5615573130552,58.5615573024966,58.5615573902511,58.5615573023866,64.1173950152681,64.1173950133553,0
0,58.5615573023948,58.5615593803309,58.5615573023997,58.5615573023903,64.1173950133671,58.5615573543192,58.5615573023907,58.5615573023983,64.1173950133849,0,58.5615573023964,58.5615573023863,58.5615573025418,58.5615573024189,58.5615573024303,58.5615573023858,58.5615573024098,58.5615573120708,58.5615573024708,58.5615573694268,58.5615573023865,64.1173950147797,64.1173950133553,0
0,58.5615573023939,58.5615587257046,58.561557302399,58.5615573023882,64.1173950133671,58.5615573369099,58.5615573023896,58.5615573023956,64.1173950133739,0,58.5615573023925,58.5615573023858,58.5615573024737,58.5615573024062,58.5615573024215,58.5615573023856,58.561557302401,58.5615573086837,58.5615573024409,58.5615573694268,58.5615573023862,64.1173950147797,64.1173950133552,0
0,58.5615573023912,58.5615587257046,58.561557302399,58.5615573023876,64.117395013361,58.5615573277793,58.5615573023895,58.5615573023916,64.1173950133715,0,58.5615573023895,58.5615573023858,58.5615573024737,58.5615573024062,58.5615573024122,58.5615573023854,58.5615573023998,58.5615573066939,58.5615573024197,58.5615573694268,58.5615573023858,64.1173950142625,64.1173950133552,0
0,58.5615573023891,58.5615587257046,58.5615573023946,58.5615573023874,64.117395013361,58.5615573261551,58.5615573023878,58.5615573023903,64.1173950133631,0,58.5615573023887,58.5615573023856,58.5615573024737,58.561557302402,58.5615573024122,58.5615573023853,58.5615573023955,58.5615573048567,58.5615573024153,58.5615573479001,58.5615573023858,64.1173950139599,64.1173950133552,0
0,58.5615573023877,58.5615587257046,58.5615573023931,58.5615573023869,64.117395013361,58.561557318849,58.5615573023876,58.5615573023892,64.1173950133631,0,58.561557302387,58.5615573023856,58.5615573024542,58.5615573023991,58.5615573024025,58.5615573023853,58.5615573023937,58.5615573037633,58.5615573024099,58.561557341877,58.5615573023858,64.1173950137941,64.1173950133551,0
0,58.5615573023876,58.5615587039121,58.5615573023903,58.5615573023866,64.117395013361,58.5615573125119,58.5615573023867,58.5615573023883,64.1173950133616,0,58.561557302387,58.5615573023854,58.5615573024365,58.5615573023949,58.5615573023982,58.5615573023853,58.5615573023897,58.5615573037633,58.5615573024085,58.5615573319481,58.5615573023856,64.1173950136719,64.1173950133551,0
0,58.5615573023871,58.5615584486021,58.5615573023903,58.561557302386,64.1173950133597,58.5615573119294,58.5615573023863,58.5615573023881,64.1173950133615,0,58.561557302387,58.5615573023854,58.5615573024365,58.561557302393,58.5615573023918,58.5615573023853,58.5615573023886,58.5615573034154,58.5615573024014,58.5615573275326,58.5615573023855,64.117395013657,64.1173950133551,0
0,58.5615573023864,58.5615583598302,58.5615573023886,58.5615573023859,64.117395013358,58.561557308776,58.5615573023857,58.5615573023871,64.1173950133588,0,58.5615573023864,58.5615573023853,58.5615573024201,58.561557302391,58.5615573023918,58.5615573023852,58.5615573023886,58.5615573032591,58.5615573024014,58.5615573182394,58.5615573023853,64.1173950135048,64.1173950133551,0
0,58.561557302386,58.561558093881,58.5615573023871,58.5615573023859,64.1173950133571,58.5615573083283,58.5615573023857,58.561557302387,64.1173950133586,0,58.5615573023863,58.5615573023853,58.5615573024093,58.5615573023904,58.5615573023911,58.5615573023852,58.5615573023883,58.5615573029434,58.5615573023973,58.5615573154654,58.5615573023853,64.1173950134951,64.1173950133551,0
0,58.561557302386,58.5615580009397,58.5615573023871,58.5615573023857,64.1173950133569,58.561557307076,58.5615573023856,58.5615573023865,64.1173950133571,0,58.5615573023859,58.5615573023853,58.5615573024086,58.5615573023883,58.5615573023894,58.5615573023852,58.5615573023874,58.561557302921,58.5615573023926,58.56155731015,58.5615573023853,64.1173950134576,64.1173950133551,0
0,58.5615573023858,58.561557993104,58.5615573023871,58.5615573023856,64.1173950133564,58.5615573056196,58.5615573023855,58.5615573023859,64.1173950133569,0,58.5615573023858,58.5615573023853,58.5615573024025,58.561557302388,58.5615573023881,58.5615573023852,58.5615573023865,58.5615573026522,58.5615573023921,58.5615573081488,58.5615573023853,64.1173950134324,64.1173950133551,0
0,58.5615573023856,58.5615579603046,58.5615573023863,58.5615573023854,64.1173950133562,58.5615573048339,58.5615573023854,58.5615573023859,64.1173950133567,0,58.5615573023856,58.5615573023852,58.5615573023993,58.561557302387,58.5615573023881,58.5615573023852,58.5615573023863,58.5615573025675,58.5615573023896,58.5615573065905,58.5615573023853,64.117395013423,64.1173950133551,0
0,58.5615573023855,58.561557784303,58.5615573023859,58.5615573023854,64.1173950133557,58.5615573046527,58.5615573023854,58.5615573023857,64.1173950133561,0,58.5615573023856,58.5615573023852,58.5615573023973,58.5615573023866,58.5615573023873,58.5615573023852,58.5615573023861,58.5615573025675,58.5615573023888,58.5615573064914,58.5615573023852,64.1173950133994,64.1173950133551,0
0,58.5615573023854,58.5615576527166,58.5615573023856,58.5615573023853,64.1173950133555,58.5615573043002,58.5615573023853,58.5615573023856,64.1173950133559,0,58.5615573023854,58.5615573023852,58.5615573023915,58.5615573023866,58.5615573023864,58.5615573023852,58.5615573023858,58.5615573025207,58.5615573023875,58.5615573049566,58.5615573023852,64.117395013382,64.1173950133551,0
0,58.5615573023854,58.5615575669722,58.5615573023856,58.5615573023853,64.1173950133555,58.561557304006,58.5615573023853,58.5615573023854,64.1173950133555,0,58.5615573023854,58.5615573023852,58.5615573023915,58.5615573023862,58.561557302386,58.5615573023852,58.5615573023857,58.5615573024822,58.561557302387,58.5615573049566,58.5615573023852,64.1173950133792,64.1173950133551,0
0,58.5615573023853,58.5615575379147,58.5615573023855,58.5615573023853,64.1173950133553,58.5615573034916,58.5615573023852,58.5615573023854,64.1173950133554,0,58.5615573023853,58.5615573023852,58.5615573023902,58.5615573023859,58.561557302386,58.5615573023852,58.5615573023856,58.5615573024384,58.5615573023867,58.5615573044648,58.5615573023852,64.117395013377,64.1173950133551,0
0,58.5615573023853,58.5615574428685,58.5615573023854,58.5615573023853,64.1173950133553,58.5615573033723,58.5615573023852,58.5615573023853,64.1173950133554,0,58.5615573023853,58.5615573023852,58.5615573023894,58.5615573023859,58.5615573023859,58.5615573023852,58.5615573023854,58.5615573024384,58.5615573023865,58.5615573042718,58.5615573023852,64.1173950133743,64.1173950133551,0
0,58.5615573023853,58.5615574278683,58.5615573023854,58.5615573023852,64.1173950133552,58.5615573029478,58.5615573023852,58.5615573023853,64.1173950133554,0,58.5615573023853,58.5615573023852,58.5615573023877,58.5615573023857,58.5615573023857,58.5615573023852,58.5615573023853,58.5615573024227,58.5615573023863,58.5615573037895,58.5615573023852,64.1173950133704,64.1173950133551,0
0,58.5615573023853,58.5615574099236,58.5615573023853,58.5615573023852,64.1173950133552,58.5615573027854,58.5615573023852,58.5615573023853,64.1173950133552,0,58.5615573023852,58.5615573023852,58.5615573023874,58.5615573023856,58.5615573023855,58.5615573023852,58.5615573023853,58.5615573024107,58.5615573023859,58.561557303252,58.5615573023852,64.1173950133668,64.117395013355,0
0,58.5615573023853,58.5615573793567,58.5615573023853,58.5615573023852,64.1173950133552,58.5615573027854,58.5615573023852,58.5615573023853,64.1173950133551,0,58.5615573023852,58.5615573023852,58.5615573023863,58.5615573023854,58.5615573023855,58.5615573023852,58.5615573023853,58.5615573024049,58.5615573023857,58.5615573030458,58.5615573023852,64.1173950133615,64.117395013355,0
0,58.5615573023852,58.5615573736233,58.5615573023853,58.5615573023852,64.1173950133551,58.5615573027177,58.5615573023852,58.5615573023852,64.1173950133551,0,58.5615573023852,58.5615573023852,58.5615573023863,58.5615573023854,58.5615573023854,58.5615573023852,58.5615573023853,58.5615573024003,58.5615573023856,58.5615573028454,58.5615573023852,64.1173950133607,64.117395013355,0
0,58.5615573023852,58.5615573453694,58.5615573023852,58.5615573023852,64.1173950133551,58.5615573025867,58.5615573023852,58.5615573023852,64.1173950133551,0,58.5615573023852,58.5615573023852,58.5615573023861,58.5615573023854,58.5615573023853,58.5615573023852,58.5615573023852,58.5615573023936,58.5615573023854,58.561557302696,58.5615573023852,64.1173950133606,64.117395013355,0
0,58.5615573023852,58.5615573366832,58.5615573023852,58.5615573023852,64.1173950133551,58.5615573025429,58.5615573023852,58.5615573023852,64.1173950133551,0,58.5615573023852,58.5615573023852,58.5615573023859,58.5615573023853,58.5615573023853,58.5615573023852,58.5615573023852,58.5615573023936,58.5615573023854,58.5615573026408,58.5615573023852,64.1173950133597,64.117395013355,0
0,58.5615573023852,58.5615573289836,58.5615573023852,58.5615573023852,64.1173950133551,58.5615573024605,58.5615573023852,58.5615573023852,64.1173950133551,0,58.5615573023852,58.5615573023852,58.5615573023857,58.5615573023853,58.5615573023853,58.5615573023852,58.5615573023852,58.5615573023911,58.5615573023853,58.5615573025705,58.5615573023852,64.1173950133586,64.117395013355,0
0,58.5615573023852,58.5615573240508,58.5615573023852,58.5615573023852,64.1173950133551,58.561557302455,58.5615573023852,58.5615573023852,64.1173950133551,0,58.5615573023852,58.5615573023852,58.5615573023856,58.5615573023853,58.5615573023852,58.5615573023852,58.5615573023852,58.5615573023903,58.5615573023853,58.5615573025239,58.5615573023852,64.1173950133584,64.117395013355,0
0,58.5615573023852,58.5615573198332,58.5615573023852,58.5615573023852,64.1173950133551,58.561557302455,58.5615573023852,58.5615573023852,64.1173950133551,0,58.5615573023852,58.5615573023852,58.5615573023854,58.5615573023852,58.5615573023852,58.5615573023852,58.5615573023852,58.5615573023886,58.5615573023852,58.5615573024742,58.5615573023852,64.1173950133573,64.117395013355,0
0,58.5615573023852,58.5615573161861,58.5615573023852,58.5615573023852,64.1173950133551,58.5615573024235,58.5615573023852,58.5615573023852,64.1173950133551,0,58.5615573023852,58.5615573023852,58.5615573023854,58.5615573023852,58.5615573023852,58.5615573023852,58.5615573023852,58.5615573023874,58.5615573023852,58.5615573024742,58.5615573023852,64.1173950133564,64.117395013355,0
0,58.5615573023852,58.5615573121522,58.5615573023852,58.5615573023852,64.117395013355,58.5615573024171,58.5615573023852,58.5615573023852,64.1173950133551,0,58.5615573023852,58.5615573023852,58.5615573023853,58.5615573023852,58.5615573023852,58.5615573023852,58.5615573023852,58.5615573023874,58.5615573023852,58.5615573024619,58.5615573023852,64.1173950133561,64.117395013355,0
0,58.5615573023852,58.5615573121522,58.5615573023852,58.5615573023852,64.117395013355,58.5615573024116,58.5615573023852,58.5615573023852,64.1173950133551,0,58.5615573023852,58.5615573023852,58.5615573023853,58.5615573023852,58.5615573023852,58.5615573023852,58.5615573023852,58.5615573023872,58.5615573023852,58.5615573024347,58.5615573023852,64.117395013356,64.117395013355,0
0,58.5615573023852,58.5615573099816,58.5615573023852,58.5615573023852,64.117395013355,58.5615573024014,58.5615573023852,58.5615573023852,64.1173950133551,0,58.5615573023852,58.5615573023852,58.5615573023852,58.5615573023852,58.5615573023852,58.5615573023852,58.5615573023852,58.5615573023865,58.5615573023852,58.5615573024205,58.5615573023852,64.1173950133556,64.117395013355,0
0,58.5615573023852,58.5615573072848,58.5615573023852,58.5615573023852,64.117395013355,58.5615573024014,58.5615573023852,58.5615573023852,64.117395013355,0,58.5615573023852,58.5615573023852,58.5615573023852,58.5615573023852,58.5615573023852,58.5615573023852,58.5615573023852,58.5615573023861,58.5615573023852,58.5615573024194,58.5615573023852,64.1173950133556,64.117395013355,0
0,58.5615573023852,58.561557306035,58.5615573023852,58.5615573023852,64.117395013355,58.5615573024014,58.5615573023852,58.5615573023852,64.117395013355,0,58.5615573023852,58.5615573023852,58.5615573023852,58.5615573023852,58.5615573023852,58.5615573023852,58.5615573023852,58.561557302386,58.5615573023852,58.561557302408,58.5615573023852,64.1173950133555,64.117395013355,0
0,58.5615573023852,58.5615573050958,58.5615573023852,58.5615573023852,64.117395013355,58.5615573023985,58.5615573023852,58.5615573023852,64.117395013355,0,58.5615573023852,58.5615573023852,58.5615573023852,58.5615573023852,58.5615573023852,58.5615573023852,58.5615573023852,58.5615573023859,58.5615573023852,58.5615573023986,58.5615573023852,64.1173950133554,64.117395013355,0
0,58.5615573023852,58.5615573044331,58.5615573023852,58.5615573023852,64.117395013355,58.5615573023951,58.5615573023852,58.5615573023852,64.117395013355,0,58.5615573023852,58.5615573023852,58.5615573023852,58.5615573023852,58.5615573023852,58.5615573023852,58.5615573023852,58.5615573023857,58.5615573023852,58.5615573023938,58.5615573023852,64.1173950133552,64.117395013355,0
0,58.5615573023852,58.5615573039063,58.5615573023852,58.5615573023852,64.117395013355,58.5615573023951,58.5615573023852,58.5615573023852,64.117395013355,0,58.5615573023852,58.5615573023852,58.5615573023852,58.5615573023852,58.5615573023852,58.5615573023852,58.5615573023852,58.5615573023856,58.5615573023852,58.5615573023937,58.5615573023852,64.1173950133552,64.117395013355,0
0,58.5615573023852,58.5615573033481,58.5615573023852,58.5615573023852,64.117395013355,58.5615573023925,58.5615573023852,58.5615573023852,64.117395013355,0,58.5615573023852,58.5615573023852,58.5615573023852,58.5615573023852,58.5615573023852,58.5615573023852,58.5615573023852,58.5615573023855,58.5615573023852,58.5615573023932,58.5615573023852,64.1173950133551,64.117395013355,0
0,58.5615573023852,58.5615573033481,58.5615573023852,58.5615573023852,64.117395013355,58.5615573023906,58.5615573023852,58.5615573023852,64.117395013355,0,58.5615573023852,58.5615573023852,58.5615573023852,58.5615573023852,58.5615573023852,58.5615573023852,58.5615573023852,58.5615573023854,58.5615573023852,58.5615573023924,58.5615573023852,64.1173950133551,64.117395013355,0
0,58.5615573023852,58.5615573030435,58.5615573023852,58.5615573023852,64.117395013355,58.561557302389,58.5615573023852,58.5615573023852,64.117395013355,0,58.5615573023852,58.5615573023852,58.5615573023852,58.5615573023852,58.5615573023852,58.5615573023852,58.5615573023852,58.5615573023853,58.5615573023852,58.5615573023908,58.5615573023852,64.1173950133551,64.117395013355,0
0,58.5615573023852,58.5615573027829,58.5615573023852,58.5615573023852,64.117395013355,58.5615573023881,58.5615573023852,58.5615573023852,64.117395013355,0,58.5615573023852,58.5615573023852,58.5615573023852,58.5615573023852,58.5615573023852,58.5615573023852,58.5615573023852,58.5615573023853,58.5615573023852,58.5615573023888,58.5615573023852,64.1173950133551,64.117395013355,0
0,58.5615573023852,58.5615573027788,58.5615573023852,58.5615573023852,64.117395013355,58.5615573023875,58.5615573023852,58.5615573023852,64.117395013355,0,58.5615573023852,58.5615573023852,58.5615573023852,58.5615573023852,58.5615573023852,58.5615573023852,58.5615573023852,58.5615573023853,58.5615573023852,58.5615573023869,58.5615573023852,64.1173950133551,64.117395013355,0
0,58.5615573023852,58.5615573027234,58.5615573023852,58.5615573023852,64.117395013355,58.5615573023867,58.5615573023852,58.5615573023852,64.117395013355,0,58.5615573023852,58.5615573023852,58.5615573023852,58.5615573023852,58.5615573023852,58.5615573023852,58.5615573023852,58.5615573023853,58.5615573023852,58.5615573023869,58.5615573023852,64.1173950133551,64.117395013355,0
0,58.5615573023852,58.5615573026214,58.5615573023852,58.5615573023852,64.117395013355,58.5615573023866,58.5615573023852,58.5615573023852,64.117395013355,0,58.5615573023852,58.5615573023852,58.5615573023852,58.5615573023852,58.5615573023852,58.5615573023852,58.5615573023852,58.5615573023853,58.5615573023852,58.5615573023865,58.5615573023852,64.1173950133551,64.117395013355,0
0,58.5615573023852,58.5615573025487,58.5615573023852,58.5615573023852,64.117395013355,58.5615573023861,58.5615573023852,58.5615573023852,64.117395013355,0,58.5615573023852,58.5615573023852,58.5615573023852,58.5615573023852,58.5615573023852,58.5615573023852,58.5615573023852,58.5615573023853,58.5615573023852,58.5615573023865,58.5615573023852,64.117395013355,64.117395013355,0
0,58.5615573023852,58.5615573025191,58.5615573023852,58.5615573023852,64.117395013355,58.5615573023857,58.5615573023852,58.5615573023852,64.117395013355,0,58.5615573023852,58.5615573023852,58.5615573023852,58.5615573023852,58.5615573023852,58.5615573023852,58.5615573023852,58.5615573023852,58.5615573023852,58.5615573023859,58.5615573023852,64.117395013355,64.117395013355,0
0,58.5615573023852,58.5615573025191,58.5615573023852,58.5615573023852,64.117395013355,58.5615573023857,58.5615573023852,58.5615573023852,64.117395013355,0,58.5615573023852,58.5615573023852,58.5615573023852,58.5615573023852,58.5615573023852,58.5615573023852,58.5615573023852,58.5615573023852,58.5615573023852,58.5615573023859,58.5615573023852,64.117395013355,64.117395013355,0
0,58.5615573023852,58.5615573024607,58.5615573023852,58.5615573023852,64.117395013355,58.5615573023856,58.5615573023852,58.5615573023852,64.117395013355,0,58.5615573023852,58.5615573023852,58.5615573023852,58.5615573023852,58.5615573023852,58.5615573023852,58.5615573023852,58.5615573023852,58.5615573023852,58.5615573023857,58.5615573023852,64.117395013355,64.117395013355,0
0,58.5615573023852,58.561557302443,58.5615573023852,58.5615573023852,64.117395013355,58.5615573023856,58.5615573023852,58.5615573023852,64.117395013355,0,58.5615573023852,58.5615573023852,58.5615573023852,58.5615573023852,58.5615573023852,58.5615573023852,58.5615573023852,58.5615573023852,58.5615573023852,58.5615573023856,58.5615573023852,64.117395013355,64.117395013355,0
0,58.5615573023852,58.5615573024306,58.5615573023852,58.5615573023852,64.117395013355,58.5615573023856,58.5615573023852,58.5615573023852,64.117395013355,0,58.5615573023852,58.5615573023852,58.5615573023852,58.5615573023852,58.5615573023852,58.5615573023852,58.5615573023852,58.5615573023852,58.5615573023852,58.5615573023854,58.5615573023852,64.117395013355,64.117395013355,0
0,58.5615573023852,58.561557302425,58.5615573023852,58.5615573023852,64.117395013355,58.5615573023854,58.5615573023852,58.5615573023852,64.117395013355,0,58.5615573023852,58.5615573023852,58.5615573023852,58.5615573023852,58.5615573023852,58.5615573023852,58.5615573023852,58.5615573023852,58.5615573023852,58.5615573023854,58.5615573023852,64.117395013355,64.117395013355,0
0,58.5615573023852,58.5615573024154,58.5615573023852,58.5615573023852,64.117395013355,58.5615573023854,58.5615573023852,58.5615573023852,64.117395013355,0,58.5615573023852,58.5615573023852,58.5615573023852,58.5615573023852,58.5615573023852,58.5615573023852,58.5615573023852,58.5615573023852,58.5615573023852,58.5615573023853,58.5615573023852,64.117395013355,64.117395013355,0
0,58.5615573023852,58.5615573024059,58.5615573023852,58.5615573023852,64.117395013355,58.5615573023853,58.5615573023852,58.5615573023852,64.117395013355,0,58.5615573023852,58.5615573023852,58.5615573023852,58.5615573023852,58.5615573023852,58.5615573023852,58.5615573023852,58.5615573023852,58.5615573023852,58.5615573023853,58.5615573023852,64.117395013355,64.117395013355,0
0,58.5615573023852,58.5615573023993,58.5615573023852,58.5615573023852,64.117395013355,58.5615573023853,58.5615573023852,58.5615573023852,64.117395013355,0,58.5615573023852,58.5615573023852,58.5615573023852,58.5615573023852,58.5615573023852,58.5615573023852,58.5615573023852,58.5615573023852,58.5615573023852,58.5615573023853,58.5615573023852,64.117395013355,64.117395013355,0
0,58.5615573023852,58.561557302399,58.5615573023852,58.5615573023852,64.117395013355,58.5615573023853,58.5615573023852,58.5615573023852,64.117395013355,0,58.5615573023852,58.5615573023852,58.5615573023852,58.5615573023852,58.5615573023852,58.5615573023852,58.5615573023852,58.5615573023852,58.5615573023852,58.5615573023853,58.5615573023852,64.117395013355,64.117395013355,0
0,58.5615573023852,58.5615573023922,58.5615573023852,58.5615573023852,64.117395013355,58.5615573023852,58.5615573023852,58.5615573023852,64.117395013355,0,58.5615573023852,58.5615573023852,58.5615573023852,58.5615573023852,58.5615573023852,58.5615573023852,58.5615573023852,58.5615573023852,58.5615573023852,58.5615573023853,58.5615573023852,64.117395013355,64.117395013355,0
0,58.5615573023852,58.5615573023904,58.5615573023852,58.5615573023852,64.117395013355,58.5615573023852,58.5615573023852,58.5615573023852,64.117395013355,0,58.5615573023852,58.5615573023852,58.5615573023852,58.5615573023852,58.5615573023852,58.5615573023852,58.5615573023852,58.5615573023852,58.5615573023852,58.5615573023852,58.5615573023852,64.117395013355,64.117395013355,0
0,58.5615573023852,58.561557302389,58.5615573023852,58.5615573023852,64.117395013355,58.5615573023852,58.5615573023852,58.5615573023852,64.117395013355,0,58.5615573023852,58.5615573023852,58.5615573023852,58.5615573023852,58.5615573023852,58.5615573023852,58.5615573023852,58.5615573023852,58.5615573023852,58.5615573023852,58.5615573023852,64.117395013355,64.117395013355,0
0,58.5615573023852,58.561557302389,58.5615573023852,58.5615573023852,64.117395013355,58.5615573023852,58.5615573023852,58.5615573023852,64.117395013355,0,58.5615573023852,58.5615573023852,58.5615573023852,58.5615573023852,58.5615573023852,58.5615573023852,58.5615573023852,58.5615573023852,58.5615573023852,58.5615573023852,58.5615573023852,64.117395013355,64.117395013355,0
0,58.5615573023852,58.5615573023876,58.5615573023852,58.5615573023852,64.117395013355,58.5615573023852,58.5615573023852,58.5615573023852,64.117395013355,0,58.5615573023852,58.5615573023852,58.5615573023852,58.5615573023852,58.5615573023852,58.5615573023852,58.5615573023852,58.5615573023852,58.5615573023852,58.5615573023852,58.5615573023852,64.117395013355,64.117395013355,0
0,58.5615573023852,58.5615573023873,58.5615573023852,58.5615573023852,64.117395013355,58.5615573023852,58.5615573023852,58.5615573023852,64.117395013355,0,58.5615573023852,58.5615573023852,58.5615573023852,58.5615573023852,58.5615573023852,58.5615573023852,58.5615573023852,58.5615573023852,58.5615573023852,58.5615573023852,58.5615573023852,64.117395013355,64.117395013355,0
0,58.5615573023852,58.5615573023866,58.5615573023852,58.5615573023852,64.117395013355,58.5615573023852,58.5615573023852,58.5615573023852,64.117395013355,0,58.5615573023852,58.5615573023852,58.5615573023852,58.5615573023852,58.5615573023852,58.5615573023852,58.5615573023852,58.5615573023852,58.5615573023852,58.5615573023852,58.5615573023852,64.117395013355,64.117395013355,0
0,58.5615573023852,58.5615573023862,58.5615573023852,58.5615573023852,64.117395013355,58.5615573023852,58.5615573023852,58.5615573023852,64.117395013355,0,58.5615573023852,58.5615573023852,58.5615573023852,58.5615573023852,58.5615573023852,58.5615573023852,58.5615573023852,58.5615573023852,58.5615573023852,58.5615573023852,58.5615573023852,64.117395013355,64.117395013355,0
0,58.5615573023852,58.5615573023861,58.5615573023852,58.5615573023852,64.117395013355,58.5615573023852,58.5615573023852,58.5615573023852,64.117395013355,0,58.5615573023852,58.5615573023852,58.5615573023852,58.5615573023852,58.5615573023852,58.5615573023852,58.5615573023852,58.5615573023852,58.5615573023852,58.5615573023852,58.5615573023852,64.117395013355,64.117395013355,0
0,58.5615573023852,58.5615573023859,58.5615573023852,58.5615573023852,64.117395013355,58.5615573023852,58.5615573023852,58.5615573023852,64.117395013355,0,58.5615573023852,58.5615573023852,58.5615573023852,58.5615573023852,58.5615573023852,58.5615573023852,58.5615573023852,58.5615573023852,58.5615573023852,58.5615573023852,58.5615573023852,64.117395013355,64.117395013355,0
0,58.5615573023852,58.5615573023857,58.5615573023852,58.5615573023852,64.117395013355,58.5615573023852,58.5615573023852,58.5615573023852,64.117395013355,0,58.5615573023852,58.5615573023852,58.5615573023852,58.5615573023852,58.5615573023852,58.5615573023852,58.5615573023852,58.5615573023852,58.5615573023852,58.5615573023852,58.5615573023852,64.117395013355,64.117395013355,0
0,58.5615573023852,58.5615573023856,58.5615573023852,58.5615573023852,64.117395013355,58.5615573023852,58.5615573023852,58.5615573023852,64.117395013355,0,58.5615573023852,58.5615573023852,58.5615573023852,58.5615573023852,58.5615573023852,58.5615573023852,58.5615573023852,58.5615573023852,58.5615573023852,58.5615573023852,58.5615573023852,64.117395013355,64.117395013355,0
0,58.5615573023852,58.5615573023854,58.5615573023852,58.5615573023852,64.117395013355,58.5615573023852,58.5615573023852,58.5615573023852,64.117395013355,0,58.5615573023852,58.5615573023852,58.5615573023852,58.5615573023852,58.5615573023852,58.5615573023852,58.5615573023852,58.5615573023852,58.5615573023852,58.5615573023852,58.5615573023852,64.117395013355,64.117395013355,0
0,58.5615573023852,58.5615573023854,58.5615573023852,58.5615573023852,64.117395013355,58.5615573023852,58.5615573023852,58.5615573023852,64.117395013355,0,58.5615573023852,58.5615573023852,58.5615573023852,58.5615573023852,58.5615573023852,58.5615573023852,58.5615573023852,58.5615573023852,58.5615573023852,58.5615573023852,58.5615573023852,64.117395013355,64.117395013355,0
0,58.5615573023852,58.5615573023853,58.5615573023852,58.5615573023852,64.117395013355,58.5615573023852,58.5615573023852,58.5615573023852,64.117395013355,0,58.5615573023852,58.5615573023852,58.5615573023852,58.5615573023852,58.5615573023852,58.5615573023852,58.5615573023852,58.5615573023852,58.5615573023852,58.5615573023852,58.5615573023852,64.117395013355,64.117395013355,0
0,58.5615573023852,58.5615573023853,58.5615573023852,58.5615573023852,64.117395013355,58.5615573023852,58.5615573023852,58.5615573023852,64.117395013355,0,58.5615573023852,58.5615573023852,58.5615573023852,58.5615573023852,58.5615573023852,58.5615573023852,58.5615573023852,58.5615573023852,58.5615573023852,58.5615573023852,58.5615573023852,64.117395013355,64.117395013355,0
0,58.5615573023852,58.5615573023853,58.5615573023852,58.5615573023852,64.117395013355,58.5615573023852,58.5615573023852,58.5615573023852,64.117395013355,0,58.5615573023852,58.5615573023852,58.5615573023852,58.5615573023852,58.5615573023852,58.5615573023852,58.5615573023852,58.5615573023852,58.5615573023852,58.5615573023852,58.5615573023852,64.117395013355,64.117395013355,0
0,58.5615573023852,58.5615573023853,58.5615573023852,58.5615573023852,64.117395013355,58.5615573023852,58.5615573023852,58.5615573023852,64.117395013355,0,58.5615573023852,58.5615573023852,58.5615573023852,58.5615573023852,58.5615573023852,58.5615573023852,58.5615573023852,58.5615573023852,58.5615573023852,58.5615573023852,58.5615573023852,64.117395013355,64.117395013355,0
0,58.5615573023852,58.5615573023853,58.5615573023852,58.5615573023852,64.117395013355,58.5615573023852,58.5615573023852,58.5615573023852,64.117395013355,0,58.5615573023852,58.5615573023852,58.5615573023852,58.5615573023852,58.5615573023852,58.5615573023852,58.5615573023852,58.5615573023852,58.5615573023852,58.5615573023852,58.5615573023852,64.117395013355,64.117395013355,0
0,58.5615573023852,58.5615573023852,58.5615573023852,58.5615573023852,64.117395013355,58.5615573023852,58.5615573023852,58.5615573023852,64.117395013355,0,58.5615573023852,58.5615573023852,58.5615573023852,58.5615573023852,58.5615573023852,58.5615573023852,58.5615573023852,58.5615573023852,58.5615573023852,58.5615573023852,58.5615573023852,64.117395013355,64.117395013355,0
0,58.5615573023852,58.5615573023852,58.5615573023852,58.5615573023852,64.117395013355,58.5615573023852,58.5615573023852,58.5615573023852,64.117395013355,0,58.5615573023852,58.5615573023852,58.5615573023852,58.5615573023852,58.5615573023852,58.5615573023852,58.5615573023852,58.5615573023852,58.5615573023852,58.5615573023852,58.5615573023852,64.117395013355,64.117395013355,0
0,58.5615573023852,58.5615573023852,58.5615573023852,58.5615573023852,64.117395013355,58.5615573023852,58.5615573023852,58.5615573023852,64.117395013355,0,58.5615573023852,58.5615573023852,58.5615573023852,58.5615573023852,58.5615573023852,58.5615573023852,58.5615573023852,58.5615573023852,58.5615573023852,58.5615573023852,58.5615573023852,64.117395013355,64.117395013355,0
0,58.5615573023852,58.5615573023852,58.5615573023852,58.5615573023852,64.117395013355,58.5615573023852,58.5615573023852,58.5615573023852,64.117395013355,0,58.5615573023852,58.5615573023852,58.5615573023852,58.5615573023852,58.5615573023852,58.5615573023852,58.5615573023852,58.5615573023852,58.5615573023852,58.5615573023852,58.5615573023852,64.117395013355,64.117395013355,0
0,58.5615573023852,58.5615573023852,58.5615573023852,58.5615573023852,64.117395013355,58.5615573023852,58.5615573023852,58.5615573023852,64.117395013355,0,58.5615573023852,58.5615573023852,58.5615573023852,58.5615573023852,58.5615573023852,58.5615573023852,58.5615573023852,58.5615573023852,58.5615573023852,58.5615573023852,58.5615573023852,64.117395013355,64.117395013355,0
0,58.5615573023852,58.5615573023852,58.5615573023852,58.5615573023852,64.117395013355,58.5615573023852,58.5615573023852,58.5615573023852,64.117395013355,0,58.5615573023852,58.5615573023852,58.5615573023852,58.5615573023852,58.5615573023852,58.5615573023852,58.5615573023852,58.5615573023852,58.5615573023852,58.5615573023852,58.5615573023852,64.117395013355,64.117395013355,0
0,58.5615573023852,58.5615573023852,58.5615573023852,58.5615573023852,64.117395013355,58.5615573023852,58.5615573023852,58.5615573023852,64.117395013355,0,58.5615573023852,58.5615573023852,58.5615573023852,58.5615573023852,58.5615573023852,58.5615573023852,58.5615573023852,58.5615573023852,58.5615573023852,58.5615573023852,58.5615573023852,64.117395013355,64.117395013355,0
0,58.5615573023852,58.5615573023852,58.5615573023852,58.5615573023852,64.117395013355,58.5615573023852,58.5615573023852,58.5615573023852,64.117395013355,0,58.5615573023852,58.5615573023852,58.5615573023852,58.5615573023852,58.5615573023852,58.5615573023852,58.5615573023852,58.5615573023852,58.5615573023852,58.5615573023852,58.5615573023852,64.117395013355,64.117395013355,0
0,58.5615573023852,58.5615573023852,58.5615573023852,58.5615573023852,64.117395013355,58.5615573023852,58.5615573023852,58.5615573023852,64.117395013355,0,58.5615573023852,58.5615573023852,58.5615573023852,58.5615573023852,58.5615573023852,58.5615573023852,58.5615573023852,58.5615573023852,58.5615573023852,58.5615573023852,58.5615573023852,64.117395013355,64.117395013355,0
0,58.5615573023852,58.5615573023852,58.5615573023852,58.5615573023852,64.117395013355,58.5615573023852,58.5615573023852,58.5615573023852,64.117395013355,0,58.5615573023852,58.5615573023852,58.5615573023852,58.5615573023852,58.5615573023852,58.5615573023852,58.5615573023852,58.5615573023852,58.5615573023852,58.5615573023852,58.5615573023852,64.117395013355,64.117395013355,0
0,58.5615573023852,58.5615573023852,58.5615573023852,58.5615573023852,64.117395013355,58.5615573023852,58.5615573023852,58.5615573023852,64.117395013355,0,58.5615573023852,58.5615573023852,58.5615573023852,58.5615573023852,58.5615573023852,58.5615573023852,58.5615573023852,58.5615573023852,58.5615573023852,58.5615573023852,58.5615573023852,64.117395013355,64.117395013355,0
0,58.5615573023852,58.5615573023852,58.5615573023852,58.5615573023852,64.117395013355,58.5615573023852,58.5615573023852,58.5615573023852,64.117395013355,0,58.5615573023852,58.5615573023852,58.5615573023852,58.5615573023852,58.5615573023852,58.5615573023852,58.5615573023852,58.5615573023852,58.5615573023852,58.5615573023852,58.5615573023852,64.117395013355,64.117395013355,0
0,58.5615573023852,58.5615573023852,58.5615573023852,58.5615573023852,64.117395013355,58.5615573023852,58.5615573023852,58.5615573023852,64.117395013355,0,58.5615573023852,58.5615573023852,58.5615573023852,58.5615573023852,58.5615573023852,58.5615573023852,58.5615573023852,58.5615573023852,58.5615573023852,58.5615573023852,58.5615573023852,64.117395013355,64.117395013355,0
0,58.5615573023852,58.5615573023852,58.5615573023852,58.5615573023852,64.117395013355,58.5615573023852,58.5615573023852,58.5615573023852,64.117395013355,0,58.5615573023852,58.5615573023852,58.5615573023852,58.5615573023852,58.5615573023852,58.5615573023852,58.5615573023852,58.5615573023852,58.5615573023852,58.5615573023852,58.5615573023852,64.117395013355,64.117395013355,0
0,58.5615573023852,58.5615573023852,58.5615573023852,58.5615573023852,64.117395013355,58.5615573023852,58.5615573023852,58.5615573023852,64.117395013355,0,58.5615573023852,58.5615573023852,58.5615573023852,58.5615573023852,58.5615573023852,58.5615573023852,58.5615573023852,58.5615573023852,58.5615573023852,58.5615573023852,58.5615573023852,64.117395013355,64.117395013355,0
0,58.5615573023852,58.5615573023852,58.5615573023852,58.5615573023852,64.117395013355,58.5615573023852,58.5615573023852,58.5615573023852,64.117395013355,0,58.5615573023852,58.5615573023852,58.5615573023852,58.5615573023852,58.5615573023852,58.5615573023852,58.5615573023852,58.5615573023852,58.5615573023852,58.5615573023852,58.5615573023852,64.117395013355,64.117395013355,0
0,58.5615573023852,58.5615573023852,58.5615573023852,58.5615573023852,64.117395013355,58.5615573023852,58.5615573023852,58.5615573023852,64.117395013355,0,58.5615573023852,58.5615573023852,58.5615573023852,58.5615573023852,58.5615573023852,58.5615573023852,58.5615573023852,58.5615573023852,58.5615573023852,58.5615573023852,58.5615573023852,64.117395013355,64.117395013355,0
0,58.5615573023852,58.5615573023852,58.5615573023852,58.5615573023852,64.117395013355,58.5615573023852,58.5615573023852,58.5615573023852,64.117395013355,0,58.5615573023852,58.5615573023852,58.5615573023852,58.5615573023852,58.5615573023852,58.5615573023852,58.5615573023852,58.5615573023852,58.5615573023852,58.5615573023852,58.5615573023852,64.117395013355,64.117395013355,0
0,58.5615573023852,58.5615573023852,58.5615573023852,58.5615573023852,64.117395013355,58.5615573023852,58.5615573023852,58.5615573023852,64.117395013355,0,58.5615573023852,58.5615573023852,58.5615573023852,58.5615573023852,58.5615573023852,58.5615573023852,58.5615573023852,58.5615573023852,58.5615573023852,58.5615573023852,58.5615573023852,64.117395013355,64.117395013355,0
0,58.5615573023852,58.5615573023852,58.5615573023852,58.5615573023852,64.117395013355,58.5615573023852,58.5615573023852,58.5615573023852,64.117395013355,0,58.5615573023852,58.5615573023852,58.5615573023852,58.5615573023852,58.5615573023852,58.5615573023852,58.5615573023852,58.5615573023852,58.5615573023852,58.5615573023852,58.5615573023852,64.117395013355,64.117395013355,0
0,58.5615573023852,58.5615573023852,58.5615573023852,58.5615573023852,64.117395013355,58.5615573023852,58.5615573023852,58.5615573023852,64.117395013355,0,58.5615573023852,58.5615573023852,58.5615573023852,58.5615573023852,58.5615573023852,58.5615573023852,58.5615573023852,58.5615573023852,58.5615573023852,58.5615573023852,58.5615573023852,64.117395013355,64.117395013355,0
0,58.5615573023852,58.5615573023852,58.5615573023852,58.5615573023852,64.117395013355,58.5615573023852,58.5615573023852,58.5615573023852,64.117395013355,0,58.5615573023852,58.5615573023852,58.5615573023852,58.5615573023852,58.5615573023852,58.5615573023852,58.5615573023852,58.5615573023852,58.5615573023852,58.5615573023852,58.5615573023852,64.117395013355,64.117395013355,0
0,58.5615573023852,58.5615573023852,58.5615573023852,58.5615573023852,64.117395013355,58.5615573023852,58.5615573023852,58.5615573023852,64.117395013355,0,58.5615573023852,58.5615573023852,58.5615573023852,58.5615573023852,58.5615573023852,58.5615573023852,58.5615573023852,58.5615573023852,58.5615573023852,58.5615573023852,58.5615573023852,64.117395013355,64.117395013355,0
0,58.5615573023852,58.5615573023852,58.5615573023852,58.5615573023852,64.117395013355,58.5615573023852,58.5615573023852,58.5615573023852,64.117395013355,0,58.5615573023852,58.5615573023852,58.5615573023852,58.5615573023852,58.5615573023852,58.5615573023852,58.5615573023852,58.5615573023852,58.5615573023852,58.5615573023852,58.5615573023852,64.117395013355,64.117395013355,0
0,58.5615573023852,58.5615573023852,58.5615573023852,58.5615573023852,64.117395013355,58.5615573023852,58.5615573023852,58.5615573023852,64.117395013355,0,58.5615573023852,58.5615573023852,58.5615573023852,58.5615573023852,58.5615573023852,58.5615573023852,58.5615573023852,58.5615573023852,58.5615573023852,58.5615573023852,58.5615573023852,64.117395013355,64.117395013355,0
0,58.5615573023852,58.5615573023852,58.5615573023852,58.5615573023852,64.117395013355,58.5615573023852,58.5615573023852,58.5615573023852,64.117395013355,0,58.5615573023852,58.5615573023852,58.5615573023852,58.5615573023852,58.5615573023852,58.5615573023852,58.5615573023852,58.5615573023852,58.5615573023852,58.5615573023852,58.5615573023852,64.117395013355,64.117395013355,0
0,58.5615573023852,58.5615573023852,58.5615573023852,58.5615573023852,64.117395013355,58.5615573023852,58.5615573023852,58.5615573023852,64.117395013355,0,58.5615573023852,58.5615573023852,58.5615573023852,58.5615573023852,58.5615573023852,58.5615573023852,58.5615573023852,58.5615573023852,58.5615573023852,58.5615573023852,58.5615573023852,64.117395013355,64.117395013355,0
0,58.5615573023852,58.5615573023852,58.5615573023852,58.5615573023852,64.117395013355,58.5615573023852,58.5615573023852,58.5615573023852,64.117395013355,0,58.5615573023852,58.5615573023852,58.5615573023852,58.5615573023852,58.5615573023852,58.5615573023852,58.5615573023852,58.5615573023852,58.5615573023852,58.5615573023852,58.5615573023852,64.117395013355,64.117395013355,0
0,58.5615573023852,58.5615573023852,58.5615573023852,58.5615573023852,64.117395013355,58.5615573023852,58.5615573023852,58.5615573023852,64.117395013355,0,58.5615573023852,58.5615573023852,58.5615573023852,58.5615573023852,58.5615573023852,58.5615573023852,58.5615573023852,58.5615573023852,58.5615573023852,58.5615573023852,58.5615573023852,64.117395013355,64.117395013355,0
0,58.5615573023852,58.5615573023852,58.5615573023852,58.5615573023852,64.117395013355,58.5615573023852,58.5615573023852,58.5615573023852,64.117395013355,0,58.5615573023852,58.5615573023852,58.5615573023852,58.5615573023852,58.5615573023852,58.5615573023852,58.5615573023852,58.5615573023852,58.5615573023852,58.5615573023852,58.5615573023852,64.117395013355,64.117395013355,0
0,58.5615573023852,58.5615573023852,58.5615573023852,58.5615573023852,64.117395013355,58.5615573023852,58.5615573023852,58.5615573023852,64.117395013355,0,58.5615573023852,58.5615573023852,58.5615573023852,58.5615573023852,58.5615573023852,58.5615573023852,58.5615573023852,58.5615573023852,58.5615573023852,58.5615573023852,58.5615573023852,64.117395013355,64.117395013355,0
0,58.5615573023852,58.5615573023852,58.5615573023852,58.5615573023852,64.117395013355,58.5615573023852,58.5615573023852,58.5615573023852,64.117395013355,0,58.5615573023852,58.5615573023852,58.5615573023852,58.5615573023852,58.5615573023852,58.5615573023852,58.5615573023852,58.5615573023852,58.5615573023852,58.5615573023852,58.5615573023852,64.117395013355,64.117395013355,0
0,58.5615573023852,58.5615573023852,58.5615573023852,58.5615573023852,64.117395013355,58.5615573023852,58.5615573023852,58.5615573023852,64.117395013355,0,58.5615573023852,58.5615573023852,58.5615573023852,58.5615573023852,58.5615573023852,58.5615573023852,58.5615573023852,58.5615573023852,58.5615573023852,58.5615573023852,58.5615573023852,64.117395013355,64.117395013355,0
0,58.5615573023852,58.5615573023852,58.5615573023852,58.5615573023852,64.117395013355,58.5615573023852,58.5615573023852,58.5615573023852,64.117395013355,0,58.5615573023852,58.5615573023852,58.5615573023852,58.5615573023852,58.5615573023852,58.5615573023852,58.5615573023852,58.5615573023852,58.5615573023852,58.5615573023852,58.5615573023852,64.117395013355,64.117395013355,0
0,58.5615573023852,58.5615573023852,58.5615573023852,58.5615573023852,64.117395013355,58.5615573023852,58.5615573023852,58.5615573023852,64.117395013355,0,58.5615573023852,58.5615573023852,58.5615573023852,58.5615573023852,58.5615573023852,58.5615573023852,58.5615573023852,58.5615573023852,58.5615573023852,58.5615573023852,58.5615573023852,64.117395013355,64.117395013355,0
0,58.5615573023852,58.5615573023852,58.5615573023852,58.5615573023852,64.117395013355,58.5615573023852,58.5615573023852,58.5615573023852,64.117395013355,0,58.5615573023852,58.5615573023852,58.5615573023852,58.5615573023852,58.5615573023852,58.5615573023852,58.5615573023852,58.5615573023852,58.5615573023852,58.5615573023852,58.5615573023852,64.117395013355,64.117395013355,0
0,58.5615573023852,58.5615573023852,58.5615573023852,58.5615573023852,64.117395013355,58.5615573023852,58.5615573023852,58.5615573023852,64.117395013355,0,58.5615573023852,58.5615573023852,58.5615573023852,58.5615573023852,58.5615573023852,58.5615573023852,58.5615573023852,58.5615573023852,58.5615573023852,58.5615573023852,58.5615573023852,64.117395013355,64.117395013355,0
0,58.5615573023852,58.5615573023852,58.5615573023852,58.5615573023852,64.117395013355,58.5615573023852,58.5615573023852,58.5615573023852,64.117395013355,0,58.5615573023852,58.5615573023852,58.5615573023852,58.5615573023852,58.5615573023852,58.5615573023852,58.5615573023852,58.5615573023852,58.5615573023852,58.5615573023852,58.5615573023852,64.117395013355,64.117395013355,0
0,58.5615573023852,58.5615573023852,58.5615573023852,58.5615573023852,64.117395013355,58.5615573023852,58.5615573023852,58.5615573023852,64.117395013355,0,58.5615573023852,58.5615573023852,58.5615573023852,58.5615573023852,58.5615573023852,58.5615573023852,58.5615573023852,58.5615573023852,58.5615573023852,58.5615573023852,58.5615573023852,64.117395013355,64.117395013355,0
0,58.5615573023852,58.5615573023852,58.5615573023852,58.5615573023852,64.117395013355,58.5615573023852,58.5615573023852,58.5615573023852,64.117395013355,0,58.5615573023852,58.5615573023852,58.5615573023852,58.5615573023852,58.5615573023852,58.5615573023852,58.5615573023852,58.5615573023852,58.5615573023852,58.5615573023852,58.5615573023852,64.117395013355,64.117395013355,0
0,58.5615573023852,58.5615573023852,58.5615573023852,58.5615573023852,64.117395013355,58.5615573023852,58.5615573023852,58.5615573023852,64.117395013355,0,58.5615573023852,58.5615573023852,58.5615573023852,58.5615573023852,58.5615573023852,58.5615573023852,58.5615573023852,58.5615573023852,58.5615573023852,58.5615573023852,58.5615573023852,64.117395013355,64.117395013355,0
0,58.5615573023852,58.5615573023852,58.5615573023852,58.5615573023852,64.117395013355,58.5615573023852,58.5615573023852,58.5615573023852,64.117395013355,0,58.5615573023852,58.5615573023852,58.5615573023852,58.5615573023852,58.5615573023852,58.5615573023852,58.5615573023852,58.5615573023852,58.5615573023852,58.5615573023852,58.5615573023852,64.117395013355,64.117395013355,0
0,58.5615573023852,58.5615573023852,58.5615573023852,58.5615573023852,64.117395013355,58.5615573023852,58.5615573023852,58.5615573023852,64.117395013355,0,58.5615573023852,58.5615573023852,58.5615573023852,58.5615573023852,58.5615573023852,58.5615573023852,58.5615573023852,58.5615573023852,58.5615573023852,58.5615573023852,58.5615573023852,64.117395013355,64.117395013355,0
0,58.5615573023852,58.5615573023852,58.5615573023852,58.5615573023852,64.117395013355,58.5615573023852,58.5615573023852,58.5615573023852,64.117395013355,0,58.5615573023852,58.5615573023852,58.5615573023852,58.5615573023852,58.5615573023852,58.5615573023852,58.5615573023852,58.5615573023852,58.5615573023852,58.5615573023852,58.5615573023852,64.117395013355,64.117395013355,0
0,58.5615573023852,58.5615573023852,58.5615573023852,58.5615573023852,64.117395013355,58.5615573023852,58.5615573023852,58.5615573023852,64.117395013355,0,58.5615573023852,58.5615573023852,58.5615573023852,58.5615573023852,58.5615573023852,58.5615573023852,58.5615573023852,58.5615573023852,58.5615573023852,58.5615573023852,58.5615573023852,64.117395013355,64.117395013355,0
0,58.5615573023852,58.5615573023852,58.5615573023852,58.5615573023852,64.117395013355,58.5615573023852,58.5615573023852,58.5615573023852,64.117395013355,0,58.5615573023852,58.5615573023852,58.5615573023852,58.5615573023852,58.5615573023852,58.5615573023852,58.5615573023852,58.5615573023852,58.5615573023852,58.5615573023852,58.5615573023852,64.117395013355,64.117395013355,0
0,58.5615573023852,58.5615573023852,58.5615573023852,58.5615573023852,64.117395013355,58.5615573023852,58.5615573023852,58.5615573023852,64.117395013355,0,58.5615573023852,58.5615573023852,58.5615573023852,58.5615573023852,58.5615573023852,58.5615573023852,58.5615573023852,58.5615573023852,58.5615573023852,58.5615573023852,58.5615573023852,64.117395013355,64.117395013355,0
0,58.5615573023852,58.5615573023852,58.5615573023852,58.5615573023852,64.117395013355,58.5615573023852,58.5615573023852,58.5615573023852,64.117395013355,0,58.5615573023852,58.5615573023852,58.5615573023852,58.5615573023852,58.5615573023852,58.5615573023852,58.5615573023852,58.5615573023852,58.5615573023852,58.5615573023852,58.5615573023852,64.117395013355,64.117395013355,0
0,58.5615573023852,58.5615573023852,58.5615573023852,58.5615573023852,64.117395013355,58.5615573023852,58.5615573023852,58.5615573023852,64.117395013355,0,58.5615573023852,58.5615573023852,58.5615573023852,58.5615573023852,58.5615573023852,58.5615573023852,58.5615573023852,58.5615573023852,58.5615573023852,58.5615573023852,58.5615573023852,64.117395013355,64.117395013355,0
0,58.5615573023852,58.5615573023852,58.5615573023852,58.5615573023852,64.117395013355,58.5615573023852,58.5615573023852,58.5615573023852,64.117395013355,0,58.5615573023852,58.5615573023852,58.5615573023852,58.5615573023852,58.5615573023852,58.5615573023852,58.5615573023852,58.5615573023852,58.5615573023852,58.5615573023852,58.5615573023852,64.117395013355,64.117395013355,0
0,58.5615573023852,58.5615573023852,58.5615573023852,58.5615573023852,64.117395013355,58.5615573023852,58.5615573023852,58.5615573023852,64.117395013355,0,58.5615573023852,58.5615573023852,58.5615573023852,58.5615573023852,58.5615573023852,58.5615573023852,58.5615573023852,58.5615573023852,58.5615573023852,58.5615573023852,58.5615573023852,64.117395013355,64.117395013355,0
0,58.5615573023852,58.5615573023852,58.5615573023852,58.5615573023852,64.117395013355,58.5615573023852,58.5615573023852,58.5615573023852,64.117395013355,0,58.5615573023852,58.5615573023852,58.5615573023852,58.5615573023852,58.5615573023852,58.5615573023852,58.5615573023852,58.5615573023852,58.5615573023852,58.5615573023852,58.5615573023852,64.117395013355,64.117395013355,0
0,58.5615573023852,58.5615573023852,58.5615573023852,58.5615573023852,64.117395013355,58.5615573023852,58.5615573023852,58.5615573023852,64.117395013355,0,58.5615573023852,58.5615573023852,58.5615573023852,58.5615573023852,58.5615573023852,58.5615573023852,58.5615573023852,58.5615573023852,58.5615573023852,58.5615573023852,58.5615573023852,64.117395013355,64.117395013355,0
0,58.5615573023852,58.5615573023852,58.5615573023852,58.5615573023852,64.117395013355,58.5615573023852,58.5615573023852,58.5615573023852,64.117395013355,0,58.5615573023852,58.5615573023852,58.5615573023852,58.5615573023852,58.5615573023852,58.5615573023852,58.5615573023852,58.5615573023852,58.5615573023852,58.5615573023852,58.5615573023852,64.117395013355,64.117395013355,0
0,58.5615573023852,58.5615573023852,58.5615573023852,58.5615573023852,64.117395013355,58.5615573023852,58.5615573023852,58.5615573023852,64.117395013355,0,58.5615573023852,58.5615573023852,58.5615573023852,58.5615573023852,58.5615573023852,58.5615573023852,58.5615573023852,58.5615573023852,58.5615573023852,58.5615573023852,58.5615573023852,64.117395013355,64.117395013355,0
0,58.5615573023852,58.5615573023852,58.5615573023852,58.5615573023852,64.117395013355,58.5615573023852,58.5615573023852,58.5615573023852,64.117395013355,0,58.5615573023852,58.5615573023852,58.5615573023852,58.5615573023852,58.5615573023852,58.5615573023852,58.5615573023852,58.5615573023852,58.5615573023852,58.5615573023852,58.5615573023852,64.117395013355,64.117395013355,0
0,58.5615573023852,58.5615573023852,58.5615573023852,58.5615573023852,64.117395013355,58.5615573023852,58.5615573023852,58.5615573023852,64.117395013355,0,58.5615573023852,58.5615573023852,58.5615573023852,58.5615573023852,58.5615573023852,58.5615573023852,58.5615573023852,58.5615573023852,58.5615573023852,58.5615573023852,58.5615573023852,64.117395013355,64.117395013355,0
0,58.5615573023852,58.5615573023852,58.5615573023852,58.5615573023852,64.117395013355,58.5615573023852,58.5615573023852,58.5615573023852,64.117395013355,0,58.5615573023852,58.5615573023852,58.5615573023852,58.5615573023852,58.5615573023852,58.5615573023852,58.5615573023852,58.5615573023852,58.5615573023852,58.5615573023852,58.5615573023852,64.117395013355,64.117395013355,0
0,58.5615573023852,58.5615573023852,58.5615573023852,58.5615573023852,64.117395013355,58.5615573023852,58.5615573023852,58.5615573023852,64.117395013355,0,58.5615573023852,58.5615573023852,58.5615573023852,58.5615573023852,58.5615573023852,58.5615573023852,58.5615573023852,58.5615573023852,58.5615573023852,58.5615573023852,58.5615573023852,64.117395013355,64.117395013355,0
0,58.5615573023852,58.5615573023852,58.5615573023852,58.5615573023852,64.117395013355,58.5615573023852,58.5615573023852,58.5615573023852,64.117395013355,0,58.5615573023852,58.5615573023852,58.5615573023852,58.5615573023852,58.5615573023852,58.5615573023852,58.5615573023852,58.5615573023852,58.5615573023852,58.5615573023852,58.5615573023852,64.117395013355,64.117395013355,0
0,58.5615573023852,58.5615573023852,58.5615573023852,58.5615573023852,64.117395013355,58.5615573023852,58.5615573023852,58.5615573023852,64.117395013355,0,58.5615573023852,58.5615573023852,58.5615573023852,58.5615573023852,58.5615573023852,58.5615573023852,58.5615573023852,58.5615573023852,58.5615573023852,58.5615573023852,58.5615573023852,64.117395013355,64.117395013355,0
0,58.5615573023852,58.5615573023852,58.5615573023852,58.5615573023852,64.117395013355,58.5615573023852,58.5615573023852,58.5615573023852,64.117395013355,0,58.5615573023852,58.5615573023852,58.5615573023852,58.5615573023852,58.5615573023852,58.5615573023852,58.5615573023852,58.5615573023852,58.5615573023852,58.5615573023852,58.5615573023852,64.117395013355,64.117395013355,0
0,58.5615573023852,58.5615573023852,58.5615573023852,58.5615573023852,64.117395013355,58.5615573023852,58.5615573023852,58.5615573023852,64.117395013355,0,58.5615573023852,58.5615573023852,58.5615573023852,58.5615573023852,58.5615573023852,58.5615573023852,58.5615573023852,58.5615573023852,58.5615573023852,58.5615573023852,58.5615573023852,64.117395013355,64.117395013355,0
0,58.5615573023852,58.5615573023852,58.5615573023852,58.5615573023852,64.117395013355,58.5615573023852,58.5615573023852,58.5615573023852,64.117395013355,0,58.5615573023852,58.5615573023852,58.5615573023852,58.5615573023852,58.5615573023852,58.5615573023852,58.5615573023852,58.5615573023852,58.5615573023852,58.5615573023852,58.5615573023852,64.117395013355,64.117395013355,0
0,58.5615573023852,58.5615573023852,58.5615573023852,58.5615573023852,64.117395013355,58.5615573023852,58.5615573023852,58.5615573023852,64.117395013355,0,58.5615573023852,58.5615573023852,58.5615573023852,58.5615573023852,58.5615573023852,58.5615573023852,58.5615573023852,58.5615573023852,58.5615573023852,58.5615573023852,58.5615573023852,64.117395013355,64.117395013355,0
0,58.5615573023852,58.5615573023852,58.5615573023852,58.5615573023852,64.117395013355,58.5615573023852,58.5615573023852,58.5615573023852,64.117395013355,0,58.5615573023852,58.5615573023852,58.5615573023852,58.5615573023852,58.5615573023852,58.5615573023852,58.5615573023852,58.5615573023852,58.5615573023852,58.5615573023852,58.5615573023852,64.117395013355,64.117395013355,0
0,58.5615573023852,58.5615573023852,58.5615573023852,58.5615573023852,64.117395013355,58.5615573023852,58.5615573023852,58.5615573023852,64.117395013355,0,58.5615573023852,58.5615573023852,58.5615573023852,58.5615573023852,58.5615573023852,58.5615573023852,58.5615573023852,58.5615573023852,58.5615573023852,58.5615573023852,58.5615573023852,64.117395013355,64.117395013355,0
0,58.5615573023852,58.5615573023852,58.5615573023852,58.5615573023852,64.117395013355,58.5615573023852,58.5615573023852,58.5615573023852,64.117395013355,0,58.5615573023852,58.5615573023852,58.5615573023852,58.5615573023852,58.5615573023852,58.5615573023852,58.5615573023852,58.5615573023852,58.5615573023852,58.5615573023852,58.5615573023852,64.117395013355,64.117395013355,0
0,58.5615573023852,58.5615573023852,58.5615573023852,58.5615573023852,64.117395013355,58.5615573023852,58.5615573023852,58.5615573023852,64.117395013355,0,58.5615573023852,58.5615573023852,58.5615573023852,58.5615573023852,58.5615573023852,58.5615573023852,58.5615573023852,58.5615573023852,58.5615573023852,58.5615573023852,58.5615573023852,64.117395013355,64.117395013355,0
0,58.5615573023852,58.5615573023852,58.5615573023852,58.5615573023852,64.117395013355,58.5615573023852,58.5615573023852,58.5615573023852,64.117395013355,0,58.5615573023852,58.5615573023852,58.5615573023852,58.5615573023852,58.5615573023852,58.5615573023852,58.5615573023852,58.5615573023852,58.5615573023852,58.5615573023852,58.5615573023852,64.117395013355,64.117395013355,0
0,58.5615573023852,58.5615573023852,58.5615573023852,58.5615573023852,64.117395013355,58.5615573023852,58.5615573023852,58.5615573023852,64.117395013355,0,58.5615573023852,58.5615573023852,58.5615573023852,58.5615573023852,58.5615573023852,58.5615573023852,58.5615573023852,58.5615573023852,58.5615573023852,58.5615573023852,58.5615573023852,64.117395013355,64.117395013355,0
0,58.5615573023852,58.5615573023852,58.5615573023852,58.5615573023852,64.117395013355,58.5615573023852,58.5615573023852,58.5615573023852,64.117395013355,0,58.5615573023852,58.5615573023852,58.5615573023852,58.5615573023852,58.5615573023852,58.5615573023852,58.5615573023852,58.5615573023852,58.5615573023852,58.5615573023852,58.5615573023852,64.117395013355,64.117395013355,0
0,58.5615573023852,58.5615573023852,58.5615573023852,58.5615573023852,64.117395013355,58.5615573023852,58.5615573023852,58.5615573023852,64.117395013355,0,58.5615573023852,58.5615573023852,58.5615573023852,58.5615573023852,58.5615573023852,58.5615573023852,58.5615573023852,58.5615573023852,58.5615573023852,58.5615573023852,58.5615573023852,64.117395013355,64.117395013355,0
0,58.5615573023852,58.5615573023852,58.5615573023852,58.5615573023852,64.117395013355,58.5615573023852,58.5615573023852,58.5615573023852,64.117395013355,0,58.5615573023852,58.5615573023852,58.5615573023852,58.5615573023852,58.5615573023852,58.5615573023852,58.5615573023852,58.5615573023852,58.5615573023852,58.5615573023852,58.5615573023852,64.117395013355,64.117395013355,0
0,58.5615573023852,58.5615573023852,58.5615573023852,58.5615573023852,64.117395013355,58.5615573023852,58.5615573023852,58.5615573023852,64.117395013355,0,58.5615573023852,58.5615573023852,58.5615573023852,58.5615573023852,58.5615573023852,58.5615573023852,58.5615573023852,58.5615573023852,58.5615573023852,58.5615573023852,58.5615573023852,64.117395013355,64.117395013355,0
0,58.5615573023852,58.5615573023852,58.5615573023852,58.5615573023852,64.117395013355,58.5615573023852,58.5615573023852,58.5615573023852,64.117395013355,0,58.5615573023852,58.5615573023852,58.5615573023852,58.5615573023852,58.5615573023852,58.5615573023852,58.5615573023852,58.5615573023852,58.5615573023852,58.5615573023852,58.5615573023852,64.117395013355,64.117395013355,0
0,58.5615573023852,58.5615573023852,58.5615573023852,58.5615573023852,64.117395013355,58.5615573023852,58.5615573023852,58.5615573023852,64.117395013355,0,58.5615573023852,58.5615573023852,58.5615573023852,58.5615573023852,58.5615573023852,58.5615573023852,58.5615573023852,58.5615573023852,58.5615573023852,58.5615573023852,58.5615573023852,64.117395013355,64.117395013355,0
0,58.5615573023852,58.5615573023852,58.5615573023852,58.5615573023852,64.117395013355,58.5615573023852,58.5615573023852,58.5615573023852,64.117395013355,0,58.5615573023852,58.5615573023852,58.5615573023852,58.5615573023852,58.5615573023852,58.5615573023852,58.5615573023852,58.5615573023852,58.5615573023852,58.5615573023852,58.5615573023852,64.117395013355,64.117395013355,0
0,58.5615573023852,58.5615573023852,58.5615573023852,58.5615573023852,64.117395013355,58.5615573023852,58.5615573023852,58.5615573023852,64.117395013355,0,58.5615573023852,58.5615573023852,58.5615573023852,58.5615573023852,58.5615573023852,58.5615573023852,58.5615573023852,58.5615573023852,58.5615573023852,58.5615573023852,58.5615573023852,64.117395013355,64.117395013355,0
0,58.5615573023852,58.5615573023852,58.5615573023852,58.5615573023852,64.117395013355,58.5615573023852,58.5615573023852,58.5615573023852,64.117395013355,0,58.5615573023852,58.5615573023852,58.5615573023852,58.5615573023852,58.5615573023852,58.5615573023852,58.5615573023852,58.5615573023852,58.5615573023852,58.5615573023852,58.5615573023852,64.117395013355,64.117395013355,0
0,58.5615573023852,58.5615573023852,58.5615573023852,58.5615573023852,64.117395013355,58.5615573023852,58.5615573023852,58.5615573023852,64.117395013355,0,58.5615573023852,58.5615573023852,58.5615573023852,58.5615573023852,58.5615573023852,58.5615573023852,58.5615573023852,58.5615573023852,58.5615573023852,58.5615573023852,58.5615573023852,64.117395013355,64.117395013355,0
0,58.5615573023852,58.5615573023852,58.5615573023852,58.5615573023852,64.117395013355,58.5615573023852,58.5615573023852,58.5615573023852,64.117395013355,0,58.5615573023852,58.5615573023852,58.5615573023852,58.5615573023852,58.5615573023852,58.5615573023852,58.5615573023852,58.5615573023852,58.5615573023852,58.5615573023852,58.5615573023852,64.117395013355,64.117395013355,0
0,58.5615573023852,58.5615573023852,58.5615573023852,58.5615573023852,64.117395013355,58.5615573023852,58.5615573023852,58.5615573023852,64.117395013355,0,58.5615573023852,58.5615573023852,58.5615573023852,58.5615573023852,58.5615573023852,58.5615573023852,58.5615573023852,58.5615573023852,58.5615573023852,58.5615573023852,58.5615573023852,64.117395013355,64.117395013355,0
0,58.5615573023852,58.5615573023852,58.5615573023852,58.5615573023852,64.117395013355,58.5615573023852,58.5615573023852,58.5615573023852,64.117395013355,0,58.5615573023852,58.5615573023852,58.5615573023852,58.5615573023852,58.5615573023852,58.5615573023852,58.5615573023852,58.5615573023852,58.5615573023852,58.5615573023852,58.5615573023852,64.117395013355,64.117395013355,0
0,58.5615573023852,58.5615573023852,58.5615573023852,58.5615573023852,64.117395013355,58.5615573023852,58.5615573023852,58.5615573023852,64.117395013355,0,58.5615573023852,58.5615573023852,58.5615573023852,58.5615573023852,58.5615573023852,58.5615573023852,58.5615573023852,58.5615573023852,58.5615573023852,58.5615573023852,58.5615573023852,64.117395013355,64.117395013355,0
0,58.5615573023852,58.5615573023852,58.5615573023852,58.5615573023852,64.117395013355,58.5615573023852,58.5615573023852,58.5615573023852,64.117395013355,0,58.5615573023852,58.5615573023852,58.5615573023852,58.5615573023852,58.5615573023852,58.5615573023852,58.5615573023852,58.5615573023852,58.5615573023852,58.5615573023852,58.5615573023852,64.117395013355,64.117395013355,0
0,58.5615573023852,58.5615573023852,58.5615573023852,58.5615573023852,64.117395013355,58.5615573023852,58.5615573023852,58.5615573023852,64.117395013355,0,58.5615573023852,58.5615573023852,58.5615573023852,58.5615573023852,58.5615573023852,58.5615573023852,58.5615573023852,58.5615573023852,58.5615573023852,58.5615573023852,58.5615573023852,64.117395013355,64.117395013355,0
0,58.5615573023852,58.5615573023852,58.5615573023852,58.5615573023852,64.117395013355,58.5615573023852,58.5615573023852,58.5615573023852,64.117395013355,0,58.5615573023852,58.5615573023852,58.5615573023852,58.5615573023852,58.5615573023852,58.5615573023852,58.5615573023852,58.5615573023852,58.5615573023852,58.5615573023852,58.5615573023852,64.117395013355,64.117395013355,0
0,58.5615573023852,58.5615573023852,58.5615573023852,58.5615573023852,64.117395013355,58.5615573023852,58.5615573023852,58.5615573023852,64.117395013355,0,58.5615573023852,58.5615573023852,58.5615573023852,58.5615573023852,58.5615573023852,58.5615573023852,58.5615573023852,58.5615573023852,58.5615573023852,58.5615573023852,58.5615573023852,64.117395013355,64.117395013355,0
0,58.5615573023852,58.5615573023852,58.5615573023852,58.5615573023852,64.117395013355,58.5615573023852,58.5615573023852,58.5615573023852,64.117395013355,0,58.5615573023852,58.5615573023852,58.5615573023852,58.5615573023852,58.5615573023852,58.5615573023852,58.5615573023852,58.5615573023852,58.5615573023852,58.5615573023852,58.5615573023852,64.117395013355,64.117395013355,0
0,58.5615573023852,58.5615573023852,58.5615573023852,58.5615573023852,64.117395013355,58.5615573023852,58.5615573023852,58.5615573023852,64.117395013355,0,58.5615573023852,58.5615573023852,58.5615573023852,58.5615573023852,58.5615573023852,58.5615573023852,58.5615573023852,58.5615573023852,58.5615573023852,58.5615573023852,58.5615573023852,64.117395013355,64.117395013355,0
0,58.5615573023852,58.5615573023852,58.5615573023852,58.5615573023852,64.117395013355,58.5615573023852,58.5615573023852,58.5615573023852,64.117395013355,0,58.5615573023852,58.5615573023852,58.5615573023852,58.5615573023852,58.5615573023852,58.5615573023852,58.5615573023852,58.5615573023852,58.5615573023852,58.5615573023852,58.5615573023852,64.117395013355,64.117395013355,0
0,58.5615573023852,58.5615573023852,58.5615573023852,58.5615573023852,64.117395013355,58.5615573023852,58.5615573023852,58.5615573023852,64.117395013355,0,58.5615573023852,58.5615573023852,58.5615573023852,58.5615573023852,58.5615573023852,58.5615573023852,58.5615573023852,58.5615573023852,58.5615573023852,58.5615573023852,58.5615573023852,64.117395013355,64.117395013355,0
0,58.5615573023852,58.5615573023852,58.5615573023852,58.5615573023852,64.117395013355,58.5615573023852,58.5615573023852,58.5615573023852,64.117395013355,0,58.5615573023852,58.5615573023852,58.5615573023852,58.5615573023852,58.5615573023852,58.5615573023852,58.5615573023852,58.5615573023852,58.5615573023852,58.5615573023852,58.5615573023852,64.117395013355,64.117395013355,0
0,58.5615573023852,58.5615573023852,58.5615573023852,58.5615573023852,64.117395013355,58.5615573023852,58.5615573023852,58.5615573023852,64.117395013355,0,58.5615573023852,58.5615573023852,58.5615573023852,58.5615573023852,58.5615573023852,58.5615573023852,58.5615573023852,58.5615573023852,58.5615573023852,58.5615573023852,58.5615573023852,64.117395013355,64.117395013355,0
0,58.5615573023852,58.5615573023852,58.5615573023852,58.5615573023852,64.117395013355,58.5615573023852,58.5615573023852,58.5615573023852,64.117395013355,0,58.5615573023852,58.5615573023852,58.5615573023852,58.5615573023852,58.5615573023852,58.5615573023852,58.5615573023852,58.5615573023852,58.5615573023852,58.5615573023852,58.5615573023852,64.117395013355,64.117395013355,0
0,58.5615573023852,58.5615573023852,58.5615573023852,58.5615573023852,64.117395013355,58.5615573023852,58.5615573023852,58.5615573023852,64.117395013355,0,58.5615573023852,58.5615573023852,58.5615573023852,58.5615573023852,58.5615573023852,58.5615573023852,58.5615573023852,58.5615573023852,58.5615573023852,58.5615573023852,58.5615573023852,64.117395013355,64.117395013355,0
0,58.5615573023852,58.5615573023852,58.5615573023852,58.5615573023852,64.117395013355,58.5615573023852,58.5615573023852,58.5615573023852,64.117395013355,0,58.5615573023852,58.5615573023852,58.5615573023852,58.5615573023852,58.5615573023852,58.5615573023852,58.5615573023852,58.5615573023852,58.5615573023852,58.5615573023852,58.5615573023852,64.117395013355,64.117395013355,0
0,58.5615573023852,58.5615573023852,58.5615573023852,58.5615573023852,64.117395013355,58.5615573023852,58.5615573023852,58.5615573023852,64.117395013355,0,58.5615573023852,58.5615573023852,58.5615573023852,58.5615573023852,58.5615573023852,58.5615573023852,58.5615573023852,58.5615573023852,58.5615573023852,58.5615573023852,58.5615573023852,64.117395013355,64.117395013355,0
0,58.5615573023852,58.5615573023852,58.5615573023852,58.5615573023852,64.117395013355,58.5615573023852,58.5615573023852,58.5615573023852,64.117395013355,0,58.5615573023852,58.5615573023852,58.5615573023852,58.5615573023852,58.5615573023852,58.5615573023852,58.5615573023852,58.5615573023852,58.5615573023852,58.5615573023852,58.5615573023852,64.117395013355,64.117395013355,0
0,58.5615573023852,58.5615573023852,58.5615573023852,58.5615573023852,64.117395013355,58.5615573023852,58.5615573023852,58.5615573023852,64.117395013355,0,58.5615573023852,58.5615573023852,58.5615573023852,58.5615573023852,58.5615573023852,58.5615573023852,58.5615573023852,58.5615573023852,58.5615573023852,58.5615573023852,58.5615573023852,64.117395013355,64.117395013355,0
0,58.5615573023852,58.5615573023852,58.5615573023852,58.5615573023852,64.117395013355,58.5615573023852,58.5615573023852,58.5615573023852,64.117395013355,0,58.5615573023852,58.5615573023852,58.5615573023852,58.5615573023852,58.5615573023852,58.5615573023852,58.5615573023852,58.5615573023852,58.5615573023852,58.5615573023852,58.5615573023852,64.117395013355,64.117395013355,0
0,58.5615573023852,58.5615573023852,58.5615573023852,58.5615573023852,64.117395013355,58.5615573023852,58.5615573023852,58.5615573023852,64.117395013355,0,58.5615573023852,58.5615573023852,58.5615573023852,58.5615573023852,58.5615573023852,58.5615573023852,58.5615573023852,58.5615573023852,58.5615573023852,58.5615573023852,58.5615573023852,64.117395013355,64.117395013355,0
0,58.5615573023852,58.5615573023852,58.5615573023852,58.5615573023852,64.117395013355,58.5615573023852,58.5615573023852,58.5615573023852,64.117395013355,0,58.5615573023852,58.5615573023852,58.5615573023852,58.5615573023852,58.5615573023852,58.5615573023852,58.5615573023852,58.5615573023852,58.5615573023852,58.5615573023852,58.5615573023852,64.117395013355,64.117395013355,0
0,58.5615573023852,58.5615573023852,58.5615573023852,58.5615573023852,64.117395013355,58.5615573023852,58.5615573023852,58.5615573023852,64.117395013355,0,58.5615573023852,58.5615573023852,58.5615573023852,58.5615573023852,58.5615573023852,58.5615573023852,58.5615573023852,58.5615573023852,58.5615573023852,58.5615573023852,58.5615573023852,64.117395013355,64.117395013355,0
0,58.5615573023852,58.5615573023852,58.5615573023852,58.5615573023852,64.117395013355,58.5615573023852,58.5615573023852,58.5615573023852,64.117395013355,0,58.5615573023852,58.5615573023852,58.5615573023852,58.5615573023852,58.5615573023852,58.5615573023852,58.5615573023852,58.5615573023852,58.5615573023852,58.5615573023852,58.5615573023852,64.117395013355,64.117395013355,0
0,58.5615573023852,58.5615573023852,58.5615573023852,58.5615573023852,64.117395013355,58.5615573023852,58.5615573023852,58.5615573023852,64.117395013355,0,58.5615573023852,58.5615573023852,58.5615573023852,58.5615573023852,58.5615573023852,58.5615573023852,58.5615573023852,58.5615573023852,58.5615573023852,58.5615573023852,58.5615573023852,64.117395013355,64.117395013355,0
0,58.5615573023852,58.5615573023852,58.5615573023852,58.5615573023852,64.117395013355,58.5615573023852,58.5615573023852,58.5615573023852,64.117395013355,0,58.5615573023852,58.5615573023852,58.5615573023852,58.5615573023852,58.5615573023852,58.5615573023852,58.5615573023852,58.5615573023852,58.5615573023852,58.5615573023852,58.5615573023852,64.117395013355,64.117395013355,0
0,58.5615573023852,58.5615573023852,58.5615573023852,58.5615573023852,64.117395013355,58.5615573023852,58.5615573023852,58.5615573023852,64.117395013355,0,58.5615573023852,58.5615573023852,58.5615573023852,58.5615573023852,58.5615573023852,58.5615573023852,58.5615573023852,58.5615573023852,58.5615573023852,58.5615573023852,58.5615573023852,64.117395013355,64.117395013355,0
0,58.5615573023852,58.5615573023852,58.5615573023852,58.5615573023852,64.117395013355,58.5615573023852,58.5615573023852,58.5615573023852,64.117395013355,0,58.5615573023852,58.5615573023852,58.5615573023852,58.5615573023852,58.5615573023852,58.5615573023852,58.5615573023852,58.5615573023852,58.5615573023852,58.5615573023852,58.5615573023852,64.117395013355,64.117395013355,0
0,58.5615573023852,58.5615573023852,58.5615573023852,58.5615573023852,64.117395013355,58.5615573023852,58.5615573023852,58.5615573023852,64.117395013355,0,58.5615573023852,58.5615573023852,58.5615573023852,58.5615573023852,58.5615573023852,58.5615573023852,58.5615573023852,58.5615573023852,58.5615573023852,58.5615573023852,58.5615573023852,64.117395013355,64.117395013355,0
0,58.5615573023852,58.5615573023852,58.5615573023852,58.5615573023852,64.117395013355,58.5615573023852,58.5615573023852,58.5615573023852,64.117395013355,0,58.5615573023852,58.5615573023852,58.5615573023852,58.5615573023852,58.5615573023852,58.5615573023852,58.5615573023852,58.5615573023852,58.5615573023852,58.5615573023852,58.5615573023852,64.117395013355,64.117395013355,0
0,58.5615573023852,58.5615573023852,58.5615573023852,58.5615573023852,64.117395013355,58.5615573023852,58.5615573023852,58.5615573023852,64.117395013355,0,58.5615573023852,58.5615573023852,58.5615573023852,58.5615573023852,58.5615573023852,58.5615573023852,58.5615573023852,58.5615573023852,58.5615573023852,58.5615573023852,58.5615573023852,64.117395013355,64.117395013355,0
0,58.5615573023852,58.5615573023852,58.5615573023852,58.5615573023852,64.117395013355,58.5615573023852,58.5615573023852,58.5615573023852,64.117395013355,0,58.5615573023852,58.5615573023852,58.5615573023852,58.5615573023852,58.5615573023852,58.5615573023852,58.5615573023852,58.5615573023852,58.5615573023852,58.5615573023852,58.5615573023852,64.117395013355,64.117395013355,0
0,58.5615573023852,58.5615573023852,58.5615573023852,58.5615573023852,64.117395013355,58.5615573023852,58.5615573023852,58.5615573023852,64.117395013355,0,58.5615573023852,58.5615573023852,58.5615573023852,58.5615573023852,58.5615573023852,58.5615573023852,58.5615573023852,58.5615573023852,58.5615573023852,58.5615573023852,58.5615573023852,64.117395013355,64.117395013355,0
0,58.5615573023852,58.5615573023852,58.5615573023852,58.5615573023852,64.117395013355,58.5615573023852,58.5615573023852,58.5615573023852,64.117395013355,0,58.5615573023852,58.5615573023852,58.5615573023852,58.5615573023852,58.5615573023852,58.5615573023852,58.5615573023852,58.5615573023852,58.5615573023852,58.5615573023852,58.5615573023852,64.117395013355,64.117395013355,0
0,58.5615573023852,58.5615573023852,58.5615573023852,58.5615573023852,64.117395013355,58.5615573023852,58.5615573023852,58.5615573023852,64.117395013355,0,58.5615573023852,58.5615573023852,58.5615573023852,58.5615573023852,58.5615573023852,58.5615573023852,58.5615573023852,58.5615573023852,58.5615573023852,58.5615573023852,58.5615573023852,64.117395013355,64.117395013355,0
0,58.5615573023852,58.5615573023852,58.5615573023852,58.5615573023852,64.117395013355,58.5615573023852,58.5615573023852,58.5615573023852,64.117395013355,0,58.5615573023852,58.5615573023852,58.5615573023852,58.5615573023852,58.5615573023852,58.5615573023852,58.5615573023852,58.5615573023852,58.5615573023852,58.5615573023852,58.5615573023852,64.117395013355,64.117395013355,0
0,58.5615573023852,58.5615573023852,58.5615573023852,58.5615573023852,64.117395013355,58.5615573023852,58.5615573023852,58.5615573023852,64.117395013355,0,58.5615573023852,58.5615573023852,58.5615573023852,58.5615573023852,58.5615573023852,58.5615573023852,58.5615573023852,58.5615573023852,58.5615573023852,58.5615573023852,58.5615573023852,64.117395013355,64.117395013355,0
0,58.5615573023852,58.5615573023852,58.5615573023852,58.5615573023852,64.117395013355,58.5615573023852,58.5615573023852,58.5615573023852,64.117395013355,0,58.5615573023852,58.5615573023852,58.5615573023852,58.5615573023852,58.5615573023852,58.5615573023852,58.5615573023852,58.5615573023852,58.5615573023852,58.5615573023852,58.5615573023852,64.117395013355,64.117395013355,0
0,58.5615573023852,58.5615573023852,58.5615573023852,58.5615573023852,64.117395013355,58.5615573023852,58.5615573023852,58.5615573023852,64.117395013355,0,58.5615573023852,58.5615573023852,58.5615573023852,58.5615573023852,58.5615573023852,58.5615573023852,58.5615573023852,58.5615573023852,58.5615573023852,58.5615573023852,58.5615573023852,64.117395013355,64.117395013355,0
0,58.5615573023852,58.5615573023852,58.5615573023852,58.5615573023852,64.117395013355,58.5615573023852,58.5615573023852,58.5615573023852,64.117395013355,0,58.5615573023852,58.5615573023852,58.5615573023852,58.5615573023852,58.5615573023852,58.5615573023852,58.5615573023852,58.5615573023852,58.5615573023852,58.5615573023852,58.5615573023852,64.117395013355,64.117395013355,0
0,58.5615573023852,58.5615573023852,58.5615573023852,58.5615573023852,64.117395013355,58.5615573023852,58.5615573023852,58.5615573023852,64.117395013355,0,58.5615573023852,58.5615573023852,58.5615573023852,58.5615573023852,58.5615573023852,58.5615573023852,58.5615573023852,58.5615573023852,58.5615573023852,58.5615573023852,58.5615573023852,64.117395013355,64.117395013355,0
0,58.5615573023852,58.5615573023852,58.5615573023852,58.5615573023852,64.117395013355,58.5615573023852,58.5615573023852,58.5615573023852,64.117395013355,0,58.5615573023852,58.5615573023852,58.5615573023852,58.5615573023852,58.5615573023852,58.5615573023852,58.5615573023852,58.5615573023852,58.5615573023852,58.5615573023852,58.5615573023852,64.117395013355,64.117395013355,0
0,58.5615573023852,58.5615573023852,58.5615573023852,58.5615573023852,64.117395013355,58.5615573023852,58.5615573023852,58.5615573023852,64.117395013355,0,58.5615573023852,58.5615573023852,58.5615573023852,58.5615573023852,58.5615573023852,58.5615573023852,58.5615573023852,58.5615573023852,58.5615573023852,58.5615573023852,58.5615573023852,64.117395013355,64.117395013355,0
0,58.5615573023852,58.5615573023852,58.5615573023852,58.5615573023852,64.117395013355,58.5615573023852,58.5615573023852,58.5615573023852,64.117395013355,0,58.5615573023852,58.5615573023852,58.5615573023852,58.5615573023852,58.5615573023852,58.5615573023852,58.5615573023852,58.5615573023852,58.5615573023852,58.5615573023852,58.5615573023852,64.117395013355,64.117395013355,0
0,58.5615573023852,58.5615573023852,58.5615573023852,58.5615573023852,64.117395013355,58.5615573023852,58.5615573023852,58.5615573023852,64.117395013355,0,58.5615573023852,58.5615573023852,58.5615573023852,58.5615573023852,58.5615573023852,58.5615573023852,58.5615573023852,58.5615573023852,58.5615573023852,58.5615573023852,58.5615573023852,64.117395013355,64.117395013355,0
0,58.5615573023852,58.5615573023852,58.5615573023852,58.5615573023852,64.117395013355,58.5615573023852,58.5615573023852,58.5615573023852,64.117395013355,0,58.5615573023852,58.5615573023852,58.5615573023852,58.5615573023852,58.5615573023852,58.5615573023852,58.5615573023852,58.5615573023852,58.5615573023852,58.5615573023852,58.5615573023852,64.117395013355,64.117395013355,0
0,58.5615573023852,58.5615573023852,58.5615573023852,58.5615573023852,64.117395013355,58.5615573023852,58.5615573023852,58.5615573023852,64.117395013355,0,58.5615573023852,58.5615573023852,58.5615573023852,58.5615573023852,58.5615573023852,58.5615573023852,58.5615573023852,58.5615573023852,58.5615573023852,58.5615573023852,58.5615573023852,64.117395013355,64.117395013355,0
0,58.5615573023852,58.5615573023852,58.5615573023852,58.5615573023852,64.117395013355,58.5615573023852,58.5615573023852,58.5615573023852,64.117395013355,0,58.5615573023852,58.5615573023852,58.5615573023852,58.5615573023852,58.5615573023852,58.5615573023852,58.5615573023852,58.5615573023852,58.5615573023852,58.5615573023852,58.5615573023852,64.117395013355,64.117395013355,0
0,58.5615573023852,58.5615573023852,58.5615573023852,58.5615573023852,64.117395013355,58.5615573023852,58.5615573023852,58.5615573023852,64.117395013355,0,58.5615573023852,58.5615573023852,58.5615573023852,58.5615573023852,58.5615573023852,58.5615573023852,58.5615573023852,58.5615573023852,58.5615573023852,58.5615573023852,58.5615573023852,64.117395013355,64.117395013355,0
0,58.5615573023852,58.5615573023852,58.5615573023852,58.5615573023852,64.117395013355,58.5615573023852,58.5615573023852,58.5615573023852,64.117395013355,0,58.5615573023852,58.5615573023852,58.5615573023852,58.5615573023852,58.5615573023852,58.5615573023852,58.5615573023852,58.5615573023852,58.5615573023852,58.5615573023852,58.5615573023852,64.117395013355,64.117395013355,0
0,58.5615573023852,58.5615573023852,58.5615573023852,58.5615573023852,64.117395013355,58.5615573023852,58.5615573023852,58.5615573023852,64.117395013355,0,58.5615573023852,58.5615573023852,58.5615573023852,58.5615573023852,58.5615573023852,58.5615573023852,58.5615573023852,58.5615573023852,58.5615573023852,58.5615573023852,58.5615573023852,64.117395013355,64.117395013355,0
0,58.5615573023852,58.5615573023852,58.5615573023852,58.5615573023852,64.117395013355,58.5615573023852,58.5615573023852,58.5615573023852,64.117395013355,0,58.5615573023852,58.5615573023852,58.5615573023852,58.5615573023852,58.5615573023852,58.5615573023852,58.5615573023852,58.5615573023852,58.5615573023852,58.5615573023852,58.5615573023852,64.117395013355,64.117395013355,0
0,58.5615573023852,58.5615573023852,58.5615573023852,58.5615573023852,64.117395013355,58.5615573023852,58.5615573023852,58.5615573023852,64.117395013355,0,58.5615573023852,58.5615573023852,58.5615573023852,58.5615573023852,58.5615573023852,58.5615573023852,58.5615573023852,58.5615573023852,58.5615573023852,58.5615573023852,58.5615573023852,64.117395013355,64.117395013355,0
0,58.5615573023852,58.5615573023852,58.5615573023852,58.5615573023852,64.117395013355,58.5615573023852,58.5615573023852,58.5615573023852,64.117395013355,0,58.5615573023852,58.5615573023852,58.5615573023852,58.5615573023852,58.5615573023852,58.5615573023852,58.5615573023852,58.5615573023852,58.5615573023852,58.5615573023852,58.5615573023852,64.117395013355,64.117395013355,0
0,58.5615573023852,58.5615573023852,58.5615573023852,58.5615573023852,64.117395013355,58.5615573023852,58.5615573023852,58.5615573023852,64.117395013355,0,58.5615573023852,58.5615573023852,58.5615573023852,58.5615573023852,58.5615573023852,58.5615573023852,58.5615573023852,58.5615573023852,58.5615573023852,58.5615573023852,58.5615573023852,64.117395013355,64.117395013355,0
0,58.5615573023852,58.5615573023852,58.5615573023852,58.5615573023852,64.117395013355,58.5615573023852,58.5615573023852,58.5615573023852,64.117395013355,0,58.5615573023852,58.5615573023852,58.5615573023852,58.5615573023852,58.5615573023852,58.5615573023852,58.5615573023852,58.5615573023852,58.5615573023852,58.5615573023852,58.5615573023852,64.117395013355,64.117395013355,0
0,58.5615573023852,58.5615573023852,58.5615573023852,58.5615573023852,64.117395013355,58.5615573023852,58.5615573023852,58.5615573023852,64.117395013355,0,58.5615573023852,58.5615573023852,58.5615573023852,58.5615573023852,58.5615573023852,58.5615573023852,58.5615573023852,58.5615573023852,58.5615573023852,58.5615573023852,58.5615573023852,64.117395013355,64.117395013355,0
0,58.5615573023852,58.5615573023852,58.5615573023852,58.5615573023852,64.117395013355,58.5615573023852,58.5615573023852,58.5615573023852,64.117395013355,0,58.5615573023852,58.5615573023852,58.5615573023852,58.5615573023852,58.5615573023852,58.5615573023852,58.5615573023852,58.5615573023852,58.5615573023852,58.5615573023852,58.5615573023852,64.117395013355,64.117395013355,0
0,58.5615573023852,58.5615573023852,58.5615573023852,58.5615573023852,64.117395013355,58.5615573023852,58.5615573023852,58.5615573023852,64.117395013355,0,58.5615573023852,58.5615573023852,58.5615573023852,58.5615573023852,58.5615573023852,58.5615573023852,58.5615573023852,58.5615573023852,58.5615573023852,58.5615573023852,58.5615573023852,64.117395013355,64.117395013355,0
0,58.5615573023852,58.5615573023852,58.5615573023852,58.5615573023852,64.117395013355,58.5615573023852,58.5615573023852,58.5615573023852,64.117395013355,0,58.5615573023852,58.5615573023852,58.5615573023852,58.5615573023852,58.5615573023852,58.5615573023852,58.5615573023852,58.5615573023852,58.5615573023852,58.5615573023852,58.5615573023852,64.117395013355,64.117395013355,0
0,58.5615573023852,58.5615573023852,58.5615573023852,58.5615573023852,64.117395013355,58.5615573023852,58.5615573023852,58.5615573023852,64.117395013355,0,58.5615573023852,58.5615573023852,58.5615573023852,58.5615573023852,58.5615573023852,58.5615573023852,58.5615573023852,58.5615573023852,58.5615573023852,58.5615573023852,58.5615573023852,64.117395013355,64.117395013355,0
0,58.5615573023852,58.5615573023852,58.5615573023852,58.5615573023852,64.117395013355,58.5615573023852,58.5615573023852,58.5615573023852,64.117395013355,0,58.5615573023852,58.5615573023852,58.5615573023852,58.5615573023852,58.5615573023852,58.5615573023852,58.5615573023852,58.5615573023852,58.5615573023852,58.5615573023852,58.5615573023852,64.117395013355,64.117395013355,0
0,58.5615573023852,58.5615573023852,58.5615573023852,58.5615573023852,64.117395013355,58.5615573023852,58.5615573023852,58.5615573023852,64.117395013355,0,58.5615573023852,58.5615573023852,58.5615573023852,58.5615573023852,58.5615573023852,58.5615573023852,58.5615573023852,58.5615573023852,58.5615573023852,58.5615573023852,58.5615573023852,64.117395013355,64.117395013355,0
0,58.5615573023852,58.5615573023852,58.5615573023852,58.5615573023852,64.117395013355,58.5615573023852,58.5615573023852,58.5615573023852,64.117395013355,0,58.5615573023852,58.5615573023852,58.5615573023852,58.5615573023852,58.5615573023852,58.5615573023852,58.5615573023852,58.5615573023852,58.5615573023852,58.5615573023852,58.5615573023852,64.117395013355,64.117395013355,0
0,58.5615573023852,58.5615573023852,58.5615573023852,58.5615573023852,64.117395013355,58.5615573023852,58.5615573023852,58.5615573023852,64.117395013355,0,58.5615573023852,58.5615573023852,58.5615573023852,58.5615573023852,58.5615573023852,58.5615573023852,58.5615573023852,58.5615573023852,58.5615573023852,58.5615573023852,58.5615573023852,64.117395013355,64.117395013355,0
0,58.5615573023852,58.5615573023852,58.5615573023852,58.5615573023852,64.117395013355,58.5615573023852,58.5615573023852,58.5615573023852,64.117395013355,0,58.5615573023852,58.5615573023852,58.5615573023852,58.5615573023852,58.5615573023852,58.5615573023852,58.5615573023852,58.5615573023852,58.5615573023852,58.5615573023852,58.5615573023852,64.117395013355,64.117395013355,0
0,58.5615573023852,58.5615573023852,58.5615573023852,58.5615573023852,64.117395013355,58.5615573023852,58.5615573023852,58.5615573023852,64.117395013355,0,58.5615573023852,58.5615573023852,58.5615573023852,58.5615573023852,58.5615573023852,58.5615573023852,58.5615573023852,58.5615573023852,58.5615573023852,58.5615573023852,58.5615573023852,64.117395013355,64.117395013355,0
0,58.5615573023852,58.5615573023852,58.5615573023852,58.5615573023852,64.117395013355,58.5615573023852,58.5615573023852,58.5615573023852,64.117395013355,0,58.5615573023852,58.5615573023852,58.5615573023852,58.5615573023852,58.5615573023852,58.5615573023852,58.5615573023852,58.5615573023852,58.5615573023852,58.5615573023852,58.5615573023852,64.117395013355,64.117395013355,0
0,58.5615573023852,58.5615573023852,58.5615573023852,58.5615573023852,64.117395013355,58.5615573023852,58.5615573023852,58.5615573023852,64.117395013355,0,58.5615573023852,58.5615573023852,58.5615573023852,58.5615573023852,58.5615573023852,58.5615573023852,58.5615573023852,58.5615573023852,58.5615573023852,58.5615573023852,58.5615573023852,64.117395013355,64.117395013355,0
0,58.5615573023852,58.5615573023852,58.5615573023852,58.5615573023852,64.117395013355,58.5615573023852,58.5615573023852,58.5615573023852,64.117395013355,0,58.5615573023852,58.5615573023852,58.5615573023852,58.5615573023852,58.5615573023852,58.5615573023852,58.5615573023852,58.5615573023852,58.5615573023852,58.5615573023852,58.5615573023852,64.117395013355,64.117395013355,0
0,58.5615573023852,58.5615573023852,58.5615573023852,58.5615573023852,64.117395013355,58.5615573023852,58.5615573023852,58.5615573023852,64.117395013355,0,58.5615573023852,58.5615573023852,58.5615573023852,58.5615573023852,58.5615573023852,58.5615573023852,58.5615573023852,58.5615573023852,58.5615573023852,58.5615573023852,58.5615573023852,64.117395013355,64.117395013355,0
0,58.5615573023852,58.5615573023852,58.5615573023852,58.5615573023852,64.117395013355,58.5615573023852,58.5615573023852,58.5615573023852,64.117395013355,0,58.5615573023852,58.5615573023852,58.5615573023852,58.5615573023852,58.5615573023852,58.5615573023852,58.5615573023852,58.5615573023852,58.5615573023852,58.5615573023852,58.5615573023852,64.117395013355,64.117395013355,0
0,58.5615573023852,58.5615573023852,58.5615573023852,58.5615573023852,64.117395013355,58.5615573023852,58.5615573023852,58.5615573023852,64.117395013355,0,58.5615573023852,58.5615573023852,58.5615573023852,58.5615573023852,58.5615573023852,58.5615573023852,58.5615573023852,58.5615573023852,58.5615573023852,58.5615573023852,58.5615573023852,64.117395013355,64.117395013355,0
0,58.5615573023852,58.5615573023852,58.5615573023852,58.5615573023852,64.117395013355,58.5615573023852,58.5615573023852,58.5615573023852,64.117395013355,0,58.5615573023852,58.5615573023852,58.5615573023852,58.5615573023852,58.5615573023852,58.5615573023852,58.5615573023852,58.5615573023852,58.5615573023852,58.5615573023852,58.5615573023852,64.117395013355,64.117395013355,0
0,58.5615573023852,58.5615573023852,58.5615573023852,58.5615573023852,64.117395013355,58.5615573023852,58.5615573023852,58.5615573023852,64.117395013355,0,58.5615573023852,58.5615573023852,58.5615573023852,58.5615573023852,58.5615573023852,58.5615573023852,58.5615573023852,58.5615573023852,58.5615573023852,58.5615573023852,58.5615573023852,64.117395013355,64.117395013355,0
0,58.5615573023852,58.5615573023852,58.5615573023852,58.5615573023852,64.117395013355,58.5615573023852,58.5615573023852,58.5615573023852,64.117395013355,0,58.5615573023852,58.5615573023852,58.5615573023852,58.5615573023852,58.5615573023852,58.5615573023852,58.5615573023852,58.5615573023852,58.5615573023852,58.5615573023852,58.5615573023852,64.117395013355,64.117395013355,0
0,58.5615573023852,58.5615573023852,58.5615573023852,58.5615573023852,64.117395013355,58.5615573023852,58.5615573023852,58.5615573023852,64.117395013355,0,58.5615573023852,58.5615573023852,58.5615573023852,58.5615573023852,58.5615573023852,58.5615573023852,58.5615573023852,58.5615573023852,58.5615573023852,58.5615573023852,58.5615573023852,64.117395013355,64.117395013355,0
0,58.5615573023852,58.5615573023852,58.5615573023852,58.5615573023852,64.117395013355,58.5615573023852,58.5615573023852,58.5615573023852,64.117395013355,0,58.5615573023852,58.5615573023852,58.5615573023852,58.5615573023852,58.5615573023852,58.5615573023852,58.5615573023852,58.5615573023852,58.5615573023852,58.5615573023852,58.5615573023852,64.117395013355,64.117395013355,0
0,58.5615573023852,58.5615573023852,58.5615573023852,58.5615573023852,64.117395013355,58.5615573023852,58.5615573023852,58.5615573023852,64.117395013355,0,58.5615573023852,58.5615573023852,58.5615573023852,58.5615573023852,58.5615573023852,58.5615573023852,58.5615573023852,58.5615573023852,58.5615573023852,58.5615573023852,58.5615573023852,64.117395013355,64.117395013355,0
0,58.5615573023852,58.5615573023852,58.5615573023852,58.5615573023852,64.117395013355,58.5615573023852,58.5615573023852,58.5615573023852,64.117395013355,0,58.5615573023852,58.5615573023852,58.5615573023852,58.5615573023852,58.5615573023852,58.5615573023852,58.5615573023852,58.5615573023852,58.5615573023852,58.5615573023852,58.5615573023852,64.117395013355,64.117395013355,0
0,58.5615573023852,58.5615573023852,58.5615573023852,58.5615573023852,64.117395013355,58.5615573023852,58.5615573023852,58.5615573023852,64.117395013355,0,58.5615573023852,58.5615573023852,58.5615573023852,58.5615573023852,58.5615573023852,58.5615573023852,58.5615573023852,58.5615573023852,58.5615573023852,58.5615573023852,58.5615573023852,64.117395013355,64.117395013355,0
0,58.5615573023852,58.5615573023852,58.5615573023852,58.5615573023852,64.117395013355,58.5615573023852,58.5615573023852,58.5615573023852,64.117395013355,0,58.5615573023852,58.5615573023852,58.5615573023852,58.5615573023852,58.5615573023852,58.5615573023852,58.5615573023852,58.5615573023852,58.5615573023852,58.5615573023852,58.5615573023852,64.117395013355,64.117395013355,0
0,58.5615573023852,58.5615573023852,58.5615573023852,58.5615573023852,64.117395013355,58.5615573023852,58.5615573023852,58.5615573023852,64.117395013355,0,58.5615573023852,58.5615573023852,58.5615573023852,58.5615573023852,58.5615573023852,58.5615573023852,58.5615573023852,58.5615573023852,58.5615573023852,58.5615573023852,58.5615573023852,64.117395013355,64.117395013355,0
0,58.5615573023852,58.5615573023852,58.5615573023852,58.5615573023852,64.117395013355,58.5615573023852,58.5615573023852,58.5615573023852,64.117395013355,0,58.5615573023852,58.5615573023852,58.5615573023852,58.5615573023852,58.5615573023852,58.5615573023852,58.5615573023852,58.5615573023852,58.5615573023852,58.5615573023852,58.5615573023852,64.117395013355,64.117395013355,0
0,58.5615573023852,58.5615573023852,58.5615573023852,58.5615573023852,64.117395013355,58.5615573023852,58.5615573023852,58.5615573023852,64.117395013355,0,58.5615573023852,58.5615573023852,58.5615573023852,58.5615573023852,58.5615573023852,58.5615573023852,58.5615573023852,58.5615573023852,58.5615573023852,58.5615573023852,58.5615573023852,64.117395013355,64.117395013355,0
0,58.5615573023852,58.5615573023852,58.5615573023852,58.5615573023852,64.117395013355,58.5615573023852,58.5615573023852,58.5615573023852,64.117395013355,0,58.5615573023852,58.5615573023852,58.5615573023852,58.5615573023852,58.5615573023852,58.5615573023852,58.5615573023852,58.5615573023852,58.5615573023852,58.5615573023852,58.5615573023852,64.117395013355,64.117395013355,0
0,58.5615573023852,58.5615573023852,58.5615573023852,58.5615573023852,64.117395013355,58.5615573023852,58.5615573023852,58.5615573023852,64.117395013355,0,58.5615573023852,58.5615573023852,58.5615573023852,58.5615573023852,58.5615573023852,58.5615573023852,58.5615573023852,58.5615573023852,58.5615573023852,58.5615573023852,58.5615573023852,64.117395013355,64.117395013355,0
0,58.5615573023852,58.5615573023852,58.5615573023852,58.5615573023852,64.117395013355,58.5615573023852,58.5615573023852,58.5615573023852,64.117395013355,0,58.5615573023852,58.5615573023852,58.5615573023852,58.5615573023852,58.5615573023852,58.5615573023852,58.5615573023852,58.5615573023852,58.5615573023852,58.5615573023852,58.5615573023852,64.117395013355,64.117395013355,0
0,58.5615573023852,58.5615573023852,58.5615573023852,58.5615573023852,64.117395013355,58.5615573023852,58.5615573023852,58.5615573023852,64.117395013355,0,58.5615573023852,58.5615573023852,58.5615573023852,58.5615573023852,58.5615573023852,58.5615573023852,58.5615573023852,58.5615573023852,58.5615573023852,58.5615573023852,58.5615573023852,64.117395013355,64.117395013355,0
0,58.5615573023852,58.5615573023852,58.5615573023852,58.5615573023852,64.117395013355,58.5615573023852,58.5615573023852,58.5615573023852,64.117395013355,0,58.5615573023852,58.5615573023852,58.5615573023852,58.5615573023852,58.5615573023852,58.5615573023852,58.5615573023852,58.5615573023852,58.5615573023852,58.5615573023852,58.5615573023852,64.117395013355,64.117395013355,0
0,58.5615573023852,58.5615573023852,58.5615573023852,58.5615573023852,64.117395013355,58.5615573023852,58.5615573023852,58.5615573023852,64.117395013355,0,58.5615573023852,58.5615573023852,58.5615573023852,58.5615573023852,58.5615573023852,58.5615573023852,58.5615573023852,58.5615573023852,58.5615573023852,58.5615573023852,58.5615573023852,64.117395013355,64.117395013355,0
0,58.5615573023852,58.5615573023852,58.5615573023852,58.5615573023852,64.117395013355,58.5615573023852,58.5615573023852,58.5615573023852,64.117395013355,0,58.5615573023852,58.5615573023852,58.5615573023852,58.5615573023852,58.5615573023852,58.5615573023852,58.5615573023852,58.5615573023852,58.5615573023852,58.5615573023852,58.5615573023852,64.117395013355,64.117395013355,0
0,58.5615573023852,58.5615573023852,58.5615573023852,58.5615573023852,64.117395013355,58.5615573023852,58.5615573023852,58.5615573023852,64.117395013355,0,58.5615573023852,58.5615573023852,58.5615573023852,58.5615573023852,58.5615573023852,58.5615573023852,58.5615573023852,58.5615573023852,58.5615573023852,58.5615573023852,58.5615573023852,64.117395013355,64.117395013355,0
0,58.5615573023852,58.5615573023852,58.5615573023852,58.5615573023852,64.117395013355,58.5615573023852,58.5615573023852,58.5615573023852,64.117395013355,0,58.5615573023852,58.5615573023852,58.5615573023852,58.5615573023852,58.5615573023852,58.5615573023852,58.5615573023852,58.5615573023852,58.5615573023852,58.5615573023852,58.5615573023852,64.117395013355,64.117395013355,0
0,58.5615573023852,58.5615573023852,58.5615573023852,58.5615573023852,64.117395013355,58.5615573023852,58.5615573023852,58.5615573023852,64.117395013355,0,58.5615573023852,58.5615573023852,58.5615573023852,58.5615573023852,58.5615573023852,58.5615573023852,58.5615573023852,58.5615573023852,58.5615573023852,58.5615573023852,58.5615573023852,64.117395013355,64.117395013355,0
0,58.5615573023852,58.5615573023852,58.5615573023852,58.5615573023852,64.117395013355,58.5615573023852,58.5615573023852,58.5615573023852,64.117395013355,0,58.5615573023852,58.5615573023852,58.5615573023852,58.5615573023852,58.5615573023852,58.5615573023852,58.5615573023852,58.5615573023852,58.5615573023852,58.5615573023852,58.5615573023852,64.117395013355,64.117395013355,0
0,58.5615573023852,58.5615573023852,58.5615573023852,58.5615573023852,64.117395013355,58.5615573023852,58.5615573023852,58.5615573023852,64.117395013355,0,58.5615573023852,58.5615573023852,58.5615573023852,58.5615573023852,58.5615573023852,58.5615573023852,58.5615573023852,58.5615573023852,58.5615573023852,58.5615573023852,58.5615573023852,64.117395013355,64.117395013355,0
0,58.5615573023852,58.5615573023852,58.5615573023852,58.5615573023852,64.117395013355,58.5615573023852,58.5615573023852,58.5615573023852,64.117395013355,0,58.5615573023852,58.5615573023852,58.5615573023852,58.5615573023852,58.5615573023852,58.5615573023852,58.5615573023852,58.5615573023852,58.5615573023852,58.5615573023852,58.5615573023852,64.117395013355,64.117395013355,0
0,58.5615573023852,58.5615573023852,58.5615573023852,58.5615573023852,64.117395013355,58.5615573023852,58.5615573023852,58.5615573023852,64.117395013355,0,58.5615573023852,58.5615573023852,58.5615573023852,58.5615573023852,58.5615573023852,58.5615573023852,58.5615573023852,58.5615573023852,58.5615573023852,58.5615573023852,58.5615573023852,64.117395013355,64.117395013355,0
0,58.5615573023852,58.5615573023852,58.5615573023852,58.5615573023852,64.117395013355,58.5615573023852,58.5615573023852,58.5615573023852,64.117395013355,0,58.5615573023852,58.5615573023852,58.5615573023852,58.5615573023852,58.5615573023852,58.5615573023852,58.5615573023852,58.5615573023852,58.5615573023852,58.5615573023852,58.5615573023852,64.117395013355,64.117395013355,0
0,58.5615573023852,58.5615573023852,58.5615573023852,58.5615573023852,64.117395013355,58.5615573023852,58.5615573023852,58.5615573023852,64.117395013355,0,58.5615573023852,58.5615573023852,58.5615573023852,58.5615573023852,58.5615573023852,58.5615573023852,58.5615573023852,58.5615573023852,58.5615573023852,58.5615573023852,58.5615573023852,64.117395013355,64.117395013355,0
0,58.5615573023852,58.5615573023852,58.5615573023852,58.5615573023852,64.117395013355,58.5615573023852,58.5615573023852,58.5615573023852,64.117395013355,0,58.5615573023852,58.5615573023852,58.5615573023852,58.5615573023852,58.5615573023852,58.5615573023852,58.5615573023852,58.5615573023852,58.5615573023852,58.5615573023852,58.5615573023852,64.117395013355,64.117395013355,0
0,58.5615573023852,58.5615573023852,58.5615573023852,58.5615573023852,64.117395013355,58.5615573023852,58.5615573023852,58.5615573023852,64.117395013355,0,58.5615573023852,58.5615573023852,58.5615573023852,58.5615573023852,58.5615573023852,58.5615573023852,58.5615573023852,58.5615573023852,58.5615573023852,58.5615573023852,58.5615573023852,64.117395013355,64.117395013355,0
0,58.5615573023852,58.5615573023852,58.5615573023852,58.5615573023852,64.117395013355,58.5615573023852,58.5615573023852,58.5615573023852,64.117395013355,0,58.5615573023852,58.5615573023852,58.5615573023852,58.5615573023852,58.5615573023852,58.5615573023852,58.5615573023852,58.5615573023852,58.5615573023852,58.5615573023852,58.5615573023852,64.117395013355,64.117395013355,0
0,58.5615573023852,58.5615573023852,58.5615573023852,58.5615573023852,64.117395013355,58.5615573023852,58.5615573023852,58.5615573023852,64.117395013355,0,58.5615573023852,58.5615573023852,58.5615573023852,58.5615573023852,58.5615573023852,58.5615573023852,58.5615573023852,58.5615573023852,58.5615573023852,58.5615573023852,58.5615573023852,64.117395013355,64.117395013355,0
0,58.5615573023852,58.5615573023852,58.5615573023852,58.5615573023852,64.117395013355,58.5615573023852,58.5615573023852,58.5615573023852,64.117395013355,0,58.5615573023852,58.5615573023852,58.5615573023852,58.5615573023852,58.5615573023852,58.5615573023852,58.5615573023852,58.5615573023852,58.5615573023852,58.5615573023852,58.5615573023852,64.117395013355,64.117395013355,0
0,58.5615573023852,58.5615573023852,58.5615573023852,58.5615573023852,64.117395013355,58.5615573023852,58.5615573023852,58.5615573023852,64.117395013355,0,58.5615573023852,58.5615573023852,58.5615573023852,58.5615573023852,58.5615573023852,58.5615573023852,58.5615573023852,58.5615573023852,58.5615573023852,58.5615573023852,58.5615573023852,64.117395013355,64.117395013355,0
0,58.5615573023852,58.5615573023852,58.5615573023852,58.5615573023852,64.117395013355,58.5615573023852,58.5615573023852,58.5615573023852,64.117395013355,0,58.5615573023852,58.5615573023852,58.5615573023852,58.5615573023852,58.5615573023852,58.5615573023852,58.5615573023852,58.5615573023852,58.5615573023852,58.5615573023852,58.5615573023852,64.117395013355,64.117395013355,0
0,58.5615573023852,58.5615573023852,58.5615573023852,58.5615573023852,64.117395013355,58.5615573023852,58.5615573023852,58.5615573023852,64.117395013355,0,58.5615573023852,58.5615573023852,58.5615573023852,58.5615573023852,58.5615573023852,58.5615573023852,58.5615573023852,58.5615573023852,58.5615573023852,58.5615573023852,58.5615573023852,64.117395013355,64.117395013355,0
0,58.5615573023852,58.5615573023852,58.5615573023852,58.5615573023852,64.117395013355,58.5615573023852,58.5615573023852,58.5615573023852,64.117395013355,0,58.5615573023852,58.5615573023852,58.5615573023852,58.5615573023852,58.5615573023852,58.5615573023852,58.5615573023852,58.5615573023852,58.5615573023852,58.5615573023852,58.5615573023852,64.117395013355,64.117395013355,0
0,58.5615573023852,58.5615573023852,58.5615573023852,58.5615573023852,64.117395013355,58.5615573023852,58.5615573023852,58.5615573023852,64.117395013355,0,58.5615573023852,58.5615573023852,58.5615573023852,58.5615573023852,58.5615573023852,58.5615573023852,58.5615573023852,58.5615573023852,58.5615573023852,58.5615573023852,58.5615573023852,64.117395013355,64.117395013355,0
0,58.5615573023852,58.5615573023852,58.5615573023852,58.5615573023852,64.117395013355,58.5615573023852,58.5615573023852,58.5615573023852,64.117395013355,0,58.5615573023852,58.5615573023852,58.5615573023852,58.5615573023852,58.5615573023852,58.5615573023852,58.5615573023852,58.5615573023852,58.5615573023852,58.5615573023852,58.5615573023852,64.117395013355,64.117395013355,0
0,58.5615573023852,58.5615573023852,58.5615573023852,58.5615573023852,64.117395013355,58.5615573023852,58.5615573023852,58.5615573023852,64.117395013355,0,58.5615573023852,58.5615573023852,58.5615573023852,58.5615573023852,58.5615573023852,58.5615573023852,58.5615573023852,58.5615573023852,58.5615573023852,58.5615573023852,58.5615573023852,64.117395013355,64.117395013355,0
0,58.5615573023852,58.5615573023852,58.5615573023852,58.5615573023852,64.117395013355,58.5615573023852,58.5615573023852,58.5615573023852,64.117395013355,0,58.5615573023852,58.5615573023852,58.5615573023852,58.5615573023852,58.5615573023852,58.5615573023852,58.5615573023852,58.5615573023852,58.5615573023852,58.5615573023852,58.5615573023852,64.117395013355,64.117395013355,0
0,58.5615573023852,58.5615573023852,58.5615573023852,58.5615573023852,64.117395013355,58.5615573023852,58.5615573023852,58.5615573023852,64.117395013355,0,58.5615573023852,58.5615573023852,58.5615573023852,58.5615573023852,58.5615573023852,58.5615573023852,58.5615573023852,58.5615573023852,58.5615573023852,58.5615573023852,58.5615573023852,64.117395013355,64.117395013355,0
0,58.5615573023852,58.5615573023852,58.5615573023852,58.5615573023852,64.117395013355,58.5615573023852,58.5615573023852,58.5615573023852,64.117395013355,0,58.5615573023852,58.5615573023852,58.5615573023852,58.5615573023852,58.5615573023852,58.5615573023852,58.5615573023852,58.5615573023852,58.5615573023852,58.5615573023852,58.5615573023852,64.117395013355,64.117395013355,0
0,58.5615573023852,58.5615573023852,58.5615573023852,58.5615573023852,64.117395013355,58.5615573023852,58.5615573023852,58.5615573023852,64.117395013355,0,58.5615573023852,58.5615573023852,58.5615573023852,58.5615573023852,58.5615573023852,58.5615573023852,58.5615573023852,58.5615573023852,58.5615573023852,58.5615573023852,58.5615573023852,64.117395013355,64.117395013355,0
0,58.5615573023852,58.5615573023852,58.5615573023852,58.5615573023852,64.117395013355,58.5615573023852,58.5615573023852,58.5615573023852,64.117395013355,0,58.5615573023852,58.5615573023852,58.5615573023852,58.5615573023852,58.5615573023852,58.5615573023852,58.5615573023852,58.5615573023852,58.5615573023852,58.5615573023852,58.5615573023852,64.117395013355,64.117395013355,0
0,58.5615573023852,58.5615573023852,58.5615573023852,58.5615573023852,64.117395013355,58.5615573023852,58.5615573023852,58.5615573023852,64.117395013355,0,58.5615573023852,58.5615573023852,58.5615573023852,58.5615573023852,58.5615573023852,58.5615573023852,58.5615573023852,58.5615573023852,58.5615573023852,58.5615573023852,58.5615573023852,64.117395013355,64.117395013355,0
0,58.5615573023852,58.5615573023852,58.5615573023852,58.5615573023852,64.117395013355,58.5615573023852,58.5615573023852,58.5615573023852,64.117395013355,0,58.5615573023852,58.5615573023852,58.5615573023852,58.5615573023852,58.5615573023852,58.5615573023852,58.5615573023852,58.5615573023852,58.5615573023852,58.5615573023852,58.5615573023852,64.117395013355,64.117395013355,0
0,58.5615573023852,58.5615573023852,58.5615573023852,58.5615573023852,64.117395013355,58.5615573023852,58.5615573023852,58.5615573023852,64.117395013355,0,58.5615573023852,58.5615573023852,58.5615573023852,58.5615573023852,58.5615573023852,58.5615573023852,58.5615573023852,58.5615573023852,58.5615573023852,58.5615573023852,58.5615573023852,64.117395013355,64.117395013355,0
0,58.5615573023852,58.5615573023852,58.5615573023852,58.5615573023852,64.117395013355,58.5615573023852,58.5615573023852,58.5615573023852,64.117395013355,0,58.5615573023852,58.5615573023852,58.5615573023852,58.5615573023852,58.5615573023852,58.5615573023852,58.5615573023852,58.5615573023852,58.5615573023852,58.5615573023852,58.5615573023852,64.117395013355,64.117395013355,0
0,58.5615573023852,58.5615573023852,58.5615573023852,58.5615573023852,64.117395013355,58.5615573023852,58.5615573023852,58.5615573023852,64.117395013355,0,58.5615573023852,58.5615573023852,58.5615573023852,58.5615573023852,58.5615573023852,58.5615573023852,58.5615573023852,58.5615573023852,58.5615573023852,58.5615573023852,58.5615573023852,64.117395013355,64.117395013355,0
0,58.5615573023852,58.5615573023852,58.5615573023852,58.5615573023852,64.117395013355,58.5615573023852,58.5615573023852,58.5615573023852,64.117395013355,0,58.5615573023852,58.5615573023852,58.5615573023852,58.5615573023852,58.5615573023852,58.5615573023852,58.5615573023852,58.5615573023852,58.5615573023852,58.5615573023852,58.5615573023852,64.117395013355,64.117395013355,0
0,58.5615573023852,58.5615573023852,58.5615573023852,58.5615573023852,64.117395013355,58.5615573023852,58.5615573023852,58.5615573023852,64.117395013355,0,58.5615573023852,58.5615573023852,58.5615573023852,58.5615573023852,58.5615573023852,58.5615573023852,58.5615573023852,58.5615573023852,58.5615573023852,58.5615573023852,58.5615573023852,64.117395013355,64.117395013355,0
0,58.5615573023852,58.5615573023852,58.5615573023852,58.5615573023852,64.117395013355,58.5615573023852,58.5615573023852,58.5615573023852,64.117395013355,0,58.5615573023852,58.5615573023852,58.5615573023852,58.5615573023852,58.5615573023852,58.5615573023852,58.5615573023852,58.5615573023852,58.5615573023852,58.5615573023852,58.5615573023852,64.117395013355,64.117395013355,0
0,58.5615573023852,58.5615573023852,58.5615573023852,58.5615573023852,64.117395013355,58.5615573023852,58.5615573023852,58.5615573023852,64.117395013355,0,58.5615573023852,58.5615573023852,58.5615573023852,58.5615573023852,58.5615573023852,58.5615573023852,58.5615573023852,58.5615573023852,58.5615573023852,58.5615573023852,58.5615573023852,64.117395013355,64.117395013355,0
0,58.5615573023852,58.5615573023852,58.5615573023852,58.5615573023852,64.117395013355,58.5615573023852,58.5615573023852,58.5615573023852,64.117395013355,0,58.5615573023852,58.5615573023852,58.5615573023852,58.5615573023852,58.5615573023852,58.5615573023852,58.5615573023852,58.5615573023852,58.5615573023852,58.5615573023852,58.5615573023852,64.117395013355,64.117395013355,0
0,58.5615573023852,58.5615573023852,58.5615573023852,58.5615573023852,64.117395013355,58.5615573023852,58.5615573023852,58.5615573023852,64.117395013355,0,58.5615573023852,58.5615573023852,58.5615573023852,58.5615573023852,58.5615573023852,58.5615573023852,58.5615573023852,58.5615573023852,58.5615573023852,58.5615573023852,58.5615573023852,64.117395013355,64.117395013355,0
0,58.5615573023852,58.5615573023852,58.5615573023852,58.5615573023852,64.117395013355,58.5615573023852,58.5615573023852,58.5615573023852,64.117395013355,0,58.5615573023852,58.5615573023852,58.5615573023852,58.5615573023852,58.5615573023852,58.5615573023852,58.5615573023852,58.5615573023852,58.5615573023852,58.5615573023852,58.5615573023852,64.117395013355,64.117395013355,0
0,58.5615573023852,58.5615573023852,58.5615573023852,58.5615573023852,64.117395013355,58.5615573023852,58.5615573023852,58.5615573023852,64.117395013355,0,58.5615573023852,58.5615573023852,58.5615573023852,58.5615573023852,58.5615573023852,58.5615573023852,58.5615573023852,58.5615573023852,58.5615573023852,58.5615573023852,58.5615573023852,64.117395013355,64.117395013355,0
0,58.5615573023852,58.5615573023852,58.5615573023852,58.5615573023852,64.117395013355,58.5615573023852,58.5615573023852,58.5615573023852,64.117395013355,0,58.5615573023852,58.5615573023852,58.5615573023852,58.5615573023852,58.5615573023852,58.5615573023852,58.5615573023852,58.5615573023852,58.5615573023852,58.5615573023852,58.5615573023852,64.117395013355,64.117395013355,0
0,58.5615573023852,58.5615573023852,58.5615573023852,58.5615573023852,64.117395013355,58.5615573023852,58.5615573023852,58.5615573023852,64.117395013355,0,58.5615573023852,58.5615573023852,58.5615573023852,58.5615573023852,58.5615573023852,58.5615573023852,58.5615573023852,58.5615573023852,58.5615573023852,58.5615573023852,58.5615573023852,64.117395013355,64.117395013355,0
0,58.5615573023852,58.5615573023852,58.5615573023852,58.5615573023852,64.117395013355,58.5615573023852,58.5615573023852,58.5615573023852,64.117395013355,0,58.5615573023852,58.5615573023852,58.5615573023852,58.5615573023852,58.5615573023852,58.5615573023852,58.5615573023852,58.5615573023852,58.5615573023852,58.5615573023852,58.5615573023852,64.117395013355,64.117395013355,0
0,58.5615573023852,58.5615573023852,58.5615573023852,58.5615573023852,64.117395013355,58.5615573023852,58.5615573023852,58.5615573023852,64.117395013355,0,58.5615573023852,58.5615573023852,58.5615573023852,58.5615573023852,58.5615573023852,58.5615573023852,58.5615573023852,58.5615573023852,58.5615573023852,58.5615573023852,58.5615573023852,64.117395013355,64.117395013355,0
0,58.5615573023852,58.5615573023852,58.5615573023852,58.5615573023852,64.117395013355,58.5615573023852,58.5615573023852,58.5615573023852,64.117395013355,0,58.5615573023852,58.5615573023852,58.5615573023852,58.5615573023852,58.5615573023852,58.5615573023852,58.5615573023852,58.5615573023852,58.5615573023852,58.5615573023852,58.5615573023852,64.117395013355,64.117395013355,0
0,58.5615573023852,58.5615573023852,58.5615573023852,58.5615573023852,64.117395013355,58.5615573023852,58.5615573023852,58.5615573023852,64.117395013355,0,58.5615573023852,58.5615573023852,58.5615573023852,58.5615573023852,58.5615573023852,58.5615573023852,58.5615573023852,58.5615573023852,58.5615573023852,58.5615573023852,58.5615573023852,64.117395013355,64.117395013355,0
0,58.5615573023852,58.5615573023852,58.5615573023852,58.5615573023852,64.117395013355,58.5615573023852,58.5615573023852,58.5615573023852,64.117395013355,0,58.5615573023852,58.5615573023852,58.5615573023852,58.5615573023852,58.5615573023852,58.5615573023852,58.5615573023852,58.5615573023852,58.5615573023852,58.5615573023852,58.5615573023852,64.117395013355,64.117395013355,0
0,58.5615573023852,58.5615573023852,58.5615573023852,58.5615573023852,64.117395013355,58.5615573023852,58.5615573023852,58.5615573023852,64.117395013355,0,58.5615573023852,58.5615573023852,58.5615573023852,58.5615573023852,58.5615573023852,58.5615573023852,58.5615573023852,58.5615573023852,58.5615573023852,58.5615573023852,58.5615573023852,64.117395013355,64.117395013355,0
0,58.5615573023852,58.5615573023852,58.5615573023852,58.5615573023852,64.117395013355,58.5615573023852,58.5615573023852,58.5615573023852,64.117395013355,0,58.5615573023852,58.5615573023852,58.5615573023852,58.5615573023852,58.5615573023852,58.5615573023852,58.5615573023852,58.5615573023852,58.5615573023852,58.5615573023852,58.5615573023852,64.117395013355,64.117395013355,0
0,58.5615573023852,58.5615573023852,58.5615573023852,58.5615573023852,64.117395013355,58.5615573023852,58.5615573023852,58.5615573023852,64.117395013355,0,58.5615573023852,58.5615573023852,58.5615573023852,58.5615573023852,58.5615573023852,58.5615573023852,58.5615573023852,58.5615573023852,58.5615573023852,58.5615573023852,58.5615573023852,64.117395013355,64.117395013355,0
0,58.5615573023852,58.5615573023852,58.5615573023852,58.5615573023852,64.117395013355,58.5615573023852,58.5615573023852,58.5615573023852,64.117395013355,0,58.5615573023852,58.5615573023852,58.5615573023852,58.5615573023852,58.5615573023852,58.5615573023852,58.5615573023852,58.5615573023852,58.5615573023852,58.5615573023852,58.5615573023852,64.117395013355,64.117395013355,0
0,58.5615573023852,58.5615573023852,58.5615573023852,58.5615573023852,64.117395013355,58.5615573023852,58.5615573023852,58.5615573023852,64.117395013355,0,58.5615573023852,58.5615573023852,58.5615573023852,58.5615573023852,58.5615573023852,58.5615573023852,58.5615573023852,58.5615573023852,58.5615573023852,58.5615573023852,58.5615573023852,64.117395013355,64.117395013355,0
0,58.5615573023852,58.5615573023852,58.5615573023852,58.5615573023852,64.117395013355,58.5615573023852,58.5615573023852,58.5615573023852,64.117395013355,0,58.5615573023852,58.5615573023852,58.5615573023852,58.5615573023852,58.5615573023852,58.5615573023852,58.5615573023852,58.5615573023852,58.5615573023852,58.5615573023852,58.5615573023852,64.117395013355,64.117395013355,0
0,58.5615573023852,58.5615573023852,58.5615573023852,58.5615573023852,64.117395013355,58.5615573023852,58.5615573023852,58.5615573023852,64.117395013355,0,58.5615573023852,58.5615573023852,58.5615573023852,58.5615573023852,58.5615573023852,58.5615573023852,58.5615573023852,58.5615573023852,58.5615573023852,58.5615573023852,58.5615573023852,64.117395013355,64.117395013355,0
0,58.5615573023852,58.5615573023852,58.5615573023852,58.5615573023852,64.117395013355,58.5615573023852,58.5615573023852,58.5615573023852,64.117395013355,0,58.5615573023852,58.5615573023852,58.5615573023852,58.5615573023852,58.5615573023852,58.5615573023852,58.5615573023852,58.5615573023852,58.5615573023852,58.5615573023852,58.5615573023852,64.117395013355,64.117395013355,0
0,58.5615573023852,58.5615573023852,58.5615573023852,58.5615573023852,64.117395013355,58.5615573023852,58.5615573023852,58.5615573023852,64.117395013355,0,58.5615573023852,58.5615573023852,58.5615573023852,58.5615573023852,58.5615573023852,58.5615573023852,58.5615573023852,58.5615573023852,58.5615573023852,58.5615573023852,58.5615573023852,64.117395013355,64.117395013355,0
0,58.5615573023852,58.5615573023852,58.5615573023852,58.5615573023852,64.117395013355,58.5615573023852,58.5615573023852,58.5615573023852,64.117395013355,0,58.5615573023852,58.5615573023852,58.5615573023852,58.5615573023852,58.5615573023852,58.5615573023852,58.5615573023852,58.5615573023852,58.5615573023852,58.5615573023852,58.5615573023852,64.117395013355,64.117395013355,0
0,58.5615573023852,58.5615573023852,58.5615573023852,58.5615573023852,64.117395013355,58.5615573023852,58.5615573023852,58.5615573023852,64.117395013355,0,58.5615573023852,58.5615573023852,58.5615573023852,58.5615573023852,58.5615573023852,58.5615573023852,58.5615573023852,58.5615573023852,58.5615573023852,58.5615573023852,58.5615573023852,64.117395013355,64.117395013355,0
0,58.5615573023852,58.5615573023852,58.5615573023852,58.5615573023852,64.117395013355,58.5615573023852,58.5615573023852,58.5615573023852,64.117395013355,0,58.5615573023852,58.5615573023852,58.5615573023852,58.5615573023852,58.5615573023852,58.5615573023852,58.5615573023852,58.5615573023852,58.5615573023852,58.5615573023852,58.5615573023852,64.117395013355,64.117395013355,0
0,58.5615573023852,58.5615573023852,58.5615573023852,58.5615573023852,64.117395013355,58.5615573023852,58.5615573023852,58.5615573023852,64.117395013355,0,58.5615573023852,58.5615573023852,58.5615573023852,58.5615573023852,58.5615573023852,58.5615573023852,58.5615573023852,58.5615573023852,58.5615573023852,58.5615573023852,58.5615573023852,64.117395013355,64.117395013355,0
0,58.5615573023852,58.5615573023852,58.5615573023852,58.5615573023852,64.117395013355,58.5615573023852,58.5615573023852,58.5615573023852,64.117395013355,0,58.5615573023852,58.5615573023852,58.5615573023852,58.5615573023852,58.5615573023852,58.5615573023852,58.5615573023852,58.5615573023852,58.5615573023852,58.5615573023852,58.5615573023852,64.117395013355,64.117395013355,0
0,58.5615573023852,58.5615573023852,58.5615573023852,58.5615573023852,64.117395013355,58.5615573023852,58.5615573023852,58.5615573023852,64.117395013355,0,58.5615573023852,58.5615573023852,58.5615573023852,58.5615573023852,58.5615573023852,58.5615573023852,58.5615573023852,58.5615573023852,58.5615573023852,58.5615573023852,58.5615573023852,64.117395013355,64.117395013355,0
0,58.5615573023852,58.5615573023852,58.5615573023852,58.5615573023852,64.117395013355,58.5615573023852,58.5615573023852,58.5615573023852,64.117395013355,0,58.5615573023852,58.5615573023852,58.5615573023852,58.5615573023852,58.5615573023852,58.5615573023852,58.5615573023852,58.5615573023852,58.5615573023852,58.5615573023852,58.5615573023852,64.117395013355,64.117395013355,0
0,58.5615573023852,58.5615573023852,58.5615573023852,58.5615573023852,64.117395013355,58.5615573023852,58.5615573023852,58.5615573023852,64.117395013355,0,58.5615573023852,58.5615573023852,58.5615573023852,58.5615573023852,58.5615573023852,58.5615573023852,58.5615573023852,58.5615573023852,58.5615573023852,58.5615573023852,58.5615573023852,64.117395013355,64.117395013355,0
0,58.5615573023852,58.5615573023852,58.5615573023852,58.5615573023852,64.117395013355,58.5615573023852,58.5615573023852,58.5615573023852,64.117395013355,0,58.5615573023852,58.5615573023852,58.5615573023852,58.5615573023852,58.5615573023852,58.5615573023852,58.5615573023852,58.5615573023852,58.5615573023852,58.5615573023852,58.5615573023852,64.117395013355,64.117395013355,0
0,58.5615573023852,58.5615573023852,58.5615573023852,58.5615573023852,64.117395013355,58.5615573023852,58.5615573023852,58.5615573023852,64.117395013355,0,58.5615573023852,58.5615573023852,58.5615573023852,58.5615573023852,58.5615573023852,58.5615573023852,58.5615573023852,58.5615573023852,58.5615573023852,58.5615573023852,58.5615573023852,64.117395013355,64.117395013355,0
0,58.5615573023852,58.5615573023852,58.5615573023852,58.5615573023852,64.117395013355,58.5615573023852,58.5615573023852,58.5615573023852,64.117395013355,0,58.5615573023852,58.5615573023852,58.5615573023852,58.5615573023852,58.5615573023852,58.5615573023852,58.5615573023852,58.5615573023852,58.5615573023852,58.5615573023852,58.5615573023852,64.117395013355,64.117395013355,0
0,58.5615573023852,58.5615573023852,58.5615573023852,58.5615573023852,64.117395013355,58.5615573023852,58.5615573023852,58.5615573023852,64.117395013355,0,58.5615573023852,58.5615573023852,58.5615573023852,58.5615573023852,58.5615573023852,58.5615573023852,58.5615573023852,58.5615573023852,58.5615573023852,58.5615573023852,58.5615573023852,64.117395013355,64.117395013355,0
0,58.5615573023852,58.5615573023852,58.5615573023852,58.5615573023852,64.117395013355,58.5615573023852,58.5615573023852,58.5615573023852,64.117395013355,0,58.5615573023852,58.5615573023852,58.5615573023852,58.5615573023852,58.5615573023852,58.5615573023852,58.5615573023852,58.5615573023852,58.5615573023852,58.5615573023852,58.5615573023852,64.117395013355,64.117395013355,0
0,58.5615573023852,58.5615573023852,58.5615573023852,58.5615573023852,64.117395013355,58.5615573023852,58.5615573023852,58.5615573023852,64.117395013355,0,58.5615573023852,58.5615573023852,58.5615573023852,58.5615573023852,58.5615573023852,58.5615573023852,58.5615573023852,58.5615573023852,58.5615573023852,58.5615573023852,58.5615573023852,64.117395013355,64.117395013355,0
0,58.5615573023852,58.5615573023852,58.5615573023852,58.5615573023852,64.117395013355,58.5615573023852,58.5615573023852,58.5615573023852,64.117395013355,0,58.5615573023852,58.5615573023852,58.5615573023852,58.5615573023852,58.5615573023852,58.5615573023852,58.5615573023852,58.5615573023852,58.5615573023852,58.5615573023852,58.5615573023852,64.117395013355,64.117395013355,0
0,58.5615573023852,58.5615573023852,58.5615573023852,58.5615573023852,64.117395013355,58.5615573023852,58.5615573023852,58.5615573023852,64.117395013355,0,58.5615573023852,58.5615573023852,58.5615573023852,58.5615573023852,58.5615573023852,58.5615573023852,58.5615573023852,58.5615573023852,58.5615573023852,58.5615573023852,58.5615573023852,64.117395013355,64.117395013355,0
0,58.5615573023852,58.5615573023852,58.5615573023852,58.5615573023852,64.117395013355,58.5615573023852,58.5615573023852,58.5615573023852,64.117395013355,0,58.5615573023852,58.5615573023852,58.5615573023852,58.5615573023852,58.5615573023852,58.5615573023852,58.5615573023852,58.5615573023852,58.5615573023852,58.5615573023852,58.5615573023852,64.117395013355,64.117395013355,0
0,58.5615573023852,58.5615573023852,58.5615573023852,58.5615573023852,64.117395013355,58.5615573023852,58.5615573023852,58.5615573023852,64.117395013355,0,58.5615573023852,58.5615573023852,58.5615573023852,58.5615573023852,58.5615573023852,58.5615573023852,58.5615573023852,58.5615573023852,58.5615573023852,58.5615573023852,58.5615573023852,64.117395013355,64.117395013355,0
0,58.5615573023852,58.5615573023852,58.5615573023852,58.5615573023852,64.117395013355,58.5615573023852,58.5615573023852,58.5615573023852,64.117395013355,0,58.5615573023852,58.5615573023852,58.5615573023852,58.5615573023852,58.5615573023852,58.5615573023852,58.5615573023852,58.5615573023852,58.5615573023852,58.5615573023852,58.5615573023852,64.117395013355,64.117395013355,0
0,58.5615573023852,58.5615573023852,58.5615573023852,58.5615573023852,64.117395013355,58.5615573023852,58.5615573023852,58.5615573023852,64.117395013355,0,58.5615573023852,58.5615573023852,58.5615573023852,58.5615573023852,58.5615573023852,58.5615573023852,58.5615573023852,58.5615573023852,58.5615573023852,58.5615573023852,58.5615573023852,64.117395013355,64.117395013355,0
0,58.5615573023852,58.5615573023852,58.5615573023852,58.5615573023852,64.117395013355,58.5615573023852,58.5615573023852,58.5615573023852,64.117395013355,0,58.5615573023852,58.5615573023852,58.5615573023852,58.5615573023852,58.5615573023852,58.5615573023852,58.5615573023852,58.5615573023852,58.5615573023852,58.5615573023852,58.5615573023852,64.117395013355,64.117395013355,0
0,58.5615573023852,58.5615573023852,58.5615573023852,58.5615573023852,64.117395013355,58.5615573023852,58.5615573023852,58.5615573023852,64.117395013355,0,58.5615573023852,58.5615573023852,58.5615573023852,58.5615573023852,58.5615573023852,58.5615573023852,58.5615573023852,58.5615573023852,58.5615573023852,58.5615573023852,58.5615573023852,64.117395013355,64.117395013355,0
0,58.5615573023852,58.5615573023852,58.5615573023852,58.5615573023852,64.117395013355,58.5615573023852,58.5615573023852,58.5615573023852,64.117395013355,0,58.5615573023852,58.5615573023852,58.5615573023852,58.5615573023852,58.5615573023852,58.5615573023852,58.5615573023852,58.5615573023852,58.5615573023852,58.5615573023852,58.5615573023852,64.117395013355,64.117395013355,0
0,58.5615573023852,58.5615573023852,58.5615573023852,58.5615573023852,64.117395013355,58.5615573023852,58.5615573023852,58.5615573023852,64.117395013355,0,58.5615573023852,58.5615573023852,58.5615573023852,58.5615573023852,58.5615573023852,58.5615573023852,58.5615573023852,58.5615573023852,58.5615573023852,58.5615573023852,58.5615573023852,64.117395013355,64.117395013355,0
0,58.5615573023852,58.5615573023852,58.5615573023852,58.5615573023852,64.117395013355,58.5615573023852,58.5615573023852,58.5615573023852,64.117395013355,0,58.5615573023852,58.5615573023852,58.5615573023852,58.5615573023852,58.5615573023852,58.5615573023852,58.5615573023852,58.5615573023852,58.5615573023852,58.5615573023852,58.5615573023852,64.117395013355,64.117395013355,0
0,58.5615573023852,58.5615573023852,58.5615573023852,58.5615573023852,64.117395013355,58.5615573023852,58.5615573023852,58.5615573023852,64.117395013355,0,58.5615573023852,58.5615573023852,58.5615573023852,58.5615573023852,58.5615573023852,58.5615573023852,58.5615573023852,58.5615573023852,58.5615573023852,58.5615573023852,58.5615573023852,64.117395013355,64.117395013355,0
0,58.5615573023852,58.5615573023852,58.5615573023852,58.5615573023852,64.117395013355,58.5615573023852,58.5615573023852,58.5615573023852,64.117395013355,0,58.5615573023852,58.5615573023852,58.5615573023852,58.5615573023852,58.5615573023852,58.5615573023852,58.5615573023852,58.5615573023852,58.5615573023852,58.5615573023852,58.5615573023852,64.117395013355,64.117395013355,0
0,58.5615573023852,58.5615573023852,58.5615573023852,58.5615573023852,64.117395013355,58.5615573023852,58.5615573023852,58.5615573023852,64.117395013355,0,58.5615573023852,58.5615573023852,58.5615573023852,58.5615573023852,58.5615573023852,58.5615573023852,58.5615573023852,58.5615573023852,58.5615573023852,58.5615573023852,58.5615573023852,64.117395013355,64.117395013355,0
0,58.5615573023852,58.5615573023852,58.5615573023852,58.5615573023852,64.117395013355,58.5615573023852,58.5615573023852,58.5615573023852,64.117395013355,0,58.5615573023852,58.5615573023852,58.5615573023852,58.5615573023852,58.5615573023852,58.5615573023852,58.5615573023852,58.5615573023852,58.5615573023852,58.5615573023852,58.5615573023852,64.117395013355,64.117395013355,0
0,58.5615573023852,58.5615573023852,58.5615573023852,58.5615573023852,64.117395013355,58.5615573023852,58.5615573023852,58.5615573023852,64.117395013355,0,58.5615573023852,58.5615573023852,58.5615573023852,58.5615573023852,58.5615573023852,58.5615573023852,58.5615573023852,58.5615573023852,58.5615573023852,58.5615573023852,58.5615573023852,64.117395013355,64.117395013355,0
0,58.5615573023852,58.5615573023852,58.5615573023852,58.5615573023852,64.117395013355,58.5615573023852,58.5615573023852,58.5615573023852,64.117395013355,0,58.5615573023852,58.5615573023852,58.5615573023852,58.5615573023852,58.5615573023852,58.5615573023852,58.5615573023852,58.5615573023852,58.5615573023852,58.5615573023852,58.5615573023852,64.117395013355,64.117395013355,0
0,58.5615573023852,58.5615573023852,58.5615573023852,58.5615573023852,64.117395013355,58.5615573023852,58.5615573023852,58.5615573023852,64.117395013355,0,58.5615573023852,58.5615573023852,58.5615573023852,58.5615573023852,58.5615573023852,58.5615573023852,58.5615573023852,58.5615573023852,58.5615573023852,58.5615573023852,58.5615573023852,64.117395013355,64.117395013355,0
0,58.5615573023852,58.5615573023852,58.5615573023852,58.5615573023852,64.117395013355,58.5615573023852,58.5615573023852,58.5615573023852,64.117395013355,0,58.5615573023852,58.5615573023852,58.5615573023852,58.5615573023852,58.5615573023852,58.5615573023852,58.5615573023852,58.5615573023852,58.5615573023852,58.5615573023852,58.5615573023852,64.117395013355,64.117395013355,0
0,58.5615573023852,58.5615573023852,58.5615573023852,58.5615573023852,64.117395013355,58.5615573023852,58.5615573023852,58.5615573023852,64.117395013355,0,58.5615573023852,58.5615573023852,58.5615573023852,58.5615573023852,58.5615573023852,58.5615573023852,58.5615573023852,58.5615573023852,58.5615573023852,58.5615573023852,58.5615573023852,64.117395013355,64.117395013355,0
0,58.5615573023852,58.5615573023852,58.5615573023852,58.5615573023852,64.117395013355,58.5615573023852,58.5615573023852,58.5615573023852,64.117395013355,0,58.5615573023852,58.5615573023852,58.5615573023852,58.5615573023852,58.5615573023852,58.5615573023852,58.5615573023852,58.5615573023852,58.5615573023852,58.5615573023852,58.5615573023852,64.117395013355,64.117395013355,0
0,58.5615573023852,58.5615573023852,58.5615573023852,58.5615573023852,64.117395013355,58.5615573023852,58.5615573023852,58.5615573023852,64.117395013355,0,58.5615573023852,58.5615573023852,58.5615573023852,58.5615573023852,58.5615573023852,58.5615573023852,58.5615573023852,58.5615573023852,58.5615573023852,58.5615573023852,58.5615573023852,64.117395013355,64.117395013355,0
0,58.5615573023852,58.5615573023852,58.5615573023852,58.5615573023852,64.117395013355,58.5615573023852,58.5615573023852,58.5615573023852,64.117395013355,0,58.5615573023852,58.5615573023852,58.5615573023852,58.5615573023852,58.5615573023852,58.5615573023852,58.5615573023852,58.5615573023852,58.5615573023852,58.5615573023852,58.5615573023852,64.117395013355,64.117395013355,0
0,58.5615573023852,58.5615573023852,58.5615573023852,58.5615573023852,64.117395013355,58.5615573023852,58.5615573023852,58.5615573023852,64.117395013355,0,58.5615573023852,58.5615573023852,58.5615573023852,58.5615573023852,58.5615573023852,58.5615573023852,58.5615573023852,58.5615573023852,58.5615573023852,58.5615573023852,58.5615573023852,64.117395013355,64.117395013355,0
0,58.5615573023852,58.5615573023852,58.5615573023852,58.5615573023852,64.117395013355,58.5615573023852,58.5615573023852,58.5615573023852,64.117395013355,0,58.5615573023852,58.5615573023852,58.5615573023852,58.5615573023852,58.5615573023852,58.5615573023852,58.5615573023852,58.5615573023852,58.5615573023852,58.5615573023852,58.5615573023852,64.117395013355,64.117395013355,0
0,58.5615573023852,58.5615573023852,58.5615573023852,58.5615573023852,64.117395013355,58.5615573023852,58.5615573023852,58.5615573023852,64.117395013355,0,58.5615573023852,58.5615573023852,58.5615573023852,58.5615573023852,58.5615573023852,58.5615573023852,58.5615573023852,58.5615573023852,58.5615573023852,58.5615573023852,58.5615573023852,64.117395013355,64.117395013355,0
0,58.5615573023852,58.5615573023852,58.5615573023852,58.5615573023852,64.117395013355,58.5615573023852,58.5615573023852,58.5615573023852,64.117395013355,0,58.5615573023852,58.5615573023852,58.5615573023852,58.5615573023852,58.5615573023852,58.5615573023852,58.5615573023852,58.5615573023852,58.5615573023852,58.5615573023852,58.5615573023852,64.117395013355,64.117395013355,0
0,58.5615573023852,58.5615573023852,58.5615573023852,58.5615573023852,64.117395013355,58.5615573023852,58.5615573023852,58.5615573023852,64.117395013355,0,58.5615573023852,58.5615573023852,58.5615573023852,58.5615573023852,58.5615573023852,58.5615573023852,58.5615573023852,58.5615573023852,58.5615573023852,58.5615573023852,58.5615573023852,64.117395013355,64.117395013355,0
0,58.5615573023852,58.5615573023852,58.5615573023852,58.5615573023852,64.117395013355,58.5615573023852,58.5615573023852,58.5615573023852,64.117395013355,0,58.5615573023852,58.5615573023852,58.5615573023852,58.5615573023852,58.5615573023852,58.5615573023852,58.5615573023852,58.5615573023852,58.5615573023852,58.5615573023852,58.5615573023852,64.117395013355,64.117395013355,0
0,58.5615573023852,58.5615573023852,58.5615573023852,58.5615573023852,64.117395013355,58.5615573023852,58.5615573023852,58.5615573023852,64.117395013355,0,58.5615573023852,58.5615573023852,58.5615573023852,58.5615573023852,58.5615573023852,58.5615573023852,58.5615573023852,58.5615573023852,58.5615573023852,58.5615573023852,58.5615573023852,64.117395013355,64.117395013355,0
0,58.5615573023852,58.5615573023852,58.5615573023852,58.5615573023852,64.117395013355,58.5615573023852,58.5615573023852,58.5615573023852,64.117395013355,0,58.5615573023852,58.5615573023852,58.5615573023852,58.5615573023852,58.5615573023852,58.5615573023852,58.5615573023852,58.5615573023852,58.5615573023852,58.5615573023852,58.5615573023852,64.117395013355,64.117395013355,0
0,58.5615573023852,58.5615573023852,58.5615573023852,58.5615573023852,64.117395013355,58.5615573023852,58.5615573023852,58.5615573023852,64.117395013355,0,58.5615573023852,58.5615573023852,58.5615573023852,58.5615573023852,58.5615573023852,58.5615573023852,58.5615573023852,58.5615573023852,58.5615573023852,58.5615573023852,58.5615573023852,64.117395013355,64.117395013355,0
0,58.5615573023852,58.5615573023852,58.5615573023852,58.5615573023852,64.117395013355,58.5615573023852,58.5615573023852,58.5615573023852,64.117395013355,0,58.5615573023852,58.5615573023852,58.5615573023852,58.5615573023852,58.5615573023852,58.5615573023852,58.5615573023852,58.5615573023852,58.5615573023852,58.5615573023852,58.5615573023852,64.117395013355,64.117395013355,0
0,58.5615573023852,58.5615573023852,58.5615573023852,58.5615573023852,64.117395013355,58.5615573023852,58.5615573023852,58.5615573023852,64.117395013355,0,58.5615573023852,58.5615573023852,58.5615573023852,58.5615573023852,58.5615573023852,58.5615573023852,58.5615573023852,58.5615573023852,58.5615573023852,58.5615573023852,58.5615573023852,64.117395013355,64.117395013355,0
0,58.5615573023852,58.5615573023852,58.5615573023852,58.5615573023852,64.117395013355,58.5615573023852,58.5615573023852,58.5615573023852,64.117395013355,0,58.5615573023852,58.5615573023852,58.5615573023852,58.5615573023852,58.5615573023852,58.5615573023852,58.5615573023852,58.5615573023852,58.5615573023852,58.5615573023852,58.5615573023852,64.117395013355,64.117395013355,0
0,58.5615573023852,58.5615573023852,58.5615573023852,58.5615573023852,64.117395013355,58.5615573023852,58.5615573023852,58.5615573023852,64.117395013355,0,58.5615573023852,58.5615573023852,58.5615573023852,58.5615573023852,58.5615573023852,58.5615573023852,58.5615573023852,58.5615573023852,58.5615573023852,58.5615573023852,58.5615573023852,64.117395013355,64.117395013355,0
0,58.5615573023852,58.5615573023852,58.5615573023852,58.5615573023852,64.117395013355,58.5615573023852,58.5615573023852,58.5615573023852,64.117395013355,0,58.5615573023852,58.5615573023852,58.5615573023852,58.5615573023852,58.5615573023852,58.5615573023852,58.5615573023852,58.5615573023852,58.5615573023852,58.5615573023852,58.5615573023852,64.117395013355,64.117395013355,0
0,58.5615573023852,58.5615573023852,58.5615573023852,58.5615573023852,64.117395013355,58.5615573023852,58.5615573023852,58.5615573023852,64.117395013355,0,58.5615573023852,58.5615573023852,58.5615573023852,58.5615573023852,58.5615573023852,58.5615573023852,58.5615573023852,58.5615573023852,58.5615573023852,58.5615573023852,58.5615573023852,64.117395013355,64.117395013355,0
0,58.5615573023852,58.5615573023852,58.5615573023852,58.5615573023852,64.117395013355,58.5615573023852,58.5615573023852,58.5615573023852,64.117395013355,0,58.5615573023852,58.5615573023852,58.5615573023852,58.5615573023852,58.5615573023852,58.5615573023852,58.5615573023852,58.5615573023852,58.5615573023852,58.5615573023852,58.5615573023852,64.117395013355,64.117395013355,0
0,58.5615573023852,58.5615573023852,58.5615573023852,58.5615573023852,64.117395013355,58.5615573023852,58.5615573023852,58.5615573023852,64.117395013355,0,58.5615573023852,58.5615573023852,58.5615573023852,58.5615573023852,58.5615573023852,58.5615573023852,58.5615573023852,58.5615573023852,58.5615573023852,58.5615573023852,58.5615573023852,64.117395013355,64.117395013355,0
0,58.5615573023852,58.5615573023852,58.5615573023852,58.5615573023852,64.117395013355,58.5615573023852,58.5615573023852,58.5615573023852,64.117395013355,0,58.5615573023852,58.5615573023852,58.5615573023852,58.5615573023852,58.5615573023852,58.5615573023852,58.5615573023852,58.5615573023852,58.5615573023852,58.5615573023852,58.5615573023852,64.117395013355,64.117395013355,0
0,58.5615573023852,58.5615573023852,58.5615573023852,58.5615573023852,64.117395013355,58.5615573023852,58.5615573023852,58.5615573023852,64.117395013355,0,58.5615573023852,58.5615573023852,58.5615573023852,58.5615573023852,58.5615573023852,58.5615573023852,58.5615573023852,58.5615573023852,58.5615573023852,58.5615573023852,58.5615573023852,64.117395013355,64.117395013355,0
0,58.5615573023852,58.5615573023852,58.5615573023852,58.5615573023852,64.117395013355,58.5615573023852,58.5615573023852,58.5615573023852,64.117395013355,0,58.5615573023852,58.5615573023852,58.5615573023852,58.5615573023852,58.5615573023852,58.5615573023852,58.5615573023852,58.5615573023852,58.5615573023852,58.5615573023852,58.5615573023852,64.117395013355,64.117395013355,0
0,58.5615573023852,58.5615573023852,58.5615573023852,58.5615573023852,64.117395013355,58.5615573023852,58.5615573023852,58.5615573023852,64.117395013355,0,58.5615573023852,58.5615573023852,58.5615573023852,58.5615573023852,58.5615573023852,58.5615573023852,58.5615573023852,58.5615573023852,58.5615573023852,58.5615573023852,58.5615573023852,64.117395013355,64.117395013355,0
0,58.5615573023852,58.5615573023852,58.5615573023852,58.5615573023852,64.117395013355,58.5615573023852,58.5615573023852,58.5615573023852,64.117395013355,0,58.5615573023852,58.5615573023852,58.5615573023852,58.5615573023852,58.5615573023852,58.5615573023852,58.5615573023852,58.5615573023852,58.5615573023852,58.5615573023852,58.5615573023852,64.117395013355,64.117395013355,0
0,58.5615573023852,58.5615573023852,58.5615573023852,58.5615573023852,64.117395013355,58.5615573023852,58.5615573023852,58.5615573023852,64.117395013355,0,58.5615573023852,58.5615573023852,58.5615573023852,58.5615573023852,58.5615573023852,58.5615573023852,58.5615573023852,58.5615573023852,58.5615573023852,58.5615573023852,58.5615573023852,64.117395013355,64.117395013355,0
0,58.5615573023852,58.5615573023852,58.5615573023852,58.5615573023852,64.117395013355,58.5615573023852,58.5615573023852,58.5615573023852,64.117395013355,0,58.5615573023852,58.5615573023852,58.5615573023852,58.5615573023852,58.5615573023852,58.5615573023852,58.5615573023852,58.5615573023852,58.5615573023852,58.5615573023852,58.5615573023852,64.117395013355,64.117395013355,0
0,58.5615573023852,58.5615573023852,58.5615573023852,58.5615573023852,64.117395013355,58.5615573023852,58.5615573023852,58.5615573023852,64.117395013355,0,58.5615573023852,58.5615573023852,58.5615573023852,58.5615573023852,58.5615573023852,58.5615573023852,58.5615573023852,58.5615573023852,58.5615573023852,58.5615573023852,58.5615573023852,64.117395013355,64.117395013355,0
0,58.5615573023852,58.5615573023852,58.5615573023852,58.5615573023852,64.117395013355,58.5615573023852,58.5615573023852,58.5615573023852,64.117395013355,0,58.5615573023852,58.5615573023852,58.5615573023852,58.5615573023852,58.5615573023852,58.5615573023852,58.5615573023852,58.5615573023852,58.5615573023852,58.5615573023852,58.5615573023852,64.117395013355,64.117395013355,0
0,58.5615573023852,58.5615573023852,58.5615573023852,58.5615573023852,64.117395013355,58.5615573023852,58.5615573023852,58.5615573023852,64.117395013355,0,58.5615573023852,58.5615573023852,58.5615573023852,58.5615573023852,58.5615573023852,58.5615573023852,58.5615573023852,58.5615573023852,58.5615573023852,58.5615573023852,58.5615573023852,64.117395013355,64.117395013355,0
0,58.5615573023852,58.5615573023852,58.5615573023852,58.5615573023852,64.117395013355,58.5615573023852,58.5615573023852,58.5615573023852,64.117395013355,0,58.5615573023852,58.5615573023852,58.5615573023852,58.5615573023852,58.5615573023852,58.5615573023852,58.5615573023852,58.5615573023852,58.5615573023852,58.5615573023852,58.5615573023852,64.117395013355,64.117395013355,0
0,58.5615573023852,58.5615573023852,58.5615573023852,58.5615573023852,64.117395013355,58.5615573023852,58.5615573023852,58.5615573023852,64.117395013355,0,58.5615573023852,58.5615573023852,58.5615573023852,58.5615573023852,58.5615573023852,58.5615573023852,58.5615573023852,58.5615573023852,58.5615573023852,58.5615573023852,58.5615573023852,64.117395013355,64.117395013355,0
0,58.5615573023852,58.5615573023852,58.5615573023852,58.5615573023852,64.117395013355,58.5615573023852,58.5615573023852,58.5615573023852,64.117395013355,0,58.5615573023852,58.5615573023852,58.5615573023852,58.5615573023852,58.5615573023852,58.5615573023852,58.5615573023852,58.5615573023852,58.5615573023852,58.5615573023852,58.5615573023852,64.117395013355,64.117395013355,0
0,58.5615573023852,58.5615573023852,58.5615573023852,58.5615573023852,64.117395013355,58.5615573023852,58.5615573023852,58.5615573023852,64.117395013355,0,58.5615573023852,58.5615573023852,58.5615573023852,58.5615573023852,58.5615573023852,58.5615573023852,58.5615573023852,58.5615573023852,58.5615573023852,58.5615573023852,58.5615573023852,64.117395013355,64.117395013355,0
0,58.5615573023852,58.5615573023852,58.5615573023852,58.5615573023852,64.117395013355,58.5615573023852,58.5615573023852,58.5615573023852,64.117395013355,0,58.5615573023852,58.5615573023852,58.5615573023852,58.5615573023852,58.5615573023852,58.5615573023852,58.5615573023852,58.5615573023852,58.5615573023852,58.5615573023852,58.5615573023852,64.117395013355,64.117395013355,0
0,58.5615573023852,58.5615573023852,58.5615573023852,58.5615573023852,64.117395013355,58.5615573023852,58.5615573023852,58.5615573023852,64.117395013355,0,58.5615573023852,58.5615573023852,58.5615573023852,58.5615573023852,58.5615573023852,58.5615573023852,58.5615573023852,58.5615573023852,58.5615573023852,58.5615573023852,58.5615573023852,64.117395013355,64.117395013355,0
0,58.5615573023852,58.5615573023852,58.5615573023852,58.5615573023852,64.117395013355,58.5615573023852,58.5615573023852,58.5615573023852,64.117395013355,0,58.5615573023852,58.5615573023852,58.5615573023852,58.5615573023852,58.5615573023852,58.5615573023852,58.5615573023852,58.5615573023852,58.5615573023852,58.5615573023852,58.5615573023852,64.117395013355,64.117395013355,0
0,58.5615573023852,58.5615573023852,58.5615573023852,58.5615573023852,64.117395013355,58.5615573023852,58.5615573023852,58.5615573023852,64.117395013355,0,58.5615573023852,58.5615573023852,58.5615573023852,58.5615573023852,58.5615573023852,58.5615573023852,58.5615573023852,58.5615573023852,58.5615573023852,58.5615573023852,58.5615573023852,64.117395013355,64.117395013355,0
0,58.5615573023852,58.5615573023852,58.5615573023852,58.5615573023852,64.117395013355,58.5615573023852,58.5615573023852,58.5615573023852,64.117395013355,0,58.5615573023852,58.5615573023852,58.5615573023852,58.5615573023852,58.5615573023852,58.5615573023852,58.5615573023852,58.5615573023852,58.5615573023852,58.5615573023852,58.5615573023852,64.117395013355,64.117395013355,0
0,58.5615573023852,58.5615573023852,58.5615573023852,58.5615573023852,64.117395013355,58.5615573023852,58.5615573023852,58.5615573023852,64.117395013355,0,58.5615573023852,58.5615573023852,58.5615573023852,58.5615573023852,58.5615573023852,58.5615573023852,58.5615573023852,58.5615573023852,58.5615573023852,58.5615573023852,58.5615573023852,64.117395013355,64.117395013355,0
0,58.5615573023852,58.5615573023852,58.5615573023852,58.5615573023852,64.117395013355,58.5615573023852,58.5615573023852,58.5615573023852,64.117395013355,0,58.5615573023852,58.5615573023852,58.5615573023852,58.5615573023852,58.5615573023852,58.5615573023852,58.5615573023852,58.5615573023852,58.5615573023852,58.5615573023852,58.5615573023852,64.117395013355,64.117395013355,0
0,58.5615573023852,58.5615573023852,58.5615573023852,58.5615573023852,64.117395013355,58.5615573023852,58.5615573023852,58.5615573023852,64.117395013355,0,58.5615573023852,58.5615573023852,58.5615573023852,58.5615573023852,58.5615573023852,58.5615573023852,58.5615573023852,58.5615573023852,58.5615573023852,58.5615573023852,58.5615573023852,64.117395013355,64.117395013355,0
0,58.5615573023852,58.5615573023852,58.5615573023852,58.5615573023852,64.117395013355,58.5615573023852,58.5615573023852,58.5615573023852,64.117395013355,0,58.5615573023852,58.5615573023852,58.5615573023852,58.5615573023852,58.5615573023852,58.5615573023852,58.5615573023852,58.5615573023852,58.5615573023852,58.5615573023852,58.5615573023852,64.117395013355,64.117395013355,0
0,58.5615573023852,58.5615573023852,58.5615573023852,58.5615573023852,64.117395013355,58.5615573023852,58.5615573023852,58.5615573023852,64.117395013355,0,58.5615573023852,58.5615573023852,58.5615573023852,58.5615573023852,58.5615573023852,58.5615573023852,58.5615573023852,58.5615573023852,58.5615573023852,58.5615573023852,58.5615573023852,64.117395013355,64.117395013355,0
0,58.5615573023852,58.5615573023852,58.5615573023852,58.5615573023852,64.117395013355,58.5615573023852,58.5615573023852,58.5615573023852,64.117395013355,0,58.5615573023852,58.5615573023852,58.5615573023852,58.5615573023852,58.5615573023852,58.5615573023852,58.5615573023852,58.5615573023852,58.5615573023852,58.5615573023852,58.5615573023852,64.117395013355,64.117395013355,0
0,58.5615573023852,58.5615573023852,58.5615573023852,58.5615573023852,64.117395013355,58.5615573023852,58.5615573023852,58.5615573023852,64.117395013355,0,58.5615573023852,58.5615573023852,58.5615573023852,58.5615573023852,58.5615573023852,58.5615573023852,58.5615573023852,58.5615573023852,58.5615573023852,58.5615573023852,58.5615573023852,64.117395013355,64.117395013355,0
0,58.5615573023852,58.5615573023852,58.5615573023852,58.5615573023852,64.117395013355,58.5615573023852,58.5615573023852,58.5615573023852,64.117395013355,0,58.5615573023852,58.5615573023852,58.5615573023852,58.5615573023852,58.5615573023852,58.5615573023852,58.5615573023852,58.5615573023852,58.5615573023852,58.5615573023852,58.5615573023852,64.117395013355,64.117395013355,0
0,58.5615573023852,58.5615573023852,58.5615573023852,58.5615573023852,64.117395013355,58.5615573023852,58.5615573023852,58.5615573023852,64.117395013355,0,58.5615573023852,58.5615573023852,58.5615573023852,58.5615573023852,58.5615573023852,58.5615573023852,58.5615573023852,58.5615573023852,58.5615573023852,58.5615573023852,58.5615573023852,64.117395013355,64.117395013355,0
0,58.5615573023852,58.5615573023852,58.5615573023852,58.5615573023852,64.117395013355,58.5615573023852,58.5615573023852,58.5615573023852,64.117395013355,0,58.5615573023852,58.5615573023852,58.5615573023852,58.5615573023852,58.5615573023852,58.5615573023852,58.5615573023852,58.5615573023852,58.5615573023852,58.5615573023852,58.5615573023852,64.117395013355,64.117395013355,0
0,58.5615573023852,58.5615573023852,58.5615573023852,58.5615573023852,64.117395013355,58.5615573023852,58.5615573023852,58.5615573023852,64.117395013355,0,58.5615573023852,58.5615573023852,58.5615573023852,58.5615573023852,58.5615573023852,58.5615573023852,58.5615573023852,58.5615573023852,58.5615573023852,58.5615573023852,58.5615573023852,64.117395013355,64.117395013355,0
0,58.5615573023852,58.5615573023852,58.5615573023852,58.5615573023852,64.117395013355,58.5615573023852,58.5615573023852,58.5615573023852,64.117395013355,0,58.5615573023852,58.5615573023852,58.5615573023852,58.5615573023852,58.5615573023852,58.5615573023852,58.5615573023852,58.5615573023852,58.5615573023852,58.5615573023852,58.5615573023852,64.117395013355,64.117395013355,0
0,58.5615573023852,58.5615573023852,58.5615573023852,58.5615573023852,64.117395013355,58.5615573023852,58.5615573023852,58.5615573023852,64.117395013355,0,58.5615573023852,58.5615573023852,58.5615573023852,58.5615573023852,58.5615573023852,58.5615573023852,58.5615573023852,58.5615573023852,58.5615573023852,58.5615573023852,58.5615573023852,64.117395013355,64.117395013355,0
0,58.5615573023852,58.5615573023852,58.5615573023852,58.5615573023852,64.117395013355,58.5615573023852,58.5615573023852,58.5615573023852,64.117395013355,0,58.5615573023852,58.5615573023852,58.5615573023852,58.5615573023852,58.5615573023852,58.5615573023852,58.5615573023852,58.5615573023852,58.5615573023852,58.5615573023852,58.5615573023852,64.117395013355,64.117395013355,0
0,58.5615573023852,58.5615573023852,58.5615573023852,58.5615573023852,64.117395013355,58.5615573023852,58.5615573023852,58.5615573023852,64.117395013355,0,58.5615573023852,58.5615573023852,58.5615573023852,58.5615573023852,58.5615573023852,58.5615573023852,58.5615573023852,58.5615573023852,58.5615573023852,58.5615573023852,58.5615573023852,64.117395013355,64.117395013355,0
0,58.5615573023852,58.5615573023852,58.5615573023852,58.5615573023852,64.117395013355,58.5615573023852,58.5615573023852,58.5615573023852,64.117395013355,0,58.5615573023852,58.5615573023852,58.5615573023852,58.5615573023852,58.5615573023852,58.5615573023852,58.5615573023852,58.5615573023852,58.5615573023852,58.5615573023852,58.5615573023852,64.117395013355,64.117395013355,0
0,58.5615573023852,58.5615573023852,58.5615573023852,58.5615573023852,64.117395013355,58.5615573023852,58.5615573023852,58.5615573023852,64.117395013355,0,58.5615573023852,58.5615573023852,58.5615573023852,58.5615573023852,58.5615573023852,58.5615573023852,58.5615573023852,58.5615573023852,58.5615573023852,58.5615573023852,58.5615573023852,64.117395013355,64.117395013355,0
0,58.5615573023852,58.5615573023852,58.5615573023852,58.5615573023852,64.117395013355,58.5615573023852,58.5615573023852,58.5615573023852,64.117395013355,0,58.5615573023852,58.5615573023852,58.5615573023852,58.5615573023852,58.5615573023852,58.5615573023852,58.5615573023852,58.5615573023852,58.5615573023852,58.5615573023852,58.5615573023852,64.117395013355,64.117395013355,0
0,58.5615573023852,58.5615573023852,58.5615573023852,58.5615573023852,64.117395013355,58.5615573023852,58.5615573023852,58.5615573023852,64.117395013355,0,58.5615573023852,58.5615573023852,58.5615573023852,58.5615573023852,58.5615573023852,58.5615573023852,58.5615573023852,58.5615573023852,58.5615573023852,58.5615573023852,58.5615573023852,64.117395013355,64.117395013355,0
0,58.5615573023852,58.5615573023852,58.5615573023852,58.5615573023852,64.117395013355,58.5615573023852,58.5615573023852,58.5615573023852,64.117395013355,0,58.5615573023852,58.5615573023852,58.5615573023852,58.5615573023852,58.5615573023852,58.5615573023852,58.5615573023852,58.5615573023852,58.5615573023852,58.5615573023852,58.5615573023852,64.117395013355,64.117395013355,0
0,58.5615573023852,58.5615573023852,58.5615573023852,58.5615573023852,64.117395013355,58.5615573023852,58.5615573023852,58.5615573023852,64.117395013355,0,58.5615573023852,58.5615573023852,58.5615573023852,58.5615573023852,58.5615573023852,58.5615573023852,58.5615573023852,58.5615573023852,58.5615573023852,58.5615573023852,58.5615573023852,64.117395013355,64.117395013355,0
0,58.5615573023852,58.5615573023852,58.5615573023852,58.5615573023852,64.117395013355,58.5615573023852,58.5615573023852,58.5615573023852,64.117395013355,0,58.5615573023852,58.5615573023852,58.5615573023852,58.5615573023852,58.5615573023852,58.5615573023852,58.5615573023852,58.5615573023852,58.5615573023852,58.5615573023852,58.5615573023852,64.117395013355,64.117395013355,0
0,58.5615573023852,58.5615573023852,58.5615573023852,58.5615573023852,64.117395013355,58.5615573023852,58.5615573023852,58.5615573023852,64.117395013355,0,58.5615573023852,58.5615573023852,58.5615573023852,58.5615573023852,58.5615573023852,58.5615573023852,58.5615573023852,58.5615573023852,58.5615573023852,58.5615573023852,58.5615573023852,64.117395013355,64.117395013355,0
0,58.5615573023852,58.5615573023852,58.5615573023852,58.5615573023852,64.117395013355,58.5615573023852,58.5615573023852,58.5615573023852,64.117395013355,0,58.5615573023852,58.5615573023852,58.5615573023852,58.5615573023852,58.5615573023852,58.5615573023852,58.5615573023852,58.5615573023852,58.5615573023852,58.5615573023852,58.5615573023852,64.117395013355,64.117395013355,0
0,58.5615573023852,58.5615573023852,58.5615573023852,58.5615573023852,64.117395013355,58.5615573023852,58.5615573023852,58.5615573023852,64.117395013355,0,58.5615573023852,58.5615573023852,58.5615573023852,58.5615573023852,58.5615573023852,58.5615573023852,58.5615573023852,58.5615573023852,58.5615573023852,58.5615573023852,58.5615573023852,64.117395013355,64.117395013355,0
0,58.5615573023852,58.5615573023852,58.5615573023852,58.5615573023852,64.117395013355,58.5615573023852,58.5615573023852,58.5615573023852,64.117395013355,0,58.5615573023852,58.5615573023852,58.5615573023852,58.5615573023852,58.5615573023852,58.5615573023852,58.5615573023852,58.5615573023852,58.5615573023852,58.5615573023852,58.5615573023852,64.117395013355,64.117395013355,0
0,58.5615573023852,58.5615573023852,58.5615573023852,58.5615573023852,64.117395013355,58.5615573023852,58.5615573023852,58.5615573023852,64.117395013355,0,58.5615573023852,58.5615573023852,58.5615573023852,58.5615573023852,58.5615573023852,58.5615573023852,58.5615573023852,58.5615573023852,58.5615573023852,58.5615573023852,58.5615573023852,64.117395013355,64.117395013355,0
0,58.5615573023852,58.5615573023852,58.5615573023852,58.5615573023852,64.117395013355,58.5615573023852,58.5615573023852,58.5615573023852,64.117395013355,0,58.5615573023852,58.5615573023852,58.5615573023852,58.5615573023852,58.5615573023852,58.5615573023852,58.5615573023852,58.5615573023852,58.5615573023852,58.5615573023852,58.5615573023852,64.117395013355,64.117395013355,0
0,58.5615573023852,58.5615573023852,58.5615573023852,58.5615573023852,64.117395013355,58.5615573023852,58.5615573023852,58.5615573023852,64.117395013355,0,58.5615573023852,58.5615573023852,58.5615573023852,58.5615573023852,58.5615573023852,58.5615573023852,58.5615573023852,58.5615573023852,58.5615573023852,58.5615573023852,58.5615573023852,64.117395013355,64.117395013355,0
0,58.5615573023852,58.5615573023852,58.5615573023852,58.5615573023852,64.117395013355,58.5615573023852,58.5615573023852,58.5615573023852,64.117395013355,0,58.5615573023852,58.5615573023852,58.5615573023852,58.5615573023852,58.5615573023852,58.5615573023852,58.5615573023852,58.5615573023852,58.5615573023852,58.5615573023852,58.5615573023852,64.117395013355,64.117395013355,0
0,58.5615573023852,58.5615573023852,58.5615573023852,58.5615573023852,64.117395013355,58.5615573023852,58.5615573023852,58.5615573023852,64.117395013355,0,58.5615573023852,58.5615573023852,58.5615573023852,58.5615573023852,58.5615573023852,58.5615573023852,58.5615573023852,58.5615573023852,58.5615573023852,58.5615573023852,58.5615573023852,64.117395013355,64.117395013355,0
0,58.5615573023852,58.5615573023852,58.5615573023852,58.5615573023852,64.117395013355,58.5615573023852,58.5615573023852,58.5615573023852,64.117395013355,0,58.5615573023852,58.5615573023852,58.5615573023852,58.5615573023852,58.5615573023852,58.5615573023852,58.5615573023852,58.5615573023852,58.5615573023852,58.5615573023852,58.5615573023852,64.117395013355,64.117395013355,0
0,58.5615573023852,58.5615573023852,58.5615573023852,58.5615573023852,64.117395013355,58.5615573023852,58.5615573023852,58.5615573023852,64.117395013355,0,58.5615573023852,58.5615573023852,58.5615573023852,58.5615573023852,58.5615573023852,58.5615573023852,58.5615573023852,58.5615573023852,58.5615573023852,58.5615573023852,58.5615573023852,64.117395013355,64.117395013355,0
0,58.5615573023852,58.5615573023852,58.5615573023852,58.5615573023852,64.117395013355,58.5615573023852,58.5615573023852,58.5615573023852,64.117395013355,0,58.5615573023852,58.5615573023852,58.5615573023852,58.5615573023852,58.5615573023852,58.5615573023852,58.5615573023852,58.5615573023852,58.5615573023852,58.5615573023852,58.5615573023852,64.117395013355,64.117395013355,0
0,58.5615573023852,58.5615573023852,58.5615573023852,58.5615573023852,64.117395013355,58.5615573023852,58.5615573023852,58.5615573023852,64.117395013355,0,58.5615573023852,58.5615573023852,58.5615573023852,58.5615573023852,58.5615573023852,58.5615573023852,58.5615573023852,58.5615573023852,58.5615573023852,58.5615573023852,58.5615573023852,64.117395013355,64.117395013355,0
0,58.5615573023852,58.5615573023852,58.5615573023852,58.5615573023852,64.117395013355,58.5615573023852,58.5615573023852,58.5615573023852,64.117395013355,0,58.5615573023852,58.5615573023852,58.5615573023852,58.5615573023852,58.5615573023852,58.5615573023852,58.5615573023852,58.5615573023852,58.5615573023852,58.5615573023852,58.5615573023852,64.117395013355,64.117395013355,0
0,58.5615573023852,58.5615573023852,58.5615573023852,58.5615573023852,64.117395013355,58.5615573023852,58.5615573023852,58.5615573023852,64.117395013355,0,58.5615573023852,58.5615573023852,58.5615573023852,58.5615573023852,58.5615573023852,58.5615573023852,58.5615573023852,58.5615573023852,58.5615573023852,58.5615573023852,58.5615573023852,64.117395013355,64.117395013355,0
0,58.5615573023852,58.5615573023852,58.5615573023852,58.5615573023852,64.117395013355,58.5615573023852,58.5615573023852,58.5615573023852,64.117395013355,0,58.5615573023852,58.5615573023852,58.5615573023852,58.5615573023852,58.5615573023852,58.5615573023852,58.5615573023852,58.5615573023852,58.5615573023852,58.5615573023852,58.5615573023852,64.117395013355,64.117395013355,0
0,58.5615573023852,58.5615573023852,58.5615573023852,58.5615573023852,64.117395013355,58.5615573023852,58.5615573023852,58.5615573023852,64.117395013355,0,58.5615573023852,58.5615573023852,58.5615573023852,58.5615573023852,58.5615573023852,58.5615573023852,58.5615573023852,58.5615573023852,58.5615573023852,58.5615573023852,58.5615573023852,64.117395013355,64.117395013355,0
0,58.5615573023852,58.5615573023852,58.5615573023852,58.5615573023852,64.117395013355,58.5615573023852,58.5615573023852,58.5615573023852,64.117395013355,0,58.5615573023852,58.5615573023852,58.5615573023852,58.5615573023852,58.5615573023852,58.5615573023852,58.5615573023852,58.5615573023852,58.5615573023852,58.5615573023852,58.5615573023852,64.117395013355,64.117395013355,0
0,58.5615573023852,58.5615573023852,58.5615573023852,58.5615573023852,64.117395013355,58.5615573023852,58.5615573023852,58.5615573023852,64.117395013355,0,58.5615573023852,58.5615573023852,58.5615573023852,58.5615573023852,58.5615573023852,58.5615573023852,58.5615573023852,58.5615573023852,58.5615573023852,58.5615573023852,58.5615573023852,64.117395013355,64.117395013355,0
0,58.5615573023852,58.5615573023852,58.5615573023852,58.5615573023852,64.117395013355,58.5615573023852,58.5615573023852,58.5615573023852,64.117395013355,0,58.5615573023852,58.5615573023852,58.5615573023852,58.5615573023852,58.5615573023852,58.5615573023852,58.5615573023852,58.5615573023852,58.5615573023852,58.5615573023852,58.5615573023852,64.117395013355,64.117395013355,0
0,58.5615573023852,58.5615573023852,58.5615573023852,58.5615573023852,64.117395013355,58.5615573023852,58.5615573023852,58.5615573023852,64.117395013355,0,58.5615573023852,58.5615573023852,58.5615573023852,58.5615573023852,58.5615573023852,58.5615573023852,58.5615573023852,58.5615573023852,58.5615573023852,58.5615573023852,58.5615573023852,64.117395013355,64.117395013355,0
0,58.5615573023852,58.5615573023852,58.5615573023852,58.5615573023852,64.117395013355,58.5615573023852,58.5615573023852,58.5615573023852,64.117395013355,0,58.5615573023852,58.5615573023852,58.5615573023852,58.5615573023852,58.5615573023852,58.5615573023852,58.5615573023852,58.5615573023852,58.5615573023852,58.5615573023852,58.5615573023852,64.117395013355,64.117395013355,0
0,58.5615573023852,58.5615573023852,58.5615573023852,58.5615573023852,64.117395013355,58.5615573023852,58.5615573023852,58.5615573023852,64.117395013355,0,58.5615573023852,58.5615573023852,58.5615573023852,58.5615573023852,58.5615573023852,58.5615573023852,58.5615573023852,58.5615573023852,58.5615573023852,58.5615573023852,58.5615573023852,64.117395013355,64.117395013355,0
0,58.5615573023852,58.5615573023852,58.5615573023852,58.5615573023852,64.117395013355,58.5615573023852,58.5615573023852,58.5615573023852,64.117395013355,0,58.5615573023852,58.5615573023852,58.5615573023852,58.5615573023852,58.5615573023852,58.5615573023852,58.5615573023852,58.5615573023852,58.5615573023852,58.5615573023852,58.5615573023852,64.117395013355,64.117395013355,0
0,58.5615573023852,58.5615573023852,58.5615573023852,58.5615573023852,64.117395013355,58.5615573023852,58.5615573023852,58.5615573023852,64.117395013355,0,58.5615573023852,58.5615573023852,58.5615573023852,58.5615573023852,58.5615573023852,58.5615573023852,58.5615573023852,58.5615573023852,58.5615573023852,58.5615573023852,58.5615573023852,64.117395013355,64.117395013355,0
0,58.5615573023852,58.5615573023852,58.5615573023852,58.5615573023852,64.117395013355,58.5615573023852,58.5615573023852,58.5615573023852,64.117395013355,0,58.5615573023852,58.5615573023852,58.5615573023852,58.5615573023852,58.5615573023852,58.5615573023852,58.5615573023852,58.5615573023852,58.5615573023852,58.5615573023852,58.5615573023852,64.117395013355,64.117395013355,0
0,58.5615573023852,58.5615573023852,58.5615573023852,58.5615573023852,64.117395013355,58.5615573023852,58.5615573023852,58.5615573023852,64.117395013355,0,58.5615573023852,58.5615573023852,58.5615573023852,58.5615573023852,58.5615573023852,58.5615573023852,58.5615573023852,58.5615573023852,58.5615573023852,58.5615573023852,58.5615573023852,64.117395013355,64.117395013355,0
0,58.5615573023852,58.5615573023852,58.5615573023852,58.5615573023852,64.117395013355,58.5615573023852,58.5615573023852,58.5615573023852,64.117395013355,0,58.5615573023852,58.5615573023852,58.5615573023852,58.5615573023852,58.5615573023852,58.5615573023852,58.5615573023852,58.5615573023852,58.5615573023852,58.5615573023852,58.5615573023852,64.117395013355,64.117395013355,0
0,58.5615573023852,58.5615573023852,58.5615573023852,58.5615573023852,64.117395013355,58.5615573023852,58.5615573023852,58.5615573023852,64.117395013355,0,58.5615573023852,58.5615573023852,58.5615573023852,58.5615573023852,58.5615573023852,58.5615573023852,58.5615573023852,58.5615573023852,58.5615573023852,58.5615573023852,58.5615573023852,64.117395013355,64.117395013355,0
0,58.5615573023852,58.5615573023852,58.5615573023852,58.5615573023852,64.117395013355,58.5615573023852,58.5615573023852,58.5615573023852,64.117395013355,0,58.5615573023852,58.5615573023852,58.5615573023852,58.5615573023852,58.5615573023852,58.5615573023852,58.5615573023852,58.5615573023852,58.5615573023852,58.5615573023852,58.5615573023852,64.117395013355,64.117395013355,0
0,58.5615573023852,58.5615573023852,58.5615573023852,58.5615573023852,64.117395013355,58.5615573023852,58.5615573023852,58.5615573023852,64.117395013355,0,58.5615573023852,58.5615573023852,58.5615573023852,58.5615573023852,58.5615573023852,58.5615573023852,58.5615573023852,58.5615573023852,58.5615573023852,58.5615573023852,58.5615573023852,64.117395013355,64.117395013355,0
0,58.5615573023852,58.5615573023852,58.5615573023852,58.5615573023852,64.117395013355,58.5615573023852,58.5615573023852,58.5615573023852,64.117395013355,0,58.5615573023852,58.5615573023852,58.5615573023852,58.5615573023852,58.5615573023852,58.5615573023852,58.5615573023852,58.5615573023852,58.5615573023852,58.5615573023852,58.5615573023852,64.117395013355,64.117395013355,0
0,58.5615573023852,58.5615573023852,58.5615573023852,58.5615573023852,64.117395013355,58.5615573023852,58.5615573023852,58.5615573023852,64.117395013355,0,58.5615573023852,58.5615573023852,58.5615573023852,58.5615573023852,58.5615573023852,58.5615573023852,58.5615573023852,58.5615573023852,58.5615573023852,58.5615573023852,58.5615573023852,64.117395013355,64.117395013355,0
0,58.5615573023852,58.5615573023852,58.5615573023852,58.5615573023852,64.117395013355,58.5615573023852,58.5615573023852,58.5615573023852,64.117395013355,0,58.5615573023852,58.5615573023852,58.5615573023852,58.5615573023852,58.5615573023852,58.5615573023852,58.5615573023852,58.5615573023852,58.5615573023852,58.5615573023852,58.5615573023852,64.117395013355,64.117395013355,0
0,58.5615573023852,58.5615573023852,58.5615573023852,58.5615573023852,64.117395013355,58.5615573023852,58.5615573023852,58.5615573023852,64.117395013355,0,58.5615573023852,58.5615573023852,58.5615573023852,58.5615573023852,58.5615573023852,58.5615573023852,58.5615573023852,58.5615573023852,58.5615573023852,58.5615573023852,58.5615573023852,64.117395013355,64.117395013355,0
0,58.5615573023852,58.5615573023852,58.5615573023852,58.5615573023852,64.117395013355,58.5615573023852,58.5615573023852,58.5615573023852,64.117395013355,0,58.5615573023852,58.5615573023852,58.5615573023852,58.5615573023852,58.5615573023852,58.5615573023852,58.5615573023852,58.5615573023852,58.5615573023852,58.5615573023852,58.5615573023852,64.117395013355,64.117395013355,0
0,58.5615573023852,58.5615573023852,58.5615573023852,58.5615573023852,64.117395013355,58.5615573023852,58.5615573023852,58.5615573023852,64.117395013355,0,58.5615573023852,58.5615573023852,58.5615573023852,58.5615573023852,58.5615573023852,58.5615573023852,58.5615573023852,58.5615573023852,58.5615573023852,58.5615573023852,58.5615573023852,64.117395013355,64.117395013355,0
0,58.5615573023852,58.5615573023852,58.5615573023852,58.5615573023852,64.117395013355,58.5615573023852,58.5615573023852,58.5615573023852,64.117395013355,0,58.5615573023852,58.5615573023852,58.5615573023852,58.5615573023852,58.5615573023852,58.5615573023852,58.5615573023852,58.5615573023852,58.5615573023852,58.5615573023852,58.5615573023852,64.117395013355,64.117395013355,0
0,58.5615573023852,58.5615573023852,58.5615573023852,58.5615573023852,64.117395013355,58.5615573023852,58.5615573023852,58.5615573023852,64.117395013355,0,58.5615573023852,58.5615573023852,58.5615573023852,58.5615573023852,58.5615573023852,58.5615573023852,58.5615573023852,58.5615573023852,58.5615573023852,58.5615573023852,58.5615573023852,64.117395013355,64.117395013355,0
0,58.5615573023852,58.5615573023852,58.5615573023852,58.5615573023852,64.117395013355,58.5615573023852,58.5615573023852,58.5615573023852,64.117395013355,0,58.5615573023852,58.5615573023852,58.5615573023852,58.5615573023852,58.5615573023852,58.5615573023852,58.5615573023852,58.5615573023852,58.5615573023852,58.5615573023852,58.5615573023852,64.117395013355,64.117395013355,0
0,58.5615573023852,58.5615573023852,58.5615573023852,58.5615573023852,64.117395013355,58.5615573023852,58.5615573023852,58.5615573023852,64.117395013355,0,58.5615573023852,58.5615573023852,58.5615573023852,58.5615573023852,58.5615573023852,58.5615573023852,58.5615573023852,58.5615573023852,58.5615573023852,58.5615573023852,58.5615573023852,64.117395013355,64.117395013355,0
0,58.5615573023852,58.5615573023852,58.5615573023852,58.5615573023852,64.117395013355,58.5615573023852,58.5615573023852,58.5615573023852,64.117395013355,0,58.5615573023852,58.5615573023852,58.5615573023852,58.5615573023852,58.5615573023852,58.5615573023852,58.5615573023852,58.5615573023852,58.5615573023852,58.5615573023852,58.5615573023852,64.117395013355,64.117395013355,0
0,58.5615573023852,58.5615573023852,58.5615573023852,58.5615573023852,64.117395013355,58.5615573023852,58.5615573023852,58.5615573023852,64.117395013355,0,58.5615573023852,58.5615573023852,58.5615573023852,58.5615573023852,58.5615573023852,58.5615573023852,58.5615573023852,58.5615573023852,58.5615573023852,58.5615573023852,58.5615573023852,64.117395013355,64.117395013355,0
0,58.5615573023852,58.5615573023852,58.5615573023852,58.5615573023852,64.117395013355,58.5615573023852,58.5615573023852,58.5615573023852,64.117395013355,0,58.5615573023852,58.5615573023852,58.5615573023852,58.5615573023852,58.5615573023852,58.5615573023852,58.5615573023852,58.5615573023852,58.5615573023852,58.5615573023852,58.5615573023852,64.117395013355,64.117395013355,0
0,58.5615573023852,58.5615573023852,58.5615573023852,58.5615573023852,64.117395013355,58.5615573023852,58.5615573023852,58.5615573023852,64.117395013355,0,58.5615573023852,58.5615573023852,58.5615573023852,58.5615573023852,58.5615573023852,58.5615573023852,58.5615573023852,58.5615573023852,58.5615573023852,58.5615573023852,58.5615573023852,64.117395013355,64.117395013355,0
0,58.5615573023852,58.5615573023852,58.5615573023852,58.5615573023852,64.117395013355,58.5615573023852,58.5615573023852,58.5615573023852,64.117395013355,0,58.5615573023852,58.5615573023852,58.5615573023852,58.5615573023852,58.5615573023852,58.5615573023852,58.5615573023852,58.5615573023852,58.5615573023852,58.5615573023852,58.5615573023852,64.117395013355,64.117395013355,0
0,58.5615573023852,58.5615573023852,58.5615573023852,58.5615573023852,64.117395013355,58.5615573023852,58.5615573023852,58.5615573023852,64.117395013355,0,58.5615573023852,58.5615573023852,58.5615573023852,58.5615573023852,58.5615573023852,58.5615573023852,58.5615573023852,58.5615573023852,58.5615573023852,58.5615573023852,58.5615573023852,64.117395013355,64.117395013355,0
0,58.5615573023852,58.5615573023852,58.5615573023852,58.5615573023852,64.117395013355,58.5615573023852,58.5615573023852,58.5615573023852,64.117395013355,0,58.5615573023852,58.5615573023852,58.5615573023852,58.5615573023852,58.5615573023852,58.5615573023852,58.5615573023852,58.5615573023852,58.5615573023852,58.5615573023852,58.5615573023852,64.117395013355,64.117395013355,0
0,58.5615573023852,58.5615573023852,58.5615573023852,58.5615573023852,64.117395013355,58.5615573023852,58.5615573023852,58.5615573023852,64.117395013355,0,58.5615573023852,58.5615573023852,58.5615573023852,58.5615573023852,58.5615573023852,58.5615573023852,58.5615573023852,58.5615573023852,58.5615573023852,58.5615573023852,58.5615573023852,64.117395013355,64.117395013355,0
0,58.5615573023852,58.5615573023852,58.5615573023852,58.5615573023852,64.117395013355,58.5615573023852,58.5615573023852,58.5615573023852,64.117395013355,0,58.5615573023852,58.5615573023852,58.5615573023852,58.5615573023852,58.5615573023852,58.5615573023852,58.5615573023852,58.5615573023852,58.5615573023852,58.5615573023852,58.5615573023852,64.117395013355,64.117395013355,0
0,58.5615573023852,58.5615573023852,58.5615573023852,58.5615573023852,64.117395013355,58.5615573023852,58.5615573023852,58.5615573023852,64.117395013355,0,58.5615573023852,58.5615573023852,58.5615573023852,58.5615573023852,58.5615573023852,58.5615573023852,58.5615573023852,58.5615573023852,58.5615573023852,58.5615573023852,58.5615573023852,64.117395013355,64.117395013355,0
0,58.5615573023852,58.5615573023852,58.5615573023852,58.5615573023852,64.117395013355,58.5615573023852,58.5615573023852,58.5615573023852,64.117395013355,0,58.5615573023852,58.5615573023852,58.5615573023852,58.5615573023852,58.5615573023852,58.5615573023852,58.5615573023852,58.5615573023852,58.5615573023852,58.5615573023852,58.5615573023852,64.117395013355,64.117395013355,0
0,58.5615573023852,58.5615573023852,58.5615573023852,58.5615573023852,64.117395013355,58.5615573023852,58.5615573023852,58.5615573023852,64.117395013355,0,58.5615573023852,58.5615573023852,58.5615573023852,58.5615573023852,58.5615573023852,58.5615573023852,58.5615573023852,58.5615573023852,58.5615573023852,58.5615573023852,58.5615573023852,64.117395013355,64.117395013355,0
0,58.5615573023852,58.5615573023852,58.5615573023852,58.5615573023852,64.117395013355,58.5615573023852,58.5615573023852,58.5615573023852,64.117395013355,0,58.5615573023852,58.5615573023852,58.5615573023852,58.5615573023852,58.5615573023852,58.5615573023852,58.5615573023852,58.5615573023852,58.5615573023852,58.5615573023852,58.5615573023852,64.117395013355,64.117395013355,0
0,58.5615573023852,58.5615573023852,58.5615573023852,58.5615573023852,64.117395013355,58.5615573023852,58.5615573023852,58.5615573023852,64.117395013355,0,58.5615573023852,58.5615573023852,58.5615573023852,58.5615573023852,58.5615573023852,58.5615573023852,58.5615573023852,58.5615573023852,58.5615573023852,58.5615573023852,58.5615573023852,64.117395013355,64.117395013355,0
0,58.5615573023852,58.5615573023852,58.5615573023852,58.5615573023852,64.117395013355,58.5615573023852,58.5615573023852,58.5615573023852,64.117395013355,0,58.5615573023852,58.5615573023852,58.5615573023852,58.5615573023852,58.5615573023852,58.5615573023852,58.5615573023852,58.5615573023852,58.5615573023852,58.5615573023852,58.5615573023852,64.117395013355,64.117395013355,0
0,58.5615573023852,58.5615573023852,58.5615573023852,58.5615573023852,64.117395013355,58.5615573023852,58.5615573023852,58.5615573023852,64.117395013355,0,58.5615573023852,58.5615573023852,58.5615573023852,58.5615573023852,58.5615573023852,58.5615573023852,58.5615573023852,58.5615573023852,58.5615573023852,58.5615573023852,58.5615573023852,64.117395013355,64.117395013355,0
0,58.5615573023852,58.5615573023852,58.5615573023852,58.5615573023852,64.117395013355,58.5615573023852,58.5615573023852,58.5615573023852,64.117395013355,0,58.5615573023852,58.5615573023852,58.5615573023852,58.5615573023852,58.5615573023852,58.5615573023852,58.5615573023852,58.5615573023852,58.5615573023852,58.5615573023852,58.5615573023852,64.117395013355,64.117395013355,0
0,58.5615573023852,58.5615573023852,58.5615573023852,58.5615573023852,64.117395013355,58.5615573023852,58.5615573023852,58.5615573023852,64.117395013355,0,58.5615573023852,58.5615573023852,58.5615573023852,58.5615573023852,58.5615573023852,58.5615573023852,58.5615573023852,58.5615573023852,58.5615573023852,58.5615573023852,58.5615573023852,64.117395013355,64.117395013355,0
0,58.5615573023852,58.5615573023852,58.5615573023852,58.5615573023852,64.117395013355,58.5615573023852,58.5615573023852,58.5615573023852,64.117395013355,0,58.5615573023852,58.5615573023852,58.5615573023852,58.5615573023852,58.5615573023852,58.5615573023852,58.5615573023852,58.5615573023852,58.5615573023852,58.5615573023852,58.5615573023852,64.117395013355,64.117395013355,0
0,58.5615573023852,58.5615573023852,58.5615573023852,58.5615573023852,64.117395013355,58.5615573023852,58.5615573023852,58.5615573023852,64.117395013355,0,58.5615573023852,58.5615573023852,58.5615573023852,58.5615573023852,58.5615573023852,58.5615573023852,58.5615573023852,58.5615573023852,58.5615573023852,58.5615573023852,58.5615573023852,64.117395013355,64.117395013355,0
0,58.5615573023852,58.5615573023852,58.5615573023852,58.5615573023852,64.117395013355,58.5615573023852,58.5615573023852,58.5615573023852,64.117395013355,0,58.5615573023852,58.5615573023852,58.5615573023852,58.5615573023852,58.5615573023852,58.5615573023852,58.5615573023852,58.5615573023852,58.5615573023852,58.5615573023852,58.5615573023852,64.117395013355,64.117395013355,0
0,58.5615573023852,58.5615573023852,58.5615573023852,58.5615573023852,64.117395013355,58.5615573023852,58.5615573023852,58.5615573023852,64.117395013355,0,58.5615573023852,58.5615573023852,58.5615573023852,58.5615573023852,58.5615573023852,58.5615573023852,58.5615573023852,58.5615573023852,58.5615573023852,58.5615573023852,58.5615573023852,64.117395013355,64.117395013355,0
0,58.5615573023852,58.5615573023852,58.5615573023852,58.5615573023852,64.117395013355,58.5615573023852,58.5615573023852,58.5615573023852,64.117395013355,0,58.5615573023852,58.5615573023852,58.5615573023852,58.5615573023852,58.5615573023852,58.5615573023852,58.5615573023852,58.5615573023852,58.5615573023852,58.5615573023852,58.5615573023852,64.117395013355,64.117395013355,0
0,58.5615573023852,58.5615573023852,58.5615573023852,58.5615573023852,64.117395013355,58.5615573023852,58.5615573023852,58.5615573023852,64.117395013355,0,58.5615573023852,58.5615573023852,58.5615573023852,58.5615573023852,58.5615573023852,58.5615573023852,58.5615573023852,58.5615573023852,58.5615573023852,58.5615573023852,58.5615573023852,64.117395013355,64.117395013355,0
0,58.5615573023852,58.5615573023852,58.5615573023852,58.5615573023852,64.117395013355,58.5615573023852,58.5615573023852,58.5615573023852,64.117395013355,0,58.5615573023852,58.5615573023852,58.5615573023852,58.5615573023852,58.5615573023852,58.5615573023852,58.5615573023852,58.5615573023852,58.5615573023852,58.5615573023852,58.5615573023852,64.117395013355,64.117395013355,0
0,58.5615573023852,58.5615573023852,58.5615573023852,58.5615573023852,64.117395013355,58.5615573023852,58.5615573023852,58.5615573023852,64.117395013355,0,58.5615573023852,58.5615573023852,58.5615573023852,58.5615573023852,58.5615573023852,58.5615573023852,58.5615573023852,58.5615573023852,58.5615573023852,58.5615573023852,58.5615573023852,64.117395013355,64.117395013355,0
0,58.5615573023852,58.5615573023852,58.5615573023852,58.5615573023852,64.117395013355,58.5615573023852,58.5615573023852,58.5615573023852,64.117395013355,0,58.5615573023852,58.5615573023852,58.5615573023852,58.5615573023852,58.5615573023852,58.5615573023852,58.5615573023852,58.5615573023852,58.5615573023852,58.5615573023852,58.5615573023852,64.117395013355,64.117395013355,0
0,58.5615573023852,58.5615573023852,58.5615573023852,58.5615573023852,64.117395013355,58.5615573023852,58.5615573023852,58.5615573023852,64.117395013355,0,58.5615573023852,58.5615573023852,58.5615573023852,58.5615573023852,58.5615573023852,58.5615573023852,58.5615573023852,58.5615573023852,58.5615573023852,58.5615573023852,58.5615573023852,64.117395013355,64.117395013355,0
0,58.5615573023852,58.5615573023852,58.5615573023852,58.5615573023852,64.117395013355,58.5615573023852,58.5615573023852,58.5615573023852,64.117395013355,0,58.5615573023852,58.5615573023852,58.5615573023852,58.5615573023852,58.5615573023852,58.5615573023852,58.5615573023852,58.5615573023852,58.5615573023852,58.5615573023852,58.5615573023852,64.117395013355,64.117395013355,0
0,58.5615573023852,58.5615573023852,58.5615573023852,58.5615573023852,64.117395013355,58.5615573023852,58.5615573023852,58.5615573023852,64.117395013355,0,58.5615573023852,58.5615573023852,58.5615573023852,58.5615573023852,58.5615573023852,58.5615573023852,58.5615573023852,58.5615573023852,58.5615573023852,58.5615573023852,58.5615573023852,64.117395013355,64.117395013355,0
0,58.5615573023852,58.5615573023852,58.5615573023852,58.5615573023852,64.117395013355,58.5615573023852,58.5615573023852,58.5615573023852,64.117395013355,0,58.5615573023852,58.5615573023852,58.5615573023852,58.5615573023852,58.5615573023852,58.5615573023852,58.5615573023852,58.5615573023852,58.5615573023852,58.5615573023852,58.5615573023852,64.117395013355,64.117395013355,0
0,58.5615573023852,58.5615573023852,58.5615573023852,58.5615573023852,64.117395013355,58.5615573023852,58.5615573023852,58.5615573023852,64.117395013355,0,58.5615573023852,58.5615573023852,58.5615573023852,58.5615573023852,58.5615573023852,58.5615573023852,58.5615573023852,58.5615573023852,58.5615573023852,58.5615573023852,58.5615573023852,64.117395013355,64.117395013355,0
0,58.5615573023852,58.5615573023852,58.5615573023852,58.5615573023852,64.117395013355,58.5615573023852,58.5615573023852,58.5615573023852,64.117395013355,0,58.5615573023852,58.5615573023852,58.5615573023852,58.5615573023852,58.5615573023852,58.5615573023852,58.5615573023852,58.5615573023852,58.5615573023852,58.5615573023852,58.5615573023852,64.117395013355,64.117395013355,0
0,58.5615573023852,58.5615573023852,58.5615573023852,58.5615573023852,64.117395013355,58.5615573023852,58.5615573023852,58.5615573023852,64.117395013355,0,58.5615573023852,58.5615573023852,58.5615573023852,58.5615573023852,58.5615573023852,58.5615573023852,58.5615573023852,58.5615573023852,58.5615573023852,58.5615573023852,58.5615573023852,64.117395013355,64.117395013355,0
0,58.5615573023852,58.5615573023852,58.5615573023852,58.5615573023852,64.117395013355,58.5615573023852,58.5615573023852,58.5615573023852,64.117395013355,0,58.5615573023852,58.5615573023852,58.5615573023852,58.5615573023852,58.5615573023852,58.5615573023852,58.5615573023852,58.5615573023852,58.5615573023852,58.5615573023852,58.5615573023852,64.117395013355,64.117395013355,0
0,58.5615573023852,58.5615573023852,58.5615573023852,58.5615573023852,64.117395013355,58.5615573023852,58.5615573023852,58.5615573023852,64.117395013355,0,58.5615573023852,58.5615573023852,58.5615573023852,58.5615573023852,58.5615573023852,58.5615573023852,58.5615573023852,58.5615573023852,58.5615573023852,58.5615573023852,58.5615573023852,64.117395013355,64.117395013355,0
0,58.5615573023852,58.5615573023852,58.5615573023852,58.5615573023852,64.117395013355,58.5615573023852,58.5615573023852,58.5615573023852,64.117395013355,0,58.5615573023852,58.5615573023852,58.5615573023852,58.5615573023852,58.5615573023852,58.5615573023852,58.5615573023852,58.5615573023852,58.5615573023852,58.5615573023852,58.5615573023852,64.117395013355,64.117395013355,0
0,58.5615573023852,58.5615573023852,58.5615573023852,58.5615573023852,64.117395013355,58.5615573023852,58.5615573023852,58.5615573023852,64.117395013355,0,58.5615573023852,58.5615573023852,58.5615573023852,58.5615573023852,58.5615573023852,58.5615573023852,58.5615573023852,58.5615573023852,58.5615573023852,58.5615573023852,58.5615573023852,64.117395013355,64.117395013355,0
0,58.5615573023852,58.5615573023852,58.5615573023852,58.5615573023852,64.117395013355,58.5615573023852,58.5615573023852,58.5615573023852,64.117395013355,0,58.5615573023852,58.5615573023852,58.5615573023852,58.5615573023852,58.5615573023852,58.5615573023852,58.5615573023852,58.5615573023852,58.5615573023852,58.5615573023852,58.5615573023852,64.117395013355,64.117395013355,0
0,58.5615573023852,58.5615573023852,58.5615573023852,58.5615573023852,64.117395013355,58.5615573023852,58.5615573023852,58.5615573023852,64.117395013355,0,58.5615573023852,58.5615573023852,58.5615573023852,58.5615573023852,58.5615573023852,58.5615573023852,58.5615573023852,58.5615573023852,58.5615573023852,58.5615573023852,58.5615573023852,64.117395013355,64.117395013355,0
0,58.5615573023852,58.5615573023852,58.5615573023852,58.5615573023852,64.117395013355,58.5615573023852,58.5615573023852,58.5615573023852,64.117395013355,0,58.5615573023852,58.5615573023852,58.5615573023852,58.5615573023852,58.5615573023852,58.5615573023852,58.5615573023852,58.5615573023852,58.5615573023852,58.5615573023852,58.5615573023852,64.117395013355,64.117395013355,0
0,58.5615573023852,58.5615573023852,58.5615573023852,58.5615573023852,64.117395013355,58.5615573023852,58.5615573023852,58.5615573023852,64.117395013355,0,58.5615573023852,58.5615573023852,58.5615573023852,58.5615573023852,58.5615573023852,58.5615573023852,58.5615573023852,58.5615573023852,58.5615573023852,58.5615573023852,58.5615573023852,64.117395013355,64.117395013355,0
0,58.5615573023852,58.5615573023852,58.5615573023852,58.5615573023852,64.117395013355,58.5615573023852,58.5615573023852,58.5615573023852,64.117395013355,0,58.5615573023852,58.5615573023852,58.5615573023852,58.5615573023852,58.5615573023852,58.5615573023852,58.5615573023852,58.5615573023852,58.5615573023852,58.5615573023852,58.5615573023852,64.117395013355,64.117395013355,0
0,58.5615573023852,58.5615573023852,58.5615573023852,58.5615573023852,64.117395013355,58.5615573023852,58.5615573023852,58.5615573023852,64.117395013355,0,58.5615573023852,58.5615573023852,58.5615573023852,58.5615573023852,58.5615573023852,58.5615573023852,58.5615573023852,58.5615573023852,58.5615573023852,58.5615573023852,58.5615573023852,64.117395013355,64.117395013355,0
0,58.5615573023852,58.5615573023852,58.5615573023852,58.5615573023852,64.117395013355,58.5615573023852,58.5615573023852,58.5615573023852,64.117395013355,0,58.5615573023852,58.5615573023852,58.5615573023852,58.5615573023852,58.5615573023852,58.5615573023852,58.5615573023852,58.5615573023852,58.5615573023852,58.5615573023852,58.5615573023852,64.117395013355,64.117395013355,0
0,58.5615573023852,58.5615573023852,58.5615573023852,58.5615573023852,64.117395013355,58.5615573023852,58.5615573023852,58.5615573023852,64.117395013355,0,58.5615573023852,58.5615573023852,58.5615573023852,58.5615573023852,58.5615573023852,58.5615573023852,58.5615573023852,58.5615573023852,58.5615573023852,58.5615573023852,58.5615573023852,64.117395013355,64.117395013355,0
0,58.5615573023852,58.5615573023852,58.5615573023852,58.5615573023852,64.117395013355,58.5615573023852,58.5615573023852,58.5615573023852,64.117395013355,0,58.5615573023852,58.5615573023852,58.5615573023852,58.5615573023852,58.5615573023852,58.5615573023852,58.5615573023852,58.5615573023852,58.5615573023852,58.5615573023852,58.5615573023852,64.117395013355,64.117395013355,0
0,58.5615573023852,58.5615573023852,58.5615573023852,58.5615573023852,64.117395013355,58.5615573023852,58.5615573023852,58.5615573023852,64.117395013355,0,58.5615573023852,58.5615573023852,58.5615573023852,58.5615573023852,58.5615573023852,58.5615573023852,58.5615573023852,58.5615573023852,58.5615573023852,58.5615573023852,58.5615573023852,64.117395013355,64.117395013355,0
0,58.5615573023852,58.5615573023852,58.5615573023852,58.5615573023852,64.117395013355,58.5615573023852,58.5615573023852,58.5615573023852,64.117395013355,0,58.5615573023852,58.5615573023852,58.5615573023852,58.5615573023852,58.5615573023852,58.5615573023852,58.5615573023852,58.5615573023852,58.5615573023852,58.5615573023852,58.5615573023852,64.117395013355,64.117395013355,0
0,58.5615573023852,58.5615573023852,58.5615573023852,58.5615573023852,64.117395013355,58.5615573023852,58.5615573023852,58.5615573023852,64.117395013355,0,58.5615573023852,58.5615573023852,58.5615573023852,58.5615573023852,58.5615573023852,58.5615573023852,58.5615573023852,58.5615573023852,58.5615573023852,58.5615573023852,58.5615573023852,64.117395013355,64.117395013355,0
0,58.5615573023852,58.5615573023852,58.5615573023852,58.5615573023852,64.117395013355,58.5615573023852,58.5615573023852,58.5615573023852,64.117395013355,0,58.5615573023852,58.5615573023852,58.5615573023852,58.5615573023852,58.5615573023852,58.5615573023852,58.5615573023852,58.5615573023852,58.5615573023852,58.5615573023852,58.5615573023852,64.117395013355,64.117395013355,0
0,58.5615573023852,58.5615573023852,58.5615573023852,58.5615573023852,64.117395013355,58.5615573023852,58.5615573023852,58.5615573023852,64.117395013355,0,58.5615573023852,58.5615573023852,58.5615573023852,58.5615573023852,58.5615573023852,58.5615573023852,58.5615573023852,58.5615573023852,58.5615573023852,58.5615573023852,58.5615573023852,64.117395013355,64.117395013355,0
0,58.5615573023852,58.5615573023852,58.5615573023852,58.5615573023852,64.117395013355,58.5615573023852,58.5615573023852,58.5615573023852,64.117395013355,0,58.5615573023852,58.5615573023852,58.5615573023852,58.5615573023852,58.5615573023852,58.5615573023852,58.5615573023852,58.5615573023852,58.5615573023852,58.5615573023852,58.5615573023852,64.117395013355,64.117395013355,0
0,58.5615573023852,58.5615573023852,58.5615573023852,58.5615573023852,64.117395013355,58.5615573023852,58.5615573023852,58.5615573023852,64.117395013355,0,58.5615573023852,58.5615573023852,58.5615573023852,58.5615573023852,58.5615573023852,58.5615573023852,58.5615573023852,58.5615573023852,58.5615573023852,58.5615573023852,58.5615573023852,64.117395013355,64.117395013355,0
0,58.5615573023852,58.5615573023852,58.5615573023852,58.5615573023852,64.117395013355,58.5615573023852,58.5615573023852,58.5615573023852,64.117395013355,0,58.5615573023852,58.5615573023852,58.5615573023852,58.5615573023852,58.5615573023852,58.5615573023852,58.5615573023852,58.5615573023852,58.5615573023852,58.5615573023852,58.5615573023852,64.117395013355,64.117395013355,0
0,58.5615573023852,58.5615573023852,58.5615573023852,58.5615573023852,64.117395013355,58.5615573023852,58.5615573023852,58.5615573023852,64.117395013355,0,58.5615573023852,58.5615573023852,58.5615573023852,58.5615573023852,58.5615573023852,58.5615573023852,58.5615573023852,58.5615573023852,58.5615573023852,58.5615573023852,58.5615573023852,64.117395013355,64.117395013355,0
0,58.5615573023852,58.5615573023852,58.5615573023852,58.5615573023852,64.117395013355,58.5615573023852,58.5615573023852,58.5615573023852,64.117395013355,0,58.5615573023852,58.5615573023852,58.5615573023852,58.5615573023852,58.5615573023852,58.5615573023852,58.5615573023852,58.5615573023852,58.5615573023852,58.5615573023852,58.5615573023852,64.117395013355,64.117395013355,0
0,58.5615573023852,58.5615573023852,58.5615573023852,58.5615573023852,64.117395013355,58.5615573023852,58.5615573023852,58.5615573023852,64.117395013355,0,58.5615573023852,58.5615573023852,58.5615573023852,58.5615573023852,58.5615573023852,58.5615573023852,58.5615573023852,58.5615573023852,58.5615573023852,58.5615573023852,58.5615573023852,64.117395013355,64.117395013355,0
0,58.5615573023852,58.5615573023852,58.5615573023852,58.5615573023852,64.117395013355,58.5615573023852,58.5615573023852,58.5615573023852,64.117395013355,0,58.5615573023852,58.5615573023852,58.5615573023852,58.5615573023852,58.5615573023852,58.5615573023852,58.5615573023852,58.5615573023852,58.5615573023852,58.5615573023852,58.5615573023852,64.117395013355,64.117395013355,0
0,58.5615573023852,58.5615573023852,58.5615573023852,58.5615573023852,64.117395013355,58.5615573023852,58.5615573023852,58.5615573023852,64.117395013355,0,58.5615573023852,58.5615573023852,58.5615573023852,58.5615573023852,58.5615573023852,58.5615573023852,58.5615573023852,58.5615573023852,58.5615573023852,58.5615573023852,58.5615573023852,64.117395013355,64.117395013355,0
0,58.5615573023852,58.5615573023852,58.5615573023852,58.5615573023852,64.117395013355,58.5615573023852,58.5615573023852,58.5615573023852,64.117395013355,0,58.5615573023852,58.5615573023852,58.5615573023852,58.5615573023852,58.5615573023852,58.5615573023852,58.5615573023852,58.5615573023852,58.5615573023852,58.5615573023852,58.5615573023852,64.117395013355,64.117395013355,0
0,58.5615573023852,58.5615573023852,58.5615573023852,58.5615573023852,64.117395013355,58.5615573023852,58.5615573023852,58.5615573023852,64.117395013355,0,58.5615573023852,58.5615573023852,58.5615573023852,58.5615573023852,58.5615573023852,58.5615573023852,58.5615573023852,58.5615573023852,58.5615573023852,58.5615573023852,58.5615573023852,64.117395013355,64.117395013355,0
0,58.5615573023852,58.5615573023852,58.5615573023852,58.5615573023852,64.117395013355,58.5615573023852,58.5615573023852,58.5615573023852,64.117395013355,0,58.5615573023852,58.5615573023852,58.5615573023852,58.5615573023852,58.5615573023852,58.5615573023852,58.5615573023852,58.5615573023852,58.5615573023852,58.5615573023852,58.5615573023852,64.117395013355,64.117395013355,0
0,58.5615573023852,58.5615573023852,58.5615573023852,58.5615573023852,64.117395013355,58.5615573023852,58.5615573023852,58.5615573023852,64.117395013355,0,58.5615573023852,58.5615573023852,58.5615573023852,58.5615573023852,58.5615573023852,58.5615573023852,58.5615573023852,58.5615573023852,58.5615573023852,58.5615573023852,58.5615573023852,64.117395013355,64.117395013355,0
0,58.5615573023852,58.5615573023852,58.5615573023852,58.5615573023852,64.117395013355,58.5615573023852,58.5615573023852,58.5615573023852,64.117395013355,0,58.5615573023852,58.5615573023852,58.5615573023852,58.5615573023852,58.5615573023852,58.5615573023852,58.5615573023852,58.5615573023852,58.5615573023852,58.5615573023852,58.5615573023852,64.117395013355,64.117395013355,0
0,58.5615573023852,58.5615573023852,58.5615573023852,58.5615573023852,64.117395013355,58.5615573023852,58.5615573023852,58.5615573023852,64.117395013355,0,58.5615573023852,58.5615573023852,58.5615573023852,58.5615573023852,58.5615573023852,58.5615573023852,58.5615573023852,58.5615573023852,58.5615573023852,58.5615573023852,58.5615573023852,64.117395013355,64.117395013355,0
0,58.5615573023852,58.5615573023852,58.5615573023852,58.5615573023852,64.117395013355,58.5615573023852,58.5615573023852,58.5615573023852,64.117395013355,0,58.5615573023852,58.5615573023852,58.5615573023852,58.5615573023852,58.5615573023852,58.5615573023852,58.5615573023852,58.5615573023852,58.5615573023852,58.5615573023852,58.5615573023852,64.117395013355,64.117395013355,0
0,58.5615573023852,58.5615573023852,58.5615573023852,58.5615573023852,64.117395013355,58.5615573023852,58.5615573023852,58.5615573023852,64.117395013355,0,58.5615573023852,58.5615573023852,58.5615573023852,58.5615573023852,58.5615573023852,58.5615573023852,58.5615573023852,58.5615573023852,58.5615573023852,58.5615573023852,58.5615573023852,64.117395013355,64.117395013355,0
0,58.5615573023852,58.5615573023852,58.5615573023852,58.5615573023852,64.117395013355,58.5615573023852,58.5615573023852,58.5615573023852,64.117395013355,0,58.5615573023852,58.5615573023852,58.5615573023852,58.5615573023852,58.5615573023852,58.5615573023852,58.5615573023852,58.5615573023852,58.5615573023852,58.5615573023852,58.5615573023852,64.117395013355,64.117395013355,0
0,58.5615573023852,58.5615573023852,58.5615573023852,58.5615573023852,64.117395013355,58.5615573023852,58.5615573023852,58.5615573023852,64.117395013355,0,58.5615573023852,58.5615573023852,58.5615573023852,58.5615573023852,58.5615573023852,58.5615573023852,58.5615573023852,58.5615573023852,58.5615573023852,58.5615573023852,58.5615573023852,64.117395013355,64.117395013355,0
0,58.5615573023852,58.5615573023852,58.5615573023852,58.5615573023852,64.117395013355,58.5615573023852,58.5615573023852,58.5615573023852,64.117395013355,0,58.5615573023852,58.5615573023852,58.5615573023852,58.5615573023852,58.5615573023852,58.5615573023852,58.5615573023852,58.5615573023852,58.5615573023852,58.5615573023852,58.5615573023852,64.117395013355,64.117395013355,0
0,58.5615573023852,58.5615573023852,58.5615573023852,58.5615573023852,64.117395013355,58.5615573023852,58.5615573023852,58.5615573023852,64.117395013355,0,58.5615573023852,58.5615573023852,58.5615573023852,58.5615573023852,58.5615573023852,58.5615573023852,58.5615573023852,58.5615573023852,58.5615573023852,58.5615573023852,58.5615573023852,64.117395013355,64.117395013355,0
0,58.5615573023852,58.5615573023852,58.5615573023852,58.5615573023852,64.117395013355,58.5615573023852,58.5615573023852,58.5615573023852,64.117395013355,0,58.5615573023852,58.5615573023852,58.5615573023852,58.5615573023852,58.5615573023852,58.5615573023852,58.5615573023852,58.5615573023852,58.5615573023852,58.5615573023852,58.5615573023852,64.117395013355,64.117395013355,0
0,58.5615573023852,58.5615573023852,58.5615573023852,58.5615573023852,64.117395013355,58.5615573023852,58.5615573023852,58.5615573023852,64.117395013355,0,58.5615573023852,58.5615573023852,58.5615573023852,58.5615573023852,58.5615573023852,58.5615573023852,58.5615573023852,58.5615573023852,58.5615573023852,58.5615573023852,58.5615573023852,64.117395013355,64.117395013355,0
0,58.5615573023852,58.5615573023852,58.5615573023852,58.5615573023852,64.117395013355,58.5615573023852,58.5615573023852,58.5615573023852,64.117395013355,0,58.5615573023852,58.5615573023852,58.5615573023852,58.5615573023852,58.5615573023852,58.5615573023852,58.5615573023852,58.5615573023852,58.5615573023852,58.5615573023852,58.5615573023852,64.117395013355,64.117395013355,0
0,58.5615573023852,58.5615573023852,58.5615573023852,58.5615573023852,64.117395013355,58.5615573023852,58.5615573023852,58.5615573023852,64.117395013355,0,58.5615573023852,58.5615573023852,58.5615573023852,58.5615573023852,58.5615573023852,58.5615573023852,58.5615573023852,58.5615573023852,58.5615573023852,58.5615573023852,58.5615573023852,64.117395013355,64.117395013355,0
0,58.5615573023852,58.5615573023852,58.5615573023852,58.5615573023852,64.117395013355,58.5615573023852,58.5615573023852,58.5615573023852,64.117395013355,0,58.5615573023852,58.5615573023852,58.5615573023852,58.5615573023852,58.5615573023852,58.5615573023852,58.5615573023852,58.5615573023852,58.5615573023852,58.5615573023852,58.5615573023852,64.117395013355,64.117395013355,0
0,58.5615573023852,58.5615573023852,58.5615573023852,58.5615573023852,64.117395013355,58.5615573023852,58.5615573023852,58.5615573023852,64.117395013355,0,58.5615573023852,58.5615573023852,58.5615573023852,58.5615573023852,58.5615573023852,58.5615573023852,58.5615573023852,58.5615573023852,58.5615573023852,58.5615573023852,58.5615573023852,64.117395013355,64.117395013355,0
0,58.5615573023852,58.5615573023852,58.5615573023852,58.5615573023852,64.117395013355,58.5615573023852,58.5615573023852,58.5615573023852,64.117395013355,0,58.5615573023852,58.5615573023852,58.5615573023852,58.5615573023852,58.5615573023852,58.5615573023852,58.5615573023852,58.5615573023852,58.5615573023852,58.5615573023852,58.5615573023852,64.117395013355,64.117395013355,0
0,58.5615573023852,58.5615573023852,58.5615573023852,58.5615573023852,64.117395013355,58.5615573023852,58.5615573023852,58.5615573023852,64.117395013355,0,58.5615573023852,58.5615573023852,58.5615573023852,58.5615573023852,58.5615573023852,58.5615573023852,58.5615573023852,58.5615573023852,58.5615573023852,58.5615573023852,58.5615573023852,64.117395013355,64.117395013355,0
0,58.5615573023852,58.5615573023852,58.5615573023852,58.5615573023852,64.117395013355,58.5615573023852,58.5615573023852,58.5615573023852,64.117395013355,0,58.5615573023852,58.5615573023852,58.5615573023852,58.5615573023852,58.5615573023852,58.5615573023852,58.5615573023852,58.5615573023852,58.5615573023852,58.5615573023852,58.5615573023852,64.117395013355,64.117395013355,0
0,58.5615573023852,58.5615573023852,58.5615573023852,58.5615573023852,64.117395013355,58.5615573023852,58.5615573023852,58.5615573023852,64.117395013355,0,58.5615573023852,58.5615573023852,58.5615573023852,58.5615573023852,58.5615573023852,58.5615573023852,58.5615573023852,58.5615573023852,58.5615573023852,58.5615573023852,58.5615573023852,64.117395013355,64.117395013355,0
0,58.5615573023852,58.5615573023852,58.5615573023852,58.5615573023852,64.117395013355,58.5615573023852,58.5615573023852,58.5615573023852,64.117395013355,0,58.5615573023852,58.5615573023852,58.5615573023852,58.5615573023852,58.5615573023852,58.5615573023852,58.5615573023852,58.5615573023852,58.5615573023852,58.5615573023852,58.5615573023852,64.117395013355,64.117395013355,0
0,58.5615573023852,58.5615573023852,58.5615573023852,58.5615573023852,64.117395013355,58.5615573023852,58.5615573023852,58.5615573023852,64.117395013355,0,58.5615573023852,58.5615573023852,58.5615573023852,58.5615573023852,58.5615573023852,58.5615573023852,58.5615573023852,58.5615573023852,58.5615573023852,58.5615573023852,58.5615573023852,64.117395013355,64.117395013355,0
0,58.5615573023852,58.5615573023852,58.5615573023852,58.5615573023852,64.117395013355,58.5615573023852,58.5615573023852,58.5615573023852,64.117395013355,0,58.5615573023852,58.5615573023852,58.5615573023852,58.5615573023852,58.5615573023852,58.5615573023852,58.5615573023852,58.5615573023852,58.5615573023852,58.5615573023852,58.5615573023852,64.117395013355,64.117395013355,0
0,58.5615573023852,58.5615573023852,58.5615573023852,58.5615573023852,64.117395013355,58.5615573023852,58.5615573023852,58.5615573023852,64.117395013355,0,58.5615573023852,58.5615573023852,58.5615573023852,58.5615573023852,58.5615573023852,58.5615573023852,58.5615573023852,58.5615573023852,58.5615573023852,58.5615573023852,58.5615573023852,64.117395013355,64.117395013355,0
0,58.5615573023852,58.5615573023852,58.5615573023852,58.5615573023852,64.117395013355,58.5615573023852,58.5615573023852,58.5615573023852,64.117395013355,0,58.5615573023852,58.5615573023852,58.5615573023852,58.5615573023852,58.5615573023852,58.5615573023852,58.5615573023852,58.5615573023852,58.5615573023852,58.5615573023852,58.5615573023852,64.117395013355,64.117395013355,0
0,58.5615573023852,58.5615573023852,58.5615573023852,58.5615573023852,64.117395013355,58.5615573023852,58.5615573023852,58.5615573023852,64.117395013355,0,58.5615573023852,58.5615573023852,58.5615573023852,58.5615573023852,58.5615573023852,58.5615573023852,58.5615573023852,58.5615573023852,58.5615573023852,58.5615573023852,58.5615573023852,64.117395013355,64.117395013355,0
0,58.5615573023852,58.5615573023852,58.5615573023852,58.5615573023852,64.117395013355,58.5615573023852,58.5615573023852,58.5615573023852,64.117395013355,0,58.5615573023852,58.5615573023852,58.5615573023852,58.5615573023852,58.5615573023852,58.5615573023852,58.5615573023852,58.5615573023852,58.5615573023852,58.5615573023852,58.5615573023852,64.117395013355,64.117395013355,0
0,58.5615573023852,58.5615573023852,58.5615573023852,58.5615573023852,64.117395013355,58.5615573023852,58.5615573023852,58.5615573023852,64.117395013355,0,58.5615573023852,58.5615573023852,58.5615573023852,58.5615573023852,58.5615573023852,58.5615573023852,58.5615573023852,58.5615573023852,58.5615573023852,58.5615573023852,58.5615573023852,64.117395013355,64.117395013355,0
0,58.5615573023852,58.5615573023852,58.5615573023852,58.5615573023852,64.117395013355,58.5615573023852,58.5615573023852,58.5615573023852,64.117395013355,0,58.5615573023852,58.5615573023852,58.5615573023852,58.5615573023852,58.5615573023852,58.5615573023852,58.5615573023852,58.5615573023852,58.5615573023852,58.5615573023852,58.5615573023852,64.117395013355,64.117395013355,0
0,58.5615573023852,58.5615573023852,58.5615573023852,58.5615573023852,64.117395013355,58.5615573023852,58.5615573023852,58.5615573023852,64.117395013355,0,58.5615573023852,58.5615573023852,58.5615573023852,58.5615573023852,58.5615573023852,58.5615573023852,58.5615573023852,58.5615573023852,58.5615573023852,58.5615573023852,58.5615573023852,64.117395013355,64.117395013355,0
0,58.5615573023852,58.5615573023852,58.5615573023852,58.5615573023852,64.117395013355,58.5615573023852,58.5615573023852,58.5615573023852,64.117395013355,0,58.5615573023852,58.5615573023852,58.5615573023852,58.5615573023852,58.5615573023852,58.5615573023852,58.5615573023852,58.5615573023852,58.5615573023852,58.5615573023852,58.5615573023852,64.117395013355,64.117395013355,0
0,58.5615573023852,58.5615573023852,58.5615573023852,58.5615573023852,64.117395013355,58.5615573023852,58.5615573023852,58.5615573023852,64.117395013355,0,58.5615573023852,58.5615573023852,58.5615573023852,58.5615573023852,58.5615573023852,58.5615573023852,58.5615573023852,58.5615573023852,58.5615573023852,58.5615573023852,58.5615573023852,64.117395013355,64.117395013355,0
0,58.5615573023852,58.5615573023852,58.5615573023852,58.5615573023852,64.117395013355,58.5615573023852,58.5615573023852,58.5615573023852,64.117395013355,0,58.5615573023852,58.5615573023852,58.5615573023852,58.5615573023852,58.5615573023852,58.5615573023852,58.5615573023852,58.5615573023852,58.5615573023852,58.5615573023852,58.5615573023852,64.117395013355,64.117395013355,0
0,58.5615573023852,58.5615573023852,58.5615573023852,58.5615573023852,64.117395013355,58.5615573023852,58.5615573023852,58.5615573023852,64.117395013355,0,58.5615573023852,58.5615573023852,58.5615573023852,58.5615573023852,58.5615573023852,58.5615573023852,58.5615573023852,58.5615573023852,58.5615573023852,58.5615573023852,58.5615573023852,64.117395013355,64.117395013355,0
0,58.5615573023852,58.5615573023852,58.5615573023852,58.5615573023852,64.117395013355,58.5615573023852,58.5615573023852,58.5615573023852,64.117395013355,0,58.5615573023852,58.5615573023852,58.5615573023852,58.5615573023852,58.5615573023852,58.5615573023852,58.5615573023852,58.5615573023852,58.5615573023852,58.5615573023852,58.5615573023852,64.117395013355,64.117395013355,0
0,58.5615573023852,58.5615573023852,58.5615573023852,58.5615573023852,64.117395013355,58.5615573023852,58.5615573023852,58.5615573023852,64.117395013355,0,58.5615573023852,58.5615573023852,58.5615573023852,58.5615573023852,58.5615573023852,58.5615573023852,58.5615573023852,58.5615573023852,58.5615573023852,58.5615573023852,58.5615573023852,64.117395013355,64.117395013355,0
0,58.5615573023852,58.5615573023852,58.5615573023852,58.5615573023852,64.117395013355,58.5615573023852,58.5615573023852,58.5615573023852,64.117395013355,0,58.5615573023852,58.5615573023852,58.5615573023852,58.5615573023852,58.5615573023852,58.5615573023852,58.5615573023852,58.5615573023852,58.5615573023852,58.5615573023852,58.5615573023852,64.117395013355,64.117395013355,0
0,58.5615573023852,58.5615573023852,58.5615573023852,58.5615573023852,64.117395013355,58.5615573023852,58.5615573023852,58.5615573023852,64.117395013355,0,58.5615573023852,58.5615573023852,58.5615573023852,58.5615573023852,58.5615573023852,58.5615573023852,58.5615573023852,58.5615573023852,58.5615573023852,58.5615573023852,58.5615573023852,64.117395013355,64.117395013355,0
0,58.5615573023852,58.5615573023852,58.5615573023852,58.5615573023852,64.117395013355,58.5615573023852,58.5615573023852,58.5615573023852,64.117395013355,0,58.5615573023852,58.5615573023852,58.5615573023852,58.5615573023852,58.5615573023852,58.5615573023852,58.5615573023852,58.5615573023852,58.5615573023852,58.5615573023852,58.5615573023852,64.117395013355,64.117395013355,0
0,58.5615573023852,58.5615573023852,58.5615573023852,58.5615573023852,64.117395013355,58.5615573023852,58.5615573023852,58.5615573023852,64.117395013355,0,58.5615573023852,58.5615573023852,58.5615573023852,58.5615573023852,58.5615573023852,58.5615573023852,58.5615573023852,58.5615573023852,58.5615573023852,58.5615573023852,58.5615573023852,64.117395013355,64.117395013355,0
0,58.5615573023852,58.5615573023852,58.5615573023852,58.5615573023852,64.117395013355,58.5615573023852,58.5615573023852,58.5615573023852,64.117395013355,0,58.5615573023852,58.5615573023852,58.5615573023852,58.5615573023852,58.5615573023852,58.5615573023852,58.5615573023852,58.5615573023852,58.5615573023852,58.5615573023852,58.5615573023852,64.117395013355,64.117395013355,0
0,58.5615573023852,58.5615573023852,58.5615573023852,58.5615573023852,64.117395013355,58.5615573023852,58.5615573023852,58.5615573023852,64.117395013355,0,58.5615573023852,58.5615573023852,58.5615573023852,58.5615573023852,58.5615573023852,58.5615573023852,58.5615573023852,58.5615573023852,58.5615573023852,58.5615573023852,58.5615573023852,64.117395013355,64.117395013355,0
0,58.5615573023852,58.5615573023852,58.5615573023852,58.5615573023852,64.117395013355,58.5615573023852,58.5615573023852,58.5615573023852,64.117395013355,0,58.5615573023852,58.5615573023852,58.5615573023852,58.5615573023852,58.5615573023852,58.5615573023852,58.5615573023852,58.5615573023852,58.5615573023852,58.5615573023852,58.5615573023852,64.117395013355,64.117395013355,0
0,58.5615573023852,58.5615573023852,58.5615573023852,58.5615573023852,64.117395013355,58.5615573023852,58.5615573023852,58.5615573023852,64.117395013355,0,58.5615573023852,58.5615573023852,58.5615573023852,58.5615573023852,58.5615573023852,58.5615573023852,58.5615573023852,58.5615573023852,58.5615573023852,58.5615573023852,58.5615573023852,64.117395013355,64.117395013355,0
0,58.5615573023852,58.5615573023852,58.5615573023852,58.5615573023852,64.117395013355,58.5615573023852,58.5615573023852,58.5615573023852,64.117395013355,0,58.5615573023852,58.5615573023852,58.5615573023852,58.5615573023852,58.5615573023852,58.5615573023852,58.5615573023852,58.5615573023852,58.5615573023852,58.5615573023852,58.5615573023852,64.117395013355,64.117395013355,0
0,58.5615573023852,58.5615573023852,58.5615573023852,58.5615573023852,64.117395013355,58.5615573023852,58.5615573023852,58.5615573023852,64.117395013355,0,58.5615573023852,58.5615573023852,58.5615573023852,58.5615573023852,58.5615573023852,58.5615573023852,58.5615573023852,58.5615573023852,58.5615573023852,58.5615573023852,58.5615573023852,64.117395013355,64.117395013355,0
0,58.5615573023852,58.5615573023852,58.5615573023852,58.5615573023852,64.117395013355,58.5615573023852,58.5615573023852,58.5615573023852,64.117395013355,0,58.5615573023852,58.5615573023852,58.5615573023852,58.5615573023852,58.5615573023852,58.5615573023852,58.5615573023852,58.5615573023852,58.5615573023852,58.5615573023852,58.5615573023852,64.117395013355,64.117395013355,0
0,58.5615573023852,58.5615573023852,58.5615573023852,58.5615573023852,64.117395013355,58.5615573023852,58.5615573023852,58.5615573023852,64.117395013355,0,58.5615573023852,58.5615573023852,58.5615573023852,58.5615573023852,58.5615573023852,58.5615573023852,58.5615573023852,58.5615573023852,58.5615573023852,58.5615573023852,58.5615573023852,64.117395013355,64.117395013355,0
0,58.5615573023852,58.5615573023852,58.5615573023852,58.5615573023852,64.117395013355,58.5615573023852,58.5615573023852,58.5615573023852,64.117395013355,0,58.5615573023852,58.5615573023852,58.5615573023852,58.5615573023852,58.5615573023852,58.5615573023852,58.5615573023852,58.5615573023852,58.5615573023852,58.5615573023852,58.5615573023852,64.117395013355,64.117395013355,0
0,58.5615573023852,58.5615573023852,58.5615573023852,58.5615573023852,64.117395013355,58.5615573023852,58.5615573023852,58.5615573023852,64.117395013355,0,58.5615573023852,58.5615573023852,58.5615573023852,58.5615573023852,58.5615573023852,58.5615573023852,58.5615573023852,58.5615573023852,58.5615573023852,58.5615573023852,58.5615573023852,64.117395013355,64.117395013355,0
0,58.5615573023852,58.5615573023852,58.5615573023852,58.5615573023852,64.117395013355,58.5615573023852,58.5615573023852,58.5615573023852,64.117395013355,0,58.5615573023852,58.5615573023852,58.5615573023852,58.5615573023852,58.5615573023852,58.5615573023852,58.5615573023852,58.5615573023852,58.5615573023852,58.5615573023852,58.5615573023852,64.117395013355,64.117395013355,0
0,58.5615573023852,58.5615573023852,58.5615573023852,58.5615573023852,64.117395013355,58.5615573023852,58.5615573023852,58.5615573023852,64.117395013355,0,58.5615573023852,58.5615573023852,58.5615573023852,58.5615573023852,58.5615573023852,58.5615573023852,58.5615573023852,58.5615573023852,58.5615573023852,58.5615573023852,58.5615573023852,64.117395013355,64.117395013355,0
0,58.5615573023852,58.5615573023852,58.5615573023852,58.5615573023852,64.117395013355,58.5615573023852,58.5615573023852,58.5615573023852,64.117395013355,0,58.5615573023852,58.5615573023852,58.5615573023852,58.5615573023852,58.5615573023852,58.5615573023852,58.5615573023852,58.5615573023852,58.5615573023852,58.5615573023852,58.5615573023852,64.117395013355,64.117395013355,0
0,58.5615573023852,58.5615573023852,58.5615573023852,58.5615573023852,64.117395013355,58.5615573023852,58.5615573023852,58.5615573023852,64.117395013355,0,58.5615573023852,58.5615573023852,58.5615573023852,58.5615573023852,58.5615573023852,58.5615573023852,58.5615573023852,58.5615573023852,58.5615573023852,58.5615573023852,58.5615573023852,64.117395013355,64.117395013355,0
0,58.5615573023852,58.5615573023852,58.5615573023852,58.5615573023852,64.117395013355,58.5615573023852,58.5615573023852,58.5615573023852,64.117395013355,0,58.5615573023852,58.5615573023852,58.5615573023852,58.5615573023852,58.5615573023852,58.5615573023852,58.5615573023852,58.5615573023852,58.5615573023852,58.5615573023852,58.5615573023852,64.117395013355,64.117395013355,0
0,58.5615573023852,58.5615573023852,58.5615573023852,58.5615573023852,64.117395013355,58.5615573023852,58.5615573023852,58.5615573023852,64.117395013355,0,58.5615573023852,58.5615573023852,58.5615573023852,58.5615573023852,58.5615573023852,58.5615573023852,58.5615573023852,58.5615573023852,58.5615573023852,58.5615573023852,58.5615573023852,64.117395013355,64.117395013355,0
0,58.5615573023852,58.5615573023852,58.5615573023852,58.5615573023852,64.117395013355,58.5615573023852,58.5615573023852,58.5615573023852,64.117395013355,0,58.5615573023852,58.5615573023852,58.5615573023852,58.5615573023852,58.5615573023852,58.5615573023852,58.5615573023852,58.5615573023852,58.5615573023852,58.5615573023852,58.5615573023852,64.117395013355,64.117395013355,0
0,58.5615573023852,58.5615573023852,58.5615573023852,58.5615573023852,64.117395013355,58.5615573023852,58.5615573023852,58.5615573023852,64.117395013355,0,58.5615573023852,58.5615573023852,58.5615573023852,58.5615573023852,58.5615573023852,58.5615573023852,58.5615573023852,58.5615573023852,58.5615573023852,58.5615573023852,58.5615573023852,64.117395013355,64.117395013355,0
0,58.5615573023852,58.5615573023852,58.5615573023852,58.5615573023852,64.117395013355,58.5615573023852,58.5615573023852,58.5615573023852,64.117395013355,0,58.5615573023852,58.5615573023852,58.5615573023852,58.5615573023852,58.5615573023852,58.5615573023852,58.5615573023852,58.5615573023852,58.5615573023852,58.5615573023852,58.5615573023852,64.117395013355,64.117395013355,0
0,58.5615573023852,58.5615573023852,58.5615573023852,58.5615573023852,64.117395013355,58.5615573023852,58.5615573023852,58.5615573023852,64.117395013355,0,58.5615573023852,58.5615573023852,58.5615573023852,58.5615573023852,58.5615573023852,58.5615573023852,58.5615573023852,58.5615573023852,58.5615573023852,58.5615573023852,58.5615573023852,64.117395013355,64.117395013355,0
0,58.5615573023852,58.5615573023852,58.5615573023852,58.5615573023852,64.117395013355,58.5615573023852,58.5615573023852,58.5615573023852,64.117395013355,0,58.5615573023852,58.5615573023852,58.5615573023852,58.5615573023852,58.5615573023852,58.5615573023852,58.5615573023852,58.5615573023852,58.5615573023852,58.5615573023852,58.5615573023852,64.117395013355,64.117395013355,0
0,58.5615573023852,58.5615573023852,58.5615573023852,58.5615573023852,64.117395013355,58.5615573023852,58.5615573023852,58.5615573023852,64.117395013355,0,58.5615573023852,58.5615573023852,58.5615573023852,58.5615573023852,58.5615573023852,58.5615573023852,58.5615573023852,58.5615573023852,58.5615573023852,58.5615573023852,58.5615573023852,64.117395013355,64.117395013355,0
0,58.5615573023852,58.5615573023852,58.5615573023852,58.5615573023852,64.117395013355,58.5615573023852,58.5615573023852,58.5615573023852,64.117395013355,0,58.5615573023852,58.5615573023852,58.5615573023852,58.5615573023852,58.5615573023852,58.5615573023852,58.5615573023852,58.5615573023852,58.5615573023852,58.5615573023852,58.5615573023852,64.117395013355,64.117395013355,0
0,58.5615573023852,58.5615573023852,58.5615573023852,58.5615573023852,64.117395013355,58.5615573023852,58.5615573023852,58.5615573023852,64.117395013355,0,58.5615573023852,58.5615573023852,58.5615573023852,58.5615573023852,58.5615573023852,58.5615573023852,58.5615573023852,58.5615573023852,58.5615573023852,58.5615573023852,58.5615573023852,64.117395013355,64.117395013355,0
0,58.5615573023852,58.5615573023852,58.5615573023852,58.5615573023852,64.117395013355,58.5615573023852,58.5615573023852,58.5615573023852,64.117395013355,0,58.5615573023852,58.5615573023852,58.5615573023852,58.5615573023852,58.5615573023852,58.5615573023852,58.5615573023852,58.5615573023852,58.5615573023852,58.5615573023852,58.5615573023852,64.117395013355,64.117395013355,0
0,58.5615573023852,58.5615573023852,58.5615573023852,58.5615573023852,64.117395013355,58.5615573023852,58.5615573023852,58.5615573023852,64.117395013355,0,58.5615573023852,58.5615573023852,58.5615573023852,58.5615573023852,58.5615573023852,58.5615573023852,58.5615573023852,58.5615573023852,58.5615573023852,58.5615573023852,58.5615573023852,64.117395013355,64.117395013355,0
0,58.5615573023852,58.5615573023852,58.5615573023852,58.5615573023852,64.117395013355,58.5615573023852,58.5615573023852,58.5615573023852,64.117395013355,0,58.5615573023852,58.5615573023852,58.5615573023852,58.5615573023852,58.5615573023852,58.5615573023852,58.5615573023852,58.5615573023852,58.5615573023852,58.5615573023852,58.5615573023852,64.117395013355,64.117395013355,0
0,58.5615573023852,58.5615573023852,58.5615573023852,58.5615573023852,64.117395013355,58.5615573023852,58.5615573023852,58.5615573023852,64.117395013355,0,58.5615573023852,58.5615573023852,58.5615573023852,58.5615573023852,58.5615573023852,58.5615573023852,58.5615573023852,58.5615573023852,58.5615573023852,58.5615573023852,58.5615573023852,64.117395013355,64.117395013355,0
0,58.5615573023852,58.5615573023852,58.5615573023852,58.5615573023852,64.117395013355,58.5615573023852,58.5615573023852,58.5615573023852,64.117395013355,0,58.5615573023852,58.5615573023852,58.5615573023852,58.5615573023852,58.5615573023852,58.5615573023852,58.5615573023852,58.5615573023852,58.5615573023852,58.5615573023852,58.5615573023852,64.117395013355,64.117395013355,0
0,58.5615573023852,58.5615573023852,58.5615573023852,58.5615573023852,64.117395013355,58.5615573023852,58.5615573023852,58.5615573023852,64.117395013355,0,58.5615573023852,58.5615573023852,58.5615573023852,58.5615573023852,58.5615573023852,58.5615573023852,58.5615573023852,58.5615573023852,58.5615573023852,58.5615573023852,58.5615573023852,64.117395013355,64.117395013355,0
0,58.5615573023852,58.5615573023852,58.5615573023852,58.5615573023852,64.117395013355,58.5615573023852,58.5615573023852,58.5615573023852,64.117395013355,0,58.5615573023852,58.5615573023852,58.5615573023852,58.5615573023852,58.5615573023852,58.5615573023852,58.5615573023852,58.5615573023852,58.5615573023852,58.5615573023852,58.5615573023852,64.117395013355,64.117395013355,0
0,58.5615573023852,58.5615573023852,58.5615573023852,58.5615573023852,64.117395013355,58.5615573023852,58.5615573023852,58.5615573023852,64.117395013355,0,58.5615573023852,58.5615573023852,58.5615573023852,58.5615573023852,58.5615573023852,58.5615573023852,58.5615573023852,58.5615573023852,58.5615573023852,58.5615573023852,58.5615573023852,64.117395013355,64.117395013355,0
0,58.5615573023852,58.5615573023852,58.5615573023852,58.5615573023852,64.117395013355,58.5615573023852,58.5615573023852,58.5615573023852,64.117395013355,0,58.5615573023852,58.5615573023852,58.5615573023852,58.5615573023852,58.5615573023852,58.5615573023852,58.5615573023852,58.5615573023852,58.5615573023852,58.5615573023852,58.5615573023852,64.117395013355,64.117395013355,0
0,58.5615573023852,58.5615573023852,58.5615573023852,58.5615573023852,64.117395013355,58.5615573023852,58.5615573023852,58.5615573023852,64.117395013355,0,58.5615573023852,58.5615573023852,58.5615573023852,58.5615573023852,58.5615573023852,58.5615573023852,58.5615573023852,58.5615573023852,58.5615573023852,58.5615573023852,58.5615573023852,64.117395013355,64.117395013355,0
0,58.5615573023852,58.5615573023852,58.5615573023852,58.5615573023852,64.117395013355,58.5615573023852,58.5615573023852,58.5615573023852,64.117395013355,0,58.5615573023852,58.5615573023852,58.5615573023852,58.5615573023852,58.5615573023852,58.5615573023852,58.5615573023852,58.5615573023852,58.5615573023852,58.5615573023852,58.5615573023852,64.117395013355,64.117395013355,0
0,58.5615573023852,58.5615573023852,58.5615573023852,58.5615573023852,64.117395013355,58.5615573023852,58.5615573023852,58.5615573023852,64.117395013355,0,58.5615573023852,58.5615573023852,58.5615573023852,58.5615573023852,58.5615573023852,58.5615573023852,58.5615573023852,58.5615573023852,58.5615573023852,58.5615573023852,58.5615573023852,64.117395013355,64.117395013355,0
0,58.5615573023852,58.5615573023852,58.5615573023852,58.5615573023852,64.117395013355,58.5615573023852,58.5615573023852,58.5615573023852,64.117395013355,0,58.5615573023852,58.5615573023852,58.5615573023852,58.5615573023852,58.5615573023852,58.5615573023852,58.5615573023852,58.5615573023852,58.5615573023852,58.5615573023852,58.5615573023852,64.117395013355,64.117395013355,0
0,58.5615573023852,58.5615573023852,58.5615573023852,58.5615573023852,64.117395013355,58.5615573023852,58.5615573023852,58.5615573023852,64.117395013355,0,58.5615573023852,58.5615573023852,58.5615573023852,58.5615573023852,58.5615573023852,58.5615573023852,58.5615573023852,58.5615573023852,58.5615573023852,58.5615573023852,58.5615573023852,64.117395013355,64.117395013355,0
0,58.5615573023852,58.5615573023852,58.5615573023852,58.5615573023852,64.117395013355,58.5615573023852,58.5615573023852,58.5615573023852,64.117395013355,0,58.5615573023852,58.5615573023852,58.5615573023852,58.5615573023852,58.5615573023852,58.5615573023852,58.5615573023852,58.5615573023852,58.5615573023852,58.5615573023852,58.5615573023852,64.117395013355,64.117395013355,0
0,58.5615573023852,58.5615573023852,58.5615573023852,58.5615573023852,64.117395013355,58.5615573023852,58.5615573023852,58.5615573023852,64.117395013355,0,58.5615573023852,58.5615573023852,58.5615573023852,58.5615573023852,58.5615573023852,58.5615573023852,58.5615573023852,58.5615573023852,58.5615573023852,58.5615573023852,58.5615573023852,64.117395013355,64.117395013355,0
0,58.5615573023852,58.5615573023852,58.5615573023852,58.5615573023852,64.117395013355,58.5615573023852,58.5615573023852,58.5615573023852,64.117395013355,0,58.5615573023852,58.5615573023852,58.5615573023852,58.5615573023852,58.5615573023852,58.5615573023852,58.5615573023852,58.5615573023852,58.5615573023852,58.5615573023852,58.5615573023852,64.117395013355,64.117395013355,0
0,58.5615573023852,58.5615573023852,58.5615573023852,58.5615573023852,64.117395013355,58.5615573023852,58.5615573023852,58.5615573023852,64.117395013355,0,58.5615573023852,58.5615573023852,58.5615573023852,58.5615573023852,58.5615573023852,58.5615573023852,58.5615573023852,58.5615573023852,58.5615573023852,58.5615573023852,58.5615573023852,64.117395013355,64.117395013355,0
0,58.5615573023852,58.5615573023852,58.5615573023852,58.5615573023852,64.117395013355,58.5615573023852,58.5615573023852,58.5615573023852,64.117395013355,0,58.5615573023852,58.5615573023852,58.5615573023852,58.5615573023852,58.5615573023852,58.5615573023852,58.5615573023852,58.5615573023852,58.5615573023852,58.5615573023852,58.5615573023852,64.117395013355,64.117395013355,0
0,58.5615573023852,58.5615573023852,58.5615573023852,58.5615573023852,64.117395013355,58.5615573023852,58.5615573023852,58.5615573023852,64.117395013355,0,58.5615573023852,58.5615573023852,58.5615573023852,58.5615573023852,58.5615573023852,58.5615573023852,58.5615573023852,58.5615573023852,58.5615573023852,58.5615573023852,58.5615573023852,64.117395013355,64.117395013355,0
0,58.5615573023852,58.5615573023852,58.5615573023852,58.5615573023852,64.117395013355,58.5615573023852,58.5615573023852,58.5615573023852,64.117395013355,0,58.5615573023852,58.5615573023852,58.5615573023852,58.5615573023852,58.5615573023852,58.5615573023852,58.5615573023852,58.5615573023852,58.5615573023852,58.5615573023852,58.5615573023852,64.117395013355,64.117395013355,0
0,58.5615573023852,58.5615573023852,58.5615573023852,58.5615573023852,64.117395013355,58.5615573023852,58.5615573023852,58.5615573023852,64.117395013355,0,58.5615573023852,58.5615573023852,58.5615573023852,58.5615573023852,58.5615573023852,58.5615573023852,58.5615573023852,58.5615573023852,58.5615573023852,58.5615573023852,58.5615573023852,64.117395013355,64.117395013355,0
0,58.5615573023852,58.5615573023852,58.5615573023852,58.5615573023852,64.117395013355,58.5615573023852,58.5615573023852,58.5615573023852,64.117395013355,0,58.5615573023852,58.5615573023852,58.5615573023852,58.5615573023852,58.5615573023852,58.5615573023852,58.5615573023852,58.5615573023852,58.5615573023852,58.5615573023852,58.5615573023852,64.117395013355,64.117395013355,0
0,58.5615573023852,58.5615573023852,58.5615573023852,58.5615573023852,64.117395013355,58.5615573023852,58.5615573023852,58.5615573023852,64.117395013355,0,58.5615573023852,58.5615573023852,58.5615573023852,58.5615573023852,58.5615573023852,58.5615573023852,58.5615573023852,58.5615573023852,58.5615573023852,58.5615573023852,58.5615573023852,64.117395013355,64.117395013355,0
0,58.5615573023852,58.5615573023852,58.5615573023852,58.5615573023852,64.117395013355,58.5615573023852,58.5615573023852,58.5615573023852,64.117395013355,0,58.5615573023852,58.5615573023852,58.5615573023852,58.5615573023852,58.5615573023852,58.5615573023852,58.5615573023852,58.5615573023852,58.5615573023852,58.5615573023852,58.5615573023852,64.117395013355,64.117395013355,0
0,58.5615573023852,58.5615573023852,58.5615573023852,58.5615573023852,64.117395013355,58.5615573023852,58.5615573023852,58.5615573023852,64.117395013355,0,58.5615573023852,58.5615573023852,58.5615573023852,58.5615573023852,58.5615573023852,58.5615573023852,58.5615573023852,58.5615573023852,58.5615573023852,58.5615573023852,58.5615573023852,64.117395013355,64.117395013355,0
0,58.5615573023852,58.5615573023852,58.5615573023852,58.5615573023852,64.117395013355,58.5615573023852,58.5615573023852,58.5615573023852,64.117395013355,0,58.5615573023852,58.5615573023852,58.5615573023852,58.5615573023852,58.5615573023852,58.5615573023852,58.5615573023852,58.5615573023852,58.5615573023852,58.5615573023852,58.5615573023852,64.117395013355,64.117395013355,0
0,58.5615573023852,58.5615573023852,58.5615573023852,58.5615573023852,64.117395013355,58.5615573023852,58.5615573023852,58.5615573023852,64.117395013355,0,58.5615573023852,58.5615573023852,58.5615573023852,58.5615573023852,58.5615573023852,58.5615573023852,58.5615573023852,58.5615573023852,58.5615573023852,58.5615573023852,58.5615573023852,64.117395013355,64.117395013355,0
0,58.5615573023852,58.5615573023852,58.5615573023852,58.5615573023852,64.117395013355,58.5615573023852,58.5615573023852,58.5615573023852,64.117395013355,0,58.5615573023852,58.5615573023852,58.5615573023852,58.5615573023852,58.5615573023852,58.5615573023852,58.5615573023852,58.5615573023852,58.5615573023852,58.5615573023852,58.5615573023852,64.117395013355,64.117395013355,0
0,58.5615573023852,58.5615573023852,58.5615573023852,58.5615573023852,64.117395013355,58.5615573023852,58.5615573023852,58.5615573023852,64.117395013355,0,58.5615573023852,58.5615573023852,58.5615573023852,58.5615573023852,58.5615573023852,58.5615573023852,58.5615573023852,58.5615573023852,58.5615573023852,58.5615573023852,58.5615573023852,64.117395013355,64.117395013355,0
0,58.5615573023852,58.5615573023852,58.5615573023852,58.5615573023852,64.117395013355,58.5615573023852,58.5615573023852,58.5615573023852,64.117395013355,0,58.5615573023852,58.5615573023852,58.5615573023852,58.5615573023852,58.5615573023852,58.5615573023852,58.5615573023852,58.5615573023852,58.5615573023852,58.5615573023852,58.5615573023852,64.117395013355,64.117395013355,0
0,58.5615573023852,58.5615573023852,58.5615573023852,58.5615573023852,64.117395013355,58.5615573023852,58.5615573023852,58.5615573023852,64.117395013355,0,58.5615573023852,58.5615573023852,58.5615573023852,58.5615573023852,58.5615573023852,58.5615573023852,58.5615573023852,58.5615573023852,58.5615573023852,58.5615573023852,58.5615573023852,64.117395013355,64.117395013355,0
0,58.5615573023852,58.5615573023852,58.5615573023852,58.5615573023852,64.117395013355,58.5615573023852,58.5615573023852,58.5615573023852,64.117395013355,0,58.5615573023852,58.5615573023852,58.5615573023852,58.5615573023852,58.5615573023852,58.5615573023852,58.5615573023852,58.5615573023852,58.5615573023852,58.5615573023852,58.5615573023852,64.117395013355,64.117395013355,0
0,58.5615573023852,58.5615573023852,58.5615573023852,58.5615573023852,64.117395013355,58.5615573023852,58.5615573023852,58.5615573023852,64.117395013355,0,58.5615573023852,58.5615573023852,58.5615573023852,58.5615573023852,58.5615573023852,58.5615573023852,58.5615573023852,58.5615573023852,58.5615573023852,58.5615573023852,58.5615573023852,64.117395013355,64.117395013355,0
0,58.5615573023852,58.5615573023852,58.5615573023852,58.5615573023852,64.117395013355,58.5615573023852,58.5615573023852,58.5615573023852,64.117395013355,0,58.5615573023852,58.5615573023852,58.5615573023852,58.5615573023852,58.5615573023852,58.5615573023852,58.5615573023852,58.5615573023852,58.5615573023852,58.5615573023852,58.5615573023852,64.117395013355,64.117395013355,0
0,58.5615573023852,58.5615573023852,58.5615573023852,58.5615573023852,64.117395013355,58.5615573023852,58.5615573023852,58.5615573023852,64.117395013355,0,58.5615573023852,58.5615573023852,58.5615573023852,58.5615573023852,58.5615573023852,58.5615573023852,58.5615573023852,58.5615573023852,58.5615573023852,58.5615573023852,58.5615573023852,64.117395013355,64.117395013355,0
0,58.5615573023852,58.5615573023852,58.5615573023852,58.5615573023852,64.117395013355,58.5615573023852,58.5615573023852,58.5615573023852,64.117395013355,0,58.5615573023852,58.5615573023852,58.5615573023852,58.5615573023852,58.5615573023852,58.5615573023852,58.5615573023852,58.5615573023852,58.5615573023852,58.5615573023852,58.5615573023852,64.117395013355,64.117395013355,0
0,58.5615573023852,58.5615573023852,58.5615573023852,58.5615573023852,64.117395013355,58.5615573023852,58.5615573023852,58.5615573023852,64.117395013355,0,58.5615573023852,58.5615573023852,58.5615573023852,58.5615573023852,58.5615573023852,58.5615573023852,58.5615573023852,58.5615573023852,58.5615573023852,58.5615573023852,58.5615573023852,64.117395013355,64.117395013355,0
0,58.5615573023852,58.5615573023852,58.5615573023852,58.5615573023852,64.117395013355,58.5615573023852,58.5615573023852,58.5615573023852,64.117395013355,0,58.5615573023852,58.5615573023852,58.5615573023852,58.5615573023852,58.5615573023852,58.5615573023852,58.5615573023852,58.5615573023852,58.5615573023852,58.5615573023852,58.5615573023852,64.117395013355,64.117395013355,0
0,58.5615573023852,58.5615573023852,58.5615573023852,58.5615573023852,64.117395013355,58.5615573023852,58.5615573023852,58.5615573023852,64.117395013355,0,58.5615573023852,58.5615573023852,58.5615573023852,58.5615573023852,58.5615573023852,58.5615573023852,58.5615573023852,58.5615573023852,58.5615573023852,58.5615573023852,58.5615573023852,64.117395013355,64.117395013355,0
0,58.5615573023852,58.5615573023852,58.5615573023852,58.5615573023852,64.117395013355,58.5615573023852,58.5615573023852,58.5615573023852,64.117395013355,0,58.5615573023852,58.5615573023852,58.5615573023852,58.5615573023852,58.5615573023852,58.5615573023852,58.5615573023852,58.5615573023852,58.5615573023852,58.5615573023852,58.5615573023852,64.117395013355,64.117395013355,0
0,58.5615573023852,58.5615573023852,58.5615573023852,58.5615573023852,64.117395013355,58.5615573023852,58.5615573023852,58.5615573023852,64.117395013355,0,58.5615573023852,58.5615573023852,58.5615573023852,58.5615573023852,58.5615573023852,58.5615573023852,58.5615573023852,58.5615573023852,58.5615573023852,58.5615573023852,58.5615573023852,64.117395013355,64.117395013355,0
0,58.5615573023852,58.5615573023852,58.5615573023852,58.5615573023852,64.117395013355,58.5615573023852,58.5615573023852,58.5615573023852,64.117395013355,0,58.5615573023852,58.5615573023852,58.5615573023852,58.5615573023852,58.5615573023852,58.5615573023852,58.5615573023852,58.5615573023852,58.5615573023852,58.5615573023852,58.5615573023852,64.117395013355,64.117395013355,0
0,58.5615573023852,58.5615573023852,58.5615573023852,58.5615573023852,64.117395013355,58.5615573023852,58.5615573023852,58.5615573023852,64.117395013355,0,58.5615573023852,58.5615573023852,58.5615573023852,58.5615573023852,58.5615573023852,58.5615573023852,58.5615573023852,58.5615573023852,58.5615573023852,58.5615573023852,58.5615573023852,64.117395013355,64.117395013355,0
0,58.5615573023852,58.5615573023852,58.5615573023852,58.5615573023852,64.117395013355,58.5615573023852,58.5615573023852,58.5615573023852,64.117395013355,0,58.5615573023852,58.5615573023852,58.5615573023852,58.5615573023852,58.5615573023852,58.5615573023852,58.5615573023852,58.5615573023852,58.5615573023852,58.5615573023852,58.5615573023852,64.117395013355,64.117395013355,0
0,58.5615573023852,58.5615573023852,58.5615573023852,58.5615573023852,64.117395013355,58.5615573023852,58.5615573023852,58.5615573023852,64.117395013355,0,58.5615573023852,58.5615573023852,58.5615573023852,58.5615573023852,58.5615573023852,58.5615573023852,58.5615573023852,58.5615573023852,58.5615573023852,58.5615573023852,58.5615573023852,64.117395013355,64.117395013355,0
0,58.5615573023852,58.5615573023852,58.5615573023852,58.5615573023852,64.117395013355,58.5615573023852,58.5615573023852,58.5615573023852,64.117395013355,0,58.5615573023852,58.5615573023852,58.5615573023852,58.5615573023852,58.5615573023852,58.5615573023852,58.5615573023852,58.5615573023852,58.5615573023852,58.5615573023852,58.5615573023852,64.117395013355,64.117395013355,0
0,58.5615573023852,58.5615573023852,58.5615573023852,58.5615573023852,64.117395013355,58.5615573023852,58.5615573023852,58.5615573023852,64.117395013355,0,58.5615573023852,58.5615573023852,58.5615573023852,58.5615573023852,58.5615573023852,58.5615573023852,58.5615573023852,58.5615573023852,58.5615573023852,58.5615573023852,58.5615573023852,64.117395013355,64.117395013355,0
0,58.5615573023852,58.5615573023852,58.5615573023852,58.5615573023852,64.117395013355,58.5615573023852,58.5615573023852,58.5615573023852,64.117395013355,0,58.5615573023852,58.5615573023852,58.5615573023852,58.5615573023852,58.5615573023852,58.5615573023852,58.5615573023852,58.5615573023852,58.5615573023852,58.5615573023852,58.5615573023852,64.117395013355,64.117395013355,0
0,58.5615573023852,58.5615573023852,58.5615573023852,58.5615573023852,64.117395013355,58.5615573023852,58.5615573023852,58.5615573023852,64.117395013355,0,58.5615573023852,58.5615573023852,58.5615573023852,58.5615573023852,58.5615573023852,58.5615573023852,58.5615573023852,58.5615573023852,58.5615573023852,58.5615573023852,58.5615573023852,64.117395013355,64.117395013355,0
0,58.5615573023852,58.5615573023852,58.5615573023852,58.5615573023852,64.117395013355,58.5615573023852,58.5615573023852,58.5615573023852,64.117395013355,0,58.5615573023852,58.5615573023852,58.5615573023852,58.5615573023852,58.5615573023852,58.5615573023852,58.5615573023852,58.5615573023852,58.5615573023852,58.5615573023852,58.5615573023852,64.117395013355,64.117395013355,0
0,58.5615573023852,58.5615573023852,58.5615573023852,58.5615573023852,64.117395013355,58.5615573023852,58.5615573023852,58.5615573023852,64.117395013355,0,58.5615573023852,58.5615573023852,58.5615573023852,58.5615573023852,58.5615573023852,58.5615573023852,58.5615573023852,58.5615573023852,58.5615573023852,58.5615573023852,58.5615573023852,64.117395013355,64.117395013355,0
0,58.5615573023852,58.5615573023852,58.5615573023852,58.5615573023852,64.117395013355,58.5615573023852,58.5615573023852,58.5615573023852,64.117395013355,0,58.5615573023852,58.5615573023852,58.5615573023852,58.5615573023852,58.5615573023852,58.5615573023852,58.5615573023852,58.5615573023852,58.5615573023852,58.5615573023852,58.5615573023852,64.117395013355,64.117395013355,0
0,58.5615573023852,58.5615573023852,58.5615573023852,58.5615573023852,64.117395013355,58.5615573023852,58.5615573023852,58.5615573023852,64.117395013355,0,58.5615573023852,58.5615573023852,58.5615573023852,58.5615573023852,58.5615573023852,58.5615573023852,58.5615573023852,58.5615573023852,58.5615573023852,58.5615573023852,58.5615573023852,64.117395013355,64.117395013355,0
0,58.5615573023852,58.5615573023852,58.5615573023852,58.5615573023852,64.117395013355,58.5615573023852,58.5615573023852,58.5615573023852,64.117395013355,0,58.5615573023852,58.5615573023852,58.5615573023852,58.5615573023852,58.5615573023852,58.5615573023852,58.5615573023852,58.5615573023852,58.5615573023852,58.5615573023852,58.5615573023852,64.117395013355,64.117395013355,0
0,58.5615573023852,58.5615573023852,58.5615573023852,58.5615573023852,64.117395013355,58.5615573023852,58.5615573023852,58.5615573023852,64.117395013355,0,58.5615573023852,58.5615573023852,58.5615573023852,58.5615573023852,58.5615573023852,58.5615573023852,58.5615573023852,58.5615573023852,58.5615573023852,58.5615573023852,58.5615573023852,64.117395013355,64.117395013355,0
0,58.5615573023852,58.5615573023852,58.5615573023852,58.5615573023852,64.117395013355,58.5615573023852,58.5615573023852,58.5615573023852,64.117395013355,0,58.5615573023852,58.5615573023852,58.5615573023852,58.5615573023852,58.5615573023852,58.5615573023852,58.5615573023852,58.5615573023852,58.5615573023852,58.5615573023852,58.5615573023852,64.117395013355,64.117395013355,0
0,58.5615573023852,58.5615573023852,58.5615573023852,58.5615573023852,64.117395013355,58.5615573023852,58.5615573023852,58.5615573023852,64.117395013355,0,58.5615573023852,58.5615573023852,58.5615573023852,58.5615573023852,58.5615573023852,58.5615573023852,58.5615573023852,58.5615573023852,58.5615573023852,58.5615573023852,58.5615573023852,64.117395013355,64.117395013355,0
0,58.5615573023852,58.5615573023852,58.5615573023852,58.5615573023852,64.117395013355,58.5615573023852,58.5615573023852,58.5615573023852,64.117395013355,0,58.5615573023852,58.5615573023852,58.5615573023852,58.5615573023852,58.5615573023852,58.5615573023852,58.5615573023852,58.5615573023852,58.5615573023852,58.5615573023852,58.5615573023852,64.117395013355,64.117395013355,0
0,58.5615573023852,58.5615573023852,58.5615573023852,58.5615573023852,64.117395013355,58.5615573023852,58.5615573023852,58.5615573023852,64.117395013355,0,58.5615573023852,58.5615573023852,58.5615573023852,58.5615573023852,58.5615573023852,58.5615573023852,58.5615573023852,58.5615573023852,58.5615573023852,58.5615573023852,58.5615573023852,64.117395013355,64.117395013355,0
0,58.5615573023852,58.5615573023852,58.5615573023852,58.5615573023852,64.117395013355,58.5615573023852,58.5615573023852,58.5615573023852,64.117395013355,0,58.5615573023852,58.5615573023852,58.5615573023852,58.5615573023852,58.5615573023852,58.5615573023852,58.5615573023852,58.5615573023852,58.5615573023852,58.5615573023852,58.5615573023852,64.117395013355,64.117395013355,0
0,58.5615573023852,58.5615573023852,58.5615573023852,58.5615573023852,64.117395013355,58.5615573023852,58.5615573023852,58.5615573023852,64.117395013355,0,58.5615573023852,58.5615573023852,58.5615573023852,58.5615573023852,58.5615573023852,58.5615573023852,58.5615573023852,58.5615573023852,58.5615573023852,58.5615573023852,58.5615573023852,64.117395013355,64.117395013355,0
0,58.5615573023852,58.5615573023852,58.5615573023852,58.5615573023852,64.117395013355,58.5615573023852,58.5615573023852,58.5615573023852,64.117395013355,0,58.5615573023852,58.5615573023852,58.5615573023852,58.5615573023852,58.5615573023852,58.5615573023852,58.5615573023852,58.5615573023852,58.5615573023852,58.5615573023852,58.5615573023852,64.117395013355,64.117395013355,0
0,58.5615573023852,58.5615573023852,58.5615573023852,58.5615573023852,64.117395013355,58.5615573023852,58.5615573023852,58.5615573023852,64.117395013355,0,58.5615573023852,58.5615573023852,58.5615573023852,58.5615573023852,58.5615573023852,58.5615573023852,58.5615573023852,58.5615573023852,58.5615573023852,58.5615573023852,58.5615573023852,64.117395013355,64.117395013355,0
0,58.5615573023852,58.5615573023852,58.5615573023852,58.5615573023852,64.117395013355,58.5615573023852,58.5615573023852,58.5615573023852,64.117395013355,0,58.5615573023852,58.5615573023852,58.5615573023852,58.5615573023852,58.5615573023852,58.5615573023852,58.5615573023852,58.5615573023852,58.5615573023852,58.5615573023852,58.5615573023852,64.117395013355,64.117395013355,0
0,58.5615573023852,58.5615573023852,58.5615573023852,58.5615573023852,64.117395013355,58.5615573023852,58.5615573023852,58.5615573023852,64.117395013355,0,58.5615573023852,58.5615573023852,58.5615573023852,58.5615573023852,58.5615573023852,58.5615573023852,58.5615573023852,58.5615573023852,58.5615573023852,58.5615573023852,58.5615573023852,64.117395013355,64.117395013355,0
0,58.5615573023852,58.5615573023852,58.5615573023852,58.5615573023852,64.117395013355,58.5615573023852,58.5615573023852,58.5615573023852,64.117395013355,0,58.5615573023852,58.5615573023852,58.5615573023852,58.5615573023852,58.5615573023852,58.5615573023852,58.5615573023852,58.5615573023852,58.5615573023852,58.5615573023852,58.5615573023852,64.117395013355,64.117395013355,0
0,58.5615573023852,58.5615573023852,58.5615573023852,58.5615573023852,64.117395013355,58.5615573023852,58.5615573023852,58.5615573023852,64.117395013355,0,58.5615573023852,58.5615573023852,58.5615573023852,58.5615573023852,58.5615573023852,58.5615573023852,58.5615573023852,58.5615573023852,58.5615573023852,58.5615573023852,58.5615573023852,64.117395013355,64.117395013355,0
0,58.5615573023852,58.5615573023852,58.5615573023852,58.5615573023852,64.117395013355,58.5615573023852,58.5615573023852,58.5615573023852,64.117395013355,0,58.5615573023852,58.5615573023852,58.5615573023852,58.5615573023852,58.5615573023852,58.5615573023852,58.5615573023852,58.5615573023852,58.5615573023852,58.5615573023852,58.5615573023852,64.117395013355,64.117395013355,0
0,58.5615573023852,58.5615573023852,58.5615573023852,58.5615573023852,64.117395013355,58.5615573023852,58.5615573023852,58.5615573023852,64.117395013355,0,58.5615573023852,58.5615573023852,58.5615573023852,58.5615573023852,58.5615573023852,58.5615573023852,58.5615573023852,58.5615573023852,58.5615573023852,58.5615573023852,58.5615573023852,64.117395013355,64.117395013355,0
0,58.5615573023852,58.5615573023852,58.5615573023852,58.5615573023852,64.117395013355,58.5615573023852,58.5615573023852,58.5615573023852,64.117395013355,0,58.5615573023852,58.5615573023852,58.5615573023852,58.5615573023852,58.5615573023852,58.5615573023852,58.5615573023852,58.5615573023852,58.5615573023852,58.5615573023852,58.5615573023852,64.117395013355,64.117395013355,0
0,58.5615573023852,58.5615573023852,58.5615573023852,58.5615573023852,64.117395013355,58.5615573023852,58.5615573023852,58.5615573023852,64.117395013355,0,58.5615573023852,58.5615573023852,58.5615573023852,58.5615573023852,58.5615573023852,58.5615573023852,58.5615573023852,58.5615573023852,58.5615573023852,58.5615573023852,58.5615573023852,64.117395013355,64.117395013355,0
0,58.5615573023852,58.5615573023852,58.5615573023852,58.5615573023852,64.117395013355,58.5615573023852,58.5615573023852,58.5615573023852,64.117395013355,0,58.5615573023852,58.5615573023852,58.5615573023852,58.5615573023852,58.5615573023852,58.5615573023852,58.5615573023852,58.5615573023852,58.5615573023852,58.5615573023852,58.5615573023852,64.117395013355,64.117395013355,0
0,58.5615573023852,58.5615573023852,58.5615573023852,58.5615573023852,64.117395013355,58.5615573023852,58.5615573023852,58.5615573023852,64.117395013355,0,58.5615573023852,58.5615573023852,58.5615573023852,58.5615573023852,58.5615573023852,58.5615573023852,58.5615573023852,58.5615573023852,58.5615573023852,58.5615573023852,58.5615573023852,64.117395013355,64.117395013355,0
0,58.5615573023852,58.5615573023852,58.5615573023852,58.5615573023852,64.117395013355,58.5615573023852,58.5615573023852,58.5615573023852,64.117395013355,0,58.5615573023852,58.5615573023852,58.5615573023852,58.5615573023852,58.5615573023852,58.5615573023852,58.5615573023852,58.5615573023852,58.5615573023852,58.5615573023852,58.5615573023852,64.117395013355,64.117395013355,0
0,58.5615573023852,58.5615573023852,58.5615573023852,58.5615573023852,64.117395013355,58.5615573023852,58.5615573023852,58.5615573023852,64.117395013355,0,58.5615573023852,58.5615573023852,58.5615573023852,58.5615573023852,58.5615573023852,58.5615573023852,58.5615573023852,58.5615573023852,58.5615573023852,58.5615573023852,58.5615573023852,64.117395013355,64.117395013355,0
0,58.5615573023852,58.5615573023852,58.5615573023852,58.5615573023852,64.117395013355,58.5615573023852,58.5615573023852,58.5615573023852,64.117395013355,0,58.5615573023852,58.5615573023852,58.5615573023852,58.5615573023852,58.5615573023852,58.5615573023852,58.5615573023852,58.5615573023852,58.5615573023852,58.5615573023852,58.5615573023852,64.117395013355,64.117395013355,0
0,58.5615573023852,58.5615573023852,58.5615573023852,58.5615573023852,64.117395013355,58.5615573023852,58.5615573023852,58.5615573023852,64.117395013355,0,58.5615573023852,58.5615573023852,58.5615573023852,58.5615573023852,58.5615573023852,58.5615573023852,58.5615573023852,58.5615573023852,58.5615573023852,58.5615573023852,58.5615573023852,64.117395013355,64.117395013355,0
0,58.5615573023852,58.5615573023852,58.5615573023852,58.5615573023852,64.117395013355,58.5615573023852,58.5615573023852,58.5615573023852,64.117395013355,0,58.5615573023852,58.5615573023852,58.5615573023852,58.5615573023852,58.5615573023852,58.5615573023852,58.5615573023852,58.5615573023852,58.5615573023852,58.5615573023852,58.5615573023852,64.117395013355,64.117395013355,0
0,58.5615573023852,58.5615573023852,58.5615573023852,58.5615573023852,64.117395013355,58.5615573023852,58.5615573023852,58.5615573023852,64.117395013355,0,58.5615573023852,58.5615573023852,58.5615573023852,58.5615573023852,58.5615573023852,58.5615573023852,58.5615573023852,58.5615573023852,58.5615573023852,58.5615573023852,58.5615573023852,64.117395013355,64.117395013355,0
0,58.5615573023852,58.5615573023852,58.5615573023852,58.5615573023852,64.117395013355,58.5615573023852,58.5615573023852,58.5615573023852,64.117395013355,0,58.5615573023852,58.5615573023852,58.5615573023852,58.5615573023852,58.5615573023852,58.5615573023852,58.5615573023852,58.5615573023852,58.5615573023852,58.5615573023852,58.5615573023852,64.117395013355,64.117395013355,0
0,58.5615573023852,58.5615573023852,58.5615573023852,58.5615573023852,64.117395013355,58.5615573023852,58.5615573023852,58.5615573023852,64.117395013355,0,58.5615573023852,58.5615573023852,58.5615573023852,58.5615573023852,58.5615573023852,58.5615573023852,58.5615573023852,58.5615573023852,58.5615573023852,58.5615573023852,58.5615573023852,64.117395013355,64.117395013355,0
0,58.5615573023852,58.5615573023852,58.5615573023852,58.5615573023852,64.117395013355,58.5615573023852,58.5615573023852,58.5615573023852,64.117395013355,0,58.5615573023852,58.5615573023852,58.5615573023852,58.5615573023852,58.5615573023852,58.5615573023852,58.5615573023852,58.5615573023852,58.5615573023852,58.5615573023852,58.5615573023852,64.117395013355,64.117395013355,0
0,58.5615573023852,58.5615573023852,58.5615573023852,58.5615573023852,64.117395013355,58.5615573023852,58.5615573023852,58.5615573023852,64.117395013355,0,58.5615573023852,58.5615573023852,58.5615573023852,58.5615573023852,58.5615573023852,58.5615573023852,58.5615573023852,58.5615573023852,58.5615573023852,58.5615573023852,58.5615573023852,64.117395013355,64.117395013355,0
0,58.5615573023852,58.5615573023852,58.5615573023852,58.5615573023852,64.117395013355,58.5615573023852,58.5615573023852,58.5615573023852,64.117395013355,0,58.5615573023852,58.5615573023852,58.5615573023852,58.5615573023852,58.5615573023852,58.5615573023852,58.5615573023852,58.5615573023852,58.5615573023852,58.5615573023852,58.5615573023852,64.117395013355,64.117395013355,0
0,58.5615573023852,58.5615573023852,58.5615573023852,58.5615573023852,64.117395013355,58.5615573023852,58.5615573023852,58.5615573023852,64.117395013355,0,58.5615573023852,58.5615573023852,58.5615573023852,58.5615573023852,58.5615573023852,58.5615573023852,58.5615573023852,58.5615573023852,58.5615573023852,58.5615573023852,58.5615573023852,64.117395013355,64.117395013355,0
0,58.5615573023852,58.5615573023852,58.5615573023852,58.5615573023852,64.117395013355,58.5615573023852,58.5615573023852,58.5615573023852,64.117395013355,0,58.5615573023852,58.5615573023852,58.5615573023852,58.5615573023852,58.5615573023852,58.5615573023852,58.5615573023852,58.5615573023852,58.5615573023852,58.5615573023852,58.5615573023852,64.117395013355,64.117395013355,0
0,58.5615573023852,58.5615573023852,58.5615573023852,58.5615573023852,64.117395013355,58.5615573023852,58.5615573023852,58.5615573023852,64.117395013355,0,58.5615573023852,58.5615573023852,58.5615573023852,58.5615573023852,58.5615573023852,58.5615573023852,58.5615573023852,58.5615573023852,58.5615573023852,58.5615573023852,58.5615573023852,64.117395013355,64.117395013355,0
0,58.5615573023852,58.5615573023852,58.5615573023852,58.5615573023852,64.117395013355,58.5615573023852,58.5615573023852,58.5615573023852,64.117395013355,0,58.5615573023852,58.5615573023852,58.5615573023852,58.5615573023852,58.5615573023852,58.5615573023852,58.5615573023852,58.5615573023852,58.5615573023852,58.5615573023852,58.5615573023852,64.117395013355,64.117395013355,0
0,58.5615573023852,58.5615573023852,58.5615573023852,58.5615573023852,64.117395013355,58.5615573023852,58.5615573023852,58.5615573023852,64.117395013355,0,58.5615573023852,58.5615573023852,58.5615573023852,58.5615573023852,58.5615573023852,58.5615573023852,58.5615573023852,58.5615573023852,58.5615573023852,58.5615573023852,58.5615573023852,64.117395013355,64.117395013355,0
0,58.5615573023852,58.5615573023852,58.5615573023852,58.5615573023852,64.117395013355,58.5615573023852,58.5615573023852,58.5615573023852,64.117395013355,0,58.5615573023852,58.5615573023852,58.5615573023852,58.5615573023852,58.5615573023852,58.5615573023852,58.5615573023852,58.5615573023852,58.5615573023852,58.5615573023852,58.5615573023852,64.117395013355,64.117395013355,0
0,58.5615573023852,58.5615573023852,58.5615573023852,58.5615573023852,64.117395013355,58.5615573023852,58.5615573023852,58.5615573023852,64.117395013355,0,58.5615573023852,58.5615573023852,58.5615573023852,58.5615573023852,58.5615573023852,58.5615573023852,58.5615573023852,58.5615573023852,58.5615573023852,58.5615573023852,58.5615573023852,64.117395013355,64.117395013355,0
0,58.5615573023852,58.5615573023852,58.5615573023852,58.5615573023852,64.117395013355,58.5615573023852,58.5615573023852,58.5615573023852,64.117395013355,0,58.5615573023852,58.5615573023852,58.5615573023852,58.5615573023852,58.5615573023852,58.5615573023852,58.5615573023852,58.5615573023852,58.5615573023852,58.5615573023852,58.5615573023852,64.117395013355,64.117395013355,0
0,58.5615573023852,58.5615573023852,58.5615573023852,58.5615573023852,64.117395013355,58.5615573023852,58.5615573023852,58.5615573023852,64.117395013355,0,58.5615573023852,58.5615573023852,58.5615573023852,58.5615573023852,58.5615573023852,58.5615573023852,58.5615573023852,58.5615573023852,58.5615573023852,58.5615573023852,58.5615573023852,64.117395013355,64.117395013355,0
0,58.5615573023852,58.5615573023852,58.5615573023852,58.5615573023852,64.117395013355,58.5615573023852,58.5615573023852,58.5615573023852,64.117395013355,0,58.5615573023852,58.5615573023852,58.5615573023852,58.5615573023852,58.5615573023852,58.5615573023852,58.5615573023852,58.5615573023852,58.5615573023852,58.5615573023852,58.5615573023852,64.117395013355,64.117395013355,0
0,58.5615573023852,58.5615573023852,58.5615573023852,58.5615573023852,64.117395013355,58.5615573023852,58.5615573023852,58.5615573023852,64.117395013355,0,58.5615573023852,58.5615573023852,58.5615573023852,58.5615573023852,58.5615573023852,58.5615573023852,58.5615573023852,58.5615573023852,58.5615573023852,58.5615573023852,58.5615573023852,64.117395013355,64.117395013355,0
