121.778019099053,106.72412213827,134.026733387069,129.418306762537,134.385563096992,121.573993227212,106.879375175019,134.340902992122,131.022837734959,143.020244493263,146.79096012,139.274069400652,135.965415808024,141.587359529758,146.515992301601,134.314389183327,143.311768084103,136.328599085252,148.917450072366,142.85301929494,144.155172610342,136.666515235489,154.648477267561,129.289184867596,126.835436515673
121.778019099053,106.72412213827,134.026733387069,129.418306762537,134.385563096992,121.573993227212,106.879375175019,134.340902992122,131.022837734959,121.165268071905,146.497373878842,139.274069400652,135.965415808024,125.852625447104,146.515992301601,134.314389183327,143.311768084103,136.328599085252,148.917450072366,142.85301929494,144.155172610342,122.524304524186,152.50473892365,129.289184867596,121.489169157147
121.778019099053,106.72412213827,133.324591156381,129.418306762537,134.385563096992,121.573993227212,106.879375175019,131.570667301757,131.022837734959,120.988489311325,146.497373878842,139.274069400652,135.965415808024,114.135471705301,146.515992301601,134.314389183327,143.311768084103,136.328599085252,148.917450072366,142.85301929494,144.155172610342,122.524304524186,136.908860487223,129.289184867596,121.489169157147
121.778019099053,106.72412213827,117.054830101666,129.418306762537,134.385563096992,121.573993227212,106.879375175019,122.11906338116,131.022837734959,107.221241354111,145.045480245935,139.274069400652,135.965415808024,114.135471705301,146.515992301601,134.314389183327,143.311768084103,136.328599085252,148.917450072366,137.013552835358,144.155172610342,118.63734046156,134.822422347406,129.289184867596,121.489169157147
121.778019099053,106.72412213827,117.054830101666,123.349144419277,134.385563096992,121.573993227212,106.879375175019,122.11906338116,131.022837734959,104.332414519587,140.154682485587,139.274069400652,135.965415808024,100.681653913872,146.515992301601,134.314389183327,143.311768084103,136.328599085252,148.917450072366,137.013552835358,144.155172610342,118.63734046156,127.75499852025,129.289184867596,112.9263040379
121.778019099053,106.72412213827,112.228234960095,112.758594207414,127.694982800274,121.573993227212,106.879375175019,90.4480757717296,114.198650208247,104.332414519587,105.345947600982,135.331593978438,125.297179241094,100.681653913872,146.515992301601,134.314389183327,143.311768084103,136.328599085252,122.634358139746,116.552480800572,144.155172610342,100.663587452679,124.843432404387,129.289184867596,96.4620792441432
121.778019099053,106.72412213827,107.877021359064,112.758594207414,122.248958382962,121.573993227212,101.485015472042,90.4480757717296,114.198650208247,104.332414519587,105.345947600982,135.331593978438,111.209429580271,85.865097426713,144.068808309546,134.314389183327,140.917029264681,136.328599085252,122.634358139746,116.552480800572,143.013902680223,100.663587452679,124.843432404387,129.289184867596,96.4620792441432
121.778019099053,98.8851216143318,105.621727300371,112.758594207414,107.623986437957,121.573993227212,101.485015472042,90.4480757717296,114.198650208247,104.332414519587,92.9271376618365,127.517527182128,111.209429580271,85.865097426713,138.952529550327,134.314389183327,140.917029264681,116.890564242113,122.634358139746,116.552480800572,137.321384151371,93.8294366540981,124.843432404387,129.289184867596,89.5774940472485
121.778019099053,89.1106780735554,86.9467370370066,112.758594207414,107.623986437957,121.573993227212,101.485015472042,90.4480757717296,114.198650208247,104.332414519587,92.9271376618365,114.396500190326,109.648476029491,85.865097426713,124.651020237484,134.314389183327,140.917029264681,116.890564242113,122.634358139746,116.552480800572,137.321384151371,89.1622813384083,124.843432404387,129.289184867596,89.4127451882504
121.778019099053,84.4999140397462,86.9467370370066,112.758594207414,100.88930904812,121.573993227212,101.485015472042,90.4480757717296,114.198650208247,104.332414519587,92.9271376618365,91.5527538770382,109.648476029491,85.865097426713,119.300820594627,127.755303711791,140.917029264681,113.140108458999,110.715039616931,116.552480800572,119.0087549651,89.1622813384083,111.079284287962,129.289184867596,89.4127451882504
121.778019099053,84.4999140397462,86.9467370370066,112.758594207414,100.88930904812,121.573993227212,101.485015472042,90.4480757717296,105.704449054846,104.332414519587,92.9271376618365,91.5527538770382,95.4082104051611,74.5257301877776,119.168462600373,112.628621573436,130.2700061628,113.140108458999,110.715039616931,113.527304362317,119.0087549651,77.0472219823841,111.079284287962,129.289184867596,89.4127451882504
99.4905898302857,83.7101233765972,86.9467370370066,105.542838099015,100.88930904812,121.573993227212,101.485015472042,90.4480757717296,98.3643037963743,104.332414519587,92.9271376618365,91.5527538770382,89.3252022858735,74.5257301877776,106.026013774061,101.225223977756,128.030750713955,113.140108458999,100.439855240621,98.6679093159331,109.753101344636,76.2575757994622,108.503898798332,106.964093941528,78.6923007258442
77.2514069591209,63.9316589939405,78.1993199417337,98.698358367822,100.88930904812,117.158053086487,81.3245765379512,81.6628303540414,93.9353458105784,95.5774663119256,92.9271376618365,91.5527538770382,81.5766825916126,62.5814802860122,93.8353826458153,101.225223977756,114.472240810003,113.140108458999,100.439855240621,97.1289914515966,109.753101344636,72.0849972850809,87.4319605479378,106.964093941528,78.6923007258442
77.2514069591209,62.0175556484755,68.0086904719225,93.5890289203038,100.88930904812,92.9110551755531,72.217361696619,67.0190551928213,86.1203527681803,95.2001681997737,70.0423993463969,83.4779916796699,72.5171822545225,62.5814802860122,79.8428325936501,89.6636369598567,98.2983610201213,96.5870391328303,84.9313371206309,81.8076066868498,108.083906139873,71.4237605011905,87.4319605479378,104.182835158788,76.6854727117246
73.0833711683038,46.5890808235933,64.2968666654504,78.7863230035638,100.88930904812,92.9110551755531,68.0608740091301,67.0190551928213,81.7115016600555,83.061549732563,62.4326303504755,83.4779916796699,71.7680881798525,60.9648759018186,79.8428325936501,80.2736845526334,79.732799510474,82.3156209634853,79.605794023342,59.2593978561204,108.083906139873,57.5335075603084,82.994584161627,85.9527616813093,58.4004124337207
61.1092218089426,34.9036544913643,64.2968666654504,72.8254733597596,100.695048717633,92.9110551755531,52.1876589941123,58.7426685840356,68.9156437582681,83.061549732563,62.4326303504755,61.2974249264461,59.3656551128,51.2370650391297,77.0389987245924,60.4010474316026,79.732799510474,80.8565246929445,62.7226365818336,59.2593978561204,82.0607249899581,57.5335075603084,76.3746536141157,85.5833739206253,50.4293836367156
59.3441607657502,34.9036544913643,56.396254243254,72.8254733597596,84.840931426563,81.8134089385267,52.1700426718602,53.569691949594,61.6602454132171,69.8722080895835,62.4326303504755,60.1001524948696,55.6850087211395,45.9371547898645,76.8997339800158,60.4010474316026,79.732799510474,74.4822864323361,62.7226365818336,59.2593978561204,82.0607249899581,57.5335075603084,71.4672857257735,81.3102578112718,45.9331611382067
49.6513562356633,34.9036544913643,56.396254243254,58.1306982852863,76.3305422780184,76.2087048772491,52.1700426718602,44.0351850935923,61.6602454132171,59.7711442130338,57.8505203832248,50.7027332545447,49.6208371921489,45.9371547898645,57.4093158689885,55.0401039336728,68.4969179524198,64.6615245258164,53.6656773862118,58.4228178348069,77.6644843029399,56.2901911758032,71.4672857257735,81.3102578112718,45.9331611382067
48.0621770290691,34.9036544913643,51.5985269652375,57.3125771571089,71.7776404073971,68.7688317105262,42.3364205367053,44.0351850935923,58.6161302702495,57.7250954649504,46.4332365055355,50.2626188735186,39.5477917594314,43.4603504889668,51.4170740819408,45.6717473925593,67.3238253436697,64.6481710012679,45.8081394189488,55.3674635985999,57.9769951472108,54.452466188297,62.070645052252,74.6917240139232,45.7997063405197
42.5575436608218,33.0393357222754,46.8003477609883,50.7118079916238,59.0805328138615,66.9783823370092,42.3364205367053,36.5562595853951,58.6161302702495,44.4753735175075,41.2294802911237,45.2452433889752,39.5477917594314,40.939337196404,48.5326111407577,43.3679607090205,62.5207904183563,47.4448649672182,45.8081394189488,53.6330460145757,57.9769951472108,47.0872095832895,50.6906073658583,62.2571786890176,39.0835727683711
42.5575436608218,24.8160369347979,43.3662017093051,38.8390255045674,46.6629749889399,62.1419923214931,40.9711159144825,32.0831518594912,46.2062008290595,44.4753735175075,37.6542777991618,31.7360120536731,37.7309595512929,40.939337196404,47.8421968460353,38.6931158755494,58.5795862618112,47.4448649672182,39.8022328978747,41.992904744483,57.9769951472108,42.8633984420604,44.8942065676873,62.2571786890176,33.4164604236225
34.332400212291,20.8630993687634,37.5909288778986,35.5934505405654,46.6629749889399,51.5613828336717,37.6452296905253,32.0831518594912,37.8423285741964,41.1752940101927,37.1614105863646,31.7360120536731,26.5222377285656,34.4269901236155,37.1390360437824,38.6931158755494,51.1934205188105,41.225597033678,39.8022328978747,38.6797062130685,51.2682539093033,39.0676394357261,44.8942065676873,45.5313956980432,33.4164604236225
24.9203205038664,18.7024634457567,37.3538176438612,35.5934505405654,46.6629749889399,50.5156676251379,34.9217367954764,26.3428490685272,35.974088036142,41.1752940101927,27.5724256180223,31.7360120536731,26.5222377285656,34.0855405454905,30.0032210150749,32.6602464566947,38.7774756876732,41.225597033678,39.8022328978747,38.6797062130685,46.5240781367301,35.6125230650779,33.9623486428869,45.5313956980432,33.4164604236225
24.9203205038664,18.246867547394,33.1018221284635,26.7804214226683,41.0895572749073,39.9919837455342,27.4951647807158,26.3428490685272,35.974088036142,37.4656081815934,27.5724256180223,29.7505221768696,22.7041530850294,25.8198191858883,29.2974522510005,28.5743967501395,38.7774756876732,38.7351098390661,39.8022328978747,38.6797062130685,39.7703465463919,27.0363905705696,31.286756889869,40.4382163199006,33.0595208536243
21.7086388347135,17.7930454510532,27.6330965806852,24.2016625887119,39.5549415199965,35.9718141926114,27.4951647807158,24.0790172874912,34.6308522760651,29.8661129956807,25.2406432189323,25.6747112139511,22.0591705768899,20.9071276110072,21.3796589410568,26.7882482315506,34.9765630587747,29.946160991089,38.2795979612897,35.8494243133757,39.7703465463919,23.1434369682594,31.286756889869,36.1164056407753,25.2906096624273
19.1814582716115,13.4827523841428,23.2907721126528,20.9780563973842,33.1992077591694,27.3576130968898,25.7905772997836,17.8942202877445,26.963687151676,29.8661129956807,23.811273023633,20.5520901840637,18.1179785586088,20.9071276110072,21.1161978714836,22.3951503263849,29.0839513317111,29.946160991089,33.9512548443176,34.3414242570652,39.7703465463919,23.1434369682594,28.3484019216777,35.937347411625,20.0523003931721
15.9195428595866,12.1642796543881,22.2028594657133,20.9780563973842,30.4223635369384,27.3576130968898,20.450671514664,17.8942202877445,26.963687151676,29.1841232344118,20.385768088845,20.3506853932512,18.1179785586088,19.6037037210838,20.3905507223534,22.3951503263849,25.1090141761294,25.9948322962995,30.8907321442923,28.686194073057,33.6350729030491,19.7393390100702,28.3484019216777,34.5995594831918,19.4161224157823
15.9195428595866,9.50260511121405,18.1900414877738,19.3968563880979,26.5076739762342,27.3576130968898,20.450671514664,15.7239436552602,23.6205112283928,24.3566787413854,18.8493314936826,15.1170056367779,15.8320818468283,16.6488259274048,18.1000089500942,15.4812021080068,20.5717245393244,21.5521346261884,30.7219353955586,25.8446319183752,26.5461293693884,19.7393390100702,23.1979335217827,27.2735503730286,18.4568420976162
15.353069112074,8.46580913097614,16.5995697715512,18.205403851901,23.5055735659093,23.5156529600929,18.9084724764757,15.7239436552602,18.0662030564251,22.2658946696762,16.6588992887189,15.1170056367779,14.0962214553597,15.6955029754563,17.1635674712445,15.4812021080068,17.4230038193749,17.411115443009,28.2020401766681,25.8446319183752,26.5461293693884,16.6775997682322,23.1979335217827,22.9665698702546,16.4516936576448
12.5309771872205,7.4553284392565,16.5172070757419,16.7661022754703,20.0472372991495,20.724467108602,14.8120774950719,15.7239436552602,18.0662030564251,18.9967645211177,14.2161478095056,12.9198597155284,9.93199760874643,11.787428793371,15.6615072843437,14.2364525919994,16.0794064277511,17.411115443009,21.7951675637194,25.2800799658662,26.2835364728813,16.6775997682322,20.0359897048559,18.9729933554621,14.7456412608288
12.5034788262618,6.7161596252846,11.1105930328696,13.6305881612911,17.5800047885921,20.6431261377609,14.8120774950719,12.8679178801684,13.490826937118,16.7264888715343,10.8906625209271,12.9198597155284,9.93199760874643,11.787428793371,14.0461272847459,11.657848416752,15.0811991770787,17.411115443009,21.7951675637194,22.1001688620851,24.2181792367396,16.2242340643031,16.9962409066626,17.3015936092161,11.3599545286827
10.6237740317471,6.02418208282177,9.87849521548833,12.0671668742796,12.628957263932,16.7168074977446,11.8888986722956,9.99794576770398,13.490826937118,13.329107607316,10.832380017848,9.30629703423438,7.25654722585932,8.52973844077007,11.6322606576537,10.5313649578305,14.6069741586596,14.866007325097,21.0734418055798,20.8745161020396,20.9738402009707,12.0866543910404,12.8653978357216,13.6113745157926,11.2204139618894
8.64310776872594,5.50236331554493,8.34070804976307,10.0108312746512,12.628957263932,15.9904654804868,9.93802874191829,9.01532519765749,13.2736157948917,12.0531245624569,7.07969233336871,8.42747953678258,7.25654722585932,8.52973844077007,9.7158437704569,8.88849234234965,12.7225768349009,14.3762036313396,15.5036183170176,16.7248547668712,20.9738402009707,9.82159340357657,12.5104556968658,12.5882517758156,9.27848412608557
6.28470815599326,4.39115540717751,7.20624469262907,9.97323060522967,11.2037618307357,11.5602222205725,9.74191441167511,7.56492892563006,9.59386736935448,11.5397887196722,6.12832379314546,7.40425013861818,7.09638122445062,8.52973844077007,7.83612537607735,7.63110376030261,10.2749507419672,13.9409633778586,15.5036183170176,15.2999685233887,14.3460720011354,9.08544146904399,10.7092489926902,9.94953005244554,7.13978719179897
6.28470815599326,4.39115540717751,7.20624469262907,7.95737349947592,10.4400804416903,9.09628918931276,7.88832314739329,6.37605403699297,9.59386736935448,10.6237319545695,6.12832379314546,6.03978649185001,6.61376748582347,7.43156222336154,6.08864961104064,7.22586352601138,10.2442680342177,13.1006534351214,14.2795455687404,13.956417716754,11.3418097602464,8.83042443409192,10.7092489926902,9.94953005244554,6.82999104211433
5.36871498643529,4.39115540717751,5.8223001024221,7.36263363505986,7.96554602294373,8.05701520740035,7.4130372481103,5.79864603234159,8.12262051181506,8.06463795701495,5.51116498000681,4.97074898492076,6.61376748582347,6.42170456386646,5.70123919570824,5.81213514937144,8.58385065753316,10.2255088824173,11.4214589035993,10.5305193755402,11.3418097602464,7.17188833523767,7.44815246103644,8.25147776318329,5.48450165573217
5.04500003295209,4.22992076116429,5.8223001024221,6.23637127698316,6.61227240348944,7.1771489326668,6.71811821583231,4.49153529415719,7.96118954548911,7.16252665664842,4.70303070029752,4.66597673747333,5.49767340021458,5.87095113271971,4.42385910264989,4.75092818946757,7.60912355037021,9.26482930895315,11.4214589035993,10.5305193755402,11.3418097602464,7.10846962885432,7.44815246103644,8.25147776318329,5.48450165573217
3.28770488030273,3.9134918050238,5.52254212437276,4.84533541539224,5.62708445049782,7.1771489326668,5.7821297887624,4.30836226522422,6.74328577494794,6.6059004498818,4.52655926299121,4.42861776541736,4.84625980035662,4.4395104528046,4.31998915860345,4.07308307129858,6.35493658831035,7.24599039497264,9.78838206456055,10.3813225088829,11.3418097602464,5.50397216051158,6.30737419416585,7.52823395473831,5.48450165573217
2.95935626510709,3.50662825866789,4.38849824496117,4.36411658829263,5.40333056687575,6.56714617385273,4.38356870674784,3.21779602141669,5.18578421461234,6.6059004498818,3.35097159137922,3.87295363865906,4.39903056660137,3.6545822296797,3.64773732249375,3.80689119559031,5.37397801389272,7.24599039497264,9.78838206456055,8.93240412758075,10.1509756620831,5.50397216051158,6.30737419416585,6.63144597020835,4.35849472022471
2.66216837884292,3.50662825866789,3.49983312872985,3.69038389495029,5.29999009305971,5.00678355236278,4.02180586800557,2.87141127167558,4.57631781896839,4.86279364444522,3.19551048126084,3.87295363865906,3.32359830213272,2.89464267340327,2.82993859904195,3.27238840800851,3.07060604819344,5.79641291230951,8.91517179542745,7.04882130011413,7.51272678737178,4.57097707735102,4.68908924587129,4.95230050689372,3.96450607343274
2.40569583395666,3.50662825866789,3.49983312872985,2.48855628730064,4.69534150504603,3.86337989810056,3.25540458175055,2.60460195529413,4.40816338773743,4.86279364444522,2.49044953449277,2.96749188315164,2.76251026075499,2.75449666770589,2.35354187547284,3.27238840800851,3.07060604819344,5.79641291230951,7.56781821832476,6.34544366797093,7.37291117599523,4.14310368513748,4.6575991897854,4.95230050689372,3.96450607343274
1.74765459489583,3.32390178970002,3.05262361304267,1.88005194182097,3.58682121683194,3.63158492462117,2.62917180889838,2.30038966900156,3.99676322536743,4.26547731053085,2.10852546945557,2.96749188315164,2.66149758215943,2.23190561503088,2.34155099465363,2.72630710767294,3.03830476407086,5.64706690616231,7.50604500877807,5.42787040878386,5.94512369746167,3.57594889631139,3.45201975415341,3.53690016566441,3.61004211354793
1.74765459489583,2.9423557199309,3.05262361304267,1.88005194182097,2.92840611260863,3.12848170325242,2.34147239750189,1.98962974342339,3.27452539251419,4.26547731053085,2.10852546945557,2.96749188315164,2.45921295777737,1.89898452348973,1.83818279146374,2.01836386813545,2.77051934012297,4.78595506795364,6.9828158418353,4.45216513513662,5.94512369746167,3.57594889631139,3.14370754462425,3.00281713250286,3.49303937629315
1.48726387133365,2.62842115522426,2.38807336690274,1.59993852530363,2.69862298787484,2.40135438426182,1.49810360824165,1.92723637007839,2.50528177096669,3.91339114483833,1.7617334108653,2.90118514797462,2.12945905463914,1.87434954771527,1.50954144329899,1.80090303705106,2.05869272177472,4.37201836178338,5.73727337644209,4.07425558688738,4.55722794289272,3.0034989371751,2.78461909153998,2.65798924488638,3.49303937629315
1.48726387133365,2.26661832061382,2.38807336690274,1.48653725028771,2.69862298787484,2.03636748480653,1.19856763000246,1.77071592745938,2.50528177096669,3.13788267382722,1.61912504687973,2.4672713228349,2.12945905463914,1.59766075961898,1.33961407243135,1.63973025638916,1.88518255320639,3.50483394452215,4.60538218567558,3.86372659925405,4.55722794289272,3.0034989371751,2.14416239115917,2.59455228672778,3.01012206023927
1.24133846355983,1.86094447152027,1.76074808801832,1.2792252184596,2.45576686144386,1.48497306530805,1.18458365566335,1.52157872166163,1.76192901413526,2.30076882406286,1.40595326193682,2.19645486225193,1.48999605676227,1.20643520920214,1.32532465737938,1.13743515931912,1.51030239842896,3.19644408872,3.78317901842036,2.71509668745421,3.7773993746232,2.33564792172774,1.8388782809252,2.03473934096212,2.64109923411331
1.13097203149709,1.69951594095642,1.76074808801832,1.08912838041203,1.9435191089666,1.48497306530805,1.12579323907585,1.15219849135724,1.76192901413526,2.30076882406286,1.01678484951697,2.19645486225193,1.48999605676227,1.02379869310107,1.11157948755908,0.998627482942538,1.42209490146297,2.96043546898136,3.69077347615519,2.24746371092101,3.44126214565813,2.33564792172774,1.72249111966323,2.03473934096212,2.53873492284458
0.853646369602188,1.28313684274508,1.58285373227488,0.783269029059966,1.80814375715738,1.15423588081831,1.01669398695537,0.961170326853789,1.42026229526266,1.95613321019562,0.943799877111815,1.95221863182724,1.35459265058273,0.990857534541419,0.945653795218277,0.805157366184972,1.11716051624319,2.29311198110281,3.33443513940415,1.7550763834106,2.83721370877572,1.91652364603806,1.47636283729287,1.24276883140328,1.95481619906218
0.834124599224083,1.28313684274508,1.32839910167388,0.646613959793171,1.44101927697682,1.15423588081831,0.751984576187965,0.81998514315228,1.42026229526266,1.58737472977839,0.926214078680687,1.7756367452555,1.25194063727952,0.86408669086677,0.890912214351829,0.660840503263444,0.906105183295494,2.07627532866388,2.75505588727594,1.49050788624481,2.56523774819811,1.57205103632407,1.40949788454463,1.24276883140328,1.57869616683536
0.687693368306896,1.14192712631313,1.22934833259842,0.608329289156586,1.21389259741204,1.05422568149538,0.627228860781543,0.767938000651156,1.08330626411021,1.5307039676494,0.792831047515392,1.44379627501155,1.01386841153078,0.633961073934643,0.727588273777542,0.590047638381748,0.804271555646324,2.06202621510886,2.44367238959796,0.95165311504536,2.12128922874331,1.18373631713257,1.1271413891094,1.16397333745613,1.34255137009586
0.619047610714574,0.947083826257085,0.86970126323456,0.467043261388767,1.21389259741204,0.880299558719116,0.537324320439438,0.696069219922833,1.08330626411021,1.51274953939151,0.647300348821659,1.23988503669284,0.990326741664376,0.6018653578044,0.623903351196759,0.590047638381748,0.804271555646324,1.5944428543612,2.26055017994281,0.821785424057452,1.58785257989859,1.18373631713257,1.10772557893517,1.16369530023724,0.996486342171579
0.477773969347027,0.81783501628945,0.777378722518733,0.436062693453664,0.893564359175798,0.880299558719116,0.537324320439438,0.583535203962469,0.800632117688451,1.36112794992414,0.590395653591941,0.910349722343085,0.64236701030984,0.502567167674897,0.522207504549556,0.433715476227007,0.690583016513983,1.57267492754352,1.48895560375922,0.814736905953737,1.58785257989859,0.991666599438759,0.910442839463826,0.879670211291682,0.996486342171579
0.381979625807048,0.548559059020249,0.649583811239495,0.407533387014496,0.731422099673523,0.656406647594395,0.440005397653181,0.508321492468667,0.690327089899824,1.09512538741058,0.423972666964914,0.910349722343085,0.64236701030984,0.441074570230285,0.394585696802665,0.375140083303791,0.630790642280203,1.4683925094871,1.48895560375922,0.780805936709157,1.40979799444619,0.848282816008236,0.670656025037943,0.721122677586095,0.842144024831214
0.35961047296712,0.502465261436782,0.518449414361498,0.339599597194137,0.731422099673523,0.586865038239694,0.401487484789868,0.433405311087881,0.65679653692132,1.09512538741058,0.4060156588464,0.776883610731829,0.517698242908295,0.33942368837063,0.394585696802665,0.325864397693977,0.563629789856122,1.23797286941704,1.3531712406608,0.657186554573173,1.25434151485445,0.848282816008236,0.587032719034255,0.721122677586095,0.842144024831214
0.328067026023632,0.47016586160737,0.391215245473518,0.3158222627751,0.73032803307899,0.586865038239694,0.292870532779716,0.387521242998787,0.542264524542588,1.06084852830691,0.319225099227651,0.693146209421343,0.425208769132837,0.303220731954639,0.341035642227325,0.300787996163308,0.481152537654339,0.998775306746211,1.3531712406608,0.466836055951035,0.936400360191328,0.788623027317612,0.551015237565593,0.619887657496065,0.842144024831214
0.291764799220914,0.400696158650817,0.391215245473518,0.254189928719256,0.555209998710211,0.437827456815057,0.292870532779716,0.329332936891774,0.460772046387206,0.76117124244854,0.268723551864127,0.571572600658101,0.37030843047819,0.299203162384401,0.293852188026563,0.239706664701885,0.435769511415515,0.877680047052763,1.28132815592312,0.466836055951035,0.936400360191328,0.770374620077632,0.484755167623689,0.553611706965739,0.693093149814899
0.291764799220914,0.362115116780956,0.391215245473518,0.242841544600083,0.533170879229715,0.360801801133334,0.196163013348951,0.310408208472381,0.447184573154914,0.72531943231138,0.254928658588597,0.529240807983001,0.307324748920564,0.255129524443191,0.271919182443185,0.222899748161126,0.301593812842611,0.799934173810698,1.10602323986518,0.466836055951035,0.936400360191328,0.692796914185692,0.443191327187265,0.483556406237312,0.61866213723215
0.245481666590308,0.337186557994869,0.314448849170162,0.207032956021294,0.409684152520867,0.322750883219101,0.153212015752842,0.261712315388991,0.345976997371395,0.588353120825559,0.222437605755772,0.429370807040755,0.239967220924882,0.202195053608989,0.270626722679253,0.179091069686478,0.301593812842611,0.643722539081864,0.784147652870729,0.413175241004978,0.812315632825289,0.63463266315398,0.392802020229396,0.334862099479892,0.543471389463093
0.197890103576697,0.283767791239597,0.206486958145319,0.200794745150006,0.391424531142547,0.259526067436695,0.153212015752842,0.261712315388991,0.341097504911545,0.509044530941992,0.222437605755772,0.338946022626146,0.213381590389872,0.158301055674428,0.241193766685228,0.158962628478207,0.301593812842611,0.548662395141378,0.679799622722498,0.358413695287027,0.552843198790129,0.506185464579289,0.302550889591316,0.334862099479892,0.376799637539989
0.179808063782389,0.238702091933646,0.206486958145319,0.147683005087401,0.367713861012021,0.255221276158068,0.129656413170665,0.209384818781928,0.255005568902448,0.402390213539093,0.163640942468419,0.338946022626146,0.213381590389872,0.158301055674428,0.22952305767069,0.157328385491383,0.28795674056812,0.526552320607607,0.662651052553315,0.322230561961874,0.552843198790129,0.412738351496159,0.253652919467186,0.276796165005862,0.338966975231415
0.140615028801676,0.235653125075714,0.161854140642731,0.134377772724065,0.367713861012021,0.176238785614032,0.128759068210456,0.13724512066176,0.255005568902448,0.314016243412993,0.150226124914298,0.338946022626146,0.183210178865806,0.125000667919039,0.195411319334539,0.155330782142983,0.260651323405227,0.431203895227895,0.61891895454005,0.208272692103378,0.552843198790129,0.380046600790024,0.199262614660825,0.276796165005862,0.305703425485831
0.139423923220761,0.227237275897664,0.159902730389376,0.10422616744961,0.228010616478741,0.154015544107665,0.105958029911562,0.1370941828078,0.203680442450946,0.290150693102078,0.130875659088815,0.279244648753206,0.183210178865806,0.108634652297269,0.144265384930691,0.123125663406313,0.213638653628436,0.314539404043103,0.490440030336913,0.208272692103378,0.427992605707232,0.269872336210483,0.158517171364224,0.223205925126763,0.270139790472854
0.125072067098927,0.144466702944783,0.159902730389376,0.0870080429806421,0.228010616478741,0.110578843050803,0.088529821211182,0.132372168111146,0.186723015760549,0.290150693102078,0.130037096118258,0.279244648753206,0.170370662469168,0.101510058331314,0.144265384930691,0.111822535456781,0.202194204353304,0.28196466928739,0.338904929241835,0.169861299159834,0.381330878616609,0.246123907575338,0.136825880217998,0.216596690067036,0.26760056612261
0.07620762596855,0.144466702944783,0.159902730389376,0.0870080429806421,0.188287827268709,0.110578843050803,0.0882661343405289,0.117277686133548,0.155157693601268,0.290150693102078,0.126000480074026,0.236559769344922,0.15900719556555,0.0800812981062791,0.107930096490577,0.0807345603534486,0.160338675662729,0.226320783039796,0.32454443888173,0.161342752413816,0.296030835404736,0.182387285194864,0.128540532639818,0.186245010312064,0.194331140464101
0.07620762596855,0.11904447049119,0.124137021233196,0.0774977032461948,0.181932047431246,0.0932141882941551,0.0882661343405289,0.114548596295776,0.13255823076895,0.221947652444783,0.0941989678881328,0.232952534708375,0.10772491972034,0.0745870836847189,0.0910189439633768,0.0717853069634202,0.141671492075602,0.187571236632834,0.312634860027401,0.147395990898985,0.296030835404736,0.182387285194864,0.128540532639818,0.165181983386105,0.162487001528348
0.0715100741143715,0.11002001772215,0.110843409767199,0.0483820427282353,0.181932047431246,0.0932141882941551,0.0675199265335777,0.0822225604368896,0.106729362854935,0.205314119593027,0.0916267688884318,0.232952534708375,0.0958112240939499,0.0561405330446405,0.0909549758785033,0.0681390775752106,0.124423853044277,0.159728971139202,0.27304144830407,0.122932546969992,0.254555354728495,0.14149526590154,0.0926506816903157,0.139011088283837,0.147941748583321
0.0554397837759097,0.0886886611584714,0.0923671726758357,0.0483820427282353,0.168797574098789,0.0882931547317867,0.0675199265335777,0.0822225604368896,0.0959399181565459,0.171473062551172,0.0700416019984686,0.226670810304995,0.0958112240939499,0.0451594362522201,0.0799036489528362,0.0524643255198498,0.10275937150152,0.143083275700292,0.238009192289041,0.107411151589758,0.239137065032764,0.14149526590154,0.0926506816903157,0.113588821302528,0.142601646989988
0.0554397837759097,0.0777787534486833,0.0782739923579356,0.0475845410571765,0.119837959785173,0.0738614461919269,0.0642665710902293,0.0658883002695347,0.0817094566438072,0.137632967718446,0.0700416019984686,0.188124592104373,0.0750701961247842,0.0384933947555055,0.0717773544147349,0.0459134041966536,0.0847138383538777,0.134578752656012,0.201508092056088,0.0927311669177016,0.19657823021555,0.135849381491425,0.0836019581914798,0.0973087391162153,0.111440128969434
0.0472683148921078,0.0772166266511931,0.0782739923579356,0.0425075552999488,0.109109274278467,0.0738614461919269,0.0576466984554145,0.0537078015643147,0.079972851231787,0.110933254218708,0.0700416019984686,0.186344705255692,0.0612496637307913,0.0384933947555055,0.0572501243386796,0.0425675168319231,0.0790801933914054,0.122118389067623,0.189639247773243,0.0785569672691508,0.170239579161148,0.0987346594862402,0.0831564834076062,0.0954864313212056,0.102859722367839
0.0378734964782552,0.0543074030273374,0.0637419088541265,0.0277078236572379,0.0815619651963289,0.0665160718123161,0.049263644718053,0.048373410512454,0.0441220867077163,0.103658529794416,0.0653501972743697,0.159931188829091,0.048244842242525,0.0310915859159877,0.0444620500835526,0.0333962118963882,0.0765584020847427,0.0917849740187648,0.149554579295682,0.0657504283996104,0.138005123974267,0.0770347648114011,0.0708411294463076,0.0884034637109608,0.0782640016269625
0.0349559212352233,0.0543074030273374,0.052063216693341,0.0228765907855859,0.0754739162538272,0.0647210425400999,0.0438128985483672,0.0462596471189727,0.0441220867077163,0.0751290989117024,0.0457411549134576,0.159931188829091,0.0427877508857364,0.0310915859159877,0.0444620500835526,0.032749247268498,0.0655108791936527,0.0917849740187648,0.131312044429592,0.0580784338632157,0.121805388238158,0.0770347648114011,0.0626222405469434,0.0722189418099788,0.0764805573525109
0.031826046006131,0.0489705354865464,0.0361752051068152,0.0225873013116598,0.058395363335535,0.0419269880659385,0.0350211276602295,0.0327768128374828,0.0399621278573932,0.0703205817530943,0.0457411549134576,0.148670712898934,0.0339283496637108,0.0249064459275132,0.0361740526925587,0.0243663650282997,0.0569908839378286,0.0762886623743952,0.0938795244488801,0.0450777683987553,0.0940761861510282,0.0599279796737164,0.0465677699041862,0.0635383536560994,0.0681592843017143
0.0253080210094367,0.0429032268727951,0.0331263021123505,0.0212032249513641,0.058395363335535,0.0419269880659385,0.0294759105779576,0.032204785774411,0.0392519451271482,0.066452231010885,0.0382059244992661,0.140713148362238,0.0308038027820885,0.0192299735589359,0.0273552345745429,0.0230633731323451,0.0510908654005107,0.064852967763386,0.0938795244488801,0.040486474961881,0.0831417792622915,0.0560528931415547,0.0465677699041862,0.0593539341372207,0.0576371493116312
0.0253080210094367,0.0349112813273678,0.0304720185921497,0.0191869123899551,0.0489791501576065,0.029840823780205,0.0278278438561301,0.0268074251163171,0.0335716716522256,0.0637942828556106,0.0382059244992661,0.129677717115101,0.0247051768988058,0.0183190118535776,0.0240358703988477,0.0220160575921682,0.042201218188552,0.0549690036774564,0.0786647460907943,0.0318689755711148,0.0802603698301709,0.0476942163310241,0.0394892997986744,0.0492928113495736,0.0466658468787955
0.0218623886850082,0.033270060217319,0.0247931853166392,0.0168620840985341,0.0422680305059657,0.029840823780205,0.026577207085893,0.0259243764621715,0.0331009556410891,0.0580419577157727,0.0382059244992661,0.12218961742974,0.0198371180093773,0.0183190118535776,0.0199971565233454,0.019154258172307,0.0357296626751804,0.0549690036774564,0.0786007394186754,0.0261780071066369,0.0741877013903149,0.0439413921807272,0.0394892997986744,0.0492928113495736,0.0419344548294021
0.0164110555011803,0.0290900005339836,0.0181070572451745,0.014444472352011,0.0393096798363786,0.0274502275894974,0.0228770585262055,0.020798883561497,0.0250267521793148,0.0489675527737745,0.0237256195424607,0.117147848169452,0.0159884025450765,0.0118686548024698,0.0152566903406068,0.0188913926466512,0.0271871200477563,0.0396880841711891,0.0667156111525173,0.0159231444624766,0.0611706232682536,0.0419990760170776,0.0304837682066363,0.0385188728627099,0.0367135927874642
0.0156740030909077,0.0245205105039759,0.0171911681087522,0.0136271865103481,0.0393096798363786,0.0232314599313668,0.0186495365817336,0.0186423142864669,0.0236193495934458,0.044188875007876,0.0237256195424607,0.112858273469328,0.0131949991193778,0.011143641344006,0.0152566903406068,0.0165402083489425,0.0250451332843795,0.0340360458537816,0.0529964674195753,0.0159231444624766,0.0538045708095751,0.0377570783506371,0.0304837682066363,0.0384520679607476,0.0275028816723761
0.0135672277097001,0.0191811888076927,0.0168903492057098,0.00932561694537526,0.0329727910706197,0.0184663340286306,0.0186495365817336,0.0159986095760587,0.0182691500060628,0.0324024105854051,0.0235449593303656,0.110960001001104,0.0131949991193778,0.011143641344006,0.0152566903406068,0.0131084444745966,0.0216846509720199,0.0340360458537816,0.0477750871555145,0.0159231444624766,0.0433438680805693,0.0254002392804296,0.0256286257131251,0.0243364820843226,0.0275028816723761
0.0131134707418141,0.018201016498665,0.0136816622456308,0.00932561694537526,0.0329727910706197,0.0162195761030262,0.0165841457687748,0.0126922395730844,0.0180775145357757,0.0309924843309091,0.0222156822129591,0.102821591527913,0.0103198584071151,0.00867217392453767,0.0120853624973734,0.0124960746958322,0.0215534457440754,0.0278105651234455,0.0477369251409527,0.0149074859212988,0.037424519577371,0.0252836626705175,0.0234997564202786,0.022487114284786,0.0275028816723761
0.0109484492438696,0.0154476214090664,0.0119509863461644,0.00806387619240923,0.0283707770896626,0.0144238217426391,0.0125352323573225,0.0126922395730844,0.0131015070354579,0.0259277619943532,0.018403959555485,0.102066341212776,0.0095466231972523,0.00725335288007045,0.00861745606118802,0.0124960746958322,0.0209096135721438,0.0262671899927227,0.0378038911708245,0.0129061071461365,0.0284976028907522,0.0252836626705175,0.0206728488120689,0.0192795658158502,0.0213285816189455
0.0100177374105215,0.0147712643762361,0.0108149377564359,0.00729515965099381,0.0238883653188395,0.0143504783227399,0.011371339422567,0.0105850641899679,0.0127714048634289,0.0235165217505937,0.0158727401945953,0.0986452533277316,0.00845595072917149,0.00722606914837343,0.00756415577370717,0.0111394548093813,0.0180085797516085,0.0218186859272009,0.0365393107678074,0.0106582643679758,0.0284976028907522,0.0203507642779641,0.0206728488120689,0.0168915908093368,0.0213285816189455
0.00873625833571623,0.0125638808041231,0.00880143691017565,0.00540610713358092,0.0190616289916079,0.00970305482564982,0.0107812003346908,0.00986009995017412,0.00968380491792686,0.0151195329316351,0.0130579320436937,0.0963394631813799,0.00659062663078203,0.00478647274314881,0.00684391010202035,0.0108010798163605,0.0138363525344403,0.021302823438873,0.032019820936398,0.0106582643679758,0.0227690846993482,0.0175779771589077,0.0144694011418096,0.0152769042707632,0.020109690077561
0.00760497629391921,0.0100738335584083,0.00809339247109619,0.00461199288929492,0.0178210035801385,0.00825328910798362,0.00986075662535768,0.00986009995017412,0.00952327785785201,0.0143270077770694,0.0125350913241391,0.0943950299467815,0.00574226126241228,0.00478647274314881,0.00672857430049589,0.0088771311675373,0.0117101870774832,0.0196622515962872,0.032019820936398,0.0101057943414844,0.0204233343392843,0.0151383216190197,0.0144694011418096,0.0148857252137304,0.0186165003145788
0.0071198237575345,0.00778848918855601,0.00671947219848334,0.00399445057723824,0.01585870641361,0.00669242672449855,0.00718337880630315,0.00883163543630872,0.0086367650341117,0.0111486007281201,0.0108318712884738,0.091500004726754,0.00473205864034298,0.00443889810844666,0.00534196239050289,0.00753917772749446,0.0117101870774832,0.0141771206100429,0.0249961076156069,0.00970337325702531,0.0188542812198875,0.0134352219070024,0.0141487712071466,0.0114419969519304,0.0135341941182787
0.00604011906648338,0.00669124047578862,0.00620270173919835,0.00349219907798215,0.01585870641361,0.00533248079261739,0.0063934771218328,0.00708012051973128,0.00782048677558578,0.0111486007281201,0.00937864619459106,0.0889592573396385,0.00375956104892339,0.00427314638216103,0.00417602260733929,0.00667347212106506,0.0103479986302091,0.0141771206100429,0.0219546373724597,0.00648104468234578,0.0142473420663691,0.0120268586458678,0.0116095168024231,0.00994190806682127,0.0107508035962383
0.00566576891321802,0.00619432953192245,0.00609815178097506,0.0027563301397322,0.0125878613612258,0.00365933018588294,0.00526611885902639,0.00550131458828673,0.00666096508643932,0.00751114259765018,0.00818059846233155,0.0851618817744111,0.00373119539619893,0.0038966077107716,0.00398939489650729,0.00512528971080428,0.00996785734525929,0.0120015800022202,0.0190807377337023,0.00648104468234578,0.0133658646657295,0.0102460005095963,0.00850869761177364,0.00716131897297601,0.00834747210046771
0.00473176779121331,0.00543488715641161,0.00474899317669042,0.0027563301397322,0.00961920466909305,0.00365933018588294,0.00392736193066412,0.00550131458828673,0.00632215519476631,0.00693852411143325,0.00729002248101551,0.0842258335658244,0.00373119539619893,0.00360971921850251,0.0035333624306304,0.00475793316411455,0.00823459083846956,0.0113293267475001,0.0165219318977279,0.00648104468234578,0.0110112591114557,0.00862905889425747,0.00793468669689901,0.00716131897297601,0.00801322972472462
0.00377031396135408,0.0046138281338699,0.00474899317669042,0.00231605984515681,0.00961920466909305,0.00334900934160487,0.00392736193066412,0.00513640563099216,0.00486481310394993,0.00594924323900159,0.00600101018085297,0.083023098435774,0.0026382761656123,0.00292383156204323,0.00292954821702551,0.00309258797244638,0.00710058439869954,0.010682784550454,0.0152373898116593,0.00648104468234578,0.00898731644474537,0.00742989900220437,0.0075069330931683,0.00659278177022316,0.00739008194091184
0.00275516663873532,0.0038980290694326,0.00474899317669042,0.00201611530201262,0.00961920466909305,0.00286902446839576,0.00384298421238327,0.00498359461073505,0.00486481310394993,0.00594924323900159,0.0048153972908267,0.0824189174024923,0.00208703062764926,0.00261519550269895,0.00251751163193603,0.00309258797244638,0.00657527832265714,0.00818286026105852,0.0124628797791502,0.00501403574594406,0.00710197987552874,0.00643860699267407,0.00589701065450754,0.00659278177022316,0.00580754730992794
0.00245509782507725,0.00349711048465906,0.00376178709154829,0.00157161248444027,0.007415856274406,0.00223652467639113,0.00332544181480898,0.00355383626902039,0.00419627129679156,0.00477450848995886,0.00470842746699418,0.0799023978933064,0.00208657243445032,0.00221571900738127,0.00201903554136607,0.00247148028722677,0.00562698306293896,0.00624913314720743,0.0119311435803411,0.00435294082194559,0.00656759473883994,0.00512965083112249,0.00541979515878666,0.00616657994953584,0.00566897570251967
0.00199543309179262,0.00283351385235164,0.00376178709154829,0.00157161248444027,0.00416991736085492,0.00218104785244577,0.00332544181480898,0.00291659881543183,0.00413678741415424,0.00454236472091907,0.00449312531270607,0.0779219541137763,0.00208657243445032,0.00196264222961418,0.00191685643721939,0.00247148028722677,0.0052213283332776,0.00594453359167346,0.011546265858442,0.00400867089456369,0.00640429598604442,0.00475388886081873,0.00435662981226415,0.00465359463498771,0.00512607270741228
0.0018552453797156,0.00218258048391817,0.00274073916909856,0.00106351559657014,0.00416991736085492,0.00166910685447874,0.00204484073833555,0.00214208115937708,0.003529346520736,0.00427462266839029,0.00328635821745138,0.0747165962301324,0.00154813550477684,0.00174897090721515,0.00136454106791462,0.00170289289997072,0.00450425149654166,0.00380717423570331,0.00833094698737114,0.00334768271989105,0.0054669763998163,0.00437455044880153,0.00435662981226415,0.00465359463498771,0.00493924720649375
0.00143270413229857,0.00218258048391817,0.00248678915738765,0.00100631958980557,0.0039733438023859,0.00157446249602344,0.00204484073833555,0.00214208115937708,0.00309448359598719,0.00392283607902755,0.00328635821745138,0.0747165962301324,0.00150397509332834,0.00149707831542401,0.0012882571497812,0.00170289289997072,0.00320317426701422,0.00380717423570331,0.00833094698737114,0.0026440969649002,0.00462696295539899,0.00403800721483094,0.00377001663400733,0.00372673247807143,0.0042951050221518
0.00128573981555746,0.00218258048391817,0.00222502130907287,0.000908044831135157,0.0039733438023859,0.00118139929497829,0.00202017898629947,0.00214208115937708,0.00260947902677344,0.00291288561084002,0.0028776536736359,0.0728680660324699,0.00129486948480917,0.00126809259052152,0.00120161044640099,0.00170289289997072,0.00320317426701422,0.00336248711641929,0.00825959045710078,0.00231480441800613,0.00419966859840315,0.00317006623299676,0.00377001663400733,0.00322084913455001,0.00386865762027355
0.00128573981555746,0.00218258048391817,0.0017930779197286,0.000904301808873242,0.00362611841978833,0.00118139929497829,0.00175921696518344,0.00195678965826573,0.00219509598457535,0.00251896018983189,0.0028776536736359,0.0727053309501571,0.00128597535797326,0.00126809259052152,0.00120161044640099,0.00170289289997072,0.00289649372041367,0.00334819779266127,0.00785985958896163,0.00231480441800613,0.00374901880081779,0.00222536415253671,0.00284249570233897,0.00322084913455001,0.00334311039091517
0.0010169106678859,0.00210405852487838,0.00173438044078011,0.00079830474260234,0.00268095223202636,0.00106260237566858,0.00153777915022602,0.00151653268926566,0.00158514099484819,0.00251896018983189,0.00244977020656734,0.0716723601299236,0.00112820048639151,0.00111229372453181,0.00103333809829564,0.00140153064364767,0.00230997909079633,0.00314061773372032,0.00754864660439125,0.00209952610498476,0.00275720962827108,0.0022167844821297,0.00284249570233897,0.00254944082382735,0.00322441119408268
0.000937137056439497,0.00148612655766556,0.00173438044078011,0.00076961941783793,0.00254748223653678,0.000928701881662164,0.001371203884446,0.00137533953432012,0.00158514099484819,0.002127109035996,0.00198477157039179,0.0706170573657801,0.000995063339814806,0.00108049177561043,0.000814159112792368,0.0011007467901436,0.00230997909079633,0.00199508808168503,0.0055721597639149,0.00209952610498476,0.0027269334052562,0.00217878632997781,0.00267899436516927,0.00235560675162105,0.00287715672823197
0.000868556264322251,0.00118030069631914,0.00118870806215909,0.000648422741164723,0.00205471914875943,0.000870276818659477,0.00108207182483966,0.00112668038013908,0.00157640789677771,0.00208366070830834,0.00192417403673062,0.0676995020601225,0.0007788359425831,0.000788009177995264,0.000694106231435399,0.0010043849080148,0.00164791647443963,0.00199508808168503,0.0055721597639149,0.00161137571558356,0.00202909301242471,0.00185206948333416,0.00234882879567522,0.00215656554951238,0.00281545216137147
0.000730075758497151,0.00118030069631914,0.00118870806215909,0.000644744029955291,0.00187076453039481,0.000781474062705456,0.000944523797215879,0.00107729582646243,0.00137911931881263,0.00208366070830834,0.00147779640815315,0.0658511590656872,0.000725182766814214,0.000788009177995264,0.000694106231435399,0.000899168008800189,0.00164791647443963,0.00199328103803964,0.00467128164700625,0.00159734389251298,0.00192166513170378,0.00157699482110729,0.00199878579826418,0.00212476415708807,0.00266124853806105
0.000730075758497151,0.00104231444584002,0.000831568926741966,0.000521095034514474,0.00155104848897736,0.000668282096626172,0.000673711180070313,0.000963387823617268,0.00127408873879631,0.00156014455467357,0.00118023035702208,0.0658511590656872,0.000725182766814214,0.000669439858938858,0.000694106231435399,0.000752617124817334,0.00164479166573983,0.00176432088653655,0.00389259216296978,0.001492071503435,0.00153201464661379,0.00116531109426887,0.00160254758066003,0.0016371245475284,0.00262443989231542
0.000674120108897114,0.000791590781545892,0.000831568926741966,0.000521095034514474,0.00155104848897736,0.000668282096626172,0.000673711180070313,0.000697747833214635,0.00104229451380888,0.00135549217441167,0.00100656415804679,0.0658511590656872,0.000587598306196924,0.000591833153180232,0.000623635559577451,0.000655854141655254,0.00136941085702347,0.00166328704835905,0.00341592298116211,0.00144869428004313,0.00130231582477336,0.00116531109426887,0.00134133521646618,0.00127509471303711,0.00252508267953999
0.000625037645704651,0.000791590781545892,0.000812475925158651,0.000422687709033198,0.00112559727028838,0.00064591212628784,0.000673711180070313,0.000697747833214635,0.000992784544223468,0.00125287594642032,0.000772367929243956,0.065558726952986,0.000468816411625994,0.00045961877276568,0.000511641290017906,0.000578889441271713,0.00108038566122559,0.00115351370629924,0.00337757310512643,0.00101568291302101,0.00103293994084197,0.00115313898629665,0.00121450072970219,0.00124621581642259,0.00190351743765405
0.000575445150388987,0.000663469735741273,0.00079482215085136,0.000422687709033198,0.00112559727028838,0.00064591212628784,0.000673711180070313,0.000672535731041535,0.000884869057131255,0.00114822802538583,0.000751097366219255,0.0653644357902294,0.000405233510377911,0.000449666448957942,0.000335344460381748,0.00044243989577808,0.000991906736203418,0.00112045711625797,0.00299627028243776,0.00101568291302101,0.00100411593166427,0.000924316176451612,0.00102151850853716,0.00104956335860606,0.00148363812763819
0.000475399424090028,0.000663469735741273,0.000728227843637796,0.000363430716561197,0.000770530028376015,0.000559863614171263,0.000605371532742538,0.00055260281453684,0.000829986367307356,0.000932481458562506,0.000627859141445697,0.0646900111181594,0.000283362296045198,0.000378404687694456,0.000335344460381748,0.00044243989577808,0.000893508828198719,0.000963943986448612,0.00226090823298364,0.000935878158088599,0.000906845986833105,0.000821028877794561,0.000719651067242921,0.000845664084408781,0.0013044176009771
0.000391796007988887,0.000430459208928369,0.000647561553478226,0.000317037448326118,0.000770530028376015,0.00055786582311157,0.000605371532742538,0.000549515046486704,0.000650233483384,0.000932481458562506,0.000565431819495643,0.0623850165010253,0.000283362296045198,0.000326469517631267,0.000335344460381748,0.000376247028725629,0.000705602297330188,0.000933537530613648,0.00180815678322688,0.000912334742793064,0.000904064852761621,0.000672041299822013,0.000704462209455414,0.000845664084408781,0.00123800475569169
0.000291321902182062,0.000430459208928369,0.000567188400168561,0.000286455190007473,0.000770530028376015,0.000503525888461809,0.000462809234932138,0.000330284537312764,0.000621810249299415,0.00070874801122045,0.000403216720656019,0.0621653173296863,0.000218017571341989,0.000257871362123296,0.000335344460381748,0.000333072195189743,0.00069341632593023,0.000933537530613648,0.00180815678322688,0.000732422753003448,0.000799960856852522,0.000672041299822013,0.000629452736689018,0.000756618067384807,0.000946852343076898
0.000262931520410348,0.000430459208928369,0.000567188400168561,0.000242374630374798,0.000736269014964819,0.000389965016893257,0.00037457501832705,0.000330284537312764,0.000621810249299415,0.000703505165915885,0.000389801496680775,0.0617656368150392,0.000186027984454995,0.000252992514219841,0.000261267999690062,0.000308334575493063,0.00069341632593023,0.00088148203963101,0.0013360198108785,0.000635957938243337,0.00071110016028797,0.00063767555798222,0.000611483733678142,0.000637465589079511,0.00082180766582951
0.000251412340617208,0.000430459208928369,0.000436138764825955,0.000242374630374798,0.00065340251762791,0.000349625695889699,0.00037457501832705,0.000261694081359565,0.000469796555989888,0.000502870875038752,0.000359271348656875,0.0606770676737369,0.000186027984454995,0.000205861458539403,0.000251218235689521,0.000234701183558172,0.000596258503946956,0.000720029698982216,0.00110482304853576,0.000547271237564928,0.000697984755788639,0.000591915867516946,0.000509098310885747,0.000577026685050441,0.000708999728999515
0.000238545928482381,0.000304225341892561,0.00037257263045376,0.000220142467355799,0.000585674248554824,0.000258350691979103,0.000337548757102013,0.000261694081359565,0.000445577784148554,0.00038230518293858,0.000290971873823764,0.0603720810173627,0.000183956046839739,0.000205861458539403,0.000228965462724773,0.000234701183558172,0.000596258503946956,0.000714264657062813,0.00103859446392107,0.000502583643424259,0.000565939068906118,0.000533176482576891,0.000395727552131575,0.000479379296734805,0.000620684894329315
0.00019651943819099,0.000295086264713973,0.000316642286861679,0.000188784532383579,0.000548675355275918,0.000208648301963876,0.000295267625119777,0.000235937322031532,0.000330723309048153,0.000372913238493311,0.000248686711529444,0.0600279884374686,0.000159975189603756,0.000138658829200722,0.000211277018593137,0.000200761927999338,0.000507177182385021,0.000578283965069204,0.000820828718019584,0.000349065779118973,0.000565939068906118,0.000432209347536627,0.00039562230165302,0.000383418240289757,0.000490403230969605
0.000181735520641269,0.000255586033063082,0.00030993971688531,0.000188784532383579,0.0004278943835061,0.000201768663828261,0.000273374772632451,0.000219603073901453,0.000274924666427978,0.000356618650130258,0.000190827148344397,0.0598502298100811,0.000132921056092528,0.000138658829200722,0.000201969114868916,0.000176829328779604,0.000444711332079351,0.000530232808046094,0.000820828718019584,0.000349065779118973,0.000565939068906118,0.000351343504235047,0.000293190738034355,0.000323800382375339,0.000424806017235824
0.000165491079087587,0.000255586033063082,0.000247408078394074,0.000158573412591068,0.000410929497320467,0.000196655639115306,0.000219437356918206,0.00016749705980601,0.000200951303213515,0.000249449681177794,0.000190827148344397,0.0591865451572176,0.000132921056092528,0.000138658829200722,0.000182542878064851,0.000176829328779604,0.000380203601935136,0.000354379487930601,0.000679088763490654,0.000265833067601307,0.000476257978448302,0.000281987512948945,0.000293190738034355,0.000253703643238623,0.000306049834648547
0.000165491079087587,0.000219202443872746,0.000219645139509339,0.000158573412591068,0.000377370183286985,0.000180748528350705,0.000180454306473621,0.00016749705980601,0.000200951303213515,0.000249449681177794,0.00017274931724387,0.0590801906365641,0.000108443047565743,0.000138658829200722,0.000182542878064851,0.00016821608983264,0.000337077441031397,0.000299349538295246,0.000651096754495484,0.000265833067601307,0.000340928526725293,0.000266359564989216,0.00027261834861747,0.000236075898669696,0.000306049834648547
0.000138481539238455,0.000185566298569029,0.000181911771278465,0.000153003312107103,0.000320696912808671,0.000172070970734239,0.000180454306473621,0.000156516255970018,0.000190095968832793,0.000249449681177794,0.000168646701922626,0.0582269881386992,0.000103652251368658,0.000138658829200722,0.000182542878064851,0.000164444021606869,0.000246851940801207,0.000263578143631094,0.000608890291573516,0.00022931189710107,0.000290611335572066,0.000238930518889902,0.000246997697900042,0.000190338515949406,0.000238067742429848
0.000138481539238455,0.000185566298569029,0.00017325085855191,0.000137375273084217,0.000262584577399139,0.000140486070790757,0.00015424977539169,0.000141455125572065,0.000160490860480422,0.000195587089933724,0.000168282380627716,0.0581933001452626,7.69431544540566e-05,0.000137417774340065,0.000182542878064851,0.000164444021606869,0.000206797467285469,0.000253367078585143,0.000556513149831517,0.000205691475230196,0.000290611335572066,0.000238930518889902,0.000233306160453139,0.000167780301467246,0.000238067742429848
0.000105634044984981,0.000154772598875752,0.00017325085855191,0.000114101242729703,0.000221366837877213,0.000137454611035537,0.00015424977539169,0.000136277745809821,0.00016033315068853,0.000195587089933724,0.000168282380627716,0.0581048240118207,7.50740584862797e-05,0.000124873824461247,0.000142678804991192,0.000137770711717167,0.0002021929218472,0.000212221237234189,0.000473672866291963,0.00016902299796584,0.000224350379085081,0.00023711427741091,0.00019775452688009,0.000159413892220073,0.00020265594207558
9.62586055948123e-05,0.000140057742328281,0.000125999301758384,0.000111873462742551,0.000221366837877213,0.000110762421741128,0.000128319979467051,0.000123716574989885,0.00012824738882955,0.000195587089933724,0.000140400132863761,0.0577805076778759,6.88420499272979e-05,0.000119104199598041,0.000142678804991192,0.000107374826484374,0.000165598465741823,0.000183055413458533,0.000471785961508431,0.000162555846372925,0.000217325570815774,0.000225941544613306,0.000142843633511802,0.000138933264679508,0.00020265594207558
9.62586055948123e-05,0.000140057742328281,0.000125999301758384,6.73971110245475e-05,0.000197027171793707,8.67505681299008e-05,0.000128319979467051,9.75245504832856e-05,8.96919302704191e-05,0.000156776104290657,0.000125534269159289,0.0572845361091368,4.84241081721848e-05,8.75342809649737e-05,0.000142678804991192,8.44204020040706e-05,0.000155565889144782,0.000183055413458533,0.00034315098434945,0.000132879046532253,0.000202698348743979,0.000172291272633629,0.000142843633511802,9.97021764987949e-05,0.000202327269448688
9.17383457590404e-05,0.000134778747678865,0.000114427968242126,6.19305584450558e-05,0.000186157245707363,8.67505681299008e-05,0.000128319979467051,6.87291291114889e-05,7.10411964064406e-05,0.000153644210172388,0.000122810541256513,0.0571038106204469,3.94861947370373e-05,7.78302046455792e-05,0.000113281355538675,8.3329889093875e-05,0.000155565889144782,0.000166891676258274,0.000312014392648052,0.000132879046532253,0.000202698348743979,0.000172291272633629,0.000142843633511802,8.84065540276424e-05,0.000181088679937602
4.76005494647325e-05,0.000127460591784256,8.37696269400112e-05,4.3263216412015e-05,0.000178444611492523,5.77111400161812e-05,0.000128319979467051,6.7404961214379e-05,6.25041792545744e-05,0.000120249123142457,0.000112721885102474,0.0564454665440053,3.14839757038499e-05,4.88668109710488e-05,6.60925273905377e-05,5.37259757038555e-05,0.000154362017383392,0.000142072429184736,0.000223225814124817,0.000132879046532253,0.000161136061706202,0.000144550574646019,0.000101110372270341,6.41803103462735e-05,0.000176808772721415
3.27391184100634e-05,0.000123556881362674,7.86996787383032e-05,3.91445032619231e-05,0.000168719829275688,4.54969266456828e-05,0.00011561406859073,4.22718468371386e-05,4.99704699450376e-05,9.67653977568261e-05,8.83365325989871e-05,0.0562321765788738,2.86425287185921e-05,3.70273055523285e-05,6.60925273905377e-05,4.9188621801477e-05,0.000116931040679447,0.000105330156657146,0.000223225814124817,0.000114087340421065,0.000154350055026953,0.000144550574646019,0.000101110372270341,6.02449032385266e-05,0.000176808772721415
3.27391184100634e-05,0.000104116283409894,5.22028543628039e-05,3.49215146115966e-05,0.00013589926993518,3.94474811855616e-05,7.60819701781656e-05,3.7187665611782e-05,4.15153270978408e-05,7.365624992417e-05,6.48069558337738e-05,0.0556900587841938,2.76430590702148e-05,3.25969277810145e-05,5.98418070012485e-05,3.86399074159272e-05,8.42794538584712e-05,0.000105330156657146,0.000213633214343645,0.000101138233503661,0.000110764646365169,0.000139562196409315,8.48307864771414e-05,3.9716041783322e-05,0.000145874678878499
3.14112469368411e-05,9.7444773814459e-05,3.89372225981788e-05,2.71626812491377e-05,0.000125369636066353,3.94474811855616e-05,7.60644184083503e-05,3.55441663941747e-05,4.11413320762222e-05,6.94592639547409e-05,5.28408471609509e-05,0.0555398474277808,2.53436313641942e-05,3.25969277810145e-05,4.35651911629975e-05,3.45500169487423e-05,8.42794538584712e-05,7.93767979985205e-05,0.000187030969414081,7.48982914728913e-05,9.9721071364911e-05,0.000128226768651984,6.59227675896545e-05,3.53045601286794e-05,0.000145874678878499
2.89272026066101e-05,5.9261188880555e-05,3.46716086596643e-05,2.71626812491377e-05,8.74165642699154e-05,3.14792009703524e-05,6.75058105343851e-05,3.10081330781031e-05,2.84840390349927e-05,4.56689381280739e-05,4.30723623594531e-05,0.0554398115539243,2.07941252483579e-05,2.99795535738667e-05,3.42393757364334e-05,3.02390232036487e-05,6.79118313655636e-05,6.37943400079166e-05,0.000177665538330984,7.48982914728913e-05,9.77463832896319e-05,0.000116915440230514,4.34000972973081e-05,3.53045601286794e-05,0.000128047111275009
2.87229297555314e-05,4.16759744439332e-05,2.68517032964155e-05,2.7040582040172e-05,8.54916380603754e-05,2.85499711480952e-05,5.78622336888657e-05,2.94080946332542e-05,2.84840390349927e-05,4.56689381280739e-05,3.60437035169525e-05,0.0553668347426992,2.07941252483579e-05,2.87436607777636e-05,3.13393230726433e-05,2.94201694259755e-05,6.61733038214152e-05,5.64214404903396e-05,0.000159990149313671,5.84735010988879e-05,8.16585687744009e-05,0.000116915440230514,4.34000972973081e-05,2.99487930988107e-05,0.000128047111275009
2.59722015698571e-05,3.80513664595128e-05,2.6110113140021e-05,2.52504401032638e-05,5.94348076674578e-05,2.72731234645107e-05,4.24767891900046e-05,2.69269810360129e-05,2.73306234248594e-05,3.9682977103439e-05,3.10955585973716e-05,0.0552565990159337,2.01852531063196e-05,2.60485791159226e-05,2.67250633214644e-05,2.66873414602742e-05,4.93425444574314e-05,4.69941073788505e-05,0.000151825676312001,4.84977275618803e-05,5.52177416466293e-05,9.83945529924313e-05,3.23962086667962e-05,2.87066359305754e-05,0.000128047111275009
2.48774130113816e-05,3.41732596780275e-05,2.6110113140021e-05,2.20778249513387e-05,4.55947736099915e-05,2.34713024838129e-05,4.24767891900046e-05,2.69269810360129e-05,2.54073950145539e-05,3.66312347068742e-05,2.91988601475168e-05,0.0552565990159337,1.97824647329981e-05,2.3675809757151e-05,2.49935853844363e-05,2.61078752146204e-05,4.40158712535776e-05,3.83439437428024e-05,0.000130693377514035,3.70908995819264e-05,5.52177416466293e-05,7.49445345036293e-05,3.21716314601872e-05,2.55954248586931e-05,0.000118330466079897
2.34998655059826e-05,3.15565758910452e-05,2.4520812303308e-05,2.04153649292493e-05,3.81089889742725e-05,2.29736400569891e-05,3.5272964851174e-05,1.89884258361417e-05,2.26359877615323e-05,3.03808096759894e-05,2.63940803506557e-05,0.0550944275782967,1.97824647329981e-05,2.3675809757151e-05,2.48291328261985e-05,2.61078752146204e-05,3.90168457897744e-05,3.36421778683871e-05,0.000114795592253358,3.23179448287192e-05,3.97245912608923e-05,5.55544035023559e-05,2.8733582098539e-05,2.39822101093523e-05,7.27196248817563e-05
2.2537035761161e-05,3.15565758910452e-05,2.4520812303308e-05,2.04153649292493e-05,3.42521217362446e-05,2.29736400569891e-05,3.28938693883174e-05,1.89884258361417e-05,2.26359877615323e-05,2.77670239938743e-05,2.57667262530958e-05,0.0548111350542513,1.97824647329981e-05,2.23652272097752e-05,2.46578294991195e-05,2.61078752146204e-05,2.99608351497227e-05,3.32500396780233e-05,0.000114795592253358,3.16300992153629e-05,3.60939383199366e-05,4.44221947191181e-05,2.8733582098539e-05,2.36862478004696e-05,6.0091043110333e-05
2.2537035761161e-05,2.89013082692691e-05,2.31547819566913e-05,2.04153649292493e-05,2.90025041067565e-05,2.10085687513129e-05,2.83698145722155e-05,1.89884258361417e-05,2.04857228709443e-05,2.37306104509116e-05,2.14569024592492e-05,0.0548111350542513,1.80134310312496e-05,2.23652272097752e-05,2.34657998134935e-05,2.41328948504815e-05,2.8439877951314e-05,3.14378434040918e-05,0.000110399141817652,2.74598872920251e-05,3.2186816383728e-05,3.83097009262201e-05,2.54258703762389e-05,2.34551428093255e-05,4.98154856813926e-05
2.11894573567406e-05,2.47846259071594e-05,2.31547819566913e-05,1.70954797340528e-05,2.69341345529028e-05,1.86936152886119e-05,2.64322114844617e-05,1.89884258361417e-05,1.98931039676609e-05,2.37306104509116e-05,2.14569024592492e-05,0.054777406666517,1.5701994925621e-05,2.14315255107067e-05,2.27928909453112e-05,2.41328948504815e-05,2.82503179960258e-05,2.93346727175958e-05,0.000100115454074512,2.5272457378378e-05,2.75890173497828e-05,3.10761184891817e-05,2.54258703762389e-05,2.24327488922427e-05,3.52976258000126e-05
2.11894573567406e-05,2.32292069313189e-05,2.31335127409693e-05,1.70954797340528e-05,2.60503774143217e-05,1.80146664661152e-05,2.35122143976696e-05,1.89884258361417e-05,1.82360282678928e-05,2.37306104509116e-05,2.14569024592492e-05,0.0544291974492808,1.51089403743754e-05,1.92822262761183e-05,2.01662528525048e-05,2.2952627318773e-05,2.58053476045461e-05,2.88795731648861e-05,8.13305931615105e-05,2.35417940075422e-05,2.55826407737914e-05,2.90120482304701e-05,2.54258703762389e-05,1.91564399756317e-05,3.09157226183743e-05
1.71757787938986e-05,2.32292069313189e-05,2.29122250630098e-05,1.70954797340528e-05,2.41128271909474e-05,1.80146664661152e-05,2.35122143976696e-05,1.89884258361417e-05,1.82360282678928e-05,2.37306104509116e-05,2.14569024592492e-05,0.0544291974492808,1.51089403743754e-05,1.72636115394198e-05,2.01662528525048e-05,2.21925857886163e-05,2.53969243431129e-05,2.57777518299918e-05,7.14593743396108e-05,2.25252980499135e-05,2.51635748327317e-05,2.60676160905859e-05,2.49341078415455e-05,1.91564399756317e-05,2.88351170638634e-05
1.71757787938986e-05,1.98266576489914e-05,2.29122250630098e-05,1.70954797340528e-05,2.2770609575673e-05,1.54168938024668e-05,2.35122143976696e-05,1.80068464032956e-05,1.59793265765984e-05,2.09640768389363e-05,2.14569024592492e-05,0.0541838370086225,1.23546122949847e-05,1.53608368691494e-05,1.67202318834825e-05,1.76188691511925e-05,2.399807533493e-05,2.43889528519503e-05,6.69898114438183e-05,2.24345080823696e-05,2.46471824993932e-05,2.60676160905859e-05,2.33002652976211e-05,1.59053028028211e-05,2.50956140916969e-05
1.58854722940305e-05,1.91024809055307e-05,2.28403828259616e-05,1.70954797340528e-05,1.90439951666121e-05,1.50120561102085e-05,2.35122143976696e-05,1.80068464032956e-05,1.37720805923891e-05,2.09640768389363e-05,2.07192778134413e-05,0.0541382650329751,9.85918973128719e-06,1.53608368691494e-05,1.67202318834825e-05,1.58045705802579e-05,2.27096116987013e-05,2.42081816850259e-05,5.43819857057315e-05,1.77111601260549e-05,2.35511990922532e-05,2.58003468616153e-05,1.95899166328672e-05,1.51216916037811e-05,2.50956140916969e-05
1.58854722940305e-05,1.91024809055307e-05,1.86542514484245e-05,1.46044600342066e-05,1.90439951666121e-05,1.17110813562249e-05,2.11950296034047e-05,1.58263584353335e-05,1.37720805923891e-05,2.09640768389363e-05,2.07192778134413e-05,0.053878370593452,6.33704416941328e-06,1.53608368691494e-05,1.67202318834825e-05,1.34487422656093e-05,2.24404180926285e-05,2.26456170366873e-05,3.84744682833116e-05,1.77111601260549e-05,2.17074093598058e-05,2.42595435793191e-05,1.95899166328672e-05,1.33341660557562e-05,2.21591955096301e-05
1.56856699504715e-05,1.82622869715487e-05,1.86542514484245e-05,1.46044600342066e-05,1.90439951666121e-05,1.17110813562249e-05,2.11950296034047e-05,1.35289010358974e-05,1.37720805923891e-05,2.09640768389363e-05,2.07192778134413e-05,0.0537002172978873,4.12400220284326e-06,1.53608368691494e-05,1.41231209909165e-05,9.40183326747501e-06,2.10766895634151e-05,2.03962672458147e-05,3.83454383836579e-05,1.77111601260549e-05,2.17074093598058e-05,2.42595435793191e-05,1.95899166328672e-05,1.33341660557562e-05,2.21591955096301e-05
1.24724658689956e-05,1.63840187497044e-05,1.86542514484245e-05,1.1310722811686e-05,1.90439951666121e-05,9.1964525381627e-06,2.09256999141871e-05,1.05201665974164e-05,1.17956265057728e-05,2.09640768389363e-05,1.59709271656538e-05,0.0536907142200107,3.81037182251021e-06,1.53608368691494e-05,1.28082904211624e-05,9.40183326747501e-06,1.96326762988974e-05,1.9335659430908e-05,2.97459231433095e-05,1.77111601260549e-05,1.99772362066142e-05,2.2353442432177e-05,1.95899166328672e-05,1.17828586780888e-05,2.21591955096301e-05
1.22433475553407e-05,1.63840187497044e-05,1.86542514484245e-05,1.1310722811686e-05,1.65509245562134e-05,8.45887166178727e-06,1.82502870984536e-05,1.02040158935779e-05,8.72611883551144e-06,2.09640768389363e-05,1.22754407811954e-05,0.0536631644127965,2.16990372337023e-06,1.2655370255743e-05,1.24486301729121e-05,7.94085053712479e-06,1.96326762988974e-05,1.56160815549811e-05,2.57342919667281e-05,1.39296672614364e-05,1.9063430386268e-05,2.0792469740627e-05,1.72043434076841e-05,9.07839353203599e-06,2.05991705115594e-05
1.11607066628494e-05,1.63840187497044e-05,1.86542514484245e-05,9.85182737167634e-06,1.58844060251795e-05,5.90660988564196e-06,1.82502870984536e-05,6.77450759667408e-06,7.39719598641386e-06,2.07760798502932e-05,1.22754407811954e-05,0.0534929594496134,1.44570321936044e-06,1.02823333918423e-05,8.57645295582188e-06,6.22905849922972e-06,1.96326762988974e-05,1.2138484407842e-05,2.40486269831308e-05,1.3690849982595e-05,1.5982113723112e-05,1.92265214309373e-05,1.70148298366257e-05,6.76005925015488e-06,2.05991705115594e-05
8.97734673799278e-06,1.28142983157886e-05,1.86542514484245e-05,7.46848286325985e-06,1.46295993772583e-05,5.8993795164497e-06,1.82502870984536e-05,3.98547365421109e-06,5.62427828754153e-06,2.07760798502932e-05,1.21900005751741e-05,0.053480092930954,1.40070153520355e-06,7.84097926498362e-06,6.33988304343802e-06,5.7591522590883e-06,1.73203169424596e-05,1.2138484407842e-05,2.40486269831308e-05,1.22172159535694e-05,1.5982113723112e-05,1.82901904963728e-05,1.38547242158893e-05,5.12620431436517e-06,1.90196396943065e-05
6.3752868300071e-06,1.05047618035314e-05,1.86542514484245e-05,6.32979515557963e-06,1.27977896227094e-05,4.56613520327664e-06,1.37000835138679e-05,2.79469645647623e-06,4.12153360684897e-06,1.63857575898874e-05,6.95677636031178e-06,0.05341494385857,1.09239817902562e-06,6.19089144038298e-06,5.86067142194224e-06,4.71947441837983e-06,1.50855906895231e-05,1.08591667640212e-05,2.24350662847428e-05,8.03873479071626e-06,1.53832630758188e-05,1.82901904963728e-05,1.02564108601655e-05,5.12620431436517e-06,1.75353462736894e-05
6.3752868300071e-06,8.58205555687164e-06,1.86542514484245e-05,5.0430456894901e-06,9.00252939572965e-06,4.3647422671711e-06,1.37000835138679e-05,2.55671125160006e-06,2.58990303336759e-06,1.62869957875955e-05,6.95677636031178e-06,0.0533985746039889,9.49335799305118e-07,4.66681899524701e-06,3.14765111397719e-06,4.39497989646043e-06,1.38063920758213e-05,1.08591667640212e-05,2.24350662847428e-05,8.03873479071626e-06,1.34434264964511e-05,1.81092399316185e-05,1.02564108601655e-05,5.06361607222061e-06,1.64400031508194e-05
3.90075808809343e-06,7.04347746705025e-06,1.86542514484245e-05,2.97022188533447e-06,8.80410584613855e-06,2.2975179945206e-06,1.06703436131284e-05,2.06292179427692e-06,2.58990303336759e-06,1.49428963140963e-05,4.92521451178618e-06,0.0533568955694363,7.08419293005136e-07,3.58299041636201e-06,2.84242571524373e-06,3.8196610603336e-06,1.02617480024492e-05,7.93770118434622e-06,2.03012730253249e-05,6.15600526998605e-06,9.44037094541272e-06,1.73064350974528e-05,8.55585210501886e-06,3.23938309065852e-06,1.64400031508194e-05
2.77918184110604e-06,5.7482861848257e-06,1.78134499719818e-05,2.97022188533447e-06,7.28654379145155e-06,1.93725406916201e-06,7.6506372579388e-06,1.72528154962492e-06,1.80726067355863e-06,1.49428963140963e-05,3.70286022643995e-06,0.0533360576828272,6.52256517241767e-07,3.58299041636201e-06,2.18636580484599e-06,2.67818040811107e-06,1.02617480024492e-05,5.59803333999298e-06,2.03012730253249e-05,5.84291774430312e-06,8.02752549589059e-06,1.324241088696e-05,7.32644048184738e-06,2.35784875712852e-06,9.70222356500017e-06
2.54736301030789e-06,3.04700290598703e-06,1.56850854864388e-05,1.97616441255377e-06,5.30141051058308e-06,1.15205818929098e-06,4.68490702587587e-06,1.42541125569551e-06,1.33627020204585e-06,1.05381249113634e-05,2.5156851961583e-06,0.0533351009294165,5.47194986211252e-07,2.19218816255307e-06,1.43917520745163e-06,1.97507927168772e-06,1.02478325061384e-05,4.10350048696273e-06,1.85447127023508e-05,4.38935239799321e-06,5.64239405775879e-06,1.324241088696e-05,6.44993383502879e-06,1.56311023147282e-06,9.70222356500017e-06
2.34834988077637e-06,2.28511714794877e-06,1.56850854864388e-05,1.66490212905046e-06,3.90900083857559e-06,1.11697374904907e-06,4.68490702587587e-06,1.1904560324183e-06,1.06287097878521e-06,1.04885307337099e-05,2.19130197365303e-06,0.0533351009294165,5.47194986211252e-07,1.61138336807198e-06,1.33843059302308e-06,1.73946148152027e-06,9.31662475522899e-06,3.48101389135991e-06,1.63462049158625e-05,3.74629894395184e-06,4.09857739214203e-06,1.03722248923077e-05,3.74477178866073e-06,1.19331150472135e-06,9.70222356500017e-06
1.8119058040611e-06,2.11959991247568e-06,1.27291500575666e-05,1.61412913257664e-06,1.87988314337417e-06,7.04526200934197e-07,3.54717542450089e-06,9.65076878856053e-07,8.09192215456278e-07,6.68096788558614e-06,1.28252111153415e-06,0.0533129912807908,5.16300360686728e-07,1.23443976463022e-06,9.47636749515368e-07,8.31652528177074e-07,6.15462147379731e-06,2.57932015301776e-06,1.37117990561819e-05,2.35779941704095e-06,3.19333332754468e-06,6.70097779220669e-06,2.89198248992761e-06,1.03964134723356e-06,8.25310701202397e-06
1.30694922972907e-06,1.57263605160551e-06,9.91385661563982e-06,1.26478141737607e-06,1.87988314337417e-06,7.04526200934197e-07,2.75533739113598e-06,8.28252723295009e-07,7.45593069950701e-07,6.24020242412371e-06,1.17903471164027e-06,0.0533085912852584,5.10761651639768e-07,9.91144588624593e-07,8.68123720465519e-07,8.31652528177074e-07,6.15462147379731e-06,1.97311203464778e-06,1.37117990561819e-05,1.67274254181393e-06,3.10427219574194e-06,6.70097779220669e-06,2.80435983768257e-06,8.49718730933091e-07,5.61098011075956e-06
1.17742501970497e-06,1.50932680753613e-06,9.30228713968972e-06,8.73956423674827e-07,1.81510597485612e-06,6.39929112367099e-07,2.61596903783357e-06,7.0086105097289e-07,7.15806663720286e-07,4.60702119653433e-06,9.16917997528799e-07,0.0532989473055068,4.4462672121881e-07,7.46712203181232e-07,7.07101548869105e-07,8.31652528177074e-07,4.94471407819219e-06,1.6724386568967e-06,1.05115321957783e-05,1.28534486520948e-06,3.00917054119054e-06,4.5172415639172e-06,1.84826490112755e-06,7.09840492163494e-07,3.98505039811425e-06
1.00019042292843e-06,1.50932680753613e-06,6.34940988675226e-06,8.16957367533178e-07,1.54074450620101e-06,5.98342126068019e-07,2.20251320115494e-06,5.9164074173168e-07,6.46185753794271e-07,4.60702119653433e-06,9.16917997528799e-07,0.0532883511228874,4.4462672121881e-07,6.91965851729037e-07,5.90544686929206e-07,7.00175860401941e-07,3.45094065323792e-06,1.26401607758453e-06,8.22567631075799e-06,1.00995919183333e-06,2.13057512610249e-06,3.05254252452869e-06,1.45344483826193e-06,6.46529656478378e-07,2.8528299935715e-06
9.26699158299016e-07,1.00164095329092e-06,4.99135342124646e-06,7.19660761205887e-07,1.03704780940461e-06,5.4712074870622e-07,1.11200472474593e-06,5.01008230457956e-07,6.22121206106385e-07,3.98688314362516e-06,6.79062509334472e-07,0.0532821821989273,4.14612713939277e-07,6.24610720478813e-07,5.47909394299495e-07,6.32067667538649e-07,2.78968934708246e-06,1.15161140001874e-06,5.92363687701436e-06,8.65247329784324e-07,1.64612765729544e-06,2.29671741180937e-06,1.27789451198623e-06,5.71785903957789e-07,2.15972193018388e-06
9.07612275113934e-07,1.00164095329092e-06,4.53815960099746e-06,6.4756295614643e-07,1.0014452982432e-06,4.5447211505234e-07,1.07383834802022e-06,5.01008230457956e-07,5.97420694248285e-07,3.69587985460385e-06,6.59245642964379e-07,0.053271751416105,3.91372395824874e-07,5.99571990278491e-07,5.47909394299495e-07,5.95659344071464e-07,2.67941186393728e-06,9.4071481271385e-07,4.0145379216483e-06,7.44203816793743e-07,1.27022462947934e-06,2.29671741180937e-06,7.75062630964385e-07,5.06537730871059e-07,1.85874057478941e-06
8.68750589688716e-07,7.21357878319395e-07,3.40085841799009e-06,5.62074319532258e-07,7.43983036954887e-07,4.24652739638987e-07,8.74376496540208e-07,4.50953734798532e-07,5.5379462082783e-07,3.69587985460385e-06,5.4160454965313e-07,0.0532680808294117,3.5691698485607e-07,5.18718934472417e-07,4.98491203870799e-07,5.28322743775789e-07,1.6310176533807e-06,7.25762220099568e-07,3.12102122279612e-06,6.61706508253701e-07,9.75652142187755e-07,1.77122933564533e-06,7.75062630964385e-07,4.89613057652605e-07,1.43783722705848e-06
7.70197743804601e-07,7.21357878319395e-07,2.27993859880371e-06,5.5199382131832e-07,7.16019144419988e-07,4.19839807364042e-07,8.74376496540208e-07,3.97139956476167e-07,5.2401446737349e-07,2.80929066320823e-06,5.4160454965313e-07,0.0532594525618606,3.5691698485607e-07,4.92738308821572e-07,4.22263610744267e-07,4.98649569635745e-07,1.14878116619366e-06,6.92671051183424e-07,2.0283753201511e-06,6.4664186538721e-07,7.86096165938943e-07,1.77122933564533e-06,7.30348688193772e-07,4.33757122664247e-07,1.41963198529993e-06
7.70197743804601e-07,6.80651623952144e-07,1.6776182292233e-06,5.15829242431209e-07,6.51824393571587e-07,3.73598709302314e-07,8.36590857034025e-07,3.97139956476167e-07,4.86127078147547e-07,2.68461405994458e-06,4.31795001532009e-07,0.0532228306907427,3.2458308396599e-07,4.4623448047787e-07,4.1667487948871e-07,4.45653199676599e-07,1.07143432614976e-06,5.64142624170927e-07,1.60417278038949e-06,5.73535544390325e-07,7.3791329668893e-07,1.63312108725222e-06,6.46398461867648e-07,3.72672161574883e-07,1.00281101822475e-06
7.49508558328671e-07,5.91817638451175e-07,1.15213924800628e-06,5.15829242431209e-07,6.12134158473054e-07,3.73598709302314e-07,7.31875616111211e-07,3.97139956476167e-07,4.56215389021963e-07,2.2581186840398e-06,4.18311856265063e-07,0.0532228306907427,3.04272134599159e-07,4.06192270929751e-07,4.08906430493516e-07,4.45653199676599e-07,9.34989316192514e-07,5.64142624170927e-07,1.16984733722347e-06,5.10638869855029e-07,6.66184064357367e-07,1.05989863641298e-06,6.30229010312178e-07,3.39035523211351e-07,8.90085743776581e-07
6.8121619278827e-07,5.43625105819956e-07,8.72169721333194e-07,4.60356659459649e-07,5.75339413444453e-07,3.2643981739966e-07,6.51518234917603e-07,3.69841700376128e-07,4.15967406297568e-07,1.72365184880618e-06,3.90572949982015e-07,0.0532228306907427,2.50409357249737e-07,3.71608734894835e-07,3.75385980078136e-07,3.68877635992249e-07,7.19907006896392e-07,5.00082364851551e-07,9.42839051276678e-07,4.62293996861263e-07,5.76616002945229e-07,8.63476998347323e-07,5.68908149034542e-07,2.86156705442409e-07,8.32873183753691e-07
6.8121619278827e-07,4.9099946863862e-07,8.11401491773722e-07,3.75585500478337e-07,5.49457013221399e-07,3.13314671984699e-07,5.84590225116699e-07,3.24871393786452e-07,4.15967406297568e-07,1.72365184880618e-06,3.90572949982015e-07,0.0532228306907427,2.50409357249737e-07,3.71608734894835e-07,3.36596144734358e-07,3.68877635992249e-07,7.10310246176959e-07,5.00082364851551e-07,8.6872591964493e-07,4.59577222500229e-07,5.41524741493049e-07,8.08309778221883e-07,5.63314188184449e-07,2.86156705442409e-07,7.83305836193904e-07
6.60336809232831e-07,3.9125234252424e-07,6.81042706673907e-07,3.38785412168363e-07,4.77171397506027e-07,2.98670101983589e-07,5.84590225116699e-07,2.91839569399599e-07,3.3428875667596e-07,1.56725877786812e-06,3.78896174879628e-07,0.0532182010384759,2.02801288651244e-07,3.2901903068705e-07,3.08692165162938e-07,3.65019218406815e-07,6.24852418695809e-07,4.40549342783925e-07,6.71759153192397e-07,3.9594772260898e-07,4.92755816594581e-07,6.90194724484172e-07,5.0461062528484e-07,2.72392639999453e-07,6.79826939631312e-07
5.79864604333125e-07,3.9125234252424e-07,5.98505948801176e-07,3.38785412168363e-07,4.38899633081746e-07,2.2722906578565e-07,5.47269678463636e-07,2.59249532064132e-07,3.3428875667596e-07,1.46282127388986e-06,3.51800281350734e-07,0.0532039288490296,1.83512952389719e-07,2.83696863334626e-07,2.84206066680781e-07,3.20349386129237e-07,5.85840211897448e-07,4.30935983786185e-07,6.64353819956887e-07,3.87748286811984e-07,4.76563741358405e-07,6.3864320054563e-07,4.89902276967769e-07,2.62616367763258e-07,6.1337436818576e-07
5.79864604333125e-07,3.65925757250807e-07,5.58181909582345e-07,3.08296534967667e-07,4.06946583098033e-07,2.2722906578565e-07,4.75748947792454e-07,1.8587707018014e-07,2.91993842438387e-07,1.35169807435886e-06,3.2088416901388e-07,0.0531709313759166,1.53416522152838e-07,2.26741917686013e-07,2.38473035096831e-07,2.88619958155323e-07,5.46331079931406e-07,3.81490053769085e-07,5.67590177524835e-07,3.6072424336453e-07,4.42917325926828e-07,4.96528969051724e-07,4.01073521061335e-07,2.33175342145842e-07,5.50428580936568e-07
5.68740460948902e-07,3.65925757250807e-07,5.36426568942261e-07,2.68698158834013e-07,3.86812871511211e-07,1.86087504516763e-07,4.37879066339519e-07,1.8587707018014e-07,2.91993842438387e-07,1.24315533867048e-06,3.19608830068319e-07,0.0531709313759166,1.43581132761028e-07,2.26741917686013e-07,2.23099618779088e-07,2.86669205706858e-07,4.77138996757276e-07,3.7395170693344e-07,5.29840804119885e-07,3.52443180418049e-07,4.08182927458256e-07,4.96528969051724e-07,4.01073521061335e-07,2.0668653633038e-07,4.90766183247615e-07
5.1443407755869e-07,3.45316038874444e-07,4.57288933830569e-07,2.46769786826917e-07,3.80986193704302e-07,1.74204615177587e-07,4.04512661589251e-07,1.77411493496038e-07,2.78392917607562e-07,1.14851945909322e-06,2.69320139523188e-07,0.0531709313759166,1.38265136229165e-07,2.20294396058307e-07,2.0325205696281e-07,2.70557166004437e-07,4.77138996757276e-07,3.28993451148563e-07,4.26643850914843e-07,3.30054604091856e-07,3.58624674845487e-07,4.53073880635202e-07,3.74953287973767e-07,1.74257593243965e-07,4.75420051770925e-07
4.98501776746707e-07,3.43869714924949e-07,4.57288933830569e-07,2.04725893127033e-07,3.67115490007563e-07,1.59261276166944e-07,3.8051177853049e-07,1.77269953383075e-07,2.45168280343933e-07,1.065905280484e-06,2.59062176155567e-07,0.0531600507862322,1.27292082652275e-07,2.06928802981565e-07,1.83694623956399e-07,2.26733845920535e-07,4.30281716035097e-07,3.04075570056739e-07,4.26643850914843e-07,2.97282099381846e-07,3.58624674845487e-07,4.40451231042971e-07,3.74953287973767e-07,1.70791167874995e-07,4.45400587523181e-07
4.91079163111863e-07,2.60156184594962e-07,4.41400402451109e-07,1.95514758161153e-07,3.36813968715433e-07,1.26637132780161e-07,3.63749109055789e-07,1.50753976413398e-07,2.30431965064781e-07,9.78777848104073e-07,2.42850205722789e-07,0.0531555729368165,1.00634565569635e-07,1.75300328919548e-07,1.56339638124336e-07,1.95658913071384e-07,3.94245830648288e-07,2.85494934360031e-07,4.26643850914843e-07,2.73285991170269e-07,3.01849354400474e-07,4.1976807096944e-07,3.24670622831036e-07,1.37552206069813e-07,4.25512439505837e-07
4.33843865721428e-07,2.60156184594962e-07,4.10570805797761e-07,1.70070734384353e-07,3.17145918415918e-07,9.94215270111454e-08,3.21477273246273e-07,1.43826923704182e-07,1.92454763237038e-07,9.78777848104073e-07,2.13762518797012e-07,0.0531442542657032,8.54561221785843e-08,1.44731302498258e-07,1.41028067446314e-07,1.78245841198077e-07,3.8248174405453e-07,2.60067054114188e-07,4.09704853154835e-07,2.72242914434173e-07,2.59661192103522e-07,3.82058942705044e-07,2.89929289465363e-07,1.2261637039046e-07,4.04196725867223e-07
4.0741781504039e-07,2.03857666747354e-07,3.22692585541517e-07,1.59431692736689e-07,2.54398628385388e-07,8.70080612003221e-08,2.92861273010203e-07,1.2436930774129e-07,1.7078446035157e-07,9.30751525629603e-07,2.04276830118033e-07,0.053128020897816,6.87352894601645e-08,1.41869691105967e-07,1.34273363983084e-07,1.2523605619208e-07,3.52592792296491e-07,2.2529354737344e-07,3.63785716217535e-07,2.24584709940245e-07,2.59661192103522e-07,3.28395231008471e-07,2.89929289465363e-07,1.2261637039046e-07,3.48417302120652e-07
3.68192559108138e-07,1.85916292139154e-07,3.10919745061256e-07,1.5494083527301e-07,2.46343574872299e-07,6.75763658364303e-08,2.92861273010203e-07,8.77392949405476e-08,1.7078446035157e-07,9.17655597731937e-07,1.51097424350155e-07,0.0531178160365471,5.66757307751686e-08,1.12918883132807e-07,1.23244944916223e-07,1.15228544927959e-07,3.29567797052732e-07,2.04920866053726e-07,3.18053253067774e-07,2.17687784243026e-07,2.41605903283926e-07,3.28395231008471e-07,2.706857458179e-07,1.01380692285602e-07,3.26835220221255e-07
3.61592583431047e-07,1.36415565066272e-07,2.95529730465205e-07,1.16350975076784e-07,1.83946781362465e-07,6.75763658364303e-08,2.92861273010203e-07,7.90751073509455e-08,1.47562332131201e-07,8.57218083183398e-07,1.4088755051489e-07,0.0531082368127045,4.54319888376631e-08,9.85672841125051e-08,1.00295778793225e-07,1.12246539174521e-07,2.87877242044488e-07,1.87389332495513e-07,3.15871943712409e-07,1.5562090993626e-07,2.13640078072785e-07,3.12365841637074e-07,2.4022153866099e-07,7.85485099186189e-08,3.1417437185155e-07
3.13840246235486e-07,1.21569314615044e-07,2.86214230982296e-07,1.08754647953901e-07,1.83946781362465e-07,6.56655174680054e-08,2.69305132860609e-07,7.76415163272759e-08,1.23766653814528e-07,8.45572913021897e-07,1.17927584142308e-07,0.0531020019263906,3.12982137984363e-08,8.38740561448503e-08,8.57380655361339e-08,9.60750412559719e-08,2.76607579507981e-07,1.6337708075298e-07,3.15871943712409e-07,1.41596046887571e-07,1.87045088750892e-07,2.74942749456386e-07,2.25529447561712e-07,7.54474740460864e-08,2.79269670500071e-07
2.69897213911463e-07,1.15628608909901e-07,2.14186115954362e-07,8.32172872833326e-08,1.62171318152105e-07,4.86492126583471e-08,2.10761413654836e-07,5.55953647563001e-08,1.03864636002982e-07,7.5708260283136e-07,1.04804712464102e-07,0.0530982774332642,3.12982137984363e-08,6.40941379970172e-08,6.401216978702e-08,8.10823621577583e-08,2.53578832598578e-07,1.6337708075298e-07,2.91576952804462e-07,1.39318785841169e-07,1.36975359055214e-07,2.52032236858213e-07,2.071516291835e-07,4.29730562245823e-08,2.24235577661602e-07
2.50260313805484e-07,1.11549752546125e-07,1.99211626750184e-07,8.32172872833326e-08,1.42592739393876e-07,4.44240413344232e-08,2.10761413654836e-07,5.0288917918806e-08,1.03864636002982e-07,7.5708260283136e-07,8.29953705761e-08,0.0530845920121692,2.74711737802136e-08,5.40226210432593e-08,5.47532863492961e-08,7.47406829759711e-08,2.37902327171469e-07,1.42432440952689e-07,2.64561435869837e-07,1.31193701236043e-07,1.36975359055214e-07,2.52032236858213e-07,1.78806430994882e-07,4.29730562245823e-08,2.22588823817205e-07
2.21548020817863e-07,8.85296458363882e-08,1.6279875580949e-07,6.46805347059853e-08,1.31395609059837e-07,2.96740836347453e-08,1.79304720404616e-07,4.09607991969096e-08,6.42747863821569e-08,6.63930222799536e-07,7.12400378688471e-08,0.0530751163720424,1.96055225387681e-08,4.41942802353879e-08,5.3675194067182e-08,6.09679773333482e-08,2.0015193058498e-07,1.19069682114059e-07,2.28237695409916e-07,1.12756993075891e-07,1.27600969790365e-07,1.96754399439669e-07,1.47626451507676e-07,4.239734607836e-08,2.03455442715494e-07
2.06043068828876e-07,8.7839566731418e-08,1.31581714413187e-07,5.97535745328059e-08,1.14760609903897e-07,2.3358211365121e-08,1.47947503137402e-07,3.03747356156236e-08,6.42747863821569e-08,6.54565724289569e-07,5.38115045856102e-08,0.0530731125877537,1.6065314412117e-08,3.84176246370771e-08,4.80902144772699e-08,5.78446588406223e-08,1.8809703306033e-07,1.03440015664091e-07,2.23331085180689e-07,9.96564040178782e-08,1.16663954941032e-07,1.79706034941773e-07,1.33420144265983e-07,3.63186245522229e-08,1.90272544386971e-07
1.86117404155084e-07,5.94731091041467e-08,1.27036059893726e-07,3.81552354156156e-08,8.87973783392226e-08,2.08561914405436e-08,1.24234929899103e-07,2.72306124315946e-08,5.41011786481249e-08,5.99743998463964e-07,4.56911948276684e-08,0.0530646985451995,1.36086555357906e-08,2.52895233643358e-08,3.75483750758576e-08,4.95955418955418e-08,1.56161604536464e-07,7.85082647780655e-08,2.02983301278437e-07,6.44137116978527e-08,1.01628415904997e-07,1.31049773699488e-07,9.98103359961533e-08,2.87126340481336e-08,1.68859628502105e-07
1.69463532984082e-07,4.82912128063617e-08,1.15653165266849e-07,3.81552354156156e-08,8.15219891592278e-08,1.62306150741642e-08,1.04187620308949e-07,2.38270558838849e-08,4.5869001041865e-08,5.51180619368097e-07,3.51440121448832e-08,0.0530646985451995,1.31261685965001e-08,2.5171402739943e-08,3.45847865901305e-08,3.83226961275795e-08,1.44274963531643e-07,7.80407845013542e-08,1.90972286873148e-07,6.3057768784347e-08,6.84407268636278e-08,1.15093712338421e-07,9.86532313618227e-08,2.24480345423217e-08,1.41818418342154e-07
1.47300397657091e-07,4.02067144023022e-08,9.73624310063315e-08,3.03937213175232e-08,6.73014710628195e-08,1.32259856400196e-08,8.56434780871496e-08,1.95474285646924e-08,3.60431613444234e-08,5.21980950907164e-07,2.82269638773869e-08,0.0530571366866752,1.03349293567589e-08,2.30977548199007e-08,2.02167029783595e-08,3.83226961275795e-08,1.14548129204195e-07,6.10879169471445e-08,1.58429884322686e-07,5.3315829973144e-08,6.84407268636278e-08,9.16370481718332e-08,7.66112862038426e-08,1.71196461451473e-08,1.05441927189531e-07
1.40212364385661e-07,3.0016849450476e-08,8.53676738188369e-08,2.01805505639641e-08,5.11643065692624e-08,1.04814716905821e-08,7.1792214839661e-08,1.49148036143743e-08,2.82842620435986e-08,4.92467620460957e-07,2.28175167649169e-08,0.0530567601275607,0,2.04076968657319e-08,1.77896026798408e-08,3.04559080177569e-08,9.5387690635107e-08,5.99841314397054e-08,1.27875182442949e-07,4.63157903141109e-08,6.84407268636278e-08,8.8609795056982e-08,7.05057345840032e-08,1.51444510265719e-08,9.26528400668758e-08
1.22612846098491e-07,2.564308942965e-08,6.85794248056482e-08,1.78835080077988e-08,4.58481963505619e-08,1.00324086815817e-08,5.44740714758518e-08,1.31582282847376e-08,2.00057002075482e-08,4.92467620460957e-07,1.85383441930753e-08,0.0530486531982888,0,1.9282538232801e-08,1.52136863107444e-08,2.32359980145702e-08,7.68393420003122e-08,4.64281129097799e-08,1.01181058198563e-07,4.01830675400561e-08,5.87344857194694e-08,7.57415818952722e-08,5.07998265675269e-08,1.14472413770272e-08,5.1676579460036e-08
1.12268367047363e-07,2.25571739065344e-08,5.33742650077329e-08,1.5681848708482e-08,4.08438154408941e-08,0,5.44740714758518e-08,1.10907194539323e-08,1.70912244357169e-08,4.59561078969273e-07,1.50890855366015e-08,0.0530442529501443,0,1.66776317200856e-08,1.04550963442307e-08,2.08920027944259e-08,5.80834011998377e-08,3.93666823583771e-08,7.54610027797753e-08,3.46223032465787e-08,5.05913249071455e-08,7.10504082235275e-08,4.49232402388589e-08,0,5.1676579460036e-08
1.082667040464e-07,1.58294142238447e-08,4.398759756441e-08,1.13906253318419e-08,3.54635858457186e-08,0,3.96332779928343e-08,0,1.50262167153414e-08,3.93159552913858e-07,1.10634346128791e-08,0.0530411348984217,0,1.24389316624729e-08,0,1.57746171680628e-08,4.25590087616001e-08,3.44246018357808e-08,7.39854613129864e-08,2.75687170869787e-08,3.7806330510648e-08,4.62982825411018e-08,3.46936985806678e-08,0,4.70120085083181e-08
1.082667040464e-07,1.55451971295406e-08,4.16714556195075e-08,0,3.34038077198784e-08,0,3.51434437106946e-08,0,1.23181962408125e-08,3.9268093132705e-07,0,0.0530398726269823,0,0,0,1.03569846032769e-08,4.25590087616001e-08,3.13617647407227e-08,6.95325752531062e-08,2.19085904973326e-08,3.47262130162562e-08,4.61969875686918e-08,3.09338474835386e-08,0,3.54031044480507e-08
9.45912006500294e-08,1.08666426967829e-08,3.04081595459138e-08,0,2.29900933845784e-08,0,2.56620751315495e-08,0,0,3.57259978045477e-07,0,0.053035244344187,0,0,0,0,4.25590087616001e-08,2.15291038330179e-08,5.99056875216775e-08,1.92183051694883e-08,2.44461944021168e-08,3.30210241372697e-08,2.04822754312772e-08,0,3.22888809023425e-08
8.62369233800564e-08,0,2.53787675319472e-08,0,1.94216909221723e-08,0,2.26090151045355e-08,0,0,3.56458485839539e-07,0,0.0530349015978118,0,0,0,0,3.4755316846713e-08,2.03509671337088e-08,4.98353074362967e-08,1.58900093083503e-08,2.14038209378486e-08,2.54370888796984e-08,2.04822754312772e-08,0,3.22888809023425e-08
7.5018419920525e-08,0,1.74159140442498e-08,0,1.42871385833132e-08,0,1.16293676910573e-08,0,0,3.27749944517564e-07,0,0.0530323822597438,0,0,0,0,2.85905343844206e-08,1.66537574841641e-08,4.57287114841165e-08,1.10783275886206e-08,2.14038209378486e-08,2.44541524807573e-08,1.86726083484245e-08,0,2.73587374977069e-08
7.43254986446118e-08,0,1.57281192514347e-08,0,1.42871385833132e-08,0,1.16293676910573e-08,0,0,3.05162188851682e-07,0,0.0530296117135549,0,0,0,0,2.43047679759911e-08,1.50764662976144e-08,4.4694502321363e-08,0,1.88249487109715e-08,2.13643716051592e-08,1.73369016920333e-08,0,2.34024355449947e-08
6.63118271404528e-08,0,1.23775407701032e-08,0,0,0,0,0,0,2.80056042356591e-07,0,0.0530265665097431,0,0,0,0,1.61029447554029e-08,0,3.57021008312586e-08,0,1.30120270114276e-08,1.62257265401422e-08,1.42159706228995e-08,0,1.68965925695375e-08
6.51471054879948e-08,0,0,0,0,0,0,0,0,2.80056042356591e-07,0,0.0530264140215877,0,0,0,0,1.61029447554029e-08,0,2.7313376449456e-08,0,1.16459659693646e-08,1.32206423586467e-08,1.0466806088516e-08,0,1.65958908837638e-08
5.78736489842413e-08,0,0,0,0,0,0,0,0,2.52126596933522e-07,0,0.0530236606009566,0,0,0,0,1.38658151627169e-08,0,1.75009517988656e-08,0,0,0,0,0,1.21171979117207e-08
5.78736489842413e-08,0,0,0,0,0,0,0,0,2.44189777731663e-07,0,0.0530212179843375,0,0,0,0,1.06265360955149e-08,0,1.75009517988656e-08,0,0,0,0,0,1.09076836452004e-08
5.51684706806554e-08,0,0,0,0,0,0,0,0,2.20500623981934e-07,0,0.053020831818344,0,0,0,0,0,0,1.47373384606908e-08,0,0,0,0,0,0
5.41020881428267e-08,0,0,0,0,0,0,0,0,2.17774527300207e-07,0,0.053020831818344,0,0,0,0,0,0,1.14608837975538e-08,0,0,0,0,0,0
5.23300514032599e-08,0,0,0,0,0,0,0,0,2.08640699383977e-07,0,0.053020169041929,0,0,0,0,0,0,0,0,0,0,0,0,0
5.17215994477738e-08,0,0,0,0,0,0,0,0,2.01466377802717e-07,0,0.0530192017024547,0,0,0,0,0,0,0,0,0,0,0,0,0
4.85140390082961e-08,0,0,0,0,0,0,0,0,1.98118755179166e-07,0,0.0530173621215226,0,0,0,0,0,0,0,0,0,0,0,0,0
4.72450665256474e-08,0,0,0,0,0,0,0,0,1.91072672350856e-07,0,0.0530173621215226,0,0,0,0,0,0,0,0,0,0,0,0,0
4.58005615655566e-08,0,0,0,0,0,0,0,0,1.83925976671162e-07,0,0.0530162885710297,0,0,0,0,0,0,0,0,0,0,0,0,0
4.49508661404252e-08,0,0,0,0,0,0,0,0,1.81417249223159e-07,0,0.0530160615916202,0,0,0,0,0,0,0,0,0,0,0,0,0
4.41609699919354e-08,0,0,0,0,0,0,0,0,1.79918515641475e-07,0,0.0530160615916202,0,0,0,0,0,0,0,0,0,0,0,0,0
4.33988134318497e-08,0,0,0,0,0,0,0,0,1.74414481080021e-07,0,0.0530153801117876,0,0,0,0,0,0,0,0,0,0,0,0,0
4.24049630964873e-08,0,0,0,0,0,0,0,0,1.7190814105561e-07,0,0.053014216705833,0,0,0,0,0,0,0,0,0,0,0,0,0
4.19624939240748e-08,0,0,0,0,0,0,0,0,1.67806433637452e-07,0,0.053014216705833,0,0,0,0,0,0,0,0,0,0,0,0,0
4.09003177992417e-08,0,0,0,0,0,0,0,0,1.65754272529739e-07,0,0.053013768554024,0,0,0,0,0,0,0,0,0,0,0,0,0
3.98974862036994e-08,0,0,0,0,0,0,0,0,1.64941525326867e-07,0,0.053013768554024,0,0,0,0,0,0,0,0,0,0,0,0,0
3.98974862036994e-08,0,0,0,0,0,0,0,0,1.60953277372755e-07,0,0.05301349995284,0,0,0,0,0,0,0,0,0,0,0,0,0
3.9589735933987e-08,0,0,0,0,0,0,0,0,1.6054138995969e-07,0,0.053013223468497,0,0,0,0,0,0,0,0,0,0,0,0,0
3.95418737753062e-08,0,0,0,0,0,0,0,0,1.5812531728443e-07,0,0.0530130630048689,0,0,0,0,0,0,0,0,0,0,0,0,0
3.9082920011424e-08,0,0,0,0,0,0,0,0,1.56413420882018e-07,0,0.0530130317222302,0,0,0,0,0,0,0,0,0,0,0,0,0
3.86766032534069e-08,0,0,0,0,0,0,0,0,1.53539872371766e-07,0,0.0530126151562627,0,0,0,0,0,0,0,0,0,0,0,0,0
3.82259486286785e-08,0,0,0,0,0,0,0,0,1.52434381561761e-07,0,0.0530124355393582,0,0,0,0,0,0,0,0,0,0,0,0,0
3.80337041860912e-08,0,0,0,0,0,0,0,0,1.51153017213801e-07,0,0.053012241100646,0,0,0,0,0,0,0,0,0,0,0,0,0
3.77481228497345e-08,0,0,0,0,0,0,0,0,1.50697246681375e-07,0,0.05301217768681,0,0,0,0,0,0,0,0,0,0,0,0,0
3.73937609765562e-08,0,0,0,0,0,0,0,0,1.4988813745731e-07,0,0.0530119988154638,0,0,0,0,0,0,0,0,0,0,0,0,0
3.71970827472978e-08,0,0,0,0,0,0,0,0,1.4945203474781e-07,0,0.0530119043979767,0,0,0,0,0,0,0,0,0,0,0,0,0
3.70417865269701e-08,0,0,0,0,0,0,0,0,1.47435571307142e-07,0,0.0530116844619215,0,0,0,0,0,0,0,0,0,0,0,0,0
3.69687995771528e-08,0,0,0,0,0,0,0,0,1.47095988722867e-07,0,0.0530116504210127,0,0,0,0,0,0,0,0,0,0,0,0,0
3.66231915904791e-08,0,0,0,0,0,0,0,0,1.46672050505003e-07,0,0.0530114825916144,0,0,0,0,0,0,0,0,0,0,0,0,0
3.6552592064254e-08,0,0,0,0,0,0,0,0,1.46014485835622e-07,0,0.0530114394215389,0,0,0,0,0,0,0,0,0,0,0,0,0
3.6552592064254e-08,0,0,0,0,0,0,0,0,1.45357830660942e-07,0,0.0530113797309468,0,0,0,0,0,0,0,0,0,0,0,0,0
3.64070729119703e-08,0,0,0,0,0,0,0,0,1.44373530019948e-07,0,0.0530112733869146,0,0,0,0,0,0,0,0,0,0,0,0,0
3.63811523129698e-08,0,0,0,0,0,0,0,0,1.43979377753567e-07,0,0.0530112733869146,0,0,0,0,0,0,0,0,0,0,0,0,0
3.63424987881444e-08,0,0,0,0,0,0,0,0,1.43804300023476e-07,0,0.0530112445944724,0,0,0,0,0,0,0,0,0,0,0,0,0
3.62055061486899e-08,0,0,0,0,0,0,0,0,1.43271904562425e-07,0,0.0530111837924778,0,0,0,0,0,0,0,0,0,0,0,0,0
3.60696503776126e-08,0,0,0,0,0,0,0,0,1.42874341690913e-07,0,0.0530111258093484,0,0,0,0,0,0,0,0,0,0,0,0,0
3.60696503776126e-08,0,0,0,0,0,0,0,0,1.42843418871053e-07,0,0.0530110642517911,0,0,0,0,0,0,0,0,0,0,0,0,0
3.60300873580854e-08,0,0,0,0,0,0,0,0,1.42786007018003e-07,0,0.0530110321612938,0,0,0,0,0,0,0,0,0,0,0,0,0
3.59553951057023e-08,0,0,0,0,0,0,0,0,1.42354110721499e-07,0,0.0530109308239162,0,0,0,0,0,0,0,0,0,0,0,0,0
3.59553951057023e-08,0,0,0,0,0,0,0,0,1.42109342959884e-07,0,0.0530109294587646,0,0,0,0,0,0,0,0,0,0,0,0,0
3.58779743692139e-08,0,0,0,0,0,0,0,0,1.41862415148353e-07,0,0.0530108795251181,0,0,0,0,0,0,0,0,0,0,0,0,0
3.58745637640823e-08,0,0,0,0,0,0,0,0,1.41671307574143e-07,0,0.0530108350956198,0,0,0,0,0,0,0,0,0,0,0,0,0
3.58400029654149e-08,0,0,0,0,0,0,0,0,1.4156364613882e-07,0,0.0530108225003687,0,0,0,0,0,0,0,0,0,0,0,0,0
3.5793391361949e-08,0,0,0,0,0,0,0,0,1.41353780236386e-07,0,0.0530107980989669,0,0,0,0,0,0,0,0,0,0,0,0,0
3.57476892531849e-08,0,0,0,0,0,0,0,0,1.41162900035852e-07,0,0.0530107627827192,0,0,0,0,0,0,0,0,0,0,0,0,0
3.57254066329915e-08,0,0,0,0,0,0,0,0,1.41162900035852e-07,0,0.0530107342331121,0,0,0,0,0,0,0,0,0,0,0,0,0
3.56917553290259e-08,0,0,0,0,0,0,0,0,1.41020109367673e-07,0,0.0530107230979411,0,0,0,0,0,0,0,0,0,0,0,0,0
3.5681523513631e-08,0,0,0,0,0,0,0,0,1.41017153509893e-07,0,0.053010715680216,0,0,0,0,0,0,0,0,0,0,0,0,0
3.56626514985692e-08,0,0,0,0,0,0,0,0,1.40975544127286e-07,0,0.0530107145779084,0,0,0,0,0,0,0,0,0,0,0,0,0
3.56506006937707e-08,0,0,0,0,0,0,0,0,1.40798306347278e-07,0,0.0530106937143273,0,0,0,0,0,0,0,0,0,0,0,0,0
3.56135387846734e-08,0,0,0,0,0,0,0,0,1.40620272759406e-07,0,0.0530106662340586,0,0,0,0,0,0,0,0,0,0,0,0,0
3.56054670191952e-08,0,0,0,0,0,0,0,0,1.40619476951542e-07,0,0.0530106662340586,0,0,0,0,0,0,0,0,0,0,0,0,0
3.56025111614144e-08,0,0,0,0,0,0,0,0,1.40515908242378e-07,0,0.0530106662340586,0,0,0,0,0,0,0,0,0,0,0,0,0
3.55963720721775e-08,0,0,0,0,0,0,0,0,1.40515908242378e-07,0,0.0530106662340586,0,0,0,0,0,0,0,0,0,0,0,0,0
3.55954625774757e-08,0,0,0,0,0,0,0,0,1.40472820930881e-07,0,0.0530106621456525,0,0,0,0,0,0,0,0,0,0,0,0,0
3.55950078301248e-08,0,0,0,0,0,0,0,0,1.40453153107956e-07,0,0.0530106570269027,0,0,0,0,0,0,0,0,0,0,0,0,0
3.55731799572823e-08,0,0,0,0,0,0,0,0,1.40384145197459e-07,0,0.0530106515222997,0,0,0,0,0,0,0,0,0,0,0,0,0
3.55731799572823e-08,0,0,0,0,0,0,0,0,1.40348333843576e-07,0,0.0530106466588904,0,0,0,0,0,0,0,0,0,0,0,0,0
3.55731799572823e-08,0,0,0,0,0,0,0,0,1.4031320461072e-07,0,0.0530106466588904,0,0,0,0,0,0,0,0,0,0,0,0,0
3.55707925336901e-08,0,0,0,0,0,0,0,0,1.40269548865035e-07,0,0.0530106466588904,0,0,0,0,0,0,0,0,0,0,0,0,0
3.55596512235934e-08,0,0,0,0,0,0,0,0,1.40193151310086e-07,0,0.0530106466588904,0,0,0,0,0,0,0,0,0,0,0,0,0
3.55596512235934e-08,0,0,0,0,0,0,0,0,1.40172573992459e-07,0,0.0530106466588904,0,0,0,0,0,0,0,0,0,0,0,0,0
3.55563543052995e-08,0,0,0,0,0,0,0,0,1.4012709925737e-07,0,0.0530106466588904,0,0,0,0,0,0,0,0,0,0,0,0,0
3.55494194081984e-08,0,0,0,0,0,0,0,0,1.40114707392058e-07,0,0.0530106466588904,0,0,0,0,0,0,0,0,0,0,0,0,0
3.55488509740098e-08,0,0,0,0,0,0,0,0,1.40013071359135e-07,0,0.0530106466588904,0,0,0,0,0,0,0,0,0,0,0,0,0
3.55488509740098e-08,0,0,0,0,0,0,0,0,1.40013071359135e-07,0,0.0530106466588904,0,0,0,0,0,0,0,0,0,0,0,0,0
3.55488509740098e-08,0,0,0,0,0,0,0,0,1.39983171720814e-07,0,0.0530106466588904,0,0,0,0,0,0,0,0,0,0,0,0,0
3.55488509740098e-08,0,0,0,0,0,0,0,0,1.39976805257902e-07,0,0.0530106466588904,0,0,0,0,0,0,0,0,0,0,0,0,0
3.55488509740098e-08,0,0,0,0,0,0,0,0,1.39951112032577e-07,0,0.0530106428238923,0,0,0,0,0,0,0,0,0,0,0,0,0
3.55488509740098e-08,0,0,0,0,0,0,0,0,1.39951112032577e-07,0,0.0530106194486279,0,0,0,0,0,0,0,0,0,0,0,0,0
3.55488509740098e-08,0,0,0,0,0,0,0,0,1.39933717946406e-07,0,0.0530106194486279,0,0,0,0,0,0,0,0,0,0,0,0,0
3.55488509740098e-08,0,0,0,0,0,0,0,0,1.39885855787725e-07,0,0.0530106194486279,0,0,0,0,0,0,0,0,0,0,0,0,0
3.55488509740098e-08,0,0,0,0,0,0,0,0,1.39885855787725e-07,0,0.0530106194486279,0,0,0,0,0,0,0,0,0,0,0,0,0
3.55456677425536e-08,0,0,0,0,0,0,0,0,1.39885855787725e-07,0,0.0530106194486279,0,0,0,0,0,0,0,0,0,0,0,0,0
3.55447582478519e-08,0,0,0,0,0,0,0,0,1.39880285132676e-07,0,0.0530106194486279,0,0,0,0,0,0,0,0,0,0,0,0,0
3.55428255716106e-08,0,0,0,0,0,0,0,0,1.39865960591123e-07,0,0.0530106194486279,0,0,0,0,0,0,0,0,0,0,0,0,0
3.55386191586149e-08,0,0,0,0,0,0,0,0,1.39862436299154e-07,0,0.0530106194486279,0,0,0,0,0,0,0,0,0,0,0,0,0
3.55386191586149e-08,0,0,0,0,0,0,0,0,1.39862436299154e-07,0,0.0530106194486279,0,0,0,0,0,0,0,0,0,0,0,0,0
3.55386191586149e-08,0,0,0,0,0,0,0,0,1.39862436299154e-07,0,0.0530106194486279,0,0,0,0,0,0,0,0,0,0,0,0,0
3.55386191586149e-08,0,0,0,0,0,0,0,0,1.39862436299154e-07,0,0.0530106194486279,0,0,0,0,0,0,0,0,0,0,0,0,0
3.55386191586149e-08,0,0,0,0,0,0,0,0,1.39862436299154e-07,0,0.0530106194486279,0,0,0,0,0,0,0,0,0,0,0,0,0
3.55386191586149e-08,0,0,0,0,0,0,0,0,1.39862436299154e-07,0,0.0530106194486279,0,0,0,0,0,0,0,0,0,0,0,0,0
3.55379370375886e-08,0,0,0,0,0,0,0,0,1.39862436299154e-07,0,0.0530106194486279,0,0,0,0,0,0,0,0,0,0,0,0,0
3.55379370375886e-08,0,0,0,0,0,0,0,0,1.39862436299154e-07,0,0.0530106194486279,0,0,0,0,0,0,0,0,0,0,0,0,0
3.55379370375886e-08,0,0,0,0,0,0,0,0,1.39862436299154e-07,0,0.0530106194486279,0,0,0,0,0,0,0,0,0,0,0,0,0
3.55379370375886e-08,0,0,0,0,0,0,0,0,1.39862436299154e-07,0,0.0530106194486279,0,0,0,0,0,0,0,0,0,0,0,0,0
3.55379370375886e-08,0,0,0,0,0,0,0,0,1.39861299430777e-07,0,0.0530106194486279,0,0,0,0,0,0,0,0,0,0,0,0,0
3.55379370375886e-08,0,0,0,0,0,0,0,0,1.39850612868031e-07,0,0.0530106194486279,0,0,0,0,0,0,0,0,0,0,0,0,0
3.55369138560491e-08,0,0,0,0,0,0,0,0,1.39850612868031e-07,0,0.0530106194486279,0,0,0,0,0,0,0,0,0,0,0,0,0
3.55369138560491e-08,0,0,0,0,0,0,0,0,1.39850612868031e-07,0,0.0530106194486279,0,0,0,0,0,0,0,0,0,0,0,0,0
3.55369138560491e-08,0,0,0,0,0,0,0,0,1.39850612868031e-07,0,0.0530106180102621,0,0,0,0,0,0,0,0,0,0,0,0,0
3.55369138560491e-08,0,0,0,0,0,0,0,0,1.39850612868031e-07,0,0.0530106178587175,0,0,0,0,0,0,0,0,0,0,0,0,0
3.55357769876719e-08,0,0,0,0,0,0,0,0,1.39850612868031e-07,0,0.0530106178587175,0,0,0,0,0,0,0,0,0,0,0,0,0
3.55330485035665e-08,0,0,0,0,0,0,0,0,1.39850612868031e-07,0,0.0530106165906545,0,0,0,0,0,0,0,0,0,0,0,0,0
3.55311158273253e-08,0,0,0,0,0,0,0,0,1.39846861202386e-07,0,0.0530106165906545,0,0,0,0,0,0,0,0,0,0,0,0,0
3.55311158273253e-08,0,0,0,0,0,0,0,0,1.39842768476228e-07,0,0.0530106165906545,0,0,0,0,0,0,0,0,0,0,0,0,0
3.55311158273253e-08,0,0,0,0,0,0,0,0,1.39842768476228e-07,0,0.0530106165906545,0,0,0,0,0,0,0,0,0,0,0,0,0
3.55311158273253e-08,0,0,0,0,0,0,0,0,1.39842768476228e-07,0,0.0530106165906545,0,0,0,0,0,0,0,0,0,0,0,0,0
3.55311158273253e-08,0,0,0,0,0,0,0,0,1.39842768476228e-07,0,0.0530106165906545,0,0,0,0,0,0,0,0,0,0,0,0,0
3.55311158273253e-08,0,0,0,0,0,0,0,0,1.39842768476228e-07,0,0.0530106165906545,0,0,0,0,0,0,0,0,0,0,0,0,0
3.5529978958948e-08,0,0,0,0,0,0,0,0,1.39825033329544e-07,0,0.0530106165906545,0,0,0,0,0,0,0,0,0,0,0,0,0
3.5529978958948e-08,0,0,0,0,0,0,0,0,1.39825033329544e-07,0,0.0530106165906545,0,0,0,0,0,0,0,0,0,0,0,0,0
3.5529978958948e-08,0,0,0,0,0,0,0,0,1.39825033329544e-07,0,0.0530106113401416,0,0,0,0,0,0,0,0,0,0,0,0,0
3.5529978958948e-08,0,0,0,0,0,0,0,0,1.39825033329544e-07,0,0.0530106113401416,0,0,0,0,0,0,0,0,0,0,0,0,0
3.5529978958948e-08,0,0,0,0,0,0,0,0,1.39825033329544e-07,0,0.0530106113401416,0,0,0,0,0,0,0,0,0,0,0,0,0
3.5529978958948e-08,0,0,0,0,0,0,0,0,1.39825033329544e-07,0,0.0530106113401416,0,0,0,0,0,0,0,0,0,0,0,0,0
3.5529978958948e-08,0,0,0,0,0,0,0,0,1.39825033329544e-07,0,0.0530106113401416,0,0,0,0,0,0,0,0,0,0,0,0,0
3.5529978958948e-08,0,0,0,0,0,0,0,0,1.39825033329544e-07,0,0.0530106113401416,0,0,0,0,0,0,0,0,0,0,0,0,0
3.5529978958948e-08,0,0,0,0,0,0,0,0,1.39825033329544e-07,0,0.0530106113401416,0,0,0,0,0,0,0,0,0,0,0,0,0
3.5529978958948e-08,0,0,0,0,0,0,0,0,1.39825033329544e-07,0,0.0530106113401416,0,0,0,0,0,0,0,0,0,0,0,0,0
3.5529978958948e-08,0,0,0,0,0,0,0,0,1.3981821211928e-07,0,0.0530106113401416,0,0,0,0,0,0,0,0,0,0,0,0,0
3.5529978958948e-08,0,0,0,0,0,0,0,0,1.3981821211928e-07,0,0.0530106113401416,0,0,0,0,0,0,0,0,0,0,0,0,0
3.5529978958948e-08,0,0,0,0,0,0,0,0,1.3981821211928e-07,0,0.0530106113401416,0,0,0,0,0,0,0,0,0,0,0,0,0
3.5529978958948e-08,0,0,0,0,0,0,0,0,1.3981821211928e-07,0,0.0530106084200952,0,0,0,0,0,0,0,0,0,0,0,0,0
3.5529978958948e-08,0,0,0,0,0,0,0,0,1.3981821211928e-07,0,0.0530106084200952,0,0,0,0,0,0,0,0,0,0,0,0,0
3.5529978958948e-08,0,0,0,0,0,0,0,0,1.3981821211928e-07,0,0.0530106084200952,0,0,0,0,0,0,0,0,0,0,0,0,0
3.5529978958948e-08,0,0,0,0,0,0,0,0,1.3981821211928e-07,0,0.0530106084200952,0,0,0,0,0,0,0,0,0,0,0,0,0
3.5529978958948e-08,0,0,0,0,0,0,0,0,1.3981821211928e-07,0,0.0530106084200952,0,0,0,0,0,0,0,0,0,0,0,0,0
3.55266820406541e-08,0,0,0,0,0,0,0,0,1.3981821211928e-07,0,0.0530106084200952,0,0,0,0,0,0,0,0,0,0,0,0,0
3.55266820406541e-08,0,0,0,0,0,0,0,0,1.3981821211928e-07,0,0.0530106054267208,0,0,0,0,0,0,0,0,0,0,0,0,0
3.55266820406541e-08,0,0,0,0,0,0,0,0,1.3981821211928e-07,0,0.0530106054267208,0,0,0,0,0,0,0,0,0,0,0,0,0
3.55266820406541e-08,0,0,0,0,0,0,0,0,1.3981821211928e-07,0,0.0530106054267208,0,0,0,0,0,0,0,0,0,0,0,0,0
3.55266820406541e-08,0,0,0,0,0,0,0,0,1.3981821211928e-07,0,0.0530106054267208,0,0,0,0,0,0,0,0,0,0,0,0,0
3.55266820406541e-08,0,0,0,0,0,0,0,0,1.3981821211928e-07,0,0.0530106054267208,0,0,0,0,0,0,0,0,0,0,0,0,0
3.55266820406541e-08,0,0,0,0,0,0,0,0,1.3981821211928e-07,0,0.0530106054267208,0,0,0,0,0,0,0,0,0,0,0,0,0
3.55266820406541e-08,0,0,0,0,0,0,0,0,1.3981821211928e-07,0,0.0530106054267208,0,0,0,0,0,0,0,0,0,0,0,0,0
3.55266820406541e-08,0,0,0,0,0,0,0,0,1.3981821211928e-07,0,0.0530106054267208,0,0,0,0,0,0,0,0,0,0,0,0,0
3.55266820406541e-08,0,0,0,0,0,0,0,0,1.3981821211928e-07,0,0.0530106054267208,0,0,0,0,0,0,0,0,0,0,0,0,0
3.55265683538164e-08,0,0,0,0,0,0,0,0,1.3981821211928e-07,0,0.0530106054267208,0,0,0,0,0,0,0,0,0,0,0,0,0
3.55265683538164e-08,0,0,0,0,0,0,0,0,1.3981821211928e-07,0,0.0530106054267208,0,0,0,0,0,0,0,0,0,0,0,0,0
3.55265683538164e-08,0,0,0,0,0,0,0,0,1.3981821211928e-07,0,0.0530106054267208,0,0,0,0,0,0,0,0,0,0,0,0,0
3.55265683538164e-08,0,0,0,0,0,0,0,0,1.3981821211928e-07,0,0.0530106054267208,0,0,0,0,0,0,0,0,0,0,0,0,0
3.55265683538164e-08,0,0,0,0,0,0,0,0,1.3981821211928e-07,0,0.0530106054267208,0,0,0,0,0,0,0,0,0,0,0,0,0
3.55265683538164e-08,0,0,0,0,0,0,0,0,1.3981821211928e-07,0,0.0530106054267208,0,0,0,0,0,0,0,0,0,0,0,0,0
3.55265683538164e-08,0,0,0,0,0,0,0,0,1.3981821211928e-07,0,0.0530106054267208,0,0,0,0,0,0,0,0,0,0,0,0,0
3.55245219907374e-08,0,0,0,0,0,0,0,0,1.3981821211928e-07,0,0.0530106054267208,0,0,0,0,0,0,0,0,0,0,0,0,0
3.55164502252592e-08,0,0,0,0,0,0,0,0,1.3981821211928e-07,0,0.0530106054267208,0,0,0,0,0,0,0,0,0,0,0,0,0
3.55164502252592e-08,0,0,0,0,0,0,0,0,1.3981821211928e-07,0,0.0530106054267208,0,0,0,0,0,0,0,0,0,0,0,0,0
3.55164502252592e-08,0,0,0,0,0,0,0,0,1.3981821211928e-07,0,0.0530106054267208,0,0,0,0,0,0,0,0,0,0,0,0,0
3.55164502252592e-08,0,0,0,0,0,0,0,0,1.3981821211928e-07,0,0.0530106054267208,0,0,0,0,0,0,0,0,0,0,0,0,0
3.55164502252592e-08,0,0,0,0,0,0,0,0,1.3981821211928e-07,0,0.0530106054267208,0,0,0,0,0,0,0,0,0,0,0,0,0
3.55164502252592e-08,0,0,0,0,0,0,0,0,1.3981821211928e-07,0,0.0530106054267208,0,0,0,0,0,0,0,0,0,0,0,0,0
3.55164502252592e-08,0,0,0,0,0,0,0,0,1.3981821211928e-07,0,0.0530106021255961,0,0,0,0,0,0,0,0,0,0,0,0,0
3.55164502252592e-08,0,0,0,0,0,0,0,0,1.3981821211928e-07,0,0.0530106021255961,0,0,0,0,0,0,0,0,0,0,0,0,0
3.55164502252592e-08,0,0,0,0,0,0,0,0,1.3981821211928e-07,0,0.0530106021255961,0,0,0,0,0,0,0,0,0,0,0,0,0
3.55164502252592e-08,0,0,0,0,0,0,0,0,1.3981821211928e-07,0,0.0530106021255961,0,0,0,0,0,0,0,0,0,0,0,0,0
3.55164502252592e-08,0,0,0,0,0,0,0,0,1.3981821211928e-07,0,0.0530106021255961,0,0,0,0,0,0,0,0,0,0,0,0,0
3.55164502252592e-08,0,0,0,0,0,0,0,0,1.3981821211928e-07,0,0.0530106021255961,0,0,0,0,0,0,0,0,0,0,0,0,0
3.55164502252592e-08,0,0,0,0,0,0,0,0,1.3981821211928e-07,0,0.0530106021255961,0,0,0,0,0,0,0,0,0,0,0,0,0
3.55164502252592e-08,0,0,0,0,0,0,0,0,1.3981821211928e-07,0,0.0530106021255961,0,0,0,0,0,0,0,0,0,0,0,0,0
3.55164502252592e-08,0,0,0,0,0,0,0,0,1.3981821211928e-07,0,0.0530106021255961,0,0,0,0,0,0,0,0,0,0,0,0,0
3.55164502252592e-08,0,0,0,0,0,0,0,0,1.3981821211928e-07,0,0.0530106021255961,0,0,0,0,0,0,0,0,0,0,0,0,0
3.55164502252592e-08,0,0,0,0,0,0,0,0,1.3981821211928e-07,0,0.0530106021255961,0,0,0,0,0,0,0,0,0,0,0,0,0
3.55164502252592e-08,0,0,0,0,0,0,0,0,1.3981821211928e-07,0,0.0530106021255961,0,0,0,0,0,0,0,0,0,0,0,0,0
3.55164502252592e-08,0,0,0,0,0,0,0,0,1.3981821211928e-07,0,0.0530106021255961,0,0,0,0,0,0,0,0,0,0,0,0,0
3.55164502252592e-08,0,0,0,0,0,0,0,0,1.3981821211928e-07,0,0.0530106021255961,0,0,0,0,0,0,0,0,0,0,0,0,0
3.55164502252592e-08,0,0,0,0,0,0,0,0,1.3981821211928e-07,0,0.0530106021255961,0,0,0,0,0,0,0,0,0,0,0,0,0
3.55164502252592e-08,0,0,0,0,0,0,0,0,1.3981821211928e-07,0,0.0530106021255961,0,0,0,0,0,0,0,0,0,0,0,0,0
3.55164502252592e-08,0,0,0,0,0,0,0,0,1.3981821211928e-07,0,0.0530106021255961,0,0,0,0,0,0,0,0,0,0,0,0,0
3.55164502252592e-08,0,0,0,0,0,0,0,0,1.3981821211928e-07,0,0.0530106021255961,0,0,0,0,0,0,0,0,0,0,0,0,0
3.55164502252592e-08,0,0,0,0,0,0,0,0,1.3981821211928e-07,0,0.0530106021255961,0,0,0,0,0,0,0,0,0,0,0,0,0
3.55164502252592e-08,0,0,0,0,0,0,0,0,1.3981821211928e-07,0,0.0530106021255961,0,0,0,0,0,0,0,0,0,0,0,0,0
3.55164502252592e-08,0,0,0,0,0,0,0,0,1.3981821211928e-07,0,0.0530106021255961,0,0,0,0,0,0,0,0,0,0,0,0,0
3.55164502252592e-08,0,0,0,0,0,0,0,0,1.3981821211928e-07,0,0.0530106021255961,0,0,0,0,0,0,0,0,0,0,0,0,0
3.55164502252592e-08,0,0,0,0,0,0,0,0,1.3981821211928e-07,0,0.0530106021255961,0,0,0,0,0,0,0,0,0,0,0,0,0
3.55164502252592e-08,0,0,0,0,0,0,0,0,1.3981821211928e-07,0,0.0530106021255961,0,0,0,0,0,0,0,0,0,0,0,0,0
3.55164502252592e-08,0,0,0,0,0,0,0,0,1.3981821211928e-07,0,0.05301059915314,0,0,0,0,0,0,0,0,0,0,0,0,0
3.55164502252592e-08,0,0,0,0,0,0,0,0,1.3981821211928e-07,0,0.05301059915314,0,0,0,0,0,0,0,0,0,0,0,0,0
3.55164502252592e-08,0,0,0,0,0,0,0,0,1.3981821211928e-07,0,0.05301059915314,0,0,0,0,0,0,0,0,0,0,0,0,0
3.55164502252592e-08,0,0,0,0,0,0,0,0,1.3981821211928e-07,0,0.05301059915314,0,0,0,0,0,0,0,0,0,0,0,0,0
3.55164502252592e-08,0,0,0,0,0,0,0,0,1.3981821211928e-07,0,0.05301059915314,0,0,0,0,0,0,0,0,0,0,0,0,0
3.55164502252592e-08,0,0,0,0,0,0,0,0,1.3981821211928e-07,0,0.05301059915314,0,0,0,0,0,0,0,0,0,0,0,0,0
3.55164502252592e-08,0,0,0,0,0,0,0,0,1.3981821211928e-07,0,0.05301059915314,0,0,0,0,0,0,0,0,0,0,0,0,0
3.55164502252592e-08,0,0,0,0,0,0,0,0,1.3981821211928e-07,0,0.05301059915314,0,0,0,0,0,0,0,0,0,0,0,0,0
3.55164502252592e-08,0,0,0,0,0,0,0,0,1.3981821211928e-07,0,0.05301059915314,0,0,0,0,0,0,0,0,0,0,0,0,0
3.55164502252592e-08,0,0,0,0,0,0,0,0,1.3981821211928e-07,0,0.05301059915314,0,0,0,0,0,0,0,0,0,0,0,0,0
3.55164502252592e-08,0,0,0,0,0,0,0,0,1.3981821211928e-07,0,0.05301059915314,0,0,0,0,0,0,0,0,0,0,0,0,0
3.55164502252592e-08,0,0,0,0,0,0,0,0,1.3981821211928e-07,0,0.05301059915314,0,0,0,0,0,0,0,0,0,0,0,0,0
3.55164502252592e-08,0,0,0,0,0,0,0,0,1.3981821211928e-07,0,0.05301059915314,0,0,0,0,0,0,0,0,0,0,0,0,0
3.55164502252592e-08,0,0,0,0,0,0,0,0,1.3981821211928e-07,0,0.05301059915314,0,0,0,0,0,0,0,0,0,0,0,0,0
3.55164502252592e-08,0,0,0,0,0,0,0,0,1.3981821211928e-07,0,0.05301059915314,0,0,0,0,0,0,0,0,0,0,0,0,0
3.55164502252592e-08,0,0,0,0,0,0,0,0,1.3981821211928e-07,0,0.05301059915314,0,0,0,0,0,0,0,0,0,0,0,0,0
3.55164502252592e-08,0,0,0,0,0,0,0,0,1.3981821211928e-07,0,0.05301059915314,0,0,0,0,0,0,0,0,0,0,0,0,0
3.55164502252592e-08,0,0,0,0,0,0,0,0,1.3981821211928e-07,0,0.0530105983978046,0,0,0,0,0,0,0,0,0,0,0,0,0
3.55164502252592e-08,0,0,0,0,0,0,0,0,1.3981821211928e-07,0,0.0530105983978046,0,0,0,0,0,0,0,0,0,0,0,0,0
3.55164502252592e-08,0,0,0,0,0,0,0,0,1.3981821211928e-07,0,0.0530105983978046,0,0,0,0,0,0,0,0,0,0,0,0,0
3.55164502252592e-08,0,0,0,0,0,0,0,0,1.3981821211928e-07,0,0.0530105983978046,0,0,0,0,0,0,0,0,0,0,0,0,0
3.55164502252592e-08,0,0,0,0,0,0,0,0,1.3981821211928e-07,0,0.0530105983978046,0,0,0,0,0,0,0,0,0,0,0,0,0
3.55164502252592e-08,0,0,0,0,0,0,0,0,1.3981821211928e-07,0,0.0530105983978046,0,0,0,0,0,0,0,0,0,0,0,0,0
3.55164502252592e-08,0,0,0,0,0,0,0,0,1.3981821211928e-07,0,0.0530105963542837,0,0,0,0,0,0,0,0,0,0,0,0,0
3.55164502252592e-08,0,0,0,0,0,0,0,0,1.3981821211928e-07,0,0.0530105963542837,0,0,0,0,0,0,0,0,0,0,0,0,0
3.55164502252592e-08,0,0,0,0,0,0,0,0,1.3981821211928e-07,0,0.0530105963542837,0,0,0,0,0,0,0,0,0,0,0,0,0
3.55164502252592e-08,0,0,0,0,0,0,0,0,1.3981821211928e-07,0,0.0530105963542837,0,0,0,0,0,0,0,0,0,0,0,0,0
3.55164502252592e-08,0,0,0,0,0,0,0,0,1.3981821211928e-07,0,0.0530105963542837,0,0,0,0,0,0,0,0,0,0,0,0,0
3.55164502252592e-08,0,0,0,0,0,0,0,0,1.3981821211928e-07,0,0.0530105963542837,0,0,0,0,0,0,0,0,0,0,0,0,0
3.55164502252592e-08,0,0,0,0,0,0,0,0,1.3981821211928e-07,0,0.0530105963542837,0,0,0,0,0,0,0,0,0,0,0,0,0
3.55164502252592e-08,0,0,0,0,0,0,0,0,1.3981821211928e-07,0,0.0530105963542837,0,0,0,0,0,0,0,0,0,0,0,0,0
3.55164502252592e-08,0,0,0,0,0,0,0,0,1.3981821211928e-07,0,0.0530105963542837,0,0,0,0,0,0,0,0,0,0,0,0,0
3.55164502252592e-08,0,0,0,0,0,0,0,0,1.3981821211928e-07,0,0.0530105963542837,0,0,0,0,0,0,0,0,0,0,0,0,0
3.55164502252592e-08,0,0,0,0,0,0,0,0,1.3981821211928e-07,0,0.0530105963542837,0,0,0,0,0,0,0,0,0,0,0,0,0
3.55164502252592e-08,0,0,0,0,0,0,0,0,1.3981821211928e-07,0,0.0530105963542837,0,0,0,0,0,0,0,0,0,0,0,0,0
3.55164502252592e-08,0,0,0,0,0,0,0,0,1.3981821211928e-07,0,0.0530105963542837,0,0,0,0,0,0,0,0,0,0,0,0,0
3.55164502252592e-08,0,0,0,0,0,0,0,0,1.3981821211928e-07,0,0.0530105963542837,0,0,0,0,0,0,0,0,0,0,0,0,0
3.55164502252592e-08,0,0,0,0,0,0,0,0,1.3981821211928e-07,0,0.0530105963542837,0,0,0,0,0,0,0,0,0,0,0,0,0
3.55164502252592e-08,0,0,0,0,0,0,0,0,1.3981821211928e-07,0,0.0530105963542837,0,0,0,0,0,0,0,0,0,0,0,0,0
3.55164502252592e-08,0,0,0,0,0,0,0,0,1.3981821211928e-07,0,0.0530105963542837,0,0,0,0,0,0,0,0,0,0,0,0,0
3.55164502252592e-08,0,0,0,0,0,0,0,0,1.3981821211928e-07,0,0.0530105963542837,0,0,0,0,0,0,0,0,0,0,0,0,0
3.55164502252592e-08,0,0,0,0,0,0,0,0,1.3981821211928e-07,0,0.0530105963542837,0,0,0,0,0,0,0,0,0,0,0,0,0
3.55164502252592e-08,0,0,0,0,0,0,0,0,1.3981821211928e-07,0,0.0530105963542837,0,0,0,0,0,0,0,0,0,0,0,0,0
3.55164502252592e-08,0,0,0,0,0,0,0,0,1.3981821211928e-07,0,0.0530105963542837,0,0,0,0,0,0,0,0,0,0,0,0,0
3.55164502252592e-08,0,0,0,0,0,0,0,0,1.3981821211928e-07,0,0.0530105963542837,0,0,0,0,0,0,0,0,0,0,0,0,0
3.55164502252592e-08,0,0,0,0,0,0,0,0,1.3981821211928e-07,0,0.0530105963542837,0,0,0,0,0,0,0,0,0,0,0,0,0
3.55164502252592e-08,0,0,0,0,0,0,0,0,1.3981821211928e-07,0,0.0530105963542837,0,0,0,0,0,0,0,0,0,0,0,0,0
3.55164502252592e-08,0,0,0,0,0,0,0,0,1.3981821211928e-07,0,0.0530105963542837,0,0,0,0,0,0,0,0,0,0,0,0,0
3.55164502252592e-08,0,0,0,0,0,0,0,0,1.3981821211928e-07,0,0.0530105963542837,0,0,0,0,0,0,0,0,0,0,0,0,0
3.55164502252592e-08,0,0,0,0,0,0,0,0,1.3981821211928e-07,0,0.0530105963542837,0,0,0,0,0,0,0,0,0,0,0,0,0
3.55164502252592e-08,0,0,0,0,0,0,0,0,1.3981821211928e-07,0,0.0530105963542837,0,0,0,0,0,0,0,0,0,0,0,0,0
3.55164502252592e-08,0,0,0,0,0,0,0,0,1.3981821211928e-07,0,0.0530105963542837,0,0,0,0,0,0,0,0,0,0,0,0,0
3.55164502252592e-08,0,0,0,0,0,0,0,0,1.3981821211928e-07,0,0.0530105963542837,0,0,0,0,0,0,0,0,0,0,0,0,0
3.55164502252592e-08,0,0,0,0,0,0,0,0,1.3981821211928e-07,0,0.0530105963542837,0,0,0,0,0,0,0,0,0,0,0,0,0
3.55164502252592e-08,0,0,0,0,0,0,0,0,1.3981821211928e-07,0,0.0530105963542837,0,0,0,0,0,0,0,0,0,0,0,0,0
3.55164502252592e-08,0,0,0,0,0,0,0,0,1.3981821211928e-07,0,0.0530105963542837,0,0,0,0,0,0,0,0,0,0,0,0,0
3.55164502252592e-08,0,0,0,0,0,0,0,0,1.39814574140473e-07,0,0.0530105963542837,0,0,0,0,0,0,0,0,0,0,0,0,0
3.55164502252592e-08,0,0,0,0,0,0,0,0,1.39814574140473e-07,0,0.0530105963542837,0,0,0,0,0,0,0,0,0,0,0,0,0
3.55164502252592e-08,0,0,0,0,0,0,0,0,1.39814574140473e-07,0,0.0530105963542837,0,0,0,0,0,0,0,0,0,0,0,0,0
3.55164502252592e-08,0,0,0,0,0,0,0,0,1.39814574140473e-07,0,0.0530105963542837,0,0,0,0,0,0,0,0,0,0,0,0,0
3.55164502252592e-08,0,0,0,0,0,0,0,0,1.39814574140473e-07,0,0.0530105963542837,0,0,0,0,0,0,0,0,0,0,0,0,0
3.55164502252592e-08,0,0,0,0,0,0,0,0,1.39814574140473e-07,0,0.0530105963542837,0,0,0,0,0,0,0,0,0,0,0,0,0
3.55164502252592e-08,0,0,0,0,0,0,0,0,1.39814574140473e-07,0,0.0530105963542837,0,0,0,0,0,0,0,0,0,0,0,0,0
3.55164502252592e-08,0,0,0,0,0,0,0,0,1.39814574140473e-07,0,0.0530105963542837,0,0,0,0,0,0,0,0,0,0,0,0,0
3.55164502252592e-08,0,0,0,0,0,0,0,0,1.3981275515107e-07,0,0.0530105963542837,0,0,0,0,0,0,0,0,0,0,0,0,0
3.55164502252592e-08,0,0,0,0,0,0,0,0,1.3981275515107e-07,0,0.0530105963542837,0,0,0,0,0,0,0,0,0,0,0,0,0
3.55164502252592e-08,0,0,0,0,0,0,0,0,1.39811277222179e-07,0,0.0530105963542837,0,0,0,0,0,0,0,0,0,0,0,0,0
3.55164502252592e-08,0,0,0,0,0,0,0,0,1.39811277222179e-07,0,0.0530105963542837,0,0,0,0,0,0,0,0,0,0,0,0,0
3.55164502252592e-08,0,0,0,0,0,0,0,0,1.39811277222179e-07,0,0.0530105963542837,0,0,0,0,0,0,0,0,0,0,0,0,0
3.55164502252592e-08,0,0,0,0,0,0,0,0,1.39811277222179e-07,0,0.0530105963542837,0,0,0,0,0,0,0,0,0,0,0,0,0
3.55164502252592e-08,0,0,0,0,0,0,0,0,1.39811277222179e-07,0,0.0530105963542837,0,0,0,0,0,0,0,0,0,0,0,0,0
3.55164502252592e-08,0,0,0,0,0,0,0,0,1.39811277222179e-07,0,0.0530105963542837,0,0,0,0,0,0,0,0,0,0,0,0,0
3.55164502252592e-08,0,0,0,0,0,0,0,0,1.39811277222179e-07,0,0.0530105963542837,0,0,0,0,0,0,0,0,0,0,0,0,0
3.55164502252592e-08,0,0,0,0,0,0,0,0,1.39811277222179e-07,0,0.0530105963542837,0,0,0,0,0,0,0,0,0,0,0,0,0
3.55164502252592e-08,0,0,0,0,0,0,0,0,1.39811277222179e-07,0,0.0530105963542837,0,0,0,0,0,0,0,0,0,0,0,0,0
3.55164502252592e-08,0,0,0,0,0,0,0,0,1.39811277222179e-07,0,0.0530105963542837,0,0,0,0,0,0,0,0,0,0,0,0,0
3.55164502252592e-08,0,0,0,0,0,0,0,0,1.39811277222179e-07,0,0.0530105963542837,0,0,0,0,0,0,0,0,0,0,0,0,0
3.55164502252592e-08,0,0,0,0,0,0,0,0,1.39811277222179e-07,0,0.0530105963542837,0,0,0,0,0,0,0,0,0,0,0,0,0
3.55164502252592e-08,0,0,0,0,0,0,0,0,1.39811277222179e-07,0,0.0530105963542837,0,0,0,0,0,0,0,0,0,0,0,0,0
3.55164502252592e-08,0,0,0,0,0,0,0,0,1.39811277222179e-07,0,0.0530105963542837,0,0,0,0,0,0,0,0,0,0,0,0,0
3.55164502252592e-08,0,0,0,0,0,0,0,0,1.39811277222179e-07,0,0.0530105963542837,0,0,0,0,0,0,0,0,0,0,0,0,0
3.55164502252592e-08,0,0,0,0,0,0,0,0,1.39811277222179e-07,0,0.0530105963542837,0,0,0,0,0,0,0,0,0,0,0,0,0
3.55164502252592e-08,0,0,0,0,0,0,0,0,1.39811277222179e-07,0,0.0530105963542837,0,0,0,0,0,0,0,0,0,0,0,0,0
3.55164502252592e-08,0,0,0,0,0,0,0,0,1.39811277222179e-07,0,0.0530105963542837,0,0,0,0,0,0,0,0,0,0,0,0,0
3.55164502252592e-08,0,0,0,0,0,0,0,0,1.39811277222179e-07,0,0.0530105963542837,0,0,0,0,0,0,0,0,0,0,0,0,0
3.55164502252592e-08,0,0,0,0,0,0,0,0,1.39811277222179e-07,0,0.0530105963542837,0,0,0,0,0,0,0,0,0,0,0,0,0
3.55164502252592e-08,0,0,0,0,0,0,0,0,1.39811277222179e-07,0,0.0530105963542837,0,0,0,0,0,0,0,0,0,0,0,0,0
3.55164502252592e-08,0,0,0,0,0,0,0,0,1.39811277222179e-07,0,0.0530105963542837,0,0,0,0,0,0,0,0,0,0,0,0,0
3.55164502252592e-08,0,0,0,0,0,0,0,0,1.39811277222179e-07,0,0.0530105963542837,0,0,0,0,0,0,0,0,0,0,0,0,0
3.55164502252592e-08,0,0,0,0,0,0,0,0,1.39811277222179e-07,0,0.0530105963542837,0,0,0,0,0,0,0,0,0,0,0,0,0
3.55164502252592e-08,0,0,0,0,0,0,0,0,1.39811277222179e-07,0,0.0530105963542837,0,0,0,0,0,0,0,0,0,0,0,0,0
3.55164502252592e-08,0,0,0,0,0,0,0,0,1.39811277222179e-07,0,0.0530105963542837,0,0,0,0,0,0,0,0,0,0,0,0,0
3.55164502252592e-08,0,0,0,0,0,0,0,0,1.39811277222179e-07,0,0.0530105963542837,0,0,0,0,0,0,0,0,0,0,0,0,0
3.55164502252592e-08,0,0,0,0,0,0,0,0,1.39811277222179e-07,0,0.0530105963542837,0,0,0,0,0,0,0,0,0,0,0,0,0
3.55164502252592e-08,0,0,0,0,0,0,0,0,1.39811277222179e-07,0,0.0530105963542837,0,0,0,0,0,0,0,0,0,0,0,0,0
3.55164502252592e-08,0,0,0,0,0,0,0,0,1.39811277222179e-07,0,0.0530105963542837,0,0,0,0,0,0,0,0,0,0,0,0,0
3.55164502252592e-08,0,0,0,0,0,0,0,0,1.39811277222179e-07,0,0.0530105963542837,0,0,0,0,0,0,0,0,0,0,0,0,0
3.55164502252592e-08,0,0,0,0,0,0,0,0,1.39811277222179e-07,0,0.0530105963542837,0,0,0,0,0,0,0,0,0,0,0,0,0
3.55164502252592e-08,0,0,0,0,0,0,0,0,1.39811277222179e-07,0,0.0530105963542837,0,0,0,0,0,0,0,0,0,0,0,0,0
3.55164502252592e-08,0,0,0,0,0,0,0,0,1.39811277222179e-07,0,0.0530105963542837,0,0,0,0,0,0,0,0,0,0,0,0,0
3.55164502252592e-08,0,0,0,0,0,0,0,0,1.39811277222179e-07,0,0.0530105963542837,0,0,0,0,0,0,0,0,0,0,0,0,0
3.55164502252592e-08,0,0,0,0,0,0,0,0,1.39811277222179e-07,0,0.0530105963542837,0,0,0,0,0,0,0,0,0,0,0,0,0
3.55164502252592e-08,0,0,0,0,0,0,0,0,1.39811277222179e-07,0,0.0530105963542837,0,0,0,0,0,0,0,0,0,0,0,0,0
3.55164502252592e-08,0,0,0,0,0,0,0,0,1.39811277222179e-07,0,0.0530105963542837,0,0,0,0,0,0,0,0,0,0,0,0,0
3.55164502252592e-08,0,0,0,0,0,0,0,0,1.39811277222179e-07,0,0.0530105963542837,0,0,0,0,0,0,0,0,0,0,0,0,0
3.55164502252592e-08,0,0,0,0,0,0,0,0,1.39811277222179e-07,0,0.0530105963542837,0,0,0,0,0,0,0,0,0,0,0,0,0
3.55164502252592e-08,0,0,0,0,0,0,0,0,1.39811277222179e-07,0,0.0530105963542837,0,0,0,0,0,0,0,0,0,0,0,0,0
3.55164502252592e-08,0,0,0,0,0,0,0,0,1.39811277222179e-07,0,0.0530105963542837,0,0,0,0,0,0,0,0,0,0,0,0,0
3.55164502252592e-08,0,0,0,0,0,0,0,0,1.39811277222179e-07,0,0.0530105963542837,0,0,0,0,0,0,0,0,0,0,0,0,0
3.55164502252592e-08,0,0,0,0,0,0,0,0,1.39811277222179e-07,0,0.0530105963542837,0,0,0,0,0,0,0,0,0,0,0,0,0
3.55164502252592e-08,0,0,0,0,0,0,0,0,1.39811277222179e-07,0,0.0530105963542837,0,0,0,0,0,0,0,0,0,0,0,0,0
3.55164502252592e-08,0,0,0,0,0,0,0,0,1.39811277222179e-07,0,0.0530105963542837,0,0,0,0,0,0,0,0,0,0,0,0,0
3.55164502252592e-08,0,0,0,0,0,0,0,0,1.39811277222179e-07,0,0.0530105963542837,0,0,0,0,0,0,0,0,0,0,0,0,0
3.55164502252592e-08,0,0,0,0,0,0,0,0,1.39811277222179e-07,0,0.0530105963542837,0,0,0,0,0,0,0,0,0,0,0,0,0
3.55164502252592e-08,0,0,0,0,0,0,0,0,1.39811277222179e-07,0,0.0530105963542837,0,0,0,0,0,0,0,0,0,0,0,0,0
3.55164502252592e-08,0,0,0,0,0,0,0,0,1.39811277222179e-07,0,0.0530105963542837,0,0,0,0,0,0,0,0,0,0,0,0,0
3.55164502252592e-08,0,0,0,0,0,0,0,0,1.39811277222179e-07,0,0.0530105963542837,0,0,0,0,0,0,0,0,0,0,0,0,0
3.55164502252592e-08,0,0,0,0,0,0,0,0,1.39811277222179e-07,0,0.0530105963542837,0,0,0,0,0,0,0,0,0,0,0,0,0
3.55164502252592e-08,0,0,0,0,0,0,0,0,1.39811277222179e-07,0,0.0530105963542837,0,0,0,0,0,0,0,0,0,0,0,0,0
3.55164502252592e-08,0,0,0,0,0,0,0,0,1.39811277222179e-07,0,0.0530105963542837,0,0,0,0,0,0,0,0,0,0,0,0,0
3.55164502252592e-08,0,0,0,0,0,0,0,0,1.39811277222179e-07,0,0.0530105963542837,0,0,0,0,0,0,0,0,0,0,0,0,0
3.55164502252592e-08,0,0,0,0,0,0,0,0,1.39811277222179e-07,0,0.0530105963542837,0,0,0,0,0,0,0,0,0,0,0,0,0
3.55164502252592e-08,0,0,0,0,0,0,0,0,1.39811277222179e-07,0,0.0530105963542837,0,0,0,0,0,0,0,0,0,0,0,0,0
3.55164502252592e-08,0,0,0,0,0,0,0,0,1.39811277222179e-07,0,0.0530105963542837,0,0,0,0,0,0,0,0,0,0,0,0,0
3.55164502252592e-08,0,0,0,0,0,0,0,0,1.39811277222179e-07,0,0.0530105963542837,0,0,0,0,0,0,0,0,0,0,0,0,0
3.55164502252592e-08,0,0,0,0,0,0,0,0,1.39811277222179e-07,0,0.0530105963542837,0,0,0,0,0,0,0,0,0,0,0,0,0
3.55164502252592e-08,0,0,0,0,0,0,0,0,1.39811277222179e-07,0,0.0530105963542837,0,0,0,0,0,0,0,0,0,0,0,0,0
3.55164502252592e-08,0,0,0,0,0,0,0,0,1.39811277222179e-07,0,0.0530105963542837,0,0,0,0,0,0,0,0,0,0,0,0,0
3.55164502252592e-08,0,0,0,0,0,0,0,0,1.39811277222179e-07,0,0.0530105963542837,0,0,0,0,0,0,0,0,0,0,0,0,0
3.55164502252592e-08,0,0,0,0,0,0,0,0,1.39811277222179e-07,0,0.0530105963542837,0,0,0,0,0,0,0,0,0,0,0,0,0
3.55164502252592e-08,0,0,0,0,0,0,0,0,1.39811277222179e-07,0,0.0530105963542837,0,0,0,0,0,0,0,0,0,0,0,0,0
3.55164502252592e-08,0,0,0,0,0,0,0,0,1.39811277222179e-07,0,0.0530105963542837,0,0,0,0,0,0,0,0,0,0,0,0,0
3.55164502252592e-08,0,0,0,0,0,0,0,0,1.39811277222179e-07,0,0.0530105963542837,0,0,0,0,0,0,0,0,0,0,0,0,0
3.55164502252592e-08,0,0,0,0,0,0,0,0,1.39811277222179e-07,0,0.0530105963542837,0,0,0,0,0,0,0,0,0,0,0,0,0
3.55164502252592e-08,0,0,0,0,0,0,0,0,1.39811277222179e-07,0,0.0530105963542837,0,0,0,0,0,0,0,0,0,0,0,0,0
3.55164502252592e-08,0,0,0,0,0,0,0,0,1.39811277222179e-07,0,0.0530105963542837,0,0,0,0,0,0,0,0,0,0,0,0,0
3.55164502252592e-08,0,0,0,0,0,0,0,0,1.39811277222179e-07,0,0.0530105963542837,0,0,0,0,0,0,0,0,0,0,0,0,0
3.55164502252592e-08,0,0,0,0,0,0,0,0,1.39811277222179e-07,0,0.0530105963542837,0,0,0,0,0,0,0,0,0,0,0,0,0
3.55164502252592e-08,0,0,0,0,0,0,0,0,1.39811277222179e-07,0,0.0530105963542837,0,0,0,0,0,0,0,0,0,0,0,0,0
3.55164502252592e-08,0,0,0,0,0,0,0,0,1.39811277222179e-07,0,0.0530105963542837,0,0,0,0,0,0,0,0,0,0,0,0,0
3.55164502252592e-08,0,0,0,0,0,0,0,0,1.39811277222179e-07,0,0.0530105963542837,0,0,0,0,0,0,0,0,0,0,0,0,0
3.55164502252592e-08,0,0,0,0,0,0,0,0,1.39811277222179e-07,0,0.0530105963542837,0,0,0,0,0,0,0,0,0,0,0,0,0
3.55164502252592e-08,0,0,0,0,0,0,0,0,1.39811277222179e-07,0,0.0530105963542837,0,0,0,0,0,0,0,0,0,0,0,0,0
3.55164502252592e-08,0,0,0,0,0,0,0,0,1.39811277222179e-07,0,0.0530105963542837,0,0,0,0,0,0,0,0,0,0,0,0,0
3.55164502252592e-08,0,0,0,0,0,0,0,0,1.39811277222179e-07,0,0.0530105963542837,0,0,0,0,0,0,0,0,0,0,0,0,0
3.55164502252592e-08,0,0,0,0,0,0,0,0,1.39811277222179e-07,0,0.0530105963542837,0,0,0,0,0,0,0,0,0,0,0,0,0
3.55164502252592e-08,0,0,0,0,0,0,0,0,1.39811277222179e-07,0,0.0530105963542837,0,0,0,0,0,0,0,0,0,0,0,0,0
3.55164502252592e-08,0,0,0,0,0,0,0,0,1.39811277222179e-07,0,0.0530105963542837,0,0,0,0,0,0,0,0,0,0,0,0,0
3.55164502252592e-08,0,0,0,0,0,0,0,0,1.39811277222179e-07,0,0.0530105963542837,0,0,0,0,0,0,0,0,0,0,0,0,0
3.55164502252592e-08,0,0,0,0,0,0,0,0,1.39811277222179e-07,0,0.0530105963542837,0,0,0,0,0,0,0,0,0,0,0,0,0
3.55164502252592e-08,0,0,0,0,0,0,0,0,1.39811277222179e-07,0,0.0530105963542837,0,0,0,0,0,0,0,0,0,0,0,0,0
3.55164502252592e-08,0,0,0,0,0,0,0,0,1.39811277222179e-07,0,0.0530105963542837,0,0,0,0,0,0,0,0,0,0,0,0,0
3.55164502252592e-08,0,0,0,0,0,0,0,0,1.39811277222179e-07,0,0.0530105963542837,0,0,0,0,0,0,0,0,0,0,0,0,0
3.55164502252592e-08,0,0,0,0,0,0,0,0,1.39811277222179e-07,0,0.0530105963542837,0,0,0,0,0,0,0,0,0,0,0,0,0
3.55164502252592e-08,0,0,0,0,0,0,0,0,1.39811277222179e-07,0,0.0530105963542837,0,0,0,0,0,0,0,0,0,0,0,0,0
3.55164502252592e-08,0,0,0,0,0,0,0,0,1.39811277222179e-07,0,0.0530105963542837,0,0,0,0,0,0,0,0,0,0,0,0,0
3.55164502252592e-08,0,0,0,0,0,0,0,0,1.39811277222179e-07,0,0.0530105963542837,0,0,0,0,0,0,0,0,0,0,0,0,0
3.55164502252592e-08,0,0,0,0,0,0,0,0,1.39811277222179e-07,0,0.0530105963542837,0,0,0,0,0,0,0,0,0,0,0,0,0
3.55164502252592e-08,0,0,0,0,0,0,0,0,1.39811277222179e-07,0,0.0530105963542837,0,0,0,0,0,0,0,0,0,0,0,0,0
3.55164502252592e-08,0,0,0,0,0,0,0,0,1.39811277222179e-07,0,0.0530105963542837,0,0,0,0,0,0,0,0,0,0,0,0,0
3.55164502252592e-08,0,0,0,0,0,0,0,0,1.39811277222179e-07,0,0.0530105963542837,0,0,0,0,0,0,0,0,0,0,0,0,0
3.55164502252592e-08,0,0,0,0,0,0,0,0,1.39811277222179e-07,0,0.0530105963542837,0,0,0,0,0,0,0,0,0,0,0,0,0
3.55164502252592e-08,0,0,0,0,0,0,0,0,1.39811277222179e-07,0,0.0530105963542837,0,0,0,0,0,0,0,0,0,0,0,0,0
3.55164502252592e-08,0,0,0,0,0,0,0,0,1.39811277222179e-07,0,0.0530105963542837,0,0,0,0,0,0,0,0,0,0,0,0,0
3.55164502252592e-08,0,0,0,0,0,0,0,0,1.39811277222179e-07,0,0.0530105963542837,0,0,0,0,0,0,0,0,0,0,0,0,0
3.55164502252592e-08,0,0,0,0,0,0,0,0,1.39811277222179e-07,0,0.0530105963542837,0,0,0,0,0,0,0,0,0,0,0,0,0
3.55164502252592e-08,0,0,0,0,0,0,0,0,1.39811277222179e-07,0,0.0530105963542837,0,0,0,0,0,0,0,0,0,0,0,0,0
3.55164502252592e-08,0,0,0,0,0,0,0,0,1.39811277222179e-07,0,0.0530105963542837,0,0,0,0,0,0,0,0,0,0,0,0,0
3.55164502252592e-08,0,0,0,0,0,0,0,0,1.39811277222179e-07,0,0.0530105963542837,0,0,0,0,0,0,0,0,0,0,0,0,0
3.55164502252592e-08,0,0,0,0,0,0,0,0,1.39811277222179e-07,0,0.0530105963542837,0,0,0,0,0,0,0,0,0,0,0,0,0
3.55164502252592e-08,0,0,0,0,0,0,0,0,1.39811277222179e-07,0,0.0530105963542837,0,0,0,0,0,0,0,0,0,0,0,0,0
3.55164502252592e-08,0,0,0,0,0,0,0,0,1.39811277222179e-07,0,0.0530105963542837,0,0,0,0,0,0,0,0,0,0,0,0,0
3.55164502252592e-08,0,0,0,0,0,0,0,0,1.39811277222179e-07,0,0.0530105963542837,0,0,0,0,0,0,0,0,0,0,0,0,0
3.55164502252592e-08,0,0,0,0,0,0,0,0,1.39811277222179e-07,0,0.0530105963542837,0,0,0,0,0,0,0,0,0,0,0,0,0
3.55164502252592e-08,0,0,0,0,0,0,0,0,1.39811277222179e-07,0,0.0530105963542837,0,0,0,0,0,0,0,0,0,0,0,0,0
3.55164502252592e-08,0,0,0,0,0,0,0,0,1.39811277222179e-07,0,0.0530105963542837,0,0,0,0,0,0,0,0,0,0,0,0,0
3.55164502252592e-08,0,0,0,0,0,0,0,0,1.39811277222179e-07,0,0.0530105963542837,0,0,0,0,0,0,0,0,0,0,0,0,0
3.55164502252592e-08,0,0,0,0,0,0,0,0,1.39811277222179e-07,0,0.0530105963542837,0,0,0,0,0,0,0,0,0,0,0,0,0
3.55164502252592e-08,0,0,0,0,0,0,0,0,1.39811277222179e-07,0,0.0530105963542837,0,0,0,0,0,0,0,0,0,0,0,0,0
3.55164502252592e-08,0,0,0,0,0,0,0,0,1.39811277222179e-07,0,0.0530105963542837,0,0,0,0,0,0,0,0,0,0,0,0,0
3.55164502252592e-08,0,0,0,0,0,0,0,0,1.39811277222179e-07,0,0.0530105963542837,0,0,0,0,0,0,0,0,0,0,0,0,0
3.55164502252592e-08,0,0,0,0,0,0,0,0,1.39811277222179e-07,0,0.0530105963542837,0,0,0,0,0,0,0,0,0,0,0,0,0
3.55164502252592e-08,0,0,0,0,0,0,0,0,1.39811277222179e-07,0,0.0530105963542837,0,0,0,0,0,0,0,0,0,0,0,0,0
3.55164502252592e-08,0,0,0,0,0,0,0,0,1.39811277222179e-07,0,0.0530105963542837,0,0,0,0,0,0,0,0,0,0,0,0,0
3.55164502252592e-08,0,0,0,0,0,0,0,0,1.39811277222179e-07,0,0.0530105963542837,0,0,0,0,0,0,0,0,0,0,0,0,0
3.55164502252592e-08,0,0,0,0,0,0,0,0,1.39811277222179e-07,0,0.0530105963542837,0,0,0,0,0,0,0,0,0,0,0,0,0
3.55164502252592e-08,0,0,0,0,0,0,0,0,1.39811277222179e-07,0,0.0530105963542837,0,0,0,0,0,0,0,0,0,0,0,0,0
3.55164502252592e-08,0,0,0,0,0,0,0,0,1.39811277222179e-07,0,0.0530105963542837,0,0,0,0,0,0,0,0,0,0,0,0,0
3.55164502252592e-08,0,0,0,0,0,0,0,0,1.39811277222179e-07,0,0.0530105963542837,0,0,0,0,0,0,0,0,0,0,0,0,0
3.55164502252592e-08,0,0,0,0,0,0,0,0,1.39811277222179e-07,0,0.0530105963542837,0,0,0,0,0,0,0,0,0,0,0,0,0
3.55164502252592e-08,0,0,0,0,0,0,0,0,1.39811277222179e-07,0,0.0530105963542837,0,0,0,0,0,0,0,0,0,0,0,0,0
3.55164502252592e-08,0,0,0,0,0,0,0,0,1.39811277222179e-07,0,0.0530105963542837,0,0,0,0,0,0,0,0,0,0,0,0,0
3.55164502252592e-08,0,0,0,0,0,0,0,0,1.39811277222179e-07,0,0.0530105963542837,0,0,0,0,0,0,0,0,0,0,0,0,0
3.55164502252592e-08,0,0,0,0,0,0,0,0,1.39811277222179e-07,0,0.0530105963542837,0,0,0,0,0,0,0,0,0,0,0,0,0
3.55164502252592e-08,0,0,0,0,0,0,0,0,1.39811277222179e-07,0,0.0530105963542837,0,0,0,0,0,0,0,0,0,0,0,0,0
3.55164502252592e-08,0,0,0,0,0,0,0,0,1.39811277222179e-07,0,0.0530105963542837,0,0,0,0,0,0,0,0,0,0,0,0,0
3.55164502252592e-08,0,0,0,0,0,0,0,0,1.39811277222179e-07,0,0.0530105963542837,0,0,0,0,0,0,0,0,0,0,0,0,0
3.55164502252592e-08,0,0,0,0,0,0,0,0,1.39811277222179e-07,0,0.0530105963542837,0,0,0,0,0,0,0,0,0,0,0,0,0
3.55164502252592e-08,0,0,0,0,0,0,0,0,1.39811277222179e-07,0,0.0530105963542837,0,0,0,0,0,0,0,0,0,0,0,0,0
3.55164502252592e-08,0,0,0,0,0,0,0,0,1.39811277222179e-07,0,0.0530105963542837,0,0,0,0,0,0,0,0,0,0,0,0,0
3.55164502252592e-08,0,0,0,0,0,0,0,0,1.39811277222179e-07,0,0.0530105963542837,0,0,0,0,0,0,0,0,0,0,0,0,0
3.55164502252592e-08,0,0,0,0,0,0,0,0,1.39811277222179e-07,0,0.0530105963542837,0,0,0,0,0,0,0,0,0,0,0,0,0
3.55164502252592e-08,0,0,0,0,0,0,0,0,1.39811277222179e-07,0,0.0530105963542837,0,0,0,0,0,0,0,0,0,0,0,0,0
3.55164502252592e-08,0,0,0,0,0,0,0,0,1.39811277222179e-07,0,0.0530105963542837,0,0,0,0,0,0,0,0,0,0,0,0,0
3.55164502252592e-08,0,0,0,0,0,0,0,0,1.39811277222179e-07,0,0.0530105963542837,0,0,0,0,0,0,0,0,0,0,0,0,0
3.55164502252592e-08,0,0,0,0,0,0,0,0,1.39811277222179e-07,0,0.0530105963542837,0,0,0,0,0,0,0,0,0,0,0,0,0
3.55164502252592e-08,0,0,0,0,0,0,0,0,1.39811277222179e-07,0,0.0530105963542837,0,0,0,0,0,0,0,0,0,0,0,0,0
3.55164502252592e-08,0,0,0,0,0,0,0,0,1.39811277222179e-07,0,0.0530105963542837,0,0,0,0,0,0,0,0,0,0,0,0,0
3.55164502252592e-08,0,0,0,0,0,0,0,0,1.39811277222179e-07,0,0.0530105963542837,0,0,0,0,0,0,0,0,0,0,0,0,0
3.55164502252592e-08,0,0,0,0,0,0,0,0,1.39811277222179e-07,0,0.0530105963542837,0,0,0,0,0,0,0,0,0,0,0,0,0
3.55164502252592e-08,0,0,0,0,0,0,0,0,1.39811277222179e-07,0,0.0530105963542837,0,0,0,0,0,0,0,0,0,0,0,0,0
3.55164502252592e-08,0,0,0,0,0,0,0,0,1.39811277222179e-07,0,0.0530105963542837,0,0,0,0,0,0,0,0,0,0,0,0,0
3.55164502252592e-08,0,0,0,0,0,0,0,0,1.39811277222179e-07,0,0.0530105963542837,0,0,0,0,0,0,0,0,0,0,0,0,0
3.55164502252592e-08,0,0,0,0,0,0,0,0,1.39811277222179e-07,0,0.0530105963542837,0,0,0,0,0,0,0,0,0,0,0,0,0
3.55164502252592e-08,0,0,0,0,0,0,0,0,1.39811277222179e-07,0,0.0530105963542837,0,0,0,0,0,0,0,0,0,0,0,0,0
3.55164502252592e-08,0,0,0,0,0,0,0,0,1.39811277222179e-07,0,0.0530105963542837,0,0,0,0,0,0,0,0,0,0,0,0,0
3.55164502252592e-08,0,0,0,0,0,0,0,0,1.39811277222179e-07,0,0.0530105963542837,0,0,0,0,0,0,0,0,0,0,0,0,0
3.55164502252592e-08,0,0,0,0,0,0,0,0,1.39811277222179e-07,0,0.0530105963542837,0,0,0,0,0,0,0,0,0,0,0,0,0
3.55164502252592e-08,0,0,0,0,0,0,0,0,1.39811277222179e-07,0,0.0530105963542837,0,0,0,0,0,0,0,0,0,0,0,0,0
3.55164502252592e-08,0,0,0,0,0,0,0,0,1.39811277222179e-07,0,0.0530105963542837,0,0,0,0,0,0,0,0,0,0,0,0,0
3.55164502252592e-08,0,0,0,0,0,0,0,0,1.39811277222179e-07,0,0.0530105963542837,0,0,0,0,0,0,0,0,0,0,0,0,0
3.55164502252592e-08,0,0,0,0,0,0,0,0,1.39811277222179e-07,0,0.0530105963542837,0,0,0,0,0,0,0,0,0,0,0,0,0
3.55164502252592e-08,0,0,0,0,0,0,0,0,1.39811277222179e-07,0,0.0530105963542837,0,0,0,0,0,0,0,0,0,0,0,0,0
3.55164502252592e-08,0,0,0,0,0,0,0,0,1.39811277222179e-07,0,0.0530105963542837,0,0,0,0,0,0,0,0,0,0,0,0,0
3.55164502252592e-08,0,0,0,0,0,0,0,0,1.39811277222179e-07,0,0.0530105963542837,0,0,0,0,0,0,0,0,0,0,0,0,0
3.55164502252592e-08,0,0,0,0,0,0,0,0,1.39811277222179e-07,0,0.0530105963542837,0,0,0,0,0,0,0,0,0,0,0,0,0
3.55164502252592e-08,0,0,0,0,0,0,0,0,1.39811277222179e-07,0,0.0530105963542837,0,0,0,0,0,0,0,0,0,0,0,0,0
3.55164502252592e-08,0,0,0,0,0,0,0,0,1.39811277222179e-07,0,0.0530105963542837,0,0,0,0,0,0,0,0,0,0,0,0,0
3.55164502252592e-08,0,0,0,0,0,0,0,0,1.39811277222179e-07,0,0.0530105963542837,0,0,0,0,0,0,0,0,0,0,0,0,0
3.55164502252592e-08,0,0,0,0,0,0,0,0,1.39811277222179e-07,0,0.0530105963542837,0,0,0,0,0,0,0,0,0,0,0,0,0
3.55164502252592e-08,0,0,0,0,0,0,0,0,1.39811277222179e-07,0,0.0530105963542837,0,0,0,0,0,0,0,0,0,0,0,0,0
3.55164502252592e-08,0,0,0,0,0,0,0,0,1.39811277222179e-07,0,0.0530105963542837,0,0,0,0,0,0,0,0,0,0,0,0,0
3.55164502252592e-08,0,0,0,0,0,0,0,0,1.39811277222179e-07,0,0.0530105963542837,0,0,0,0,0,0,0,0,0,0,0,0,0
3.55164502252592e-08,0,0,0,0,0,0,0,0,1.39811277222179e-07,0,0.0530105963542837,0,0,0,0,0,0,0,0,0,0,0,0,0
3.55164502252592e-08,0,0,0,0,0,0,0,0,1.39811277222179e-07,0,0.0530105963542837,0,0,0,0,0,0,0,0,0,0,0,0,0
3.55164502252592e-08,0,0,0,0,0,0,0,0,1.39811277222179e-07,0,0.0530105963542837,0,0,0,0,0,0,0,0,0,0,0,0,0
3.55164502252592e-08,0,0,0,0,0,0,0,0,1.39811277222179e-07,0,0.0530105963542837,0,0,0,0,0,0,0,0,0,0,0,0,0
3.55164502252592e-08,0,0,0,0,0,0,0,0,1.39811277222179e-07,0,0.0530105963542837,0,0,0,0,0,0,0,0,0,0,0,0,0
3.55164502252592e-08,0,0,0,0,0,0,0,0,1.39811277222179e-07,0,0.0530105963542837,0,0,0,0,0,0,0,0,0,0,0,0,0
3.55164502252592e-08,0,0,0,0,0,0,0,0,1.39811277222179e-07,0,0.0530105963542837,0,0,0,0,0,0,0,0,0,0,0,0,0
3.55164502252592e-08,0,0,0,0,0,0,0,0,1.39811277222179e-07,0,0.0530105963542837,0,0,0,0,0,0,0,0,0,0,0,0,0
3.55164502252592e-08,0,0,0,0,0,0,0,0,1.39811277222179e-07,0,0.0530105963542837,0,0,0,0,0,0,0,0,0,0,0,0,0
3.55164502252592e-08,0,0,0,0,0,0,0,0,1.39811277222179e-07,0,0.0530105963542837,0,0,0,0,0,0,0,0,0,0,0,0,0
3.55164502252592e-08,0,0,0,0,0,0,0,0,1.39811277222179e-07,0,0.0530105963542837,0,0,0,0,0,0,0,0,0,0,0,0,0
3.55164502252592e-08,0,0,0,0,0,0,0,0,1.39811277222179e-07,0,0.0530105963542837,0,0,0,0,0,0,0,0,0,0,0,0,0
3.55164502252592e-08,0,0,0,0,0,0,0,0,1.39811277222179e-07,0,0.0530105963542837,0,0,0,0,0,0,0,0,0,0,0,0,0
3.55164502252592e-08,0,0,0,0,0,0,0,0,1.39811277222179e-07,0,0.0530105963542837,0,0,0,0,0,0,0,0,0,0,0,0,0
3.55164502252592e-08,0,0,0,0,0,0,0,0,1.39811277222179e-07,0,0.0530105963542837,0,0,0,0,0,0,0,0,0,0,0,0,0
3.55164502252592e-08,0,0,0,0,0,0,0,0,1.39811277222179e-07,0,0.0530105963542837,0,0,0,0,0,0,0,0,0,0,0,0,0
3.55164502252592e-08,0,0,0,0,0,0,0,0,1.39811277222179e-07,0,0.0530105963542837,0,0,0,0,0,0,0,0,0,0,0,0,0
3.55164502252592e-08,0,0,0,0,0,0,0,0,1.39811277222179e-07,0,0.0530105963542837,0,0,0,0,0,0,0,0,0,0,0,0,0
3.55164502252592e-08,0,0,0,0,0,0,0,0,1.39811277222179e-07,0,0.0530105963542837,0,0,0,0,0,0,0,0,0,0,0,0,0
3.55164502252592e-08,0,0,0,0,0,0,0,0,1.39811277222179e-07,0,0.0530105963542837,0,0,0,0,0,0,0,0,0,0,0,0,0
3.55164502252592e-08,0,0,0,0,0,0,0,0,1.39811277222179e-07,0,0.0530105963542837,0,0,0,0,0,0,0,0,0,0,0,0,0
3.55164502252592e-08,0,0,0,0,0,0,0,0,1.39809912980127e-07,0,0.0530105963542837,0,0,0,0,0,0,0,0,0,0,0,0,0
3.55164502252592e-08,0,0,0,0,0,0,0,0,1.39809912980127e-07,0,0.0530105963542837,0,0,0,0,0,0,0,0,0,0,0,0,0
3.55164502252592e-08,0,0,0,0,0,0,0,0,1.39809912980127e-07,0,0.0530105963542837,0,0,0,0,0,0,0,0,0,0,0,0,0
3.55164502252592e-08,0,0,0,0,0,0,0,0,1.39809912980127e-07,0,0.0530105963542837,0,0,0,0,0,0,0,0,0,0,0,0,0
3.55164502252592e-08,0,0,0,0,0,0,0,0,1.39809912980127e-07,0,0.0530105963542837,0,0,0,0,0,0,0,0,0,0,0,0,0
3.55164502252592e-08,0,0,0,0,0,0,0,0,1.39809912980127e-07,0,0.0530105963542837,0,0,0,0,0,0,0,0,0,0,0,0,0
3.55164502252592e-08,0,0,0,0,0,0,0,0,1.39809912980127e-07,0,0.0530105963542837,0,0,0,0,0,0,0,0,0,0,0,0,0
3.55164502252592e-08,0,0,0,0,0,0,0,0,1.39809912980127e-07,0,0.0530105963542837,0,0,0,0,0,0,0,0,0,0,0,0,0
3.55164502252592e-08,0,0,0,0,0,0,0,0,1.39809912980127e-07,0,0.0530105963542837,0,0,0,0,0,0,0,0,0,0,0,0,0
3.55164502252592e-08,0,0,0,0,0,0,0,0,1.39809912980127e-07,0,0.0530105963542837,0,0,0,0,0,0,0,0,0,0,0,0,0
3.55164502252592e-08,0,0,0,0,0,0,0,0,1.39809912980127e-07,0,0.0530105963542837,0,0,0,0,0,0,0,0,0,0,0,0,0
3.55164502252592e-08,0,0,0,0,0,0,0,0,1.39809912980127e-07,0,0.0530105963542837,0,0,0,0,0,0,0,0,0,0,0,0,0
3.55164502252592e-08,0,0,0,0,0,0,0,0,1.39809912980127e-07,0,0.0530105963542837,0,0,0,0,0,0,0,0,0,0,0,0,0
3.55164502252592e-08,0,0,0,0,0,0,0,0,1.39809912980127e-07,0,0.0530105963542837,0,0,0,0,0,0,0,0,0,0,0,0,0
3.55164502252592e-08,0,0,0,0,0,0,0,0,1.39809912980127e-07,0,0.0530105963542837,0,0,0,0,0,0,0,0,0,0,0,0,0
3.55164502252592e-08,0,0,0,0,0,0,0,0,1.39809912980127e-07,0,0.0530105963542837,0,0,0,0,0,0,0,0,0,0,0,0,0
3.55164502252592e-08,0,0,0,0,0,0,0,0,1.39809912980127e-07,0,0.0530105963542837,0,0,0,0,0,0,0,0,0,0,0,0,0
3.55164502252592e-08,0,0,0,0,0,0,0,0,1.39809912980127e-07,0,0.0530105963542837,0,0,0,0,0,0,0,0,0,0,0,0,0
3.55164502252592e-08,0,0,0,0,0,0,0,0,1.39809912980127e-07,0,0.0530105963542837,0,0,0,0,0,0,0,0,0,0,0,0,0
3.55164502252592e-08,0,0,0,0,0,0,0,0,1.39805933940806e-07,0,0.0530105963542837,0,0,0,0,0,0,0,0,0,0,0,0,0
3.55164502252592e-08,0,0,0,0,0,0,0,0,1.39805933940806e-07,0,0.0530105963542837,0,0,0,0,0,0,0,0,0,0,0,0,0
3.55164502252592e-08,0,0,0,0,0,0,0,0,1.39805933940806e-07,0,0.0530105963542837,0,0,0,0,0,0,0,0,0,0,0,0,0
3.55164502252592e-08,0,0,0,0,0,0,0,0,1.39805933940806e-07,0,0.0530105963542837,0,0,0,0,0,0,0,0,0,0,0,0,0
3.55164502252592e-08,0,0,0,0,0,0,0,0,1.39805933940806e-07,0,0.0530105963542837,0,0,0,0,0,0,0,0,0,0,0,0,0
3.55164502252592e-08,0,0,0,0,0,0,0,0,1.39805933940806e-07,0,0.0530105963542837,0,0,0,0,0,0,0,0,0,0,0,0,0
3.55164502252592e-08,0,0,0,0,0,0,0,0,1.39805933940806e-07,0,0.0530105963542837,0,0,0,0,0,0,0,0,0,0,0,0,0
3.55164502252592e-08,0,0,0,0,0,0,0,0,1.39805933940806e-07,0,0.0530105963542837,0,0,0,0,0,0,0,0,0,0,0,0,0
3.55164502252592e-08,0,0,0,0,0,0,0,0,1.39805933940806e-07,0,0.0530105963542837,0,0,0,0,0,0,0,0,0,0,0,0,0
3.55164502252592e-08,0,0,0,0,0,0,0,0,1.39805933940806e-07,0,0.0530105963542837,0,0,0,0,0,0,0,0,0,0,0,0,0
3.55164502252592e-08,0,0,0,0,0,0,0,0,1.39805933940806e-07,0,0.0530105963542837,0,0,0,0,0,0,0,0,0,0,0,0,0
3.55164502252592e-08,0,0,0,0,0,0,0,0,1.39805933940806e-07,0,0.0530105963542837,0,0,0,0,0,0,0,0,0,0,0,0,0
3.55164502252592e-08,0,0,0,0,0,0,0,0,1.39805933940806e-07,0,0.0530105963542837,0,0,0,0,0,0,0,0,0,0,0,0,0
3.55164502252592e-08,0,0,0,0,0,0,0,0,1.39805933940806e-07,0,0.0530105963542837,0,0,0,0,0,0,0,0,0,0,0,0,0
3.55164502252592e-08,0,0,0,0,0,0,0,0,1.39805933940806e-07,0,0.0530105963542837,0,0,0,0,0,0,0,0,0,0,0,0,0
3.55164502252592e-08,0,0,0,0,0,0,0,0,1.39805933940806e-07,0,0.0530105963542837,0,0,0,0,0,0,0,0,0,0,0,0,0
3.55164502252592e-08,0,0,0,0,0,0,0,0,1.39805933940806e-07,0,0.0530105963542837,0,0,0,0,0,0,0,0,0,0,0,0,0
3.55164502252592e-08,0,0,0,0,0,0,0,0,1.39805933940806e-07,0,0.0530105963542837,0,0,0,0,0,0,0,0,0,0,0,0,0
3.55164502252592e-08,0,0,0,0,0,0,0,0,1.39805933940806e-07,0,0.0530105963542837,0,0,0,0,0,0,0,0,0,0,0,0,0
3.55164502252592e-08,0,0,0,0,0,0,0,0,1.39805933940806e-07,0,0.0530105963542837,0,0,0,0,0,0,0,0,0,0,0,0,0
3.55164502252592e-08,0,0,0,0,0,0,0,0,1.39805933940806e-07,0,0.0530105963542837,0,0,0,0,0,0,0,0,0,0,0,0,0
3.55164502252592e-08,0,0,0,0,0,0,0,0,1.39805933940806e-07,0,0.0530105963542837,0,0,0,0,0,0,0,0,0,0,0,0,0
3.55164502252592e-08,0,0,0,0,0,0,0,0,1.39805933940806e-07,0,0.0530105963542837,0,0,0,0,0,0,0,0,0,0,0,0,0
3.55164502252592e-08,0,0,0,0,0,0,0,0,1.39805933940806e-07,0,0.0530105963542837,0,0,0,0,0,0,0,0,0,0,0,0,0
3.55164502252592e-08,0,0,0,0,0,0,0,0,1.39805933940806e-07,0,0.0530105963542837,0,0,0,0,0,0,0,0,0,0,0,0,0
3.55164502252592e-08,0,0,0,0,0,0,0,0,1.39805933940806e-07,0,0.0530105963542837,0,0,0,0,0,0,0,0,0,0,0,0,0
3.55164502252592e-08,0,0,0,0,0,0,0,0,1.39805933940806e-07,0,0.0530105963542837,0,0,0,0,0,0,0,0,0,0,0,0,0
3.55164502252592e-08,0,0,0,0,0,0,0,0,1.39805933940806e-07,0,0.0530105963542837,0,0,0,0,0,0,0,0,0,0,0,0,0
3.55164502252592e-08,0,0,0,0,0,0,0,0,1.39805933940806e-07,0,0.0530105963542837,0,0,0,0,0,0,0,0,0,0,0,0,0
3.55164502252592e-08,0,0,0,0,0,0,0,0,1.39805933940806e-07,0,0.0530105963542837,0,0,0,0,0,0,0,0,0,0,0,0,0
3.55164502252592e-08,0,0,0,0,0,0,0,0,1.39805933940806e-07,0,0.0530105963542837,0,0,0,0,0,0,0,0,0,0,0,0,0
3.55164502252592e-08,0,0,0,0,0,0,0,0,1.39805933940806e-07,0,0.0530105963542837,0,0,0,0,0,0,0,0,0,0,0,0,0
3.55164502252592e-08,0,0,0,0,0,0,0,0,1.39805933940806e-07,0,0.0530105963542837,0,0,0,0,0,0,0,0,0,0,0,0,0
3.55164502252592e-08,0,0,0,0,0,0,0,0,1.39805933940806e-07,0,0.0530105963542837,0,0,0,0,0,0,0,0,0,0,0,0,0
3.55164502252592e-08,0,0,0,0,0,0,0,0,1.39805933940806e-07,0,0.0530105963542837,0,0,0,0,0,0,0,0,0,0,0,0,0
3.55164502252592e-08,0,0,0,0,0,0,0,0,1.39805933940806e-07,0,0.0530105963542837,0,0,0,0,0,0,0,0,0,0,0,0,0
3.55164502252592e-08,0,0,0,0,0,0,0,0,1.39805933940806e-07,0,0.0530105963542837,0,0,0,0,0,0,0,0,0,0,0,0,0
3.55164502252592e-08,0,0,0,0,0,0,0,0,1.39805933940806e-07,0,0.0530105963542837,0,0,0,0,0,0,0,0,0,0,0,0,0
3.55164502252592e-08,0,0,0,0,0,0,0,0,1.39805933940806e-07,0,0.0530105963542837,0,0,0,0,0,0,0,0,0,0,0,0,0
3.55164502252592e-08,0,0,0,0,0,0,0,0,1.39805933940806e-07,0,0.0530105963542837,0,0,0,0,0,0,0,0,0,0,0,0,0
3.55164502252592e-08,0,0,0,0,0,0,0,0,1.39805933940806e-07,0,0.0530105963542837,0,0,0,0,0,0,0,0,0,0,0,0,0
3.55164502252592e-08,0,0,0,0,0,0,0,0,1.39805933940806e-07,0,0.0530105963542837,0,0,0,0,0,0,0,0,0,0,0,0,0
3.55164502252592e-08,0,0,0,0,0,0,0,0,1.39805933940806e-07,0,0.0530105963542837,0,0,0,0,0,0,0,0,0,0,0,0,0
3.55164502252592e-08,0,0,0,0,0,0,0,0,1.39805933940806e-07,0,0.0530105963542837,0,0,0,0,0,0,0,0,0,0,0,0,0
3.55164502252592e-08,0,0,0,0,0,0,0,0,1.39805933940806e-07,0,0.0530105963542837,0,0,0,0,0,0,0,0,0,0,0,0,0
3.55164502252592e-08,0,0,0,0,0,0,0,0,1.39805933940806e-07,0,0.0530105963542837,0,0,0,0,0,0,0,0,0,0,0,0,0
3.55164502252592e-08,0,0,0,0,0,0,0,0,1.39805933940806e-07,0,0.0530105963542837,0,0,0,0,0,0,0,0,0,0,0,0,0
3.55164502252592e-08,0,0,0,0,0,0,0,0,1.39805933940806e-07,0,0.0530105963542837,0,0,0,0,0,0,0,0,0,0,0,0,0
3.55164502252592e-08,0,0,0,0,0,0,0,0,1.39805933940806e-07,0,0.0530105963542837,0,0,0,0,0,0,0,0,0,0,0,0,0
3.55164502252592e-08,0,0,0,0,0,0,0,0,1.39805933940806e-07,0,0.0530105963542837,0,0,0,0,0,0,0,0,0,0,0,0,0
3.55164502252592e-08,0,0,0,0,0,0,0,0,1.39805933940806e-07,0,0.0530105963542837,0,0,0,0,0,0,0,0,0,0,0,0,0
3.55164502252592e-08,0,0,0,0,0,0,0,0,1.39805933940806e-07,0,0.0530105963542837,0,0,0,0,0,0,0,0,0,0,0,0,0
3.55164502252592e-08,0,0,0,0,0,0,0,0,1.39805933940806e-07,0,0.0530105963542837,0,0,0,0,0,0,0,0,0,0,0,0,0
3.55164502252592e-08,0,0,0,0,0,0,0,0,1.39805933940806e-07,0,0.0530105963542837,0,0,0,0,0,0,0,0,0,0,0,0,0
3.55164502252592e-08,0,0,0,0,0,0,0,0,1.39805933940806e-07,0,0.0530105963542837,0,0,0,0,0,0,0,0,0,0,0,0,0
3.55164502252592e-08,0,0,0,0,0,0,0,0,1.39805933940806e-07,0,0.0530105963542837,0,0,0,0,0,0,0,0,0,0,0,0,0
3.55164502252592e-08,0,0,0,0,0,0,0,0,1.39805933940806e-07,0,0.0530105963542837,0,0,0,0,0,0,0,0,0,0,0,0,0
3.55164502252592e-08,0,0,0,0,0,0,0,0,1.39805933940806e-07,0,0.0530105963542837,0,0,0,0,0,0,0,0,0,0,0,0,0
3.55164502252592e-08,0,0,0,0,0,0,0,0,1.39805933940806e-07,0,0.0530105963542837,0,0,0,0,0,0,0,0,0,0,0,0,0
3.55164502252592e-08,0,0,0,0,0,0,0,0,1.39805933940806e-07,0,0.0530105963542837,0,0,0,0,0,0,0,0,0,0,0,0,0
3.55164502252592e-08,0,0,0,0,0,0,0,0,1.39805933940806e-07,0,0.0530105963542837,0,0,0,0,0,0,0,0,0,0,0,0,0
3.55164502252592e-08,0,0,0,0,0,0,0,0,1.39805933940806e-07,0,0.0530105963542837,0,0,0,0,0,0,0,0,0,0,0,0,0
3.55164502252592e-08,0,0,0,0,0,0,0,0,1.39805933940806e-07,0,0.0530105963542837,0,0,0,0,0,0,0,0,0,0,0,0,0
3.55164502252592e-08,0,0,0,0,0,0,0,0,1.39805933940806e-07,0,0.0530105963542837,0,0,0,0,0,0,0,0,0,0,0,0,0
3.55164502252592e-08,0,0,0,0,0,0,0,0,1.39805933940806e-07,0,0.0530105963542837,0,0,0,0,0,0,0,0,0,0,0,0,0
3.55164502252592e-08,0,0,0,0,0,0,0,0,1.39805933940806e-07,0,0.0530105963542837,0,0,0,0,0,0,0,0,0,0,0,0,0
3.55164502252592e-08,0,0,0,0,0,0,0,0,1.39805933940806e-07,0,0.0530105963542837,0,0,0,0,0,0,0,0,0,0,0,0,0
3.55164502252592e-08,0,0,0,0,0,0,0,0,1.39805933940806e-07,0,0.0530105963542837,0,0,0,0,0,0,0,0,0,0,0,0,0
3.55164502252592e-08,0,0,0,0,0,0,0,0,1.39805933940806e-07,0,0.0530105963542837,0,0,0,0,0,0,0,0,0,0,0,0,0
3.55164502252592e-08,0,0,0,0,0,0,0,0,1.39805933940806e-07,0,0.0530105963542837,0,0,0,0,0,0,0,0,0,0,0,0,0
3.55164502252592e-08,0,0,0,0,0,0,0,0,1.39805933940806e-07,0,0.0530105963542837,0,0,0,0,0,0,0,0,0,0,0,0,0
3.55164502252592e-08,0,0,0,0,0,0,0,0,1.39805933940806e-07,0,0.0530105963542837,0,0,0,0,0,0,0,0,0,0,0,0,0
3.55164502252592e-08,0,0,0,0,0,0,0,0,1.39805933940806e-07,0,0.0530105963542837,0,0,0,0,0,0,0,0,0,0,0,0,0
3.55164502252592e-08,0,0,0,0,0,0,0,0,1.39805933940806e-07,0,0.0530105963542837,0,0,0,0,0,0,0,0,0,0,0,0,0
3.55164502252592e-08,0,0,0,0,0,0,0,0,1.39805933940806e-07,0,0.0530105963542837,0,0,0,0,0,0,0,0,0,0,0,0,0
3.55164502252592e-08,0,0,0,0,0,0,0,0,1.39805933940806e-07,0,0.0530105963542837,0,0,0,0,0,0,0,0,0,0,0,0,0
3.55164502252592e-08,0,0,0,0,0,0,0,0,1.39805933940806e-07,0,0.0530105963542837,0,0,0,0,0,0,0,0,0,0,0,0,0
3.55164502252592e-08,0,0,0,0,0,0,0,0,1.39805933940806e-07,0,0.0530105963542837,0,0,0,0,0,0,0,0,0,0,0,0,0
3.55164502252592e-08,0,0,0,0,0,0,0,0,1.39805933940806e-07,0,0.0530105963542837,0,0,0,0,0,0,0,0,0,0,0,0,0
3.55164502252592e-08,0,0,0,0,0,0,0,0,1.39805933940806e-07,0,0.0530105963542837,0,0,0,0,0,0,0,0,0,0,0,0,0
3.55164502252592e-08,0,0,0,0,0,0,0,0,1.39805933940806e-07,0,0.0530105963542837,0,0,0,0,0,0,0,0,0,0,0,0,0
3.55164502252592e-08,0,0,0,0,0,0,0,0,1.39805933940806e-07,0,0.0530105963542837,0,0,0,0,0,0,0,0,0,0,0,0,0
3.55164502252592e-08,0,0,0,0,0,0,0,0,1.39805933940806e-07,0,0.0530105963542837,0,0,0,0,0,0,0,0,0,0,0,0,0
3.55164502252592e-08,0,0,0,0,0,0,0,0,1.39805933940806e-07,0,0.0530105963542837,0,0,0,0,0,0,0,0,0,0,0,0,0
3.55164502252592e-08,0,0,0,0,0,0,0,0,1.39805933940806e-07,0,0.0530105963542837,0,0,0,0,0,0,0,0,0,0,0,0,0
3.55164502252592e-08,0,0,0,0,0,0,0,0,1.39805933940806e-07,0,0.0530105963542837,0,0,0,0,0,0,0,0,0,0,0,0,0
3.55164502252592e-08,0,0,0,0,0,0,0,0,1.39805933940806e-07,0,0.0530105963542837,0,0,0,0,0,0,0,0,0,0,0,0,0
3.55164502252592e-08,0,0,0,0,0,0,0,0,1.39805933940806e-07,0,0.0530105963542837,0,0,0,0,0,0,0,0,0,0,0,0,0
3.55164502252592e-08,0,0,0,0,0,0,0,0,1.39805933940806e-07,0,0.0530105963542837,0,0,0,0,0,0,0,0,0,0,0,0,0
3.55164502252592e-08,0,0,0,0,0,0,0,0,1.39805933940806e-07,0,0.0530105963542837,0,0,0,0,0,0,0,0,0,0,0,0,0
3.55164502252592e-08,0,0,0,0,0,0,0,0,1.39805933940806e-07,0,0.0530105963542837,0,0,0,0,0,0,0,0,0,0,0,0,0
3.55164502252592e-08,0,0,0,0,0,0,0,0,1.39805933940806e-07,0,0.0530105963542837,0,0,0,0,0,0,0,0,0,0,0,0,0
3.55164502252592e-08,0,0,0,0,0,0,0,0,1.39805933940806e-07,0,0.0530105963542837,0,0,0,0,0,0,0,0,0,0,0,0,0
3.55164502252592e-08,0,0,0,0,0,0,0,0,1.39805933940806e-07,0,0.0530105963542837,0,0,0,0,0,0,0,0,0,0,0,0,0
3.55164502252592e-08,0,0,0,0,0,0,0,0,1.39805933940806e-07,0,0.0530105963542837,0,0,0,0,0,0,0,0,0,0,0,0,0
3.55164502252592e-08,0,0,0,0,0,0,0,0,1.39805933940806e-07,0,0.0530105963542837,0,0,0,0,0,0,0,0,0,0,0,0,0
3.55164502252592e-08,0,0,0,0,0,0,0,0,1.39805933940806e-07,0,0.0530105963542837,0,0,0,0,0,0,0,0,0,0,0,0,0
3.55164502252592e-08,0,0,0,0,0,0,0,0,1.39805933940806e-07,0,0.0530105963542837,0,0,0,0,0,0,0,0,0,0,0,0,0
3.55164502252592e-08,0,0,0,0,0,0,0,0,1.39805933940806e-07,0,0.0530105963542837,0,0,0,0,0,0,0,0,0,0,0,0,0
3.55164502252592e-08,0,0,0,0,0,0,0,0,1.39805933940806e-07,0,0.0530105963542837,0,0,0,0,0,0,0,0,0,0,0,0,0
3.55164502252592e-08,0,0,0,0,0,0,0,0,1.39805933940806e-07,0,0.0530105963542837,0,0,0,0,0,0,0,0,0,0,0,0,0
3.55164502252592e-08,0,0,0,0,0,0,0,0,1.39805933940806e-07,0,0.0530105963542837,0,0,0,0,0,0,0,0,0,0,0,0,0
3.55164502252592e-08,0,0,0,0,0,0,0,0,1.39805933940806e-07,0,0.0530105963542837,0,0,0,0,0,0,0,0,0,0,0,0,0
3.55164502252592e-08,0,0,0,0,0,0,0,0,1.39805933940806e-07,0,0.0530105963542837,0,0,0,0,0,0,0,0,0,0,0,0,0
3.55164502252592e-08,0,0,0,0,0,0,0,0,1.39805933940806e-07,0,0.0530105963542837,0,0,0,0,0,0,0,0,0,0,0,0,0
3.55164502252592e-08,0,0,0,0,0,0,0,0,1.39805933940806e-07,0,0.0530105963542837,0,0,0,0,0,0,0,0,0,0,0,0,0
3.55164502252592e-08,0,0,0,0,0,0,0,0,1.39805933940806e-07,0,0.0530105963542837,0,0,0,0,0,0,0,0,0,0,0,0,0
3.55164502252592e-08,0,0,0,0,0,0,0,0,1.39805933940806e-07,0,0.0530105963542837,0,0,0,0,0,0,0,0,0,0,0,0,0
3.55164502252592e-08,0,0,0,0,0,0,0,0,1.39805933940806e-07,0,0.0530105963542837,0,0,0,0,0,0,0,0,0,0,0,0,0
3.55164502252592e-08,0,0,0,0,0,0,0,0,1.39805933940806e-07,0,0.0530105963542837,0,0,0,0,0,0,0,0,0,0,0,0,0
3.55164502252592e-08,0,0,0,0,0,0,0,0,1.39805933940806e-07,0,0.0530105963542837,0,0,0,0,0,0,0,0,0,0,0,0,0
3.55164502252592e-08,0,0,0,0,0,0,0,0,1.39805933940806e-07,0,0.0530105963542837,0,0,0,0,0,0,0,0,0,0,0,0,0
3.55164502252592e-08,0,0,0,0,0,0,0,0,1.39805933940806e-07,0,0.0530105963542837,0,0,0,0,0,0,0,0,0,0,0,0,0
3.55164502252592e-08,0,0,0,0,0,0,0,0,1.39805933940806e-07,0,0.0530105963542837,0,0,0,0,0,0,0,0,0,0,0,0,0
3.55164502252592e-08,0,0,0,0,0,0,0,0,1.39805933940806e-07,0,0.0530105963542837,0,0,0,0,0,0,0,0,0,0,0,0,0
3.55164502252592e-08,0,0,0,0,0,0,0,0,1.39805933940806e-07,0,0.0530105963542837,0,0,0,0,0,0,0,0,0,0,0,0,0
3.55164502252592e-08,0,0,0,0,0,0,0,0,1.39805933940806e-07,0,0.0530105963542837,0,0,0,0,0,0,0,0,0,0,0,0,0
3.55164502252592e-08,0,0,0,0,0,0,0,0,1.39805933940806e-07,0,0.0530105963542837,0,0,0,0,0,0,0,0,0,0,0,0,0
3.55164502252592e-08,0,0,0,0,0,0,0,0,1.39804342325078e-07,0,0.0530105963542837,0,0,0,0,0,0,0,0,0,0,0,0,0
3.55164502252592e-08,0,0,0,0,0,0,0,0,1.39804342325078e-07,0,0.0530105963542837,0,0,0,0,0,0,0,0,0,0,0,0,0
3.55164502252592e-08,0,0,0,0,0,0,0,0,1.39804342325078e-07,0,0.0530105963542837,0,0,0,0,0,0,0,0,0,0,0,0,0
3.55164502252592e-08,0,0,0,0,0,0,0,0,1.39804342325078e-07,0,0.0530105963542837,0,0,0,0,0,0,0,0,0,0,0,0,0
3.55164502252592e-08,0,0,0,0,0,0,0,0,1.39804342325078e-07,0,0.0530105963542837,0,0,0,0,0,0,0,0,0,0,0,0,0
3.55164502252592e-08,0,0,0,0,0,0,0,0,1.39804342325078e-07,0,0.0530105963542837,0,0,0,0,0,0,0,0,0,0,0,0,0
3.55164502252592e-08,0,0,0,0,0,0,0,0,1.39804342325078e-07,0,0.0530105963542837,0,0,0,0,0,0,0,0,0,0,0,0,0
3.55164502252592e-08,0,0,0,0,0,0,0,0,1.39804342325078e-07,0,0.0530105963542837,0,0,0,0,0,0,0,0,0,0,0,0,0
3.55164502252592e-08,0,0,0,0,0,0,0,0,1.39804342325078e-07,0,0.0530105963542837,0,0,0,0,0,0,0,0,0,0,0,0,0
3.55164502252592e-08,0,0,0,0,0,0,0,0,1.39804342325078e-07,0,0.0530105963542837,0,0,0,0,0,0,0,0,0,0,0,0,0
3.55164502252592e-08,0,0,0,0,0,0,0,0,1.39804342325078e-07,0,0.0530105963542837,0,0,0,0,0,0,0,0,0,0,0,0,0
3.55164502252592e-08,0,0,0,0,0,0,0,0,1.39804342325078e-07,0,0.0530105963542837,0,0,0,0,0,0,0,0,0,0,0,0,0
3.55164502252592e-08,0,0,0,0,0,0,0,0,1.39804342325078e-07,0,0.0530105963542837,0,0,0,0,0,0,0,0,0,0,0,0,0
3.55164502252592e-08,0,0,0,0,0,0,0,0,1.39804342325078e-07,0,0.0530105963542837,0,0,0,0,0,0,0,0,0,0,0,0,0
3.55164502252592e-08,0,0,0,0,0,0,0,0,1.39804342325078e-07,0,0.0530105963542837,0,0,0,0,0,0,0,0,0,0,0,0,0
3.55164502252592e-08,0,0,0,0,0,0,0,0,1.39804342325078e-07,0,0.0530105963542837,0,0,0,0,0,0,0,0,0,0,0,0,0
3.55164502252592e-08,0,0,0,0,0,0,0,0,1.39804342325078e-07,0,0.0530105963542837,0,0,0,0,0,0,0,0,0,0,0,0,0
3.55164502252592e-08,0,0,0,0,0,0,0,0,1.39804342325078e-07,0,0.0530105963542837,0,0,0,0,0,0,0,0,0,0,0,0,0
3.55164502252592e-08,0,0,0,0,0,0,0,0,1.39804342325078e-07,0,0.0530105963542837,0,0,0,0,0,0,0,0,0,0,0,0,0
3.55164502252592e-08,0,0,0,0,0,0,0,0,1.39804342325078e-07,0,0.0530105963542837,0,0,0,0,0,0,0,0,0,0,0,0,0
3.55164502252592e-08,0,0,0,0,0,0,0,0,1.39804342325078e-07,0,0.0530105963542837,0,0,0,0,0,0,0,0,0,0,0,0,0
3.55164502252592e-08,0,0,0,0,0,0,0,0,1.39804342325078e-07,0,0.0530105963542837,0,0,0,0,0,0,0,0,0,0,0,0,0
3.55164502252592e-08,0,0,0,0,0,0,0,0,1.39804342325078e-07,0,0.0530105963542837,0,0,0,0,0,0,0,0,0,0,0,0,0
3.55164502252592e-08,0,0,0,0,0,0,0,0,1.39804342325078e-07,0,0.0530105963542837,0,0,0,0,0,0,0,0,0,0,0,0,0
3.55164502252592e-08,0,0,0,0,0,0,0,0,1.39804342325078e-07,0,0.0530105963542837,0,0,0,0,0,0,0,0,0,0,0,0,0
3.55164502252592e-08,0,0,0,0,0,0,0,0,1.39804342325078e-07,0,0.0530105963542837,0,0,0,0,0,0,0,0,0,0,0,0,0
3.55164502252592e-08,0,0,0,0,0,0,0,0,1.39804342325078e-07,0,0.0530105963542837,0,0,0,0,0,0,0,0,0,0,0,0,0
3.55164502252592e-08,0,0,0,0,0,0,0,0,1.39804342325078e-07,0,0.0530105963542837,0,0,0,0,0,0,0,0,0,0,0,0,0
3.55164502252592e-08,0,0,0,0,0,0,0,0,1.39804342325078e-07,0,0.0530105963542837,0,0,0,0,0,0,0,0,0,0,0,0,0
3.55164502252592e-08,0,0,0,0,0,0,0,0,1.39804342325078e-07,0,0.0530105963542837,0,0,0,0,0,0,0,0,0,0,0,0,0
3.55164502252592e-08,0,0,0,0,0,0,0,0,1.39804342325078e-07,0,0.0530105963542837,0,0,0,0,0,0,0,0,0,0,0,0,0
3.55164502252592e-08,0,0,0,0,0,0,0,0,1.39804342325078e-07,0,0.0530105963542837,0,0,0,0,0,0,0,0,0,0,0,0,0
3.55164502252592e-08,0,0,0,0,0,0,0,0,1.39804342325078e-07,0,0.0530105963542837,0,0,0,0,0,0,0,0,0,0,0,0,0
3.55164502252592e-08,0,0,0,0,0,0,0,0,1.39804342325078e-07,0,0.0530105963542837,0,0,0,0,0,0,0,0,0,0,0,0,0
3.55164502252592e-08,0,0,0,0,0,0,0,0,1.39804342325078e-07,0,0.0530105963542837,0,0,0,0,0,0,0,0,0,0,0,0,0
3.55164502252592e-08,0,0,0,0,0,0,0,0,1.39804342325078e-07,0,0.0530105963542837,0,0,0,0,0,0,0,0,0,0,0,0,0
3.55164502252592e-08,0,0,0,0,0,0,0,0,1.39804342325078e-07,0,0.0530105963542837,0,0,0,0,0,0,0,0,0,0,0,0,0
3.55164502252592e-08,0,0,0,0,0,0,0,0,1.39804342325078e-07,0,0.0530105963542837,0,0,0,0,0,0,0,0,0,0,0,0,0
3.55164502252592e-08,0,0,0,0,0,0,0,0,1.39804342325078e-07,0,0.0530105963542837,0,0,0,0,0,0,0,0,0,0,0,0,0
3.55164502252592e-08,0,0,0,0,0,0,0,0,1.39804342325078e-07,0,0.0530105963542837,0,0,0,0,0,0,0,0,0,0,0,0,0
3.55164502252592e-08,0,0,0,0,0,0,0,0,1.39804342325078e-07,0,0.0530105963542837,0,0,0,0,0,0,0,0,0,0,0,0,0
3.55164502252592e-08,0,0,0,0,0,0,0,0,1.39804342325078e-07,0,0.0530105963542837,0,0,0,0,0,0,0,0,0,0,0,0,0
3.55164502252592e-08,0,0,0,0,0,0,0,0,1.39804342325078e-07,0,0.0530105963542837,0,0,0,0,0,0,0,0,0,0,0,0,0
3.55164502252592e-08,0,0,0,0,0,0,0,0,1.39804342325078e-07,0,0.0530105963542837,0,0,0,0,0,0,0,0,0,0,0,0,0
3.55164502252592e-08,0,0,0,0,0,0,0,0,1.39804342325078e-07,0,0.0530105963542837,0,0,0,0,0,0,0,0,0,0,0,0,0
3.55164502252592e-08,0,0,0,0,0,0,0,0,1.39804342325078e-07,0,0.0530105963542837,0,0,0,0,0,0,0,0,0,0,0,0,0
3.55164502252592e-08,0,0,0,0,0,0,0,0,1.39804342325078e-07,0,0.0530105963542837,0,0,0,0,0,0,0,0,0,0,0,0,0
3.55164502252592e-08,0,0,0,0,0,0,0,0,1.39804342325078e-07,0,0.0530105963542837,0,0,0,0,0,0,0,0,0,0,0,0,0
3.55164502252592e-08,0,0,0,0,0,0,0,0,1.39804342325078e-07,0,0.0530105963542837,0,0,0,0,0,0,0,0,0,0,0,0,0
3.55164502252592e-08,0,0,0,0,0,0,0,0,1.39804342325078e-07,0,0.0530105963542837,0,0,0,0,0,0,0,0,0,0,0,0,0
3.55164502252592e-08,0,0,0,0,0,0,0,0,1.39804342325078e-07,0,0.0530105963542837,0,0,0,0,0,0,0,0,0,0,0,0,0
3.55164502252592e-08,0,0,0,0,0,0,0,0,1.39804342325078e-07,0,0.0530105963542837,0,0,0,0,0,0,0,0,0,0,0,0,0
3.55164502252592e-08,0,0,0,0,0,0,0,0,1.39804342325078e-07,0,0.0530105963542837,0,0,0,0,0,0,0,0,0,0,0,0,0
3.55164502252592e-08,0,0,0,0,0,0,0,0,1.39804342325078e-07,0,0.0530105963542837,0,0,0,0,0,0,0,0,0,0,0,0,0
3.55164502252592e-08,0,0,0,0,0,0,0,0,1.39804342325078e-07,0,0.0530105963542837,0,0,0,0,0,0,0,0,0,0,0,0,0
3.55164502252592e-08,0,0,0,0,0,0,0,0,1.39804342325078e-07,0,0.0530105963542837,0,0,0,0,0,0,0,0,0,0,0,0,0
3.55164502252592e-08,0,0,0,0,0,0,0,0,1.39804342325078e-07,0,0.0530105963542837,0,0,0,0,0,0,0,0,0,0,0,0,0
3.55164502252592e-08,0,0,0,0,0,0,0,0,1.39804342325078e-07,0,0.0530105963542837,0,0,0,0,0,0,0,0,0,0,0,0,0
3.55164502252592e-08,0,0,0,0,0,0,0,0,1.39804342325078e-07,0,0.0530105963542837,0,0,0,0,0,0,0,0,0,0,0,0,0
3.55164502252592e-08,0,0,0,0,0,0,0,0,1.39804342325078e-07,0,0.0530105963542837,0,0,0,0,0,0,0,0,0,0,0,0,0
3.55164502252592e-08,0,0,0,0,0,0,0,0,1.39804342325078e-07,0,0.0530105963542837,0,0,0,0,0,0,0,0,0,0,0,0,0
3.55164502252592e-08,0,0,0,0,0,0,0,0,1.39804342325078e-07,0,0.0530105963542837,0,0,0,0,0,0,0,0,0,0,0,0,0
3.55164502252592e-08,0,0,0,0,0,0,0,0,1.39804342325078e-07,0,0.0530105963542837,0,0,0,0,0,0,0,0,0,0,0,0,0
3.55164502252592e-08,0,0,0,0,0,0,0,0,1.39804342325078e-07,0,0.0530105963542837,0,0,0,0,0,0,0,0,0,0,0,0,0
3.55164502252592e-08,0,0,0,0,0,0,0,0,1.39804342325078e-07,0,0.0530105963542837,0,0,0,0,0,0,0,0,0,0,0,0,0
3.55164502252592e-08,0,0,0,0,0,0,0,0,1.39804342325078e-07,0,0.0530105963542837,0,0,0,0,0,0,0,0,0,0,0,0,0
3.55164502252592e-08,0,0,0,0,0,0,0,0,1.39804342325078e-07,0,0.0530105963542837,0,0,0,0,0,0,0,0,0,0,0,0,0
3.55164502252592e-08,0,0,0,0,0,0,0,0,1.39804342325078e-07,0,0.0530105963542837,0,0,0,0,0,0,0,0,0,0,0,0,0
3.55164502252592e-08,0,0,0,0,0,0,0,0,1.39804342325078e-07,0,0.0530105963542837,0,0,0,0,0,0,0,0,0,0,0,0,0
3.55164502252592e-08,0,0,0,0,0,0,0,0,1.39804342325078e-07,0,0.0530105963542837,0,0,0,0,0,0,0,0,0,0,0,0,0
3.55164502252592e-08,0,0,0,0,0,0,0,0,1.39804342325078e-07,0,0.0530105963542837,0,0,0,0,0,0,0,0,0,0,0,0,0
3.55164502252592e-08,0,0,0,0,0,0,0,0,1.39804342325078e-07,0,0.0530105963542837,0,0,0,0,0,0,0,0,0,0,0,0,0
3.55164502252592e-08,0,0,0,0,0,0,0,0,1.39804342325078e-07,0,0.0530105963542837,0,0,0,0,0,0,0,0,0,0,0,0,0
3.55164502252592e-08,0,0,0,0,0,0,0,0,1.39804342325078e-07,0,0.0530105963542837,0,0,0,0,0,0,0,0,0,0,0,0,0
3.55164502252592e-08,0,0,0,0,0,0,0,0,1.39804342325078e-07,0,0.0530105963542837,0,0,0,0,0,0,0,0,0,0,0,0,0
3.55164502252592e-08,0,0,0,0,0,0,0,0,1.39804342325078e-07,0,0.0530105963542837,0,0,0,0,0,0,0,0,0,0,0,0,0
3.55164502252592e-08,0,0,0,0,0,0,0,0,1.39804342325078e-07,0,0.0530105963542837,0,0,0,0,0,0,0,0,0,0,0,0,0
3.55164502252592e-08,0,0,0,0,0,0,0,0,1.39804342325078e-07,0,0.0530105963542837,0,0,0,0,0,0,0,0,0,0,0,0,0
3.55164502252592e-08,0,0,0,0,0,0,0,0,1.39804342325078e-07,0,0.0530105963542837,0,0,0,0,0,0,0,0,0,0,0,0,0
3.55164502252592e-08,0,0,0,0,0,0,0,0,1.39804342325078e-07,0,0.0530105963542837,0,0,0,0,0,0,0,0,0,0,0,0,0
3.55164502252592e-08,0,0,0,0,0,0,0,0,1.39804342325078e-07,0,0.0530105963542837,0,0,0,0,0,0,0,0,0,0,0,0,0
3.55164502252592e-08,0,0,0,0,0,0,0,0,1.39804342325078e-07,0,0.0530105963542837,0,0,0,0,0,0,0,0,0,0,0,0,0
3.55164502252592e-08,0,0,0,0,0,0,0,0,1.39804342325078e-07,0,0.0530105963542837,0,0,0,0,0,0,0,0,0,0,0,0,0
3.55164502252592e-08,0,0,0,0,0,0,0,0,1.39804342325078e-07,0,0.0530105963542837,0,0,0,0,0,0,0,0,0,0,0,0,0
3.55164502252592e-08,0,0,0,0,0,0,0,0,1.39804342325078e-07,0,0.0530105963542837,0,0,0,0,0,0,0,0,0,0,0,0,0
3.55164502252592e-08,0,0,0,0,0,0,0,0,1.39804342325078e-07,0,0.0530105963542837,0,0,0,0,0,0,0,0,0,0,0,0,0
3.55164502252592e-08,0,0,0,0,0,0,0,0,1.39804342325078e-07,0,0.0530105963542837,0,0,0,0,0,0,0,0,0,0,0,0,0
3.55164502252592e-08,0,0,0,0,0,0,0,0,1.39804342325078e-07,0,0.0530105963542837,0,0,0,0,0,0,0,0,0,0,0,0,0
3.55164502252592e-08,0,0,0,0,0,0,0,0,1.39804342325078e-07,0,0.0530105963542837,0,0,0,0,0,0,0,0,0,0,0,0,0
3.55164502252592e-08,0,0,0,0,0,0,0,0,1.39804342325078e-07,0,0.0530105963542837,0,0,0,0,0,0,0,0,0,0,0,0,0
3.55164502252592e-08,0,0,0,0,0,0,0,0,1.39804342325078e-07,0,0.0530105963542837,0,0,0,0,0,0,0,0,0,0,0,0,0
3.55164502252592e-08,0,0,0,0,0,0,0,0,1.39804342325078e-07,0,0.0530105963542837,0,0,0,0,0,0,0,0,0,0,0,0,0
3.55164502252592e-08,0,0,0,0,0,0,0,0,1.39804342325078e-07,0,0.0530105963542837,0,0,0,0,0,0,0,0,0,0,0,0,0
3.55164502252592e-08,0,0,0,0,0,0,0,0,1.39804342325078e-07,0,0.0530105963542837,0,0,0,0,0,0,0,0,0,0,0,0,0
3.55164502252592e-08,0,0,0,0,0,0,0,0,1.39804342325078e-07,0,0.0530105963542837,0,0,0,0,0,0,0,0,0,0,0,0,0
3.55164502252592e-08,0,0,0,0,0,0,0,0,1.39804342325078e-07,0,0.0530105963542837,0,0,0,0,0,0,0,0,0,0,0,0,0
3.55164502252592e-08,0,0,0,0,0,0,0,0,1.39804342325078e-07,0,0.0530105963542837,0,0,0,0,0,0,0,0,0,0,0,0,0
3.55164502252592e-08,0,0,0,0,0,0,0,0,1.39804342325078e-07,0,0.0530105963542837,0,0,0,0,0,0,0,0,0,0,0,0,0
3.55164502252592e-08,0,0,0,0,0,0,0,0,1.39804342325078e-07,0,0.0530105963542837,0,0,0,0,0,0,0,0,0,0,0,0,0
3.55164502252592e-08,0,0,0,0,0,0,0,0,1.39804342325078e-07,0,0.0530105963542837,0,0,0,0,0,0,0,0,0,0,0,0,0
3.55164502252592e-08,0,0,0,0,0,0,0,0,1.39804342325078e-07,0,0.0530105963542837,0,0,0,0,0,0,0,0,0,0,0,0,0
3.55164502252592e-08,0,0,0,0,0,0,0,0,1.39804342325078e-07,0,0.0530105963542837,0,0,0,0,0,0,0,0,0,0,0,0,0
3.55164502252592e-08,0,0,0,0,0,0,0,0,1.39804342325078e-07,0,0.0530105963542837,0,0,0,0,0,0,0,0,0,0,0,0,0
3.55164502252592e-08,0,0,0,0,0,0,0,0,1.39804342325078e-07,0,0.0530105963542837,0,0,0,0,0,0,0,0,0,0,0,0,0
3.55164502252592e-08,0,0,0,0,0,0,0,0,1.39804342325078e-07,0,0.0530105963542837,0,0,0,0,0,0,0,0,0,0,0,0,0
3.55164502252592e-08,0,0,0,0,0,0,0,0,1.39804342325078e-07,0,0.0530105963542837,0,0,0,0,0,0,0,0,0,0,0,0,0
3.55164502252592e-08,0,0,0,0,0,0,0,0,1.39804342325078e-07,0,0.0530105963542837,0,0,0,0,0,0,0,0,0,0,0,0,0
3.55164502252592e-08,0,0,0,0,0,0,0,0,1.39804342325078e-07,0,0.0530105963542837,0,0,0,0,0,0,0,0,0,0,0,0,0
3.55164502252592e-08,0,0,0,0,0,0,0,0,1.39804342325078e-07,0,0.0530105963542837,0,0,0,0,0,0,0,0,0,0,0,0,0
3.55164502252592e-08,0,0,0,0,0,0,0,0,1.39804342325078e-07,0,0.0530105963542837,0,0,0,0,0,0,0,0,0,0,0,0,0
3.55164502252592e-08,0,0,0,0,0,0,0,0,1.39804342325078e-07,0,0.0530105963542837,0,0,0,0,0,0,0,0,0,0,0,0,0
3.55164502252592e-08,0,0,0,0,0,0,0,0,1.39804342325078e-07,0,0.0530105963542837,0,0,0,0,0,0,0,0,0,0,0,0,0
3.55164502252592e-08,0,0,0,0,0,0,0,0,1.39804342325078e-07,0,0.0530105963542837,0,0,0,0,0,0,0,0,0,0,0,0,0
3.55164502252592e-08,0,0,0,0,0,0,0,0,1.39804342325078e-07,0,0.0530105963542837,0,0,0,0,0,0,0,0,0,0,0,0,0
3.55164502252592e-08,0,0,0,0,0,0,0,0,1.39804342325078e-07,0,0.0530105963542837,0,0,0,0,0,0,0,0,0,0,0,0,0
3.55164502252592e-08,0,0,0,0,0,0,0,0,1.39804342325078e-07,0,0.0530105963542837,0,0,0,0,0,0,0,0,0,0,0,0,0
3.55164502252592e-08,0,0,0,0,0,0,0,0,1.39804342325078e-07,0,0.0530105963542837,0,0,0,0,0,0,0,0,0,0,0,0,0
3.55164502252592e-08,0,0,0,0,0,0,0,0,1.39804342325078e-07,0,0.0530105963542837,0,0,0,0,0,0,0,0,0,0,0,0,0
3.55164502252592e-08,0,0,0,0,0,0,0,0,1.39804342325078e-07,0,0.0530105963542837,0,0,0,0,0,0,0,0,0,0,0,0,0
3.55164502252592e-08,0,0,0,0,0,0,0,0,1.39804342325078e-07,0,0.0530105963542837,0,0,0,0,0,0,0,0,0,0,0,0,0
3.55164502252592e-08,0,0,0,0,0,0,0,0,1.39804342325078e-07,0,0.0530105963542837,0,0,0,0,0,0,0,0,0,0,0,0,0
3.55164502252592e-08,0,0,0,0,0,0,0,0,1.39804342325078e-07,0,0.0530105963542837,0,0,0,0,0,0,0,0,0,0,0,0,0
3.55164502252592e-08,0,0,0,0,0,0,0,0,1.39804342325078e-07,0,0.0530105963542837,0,0,0,0,0,0,0,0,0,0,0,0,0
3.55164502252592e-08,0,0,0,0,0,0,0,0,1.39804342325078e-07,0,0.0530105963542837,0,0,0,0,0,0,0,0,0,0,0,0,0
3.55164502252592e-08,0,0,0,0,0,0,0,0,1.39804342325078e-07,0,0.0530105963542837,0,0,0,0,0,0,0,0,0,0,0,0,0
3.55164502252592e-08,0,0,0,0,0,0,0,0,1.39804342325078e-07,0,0.0530105963542837,0,0,0,0,0,0,0,0,0,0,0,0,0
3.55164502252592e-08,0,0,0,0,0,0,0,0,1.39804342325078e-07,0,0.0530105963542837,0,0,0,0,0,0,0,0,0,0,0,0,0
3.55164502252592e-08,0,0,0,0,0,0,0,0,1.39804342325078e-07,0,0.0530105963542837,0,0,0,0,0,0,0,0,0,0,0,0,0
3.55164502252592e-08,0,0,0,0,0,0,0,0,1.39804342325078e-07,0,0.0530105963542837,0,0,0,0,0,0,0,0,0,0,0,0,0
3.55164502252592e-08,0,0,0,0,0,0,0,0,1.39804342325078e-07,0,0.0530105963542837,0,0,0,0,0,0,0,0,0,0,0,0,0
3.55164502252592e-08,0,0,0,0,0,0,0,0,1.39804342325078e-07,0,0.0530105963542837,0,0,0,0,0,0,0,0,0,0,0,0,0
3.55164502252592e-08,0,0,0,0,0,0,0,0,1.39804342325078e-07,0,0.0530105963542837,0,0,0,0,0,0,0,0,0,0,0,0,0
3.55164502252592e-08,0,0,0,0,0,0,0,0,1.39804342325078e-07,0,0.0530105963542837,0,0,0,0,0,0,0,0,0,0,0,0,0
3.55164502252592e-08,0,0,0,0,0,0,0,0,1.39804342325078e-07,0,0.0530105963542837,0,0,0,0,0,0,0,0,0,0,0,0,0
3.55164502252592e-08,0,0,0,0,0,0,0,0,1.39804342325078e-07,0,0.0530105963542837,0,0,0,0,0,0,0,0,0,0,0,0,0
3.55164502252592e-08,0,0,0,0,0,0,0,0,1.39804342325078e-07,0,0.0530105963542837,0,0,0,0,0,0,0,0,0,0,0,0,0
3.55164502252592e-08,0,0,0,0,0,0,0,0,1.39804342325078e-07,0,0.0530105963542837,0,0,0,0,0,0,0,0,0,0,0,0,0
3.55164502252592e-08,0,0,0,0,0,0,0,0,1.39804342325078e-07,0,0.0530105963542837,0,0,0,0,0,0,0,0,0,0,0,0,0
3.55164502252592e-08,0,0,0,0,0,0,0,0,1.39804342325078e-07,0,0.0530105963542837,0,0,0,0,0,0,0,0,0,0,0,0,0
3.55164502252592e-08,0,0,0,0,0,0,0,0,1.39804342325078e-07,0,0.0530105963542837,0,0,0,0,0,0,0,0,0,0,0,0,0
3.55164502252592e-08,0,0,0,0,0,0,0,0,1.39804342325078e-07,0,0.0530105963542837,0,0,0,0,0,0,0,0,0,0,0,0,0
3.55164502252592e-08,0,0,0,0,0,0,0,0,1.39804342325078e-07,0,0.0530105963542837,0,0,0,0,0,0,0,0,0,0,0,0,0
3.55164502252592e-08,0,0,0,0,0,0,0,0,1.39804342325078e-07,0,0.0530105963542837,0,0,0,0,0,0,0,0,0,0,0,0,0
3.55164502252592e-08,0,0,0,0,0,0,0,0,1.39804342325078e-07,0,0.0530105963542837,0,0,0,0,0,0,0,0,0,0,0,0,0
3.55164502252592e-08,0,0,0,0,0,0,0,0,1.39804342325078e-07,0,0.0530105963542837,0,0,0,0,0,0,0,0,0,0,0,0,0
3.55164502252592e-08,0,0,0,0,0,0,0,0,1.39804342325078e-07,0,0.0530105963542837,0,0,0,0,0,0,0,0,0,0,0,0,0
3.55164502252592e-08,0,0,0,0,0,0,0,0,1.39804342325078e-07,0,0.0530105963542837,0,0,0,0,0,0,0,0,0,0,0,0,0
3.55164502252592e-08,0,0,0,0,0,0,0,0,1.39804342325078e-07,0,0.0530105963542837,0,0,0,0,0,0,0,0,0,0,0,0,0
3.55164502252592e-08,0,0,0,0,0,0,0,0,1.39804342325078e-07,0,0.0530105963542837,0,0,0,0,0,0,0,0,0,0,0,0,0
3.55164502252592e-08,0,0,0,0,0,0,0,0,1.39804342325078e-07,0,0.0530105963542837,0,0,0,0,0,0,0,0,0,0,0,0,0
3.55164502252592e-08,0,0,0,0,0,0,0,0,1.39804342325078e-07,0,0.0530105963542837,0,0,0,0,0,0,0,0,0,0,0,0,0
3.55164502252592e-08,0,0,0,0,0,0,0,0,1.39804342325078e-07,0,0.0530105963542837,0,0,0,0,0,0,0,0,0,0,0,0,0
3.55164502252592e-08,0,0,0,0,0,0,0,0,1.39804342325078e-07,0,0.0530105963542837,0,0,0,0,0,0,0,0,0,0,0,0,0
3.55164502252592e-08,0,0,0,0,0,0,0,0,1.39804342325078e-07,0,0.0530105963542837,0,0,0,0,0,0,0,0,0,0,0,0,0
3.55164502252592e-08,0,0,0,0,0,0,0,0,1.39804342325078e-07,0,0.0530105963542837,0,0,0,0,0,0,0,0,0,0,0,0,0
3.55164502252592e-08,0,0,0,0,0,0,0,0,1.39804342325078e-07,0,0.0530105963542837,0,0,0,0,0,0,0,0,0,0,0,0,0
3.55164502252592e-08,0,0,0,0,0,0,0,0,1.39804342325078e-07,0,0.0530105963542837,0,0,0,0,0,0,0,0,0,0,0,0,0
3.55164502252592e-08,0,0,0,0,0,0,0,0,1.39804342325078e-07,0,0.0530105963542837,0,0,0,0,0,0,0,0,0,0,0,0,0
3.55164502252592e-08,0,0,0,0,0,0,0,0,1.39804342325078e-07,0,0.0530105963542837,0,0,0,0,0,0,0,0,0,0,0,0,0
3.55164502252592e-08,0,0,0,0,0,0,0,0,1.39804342325078e-07,0,0.0530105963542837,0,0,0,0,0,0,0,0,0,0,0,0,0
3.55164502252592e-08,0,0,0,0,0,0,0,0,1.39804342325078e-07,0,0.0530105963542837,0,0,0,0,0,0,0,0,0,0,0,0,0
3.55164502252592e-08,0,0,0,0,0,0,0,0,1.39804342325078e-07,0,0.0530105963542837,0,0,0,0,0,0,0,0,0,0,0,0,0
3.55164502252592e-08,0,0,0,0,0,0,0,0,1.39804342325078e-07,0,0.0530105963542837,0,0,0,0,0,0,0,0,0,0,0,0,0
3.55164502252592e-08,0,0,0,0,0,0,0,0,1.39804342325078e-07,0,0.0530105963542837,0,0,0,0,0,0,0,0,0,0,0,0,0
3.55164502252592e-08,0,0,0,0,0,0,0,0,1.39804342325078e-07,0,0.0530105963542837,0,0,0,0,0,0,0,0,0,0,0,0,0
3.55164502252592e-08,0,0,0,0,0,0,0,0,1.39804342325078e-07,0,0.0530105963542837,0,0,0,0,0,0,0,0,0,0,0,0,0
3.55164502252592e-08,0,0,0,0,0,0,0,0,1.39804342325078e-07,0,0.0530105963542837,0,0,0,0,0,0,0,0,0,0,0,0,0
3.55164502252592e-08,0,0,0,0,0,0,0,0,1.39804342325078e-07,0,0.0530105963542837,0,0,0,0,0,0,0,0,0,0,0,0,0
3.55164502252592e-08,0,0,0,0,0,0,0,0,1.39804342325078e-07,0,0.0530105963542837,0,0,0,0,0,0,0,0,0,0,0,0,0
3.55164502252592e-08,0,0,0,0,0,0,0,0,1.39804342325078e-07,0,0.0530105963542837,0,0,0,0,0,0,0,0,0,0,0,0,0
3.55164502252592e-08,0,0,0,0,0,0,0,0,1.39804342325078e-07,0,0.0530105963542837,0,0,0,0,0,0,0,0,0,0,0,0,0
3.55164502252592e-08,0,0,0,0,0,0,0,0,1.39804342325078e-07,0,0.0530105963542837,0,0,0,0,0,0,0,0,0,0,0,0,0
3.55164502252592e-08,0,0,0,0,0,0,0,0,1.39804342325078e-07,0,0.0530105963542837,0,0,0,0,0,0,0,0,0,0,0,0,0
3.55164502252592e-08,0,0,0,0,0,0,0,0,1.39804342325078e-07,0,0.0530105963542837,0,0,0,0,0,0,0,0,0,0,0,0,0
3.55164502252592e-08,0,0,0,0,0,0,0,0,1.39804342325078e-07,0,0.0530105963542837,0,0,0,0,0,0,0,0,0,0,0,0,0
3.55164502252592e-08,0,0,0,0,0,0,0,0,1.39804342325078e-07,0,0.0530105963542837,0,0,0,0,0,0,0,0,0,0,0,0,0
3.55164502252592e-08,0,0,0,0,0,0,0,0,1.39804342325078e-07,0,0.0530105963542837,0,0,0,0,0,0,0,0,0,0,0,0,0
3.55164502252592e-08,0,0,0,0,0,0,0,0,1.39804342325078e-07,0,0.0530105963542837,0,0,0,0,0,0,0,0,0,0,0,0,0
3.55164502252592e-08,0,0,0,0,0,0,0,0,1.39804342325078e-07,0,0.0530105963542837,0,0,0,0,0,0,0,0,0,0,0,0,0
3.55164502252592e-08,0,0,0,0,0,0,0,0,1.39804342325078e-07,0,0.0530105963542837,0,0,0,0,0,0,0,0,0,0,0,0,0
3.55164502252592e-08,0,0,0,0,0,0,0,0,1.39804342325078e-07,0,0.0530105963542837,0,0,0,0,0,0,0,0,0,0,0,0,0
3.55164502252592e-08,0,0,0,0,0,0,0,0,1.39804342325078e-07,0,0.0530105963542837,0,0,0,0,0,0,0,0,0,0,0,0,0
3.55164502252592e-08,0,0,0,0,0,0,0,0,1.39804342325078e-07,0,0.0530105963542837,0,0,0,0,0,0,0,0,0,0,0,0,0
3.55164502252592e-08,0,0,0,0,0,0,0,0,1.39804342325078e-07,0,0.0530105963542837,0,0,0,0,0,0,0,0,0,0,0,0,0
3.55164502252592e-08,0,0,0,0,0,0,0,0,1.39804342325078e-07,0,0.0530105963542837,0,0,0,0,0,0,0,0,0,0,0,0,0
3.55164502252592e-08,0,0,0,0,0,0,0,0,1.39804342325078e-07,0,0.0530105963542837,0,0,0,0,0,0,0,0,0,0,0,0,0
3.55164502252592e-08,0,0,0,0,0,0,0,0,1.39804342325078e-07,0,0.0530105963542837,0,0,0,0,0,0,0,0,0,0,0,0,0
3.55164502252592e-08,0,0,0,0,0,0,0,0,1.39804342325078e-07,0,0.0530105963542837,0,0,0,0,0,0,0,0,0,0,0,0,0
3.55164502252592e-08,0,0,0,0,0,0,0,0,1.39804342325078e-07,0,0.0530105963542837,0,0,0,0,0,0,0,0,0,0,0,0,0
3.55164502252592e-08,0,0,0,0,0,0,0,0,1.39804342325078e-07,0,0.0530105963542837,0,0,0,0,0,0,0,0,0,0,0,0,0
3.55164502252592e-08,0,0,0,0,0,0,0,0,1.39804342325078e-07,0,0.0530105963542837,0,0,0,0,0,0,0,0,0,0,0,0,0
3.55164502252592e-08,0,0,0,0,0,0,0,0,1.39804342325078e-07,0,0.0530105963542837,0,0,0,0,0,0,0,0,0,0,0,0,0
3.55164502252592e-08,0,0,0,0,0,0,0,0,1.39804342325078e-07,0,0.0530105963542837,0,0,0,0,0,0,0,0,0,0,0,0,0
3.55164502252592e-08,0,0,0,0,0,0,0,0,1.39804342325078e-07,0,0.0530105963542837,0,0,0,0,0,0,0,0,0,0,0,0,0
3.55164502252592e-08,0,0,0,0,0,0,0,0,1.39804342325078e-07,0,0.0530105963542837,0,0,0,0,0,0,0,0,0,0,0,0,0
3.55164502252592e-08,0,0,0,0,0,0,0,0,1.39804342325078e-07,0,0.0530105963542837,0,0,0,0,0,0,0,0,0,0,0,0,0
3.55164502252592e-08,0,0,0,0,0,0,0,0,1.39804342325078e-07,0,0.0530105963542837,0,0,0,0,0,0,0,0,0,0,0,0,0
3.55164502252592e-08,0,0,0,0,0,0,0,0,1.39804342325078e-07,0,0.0530105963542837,0,0,0,0,0,0,0,0,0,0,0,0,0
3.55164502252592e-08,0,0,0,0,0,0,0,0,1.39804342325078e-07,0,0.0530105963542837,0,0,0,0,0,0,0,0,0,0,0,0,0
3.55164502252592e-08,0,0,0,0,0,0,0,0,1.39804342325078e-07,0,0.0530105963542837,0,0,0,0,0,0,0,0,0,0,0,0,0
3.55164502252592e-08,0,0,0,0,0,0,0,0,1.39804342325078e-07,0,0.0530105963542837,0,0,0,0,0,0,0,0,0,0,0,0,0
3.55164502252592e-08,0,0,0,0,0,0,0,0,1.39804342325078e-07,0,0.0530105963542837,0,0,0,0,0,0,0,0,0,0,0,0,0
3.55164502252592e-08,0,0,0,0,0,0,0,0,1.39804342325078e-07,0,0.0530105963542837,0,0,0,0,0,0,0,0,0,0,0,0,0
3.55164502252592e-08,0,0,0,0,0,0,0,0,1.39804342325078e-07,0,0.0530105963542837,0,0,0,0,0,0,0,0,0,0,0,0,0
3.55164502252592e-08,0,0,0,0,0,0,0,0,1.39804342325078e-07,0,0.0530105963542837,0,0,0,0,0,0,0,0,0,0,0,0,0
3.55164502252592e-08,0,0,0,0,0,0,0,0,1.39804342325078e-07,0,0.0530105963542837,0,0,0,0,0,0,0,0,0,0,0,0,0
3.55164502252592e-08,0,0,0,0,0,0,0,0,1.39804342325078e-07,0,0.0530105963542837,0,0,0,0,0,0,0,0,0,0,0,0,0
3.55164502252592e-08,0,0,0,0,0,0,0,0,1.39804342325078e-07,0,0.0530105963542837,0,0,0,0,0,0,0,0,0,0,0,0,0
3.55164502252592e-08,0,0,0,0,0,0,0,0,1.39804342325078e-07,0,0.0530105963542837,0,0,0,0,0,0,0,0,0,0,0,0,0
3.55164502252592e-08,0,0,0,0,0,0,0,0,1.39804342325078e-07,0,0.0530105963542837,0,0,0,0,0,0,0,0,0,0,0,0,0
3.55164502252592e-08,0,0,0,0,0,0,0,0,1.39804342325078e-07,0,0.0530105963542837,0,0,0,0,0,0,0,0,0,0,0,0,0
3.55164502252592e-08,0,0,0,0,0,0,0,0,1.39804342325078e-07,0,0.0530105963542837,0,0,0,0,0,0,0,0,0,0,0,0,0
3.55164502252592e-08,0,0,0,0,0,0,0,0,1.39804342325078e-07,0,0.0530105963542837,0,0,0,0,0,0,0,0,0,0,0,0,0
3.55164502252592e-08,0,0,0,0,0,0,0,0,1.39804342325078e-07,0,0.0530105963542837,0,0,0,0,0,0,0,0,0,0,0,0,0
3.55164502252592e-08,0,0,0,0,0,0,0,0,1.39804342325078e-07,0,0.0530105963542837,0,0,0,0,0,0,0,0,0,0,0,0,0
3.55164502252592e-08,0,0,0,0,0,0,0,0,1.39804342325078e-07,0,0.0530105963542837,0,0,0,0,0,0,0,0,0,0,0,0,0
3.55164502252592e-08,0,0,0,0,0,0,0,0,1.39804342325078e-07,0,0.0530105963542837,0,0,0,0,0,0,0,0,0,0,0,0,0
3.55164502252592e-08,0,0,0,0,0,0,0,0,1.39804342325078e-07,0,0.0530105963542837,0,0,0,0,0,0,0,0,0,0,0,0,0
3.55164502252592e-08,0,0,0,0,0,0,0,0,1.39804342325078e-07,0,0.0530105963542837,0,0,0,0,0,0,0,0,0,0,0,0,0
3.55164502252592e-08,0,0,0,0,0,0,0,0,1.39804342325078e-07,0,0.0530105963542837,0,0,0,0,0,0,0,0,0,0,0,0,0
3.55164502252592e-08,0,0,0,0,0,0,0,0,1.39804342325078e-07,0,0.0530105963542837,0,0,0,0,0,0,0,0,0,0,0,0,0
3.55164502252592e-08,0,0,0,0,0,0,0,0,1.39804342325078e-07,0,0.0530105963542837,0,0,0,0,0,0,0,0,0,0,0,0,0
3.55164502252592e-08,0,0,0,0,0,0,0,0,1.39804342325078e-07,0,0.0530105963542837,0,0,0,0,0,0,0,0,0,0,0,0,0
3.55164502252592e-08,0,0,0,0,0,0,0,0,1.39804342325078e-07,0,0.0530105963542837,0,0,0,0,0,0,0,0,0,0,0,0,0
3.55164502252592e-08,0,0,0,0,0,0,0,0,1.39804342325078e-07,0,0.0530105963542837,0,0,0,0,0,0,0,0,0,0,0,0,0
3.55164502252592e-08,0,0,0,0,0,0,0,0,1.39804342325078e-07,0,0.0530105963542837,0,0,0,0,0,0,0,0,0,0,0,0,0
3.55164502252592e-08,0,0,0,0,0,0,0,0,1.39804342325078e-07,0,0.0530105963542837,0,0,0,0,0,0,0,0,0,0,0,0,0
3.55164502252592e-08,0,0,0,0,0,0,0,0,1.39804342325078e-07,0,0.0530105963542837,0,0,0,0,0,0,0,0,0,0,0,0,0
3.55164502252592e-08,0,0,0,0,0,0,0,0,1.39804342325078e-07,0,0.0530105963542837,0,0,0,0,0,0,0,0,0,0,0,0,0
3.55164502252592e-08,0,0,0,0,0,0,0,0,1.39804342325078e-07,0,0.0530105963542837,0,0,0,0,0,0,0,0,0,0,0,0,0
3.55164502252592e-08,0,0,0,0,0,0,0,0,1.39804342325078e-07,0,0.0530105963542837,0,0,0,0,0,0,0,0,0,0,0,0,0
3.55164502252592e-08,0,0,0,0,0,0,0,0,1.39804342325078e-07,0,0.0530105963542837,0,0,0,0,0,0,0,0,0,0,0,0,0
3.55164502252592e-08,0,0,0,0,0,0,0,0,1.39804342325078e-07,0,0.0530105963542837,0,0,0,0,0,0,0,0,0,0,0,0,0
3.55164502252592e-08,0,0,0,0,0,0,0,0,1.39804342325078e-07,0,0.0530105963542837,0,0,0,0,0,0,0,0,0,0,0,0,0
3.55164502252592e-08,0,0,0,0,0,0,0,0,1.39804342325078e-07,0,0.0530105963542837,0,0,0,0,0,0,0,0,0,0,0,0,0
3.55164502252592e-08,0,0,0,0,0,0,0,0,1.39804342325078e-07,0,0.0530105963542837,0,0,0,0,0,0,0,0,0,0,0,0,0
3.55164502252592e-08,0,0,0,0,0,0,0,0,1.39804342325078e-07,0,0.0530105963542837,0,0,0,0,0,0,0,0,0,0,0,0,0
3.55164502252592e-08,0,0,0,0,0,0,0,0,1.39804342325078e-07,0,0.0530105963542837,0,0,0,0,0,0,0,0,0,0,0,0,0
3.55164502252592e-08,0,0,0,0,0,0,0,0,1.39804342325078e-07,0,0.0530105963542837,0,0,0,0,0,0,0,0,0,0,0,0,0
3.55164502252592e-08,0,0,0,0,0,0,0,0,1.39804342325078e-07,0,0.0530105963542837,0,0,0,0,0,0,0,0,0,0,0,0,0
3.55164502252592e-08,0,0,0,0,0,0,0,0,1.39804342325078e-07,0,0.0530105963542837,0,0,0,0,0,0,0,0,0,0,0,0,0
3.55164502252592e-08,0,0,0,0,0,0,0,0,1.39804342325078e-07,0,0.0530105963542837,0,0,0,0,0,0,0,0,0,0,0,0,0
3.55164502252592e-08,0,0,0,0,0,0,0,0,1.39804342325078e-07,0,0.0530105963542837,0,0,0,0,0,0,0,0,0,0,0,0,0
3.55164502252592e-08,0,0,0,0,0,0,0,0,1.39804342325078e-07,0,0.0530105963542837,0,0,0,0,0,0,0,0,0,0,0,0,0
3.55164502252592e-08,0,0,0,0,0,0,0,0,1.39804342325078e-07,0,0.0530105963542837,0,0,0,0,0,0,0,0,0,0,0,0,0
3.55164502252592e-08,0,0,0,0,0,0,0,0,1.39804342325078e-07,0,0.0530105963542837,0,0,0,0,0,0,0,0,0,0,0,0,0
3.55164502252592e-08,0,0,0,0,0,0,0,0,1.39804342325078e-07,0,0.0530105963542837,0,0,0,0,0,0,0,0,0,0,0,0,0
3.55164502252592e-08,0,0,0,0,0,0,0,0,1.39804342325078e-07,0,0.0530105963542837,0,0,0,0,0,0,0,0,0,0,0,0,0
3.55164502252592e-08,0,0,0,0,0,0,0,0,1.39804342325078e-07,0,0.0530105963542837,0,0,0,0,0,0,0,0,0,0,0,0,0
3.55164502252592e-08,0,0,0,0,0,0,0,0,1.39804342325078e-07,0,0.0530105963542837,0,0,0,0,0,0,0,0,0,0,0,0,0
3.55164502252592e-08,0,0,0,0,0,0,0,0,1.39804342325078e-07,0,0.0530105963542837,0,0,0,0,0,0,0,0,0,0,0,0,0
3.55164502252592e-08,0,0,0,0,0,0,0,0,1.39804342325078e-07,0,0.0530105963542837,0,0,0,0,0,0,0,0,0,0,0,0,0
3.55164502252592e-08,0,0,0,0,0,0,0,0,1.39804342325078e-07,0,0.0530105963542837,0,0,0,0,0,0,0,0,0,0,0,0,0
3.55164502252592e-08,0,0,0,0,0,0,0,0,1.39804342325078e-07,0,0.0530105963542837,0,0,0,0,0,0,0,0,0,0,0,0,0
3.55164502252592e-08,0,0,0,0,0,0,0,0,1.39804342325078e-07,0,0.0530105963542837,0,0,0,0,0,0,0,0,0,0,0,0,0
