9862.89350136066,8884.56298559637,9235.45874639792,9173.57851210153,9493.61836766807,9142.45870362634,10209.8976539664,10350.9483759285,9662.70617933509,9690.97587768601,9234.56827943751,8816.71866676477,9152.80815415261,9883.57829035579,9186.94326827337,9702.62135511168,9470.40960621503,8697.99356359415,9724.07160748865,9047.90959308919,9499.56148555912,9582.19274541965,9681.79610042177,9633.99405189314,9977.14334297073
9862.89350136066,8884.56298559637,9235.45874639792,9173.57851210153,9493.61836766807,9142.45870362634,8964.4786813729,10350.9483759285,9478.41728241294,9690.97587768601,9234.56827943751,8816.71866676477,8769.89782334143,9478.46012165346,9186.94326827337,9502.65973933282,9470.40960621503,8697.99356359415,9196.28858418837,9047.90959308919,8957.51638549655,9582.19274541965,8617.3401243217,9349.55345544347,9579.77177224791
9784.34569941333,8884.56298559637,9235.45874639792,8516.54483923947,9493.61836766807,9142.45870362634,8964.4786813729,10064.120175817,8488.46822465759,9690.97587768601,9234.56827943751,8816.71866676477,8563.82231326937,9380.75350506107,9186.94326827337,9502.65973933282,9470.40960621503,8697.99356359415,9196.28858418837,9047.90959308919,8957.51638549655,9582.19274541965,8617.3401243217,8975.16939117515,9579.77177224791
9784.34569941333,8884.56298559637,8641.89396239423,8516.54483923947,9424.40256582223,8803.55826476834,8869.35736613644,8761.82991579696,8488.46822465759,9690.97587768601,9234.56827943751,8816.71866676477,8457.06580623843,9103.91226649162,8964.23712645148,9261.08739824864,9470.40960621503,8697.99356359415,9028.95567822724,9047.90959308919,8774.72822499608,9577.55733552262,8576.84298567272,8975.16939117515,9406.62654558233
9394.18070119292,8884.56298559637,8641.89396239423,8516.54483923947,9004.71797582773,8803.55826476834,8630.50846657511,8761.82991579696,8488.46822465759,8426.82491975421,9091.42296205902,8816.71866676477,8457.06580623843,8915.37601024508,8701.07186913589,9106.17674426046,9470.40960621503,8697.99356359415,9028.95567822724,9047.90959308919,8718.73232231981,9577.55733552262,8234.11410119303,8975.16939117515,9406.62654558233
9394.18070119292,8884.56298559637,8593.25722866341,8516.54483923947,9004.71797582773,8453.18239799508,8623.62920838207,8761.82991579696,8488.46822465759,8426.82491975421,9091.42296205902,8368.77562929586,8327.89676678094,8068.64081474123,8701.07186913589,9106.17674426046,8446.73485325198,8697.99356359415,9028.95567822724,9047.90959308919,7596.14850648542,9577.55733552262,8234.11410119303,8571.44231542717,9406.62654558233
9024.01908516869,8884.56298559637,8593.25722866341,8516.54483923947,9004.71797582773,8453.18239799508,8384.0350373965,8761.82991579696,7959.63010419193,8426.82491975421,9091.42296205902,8368.77562929586,8235.36397291422,8068.64081474123,8701.07186913589,7858.04103255754,8446.73485325198,7827.78908356965,8957.81211656603,9047.90959308919,7596.14850648542,9549.74827054595,8234.11410119303,8545.51520562093,9114.5222570009
9024.01908516869,8884.56298559637,8593.25722866341,8106.50354482122,9004.71797582773,7466.34500993581,8384.0350373965,8761.82991579696,7959.63010419193,8426.82491975421,8048.68684967034,8368.77562929586,8096.41570598507,8068.64081474123,8701.07186913589,7858.04103255754,8446.73485325198,7827.78908356965,8957.81211656603,8864.21681428888,7596.14850648542,9549.74827054595,8234.11410119303,8458.52400590291,9114.5222570009
8977.95410874497,8884.56298559637,8593.25722866341,8071.60793399447,9004.71797582773,7466.34500993581,8384.0350373965,8761.82991579696,7959.63010419193,8426.82491975421,8048.68684967034,8368.77562929586,8096.41570598507,8068.64081474123,8476.01860842773,7858.04103255754,8446.73485325198,7827.78908356965,8852.69667388292,8295.55840100149,7596.14850648542,9549.74827054595,8234.11410119303,8458.52400590291,9114.5222570009
8737.63296736471,8884.56298559637,8593.25722866341,8071.60793399447,9004.71797582773,7431.93786981046,8384.0350373965,8761.82991579696,7959.63010419193,8426.82491975421,8048.68684967034,8368.77562929586,7931.15476849599,8068.64081474123,7765.42757519559,7858.04103255754,8446.73485325198,7827.78908356965,8852.69667388292,8295.55840100149,7596.14850648542,9334.50413608154,8234.11410119303,8211.24167833072,9114.5222570009
8737.63296736471,8884.56298559637,8593.25722866341,8071.60793399447,9004.71797582773,7431.93786981046,8384.0350373965,8761.82991579696,7959.63010419193,8426.82491975421,7854.28705285654,8002.17183969031,7899.01840375099,7971.38780799207,7765.42757519559,7858.04103255754,8446.73485325198,7827.78908356965,8852.69667388292,8295.55840100149,7596.14850648542,9334.50413608154,8234.11410119303,7446.2134909355,9114.5222570009
8737.63296736471,8884.56298559637,8593.25722866341,8071.60793399447,9004.71797582773,7431.93786981046,8384.0350373965,8761.82991579696,7929.75828159891,8426.82491975421,7854.28705285654,8002.17183969031,7346.17557940873,7971.38780799207,7765.42757519559,7858.04103255754,8446.73485325198,7827.78908356965,8851.79664275761,8250.31174272014,7466.73714832479,9334.50413608154,8234.11410119303,7446.2134909355,9114.5222570009
8737.63296736471,8884.56298559637,8593.25722866341,8071.60793399447,8400.2315824861,7431.93786981046,8165.53463142479,8666.10568388982,7798.68314540152,8426.82491975421,7854.28705285654,8002.17183969031,7346.17557940873,7971.38780799207,7501.1154992467,7858.04103255754,8446.73485325198,7827.78908356965,8851.79664275761,8250.31174272014,7466.73714832479,9334.50413608154,8000.31979662892,7446.2134909355,9114.5222570009
8620.61983379289,8884.56298559637,8593.25722866341,8071.60793399447,8040.79666081752,7431.93786981046,8165.53463142479,8659.29690299943,7137.59726686581,8426.82491975421,7854.28705285654,8002.17183969031,7314.89925706689,7971.38780799207,7501.1154992467,7858.04103255754,8446.73485325198,7827.78908356965,8204.24480294343,8250.31174272014,7466.73714832479,8916.37238217865,8000.31979662892,7052.24888385414,9046.88391340423
8498.76296852357,8884.56298559637,8593.25722866341,8071.60793399447,8040.79666081752,7431.93786981046,8165.53463142479,8659.29690299943,7102.35670293053,8426.82491975421,7854.28705285654,8002.17183969031,6733.68570968469,7971.38780799207,7501.1154992467,7858.04103255754,8446.73485325198,7827.78908356965,8204.24480294343,8250.31174272014,7466.73714832479,8916.37238217865,8000.31979662892,7052.24888385414,9046.88391340423
8498.76296852357,8884.56298559637,8593.25722866341,8071.60793399447,8040.79666081752,7431.93786981046,8165.53463142479,8659.29690299943,7102.35670293053,8426.82491975421,7854.28705285654,8002.17183969031,6313.49810300093,7630.00688365535,7501.1154992467,7858.04103255754,8248.90944224394,7827.78908356965,7895.94459223821,8157.77850356804,7466.73714832479,8916.37238217865,8000.31979662892,7052.24888385414,9046.88391340423
8498.76296852357,8884.56298559637,8593.25722866341,8071.60793399447,8040.79666081752,7431.93786981046,8126.6203257086,8273.11896121372,7102.35670293053,8426.82491975421,7854.28705285654,8002.17183969031,6313.49810300093,7630.00688365535,7501.1154992467,7858.04103255754,8248.90944224394,7827.78908356965,7895.94459223821,8157.77850356804,7135.38393791025,8916.37238217865,7743.81126806622,7052.24888385414,8704.27074451751
8498.76296852357,8668.57020545327,8411.69510179277,8071.60793399447,8040.79666081752,7431.93786981046,8126.6203257086,8273.11896121372,7102.35670293053,8426.82491975421,7854.28705285654,8002.17183969031,6313.49810300093,7630.00688365535,7501.1154992467,7858.04103255754,8248.90944224394,7609.40874359936,7858.41383187738,8157.77850356804,7046.39685872674,8404.00206876236,7743.81126806622,6896.82702285977,8704.27074451751
8498.76296852357,8658.59679628232,8411.69510179277,8071.60793399447,8040.79666081752,7431.93786981046,8126.6203257086,8273.11896121372,7102.35670293053,8426.82491975421,7651.78533653773,8002.17183969031,5673.23231329791,7630.00688365535,7501.1154992467,7858.04103255754,8248.90944224394,7103.07421038541,7858.41383187738,8157.77850356804,7046.39685872674,8404.00206876236,7743.81126806622,6657.09992454017,8704.27074451751
8338.93246536774,8658.59679628232,8411.69510179277,7964.51762618861,8040.79666081752,7431.93786981046,8126.6203257086,8273.11896121372,7035.83056429229,8426.82491975421,7651.78533653773,8002.17183969031,5646.45659151383,7577.39590998354,7501.1154992467,7858.04103255754,8076.34552312794,6581.73724972949,7858.41383187738,8157.77850356804,7046.39685872674,8404.00206876236,7743.81126806622,6207.1276440116,8506.93898442389
8338.93246536774,8658.59679628232,8411.69510179277,7964.51762618861,7608.78846410078,7431.93786981046,8012.97911363739,8273.11896121372,6594.93992669042,8426.82491975421,7651.78533653773,8002.17183969031,5646.45659151383,7577.39590998354,7501.1154992467,7858.04103255754,8076.34552312794,6581.73724972949,7858.41383187738,7290.82470562394,6867.48613535748,8344.58276570937,7743.81126806622,6207.1276440116,8506.93898442389
8338.93246536774,8658.59679628232,8095.64634944818,7964.51762618861,7608.78846410078,7175.04716110612,8012.97911363739,8273.11896121372,6594.93992669042,8426.82491975421,7651.78533653773,8002.17183969031,5543.46812260574,7577.39590998354,7501.1154992467,7858.04103255754,8076.34552312794,6581.73724972949,7858.41383187738,7290.82470562394,6867.48613535748,8344.58276570937,7743.81126806622,6134.87993660006,8506.93898442389
8041.03511754126,8658.59679628232,8095.64634944818,7964.51762618861,7608.78846410078,7175.04716110612,8012.97911363739,8273.11896121372,5933.18600643166,8426.82491975421,7629.34696095522,8002.17183969031,4956.01304152776,7577.39590998354,7501.1154992467,7858.04103255754,8076.34552312794,5688.2237490567,7293.26447002493,7290.82470562394,6239.9687949973,8344.58276570937,7743.81126806622,6134.87993660006,8506.93898442389
8041.03511754126,8438.7185856302,7937.6438909629,7964.51762618861,7608.78846410078,6871.90938888139,8012.97911363739,7645.26383927573,5933.18600643166,7463.57958834344,7629.34696095522,8002.17183969031,4875.76099732545,7577.39590998354,7438.03437278438,7858.04103255754,8076.34552312794,5688.2237490567,7293.26447002493,7290.82470562394,6239.9687949973,8344.58276570937,7743.81126806622,5998.87182678466,8506.93898442389
8041.03511754126,8427.70311602621,7937.6438909629,7964.51762618861,7608.78846410078,6871.90938888139,8012.97911363739,7645.26383927573,5544.05802270831,7463.57958834344,7629.34696095522,8002.17183969031,4622.03340124105,7255.85903294048,7438.03437278438,7858.04103255754,8076.34552312794,5688.2237490567,7293.26447002493,7290.82470562394,6239.9687949973,8328.3055567685,7743.81126806622,5979.94836020953,8506.93898442389
8041.03511754126,8004.02099746849,7937.6438909629,7964.51762618861,7608.78846410078,6821.26701010548,8012.97911363739,7645.26383927573,5077.18274242154,7463.57958834344,7629.34696095522,6982.49620367201,4322.09533248273,7255.85903294048,7438.03437278438,7669.15666215619,8076.34552312794,5688.2237490567,7293.26447002493,7290.82470562394,6239.9687949973,7606.3221955336,7616.64528032731,5586.13609855365,7939.46177632569
8041.03511754126,8004.02099746849,7937.6438909629,7748.15833455415,7608.78846410078,6821.26701010548,8012.97911363739,7645.26383927573,4926.98245855874,7463.57958834344,7629.34696095522,6982.49620367201,4273.10481170629,7255.85903294048,7401.2170183711,7669.15666215619,8076.34552312794,5688.2237490567,7293.26447002493,7290.82470562394,6232.2987826139,7606.3221955336,7616.64528032731,5586.13609855365,7939.46177632569
7921.11794528169,8004.02099746849,7937.6438909629,7748.15833455415,7608.78846410078,6821.26701010548,8012.97911363739,7645.26383927573,4166.1316713014,7463.57958834344,7629.34696095522,6982.49620367201,4092.12939550349,6843.38323748728,6689.86813265011,6998.53388577678,8076.34552312794,5218.56342905977,7198.68214154965,7113.92591015082,5650.72668787539,7606.3221955336,6819.75929863489,5145.83851882266,7939.46177632569
7921.11794528169,8004.02099746849,7937.6438909629,7748.15833455415,7608.78846410078,6821.26701010548,8012.97911363739,7645.26383927573,4166.1316713014,7463.57958834344,7629.34696095522,6982.49620367201,3708.07063292096,6843.38323748728,6689.86813265011,6998.53388577678,8076.34552312794,5165.18016253671,7198.68214154965,7113.92591015082,5650.72668787539,7606.3221955336,6572.68120894995,5145.83851882266,7939.46177632569
7535.68156670495,8004.02099746849,7738.24255001,7748.15833455415,7127.73792607373,6261.16443685306,8012.97911363739,7645.26383927573,3987.28001290333,7463.57958834344,7629.34696095522,6982.49620367201,3675.87963123063,6843.38323748728,6689.86813265011,6998.53388577678,8076.34552312794,4680.74687196737,7025.46502575432,7113.92591015082,4832.6980466463,7606.3221955336,6374.64767290991,5043.13534643885,7528.40950396589
7535.68156670495,8004.02099746849,7603.73662587638,7748.15833455415,7127.73792607373,6261.16443685306,8012.97911363739,7645.26383927573,3987.28001290333,7463.57958834344,7629.34696095522,6982.49620367201,3524.41755659858,6798.43502328375,6689.86813265011,6998.53388577678,8076.34552312794,4592.10478387818,7025.46502575432,6865.5374598082,4832.6980466463,7606.3221955336,5376.12905247276,4827.36265763396,7528.40950396589
7508.89936703029,7875.09187111969,7096.63282609105,7748.15833455415,6889.4701546119,6261.16443685306,8012.97911363739,7645.26383927573,3700.3750057298,7131.15946074812,7625.06431247024,6822.24284278292,3346.48652518737,6759.29046815231,6080.19489674654,6998.53388577678,8076.34552312794,4289.57644889907,7025.46502575432,6002.68187949696,4539.06216414605,7527.70738587779,5233.09636075806,4732.35375493547,7528.40950396589
7508.89936703029,7875.09187111969,7096.63282609105,7748.15833455415,6889.4701546119,6261.16443685306,8012.97911363739,7645.26383927573,3700.3750057298,7131.15946074812,7625.06431247024,6822.24284278292,3312.17611694883,6477.9573209971,6080.19489674654,6998.53388577678,7959.86838804153,4255.52948987437,6616.00433079442,6002.68187949696,4269.08978611644,7527.70738587779,5233.09636075806,4663.65075748296,7528.40950396589
7508.89936703029,7021.97557455959,6967.5977268316,7701.64974926786,6886.69044048824,5318.05012673542,8012.97911363739,7645.26383927573,3599.88745901404,7131.15946074812,7625.06431247024,6822.24284278292,3128.1102713372,6447.1798993196,6063.86558817005,6998.53388577678,7496.59376956364,4112.18428488066,6331.48355965998,6002.68187949696,4206.97344184704,7527.70738587779,4773.0418171625,4663.65075748296,7528.40950396589
7508.89936703029,7021.97557455959,6967.5977268316,7701.64974926786,6409.49487196729,5318.05012673542,8012.97911363739,7645.26383927573,3497.16695275746,7131.15946074812,7625.06431247024,6822.24284278292,3105.24903973058,6100.85191759323,5469.3114393728,6998.53388577678,7496.59376956364,4022.46586621484,6331.48355965998,5326.49321106453,4206.97344184704,7527.70738587779,4584.46722735539,4629.25308799666,7528.40950396589
7313.47950449494,7021.97557455959,6516.24365946003,7701.64974926786,6075.9474259431,5183.98634339927,8012.97911363739,7645.26383927573,3475.96390325933,7131.15946074812,7424.76673137535,6822.24284278292,3045.8809839637,6100.85191759323,5469.3114393728,6998.53388577678,7420.90964168719,3906.45702872506,6331.48355965998,5078.84489648614,3744.23248436331,7527.70738587779,4287.69876846055,4598.47533958876,7528.40950396589
7313.47950449494,7021.97557455959,6512.45235437876,7701.64974926786,6075.9474259431,4959.11101540024,8012.97911363739,7645.26383927573,3438.55062003752,7131.15946074812,7232.38818574136,6822.24284278292,3009.91368520516,6100.85191759323,4321.11134319376,6998.53388577678,7420.90964168719,3906.45702872506,6331.48355965998,4778.51347310552,3516.40178780869,7484.74200339146,4287.69876846055,4558.97606761533,7528.40950396589
7313.47950449494,7021.97557455959,6512.45235437876,7138.44674491115,5676.78318679132,4488.76915543116,8012.97911363739,7240.80682156891,3404.75050831109,7131.15946074812,7232.38818574136,6822.24284278292,2978.74268126432,5864.50535412189,4321.11134319376,6998.53388577678,7420.90964168719,3883.73596828322,5977.34692986145,4778.51347310552,3516.40178780869,6893.22732511609,3925.09118766313,4558.97606761533,7528.40950396589
6787.07433668274,7021.97557455959,6273.96895093164,7097.98898564943,5676.78318679132,4362.54743722889,8012.97911363739,7240.80682156891,3384.76357623014,7131.15946074812,7022.61611867891,6822.24284278292,2978.74268126432,5864.50535412189,4039.45222435647,6998.53388577678,7420.90964168719,3883.73596828322,5330.26982970568,4516.37298461376,3516.40178780869,6893.22732511609,3153.85117529291,4556.21777155389,7528.40950396589
6787.07433668274,7021.97557455959,4976.45269113581,6631.04292917776,5517.65701843081,3948.3466651991,8012.97911363739,6099.45908770879,3344.62538007067,7131.15946074812,7022.61611867891,6822.24284278292,2881.1940462048,5864.50535412189,3354.59216713782,6792.78805294459,7420.90964168719,3776.1917334288,5330.26982970568,4283.88942608676,3362.51595777648,6722.73896060051,2949.04389563726,4548.3758915561,7528.40950396589
6787.07433668274,7021.97557455959,4976.45269113581,6433.953065084,5317.01163301121,3694.06903062508,8012.97911363739,6099.45908770879,3344.62538007067,6620.71199636007,6701.95560843446,6822.24284278292,2861.51926832393,5864.50535412189,3354.59216713782,6792.78805294459,7048.74903089465,3750.16695924871,4925.97568663549,4102.88628194534,3362.51595777648,6306.28892589507,2949.04389563726,4535.66463363944,7528.40950396589
6787.07433668274,7021.97557455959,4976.45269113581,6255.3345694095,5107.12152502455,3594.63435955392,8012.97911363739,6099.45908770879,3330.14220453429,6620.71199636007,6701.95560843446,6325.09281713275,2861.51926832393,5311.87321859806,3354.59216713782,6792.78805294459,7048.74903089465,3732.16705410854,4914.10123421734,4013.7221370651,3199.70921242287,6306.28892589507,2931.33899620625,4517.01145867832,7528.40950396589
6787.07433668274,7021.97557455959,4976.45269113581,6255.3345694095,5107.12152502455,3589.13797233009,7396.46147354301,6099.45908770879,3328.25826454434,6620.71199636007,6701.95560843446,6325.09281713275,2859.8324287766,5311.87321859806,3254.77137205018,6792.78805294459,7048.74903089465,3715.0177483293,4047.98350076811,3714.99190410205,3154.36673778927,6306.28892589507,2793.8544846031,4505.0979106541,7528.40950396589
6787.07433668274,7021.97557455959,4976.45269113581,6152.23022391997,4818.71848896895,3286.46839020965,7396.46147354301,6099.45908770879,3320.31378359002,6620.71199636007,6701.95560843446,6325.09281713275,2841.6252889559,5182.54099204132,2835.03069931197,6721.88874709705,7048.74903089465,3700.34854342431,3288.44246990968,3401.45539921933,2967.31363726101,6306.28892589507,2691.77705642158,4485.79965791883,7528.40950396589
6787.07433668274,7021.97557455959,4976.45269113581,5425.18294596035,4659.79590797205,3286.46839020965,7396.46147354301,6099.45908770879,3318.91486616461,6620.71199636007,6298.9838491459,6325.09281713275,2839.886572482,4839.30967113272,2835.03069931197,6721.88874709705,7048.74903089465,3692.23673734599,3288.44246990968,3375.69910027081,2894.81153462893,6306.28892589507,2691.77705642158,4473.60271105146,7528.40950396589
6787.07433668274,7021.97557455959,4702.59305048825,5425.18294596035,4562.19527424818,3286.46839020965,7396.46147354301,6099.45908770879,3317.06985056034,6620.71199636007,6298.9838491459,6325.09281713275,2811.26506315735,4839.30967113272,2767.54435303011,6635.54951464382,7048.74903089465,3688.68318146377,3288.44246990968,3241.27277149641,2807.58706405813,6306.28892589507,2614.40067588311,4472.61799714713,7528.40950396589
6787.07433668274,7021.97557455959,4661.80561849396,4374.87645617921,4137.99750291882,3172.72769442811,7396.46147354301,6099.45908770879,3315.24376026364,6620.71199636007,5975.39601059906,6325.09281713275,2811.26506315735,4839.30967113272,2716.65955573345,6211.06651453845,7048.74903089465,3686.1402408823,3288.44246990968,3226.40030452818,2756.87320501341,5906.81690413637,2558.75147116077,4472.61799714713,7528.40950396589
6787.07433668274,7021.97557455959,4004.28479029332,4374.87645617921,3932.29055836048,3038.65491533438,7396.46147354301,6099.45908770879,3315.11269369413,6620.71199636007,5975.39601059906,6325.09281713275,2802.33857370998,4461.66234957591,2705.90778878057,6147.94674329277,7040.38159621751,3680.70908169031,2742.62739198885,3132.69920657695,2711.89685105059,5568.67191070791,2524.68402093533,4470.15935885867,7528.40950396589
6787.07433668274,7021.97557455959,4004.28479029332,4374.87645617921,3932.29055836048,2979.02715804527,7396.46147354301,6099.45908770879,3314.90548867061,6532.27587651654,5975.39601059906,6325.09281713275,2796.84288105094,4461.66234957591,2631.60211839533,6147.94674329277,7040.38159621751,3677.17227391434,2742.62739198885,3132.69920657695,2711.89685105059,5568.67191070791,2494.53762042411,4467.75406652162,7528.40950396589
6787.07433668274,7021.97557455959,3549.64814141669,3994.09396422998,3878.22773350341,2947.76538815376,7396.46147354301,6099.45908770879,3314.61693826303,6324.75881739753,5675.32119542283,6325.09281713275,2791.92743056139,3941.77882212175,2564.69128384018,5618.34293104287,7040.38159621751,3675.89814697417,2629.16757967514,3100.63085642633,2697.77116916464,5436.44893646964,2494.53762042411,4466.83776381996,7528.40950396589
6191.52820872348,6452.55027133131,3249.7412428638,3734.19000325385,3790.03808304081,2926.37994132214,7396.46147354301,6099.45908770879,3314.61693826303,6324.75881739753,5675.32119542283,6325.09281713275,2784.43414828435,3812.79126302669,2547.46878728116,5618.34293104287,6361.86205973775,3675.72280890128,2529.80407279081,3075.43327727269,2697.77116916464,5436.44893646964,2494.53762042411,4465.35286750561,7528.40950396589
6191.52820872348,6452.55027133131,2808.57681526788,3395.64383152661,3668.75444984417,2888.84233357813,7396.46147354301,6099.45908770879,3314.31619989895,5906.00964249961,5141.06674041663,6325.09281713275,2784.43414828435,3584.34863126966,2520.7488052357,4775.64779256738,6361.86205973775,3674.87418229183,2365.69958911407,3056.75705988227,2680.57479755156,4637.04104006796,2494.53762042411,4463.14053582858,7160.68385399446
6191.52820872348,6452.55027133131,2456.57543615509,3371.76579911526,3547.67440428879,2876.78867569432,7236.09697500182,6099.45908770879,3314.26396511151,5906.00964249961,5141.06674041663,6001.73054972775,2784.43414828435,3304.8816194026,2520.7488052357,4622.66577555994,6361.86205973775,3673.87502625656,2365.69958911407,3023.16866475867,2679.3850997035,4637.04104006796,2492.03316381458,4463.0363830362,7160.68385399446
6191.52820872348,6452.55027133131,2408.08915453704,3259.03122598904,3541.03536114168,2856.85260413306,7236.09697500182,6099.45908770879,3314.1093868336,5906.00964249961,5136.24497229801,6001.73054972775,2780.6362719507,3003.59126581568,2498.48586969686,4622.66577555994,6239.34752438396,3673.79218032522,2365.69958911407,3010.33451674796,2671.98806324076,4637.04104006796,2481.06204284969,4462.52152437638,7160.68385399446
6191.52820872348,6452.55027133131,2012.69553988149,3119.74883969027,3527.37763412005,2847.86565721767,7147.79863566789,6099.45908770879,3314.09178986235,5906.00964249961,4450.14088328899,6001.73054972775,2780.6362719507,2413.42070877555,2492.91114474442,4622.66577555994,6239.34752438396,3673.68065079457,2365.69958911407,3003.23753056911,2662.04417947604,4080.09770916934,2475.67887590897,4462.31183450012,7160.68385399446
6191.52820872348,6452.55027133131,1968.03880649981,2919.72333192594,3452.4189317275,2843.1402822126,6841.6870527649,5937.56816406039,3314.07594536409,5906.00964249961,4450.14088328899,4919.48075733274,2778.59289044673,2371.96705003055,2487.52343272027,4484.41327344359,5841.87586194291,3673.10609579266,2354.02116990634,3000.52499777816,2662.04417947604,4080.09770916934,2464.62554998108,4461.98231536093,7160.68385399446
6191.52820872348,6452.55027133131,1865.08848030255,2915.61928290338,3433.46547470349,2829.92021413576,6841.6870527649,5937.56816406039,3314.0351677027,5906.00964249961,4450.14088328899,4919.48075733274,2778.54559248306,2068.93385180369,2487.52343272027,4349.43184699047,5841.87586194291,3673.10609579266,2335.77560090745,2996.10964126967,2661.38935888956,4080.09770916934,2464.4525111678,4461.86456545191,7160.68385399446
6191.52820872348,6452.55027133131,1865.08848030255,2813.0321116995,3418.0285058822,2825.23498895327,6841.6870527649,5937.56816406039,3314.03088270312,5472.0591652571,4443.8023603717,4919.48075733274,2776.80648376849,1921.96771053365,2483.74389676478,3941.74000145991,5841.87586194291,3672.91271903761,2325.64941759032,2991.98521577822,2659.6404941028,4080.09770916934,2457.42776572313,4461.69956041306,7160.68385399446
6060.59625160827,6452.55027133131,1803.46998968073,2801.37600378166,3398.07547240809,2821.04175268786,6841.6870527649,5937.56816406039,3314.01966684395,5472.0591652571,4443.8023603717,4919.48075733274,2774.42641200308,1765.97483624886,2480.40693512456,3650.7526362331,5841.87586194291,3672.82048999985,2325.64941759032,2990.62674067099,2658.12542184946,4080.09770916934,2456.33155954713,4461.60749797201,7160.68385399446
5884.49185276628,6452.55027133131,1748.72896739453,2752.58237895428,3380.58919267259,2814.53630184369,6841.6870527649,5800.35473539905,3314.01424547551,5472.0591652571,3903.71066048061,4694.41866835353,2773.68347721619,1668.50025743153,2477.93151753991,3341.59496484798,5841.87586194291,3672.77287649332,2325.64941759032,2988.23442727656,2656.86373860007,4080.09770916934,2455.31845586105,4461.52784685119,7160.68385399446
5736.72490826692,5970.81642942478,1717.48625325955,2752.18161506261,3376.87283646168,2811.27257486087,6841.6870527649,5535.173180831,3314.01305301125,5472.0591652571,3903.71066048061,4694.41866835353,2773.36593955184,1668.50025743153,2477.39122957814,3341.59496484798,5841.87586194291,3672.73243629389,2324.8788397986,2988.20798786696,2656.21667055261,4080.09770916934,2454.73778601347,4461.5179941907,7160.68385399446
5524.49644465309,5970.81642942478,1652.78303618279,2729.31104234912,3365.36141662327,2809.96051705112,6841.6870527649,5003.11428832112,3314.00741847368,5419.11559639313,3786.89153526669,4561.69264509254,2773.27654803649,1659.60573885981,2476.98213674754,3341.59496484798,5841.87586194291,3672.68057902114,2322.80069169009,2987.06443590377,2654.66149924312,3464.26352784269,2453.86388627546,4461.46946205338,7160.68385399446
5524.49644465309,5970.81642942478,1652.41126284353,2729.31104234912,3363.7616845382,2808.3013846979,6841.6870527649,4999.94847978684,3314.00427094373,5419.11559639313,3786.89153526669,4170.69374778389,2772.61035822639,1644.3160191371,2476.85269102162,3308.85324338616,5763.5652544576,3672.65998021546,2319.79958969553,2986.64731258971,2654.49494720816,3464.26352784269,2453.67714230764,4461.44265492639,7160.68385399446
5524.49644465309,5970.81642942478,1607.88012293787,2721.57614607977,3361.98711324805,2806.69979776185,6841.6870527649,4581.95600976171,3314.00314888819,5419.11559639313,3413.21241767942,4170.69374778389,2771.79909522721,1542.16069442441,2476.0752227893,2952.9687658357,5152.45830059895,3672.6417108088,2319.09378722559,2986.08677512,2654.07628698841,3464.26352784269,2453.33290231162,4461.43304356186,7160.68385399446
5201.60750146854,5970.81642942478,1607.88012293787,2708.02290874776,3360.293130551,2805.44593157048,6719.94626992945,4295.65887614021,3314.00270089619,5419.11559639313,2993.37849309023,4170.69374778389,2771.79909522721,1491.11433603733,2476.0752227893,2952.9687658357,5152.45830059895,3672.63736530435,2317.84207213899,2985.75159280434,2653.73608995931,3464.26352784269,2453.13105354049,4461.42222710598,7160.68385399446
3962.38442200767,5970.81642942478,1595.63234778915,2704.03053269238,3358.84471938126,2805.22920498615,6210.72523597789,4295.65887614021,3314.001836385,4776.2983803546,2922.49468944802,3876.07885426808,2771.79909522721,1409.91353198245,2475.83536692581,2855.73136315694,5152.45830059895,3672.62764800791,2317.13606253894,2985.63244206109,2653.5407748276,3464.26352784269,2453.01310691493,4461.41318132931,7160.68385399446
3962.38442200767,5635.17591473927,1587.43668947183,2702.64548015139,3358.58466374359,2804.89312611558,6210.72523597789,3887.73201771682,3314.00164401483,4776.2983803546,2536.74222811965,3876.07885426808,2771.66387056148,1409.91353198245,2475.68904099137,2769.95680693,5152.45830059895,3672.62394015245,2316.17495606003,2985.57130038466,2653.46556272482,3045.36586464068,2452.95383814757,4461.40730397283,7160.68385399446
3962.38442200767,5635.17591473927,1584.8055111741,2697.8308091512,3357.63659517315,2804.33452528123,6210.72523597789,3748.41258485721,3314.00125970837,4776.2983803546,2536.74222811965,3246.71743151509,2771.14995093463,1379.38867127596,2475.54885944754,2769.95680693,5044.21472963262,3672.6207766421,2316.01686042502,2985.45213381984,2653.39000273581,2691.98159484054,2452.86971452507,4461.40730397283,6904.25106206871
3962.38442200767,5635.17591473927,1584.8055111741,2697.77170826686,3357.62234812576,2804.19324006606,6210.72523597789,3695.54172043451,3314.0012319181,3808.18793143824,2377.6085508452,3246.71743151509,2771.03418661357,1371.89138186252,2475.48413821624,2746.05756990501,5044.21472963262,3672.62007702554,2315.85969630847,2985.35185930557,2653.32350321715,2691.98159484054,2452.81152831594,4461.40534028165,6904.25106206871
3962.38442200767,5635.17591473927,1580.34295558035,2695.76168895622,3357.22766997771,2804.08867752181,6210.72523597789,2877.71612805259,3314.00101551944,3808.18793143824,2313.09322569101,2987.86248696569,2771.03418661357,1342.1540655219,2475.43015127546,2548.8895829922,4753.66759834031,3672.61732017385,2315.60817760965,2985.28541780873,2653.2709233724,2089.67230968471,2452.7780873152,4461.40476932989,6904.25106206871
3962.38442200767,5635.17591473927,1578.44558476787,2694.46015500478,3357.0161565199,2804.06278015207,6210.72523597789,2877.71612805259,3314.00084255769,3808.18793143824,2027.80543939373,2895.21030457836,2771.03418661357,1340.51413226685,2475.40383293628,2512.88819511899,4753.66759834031,3672.61621805483,2315.59681799165,2985.27407300311,2653.25337897986,2089.67230968471,2452.77038825917,4461.4037698964,6904.25106206871
3541.52307731369,5635.17591473927,1576.34800644112,2694.32432019467,3356.76650808527,2803.92736920707,6210.72523597789,2830.32962016552,3314.00078306545,3808.18793143824,1978.8778013958,2773.25225262841,2771.03418661357,1329.18270870658,2475.39398719489,2491.36855683272,4343.56818249744,3672.61535510155,2315.53346139258,2985.27228645927,2653.23966918961,2019.88029813307,2452.74426492811,4461.40286920613,6298.38426241348
3541.52307731369,5311.45495317624,1574.81617940098,2693.74904389146,3356.74115647399,2803.88779975027,6210.72523597789,2830.32962016552,3314.00075919706,3808.18793143824,1889.81613564058,2641.82857727039,2770.99168444697,1328.79244964793,2475.38350380637,2465.79198602128,4343.56818249744,3672.61431677129,2315.44459730447,2985.24914113108,2653.22866639664,1923.59464841146,2452.74142389013,4461.40239038832,6298.38426241348
3111.01417436708,5311.45495317624,1574.33242786427,2693.19525621822,3356.69013244502,2803.86184463822,6210.72523597789,2824.99049742835,3314.0007146749,3808.18793143824,1828.73650325165,2487.67682655307,2770.97295429256,1322.16852497791,2475.37275044491,2427.73815239125,3839.43519763484,3672.61383214115,2315.41574212238,2985.24506831764,2653.21666831865,1326.77148526169,2452.72531113626,4461.40208801429,6298.38426241348
2794.17331630235,5311.45495317624,1574.33242786427,2692.82368596879,3356.6472450805,2803.8449949521,5905.26901281125,2673.8541503021,3314.00068793391,3796.72104121094,1816.36750912658,2487.67682655307,2770.84991760679,1320.66355033057,2475.36935182267,2403.91749807743,3839.43519763484,3672.61356795673,2315.35417799127,2985.23102493206,2653.21295281344,1187.07635760481,2452.7229781718,4461.40200595318,6298.38426241348
2463.84406000403,4149.70276545999,1573.80088460058,2692.53241264072,3356.61841926171,2803.8254220462,5905.26901281125,2406.73526374642,3314.00066420739,3796.72104121094,1770.35953925058,2389.12954847016,2770.67239164806,1319.83471452622,2475.36566833042,2396.46983733213,3799.40009784598,3672.61283378812,2315.34645439697,2985.22439796231,2653.20243030047,1092.57089307135,2452.7146238981,4461.40185023072,6298.38426241348
2336.28967222211,4149.70276545999,1573.53704141094,2692.51915606511,3356.60182581152,2803.81634619479,5905.26901281125,2131.05792186076,3314.00066190185,3746.85306468503,1770.35953925058,2375.36901775052,2770.42403820922,1318.01467782617,2475.36270950123,2391.0380729828,3668.7242220549,3672.61283378812,2315.33162287554,2985.21633817236,2653.20243030047,1063.83126497463,2452.7146238981,4461.40181573495,6298.38426241348
1821.27907687482,4149.70276545999,1573.15278318777,2692.41351977494,3356.59175182609,2803.80966457688,5905.26901281125,2131.05792186076,3314.00064444026,3746.85306468503,1747.80879245806,2300.30437470529,2770.39912864398,1316.68837046582,2475.36076895084,2388.75088682798,2896.87415459216,3672.61273943711,2315.31712895548,2985.21633817236,2653.19887697934,1005.29634671837,2452.71256891467,4461.40167875575,6298.38426241348
1821.27907687482,4149.70276545999,1573.15278318777,2692.34402451272,3356.58374686205,2803.8061431768,5905.26901281125,1983.30803983984,3314.00064230803,3557.59111586285,1739.27799373844,2270.63018994291,2770.35232605414,1316.13193353815,2475.36059185505,2385.61075968086,2896.87415459216,3672.6126780075,2315.30995957516,2985.21633817236,2653.1988270665,961.15756004914,2452.71194276151,4461.40166769501,5918.51626404535
1607.45176209414,4149.70276545999,1573.06252834683,2692.3051366553,3356.57392246644,2803.80085373169,5883.50087757096,1980.59460352511,3314.00063620741,2815.31845780108,1724.41991024924,2226.65020635914,2770.35232605414,1316.10040672803,2475.35896212253,2383.95686981289,2402.46464527848,3672.61263472601,2315.30884217842,2985.21458445289,2653.19729637497,958.859197319915,2452.70993604352,4461.40156421413,5918.51626404535
1607.45176209414,4149.70276545999,1573.02051641235,2692.29247361453,3356.57231947284,2803.79957695725,5883.50087757096,1980.59460352511,3314.00063410481,2815.31845780108,1724.41991024924,2211.55336877338,2770.29960193105,1315.59823384865,2475.35878314984,2379.79474069375,2324.63935321726,3672.61260272123,2315.3044236492,2985.21275669022,2653.19696319552,939.161727967776,2452.70921933339,4461.40154996152,5918.51626404535
1526.88316491585,4149.70276545999,1572.97473916755,2692.26361646707,3356.57231947284,2803.79698593158,5686.44167035157,1976.84491238602,3314.00063185956,2239.25160715463,1722.24634062985,2203.08053145152,2770.21450517236,1315.47857911315,2475.35821800271,2379.76869512431,2261.88074588403,3672.61257174002,2315.30015388346,2985.21245674138,2653.19610470176,920.850973237706,2452.70854567107,4461.40152525288,5918.51626404535
1495.71396171419,4149.70276545999,1572.95637807714,2692.25509169442,3356.57218289582,2803.79563888614,5062.51258457687,1884.40349151048,3314.0006314462,2239.25160715463,1717.5618634276,2197.77440965285,2770.1467161597,1315.34261932345,2475.35817864647,2378.31272478464,2130.9866463192,3672.61254540773,2315.30015388346,2985.21175949651,2653.19610470176,919.822451319911,2452.70835912096,4461.40151216883,5918.51626404535
1390.91129884496,3924.13356259379,1572.95018072387,2692.23798309383,3356.56989729993,2803.79529544054,5062.51258457687,1836.55599113041,3314.00062993008,1926.9876671693,1714.19177181133,2187.62569100941,2770.11169525213,1315.270290369,2475.35789621154,2377.90646336476,1838.7879238278,3672.61253006052,2315.2985067326,2985.21107540538,2653.19566130343,909.641706166278,2452.70799583025,4461.40148314799,5918.51626404535
1390.91129884496,3924.13356259379,1572.94673775265,2692.23798309383,3356.56910217127,2803.79454769263,5062.51258457687,1805.67506096911,3314.00062991337,1589.74661513572,1714.19177181133,2180.12129823382,2770.10638974336,1315.23271569971,2475.35774786694,2377.27853127328,1716.30889191829,3672.61252755069,2315.29743853624,2985.21068642053,2653.19527754461,905.922997088945,2452.70784797387,4461.40148019701,5888.875259318
1372.90988910054,3672.63278735662,1572.91959918673,2692.23697135266,3356.56811352457,2803.79426174911,5062.51258457687,1794.58131937752,3314.0006296003,1579.09325238725,1712.94509697381,2178.50742206751,2770.01703930689,1315.19706369622,2475.35771130114,2376.79287799536,1295.33747732834,3672.61251844574,2315.29587116174,2985.21040417313,2653.19513059206,904.673305640654,2452.70767776991,4461.40147144203,5663.02901546474
1363.462018732,3672.63278735662,1572.91547076589,2692.23068084168,3356.5681030442,2803.79395287399,5062.51258457687,1779.13850236348,3314.00062925714,1504.93203364873,1711.82486874322,2172.30443097717,2769.95070819171,1315.18444261251,2475.35764936183,2376.62630011811,1295.33747732834,3672.6125135727,2315.29559449592,2985.21032475191,2653.19497231225,902.406992619239,2452.70758503232,4461.40147144203,5412.64468947915
1342.90788231111,3416.28229520043,1572.90642996569,2692.22469259889,3356.56780297368,2803.79394916551,5062.51258457687,1773.79820122979,3314.00062906017,1355.25336689839,1710.82526845846,2171.514351915,2769.95070819171,1315.14893297473,2475.35755152732,2376.36043990564,1295.33747732834,3672.61250962293,2315.29516318633,2985.2102586964,2653.19489612116,900.698063596366,2452.70756106641,4461.40146569924,5312.29097814002
1331.05437873655,3416.28229520043,1572.90436135425,2692.22469259889,3356.5676999786,2803.79385823418,5062.51258457687,1760.62280757815,3314.00062903013,1251.67386109858,1710.49176630131,2169.09536920379,2769.95070819171,1315.13775116523,2475.3575274152,2376.31047599874,1224.30740043857,3672.61250894078,2315.29494038632,2985.21017843442,2653.19482021388,900.499879895191,2452.70753099092,4461.40146569924,5212.32897474068
1317.74711623649,3416.28229520043,1572.90063833619,2692.220975924,3356.5675814392,2803.79378361395,4731.21725408293,1748.32966669084,3314.00062892823,1076.18690262499,1710.42598860926,2167.39072657315,2769.93430580331,1315.13086522805,2475.35747779912,2376.12131731743,1075.66175805824,3672.61250691888,2315.29465311307,2985.21012494218,2653.19478893936,899.875668920429,2452.70749411338,4461.4014600563,5166.31483357308
1300.37445176216,3315.44934223028,1572.89995866397,2692.21858846329,3356.56751912304,2803.79372651986,4223.59317006307,1748.32966669084,3314.00062887373,999.92248812278,1710.39259895116,2166.72227056312,2769.90475605396,1315.12424420995,2475.35747779912,2376.04864924778,1061.56284927168,3672.61250601506,2315.29450359139,2985.21011156025,2653.19472285135,899.480658668013,2452.70748357647,4461.4014600563,5137.12378215338
1294.83833244812,2912.86403093317,1572.89787822065,2692.21780520838,3356.56746053948,2803.79361935598,4048.14612437813,1739.59192627622,3314.00062884469,971.498315394592,1709.88618734876,2166.05985560145,2769.90475605396,1315.12016371923,2475.35744497723,2375.99851521931,971.997066521992,3672.61250536783,2315.29433588493,2985.21009204391,2653.19472285135,898.86336677181,2452.70746907665,4461.40145790422,4971.55427642593
1287.65290313897,2912.86403093317,1572.89786528647,2692.21717901683,3356.56746053948,2803.79361935598,4048.14612437813,1734.53102035084,3314.00062882602,897.156194423373,1709.78192539906,2165.89950044615,2769.89708468212,1315.11751230044,2475.35743798066,2375.96370028346,969.428208917978,3672.61250438738,2315.29422677572,2985.21008560004,2653.19470764147,898.86336677181,2452.70745464175,4461.40145783797,4640.56052013913
1279.12736067811,2387.59412611017,1572.89665184923,2692.21609560641,3356.56743506273,2803.79360022104,3809.20829680792,1730.75244623532,3314.00062880011,883.431195928351,1709.55184359881,2165.61376350078,2769.89708468212,1315.11267524797,2475.35742525564,2375.94836423386,900.453143034356,3672.61250418302,2315.29410208127,2985.21007485498,2653.19469215141,898.721633998248,2452.70745150377,4461.40145697771,4345.03598300046
1276.6360044251,2387.59412611017,1572.89595282287,2692.21565635584,3356.56742659574,2803.79359534352,3809.20829680792,1726.21008005245,3314.00062879939,832.00114405565,1709.55184359881,2165.4514369556,2769.88573753981,1315.11231644946,2475.35742525564,2375.93624667116,896.2998200368,3672.61250386471,2315.29410208127,2985.21006980208,2653.19468651635,898.619898883117,2452.70744537414,4461.40145687258,4345.03598300046
1272.34017068239,2158.67733305869,1572.89537319946,2692.21530961787,3356.56741043728,2803.79356715638,2719.13374591226,1725.04532010923,3314.00062878543,815.846100087221,1709.55184359881,2165.10052626178,2769.88309324053,1315.11063918441,2475.35742387526,2375.91225181948,859.633621752295,3672.61250372816,2315.29410208127,2985.21006504674,2653.19468154948,898.539415343115,2452.70744358016,4461.40145681987,4345.03598300046
1272.34017068239,2066.96205010129,1572.89523148816,2692.21520964877,3356.56740252729,2803.79356715638,2719.13374591226,1723.55464591634,3314.00062878372,809.257682144276,1709.4816907718,2165.08087052118,2769.88309324053,1315.11012932849,2475.3574220503,2375.90126098268,859.633621752295,3672.61250371378,2315.2940932934,2985.21006241004,2653.19468124644,898.539415343115,2452.70744207204,4461.40145668378,3293.41429781815
1269.27067701231,1769.1832589637,1572.89511143073,2692.21500447036,3356.56740007523,2803.79355566245,2719.13374591226,1721.91172849906,3314.00062878023,790.983362849003,1709.38160467843,2164.86194635392,2769.86941083804,1315.10910837931,2475.35742030615,2375.90101589968,844.864229490642,3672.61250359791,2315.29404744703,2985.21005998802,2653.19467922928,898.494077134912,2452.70743989562,4461.40145656129,3293.41429781815
1268.10450187619,1384.3874736808,1572.89494673921,2692.21486869494,3356.56739714292,2803.79355565486,2719.13374591226,1721.91172849906,3314.00062877923,782.565327092581,1709.34213918486,2164.86194635392,2769.86941083804,1315.10910837931,2475.3574199188,2375.88800727713,837.061507064456,3672.61250356998,2315.29403611202,2985.21005873303,2653.19467805599,898.479428459035,2452.70743973239,4461.40145652562,3293.41429781815
1266.79588619431,1384.3874736808,1572.89483202637,2692.2148231118,3356.5673953467,2803.79355265088,2719.13374591226,1721.51616298493,3314.00062877642,776.535791668959,1709.27680850777,2164.82071088524,2769.86698902529,1315.10881396392,2475.3574185939,2375.88800727713,832.448392540447,3672.61250352825,2315.29403611202,2985.21005692855,2653.19467774172,898.447857588109,2452.70743895178,4461.40145648082,2843.87356913895
1266.7613819616,1260.92051641988,1572.89476071949,2692.21474687465,3356.56739369089,2803.79355184532,2719.13374591226,1721.51616298493,3314.00062877604,772.921138519896,1709.27680850777,2164.77651548939,2769.86698902529,1315.10861241029,2475.35741841342,2375.8868637962,831.751942554169,3672.61250352825,2315.29402771812,2985.21005682485,2653.1946774436,898.44137928794,2452.70743845167,4461.40145646606,2843.87356913895
1265.98998068317,1056.92062382159,1572.89466556606,2692.21470392087,3356.56739275492,2803.79355037965,2719.13374591226,1720.86759867128,3314.00062877543,768.741456785925,1709.26975620563,2164.77651548939,2769.85674927966,1315.10846754344,2475.35741790999,2375.8840455872,827.763046312502,3672.61250351921,2315.29401316812,2985.21005651279,2653.19467716491,898.43326551588,2452.70743838764,4461.40145644072,2843.87356913895
1265.70879531046,816.081972062559,1572.89465821979,2692.2146923313,3356.56739172883,2803.79354952824,2098.71163640029,1720.83083866146,3314.00062877527,766.648273357521,1709.26668847809,2164.74723019782,2769.85674927966,1315.10834225249,2475.35741767653,2375.88382415527,827.763046312502,3672.61250349778,2315.29401316812,2985.21005612483,2653.19467692787,898.428635368084,2452.70743789756,4461.40145643189,2817.20096206193
1265.54765057503,654.60680699377,1572.8946258597,2692.21466994421,3356.56739136596,2803.79354946979,2098.71163640029,1720.57365500841,3314.00062877487,763.933576088139,1709.25092607075,2164.72604484562,2769.85674927966,1315.10827962479,2475.35741758702,2375.88232329262,824.929722414901,3672.61250348571,2315.29401179008,2985.21005581126,2653.19467677797,898.420171964683,2452.70743766406,4461.40145642628,2504.30342329521
1265.54765057503,654.60680699377,1572.89461526717,2692.21466994421,3356.56739103211,2803.79354932768,2098.71163640029,1720.54313320257,3314.00062877468,763.104533149151,1709.24814571345,2164.71580286498,2769.85586416679,1315.10825771531,2475.35741753814,2375.88179356523,824.684075965593,3672.61250347988,2315.29400838422,2985.21005568675,2653.19467672351,898.417546729275,2452.70743766102,4461.40145642257,2504.30342329521
1265.38531488641,479.081921919993,1572.89460714328,2692.21465779478,3356.56739099232,2803.79354877657,1773.97095551097,1720.27450730485,3314.00062877459,761.670270070357,1709.24068543173,2164.71177112811,2769.85586416679,1315.10820975152,2475.35741746502,2375.88129160304,822.091889228579,3672.61250347496,2315.29400579824,2985.21005555446,2653.19467661553,898.415144718771,2452.70743757376,4461.4014564177,2440.88502445943
1265.1770195219,432.511286303126,1572.89460211194,2692.21465314741,3356.56739080042,2803.7935486274,1536.34463195958,1720.20589776428,3314.00062877453,761.331567718204,1709.23941389752,2164.70349855387,2769.85506859924,1315.10820975152,2475.35741745492,2375.88107506859,821.4975580684,3672.61250347405,2315.29400462364,2985.21005551673,2653.19467659064,898.414878475205,2452.70743750576,4461.40145641737,1710.76386329062
1265.14428776495,432.511286303126,1572.89459997584,2692.21464995705,3356.56739074646,2803.79354844751,1536.34463195958,1720.1303255547,3314.00062877446,760.503832557619,1709.23683762312,2164.70099975775,2769.85203420142,1315.10819515793,2475.35741742005,2375.88084535293,821.149489848038,3672.61250346847,2315.29400379861,2985.21005544377,2653.19467654793,898.413691942258,2452.70743750296,4461.40145641632,1710.76386329062
1265.10582239929,425.648464010317,1572.89459779079,2692.21464864068,3356.56739070418,2803.79354835519,1386.66703594676,1720.07266670568,3314.00062877445,760.214277540204,1709.23598307996,2164.70001632756,2769.85203420142,1315.10818800505,2475.35741739662,2375.88074607217,820.912539623216,3672.61250346847,2315.29400342624,2985.21005540848,2653.19467653595,898.412747297534,2452.70743749001,4461.40145641519,1497.34698426022
1265.02407374532,397.454038763832,1572.89459421472,2692.21464778835,3356.56739063194,2803.79354823195,1331.53438341595,1720.04069800247,3314.00062877443,759.933360618978,1709.23475196733,2164.69808599484,2769.85203420142,1315.10818085379,2475.35741737285,2375.88071815205,820.700373769932,3672.61250346581,2315.29400309375,2985.21005539779,2653.1946765233,898.41246771531,2452.70743747585,4461.40145641467,1010.09536996583
1265.01476198183,365.307691955164,1572.89459382146,2692.21464718691,3356.567390628,2803.79354818078,1223.79930099617,1720.02588422719,3314.00062877441,759.882423801906,1709.23475196733,2164.697327064,2769.85203420142,1315.10817999609,2475.35741736929,2375.88066251292,820.517104234867,3672.61250346474,2315.29400258751,2985.21005538133,2653.19467652235,898.41209997146,2452.70743747065,4461.40145641458,972.513796642621
1264.96284062055,347.082763919108,1572.89459211848,2692.21464661454,3356.5673906211,2803.79354818078,1148.00584038888,1720.00127455958,3314.00062877441,759.552459581557,1709.23396806564,2164.69604546127,2769.85203420142,1315.10816951112,2475.35741736312,2375.8805896633,820.237804041115,3672.61250346311,2315.29400232637,2985.21005538133,2653.1946765108,898.411819561032,2452.7074374585,4461.40145641435,874.389506116764
1264.95068818622,340.300415939017,1572.89459166847,2692.2146463193,3356.56739060994,2803.79354817713,1123.62787441528,1720.00127455958,3314.00062877441,759.414660016153,1709.23392480382,2164.69604546127,2769.85203420142,1315.10816727959,2475.35741735516,2375.88053221443,820.150212489581,3672.61250346311,2315.29400213341,2985.21005537446,2653.1946765013,898.411692117978,2452.70743745734,4461.40145641425,713.100036160762
1264.93674100402,329.903000550208,1572.89459130634,2692.21464606349,3356.56739059205,2803.79354816858,1039.70477913931,1719.98000231996,3314.0006287744,759.361085590606,1709.23368851708,2164.69586382107,2769.85203420142,1315.1081657677,2475.35741735231,2375.88049163825,820.061917782727,3672.61250346297,2315.29400205013,2985.21005537021,2653.19467650113,898.411645564343,2452.70743745442,4461.40145641411,692.442774154786
1264.93102139502,322.684856033624,1572.89459078719,2692.21464591855,3356.56739058216,2803.7935481652,977.56836850316,1719.98000231996,3314.00062877439,759.357965270921,1709.23357824288,2164.69572489764,2769.85203420142,1315.10816399617,2475.35741734787,2375.88047496964,820.023283053473,3672.61250346239,2315.29400195612,2985.21005536863,2653.19467649965,898.411624574193,2452.70743745337,4461.40145641409,660.827919999148
1264.91751240472,321.10911632364,1572.89459065487,2692.21464589803,3356.56739057415,2803.79354814969,964.724034632638,1719.97906299572,3314.00062877439,759.315087235287,1709.23341629096,2164.6955398745,2769.85203420142,1315.10816394907,2475.35741734679,2375.88046139842,819.991224919471,3672.61250346239,2315.29400188323,2985.21005536804,2653.19467649747,898.411534702313,2452.70743745261,4461.40145641404,612.453714534784
1264.90551115611,321.10911632364,1572.89459058224,2692.21464584356,3356.56739057346,2803.79354814669,951.882971987709,1719.9748076061,3314.00062877439,759.315087235287,1709.23328077539,2164.6955398745,2769.85006579478,1315.10816363093,2475.35741734552,2375.88045085849,819.980727593382,3672.61250346228,2315.29400185726,2985.21005536697,2653.1946764965,898.411528509083,2452.707437452,4461.40145641401,612.453714534784
1264.89955975344,316.310184188091,1572.89459050754,2692.21464579404,3356.56739057108,2803.79354814559,911.254281002184,1719.97276951031,3314.00062877439,759.289554102306,1709.23321865219,2164.6955398745,2769.85006579478,1315.10816320098,2475.35741734552,2375.88044051794,819.931705125453,3672.6125034622,2315.29400179462,2985.21005536537,2653.1946764949,898.411504247566,2452.70743745153,4461.40145641398,593.249084675072
1264.89463184884,314.188598179655,1572.89459050754,2692.21464575506,3356.56739056768,2803.79354814218,911.254281002184,1719.97197779772,3314.00062877439,759.282344583065,1709.23321152551,2164.69549758638,2769.85006579478,1315.10816297737,2475.35741734485,2375.88043761823,819.923521458264,3672.61250346214,2315.29400179422,2985.21005536499,2653.1946764949,898.411504247566,2452.70743745145,4461.40145641398,589.598293548979
1264.89244518408,310.022505962224,1572.89459043341,2692.21464573746,3356.56739056716,2803.79354814151,911.254281002184,1719.97103228001,3314.00062877439,759.271085636261,1709.23317445701,2164.69543019695,2769.84965884833,1315.10816285475,2475.35741734437,2375.88043444501,819.908950326882,3672.6125034621,2315.29400178043,2985.21005536466,2653.19467649446,898.411480429542,2452.7074374512,4461.40145641397,583.002779751694
1264.89023481297,310.022505962224,1572.89459042372,2692.21464573121,3356.56739056519,2803.79354813971,905.401956092413,1719.97044321886,3314.00062877439,759.257355588392,1709.23313082693,2164.69543019695,2769.84965884833,1315.1081627027,2475.3574173441,2375.88043339773,819.902252116635,3672.61250346207,2315.2940017778,2985.21005536455,2653.19467649438,898.411480429542,2452.70743745109,4461.40145641396,570.475047206162
1264.89000109896,308.141926358883,1572.89459039112,2692.21464572034,3356.56739056436,2803.79354813907,896.837392043182,1719.97044321886,3314.00062877439,759.249729776002,1709.23310638523,2164.69536662964,2769.84894293939,1315.10816261656,2475.35741734388,2375.88043118957,819.891557713789,3672.61250346207,2315.29400176296,2985.21005536424,2653.19467649413,898.411473695947,2452.70743745109,4461.40145641396,570.091266568006
1264.88847151736,308.141926358883,1572.89459038559,2692.21464570874,3356.56739056365,2803.79354813907,896.837392043182,1719.97041847472,3314.00062877439,759.245946497031,1709.23309810695,2164.69536662964,2769.84792785294,1315.10816259484,2475.35741734367,2375.88043061632,819.891303615153,3672.61250346205,2315.29400176234,2985.21005536424,2653.19467649408,898.411471862519,2452.70743745108,4461.40145641396,570.091266568006
1264.88797449627,307.381196892538,1572.89459037658,2692.21464570419,3356.56739056327,2803.79354813836,892.659864097996,1719.97013856455,3314.00062877439,759.242106656697,1709.23308863221,2164.69535560595,2769.84761961566,1315.10816254942,2475.35741734364,2375.88042944747,819.885285189206,3672.61250346204,2315.29400176064,2985.21005536418,2653.19467649387,898.411470136953,2452.70743745102,4461.40145641396,563.019475443147
1264.88766003968,307.143131809495,1572.89459036774,2692.21464570112,3356.56739056327,2803.79354813812,890.930221012979,1719.97001119994,3314.00062877439,759.240376367054,1709.23308863221,2164.69534916847,2769.84737893309,1315.10816253112,2475.35741734357,2375.88042904798,819.882549800232,3672.61250346203,2315.29400175884,2985.21005536413,2653.19467649379,898.411467960992,2452.707437451,4461.40145641396,562.374627816758
1264.88760357316,306.913310965745,1572.89459036076,2692.21464569729,3356.56739056306,2803.79354813805,889.757619847695,1719.96993756624,3314.00062877439,759.239852450659,1709.23308342992,2164.69534251539,2769.84737893309,1315.10816251613,2475.35741734344,2375.88042891159,819.881950550021,3672.61250346203,2315.29400175796,2985.21005536405,2653.19467649375,898.411465614145,2452.70743745098,4461.40145641395,560.739468292881
1264.88751135497,306.743945752603,1572.89459036075,2692.21464569503,3356.56739056304,2803.79354813799,888.280329995514,1719.96990652257,3314.00062877439,759.238581978296,1709.23307811328,2164.69533977527,2769.84737893309,1315.1081625079,2475.35741734339,2375.88042862196,819.881350111018,3672.61250346202,2315.29400175678,2985.21005536404,2653.19467649371,898.411465493109,2452.70743745098,4461.40145641395,559.367624821554
1264.88736110585,306.568649065597,1572.89459035734,2692.21464569419,3356.56739056294,2803.79354813795,886.787372579827,1719.96988859361,3314.00062877439,759.237840627653,1709.23307563989,2164.69533843448,2769.84623885469,1315.10816249971,2475.35741734335,2375.88042844074,819.880740961416,3672.61250346202,2315.2940017561,2985.210055364,2653.1946764937,898.411464944867,2452.70743745097,4461.40145641395,558.562125695857
1264.88725724417,306.51710426116,1572.89459035659,2692.2146456938,3356.56739056287,2803.7935481379,886.436223700544,1719.96986826911,3314.00062877439,759.237698452471,1709.23307469316,2164.69533821838,2769.84623885469,1315.10816249595,2475.35741734334,2375.88042843091,819.880404831596,3672.61250346202,2315.29400175575,2985.21005536399,2653.1946764937,898.411464723902,2452.70743745096,4461.40145641395,558.23222955687
1264.88712527687,306.485593244473,1572.89459035448,2692.21464569279,3356.56739056284,2803.79354813788,885.704128037261,1719.96984479062,3314.00062877439,759.236714710978,1709.23307311219,2164.69533713657,2769.84611182997,1315.10816248952,2475.35741734333,2375.88042834533,819.879709003317,3672.61250346201,2315.29400175575,2985.21005536397,2653.19467649368,898.411464397819,2452.70743745096,4461.40145641395,557.799785326713
1264.88710615259,306.480445897216,1572.89459035434,2692.21464569252,3356.56739056283,2803.79354813787,885.62871613925,1719.96983920693,3314.00062877439,759.236714710978,1709.23307268158,2164.69533621545,2769.84596416436,1315.10816248698,2475.35741734332,2375.88042830354,819.879560606611,3672.61250346201,2315.29400175544,2985.21005536396,2653.19467649368,898.411463970326,2452.70743745096,4461.40145641395,557.701502554732
1264.88708971236,306.437060199407,1572.89459035294,2692.21464569206,3356.56739056279,2803.79354813784,885.271652368863,1719.96982879393,3314.00062877439,759.236549701478,1709.23307219523,2164.69533579559,2769.84564337693,1315.10816248698,2475.35741734331,2375.88042827879,819.879427986403,3672.61250346201,2315.2940017553,2985.21005536396,2653.19467649368,898.411463904109,2452.70743745096,4461.40145641395,557.466038982153
1264.88705912981,306.415308868587,1572.89459035213,2692.21464569192,3356.56739056278,2803.79354813784,885.271652368863,1719.96982799985,3314.00062877439,759.236313096566,1709.23307207784,2164.69533567784,2769.84551071808,1315.10816248667,2475.35741734331,2375.88042826666,819.879323564019,3672.61250346201,2315.2940017552,2985.21005536396,2653.19467649367,898.41146379004,2452.70743745096,4461.40145641395,557.260380909391
1264.88704844496,306.415308868587,1572.89459035167,2692.21464569177,3356.56739056277,2803.79354813783,885.123811451444,1719.96982624166,3314.00062877439,759.236221980565,1709.23307196664,2164.69533534542,2769.84538200055,1315.10816248558,2475.3574173433,2375.88042824902,819.879297688733,3672.61250346201,2315.29400175507,2985.21005536395,2653.19467649367,898.411463723445,2452.70743745096,4461.40145641395,557.093127239375
1264.88703482175,306.415308868587,1572.89459035167,2692.21464569177,3356.56739056276,2803.79354813782,885.095053595405,1719.96982497342,3314.00062877439,759.236185482825,1709.2330718574,2164.69533521523,2769.84527919647,1315.10816248508,2475.3574173433,2375.88042823807,819.879262723924,3672.61250346201,2315.29400175507,2985.21005536395,2653.19467649367,898.411463698751,2452.70743745095,4461.40145641395,557.007731390095
1264.8870344773,306.41198208766,1572.89459035135,2692.21464569165,3356.56739056276,2803.79354813782,884.898601392471,1719.96982368721,3314.00062877439,759.236055048999,1709.23307169102,2164.69533515705,2769.84519040024,1315.10816248454,2475.3574173433,2375.8804282293,819.879241664412,3672.61250346201,2315.29400175502,2985.21005536395,2653.19467649367,898.411463652381,2452.70743745095,4461.40145641395,556.970865290567
1264.88703044889,306.41198208766,1572.89459035135,2692.21464569163,3356.56739056275,2803.79354813782,884.898601392471,1719.96982366568,3314.00062877439,759.236005632863,1709.23307166366,2164.69533509793,2769.84519040024,1315.10816248431,2475.3574173433,2375.88042822613,819.879216942674,3672.61250346201,2315.29400175502,2985.21005536395,2653.19467649367,898.41146363084,2452.70743745095,4461.40145641395,556.946772054443
1264.88702492338,306.406118690526,1572.8945903513,2692.21464569158,3356.56739056275,2803.79354813782,884.876260821069,1719.96982313797,3314.00062877439,759.235948237039,1709.2330716319,2164.69533502662,2769.84496380502,1315.10816248398,2475.3574173433,2375.88042822303,819.879209257888,3672.61250346201,2315.29400175499,2985.21005536395,2653.19467649366,898.411463605702,2452.70743745095,4461.40145641395,556.891564287265
1264.88702306494,306.40417073097,1572.89459035118,2692.21464569158,3356.56739056275,2803.79354813781,884.825482848897,1719.96982274807,3314.00062877439,759.235923698769,1709.23307161189,2164.69533500315,2769.84496380502,1315.10816248397,2475.3574173433,2375.88042822156,819.879204667315,3672.61250346201,2315.29400175498,2985.21005536395,2653.19467649366,898.411463596351,2452.70743745095,4461.40145641395,556.889921021131
1264.88702131642,306.399064074132,1572.89459035116,2692.21464569156,3356.56739056275,2803.79354813781,884.801255910907,1719.96982243241,3314.00062877439,759.235917253081,1709.23307159314,2164.6953349666,2769.84495991457,1315.10816248395,2475.3574173433,2375.88042821853,819.879198294342,3672.61250346201,2315.29400175497,2985.21005536395,2653.19467649366,898.411463590857,2452.70743745095,4461.40145641395,556.865830422556
1264.88701991317,306.399064074132,1572.89459035115,2692.21464569155,3356.56739056275,2803.79354813781,884.77923250642,1719.969822306,3314.00062877439,759.235896478696,1709.23307158347,2164.69533496451,2769.84495617084,1315.10816248379,2475.3574173433,2375.88042821673,819.879194787673,3672.61250346201,2315.29400175496,2985.21005536395,2653.19467649366,898.41146358361,2452.70743745095,4461.40145641395,556.859517812001
1264.88701903205,306.397372120937,1572.89459035111,2692.21464569153,3356.56739056275,2803.79354813781,884.757681989797,1719.96982220292,3314.00062877439,759.235883478048,1709.23307156755,2164.69533495524,2769.84485604378,1315.10816248372,2475.3574173433,2375.88042821627,819.879191341422,3672.61250346201,2315.29400175496,2985.21005536395,2653.19467649366,898.41146358361,2452.70743745095,4461.40145641395,556.859517812001
1264.88701835787,306.397372120937,1572.89459035109,2692.21464569153,3356.56739056275,2803.79354813781,884.745469449754,1719.96982217018,3314.00062877439,759.235883097053,1709.23307156344,2164.69533494347,2769.84482597457,1315.10816248371,2475.3574173433,2375.88042821627,819.879189049374,3672.61250346201,2315.29400175496,2985.21005536394,2653.19467649366,898.411463581577,2452.70743745095,4461.40145641395,556.856479494705
1264.88701771996,306.397050222327,1572.89459035108,2692.21464569153,3356.56739056275,2803.79354813781,884.737042207595,1719.96982213495,3314.00062877439,759.235878076388,1709.233071561,2164.69533493949,2769.84481476793,1315.10816248368,2475.3574173433,2375.88042821616,819.879188447729,3672.61250346201,2315.29400175495,2985.21005536394,2653.19467649366,898.411463580183,2452.70743745095,4461.40145641395,556.854152319152
1264.88701751368,306.396469578041,1572.89459035108,2692.21464569153,3356.56739056275,2803.79354813781,884.734141378756,1719.96982211595,3314.00062877439,759.235874722348,1709.23307155787,2164.69533493445,2769.84481017652,1315.10816248367,2475.3574173433,2375.88042821602,819.879187731116,3672.61250346201,2315.29400175495,2985.21005536394,2653.19467649366,898.411463579541,2452.70743745095,4461.40145641395,556.85083676206
1264.88701715778,306.395833339582,1572.89459035107,2692.21464569153,3356.56739056275,2803.79354813781,884.731530936258,1719.96982209219,3314.00062877439,759.235872693898,1709.23307155475,2164.69533493133,2769.84474433781,1315.10816248363,2475.3574173433,2375.88042821588,819.879187235976,3672.61250346201,2315.29400175495,2985.21005536394,2653.19467649366,898.411463578786,2452.70743745095,4461.40145641395,556.849727293875
1264.88701715778,306.395818213576,1572.89459035107,2692.21464569153,3356.56739056275,2803.79354813781,884.730768033976,1719.96982209037,3314.00062877439,759.23587071912,1709.2330715542,2164.6953349313,2769.84474433781,1315.10816248363,2475.3574173433,2375.88042821578,819.879187057406,3672.61250346201,2315.29400175495,2985.21005536394,2653.19467649366,898.411463578419,2452.70743745095,4461.40145641395,556.848206224455
1264.88701708584,306.395448740617,1572.89459035107,2692.21464569152,3356.56739056275,2803.79354813781,884.728249206184,1719.96982207653,3314.00062877438,759.235869401191,1709.23307155304,2164.69533493037,2769.8447188259,1315.10816248361,2475.3574173433,2375.88042821572,819.879186700227,3672.61250346201,2315.29400175495,2985.21005536394,2653.19467649366,898.411463578181,2452.70743745095,4461.40145641395,556.847402424948
1264.88701703109,306.395448740617,1572.89459035107,2692.21464569152,3356.56739056275,2803.79354813781,884.728249206184,1719.96982207222,3314.00062877438,759.235869092325,1709.23307155283,2164.69533492905,2769.84471862994,1315.1081624836,2475.3574173433,2375.8804282157,819.879186575205,3672.61250346201,2315.29400175495,2985.21005536394,2653.19467649366,898.411463577995,2452.70743745095,4461.40145641395,556.846850956346
1264.88701695026,306.395354843793,1572.89459035106,2692.21464569152,3356.56739056275,2803.79354813781,884.727999873418,1719.96982206669,3314.00062877438,759.235868450567,1709.23307155252,2164.69533492783,2769.84468613026,1315.10816248359,2475.3574173433,2375.88042821566,819.879186436763,3672.61250346201,2315.29400175495,2985.21005536394,2653.19467649366,898.41146357799,2452.70743745095,4461.40145641395,556.846779060232
1264.88701694803,306.395315632068,1572.89459035106,2692.21464569152,3356.56739056275,2803.79354813781,884.727523582709,1719.96982206361,3314.00062877438,759.235868134405,1709.23307155231,2164.69533492762,2769.84465205533,1315.10816248359,2475.3574173433,2375.88042821565,819.87918641762,3672.61250346201,2315.29400175495,2985.21005536394,2653.19467649366,898.411463577846,2452.70743745095,4461.40145641395,556.846349763216
1264.88701693757,306.395251926118,1572.89459035106,2692.21464569152,3356.56739056275,2803.79354813781,884.726806446099,1719.96982206193,3314.00062877438,759.235867905483,1709.23307155218,2164.69533492712,2769.84465205533,1315.10816248359,2475.3574173433,2375.88042821564,819.879186367585,3672.61250346201,2315.29400175495,2985.21005536394,2653.19467649366,898.411463577777,2452.70743745095,4461.40145641395,556.84608468752
1264.8870169076,306.39522825034,1572.89459035106,2692.21464569152,3356.56739056275,2803.79354813781,884.726766306645,1719.96982206152,3314.00062877438,759.235867899682,1709.23307155217,2164.69533492687,2769.84465205533,1315.10816248359,2475.3574173433,2375.88042821563,819.879186324772,3672.61250346201,2315.29400175495,2985.21005536394,2653.19467649366,898.411463577735,2452.70743745095,4461.40145641395,556.845935153344
1264.88701689703,306.39521239701,1572.89459035106,2692.21464569152,3356.56739056275,2803.79354813781,884.726569013361,1719.96982206069,3314.00062877438,759.235867667485,1709.23307155206,2164.6953349267,2769.84465205533,1315.10816248359,2475.3574173433,2375.88042821563,819.879186283997,3672.61250346201,2315.29400175495,2985.21005536394,2653.19467649366,898.411463577688,2452.70743745095,4461.40145641395,556.845787922342
1264.88701689403,306.395198333958,1572.89459035106,2692.21464569152,3356.56739056275,2803.79354813781,884.726438478203,1719.96982206069,3314.00062877438,759.235867602112,1709.233071552,2164.69533492667,2769.84465205533,1315.10816248358,2475.3574173433,2375.88042821562,819.879186275582,3672.61250346201,2315.29400175495,2985.21005536394,2653.19467649366,898.411463577648,2452.70743745095,4461.40145641395,556.845761116003
1264.88701688517,306.395181762251,1572.89459035106,2692.21464569152,3356.56739056275,2803.79354813781,884.726393146659,1719.96982206055,3314.00062877438,759.235867560115,1709.23307155196,2164.69533492655,2769.84465205533,1315.10816248358,2475.3574173433,2375.88042821562,819.879186255284,3672.61250346201,2315.29400175495,2985.21005536394,2653.19467649366,898.411463577637,2452.70743745095,4461.40145641395,556.845667836298
1264.88701688044,306.395176886588,1572.89459035106,2692.21464569152,3356.56739056275,2803.79354813781,884.726308203893,1719.96982206013,3314.00062877438,759.235867530148,1709.23307155194,2164.69533492648,2769.84465205533,1315.10816248358,2475.3574173433,2375.88042821562,819.879186255012,3672.61250346201,2315.29400175495,2985.21005536394,2653.19467649366,898.411463577631,2452.70743745095,4461.40145641395,556.845649233928
1264.88701687426,306.395167632669,1572.89459035106,2692.21464569152,3356.56739056275,2803.79354813781,884.726308203893,1719.96982206007,3314.00062877438,759.235867493153,1709.23307155193,2164.69533492645,2769.84465205533,1315.10816248358,2475.35741734329,2375.88042821562,819.879186249855,3672.61250346201,2315.29400175495,2985.21005536394,2653.19467649366,898.411463577619,2452.70743745095,4461.40145641395,556.845619475174
1264.88701687426,306.395165751985,1572.89459035106,2692.21464569152,3356.56739056275,2803.79354813781,884.726300744494,1719.96982205997,3314.00062877438,759.235867485708,1709.23307155191,2164.69533492642,2769.84465205533,1315.10816248358,2475.35741734329,2375.88042821562,819.879186242983,3672.61250346201,2315.29400175495,2985.21005536394,2653.19467649366,898.411463577615,2452.70743745095,4461.40145641395,556.845616438757
1264.88701687178,306.39516293126,1572.89459035106,2692.21464569152,3356.56739056275,2803.79354813781,884.726290802268,1719.96982205987,3314.00062877438,759.235867467809,1709.2330715519,2164.69533492641,2769.84465056106,1315.10816248358,2475.35741734329,2375.88042821562,819.879186239828,3672.61250346201,2315.29400175495,2985.21005536394,2653.19467649366,898.411463577608,2452.70743745095,4461.40145641395,556.845601665278
1264.88701687083,306.395161689836,1572.89459035106,2692.21464569152,3356.56739056275,2803.79354813781,884.726285767676,1719.96982205987,3314.00062877438,759.235867467129,1709.2330715519,2164.69533492641,2769.84463248643,1315.10816248358,2475.35741734329,2375.88042821561,819.879186238159,3672.61250346201,2315.29400175495,2985.21005536394,2653.19467649366,898.411463577604,2452.70743745095,4461.40145641395,556.845597696387
1264.88701687031,306.395160286233,1572.89459035106,2692.21464569152,3356.56739056275,2803.79354813781,884.72627846996,1719.96982205981,3314.00062877438,759.235867453934,1709.23307155189,2164.69533492641,2769.84462460018,1315.10816248358,2475.35741734329,2375.88042821561,819.879186235321,3672.61250346201,2315.29400175495,2985.21005536394,2653.19467649366,898.411463577602,2452.70743745095,4461.40145641395,556.845594308148
1264.88701686986,306.395158438323,1572.89459035106,2692.21464569152,3356.56739056275,2803.79354813781,884.72627659864,1719.9698220598,3314.00062877438,759.235867445615,1709.23307155189,2164.6953349264,2769.84462460018,1315.10816248358,2475.35741734329,2375.88042821561,819.879186235272,3672.61250346201,2315.29400175495,2985.21005536394,2653.19467649366,898.411463577602,2452.70743745095,4461.40145641395,556.845589458755
1264.88701686972,306.395157767391,1572.89459035106,2692.21464569152,3356.56739056275,2803.79354813781,884.726274246419,1719.96982205979,3314.00062877438,759.235867437612,1709.23307155189,2164.69533492639,2769.84462063325,1315.10816248358,2475.35741734329,2375.88042821561,819.879186234233,3672.61250346201,2315.29400175495,2985.21005536394,2653.19467649366,898.4114635776,2452.70743745095,4461.40145641395,556.845587171552
1264.88701686949,306.395157723486,1572.89459035106,2692.21464569152,3356.56739056275,2803.79354813781,884.726271355898,1719.96982205979,3314.00062877438,759.235867436786,1709.23307155189,2164.69533492639,2769.84461800605,1315.10816248358,2475.35741734329,2375.88042821561,819.879186233797,3672.61250346201,2315.29400175495,2985.21005536394,2653.19467649366,898.4114635776,2452.70743745095,4461.40145641395,556.845587171552
1264.88701686942,306.395157415162,1572.89459035106,2692.21464569152,3356.56739056275,2803.79354813781,884.72627088706,1719.96982205977,3314.00062877438,759.235867434661,1709.23307155189,2164.69533492639,2769.84460940524,1315.10816248358,2475.35741734329,2375.88042821561,819.879186233704,3672.61250346201,2315.29400175495,2985.21005536394,2653.19467649366,898.4114635776,2452.70743745095,4461.40145641395,556.845585864236
1264.88701686923,306.395157239667,1572.89459035106,2692.21464569152,3356.56739056275,2803.79354813781,884.726269406412,1719.96982205976,3314.00062877438,759.23586743347,1709.23307155189,2164.69533492639,2769.84460940524,1315.10816248358,2475.35741734329,2375.88042821561,819.87918623336,3672.61250346201,2315.29400175495,2985.21005536394,2653.19467649366,898.4114635776,2452.70743745095,4461.40145641395,556.845584742323
1264.88701686923,306.395157071385,1572.89459035106,2692.21464569152,3356.56739056275,2803.79354813781,884.726269282502,1719.96982205975,3314.00062877438,759.235867431948,1709.23307155189,2164.69533492639,2769.84460463641,1315.10816248358,2475.35741734329,2375.88042821561,819.879186233349,3672.61250346201,2315.29400175495,2985.21005536394,2653.19467649366,898.411463577599,2452.70743745095,4461.40145641395,556.845584475705
1264.88701686917,306.395156952072,1572.89459035106,2692.21464569152,3356.56739056275,2803.79354813781,884.726268500493,1719.96982205974,3314.00062877438,759.235867431669,1709.23307155189,2164.69533492639,2769.84460463641,1315.10816248358,2475.35741734329,2375.88042821561,819.879186233204,3672.61250346201,2315.29400175495,2985.21005536394,2653.19467649366,898.411463577599,2452.70743745095,4461.40145641395,556.845583912042
1264.88701686916,306.395156918468,1572.89459035106,2692.21464569152,3356.56739056275,2803.79354813781,884.726268259867,1719.96982205974,3314.00062877438,759.235867431349,1709.23307155189,2164.69533492639,2769.84460463641,1315.10816248358,2475.35741734329,2375.88042821561,819.879186233136,3672.61250346201,2315.29400175495,2985.21005536394,2653.19467649366,898.411463577599,2452.70743745095,4461.40145641395,556.8455835281
1264.88701686911,306.395156845712,1572.89459035106,2692.21464569152,3356.56739056275,2803.79354813781,884.726268181565,1719.96982205974,3314.00062877438,759.235867430902,1709.23307155189,2164.69533492638,2769.84460463641,1315.10816248358,2475.35741734329,2375.88042821561,819.879186233096,3672.61250346201,2315.29400175495,2985.21005536394,2653.19467649366,898.411463577599,2452.70743745095,4461.40145641395,556.8455835281
1264.8870168691,306.395156809282,1572.89459035106,2692.21464569152,3356.56739056275,2803.79354813781,884.726268048455,1719.96982205974,3314.00062877438,759.235867430536,1709.23307155189,2164.69533492638,2769.84459829477,1315.10816248358,2475.35741734329,2375.88042821561,819.879186233056,3672.61250346201,2315.29400175495,2985.21005536394,2653.19467649366,898.411463577599,2452.70743745095,4461.40145641395,556.845583437407
1264.8870168691,306.395156785116,1572.89459035106,2692.21464569152,3356.56739056275,2803.79354813781,884.726267993228,1719.96982205974,3314.00062877438,759.235867429999,1709.23307155189,2164.69533492638,2769.84459829477,1315.10816248358,2475.35741734329,2375.88042821561,819.879186233042,3672.61250346201,2315.29400175495,2985.21005536394,2653.19467649366,898.411463577599,2452.70743745095,4461.40145641395,556.845583437407
1264.88701686908,306.395156760098,1572.89459035106,2692.21464569152,3356.56739056275,2803.79354813781,884.726267951872,1719.96982205974,3314.00062877438,759.235867429999,1709.23307155189,2164.69533492638,2769.84459829477,1315.10816248358,2475.35741734329,2375.88042821561,819.879186233007,3672.61250346201,2315.29400175495,2985.21005536394,2653.19467649366,898.411463577599,2452.70743745095,4461.40145641395,556.845583361533
1264.88701686907,306.395156753279,1572.89459035106,2692.21464569152,3356.56739056275,2803.79354813781,884.726267886655,1719.96982205974,3314.00062877438,759.235867429941,1709.23307155189,2164.69533492638,2769.84459829477,1315.10816248358,2475.35741734329,2375.88042821561,819.879186232994,3672.61250346201,2315.29400175495,2985.21005536394,2653.19467649366,898.411463577599,2452.70743745095,4461.40145641395,556.845583291208
1264.88701686907,306.395156741255,1572.89459035106,2692.21464569152,3356.56739056275,2803.79354813781,884.726267854005,1719.96982205974,3314.00062877438,759.235867429863,1709.23307155189,2164.69533492638,2769.84459829477,1315.10816248358,2475.35741734329,2375.88042821561,819.879186232987,3672.61250346201,2315.29400175495,2985.21005536394,2653.19467649366,898.411463577599,2452.70743745095,4461.40145641395,556.845583264687
1264.88701686906,306.395156738767,1572.89459035106,2692.21464569152,3356.56739056275,2803.79354813781,884.726267850645,1719.96982205974,3314.00062877438,759.23586742979,1709.23307155189,2164.69533492638,2769.84459829477,1315.10816248358,2475.35741734329,2375.88042821561,819.879186232978,3672.61250346201,2315.29400175495,2985.21005536394,2653.19467649366,898.411463577599,2452.70743745095,4461.40145641395,556.845583247865
1264.88701686906,306.395156734035,1572.89459035106,2692.21464569152,3356.56739056275,2803.79354813781,884.726267820901,1719.96982205974,3314.00062877438,759.235867429787,1709.23307155189,2164.69533492638,2769.84459829477,1315.10816248358,2475.35741734329,2375.88042821561,819.879186232976,3672.61250346201,2315.29400175495,2985.21005536394,2653.19467649366,898.411463577599,2452.70743745095,4461.40145641395,556.845583241304
1264.88701686906,306.395156730521,1572.89459035106,2692.21464569152,3356.56739056275,2803.79354813781,884.726267810764,1719.96982205974,3314.00062877438,759.235867429739,1709.23307155189,2164.69533492638,2769.84459829477,1315.10816248358,2475.35741734329,2375.88042821561,819.879186232974,3672.61250346201,2315.29400175495,2985.21005536394,2653.19467649366,898.411463577599,2452.70743745095,4461.40145641395,556.845583234126
1264.88701686906,306.395156727996,1572.89459035106,2692.21464569152,3356.56739056275,2803.79354813781,884.726267805574,1719.96982205974,3314.00062877438,759.235867429716,1709.23307155189,2164.69533492638,2769.84459806073,1315.10816248358,2475.35741734329,2375.88042821561,819.879186232971,3672.61250346201,2315.29400175495,2985.21005536394,2653.19467649366,898.411463577599,2452.70743745095,4461.40145641395,556.845583229915
1264.88701686906,306.395156727063,1572.89459035106,2692.21464569152,3356.56739056275,2803.79354813781,884.726267803171,1719.96982205974,3314.00062877438,759.235867429712,1709.23307155189,2164.69533492638,2769.84459704922,1315.10816248358,2475.35741734329,2375.88042821561,819.879186232967,3672.61250346201,2315.29400175495,2985.21005536394,2653.19467649366,898.411463577599,2452.70743745095,4461.40145641395,556.845583228216
1264.88701686906,306.395156726661,1572.89459035106,2692.21464569152,3356.56739056275,2803.79354813781,884.726267800153,1719.96982205974,3314.00062877438,759.235867429697,1709.23307155189,2164.69533492638,2769.84459572109,1315.10816248358,2475.35741734329,2375.88042821561,819.879186232967,3672.61250346201,2315.29400175495,2985.21005536394,2653.19467649366,898.411463577599,2452.70743745095,4461.40145641395,556.845583221955
1264.88701686906,306.395156725928,1572.89459035106,2692.21464569152,3356.56739056275,2803.79354813781,884.726267799535,1719.96982205974,3314.00062877438,759.23586742969,1709.23307155189,2164.69533492638,2769.84459506837,1315.10816248358,2475.35741734329,2375.88042821561,819.879186232967,3672.61250346201,2315.29400175495,2985.21005536394,2653.19467649366,898.411463577599,2452.70743745095,4461.40145641395,556.845583221513
1264.88701686906,306.395156725694,1572.89459035106,2692.21464569152,3356.56739056275,2803.79354813781,884.726267799415,1719.96982205974,3314.00062877438,759.235867429679,1709.23307155189,2164.69533492638,2769.84459506837,1315.10816248358,2475.35741734329,2375.88042821561,819.879186232967,3672.61250346201,2315.29400175495,2985.21005536394,2653.19467649366,898.411463577599,2452.70743745095,4461.40145641395,556.84558321988
1264.88701686906,306.395156725681,1572.89459035106,2692.21464569152,3356.56739056275,2803.79354813781,884.726267798678,1719.96982205974,3314.00062877438,759.235867429679,1709.23307155189,2164.69533492638,2769.84459506837,1315.10816248358,2475.35741734329,2375.88042821561,819.879186232965,3672.61250346201,2315.29400175495,2985.21005536394,2653.19467649366,898.411463577599,2452.70743745095,4461.40145641395,556.845583218961
1264.88701686906,306.395156725526,1572.89459035106,2692.21464569152,3356.56739056275,2803.79354813781,884.726267798114,1719.96982205974,3314.00062877438,759.235867429679,1709.23307155189,2164.69533492638,2769.84459506837,1315.10816248358,2475.35741734329,2375.88042821561,819.879186232964,3672.61250346201,2315.29400175495,2985.21005536394,2653.19467649366,898.411463577599,2452.70743745095,4461.40145641395,556.845583217844
1264.88701686906,306.395156725432,1572.89459035106,2692.21464569152,3356.56739056275,2803.79354813781,884.726267798114,1719.96982205974,3314.00062877438,759.235867429677,1709.23307155189,2164.69533492638,2769.84459506837,1315.10816248358,2475.35741734329,2375.88042821561,819.879186232964,3672.61250346201,2315.29400175495,2985.21005536394,2653.19467649366,898.411463577599,2452.70743745095,4461.40145641395,556.845583216762
1264.88701686906,306.395156725339,1572.89459035106,2692.21464569152,3356.56739056275,2803.79354813781,884.726267798062,1719.96982205974,3314.00062877438,759.235867429676,1709.23307155189,2164.69533492638,2769.8445946744,1315.10816248358,2475.35741734329,2375.88042821561,819.879186232964,3672.61250346201,2315.29400175495,2985.21005536394,2653.19467649366,898.411463577599,2452.70743745095,4461.40145641395,556.845583216253
1264.88701686906,306.395156725326,1572.89459035106,2692.21464569152,3356.56739056275,2803.79354813781,884.726267797854,1719.96982205974,3314.00062877438,759.235867429676,1709.23307155189,2164.69533492638,2769.84459442503,1315.10816248358,2475.35741734329,2375.88042821561,819.879186232964,3672.61250346201,2315.29400175495,2985.21005536394,2653.19467649366,898.411463577599,2452.70743745095,4461.40145641395,556.845583215951
1264.88701686906,306.395156725272,1572.89459035106,2692.21464569152,3356.56739056275,2803.79354813781,884.72626779772,1719.96982205974,3314.00062877438,759.235867429674,1709.23307155189,2164.69533492638,2769.84459401838,1315.10816248358,2475.35741734329,2375.88042821561,819.879186232964,3672.61250346201,2315.29400175495,2985.21005536394,2653.19467649366,898.411463577599,2452.70743745095,4461.40145641395,556.845583215832
1264.88701686906,306.395156725268,1572.89459035106,2692.21464569152,3356.56739056275,2803.79354813781,884.726267797645,1719.96982205974,3314.00062877438,759.235867429674,1709.23307155189,2164.69533492638,2769.84459398261,1315.10816248358,2475.35741734329,2375.88042821561,819.879186232964,3672.61250346201,2315.29400175495,2985.21005536394,2653.19467649366,898.411463577599,2452.70743745095,4461.40145641395,556.8455832157
1264.88701686906,306.395156725241,1572.89459035106,2692.21464569152,3356.56739056275,2803.79354813781,884.726267797541,1719.96982205974,3314.00062877438,759.235867429674,1709.23307155189,2164.69533492638,2769.8445938751,1315.10816248358,2475.35741734329,2375.88042821561,819.879186232964,3672.61250346201,2315.29400175495,2985.21005536394,2653.19467649366,898.411463577599,2452.70743745095,4461.40145641395,556.845583215545
1264.88701686906,306.395156725233,1572.89459035106,2692.21464569152,3356.56739056275,2803.79354813781,884.72626779754,1719.96982205974,3314.00062877438,759.235867429672,1709.23307155189,2164.69533492638,2769.8445938751,1315.10816248358,2475.35741734329,2375.88042821561,819.879186232964,3672.61250346201,2315.29400175495,2985.21005536394,2653.19467649366,898.411463577599,2452.70743745095,4461.40145641395,556.845583215545
1264.88701686906,306.395156725224,1572.89459035106,2692.21464569152,3356.56739056275,2803.79354813781,884.726267797512,1719.96982205974,3314.00062877438,759.235867429672,1709.23307155189,2164.69533492638,2769.8445938751,1315.10816248358,2475.35741734329,2375.88042821561,819.879186232964,3672.61250346201,2315.29400175495,2985.21005536394,2653.19467649366,898.411463577599,2452.70743745095,4461.40145641395,556.84558321552
1264.88701686906,306.395156725224,1572.89459035106,2692.21464569152,3356.56739056275,2803.79354813781,884.726267797492,1719.96982205973,3314.00062877438,759.235867429672,1709.23307155189,2164.69533492638,2769.8445938751,1315.10816248358,2475.35741734329,2375.88042821561,819.879186232964,3672.61250346201,2315.29400175495,2985.21005536394,2653.19467649366,898.411463577599,2452.70743745095,4461.40145641395,556.845583215505
1264.88701686906,306.395156725219,1572.89459035106,2692.21464569152,3356.56739056275,2803.79354813781,884.726267797481,1719.96982205973,3314.00062877438,759.235867429672,1709.23307155189,2164.69533492638,2769.8445938751,1315.10816248358,2475.35741734329,2375.88042821561,819.879186232964,3672.61250346201,2315.29400175495,2985.21005536394,2653.19467649366,898.411463577599,2452.70743745095,4461.40145641395,556.845583215496
1264.88701686906,306.395156725219,1572.89459035106,2692.21464569152,3356.56739056275,2803.79354813781,884.726267797469,1719.96982205973,3314.00062877438,759.235867429672,1709.23307155189,2164.69533492638,2769.8445938751,1315.10816248358,2475.35741734329,2375.88042821561,819.879186232964,3672.61250346201,2315.29400175495,2985.21005536394,2653.19467649366,898.411463577599,2452.70743745095,4461.40145641395,556.845583215478
1264.88701686906,306.395156725213,1572.89459035106,2692.21464569152,3356.56739056275,2803.79354813781,884.726267797454,1719.96982205973,3314.00062877438,759.235867429672,1709.23307155189,2164.69533492638,2769.8445938751,1315.10816248358,2475.35741734329,2375.88042821561,819.879186232962,3672.61250346201,2315.29400175495,2985.21005536394,2653.19467649366,898.411463577599,2452.70743745095,4461.40145641395,556.845583215472
1264.88701686906,306.395156725212,1572.89459035106,2692.21464569152,3356.56739056275,2803.79354813781,884.726267797452,1719.96982205973,3314.00062877438,759.235867429672,1709.23307155189,2164.69533492638,2769.8445938751,1315.10816248358,2475.35741734329,2375.88042821561,819.879186232962,3672.61250346201,2315.29400175495,2985.21005536394,2653.19467649366,898.411463577599,2452.70743745095,4461.40145641395,556.845583215463
1264.88701686906,306.395156725212,1572.89459035106,2692.21464569152,3356.56739056275,2803.79354813781,884.726267797447,1719.96982205973,3314.00062877438,759.235867429672,1709.23307155189,2164.69533492638,2769.8445938751,1315.10816248358,2475.35741734329,2375.88042821561,819.879186232962,3672.61250346201,2315.29400175495,2985.21005536394,2653.19467649366,898.411463577599,2452.70743745095,4461.40145641395,556.845583215463
1264.88701686906,306.39515672521,1572.89459035106,2692.21464569152,3356.56739056275,2803.79354813781,884.726267797445,1719.96982205973,3314.00062877438,759.235867429672,1709.23307155189,2164.69533492638,2769.8445938751,1315.10816248358,2475.35741734329,2375.88042821561,819.879186232962,3672.61250346201,2315.29400175495,2985.21005536394,2653.19467649366,898.411463577599,2452.70743745095,4461.40145641395,556.84558321546
1264.88701686906,306.39515672521,1572.89459035106,2692.21464569152,3356.56739056275,2803.79354813781,884.726267797445,1719.96982205973,3314.00062877438,759.235867429672,1709.23307155189,2164.69533492638,2769.8445938751,1315.10816248358,2475.35741734329,2375.88042821561,819.879186232962,3672.61250346201,2315.29400175495,2985.21005536394,2653.19467649366,898.411463577599,2452.70743745095,4461.40145641395,556.845583215456
1264.88701686906,306.395156725208,1572.89459035106,2692.21464569152,3356.56739056275,2803.79354813781,884.72626779744,1719.96982205973,3314.00062877438,759.235867429672,1709.23307155189,2164.69533492638,2769.8445938751,1315.10816248358,2475.35741734329,2375.88042821561,819.879186232962,3672.61250346201,2315.29400175495,2985.21005536394,2653.19467649366,898.411463577599,2452.70743745095,4461.40145641395,556.845583215452
1264.88701686906,306.395156725208,1572.89459035106,2692.21464569152,3356.56739056275,2803.79354813781,884.72626779744,1719.96982205973,3314.00062877438,759.235867429672,1709.23307155189,2164.69533492638,2769.8445938751,1315.10816248358,2475.35741734329,2375.88042821561,819.879186232962,3672.61250346201,2315.29400175495,2985.21005536394,2653.19467649366,898.411463577599,2452.70743745095,4461.40145641395,556.845583215452
1264.88701686906,306.395156725208,1572.89459035106,2692.21464569152,3356.56739056275,2803.79354813781,884.72626779744,1719.96982205973,3314.00062877438,759.235867429672,1709.23307155189,2164.69533492638,2769.8445938751,1315.10816248358,2475.35741734329,2375.88042821561,819.879186232962,3672.61250346201,2315.29400175495,2985.21005536394,2653.19467649366,898.411463577599,2452.70743745095,4461.40145641395,556.845583215452
1264.88701686906,306.395156725208,1572.89459035106,2692.21464569152,3356.56739056275,2803.79354813781,884.72626779744,1719.96982205973,3314.00062877438,759.235867429672,1709.23307155189,2164.69533492638,2769.8445938751,1315.10816248358,2475.35741734329,2375.88042821561,819.879186232962,3672.61250346201,2315.29400175495,2985.21005536394,2653.19467649366,898.411463577599,2452.70743745095,4461.40145641395,556.845583215452
1264.88701686906,306.395156725208,1572.89459035106,2692.21464569152,3356.56739056275,2803.79354813781,884.72626779744,1719.96982205973,3314.00062877438,759.235867429672,1709.23307155189,2164.69533492638,2769.8445938751,1315.10816248358,2475.35741734329,2375.88042821561,819.879186232962,3672.61250346201,2315.29400175495,2985.21005536394,2653.19467649366,898.411463577599,2452.70743745095,4461.40145641395,556.845583215452
1264.88701686906,306.395156725208,1572.89459035106,2692.21464569152,3356.56739056275,2803.79354813781,884.72626779744,1719.96982205973,3314.00062877438,759.235867429672,1709.23307155189,2164.69533492638,2769.8445938751,1315.10816248358,2475.35741734329,2375.88042821561,819.879186232962,3672.61250346201,2315.29400175495,2985.21005536394,2653.19467649366,898.411463577599,2452.70743745095,4461.40145641395,556.845583215452
1264.88701686906,306.395156725206,1572.89459035106,2692.21464569152,3356.56739056275,2803.79354813781,884.726267797438,1719.96982205973,3314.00062877438,759.235867429672,1709.23307155189,2164.69533492638,2769.8445938751,1315.10816248358,2475.35741734329,2375.88042821561,819.879186232962,3672.61250346201,2315.29400175495,2985.21005536394,2653.19467649366,898.411463577599,2452.70743745095,4461.40145641395,556.845583215452
1264.88701686906,306.395156725206,1572.89459035106,2692.21464569152,3356.56739056275,2803.79354813781,884.726267797438,1719.96982205973,3314.00062877438,759.235867429672,1709.23307155189,2164.69533492638,2769.8445938751,1315.10816248358,2475.35741734329,2375.88042821561,819.879186232962,3672.61250346201,2315.29400175495,2985.21005536394,2653.19467649366,898.411463577599,2452.70743745095,4461.40145641395,556.845583215452
1264.88701686906,306.395156725206,1572.89459035106,2692.21464569152,3356.56739056275,2803.79354813781,884.726267797438,1719.96982205973,3314.00062877438,759.235867429672,1709.23307155189,2164.69533492638,2769.8445938751,1315.10816248358,2475.35741734329,2375.88042821561,819.879186232962,3672.61250346201,2315.29400175495,2985.21005536394,2653.19467649366,898.411463577599,2452.70743745095,4461.40145641395,556.845583215452
1264.88701686906,306.395156725206,1572.89459035106,2692.21464569152,3356.56739056275,2803.79354813781,884.726267797438,1719.96982205973,3314.00062877438,759.235867429672,1709.23307155189,2164.69533492638,2769.8445938751,1315.10816248358,2475.35741734329,2375.88042821561,819.879186232962,3672.61250346201,2315.29400175495,2985.21005536394,2653.19467649366,898.411463577599,2452.70743745095,4461.40145641395,556.845583215452
1264.88701686906,306.395156725206,1572.89459035106,2692.21464569152,3356.56739056275,2803.79354813781,884.726267797438,1719.96982205973,3314.00062877438,759.235867429672,1709.23307155189,2164.69533492638,2769.8445938751,1315.10816248358,2475.35741734329,2375.88042821561,819.879186232962,3672.61250346201,2315.29400175495,2985.21005536394,2653.19467649366,898.411463577599,2452.70743745095,4461.40145641395,556.845583215452
1264.88701686906,306.395156725206,1572.89459035106,2692.21464569152,3356.56739056275,2803.79354813781,884.726267797436,1719.96982205973,3314.00062877438,759.235867429672,1709.23307155189,2164.69533492638,2769.8445938751,1315.10816248358,2475.35741734329,2375.88042821561,819.879186232962,3672.61250346201,2315.29400175495,2985.21005536394,2653.19467649366,898.411463577599,2452.70743745095,4461.40145641395,556.845583215452
1264.88701686906,306.395156725206,1572.89459035106,2692.21464569152,3356.56739056275,2803.79354813781,884.726267797436,1719.96982205973,3314.00062877438,759.235867429672,1709.23307155189,2164.69533492638,2769.8445938751,1315.10816248358,2475.35741734329,2375.88042821561,819.879186232962,3672.61250346201,2315.29400175495,2985.21005536394,2653.19467649366,898.411463577599,2452.70743745095,4461.40145641395,556.845583215452
1264.88701686906,306.395156725206,1572.89459035106,2692.21464569152,3356.56739056275,2803.79354813781,884.726267797436,1719.96982205973,3314.00062877438,759.235867429672,1709.23307155189,2164.69533492638,2769.8445938751,1315.10816248358,2475.35741734329,2375.88042821561,819.879186232962,3672.61250346201,2315.29400175495,2985.21005536394,2653.19467649366,898.411463577599,2452.70743745095,4461.40145641395,556.845583215452
1264.88701686906,306.395156725206,1572.89459035106,2692.21464569152,3356.56739056275,2803.79354813781,884.726267797436,1719.96982205973,3314.00062877438,759.235867429672,1709.23307155189,2164.69533492638,2769.8445938751,1315.10816248358,2475.35741734329,2375.88042821561,819.879186232962,3672.61250346201,2315.29400175495,2985.21005536394,2653.19467649366,898.411463577599,2452.70743745095,4461.40145641395,556.845583215452
1264.88701686906,306.395156725206,1572.89459035106,2692.21464569152,3356.56739056275,2803.79354813781,884.726267797436,1719.96982205973,3314.00062877438,759.235867429672,1709.23307155189,2164.69533492638,2769.8445938751,1315.10816248358,2475.35741734329,2375.88042821561,819.879186232962,3672.61250346201,2315.29400175495,2985.21005536394,2653.19467649366,898.411463577599,2452.70743745095,4461.40145641395,556.845583215452
1264.88701686906,306.395156725206,1572.89459035106,2692.21464569152,3356.56739056275,2803.79354813781,884.726267797436,1719.96982205973,3314.00062877438,759.235867429672,1709.23307155189,2164.69533492638,2769.8445938751,1315.10816248358,2475.35741734329,2375.88042821561,819.879186232962,3672.61250346201,2315.29400175495,2985.21005536394,2653.19467649366,898.411463577599,2452.70743745095,4461.40145641395,556.845583215452
1264.88701686906,306.395156725206,1572.89459035106,2692.21464569152,3356.56739056275,2803.79354813781,884.726267797436,1719.96982205973,3314.00062877438,759.235867429672,1709.23307155189,2164.69533492638,2769.8445938751,1315.10816248358,2475.35741734329,2375.88042821561,819.879186232962,3672.61250346201,2315.29400175495,2985.21005536394,2653.19467649366,898.411463577599,2452.70743745095,4461.40145641395,556.845583215452
1264.88701686906,306.395156725206,1572.89459035106,2692.21464569152,3356.56739056275,2803.79354813781,884.726267797436,1719.96982205973,3314.00062877438,759.235867429672,1709.23307155189,2164.69533492638,2769.8445938751,1315.10816248358,2475.35741734329,2375.88042821561,819.879186232962,3672.61250346201,2315.29400175495,2985.21005536394,2653.19467649366,898.411463577599,2452.70743745095,4461.40145641395,556.845583215452
1264.88701686906,306.395156725206,1572.89459035106,2692.21464569152,3356.56739056275,2803.79354813781,884.726267797436,1719.96982205973,3314.00062877438,759.235867429672,1709.23307155189,2164.69533492638,2769.8445938751,1315.10816248358,2475.35741734329,2375.88042821561,819.879186232962,3672.61250346201,2315.29400175495,2985.21005536394,2653.19467649366,898.411463577599,2452.70743745095,4461.40145641395,556.845583215452
1264.88701686906,306.395156725206,1572.89459035106,2692.21464569152,3356.56739056275,2803.79354813781,884.726267797436,1719.96982205973,3314.00062877438,759.235867429672,1709.23307155189,2164.69533492638,2769.8445938751,1315.10816248358,2475.35741734329,2375.88042821561,819.879186232962,3672.61250346201,2315.29400175495,2985.21005536394,2653.19467649366,898.411463577599,2452.70743745095,4461.40145641395,556.845583215452
1264.88701686906,306.395156725206,1572.89459035106,2692.21464569152,3356.56739056275,2803.79354813781,884.726267797436,1719.96982205973,3314.00062877438,759.235867429672,1709.23307155189,2164.69533492638,2769.8445938751,1315.10816248358,2475.35741734329,2375.88042821561,819.879186232962,3672.61250346201,2315.29400175495,2985.21005536394,2653.19467649366,898.411463577599,2452.70743745095,4461.40145641395,556.845583215452
1264.88701686906,306.395156725206,1572.89459035106,2692.21464569152,3356.56739056275,2803.79354813781,884.726267797436,1719.96982205973,3314.00062877438,759.235867429672,1709.23307155189,2164.69533492638,2769.8445938751,1315.10816248358,2475.35741734329,2375.88042821561,819.879186232962,3672.61250346201,2315.29400175495,2985.21005536394,2653.19467649366,898.411463577599,2452.70743745095,4461.40145641395,556.845583215452
1264.88701686906,306.395156725206,1572.89459035106,2692.21464569152,3356.56739056275,2803.79354813781,884.726267797436,1719.96982205973,3314.00062877438,759.235867429672,1709.23307155189,2164.69533492638,2769.8445938751,1315.10816248358,2475.35741734329,2375.88042821561,819.879186232962,3672.61250346201,2315.29400175495,2985.21005536394,2653.19467649366,898.411463577599,2452.70743745095,4461.40145641395,556.845583215452
1264.88701686906,306.395156725206,1572.89459035106,2692.21464569152,3356.56739056275,2803.79354813781,884.726267797436,1719.96982205973,3314.00062877438,759.235867429672,1709.23307155189,2164.69533492638,2769.8445938751,1315.10816248358,2475.35741734329,2375.88042821561,819.879186232962,3672.61250346201,2315.29400175495,2985.21005536394,2653.19467649366,898.411463577599,2452.70743745095,4461.40145641395,556.845583215452
1264.88701686906,306.395156725204,1572.89459035106,2692.21464569152,3356.56739056275,2803.79354813781,884.726267797436,1719.96982205973,3314.00062877438,759.235867429672,1709.23307155189,2164.69533492638,2769.8445938751,1315.10816248358,2475.35741734329,2375.88042821561,819.879186232962,3672.61250346201,2315.29400175495,2985.21005536394,2653.19467649366,898.411463577599,2452.70743745095,4461.40145641395,556.84558321545
1264.88701686906,306.395156725204,1572.89459035106,2692.21464569152,3356.56739056275,2803.79354813781,884.726267797436,1719.96982205973,3314.00062877438,759.235867429672,1709.23307155189,2164.69533492638,2769.8445938751,1315.10816248358,2475.35741734329,2375.88042821561,819.879186232962,3672.61250346201,2315.29400175495,2985.21005536394,2653.19467649366,898.411463577599,2452.70743745095,4461.40145641395,556.84558321545
1264.88701686906,306.395156725204,1572.89459035106,2692.21464569152,3356.56739056275,2803.79354813781,884.726267797436,1719.96982205973,3314.00062877438,759.235867429672,1709.23307155189,2164.69533492638,2769.8445938751,1315.10816248358,2475.35741734329,2375.88042821561,819.879186232962,3672.61250346201,2315.29400175495,2985.21005536394,2653.19467649366,898.411463577599,2452.70743745095,4461.40145641395,556.84558321545
1264.88701686906,306.395156725204,1572.89459035106,2692.21464569152,3356.56739056275,2803.79354813781,884.726267797436,1719.96982205973,3314.00062877438,759.235867429672,1709.23307155189,2164.69533492638,2769.8445938751,1315.10816248358,2475.35741734329,2375.88042821561,819.879186232962,3672.61250346201,2315.29400175495,2985.21005536394,2653.19467649366,898.411463577599,2452.70743745095,4461.40145641395,556.84558321545
1264.88701686906,306.395156725204,1572.89459035106,2692.21464569152,3356.56739056275,2803.79354813781,884.726267797436,1719.96982205973,3314.00062877438,759.235867429672,1709.23307155189,2164.69533492638,2769.8445938751,1315.10816248358,2475.35741734329,2375.88042821561,819.879186232962,3672.61250346201,2315.29400175495,2985.21005536394,2653.19467649366,898.411463577599,2452.70743745095,4461.40145641395,556.84558321545
1264.88701686906,306.395156725204,1572.89459035106,2692.21464569152,3356.56739056275,2803.79354813781,884.726267797436,1719.96982205973,3314.00062877438,759.235867429672,1709.23307155189,2164.69533492638,2769.8445938751,1315.10816248358,2475.35741734329,2375.88042821561,819.879186232962,3672.61250346201,2315.29400175495,2985.21005536394,2653.19467649366,898.411463577599,2452.70743745095,4461.40145641395,556.84558321545
1264.88701686906,306.395156725204,1572.89459035106,2692.21464569152,3356.56739056275,2803.79354813781,884.726267797436,1719.96982205973,3314.00062877438,759.235867429672,1709.23307155189,2164.69533492638,2769.8445938751,1315.10816248358,2475.35741734329,2375.88042821561,819.879186232962,3672.61250346201,2315.29400175495,2985.21005536394,2653.19467649366,898.411463577599,2452.70743745095,4461.40145641395,556.84558321545
1264.88701686906,306.395156725204,1572.89459035106,2692.21464569152,3356.56739056275,2803.79354813781,884.726267797436,1719.96982205973,3314.00062877438,759.235867429672,1709.23307155189,2164.69533492638,2769.8445938751,1315.10816248358,2475.35741734329,2375.88042821561,819.879186232962,3672.61250346201,2315.29400175495,2985.21005536394,2653.19467649366,898.411463577599,2452.70743745095,4461.40145641395,556.84558321545
1264.88701686906,306.395156725204,1572.89459035106,2692.21464569152,3356.56739056275,2803.79354813781,884.726267797436,1719.96982205973,3314.00062877438,759.235867429672,1709.23307155189,2164.69533492638,2769.8445938751,1315.10816248358,2475.35741734329,2375.88042821561,819.879186232962,3672.61250346201,2315.29400175495,2985.21005536394,2653.19467649366,898.411463577599,2452.70743745095,4461.40145641395,556.84558321545
1264.88701686906,306.395156725204,1572.89459035106,2692.21464569152,3356.56739056275,2803.79354813781,884.726267797436,1719.96982205973,3314.00062877438,759.235867429672,1709.23307155189,2164.69533492638,2769.8445938751,1315.10816248358,2475.35741734329,2375.88042821561,819.879186232962,3672.61250346201,2315.29400175495,2985.21005536394,2653.19467649366,898.411463577599,2452.70743745095,4461.40145641395,556.84558321545
1264.88701686906,306.395156725204,1572.89459035106,2692.21464569152,3356.56739056275,2803.79354813781,884.726267797436,1719.96982205973,3314.00062877438,759.235867429672,1709.23307155189,2164.69533492638,2769.8445938751,1315.10816248358,2475.35741734329,2375.88042821561,819.879186232962,3672.61250346201,2315.29400175495,2985.21005536394,2653.19467649366,898.411463577599,2452.70743745095,4461.40145641395,556.84558321545
1264.88701686906,306.395156725204,1572.89459035106,2692.21464569152,3356.56739056275,2803.79354813781,884.726267797436,1719.96982205973,3314.00062877438,759.235867429672,1709.23307155189,2164.69533492638,2769.8445938751,1315.10816248358,2475.35741734329,2375.88042821561,819.879186232962,3672.61250346201,2315.29400175495,2985.21005536394,2653.19467649366,898.411463577599,2452.70743745095,4461.40145641395,556.84558321545
1264.88701686906,306.395156725204,1572.89459035106,2692.21464569152,3356.56739056275,2803.79354813781,884.726267797436,1719.96982205973,3314.00062877438,759.235867429672,1709.23307155189,2164.69533492638,2769.8445938751,1315.10816248358,2475.35741734329,2375.88042821561,819.879186232962,3672.61250346201,2315.29400175495,2985.21005536394,2653.19467649366,898.411463577599,2452.70743745095,4461.40145641395,556.84558321545
1264.88701686906,306.395156725204,1572.89459035106,2692.21464569152,3356.56739056275,2803.79354813781,884.726267797436,1719.96982205973,3314.00062877438,759.235867429672,1709.23307155189,2164.69533492638,2769.8445938751,1315.10816248358,2475.35741734329,2375.88042821561,819.879186232962,3672.61250346201,2315.29400175495,2985.21005536394,2653.19467649366,898.411463577599,2452.70743745095,4461.40145641395,556.84558321545
1264.88701686906,306.395156725204,1572.89459035106,2692.21464569152,3356.56739056275,2803.79354813781,884.726267797436,1719.96982205973,3314.00062877438,759.235867429672,1709.23307155189,2164.69533492638,2769.8445938751,1315.10816248358,2475.35741734329,2375.88042821561,819.879186232962,3672.61250346201,2315.29400175495,2985.21005536394,2653.19467649366,898.411463577599,2452.70743745095,4461.40145641395,556.84558321545
1264.88701686906,306.395156725204,1572.89459035106,2692.21464569152,3356.56739056275,2803.79354813781,884.726267797436,1719.96982205973,3314.00062877438,759.235867429672,1709.23307155189,2164.69533492638,2769.8445938751,1315.10816248358,2475.35741734329,2375.88042821561,819.879186232962,3672.61250346201,2315.29400175495,2985.21005536394,2653.19467649366,898.411463577599,2452.70743745095,4461.40145641395,556.84558321545
1264.88701686906,306.395156725204,1572.89459035106,2692.21464569152,3356.56739056275,2803.79354813781,884.726267797436,1719.96982205973,3314.00062877438,759.235867429672,1709.23307155189,2164.69533492638,2769.8445938751,1315.10816248358,2475.35741734329,2375.88042821561,819.879186232962,3672.61250346201,2315.29400175495,2985.21005536394,2653.19467649366,898.411463577599,2452.70743745095,4461.40145641395,556.84558321545
1264.88701686906,306.395156725204,1572.89459035106,2692.21464569152,3356.56739056275,2803.79354813781,884.726267797436,1719.96982205973,3314.00062877438,759.235867429672,1709.23307155189,2164.69533492638,2769.8445938751,1315.10816248358,2475.35741734329,2375.88042821561,819.879186232962,3672.61250346201,2315.29400175495,2985.21005536394,2653.19467649366,898.411463577599,2452.70743745095,4461.40145641395,556.84558321545
1264.88701686906,306.395156725204,1572.89459035106,2692.21464569152,3356.56739056275,2803.79354813781,884.726267797436,1719.96982205973,3314.00062877438,759.235867429672,1709.23307155189,2164.69533492638,2769.8445938751,1315.10816248358,2475.35741734329,2375.88042821561,819.879186232962,3672.61250346201,2315.29400175495,2985.21005536394,2653.19467649366,898.411463577599,2452.70743745095,4461.40145641395,556.84558321545
1264.88701686906,306.395156725204,1572.89459035106,2692.21464569152,3356.56739056275,2803.79354813781,884.726267797436,1719.96982205973,3314.00062877438,759.235867429672,1709.23307155189,2164.69533492638,2769.8445938751,1315.10816248358,2475.35741734329,2375.88042821561,819.879186232962,3672.61250346201,2315.29400175495,2985.21005536394,2653.19467649366,898.411463577599,2452.70743745095,4461.40145641395,556.84558321545
1264.88701686906,306.395156725204,1572.89459035106,2692.21464569152,3356.56739056275,2803.79354813781,884.726267797436,1719.96982205973,3314.00062877438,759.235867429672,1709.23307155189,2164.69533492638,2769.8445938751,1315.10816248358,2475.35741734329,2375.88042821561,819.879186232962,3672.61250346201,2315.29400175495,2985.21005536394,2653.19467649366,898.411463577599,2452.70743745095,4461.40145641395,556.84558321545
1264.88701686906,306.395156725204,1572.89459035106,2692.21464569152,3356.56739056275,2803.79354813781,884.726267797436,1719.96982205973,3314.00062877438,759.23586742967,1709.23307155189,2164.69533492638,2769.8445938751,1315.10816248358,2475.35741734329,2375.88042821561,819.879186232962,3672.61250346201,2315.29400175495,2985.21005536394,2653.19467649366,898.411463577599,2452.70743745095,4461.40145641395,556.84558321545
1264.88701686906,306.395156725204,1572.89459035106,2692.21464569152,3356.56739056275,2803.79354813781,884.726267797436,1719.96982205973,3314.00062877438,759.23586742967,1709.23307155189,2164.69533492638,2769.8445938751,1315.10816248358,2475.35741734329,2375.88042821561,819.879186232962,3672.61250346201,2315.29400175495,2985.21005536394,2653.19467649366,898.411463577599,2452.70743745095,4461.40145641395,556.84558321545
1264.88701686906,306.395156725204,1572.89459035106,2692.21464569152,3356.56739056275,2803.79354813781,884.726267797436,1719.96982205973,3314.00062877438,759.23586742967,1709.23307155189,2164.69533492638,2769.8445938751,1315.10816248358,2475.35741734329,2375.88042821561,819.879186232962,3672.61250346201,2315.29400175495,2985.21005536394,2653.19467649366,898.411463577599,2452.70743745095,4461.40145641395,556.84558321545
1264.88701686906,306.395156725204,1572.89459035106,2692.21464569152,3356.56739056275,2803.79354813781,884.726267797436,1719.96982205973,3314.00062877438,759.23586742967,1709.23307155189,2164.69533492638,2769.8445938751,1315.10816248358,2475.35741734329,2375.88042821561,819.879186232962,3672.61250346201,2315.29400175495,2985.21005536394,2653.19467649366,898.411463577599,2452.70743745095,4461.40145641395,556.84558321545
1264.88701686906,306.395156725204,1572.89459035106,2692.21464569152,3356.56739056275,2803.79354813781,884.726267797436,1719.96982205973,3314.00062877438,759.23586742967,1709.23307155189,2164.69533492638,2769.8445938751,1315.10816248358,2475.35741734329,2375.88042821561,819.879186232962,3672.61250346201,2315.29400175495,2985.21005536394,2653.19467649366,898.411463577599,2452.70743745095,4461.40145641395,556.84558321545
1264.88701686906,306.395156725204,1572.89459035106,2692.21464569152,3356.56739056275,2803.79354813781,884.726267797436,1719.96982205973,3314.00062877438,759.23586742967,1709.23307155189,2164.69533492638,2769.8445938751,1315.10816248358,2475.35741734329,2375.88042821561,819.879186232962,3672.61250346201,2315.29400175495,2985.21005536394,2653.19467649366,898.411463577599,2452.70743745095,4461.40145641395,556.84558321545
1264.88701686906,306.395156725204,1572.89459035106,2692.21464569152,3356.56739056275,2803.79354813781,884.726267797436,1719.96982205973,3314.00062877438,759.23586742967,1709.23307155189,2164.69533492638,2769.8445938751,1315.10816248358,2475.35741734329,2375.88042821561,819.879186232962,3672.61250346201,2315.29400175495,2985.21005536394,2653.19467649366,898.411463577599,2452.70743745095,4461.40145641395,556.84558321545
1264.88701686906,306.395156725204,1572.89459035106,2692.21464569152,3356.56739056275,2803.79354813781,884.726267797436,1719.96982205973,3314.00062877438,759.23586742967,1709.23307155189,2164.69533492638,2769.8445938751,1315.10816248358,2475.35741734329,2375.88042821561,819.879186232962,3672.61250346201,2315.29400175495,2985.21005536394,2653.19467649366,898.411463577599,2452.70743745095,4461.40145641395,556.84558321545
1264.88701686906,306.395156725204,1572.89459035106,2692.21464569152,3356.56739056275,2803.79354813781,884.726267797436,1719.96982205973,3314.00062877438,759.23586742967,1709.23307155189,2164.69533492638,2769.8445938751,1315.10816248358,2475.35741734329,2375.88042821561,819.879186232962,3672.61250346201,2315.29400175495,2985.21005536394,2653.19467649366,898.411463577599,2452.70743745095,4461.40145641395,556.84558321545
1264.88701686906,306.395156725204,1572.89459035106,2692.21464569152,3356.56739056275,2803.79354813781,884.726267797436,1719.96982205973,3314.00062877438,759.23586742967,1709.23307155189,2164.69533492638,2769.8445938751,1315.10816248358,2475.35741734329,2375.88042821561,819.879186232962,3672.61250346201,2315.29400175495,2985.21005536394,2653.19467649366,898.411463577599,2452.70743745095,4461.40145641395,556.84558321545
1264.88701686906,306.395156725204,1572.89459035106,2692.21464569152,3356.56739056275,2803.79354813781,884.726267797436,1719.96982205973,3314.00062877438,759.23586742967,1709.23307155189,2164.69533492638,2769.8445938751,1315.10816248358,2475.35741734329,2375.88042821561,819.879186232962,3672.61250346201,2315.29400175495,2985.21005536394,2653.19467649366,898.411463577599,2452.70743745095,4461.40145641395,556.84558321545
1264.88701686906,306.395156725204,1572.89459035106,2692.21464569152,3356.56739056275,2803.79354813781,884.726267797436,1719.96982205973,3314.00062877438,759.23586742967,1709.23307155189,2164.69533492638,2769.8445938751,1315.10816248358,2475.35741734329,2375.88042821561,819.879186232962,3672.61250346201,2315.29400175495,2985.21005536394,2653.19467649366,898.411463577599,2452.70743745095,4461.40145641395,556.84558321545
1264.88701686906,306.395156725204,1572.89459035106,2692.21464569152,3356.56739056275,2803.79354813781,884.726267797436,1719.96982205973,3314.00062877438,759.23586742967,1709.23307155189,2164.69533492638,2769.8445938751,1315.10816248358,2475.35741734329,2375.88042821561,819.879186232962,3672.61250346201,2315.29400175495,2985.21005536394,2653.19467649366,898.411463577599,2452.70743745095,4461.40145641395,556.84558321545
1264.88701686906,306.395156725204,1572.89459035106,2692.21464569152,3356.56739056275,2803.79354813781,884.726267797436,1719.96982205973,3314.00062877438,759.23586742967,1709.23307155189,2164.69533492638,2769.8445938751,1315.10816248358,2475.35741734329,2375.88042821561,819.879186232962,3672.61250346201,2315.29400175495,2985.21005536394,2653.19467649366,898.411463577599,2452.70743745095,4461.40145641395,556.84558321545
1264.88701686906,306.395156725204,1572.89459035106,2692.21464569152,3356.56739056275,2803.79354813781,884.726267797436,1719.96982205973,3314.00062877438,759.23586742967,1709.23307155189,2164.69533492638,2769.8445938751,1315.10816248358,2475.35741734329,2375.88042821561,819.879186232962,3672.61250346201,2315.29400175495,2985.21005536394,2653.19467649366,898.411463577599,2452.70743745095,4461.40145641395,556.84558321545
1264.88701686906,306.395156725204,1572.89459035106,2692.21464569152,3356.56739056275,2803.79354813781,884.726267797436,1719.96982205973,3314.00062877438,759.23586742967,1709.23307155189,2164.69533492638,2769.8445938751,1315.10816248358,2475.35741734329,2375.88042821561,819.879186232962,3672.61250346201,2315.29400175495,2985.21005536394,2653.19467649366,898.411463577599,2452.70743745095,4461.40145641395,556.84558321545
1264.88701686906,306.395156725204,1572.89459035106,2692.21464569152,3356.56739056275,2803.79354813781,884.726267797436,1719.96982205973,3314.00062877438,759.23586742967,1709.23307155189,2164.69533492638,2769.8445938751,1315.10816248358,2475.35741734329,2375.88042821561,819.879186232962,3672.61250346201,2315.29400175495,2985.21005536394,2653.19467649366,898.411463577599,2452.70743745095,4461.40145641395,556.84558321545
1264.88701686906,306.395156725204,1572.89459035106,2692.21464569152,3356.56739056275,2803.79354813781,884.726267797436,1719.96982205973,3314.00062877438,759.23586742967,1709.23307155189,2164.69533492638,2769.8445938751,1315.10816248358,2475.35741734329,2375.88042821561,819.879186232962,3672.61250346201,2315.29400175495,2985.21005536394,2653.19467649366,898.411463577599,2452.70743745095,4461.40145641395,556.84558321545
1264.88701686906,306.395156725204,1572.89459035106,2692.21464569152,3356.56739056275,2803.79354813781,884.726267797436,1719.96982205973,3314.00062877438,759.23586742967,1709.23307155189,2164.69533492638,2769.8445938751,1315.10816248358,2475.35741734329,2375.88042821561,819.879186232962,3672.61250346201,2315.29400175495,2985.21005536394,2653.19467649366,898.411463577599,2452.70743745095,4461.40145641395,556.84558321545
1264.88701686906,306.395156725204,1572.89459035106,2692.21464569152,3356.56739056275,2803.79354813781,884.726267797436,1719.96982205973,3314.00062877438,759.23586742967,1709.23307155189,2164.69533492638,2769.8445938751,1315.10816248358,2475.35741734329,2375.88042821561,819.879186232962,3672.61250346201,2315.29400175495,2985.21005536394,2653.19467649366,898.411463577599,2452.70743745095,4461.40145641395,556.84558321545
1264.88701686906,306.395156725204,1572.89459035106,2692.21464569152,3356.56739056275,2803.79354813781,884.726267797436,1719.96982205973,3314.00062877438,759.23586742967,1709.23307155189,2164.69533492638,2769.8445938751,1315.10816248358,2475.35741734329,2375.88042821561,819.879186232962,3672.61250346201,2315.29400175495,2985.21005536394,2653.19467649366,898.411463577599,2452.70743745095,4461.40145641395,556.84558321545
1264.88701686906,306.395156725204,1572.89459035106,2692.21464569152,3356.56739056275,2803.79354813781,884.726267797436,1719.96982205973,3314.00062877438,759.23586742967,1709.23307155189,2164.69533492638,2769.8445938751,1315.10816248358,2475.35741734329,2375.88042821561,819.879186232962,3672.61250346201,2315.29400175495,2985.21005536394,2653.19467649366,898.411463577599,2452.70743745095,4461.40145641395,556.84558321545
1264.88701686906,306.395156725204,1572.89459035106,2692.21464569152,3356.56739056275,2803.79354813781,884.726267797436,1719.96982205973,3314.00062877438,759.23586742967,1709.23307155189,2164.69533492638,2769.8445938751,1315.10816248358,2475.35741734329,2375.88042821561,819.879186232962,3672.61250346201,2315.29400175495,2985.21005536394,2653.19467649366,898.411463577599,2452.70743745095,4461.40145641395,556.84558321545
1264.88701686906,306.395156725204,1572.89459035106,2692.21464569152,3356.56739056275,2803.79354813781,884.726267797436,1719.96982205973,3314.00062877438,759.23586742967,1709.23307155189,2164.69533492638,2769.8445938751,1315.10816248358,2475.35741734329,2375.88042821561,819.879186232962,3672.61250346201,2315.29400175495,2985.21005536394,2653.19467649366,898.411463577599,2452.70743745095,4461.40145641395,556.84558321545
1264.88701686906,306.395156725204,1572.89459035106,2692.21464569152,3356.56739056275,2803.79354813781,884.726267797436,1719.96982205973,3314.00062877438,759.23586742967,1709.23307155189,2164.69533492638,2769.8445938751,1315.10816248358,2475.35741734329,2375.88042821561,819.879186232962,3672.61250346201,2315.29400175495,2985.21005536394,2653.19467649366,898.411463577599,2452.70743745095,4461.40145641395,556.84558321545
1264.88701686906,306.395156725204,1572.89459035106,2692.21464569152,3356.56739056275,2803.79354813781,884.726267797436,1719.96982205973,3314.00062877438,759.23586742967,1709.23307155189,2164.69533492638,2769.8445938751,1315.10816248358,2475.35741734329,2375.88042821561,819.879186232962,3672.61250346201,2315.29400175495,2985.21005536394,2653.19467649366,898.411463577599,2452.70743745095,4461.40145641395,556.84558321545
1264.88701686906,306.395156725204,1572.89459035106,2692.21464569152,3356.56739056275,2803.79354813781,884.726267797436,1719.96982205973,3314.00062877438,759.23586742967,1709.23307155189,2164.69533492638,2769.8445938751,1315.10816248358,2475.35741734329,2375.88042821561,819.879186232962,3672.61250346201,2315.29400175495,2985.21005536394,2653.19467649366,898.411463577599,2452.70743745095,4461.40145641395,556.84558321545
1264.88701686906,306.395156725204,1572.89459035106,2692.21464569152,3356.56739056275,2803.79354813781,884.726267797436,1719.96982205973,3314.00062877438,759.23586742967,1709.23307155189,2164.69533492638,2769.8445938751,1315.10816248358,2475.35741734329,2375.88042821561,819.879186232962,3672.61250346201,2315.29400175495,2985.21005536394,2653.19467649366,898.411463577599,2452.70743745095,4461.40145641395,556.84558321545
1264.88701686906,306.395156725204,1572.89459035106,2692.21464569152,3356.56739056275,2803.79354813781,884.726267797436,1719.96982205973,3314.00062877438,759.23586742967,1709.23307155189,2164.69533492638,2769.8445938751,1315.10816248358,2475.35741734329,2375.88042821561,819.879186232962,3672.61250346201,2315.29400175495,2985.21005536394,2653.19467649366,898.411463577599,2452.70743745095,4461.40145641395,556.84558321545
1264.88701686906,306.395156725204,1572.89459035106,2692.21464569152,3356.56739056275,2803.79354813781,884.726267797436,1719.96982205973,3314.00062877438,759.23586742967,1709.23307155189,2164.69533492638,2769.8445938751,1315.10816248358,2475.35741734329,2375.88042821561,819.879186232962,3672.61250346201,2315.29400175495,2985.21005536394,2653.19467649366,898.411463577599,2452.70743745095,4461.40145641395,556.84558321545
1264.88701686906,306.395156725204,1572.89459035106,2692.21464569152,3356.56739056275,2803.79354813781,884.726267797436,1719.96982205973,3314.00062877438,759.23586742967,1709.23307155189,2164.69533492638,2769.8445938751,1315.10816248358,2475.35741734329,2375.88042821561,819.879186232962,3672.61250346201,2315.29400175495,2985.21005536394,2653.19467649366,898.411463577599,2452.70743745095,4461.40145641395,556.84558321545
1264.88701686906,306.395156725204,1572.89459035106,2692.21464569152,3356.56739056275,2803.79354813781,884.726267797436,1719.96982205973,3314.00062877438,759.23586742967,1709.23307155189,2164.69533492638,2769.8445938751,1315.10816248358,2475.35741734329,2375.88042821561,819.879186232962,3672.61250346201,2315.29400175495,2985.21005536394,2653.19467649366,898.411463577599,2452.70743745095,4461.40145641395,556.84558321545
1264.88701686906,306.395156725204,1572.89459035106,2692.21464569152,3356.56739056275,2803.79354813781,884.726267797436,1719.96982205973,3314.00062877438,759.23586742967,1709.23307155189,2164.69533492638,2769.8445938751,1315.10816248358,2475.35741734329,2375.88042821561,819.879186232962,3672.61250346201,2315.29400175495,2985.21005536394,2653.19467649366,898.411463577599,2452.70743745095,4461.40145641395,556.84558321545
1264.88701686906,306.395156725204,1572.89459035106,2692.21464569152,3356.56739056275,2803.79354813781,884.726267797436,1719.96982205973,3314.00062877438,759.23586742967,1709.23307155189,2164.69533492638,2769.8445938751,1315.10816248358,2475.35741734329,2375.88042821561,819.879186232962,3672.61250346201,2315.29400175495,2985.21005536394,2653.19467649366,898.411463577599,2452.70743745095,4461.40145641395,556.84558321545
1264.88701686906,306.395156725204,1572.89459035106,2692.21464569152,3356.56739056275,2803.79354813781,884.726267797436,1719.96982205973,3314.00062877438,759.23586742967,1709.23307155189,2164.69533492638,2769.8445938751,1315.10816248358,2475.35741734329,2375.88042821561,819.879186232962,3672.61250346201,2315.29400175495,2985.21005536394,2653.19467649366,898.411463577599,2452.70743745095,4461.40145641395,556.84558321545
1264.88701686906,306.395156725204,1572.89459035106,2692.21464569152,3356.56739056275,2803.79354813781,884.726267797436,1719.96982205973,3314.00062877438,759.23586742967,1709.23307155189,2164.69533492638,2769.8445938751,1315.10816248358,2475.35741734329,2375.88042821561,819.879186232962,3672.61250346201,2315.29400175495,2985.21005536394,2653.19467649366,898.411463577599,2452.70743745095,4461.40145641395,556.84558321545
1264.88701686906,306.395156725204,1572.89459035106,2692.21464569152,3356.56739056275,2803.79354813781,884.726267797436,1719.96982205973,3314.00062877438,759.23586742967,1709.23307155189,2164.69533492638,2769.8445938751,1315.10816248358,2475.35741734329,2375.88042821561,819.879186232962,3672.61250346201,2315.29400175495,2985.21005536394,2653.19467649366,898.411463577599,2452.70743745095,4461.40145641395,556.84558321545
1264.88701686906,306.395156725204,1572.89459035106,2692.21464569152,3356.56739056275,2803.79354813781,884.726267797436,1719.96982205973,3314.00062877438,759.23586742967,1709.23307155189,2164.69533492638,2769.8445938751,1315.10816248358,2475.35741734329,2375.88042821561,819.879186232962,3672.61250346201,2315.29400175495,2985.21005536394,2653.19467649366,898.411463577599,2452.70743745095,4461.40145641395,556.84558321545
1264.88701686906,306.395156725204,1572.89459035106,2692.21464569152,3356.56739056275,2803.79354813781,884.726267797436,1719.96982205973,3314.00062877438,759.23586742967,1709.23307155189,2164.69533492638,2769.8445938751,1315.10816248358,2475.35741734329,2375.88042821561,819.879186232962,3672.61250346201,2315.29400175495,2985.21005536394,2653.19467649366,898.411463577599,2452.70743745095,4461.40145641395,556.84558321545
1264.88701686906,306.395156725204,1572.89459035106,2692.21464569152,3356.56739056275,2803.79354813781,884.726267797436,1719.96982205973,3314.00062877438,759.23586742967,1709.23307155189,2164.69533492638,2769.8445938751,1315.10816248358,2475.35741734329,2375.88042821561,819.879186232962,3672.61250346201,2315.29400175495,2985.21005536394,2653.19467649366,898.411463577599,2452.70743745095,4461.40145641395,556.84558321545
1264.88701686906,306.395156725204,1572.89459035106,2692.21464569152,3356.56739056275,2803.79354813781,884.726267797436,1719.96982205973,3314.00062877438,759.23586742967,1709.23307155189,2164.69533492638,2769.8445938751,1315.10816248358,2475.35741734329,2375.88042821561,819.879186232962,3672.61250346201,2315.29400175495,2985.21005536394,2653.19467649366,898.411463577599,2452.70743745095,4461.40145641395,556.84558321545
1264.88701686906,306.395156725204,1572.89459035106,2692.21464569152,3356.56739056275,2803.79354813781,884.726267797436,1719.96982205973,3314.00062877438,759.23586742967,1709.23307155189,2164.69533492638,2769.8445938751,1315.10816248358,2475.35741734329,2375.88042821561,819.879186232962,3672.61250346201,2315.29400175495,2985.21005536394,2653.19467649366,898.411463577599,2452.70743745095,4461.40145641395,556.84558321545
1264.88701686906,306.395156725204,1572.89459035106,2692.21464569152,3356.56739056275,2803.79354813781,884.726267797436,1719.96982205973,3314.00062877438,759.23586742967,1709.23307155189,2164.69533492638,2769.8445938751,1315.10816248358,2475.35741734329,2375.88042821561,819.879186232962,3672.61250346201,2315.29400175495,2985.21005536394,2653.19467649366,898.411463577599,2452.70743745095,4461.40145641395,556.84558321545
1264.88701686906,306.395156725204,1572.89459035106,2692.21464569152,3356.56739056275,2803.79354813781,884.726267797436,1719.96982205973,3314.00062877438,759.23586742967,1709.23307155189,2164.69533492638,2769.8445938751,1315.10816248358,2475.35741734329,2375.88042821561,819.879186232962,3672.61250346201,2315.29400175495,2985.21005536394,2653.19467649366,898.411463577599,2452.70743745095,4461.40145641395,556.84558321545
1264.88701686906,306.395156725204,1572.89459035106,2692.21464569152,3356.56739056275,2803.79354813781,884.726267797436,1719.96982205973,3314.00062877438,759.23586742967,1709.23307155189,2164.69533492638,2769.8445938751,1315.10816248358,2475.35741734329,2375.88042821561,819.879186232962,3672.61250346201,2315.29400175495,2985.21005536394,2653.19467649366,898.411463577599,2452.70743745095,4461.40145641395,556.84558321545
1264.88701686906,306.395156725204,1572.89459035106,2692.21464569152,3356.56739056275,2803.79354813781,884.726267797436,1719.96982205973,3314.00062877438,759.23586742967,1709.23307155189,2164.69533492638,2769.8445938751,1315.10816248358,2475.35741734329,2375.88042821561,819.879186232962,3672.61250346201,2315.29400175495,2985.21005536394,2653.19467649366,898.411463577599,2452.70743745095,4461.40145641395,556.84558321545
1264.88701686906,306.395156725204,1572.89459035106,2692.21464569152,3356.56739056275,2803.79354813781,884.726267797436,1719.96982205973,3314.00062877438,759.23586742967,1709.23307155189,2164.69533492638,2769.8445938751,1315.10816248358,2475.35741734329,2375.88042821561,819.879186232962,3672.61250346201,2315.29400175495,2985.21005536394,2653.19467649366,898.411463577599,2452.70743745095,4461.40145641395,556.84558321545
1264.88701686906,306.395156725204,1572.89459035106,2692.21464569152,3356.56739056275,2803.79354813781,884.726267797436,1719.96982205973,3314.00062877438,759.23586742967,1709.23307155189,2164.69533492638,2769.8445938751,1315.10816248358,2475.35741734329,2375.88042821561,819.879186232962,3672.61250346201,2315.29400175495,2985.21005536394,2653.19467649366,898.411463577599,2452.70743745095,4461.40145641395,556.84558321545
1264.88701686906,306.395156725204,1572.89459035106,2692.21464569152,3356.56739056275,2803.79354813781,884.726267797436,1719.96982205973,3314.00062877438,759.23586742967,1709.23307155189,2164.69533492638,2769.8445938751,1315.10816248358,2475.35741734329,2375.88042821561,819.879186232962,3672.61250346201,2315.29400175495,2985.21005536394,2653.19467649366,898.411463577599,2452.70743745095,4461.40145641395,556.84558321545
1264.88701686906,306.395156725204,1572.89459035106,2692.21464569152,3356.56739056275,2803.79354813781,884.726267797436,1719.96982205973,3314.00062877438,759.23586742967,1709.23307155189,2164.69533492638,2769.8445938751,1315.10816248358,2475.35741734329,2375.88042821561,819.879186232962,3672.61250346201,2315.29400175495,2985.21005536394,2653.19467649366,898.411463577599,2452.70743745095,4461.40145641395,556.84558321545
1264.88701686906,306.395156725204,1572.89459035106,2692.21464569152,3356.56739056275,2803.79354813781,884.726267797436,1719.96982205973,3314.00062877438,759.23586742967,1709.23307155189,2164.69533492638,2769.8445938751,1315.10816248358,2475.35741734329,2375.88042821561,819.879186232962,3672.61250346201,2315.29400175495,2985.21005536394,2653.19467649366,898.411463577599,2452.70743745095,4461.40145641395,556.84558321545
1264.88701686906,306.395156725204,1572.89459035106,2692.21464569152,3356.56739056275,2803.79354813781,884.726267797436,1719.96982205973,3314.00062877438,759.23586742967,1709.23307155189,2164.69533492638,2769.8445938751,1315.10816248358,2475.35741734329,2375.88042821561,819.879186232962,3672.61250346201,2315.29400175495,2985.21005536394,2653.19467649366,898.411463577599,2452.70743745095,4461.40145641395,556.84558321545
1264.88701686906,306.395156725204,1572.89459035106,2692.21464569152,3356.56739056275,2803.79354813781,884.726267797436,1719.96982205973,3314.00062877438,759.23586742967,1709.23307155189,2164.69533492638,2769.8445938751,1315.10816248358,2475.35741734329,2375.88042821561,819.879186232962,3672.61250346201,2315.29400175495,2985.21005536394,2653.19467649366,898.411463577599,2452.70743745095,4461.40145641395,556.84558321545
1264.88701686906,306.395156725204,1572.89459035106,2692.21464569152,3356.56739056275,2803.79354813781,884.726267797436,1719.96982205973,3314.00062877438,759.23586742967,1709.23307155189,2164.69533492638,2769.8445938751,1315.10816248358,2475.35741734329,2375.88042821561,819.879186232962,3672.61250346201,2315.29400175495,2985.21005536394,2653.19467649366,898.411463577599,2452.70743745095,4461.40145641395,556.84558321545
1264.88701686906,306.395156725204,1572.89459035106,2692.21464569152,3356.56739056275,2803.79354813781,884.726267797436,1719.96982205973,3314.00062877438,759.23586742967,1709.23307155189,2164.69533492638,2769.8445938751,1315.10816248358,2475.35741734329,2375.88042821561,819.879186232962,3672.61250346201,2315.29400175495,2985.21005536394,2653.19467649366,898.411463577599,2452.70743745095,4461.40145641395,556.84558321545
1264.88701686906,306.395156725204,1572.89459035106,2692.21464569152,3356.56739056275,2803.79354813781,884.726267797436,1719.96982205973,3314.00062877438,759.23586742967,1709.23307155189,2164.69533492638,2769.8445938751,1315.10816248358,2475.35741734329,2375.88042821561,819.879186232962,3672.61250346201,2315.29400175495,2985.21005536394,2653.19467649366,898.411463577599,2452.70743745095,4461.40145641395,556.84558321545
1264.88701686906,306.395156725204,1572.89459035106,2692.21464569152,3356.56739056275,2803.79354813781,884.726267797436,1719.96982205973,3314.00062877438,759.23586742967,1709.23307155189,2164.69533492638,2769.8445938751,1315.10816248358,2475.35741734329,2375.88042821561,819.879186232962,3672.61250346201,2315.29400175495,2985.21005536394,2653.19467649366,898.411463577599,2452.70743745095,4461.40145641395,556.84558321545
1264.88701686906,306.395156725204,1572.89459035106,2692.21464569152,3356.56739056275,2803.79354813781,884.726267797436,1719.96982205973,3314.00062877438,759.23586742967,1709.23307155189,2164.69533492638,2769.8445938751,1315.10816248358,2475.35741734329,2375.88042821561,819.879186232962,3672.61250346201,2315.29400175495,2985.21005536394,2653.19467649366,898.411463577599,2452.70743745095,4461.40145641395,556.84558321545
1264.88701686906,306.395156725204,1572.89459035106,2692.21464569152,3356.56739056275,2803.79354813781,884.726267797436,1719.96982205973,3314.00062877438,759.23586742967,1709.23307155189,2164.69533492638,2769.8445938751,1315.10816248358,2475.35741734329,2375.88042821561,819.879186232962,3672.61250346201,2315.29400175495,2985.21005536394,2653.19467649366,898.411463577599,2452.70743745095,4461.40145641395,556.84558321545
1264.88701686906,306.395156725204,1572.89459035106,2692.21464569152,3356.56739056275,2803.79354813781,884.726267797436,1719.96982205973,3314.00062877438,759.23586742967,1709.23307155189,2164.69533492638,2769.8445938751,1315.10816248358,2475.35741734329,2375.88042821561,819.879186232962,3672.61250346201,2315.29400175495,2985.21005536394,2653.19467649366,898.411463577599,2452.70743745095,4461.40145641395,556.84558321545
1264.88701686906,306.395156725204,1572.89459035106,2692.21464569152,3356.56739056275,2803.79354813781,884.726267797436,1719.96982205973,3314.00062877438,759.23586742967,1709.23307155189,2164.69533492638,2769.8445938751,1315.10816248358,2475.35741734329,2375.88042821561,819.879186232962,3672.61250346201,2315.29400175495,2985.21005536394,2653.19467649366,898.411463577599,2452.70743745095,4461.40145641395,556.84558321545
1264.88701686906,306.395156725204,1572.89459035106,2692.21464569152,3356.56739056275,2803.79354813781,884.726267797436,1719.96982205973,3314.00062877438,759.23586742967,1709.23307155189,2164.69533492638,2769.8445938751,1315.10816248358,2475.35741734329,2375.88042821561,819.879186232962,3672.61250346201,2315.29400175495,2985.21005536394,2653.19467649366,898.411463577599,2452.70743745095,4461.40145641395,556.84558321545
1264.88701686906,306.395156725204,1572.89459035106,2692.21464569152,3356.56739056275,2803.79354813781,884.726267797436,1719.96982205973,3314.00062877438,759.23586742967,1709.23307155189,2164.69533492638,2769.8445938751,1315.10816248358,2475.35741734329,2375.88042821561,819.879186232962,3672.61250346201,2315.29400175495,2985.21005536394,2653.19467649366,898.411463577599,2452.70743745095,4461.40145641395,556.84558321545
1264.88701686906,306.395156725204,1572.89459035106,2692.21464569152,3356.56739056275,2803.79354813781,884.726267797436,1719.96982205973,3314.00062877438,759.23586742967,1709.23307155189,2164.69533492638,2769.8445938751,1315.10816248358,2475.35741734329,2375.88042821561,819.879186232962,3672.61250346201,2315.29400175495,2985.21005536394,2653.19467649366,898.411463577599,2452.70743745095,4461.40145641395,556.84558321545
1264.88701686906,306.395156725204,1572.89459035106,2692.21464569152,3356.56739056275,2803.79354813781,884.726267797436,1719.96982205973,3314.00062877438,759.23586742967,1709.23307155189,2164.69533492638,2769.8445938751,1315.10816248358,2475.35741734329,2375.88042821561,819.879186232962,3672.61250346201,2315.29400175495,2985.21005536394,2653.19467649366,898.411463577599,2452.70743745095,4461.40145641395,556.84558321545
1264.88701686906,306.395156725204,1572.89459035106,2692.21464569152,3356.56739056275,2803.79354813781,884.726267797436,1719.96982205973,3314.00062877438,759.23586742967,1709.23307155189,2164.69533492638,2769.8445938751,1315.10816248358,2475.35741734329,2375.88042821561,819.879186232962,3672.61250346201,2315.29400175495,2985.21005536394,2653.19467649366,898.411463577599,2452.70743745095,4461.40145641395,556.84558321545
1264.88701686906,306.395156725204,1572.89459035106,2692.21464569152,3356.56739056275,2803.79354813781,884.726267797436,1719.96982205973,3314.00062877438,759.23586742967,1709.23307155189,2164.69533492638,2769.8445938751,1315.10816248358,2475.35741734329,2375.88042821561,819.879186232962,3672.61250346201,2315.29400175495,2985.21005536394,2653.19467649366,898.411463577599,2452.70743745095,4461.40145641395,556.84558321545
1264.88701686906,306.395156725204,1572.89459035106,2692.21464569152,3356.56739056275,2803.79354813781,884.726267797436,1719.96982205973,3314.00062877438,759.23586742967,1709.23307155189,2164.69533492638,2769.8445938751,1315.10816248358,2475.35741734329,2375.88042821561,819.879186232962,3672.61250346201,2315.29400175495,2985.21005536394,2653.19467649366,898.411463577599,2452.70743745095,4461.40145641395,556.84558321545
1264.88701686906,306.395156725204,1572.89459035106,2692.21464569152,3356.56739056275,2803.79354813781,884.726267797436,1719.96982205973,3314.00062877438,759.23586742967,1709.23307155189,2164.69533492638,2769.8445938751,1315.10816248358,2475.35741734329,2375.88042821561,819.879186232962,3672.61250346201,2315.29400175495,2985.21005536394,2653.19467649366,898.411463577599,2452.70743745095,4461.40145641395,556.84558321545
1264.88701686906,306.395156725204,1572.89459035106,2692.21464569152,3356.56739056275,2803.79354813781,884.726267797436,1719.96982205973,3314.00062877438,759.23586742967,1709.23307155189,2164.69533492638,2769.8445938751,1315.10816248358,2475.35741734329,2375.88042821561,819.879186232962,3672.61250346201,2315.29400175495,2985.21005536394,2653.19467649366,898.411463577599,2452.70743745095,4461.40145641395,556.84558321545
1264.88701686906,306.395156725204,1572.89459035106,2692.21464569152,3356.56739056275,2803.79354813781,884.726267797436,1719.96982205973,3314.00062877438,759.23586742967,1709.23307155189,2164.69533492638,2769.8445938751,1315.10816248358,2475.35741734329,2375.88042821561,819.879186232962,3672.61250346201,2315.29400175495,2985.21005536394,2653.19467649366,898.411463577599,2452.70743745095,4461.40145641395,556.84558321545
1264.88701686906,306.395156725204,1572.89459035106,2692.21464569152,3356.56739056275,2803.79354813781,884.726267797436,1719.96982205973,3314.00062877438,759.23586742967,1709.23307155189,2164.69533492638,2769.8445938751,1315.10816248358,2475.35741734329,2375.88042821561,819.879186232962,3672.61250346201,2315.29400175495,2985.21005536394,2653.19467649366,898.411463577599,2452.70743745095,4461.40145641395,556.84558321545
1264.88701686906,306.395156725204,1572.89459035106,2692.21464569152,3356.56739056275,2803.79354813781,884.726267797436,1719.96982205973,3314.00062877438,759.23586742967,1709.23307155189,2164.69533492638,2769.8445938751,1315.10816248358,2475.35741734329,2375.88042821561,819.879186232962,3672.61250346201,2315.29400175495,2985.21005536394,2653.19467649366,898.411463577599,2452.70743745095,4461.40145641395,556.84558321545
1264.88701686906,306.395156725204,1572.89459035106,2692.21464569152,3356.56739056275,2803.79354813781,884.726267797436,1719.96982205973,3314.00062877438,759.23586742967,1709.23307155189,2164.69533492638,2769.8445938751,1315.10816248358,2475.35741734329,2375.88042821561,819.879186232962,3672.61250346201,2315.29400175495,2985.21005536394,2653.19467649366,898.411463577599,2452.70743745095,4461.40145641395,556.84558321545
1264.88701686906,306.395156725204,1572.89459035106,2692.21464569152,3356.56739056275,2803.79354813781,884.726267797436,1719.96982205973,3314.00062877438,759.23586742967,1709.23307155189,2164.69533492638,2769.8445938751,1315.10816248358,2475.35741734329,2375.88042821561,819.879186232962,3672.61250346201,2315.29400175495,2985.21005536394,2653.19467649366,898.411463577599,2452.70743745095,4461.40145641395,556.84558321545
1264.88701686906,306.395156725204,1572.89459035106,2692.21464569152,3356.56739056275,2803.79354813781,884.726267797436,1719.96982205973,3314.00062877438,759.23586742967,1709.23307155189,2164.69533492638,2769.8445938751,1315.10816248358,2475.35741734329,2375.88042821561,819.879186232962,3672.61250346201,2315.29400175495,2985.21005536394,2653.19467649366,898.411463577599,2452.70743745095,4461.40145641395,556.84558321545
1264.88701686906,306.395156725204,1572.89459035106,2692.21464569152,3356.56739056275,2803.79354813781,884.726267797436,1719.96982205973,3314.00062877438,759.23586742967,1709.23307155189,2164.69533492638,2769.8445938751,1315.10816248358,2475.35741734329,2375.88042821561,819.879186232962,3672.61250346201,2315.29400175495,2985.21005536394,2653.19467649366,898.411463577599,2452.70743745095,4461.40145641395,556.84558321545
1264.88701686906,306.395156725204,1572.89459035106,2692.21464569152,3356.56739056275,2803.79354813781,884.726267797436,1719.96982205973,3314.00062877438,759.23586742967,1709.23307155189,2164.69533492638,2769.8445938751,1315.10816248358,2475.35741734329,2375.88042821561,819.879186232962,3672.61250346201,2315.29400175495,2985.21005536394,2653.19467649366,898.411463577599,2452.70743745095,4461.40145641395,556.84558321545
1264.88701686906,306.395156725204,1572.89459035106,2692.21464569152,3356.56739056275,2803.79354813781,884.726267797436,1719.96982205973,3314.00062877438,759.23586742967,1709.23307155189,2164.69533492638,2769.8445938751,1315.10816248358,2475.35741734329,2375.88042821561,819.879186232962,3672.61250346201,2315.29400175495,2985.21005536394,2653.19467649366,898.411463577599,2452.70743745095,4461.40145641395,556.84558321545
1264.88701686906,306.395156725204,1572.89459035106,2692.21464569152,3356.56739056275,2803.79354813781,884.726267797436,1719.96982205973,3314.00062877438,759.23586742967,1709.23307155189,2164.69533492638,2769.8445938751,1315.10816248358,2475.35741734329,2375.88042821561,819.879186232962,3672.61250346201,2315.29400175495,2985.21005536394,2653.19467649366,898.411463577599,2452.70743745095,4461.40145641395,556.84558321545
1264.88701686906,306.395156725204,1572.89459035106,2692.21464569152,3356.56739056275,2803.79354813781,884.726267797436,1719.96982205973,3314.00062877438,759.23586742967,1709.23307155189,2164.69533492638,2769.8445938751,1315.10816248358,2475.35741734329,2375.88042821561,819.879186232962,3672.61250346201,2315.29400175495,2985.21005536394,2653.19467649366,898.411463577599,2452.70743745095,4461.40145641395,556.84558321545
1264.88701686906,306.395156725204,1572.89459035106,2692.21464569152,3356.56739056275,2803.79354813781,884.726267797436,1719.96982205973,3314.00062877438,759.23586742967,1709.23307155189,2164.69533492638,2769.8445938751,1315.10816248358,2475.35741734329,2375.88042821561,819.879186232962,3672.61250346201,2315.29400175495,2985.21005536394,2653.19467649366,898.411463577599,2452.70743745095,4461.40145641395,556.84558321545
1264.88701686906,306.395156725204,1572.89459035106,2692.21464569152,3356.56739056275,2803.79354813781,884.726267797436,1719.96982205973,3314.00062877438,759.23586742967,1709.23307155189,2164.69533492638,2769.8445938751,1315.10816248358,2475.35741734329,2375.88042821561,819.879186232962,3672.61250346201,2315.29400175495,2985.21005536394,2653.19467649366,898.411463577599,2452.70743745095,4461.40145641395,556.84558321545
1264.88701686906,306.395156725204,1572.89459035106,2692.21464569152,3356.56739056275,2803.79354813781,884.726267797436,1719.96982205973,3314.00062877438,759.23586742967,1709.23307155189,2164.69533492638,2769.8445938751,1315.10816248358,2475.35741734329,2375.88042821561,819.879186232962,3672.61250346201,2315.29400175495,2985.21005536394,2653.19467649366,898.411463577599,2452.70743745095,4461.40145641395,556.84558321545
1264.88701686906,306.395156725204,1572.89459035106,2692.21464569152,3356.56739056275,2803.79354813781,884.726267797436,1719.96982205973,3314.00062877438,759.23586742967,1709.23307155189,2164.69533492638,2769.8445938751,1315.10816248358,2475.35741734329,2375.88042821561,819.879186232962,3672.61250346201,2315.29400175495,2985.21005536394,2653.19467649366,898.411463577599,2452.70743745095,4461.40145641395,556.84558321545
1264.88701686906,306.395156725204,1572.89459035106,2692.21464569152,3356.56739056275,2803.79354813781,884.726267797436,1719.96982205973,3314.00062877438,759.23586742967,1709.23307155189,2164.69533492638,2769.8445938751,1315.10816248358,2475.35741734329,2375.88042821561,819.879186232962,3672.61250346201,2315.29400175495,2985.21005536394,2653.19467649366,898.411463577599,2452.70743745095,4461.40145641395,556.84558321545
1264.88701686906,306.395156725204,1572.89459035106,2692.21464569152,3356.56739056275,2803.79354813781,884.726267797436,1719.96982205973,3314.00062877438,759.23586742967,1709.23307155189,2164.69533492638,2769.8445938751,1315.10816248358,2475.35741734329,2375.88042821561,819.879186232962,3672.61250346201,2315.29400175495,2985.21005536394,2653.19467649366,898.411463577599,2452.70743745095,4461.40145641395,556.84558321545
1264.88701686906,306.395156725204,1572.89459035106,2692.21464569152,3356.56739056275,2803.79354813781,884.726267797436,1719.96982205973,3314.00062877438,759.23586742967,1709.23307155189,2164.69533492638,2769.8445938751,1315.10816248358,2475.35741734329,2375.88042821561,819.879186232962,3672.61250346201,2315.29400175495,2985.21005536394,2653.19467649366,898.411463577599,2452.70743745095,4461.40145641395,556.84558321545
1264.88701686906,306.395156725204,1572.89459035106,2692.21464569152,3356.56739056275,2803.79354813781,884.726267797436,1719.96982205973,3314.00062877438,759.23586742967,1709.23307155189,2164.69533492638,2769.8445938751,1315.10816248358,2475.35741734329,2375.88042821561,819.879186232962,3672.61250346201,2315.29400175495,2985.21005536394,2653.19467649366,898.411463577599,2452.70743745095,4461.40145641395,556.84558321545
1264.88701686906,306.395156725204,1572.89459035106,2692.21464569152,3356.56739056275,2803.79354813781,884.726267797436,1719.96982205973,3314.00062877438,759.23586742967,1709.23307155189,2164.69533492638,2769.8445938751,1315.10816248358,2475.35741734329,2375.88042821561,819.879186232962,3672.61250346201,2315.29400175495,2985.21005536394,2653.19467649366,898.411463577599,2452.70743745095,4461.40145641395,556.84558321545
1264.88701686906,306.395156725204,1572.89459035106,2692.21464569152,3356.56739056275,2803.79354813781,884.726267797436,1719.96982205973,3314.00062877438,759.23586742967,1709.23307155189,2164.69533492638,2769.8445938751,1315.10816248358,2475.35741734329,2375.88042821561,819.879186232962,3672.61250346201,2315.29400175495,2985.21005536394,2653.19467649366,898.411463577599,2452.70743745095,4461.40145641395,556.84558321545
1264.88701686906,306.395156725204,1572.89459035106,2692.21464569152,3356.56739056275,2803.79354813781,884.726267797436,1719.96982205973,3314.00062877438,759.23586742967,1709.23307155189,2164.69533492638,2769.8445938751,1315.10816248358,2475.35741734329,2375.88042821561,819.879186232962,3672.61250346201,2315.29400175495,2985.21005536394,2653.19467649366,898.411463577599,2452.70743745095,4461.40145641395,556.84558321545
1264.88701686906,306.395156725204,1572.89459035106,2692.21464569152,3356.56739056275,2803.79354813781,884.726267797436,1719.96982205973,3314.00062877438,759.23586742967,1709.23307155189,2164.69533492638,2769.8445938751,1315.10816248358,2475.35741734329,2375.88042821561,819.879186232962,3672.61250346201,2315.29400175495,2985.21005536394,2653.19467649366,898.411463577599,2452.70743745095,4461.40145641395,556.84558321545
1264.88701686906,306.395156725204,1572.89459035106,2692.21464569152,3356.56739056275,2803.79354813781,884.726267797436,1719.96982205973,3314.00062877438,759.23586742967,1709.23307155189,2164.69533492638,2769.8445938751,1315.10816248358,2475.35741734329,2375.88042821561,819.879186232962,3672.61250346201,2315.29400175495,2985.21005536394,2653.19467649366,898.411463577599,2452.70743745095,4461.40145641395,556.84558321545
1264.88701686906,306.395156725204,1572.89459035106,2692.21464569152,3356.56739056275,2803.79354813781,884.726267797436,1719.96982205973,3314.00062877438,759.23586742967,1709.23307155189,2164.69533492638,2769.8445938751,1315.10816248358,2475.35741734329,2375.88042821561,819.879186232962,3672.61250346201,2315.29400175495,2985.21005536394,2653.19467649366,898.411463577599,2452.70743745095,4461.40145641395,556.84558321545
1264.88701686906,306.395156725204,1572.89459035106,2692.21464569152,3356.56739056275,2803.79354813781,884.726267797436,1719.96982205973,3314.00062877438,759.23586742967,1709.23307155189,2164.69533492638,2769.8445938751,1315.10816248358,2475.35741734329,2375.88042821561,819.879186232962,3672.61250346201,2315.29400175495,2985.21005536394,2653.19467649366,898.411463577599,2452.70743745095,4461.40145641395,556.84558321545
1264.88701686906,306.395156725204,1572.89459035106,2692.21464569152,3356.56739056275,2803.79354813781,884.726267797436,1719.96982205973,3314.00062877438,759.23586742967,1709.23307155189,2164.69533492638,2769.8445938751,1315.10816248358,2475.35741734329,2375.88042821561,819.879186232962,3672.61250346201,2315.29400175495,2985.21005536394,2653.19467649366,898.411463577599,2452.70743745095,4461.40145641395,556.84558321545
1264.88701686906,306.395156725204,1572.89459035106,2692.21464569152,3356.56739056275,2803.79354813781,884.726267797436,1719.96982205973,3314.00062877438,759.23586742967,1709.23307155189,2164.69533492638,2769.8445938751,1315.10816248358,2475.35741734329,2375.88042821561,819.879186232962,3672.61250346201,2315.29400175495,2985.21005536394,2653.19467649366,898.411463577599,2452.70743745095,4461.40145641395,556.84558321545
1264.88701686906,306.395156725204,1572.89459035106,2692.21464569152,3356.56739056275,2803.79354813781,884.726267797436,1719.96982205973,3314.00062877438,759.23586742967,1709.23307155189,2164.69533492638,2769.8445938751,1315.10816248358,2475.35741734329,2375.88042821561,819.879186232962,3672.61250346201,2315.29400175495,2985.21005536394,2653.19467649366,898.411463577599,2452.70743745095,4461.40145641395,556.84558321545
1264.88701686906,306.395156725204,1572.89459035106,2692.21464569152,3356.56739056275,2803.79354813781,884.726267797436,1719.96982205973,3314.00062877438,759.23586742967,1709.23307155189,2164.69533492638,2769.8445938751,1315.10816248358,2475.35741734329,2375.88042821561,819.879186232962,3672.61250346201,2315.29400175495,2985.21005536394,2653.19467649366,898.411463577599,2452.70743745095,4461.40145641395,556.84558321545
1264.88701686906,306.395156725204,1572.89459035106,2692.21464569152,3356.56739056275,2803.79354813781,884.726267797436,1719.96982205973,3314.00062877438,759.23586742967,1709.23307155189,2164.69533492638,2769.8445938751,1315.10816248358,2475.35741734329,2375.88042821561,819.879186232962,3672.61250346201,2315.29400175495,2985.21005536394,2653.19467649366,898.411463577599,2452.70743745095,4461.40145641395,556.84558321545
1264.88701686906,306.395156725204,1572.89459035106,2692.21464569152,3356.56739056275,2803.79354813781,884.726267797436,1719.96982205973,3314.00062877438,759.23586742967,1709.23307155189,2164.69533492638,2769.8445938751,1315.10816248358,2475.35741734329,2375.88042821561,819.879186232962,3672.61250346201,2315.29400175495,2985.21005536394,2653.19467649366,898.411463577599,2452.70743745095,4461.40145641395,556.84558321545
1264.88701686906,306.395156725204,1572.89459035106,2692.21464569152,3356.56739056275,2803.79354813781,884.726267797436,1719.96982205973,3314.00062877438,759.23586742967,1709.23307155189,2164.69533492638,2769.8445938751,1315.10816248358,2475.35741734329,2375.88042821561,819.879186232962,3672.61250346201,2315.29400175495,2985.21005536394,2653.19467649366,898.411463577599,2452.70743745095,4461.40145641395,556.84558321545
1264.88701686906,306.395156725204,1572.89459035106,2692.21464569152,3356.56739056275,2803.79354813781,884.726267797436,1719.96982205973,3314.00062877438,759.23586742967,1709.23307155189,2164.69533492638,2769.8445938751,1315.10816248358,2475.35741734329,2375.88042821561,819.879186232962,3672.61250346201,2315.29400175495,2985.21005536394,2653.19467649366,898.411463577599,2452.70743745095,4461.40145641395,556.84558321545
1264.88701686906,306.395156725204,1572.89459035106,2692.21464569152,3356.56739056275,2803.79354813781,884.726267797436,1719.96982205973,3314.00062877438,759.23586742967,1709.23307155189,2164.69533492638,2769.8445938751,1315.10816248358,2475.35741734329,2375.88042821561,819.879186232962,3672.61250346201,2315.29400175495,2985.21005536394,2653.19467649366,898.411463577599,2452.70743745095,4461.40145641395,556.84558321545
1264.88701686906,306.395156725204,1572.89459035106,2692.21464569152,3356.56739056275,2803.79354813781,884.726267797436,1719.96982205973,3314.00062877438,759.23586742967,1709.23307155189,2164.69533492638,2769.8445938751,1315.10816248358,2475.35741734329,2375.88042821561,819.879186232962,3672.61250346201,2315.29400175495,2985.21005536394,2653.19467649366,898.411463577599,2452.70743745095,4461.40145641395,556.84558321545
1264.88701686906,306.395156725204,1572.89459035106,2692.21464569152,3356.56739056275,2803.79354813781,884.726267797436,1719.96982205973,3314.00062877438,759.23586742967,1709.23307155189,2164.69533492638,2769.8445938751,1315.10816248358,2475.35741734329,2375.88042821561,819.879186232962,3672.61250346201,2315.29400175495,2985.21005536394,2653.19467649366,898.411463577599,2452.70743745095,4461.40145641395,556.84558321545
1264.88701686906,306.395156725204,1572.89459035106,2692.21464569152,3356.56739056275,2803.79354813781,884.726267797436,1719.96982205973,3314.00062877438,759.23586742967,1709.23307155189,2164.69533492638,2769.8445938751,1315.10816248358,2475.35741734329,2375.88042821561,819.879186232962,3672.61250346201,2315.29400175495,2985.21005536394,2653.19467649366,898.411463577599,2452.70743745095,4461.40145641395,556.84558321545
1264.88701686906,306.395156725204,1572.89459035106,2692.21464569152,3356.56739056275,2803.79354813781,884.726267797436,1719.96982205973,3314.00062877438,759.23586742967,1709.23307155189,2164.69533492638,2769.8445938751,1315.10816248358,2475.35741734329,2375.88042821561,819.879186232962,3672.61250346201,2315.29400175495,2985.21005536394,2653.19467649366,898.411463577599,2452.70743745095,4461.40145641395,556.84558321545
1264.88701686906,306.395156725204,1572.89459035106,2692.21464569152,3356.56739056275,2803.79354813781,884.726267797436,1719.96982205973,3314.00062877438,759.23586742967,1709.23307155189,2164.69533492638,2769.8445938751,1315.10816248358,2475.35741734329,2375.88042821561,819.879186232962,3672.61250346201,2315.29400175495,2985.21005536394,2653.19467649366,898.411463577599,2452.70743745095,4461.40145641395,556.84558321545
1264.88701686906,306.395156725204,1572.89459035106,2692.21464569152,3356.56739056275,2803.79354813781,884.726267797436,1719.96982205973,3314.00062877438,759.23586742967,1709.23307155189,2164.69533492638,2769.8445938751,1315.10816248358,2475.35741734329,2375.88042821561,819.879186232962,3672.61250346201,2315.29400175495,2985.21005536394,2653.19467649366,898.411463577599,2452.70743745095,4461.40145641395,556.84558321545
1264.88701686906,306.395156725204,1572.89459035106,2692.21464569152,3356.56739056275,2803.79354813781,884.726267797436,1719.96982205973,3314.00062877438,759.23586742967,1709.23307155189,2164.69533492638,2769.8445938751,1315.10816248358,2475.35741734329,2375.88042821561,819.879186232962,3672.61250346201,2315.29400175495,2985.21005536394,2653.19467649366,898.411463577599,2452.70743745095,4461.40145641395,556.84558321545
1264.88701686906,306.395156725204,1572.89459035106,2692.21464569152,3356.56739056275,2803.79354813781,884.726267797436,1719.96982205973,3314.00062877438,759.23586742967,1709.23307155189,2164.69533492638,2769.8445938751,1315.10816248358,2475.35741734329,2375.88042821561,819.879186232962,3672.61250346201,2315.29400175495,2985.21005536394,2653.19467649366,898.411463577599,2452.70743745095,4461.40145641395,556.84558321545
1264.88701686906,306.395156725204,1572.89459035106,2692.21464569152,3356.56739056275,2803.79354813781,884.726267797436,1719.96982205973,3314.00062877438,759.23586742967,1709.23307155189,2164.69533492638,2769.8445938751,1315.10816248358,2475.35741734329,2375.88042821561,819.879186232962,3672.61250346201,2315.29400175495,2985.21005536394,2653.19467649366,898.411463577599,2452.70743745095,4461.40145641395,556.84558321545
1264.88701686906,306.395156725204,1572.89459035106,2692.21464569152,3356.56739056275,2803.79354813781,884.726267797436,1719.96982205973,3314.00062877438,759.23586742967,1709.23307155189,2164.69533492638,2769.8445938751,1315.10816248358,2475.35741734329,2375.88042821561,819.879186232962,3672.61250346201,2315.29400175495,2985.21005536394,2653.19467649366,898.411463577599,2452.70743745095,4461.40145641395,556.84558321545
1264.88701686906,306.395156725204,1572.89459035106,2692.21464569152,3356.56739056275,2803.79354813781,884.726267797436,1719.96982205973,3314.00062877438,759.23586742967,1709.23307155189,2164.69533492638,2769.8445938751,1315.10816248358,2475.35741734329,2375.88042821561,819.879186232962,3672.61250346201,2315.29400175495,2985.21005536394,2653.19467649366,898.411463577599,2452.70743745095,4461.40145641395,556.84558321545
1264.88701686906,306.395156725204,1572.89459035106,2692.21464569152,3356.56739056275,2803.79354813781,884.726267797436,1719.96982205973,3314.00062877438,759.23586742967,1709.23307155189,2164.69533492638,2769.8445938751,1315.10816248358,2475.35741734329,2375.88042821561,819.879186232962,3672.61250346201,2315.29400175495,2985.21005536394,2653.19467649366,898.411463577599,2452.70743745095,4461.40145641395,556.84558321545
1264.88701686906,306.395156725204,1572.89459035106,2692.21464569152,3356.56739056275,2803.79354813781,884.726267797436,1719.96982205973,3314.00062877438,759.23586742967,1709.23307155189,2164.69533492638,2769.8445938751,1315.10816248358,2475.35741734329,2375.88042821561,819.879186232962,3672.61250346201,2315.29400175495,2985.21005536394,2653.19467649366,898.411463577599,2452.70743745095,4461.40145641395,556.84558321545
1264.88701686906,306.395156725204,1572.89459035106,2692.21464569152,3356.56739056275,2803.79354813781,884.726267797436,1719.96982205973,3314.00062877438,759.23586742967,1709.23307155189,2164.69533492638,2769.8445938751,1315.10816248358,2475.35741734329,2375.88042821561,819.879186232962,3672.61250346201,2315.29400175495,2985.21005536394,2653.19467649366,898.411463577599,2452.70743745095,4461.40145641395,556.84558321545
1264.88701686906,306.395156725204,1572.89459035106,2692.21464569152,3356.56739056275,2803.79354813781,884.726267797436,1719.96982205973,3314.00062877438,759.23586742967,1709.23307155189,2164.69533492638,2769.8445938751,1315.10816248358,2475.35741734329,2375.88042821561,819.879186232962,3672.61250346201,2315.29400175495,2985.21005536394,2653.19467649366,898.411463577599,2452.70743745095,4461.40145641395,556.84558321545
1264.88701686906,306.395156725204,1572.89459035106,2692.21464569152,3356.56739056275,2803.79354813781,884.726267797436,1719.96982205973,3314.00062877438,759.23586742967,1709.23307155189,2164.69533492638,2769.8445938751,1315.10816248358,2475.35741734329,2375.88042821561,819.879186232962,3672.61250346201,2315.29400175495,2985.21005536394,2653.19467649366,898.411463577599,2452.70743745095,4461.40145641395,556.84558321545
1264.88701686906,306.395156725204,1572.89459035106,2692.21464569152,3356.56739056275,2803.79354813781,884.726267797436,1719.96982205973,3314.00062877438,759.23586742967,1709.23307155189,2164.69533492638,2769.8445938751,1315.10816248358,2475.35741734329,2375.88042821561,819.879186232962,3672.61250346201,2315.29400175495,2985.21005536394,2653.19467649366,898.411463577599,2452.70743745095,4461.40145641395,556.84558321545
1264.88701686906,306.395156725204,1572.89459035106,2692.21464569152,3356.56739056275,2803.79354813781,884.726267797436,1719.96982205973,3314.00062877438,759.23586742967,1709.23307155189,2164.69533492638,2769.8445938751,1315.10816248358,2475.35741734329,2375.88042821561,819.879186232962,3672.61250346201,2315.29400175495,2985.21005536394,2653.19467649366,898.411463577599,2452.70743745095,4461.40145641395,556.84558321545
1264.88701686906,306.395156725204,1572.89459035106,2692.21464569152,3356.56739056275,2803.79354813781,884.726267797436,1719.96982205973,3314.00062877438,759.23586742967,1709.23307155189,2164.69533492638,2769.8445938751,1315.10816248358,2475.35741734329,2375.88042821561,819.879186232962,3672.61250346201,2315.29400175495,2985.21005536394,2653.19467649366,898.411463577599,2452.70743745095,4461.40145641395,556.84558321545
1264.88701686906,306.395156725204,1572.89459035106,2692.21464569152,3356.56739056275,2803.79354813781,884.726267797436,1719.96982205973,3314.00062877438,759.23586742967,1709.23307155189,2164.69533492638,2769.8445938751,1315.10816248358,2475.35741734329,2375.88042821561,819.879186232962,3672.61250346201,2315.29400175495,2985.21005536394,2653.19467649366,898.411463577599,2452.70743745095,4461.40145641395,556.84558321545
1264.88701686906,306.395156725204,1572.89459035106,2692.21464569152,3356.56739056275,2803.79354813781,884.726267797436,1719.96982205973,3314.00062877438,759.23586742967,1709.23307155189,2164.69533492638,2769.8445938751,1315.10816248358,2475.35741734329,2375.88042821561,819.879186232962,3672.61250346201,2315.29400175495,2985.21005536394,2653.19467649366,898.411463577599,2452.70743745095,4461.40145641395,556.84558321545
1264.88701686906,306.395156725204,1572.89459035106,2692.21464569152,3356.56739056275,2803.79354813781,884.726267797436,1719.96982205973,3314.00062877438,759.23586742967,1709.23307155189,2164.69533492638,2769.8445938751,1315.10816248358,2475.35741734329,2375.88042821561,819.879186232962,3672.61250346201,2315.29400175495,2985.21005536394,2653.19467649366,898.411463577599,2452.70743745095,4461.40145641395,556.84558321545
1264.88701686906,306.395156725204,1572.89459035106,2692.21464569152,3356.56739056275,2803.79354813781,884.726267797436,1719.96982205973,3314.00062877438,759.23586742967,1709.23307155189,2164.69533492638,2769.8445938751,1315.10816248358,2475.35741734329,2375.88042821561,819.879186232962,3672.61250346201,2315.29400175495,2985.21005536394,2653.19467649366,898.411463577599,2452.70743745095,4461.40145641395,556.84558321545
1264.88701686906,306.395156725204,1572.89459035106,2692.21464569152,3356.56739056275,2803.79354813781,884.726267797436,1719.96982205973,3314.00062877438,759.23586742967,1709.23307155189,2164.69533492638,2769.8445938751,1315.10816248358,2475.35741734329,2375.88042821561,819.879186232962,3672.61250346201,2315.29400175495,2985.21005536394,2653.19467649366,898.411463577599,2452.70743745095,4461.40145641395,556.84558321545
1264.88701686906,306.395156725204,1572.89459035106,2692.21464569152,3356.56739056275,2803.79354813781,884.726267797436,1719.96982205973,3314.00062877438,759.23586742967,1709.23307155189,2164.69533492638,2769.8445938751,1315.10816248358,2475.35741734329,2375.88042821561,819.879186232962,3672.61250346201,2315.29400175495,2985.21005536394,2653.19467649366,898.411463577599,2452.70743745095,4461.40145641395,556.84558321545
1264.88701686906,306.395156725204,1572.89459035106,2692.21464569152,3356.56739056275,2803.79354813781,884.726267797436,1719.96982205973,3314.00062877438,759.23586742967,1709.23307155189,2164.69533492638,2769.8445938751,1315.10816248358,2475.35741734329,2375.88042821561,819.879186232962,3672.61250346201,2315.29400175495,2985.21005536394,2653.19467649366,898.411463577599,2452.70743745095,4461.40145641395,556.84558321545
1264.88701686906,306.395156725204,1572.89459035106,2692.21464569152,3356.56739056275,2803.79354813781,884.726267797436,1719.96982205973,3314.00062877438,759.23586742967,1709.23307155189,2164.69533492638,2769.8445938751,1315.10816248358,2475.35741734329,2375.88042821561,819.879186232962,3672.61250346201,2315.29400175495,2985.21005536394,2653.19467649366,898.411463577599,2452.70743745095,4461.40145641395,556.84558321545
1264.88701686906,306.395156725204,1572.89459035106,2692.21464569152,3356.56739056275,2803.79354813781,884.726267797436,1719.96982205973,3314.00062877438,759.23586742967,1709.23307155189,2164.69533492638,2769.8445938751,1315.10816248358,2475.35741734329,2375.88042821561,819.879186232962,3672.61250346201,2315.29400175495,2985.21005536394,2653.19467649366,898.411463577599,2452.70743745095,4461.40145641395,556.84558321545
1264.88701686906,306.395156725204,1572.89459035106,2692.21464569152,3356.56739056275,2803.79354813781,884.726267797436,1719.96982205973,3314.00062877438,759.23586742967,1709.23307155189,2164.69533492638,2769.8445938751,1315.10816248358,2475.35741734329,2375.88042821561,819.879186232962,3672.61250346201,2315.29400175495,2985.21005536394,2653.19467649366,898.411463577599,2452.70743745095,4461.40145641395,556.84558321545
1264.88701686906,306.395156725204,1572.89459035106,2692.21464569152,3356.56739056275,2803.79354813781,884.726267797436,1719.96982205973,3314.00062877438,759.23586742967,1709.23307155189,2164.69533492638,2769.8445938751,1315.10816248358,2475.35741734329,2375.88042821561,819.879186232962,3672.61250346201,2315.29400175495,2985.21005536394,2653.19467649366,898.411463577599,2452.70743745095,4461.40145641395,556.84558321545
1264.88701686906,306.395156725204,1572.89459035106,2692.21464569152,3356.56739056275,2803.79354813781,884.726267797436,1719.96982205973,3314.00062877438,759.23586742967,1709.23307155189,2164.69533492638,2769.8445938751,1315.10816248358,2475.35741734329,2375.88042821561,819.879186232962,3672.61250346201,2315.29400175495,2985.21005536394,2653.19467649366,898.411463577599,2452.70743745095,4461.40145641395,556.84558321545
1264.88701686906,306.395156725204,1572.89459035106,2692.21464569152,3356.56739056275,2803.79354813781,884.726267797436,1719.96982205973,3314.00062877438,759.23586742967,1709.23307155189,2164.69533492638,2769.8445938751,1315.10816248358,2475.35741734329,2375.88042821561,819.879186232962,3672.61250346201,2315.29400175495,2985.21005536394,2653.19467649366,898.411463577599,2452.70743745095,4461.40145641395,556.84558321545
1264.88701686906,306.395156725204,1572.89459035106,2692.21464569152,3356.56739056275,2803.79354813781,884.726267797436,1719.96982205973,3314.00062877438,759.23586742967,1709.23307155189,2164.69533492638,2769.8445938751,1315.10816248358,2475.35741734329,2375.88042821561,819.879186232962,3672.61250346201,2315.29400175495,2985.21005536394,2653.19467649366,898.411463577599,2452.70743745095,4461.40145641395,556.84558321545
1264.88701686906,306.395156725204,1572.89459035106,2692.21464569152,3356.56739056275,2803.79354813781,884.726267797436,1719.96982205973,3314.00062877438,759.23586742967,1709.23307155189,2164.69533492638,2769.8445938751,1315.10816248358,2475.35741734329,2375.88042821561,819.879186232962,3672.61250346201,2315.29400175495,2985.21005536394,2653.19467649366,898.411463577599,2452.70743745095,4461.40145641395,556.84558321545
1264.88701686906,306.395156725204,1572.89459035106,2692.21464569152,3356.56739056275,2803.79354813781,884.726267797436,1719.96982205973,3314.00062877438,759.23586742967,1709.23307155189,2164.69533492638,2769.8445938751,1315.10816248358,2475.35741734329,2375.88042821561,819.879186232962,3672.61250346201,2315.29400175495,2985.21005536394,2653.19467649366,898.411463577599,2452.70743745095,4461.40145641395,556.84558321545
1264.88701686906,306.395156725204,1572.89459035106,2692.21464569152,3356.56739056275,2803.79354813781,884.726267797436,1719.96982205973,3314.00062877438,759.23586742967,1709.23307155189,2164.69533492638,2769.8445938751,1315.10816248358,2475.35741734329,2375.88042821561,819.879186232962,3672.61250346201,2315.29400175495,2985.21005536394,2653.19467649366,898.411463577599,2452.70743745095,4461.40145641395,556.84558321545
1264.88701686906,306.395156725204,1572.89459035106,2692.21464569152,3356.56739056275,2803.79354813781,884.726267797436,1719.96982205973,3314.00062877438,759.23586742967,1709.23307155189,2164.69533492638,2769.8445938751,1315.10816248358,2475.35741734329,2375.88042821561,819.879186232962,3672.61250346201,2315.29400175495,2985.21005536394,2653.19467649366,898.411463577599,2452.70743745095,4461.40145641395,556.84558321545
1264.88701686906,306.395156725204,1572.89459035106,2692.21464569152,3356.56739056275,2803.79354813781,884.726267797436,1719.96982205973,3314.00062877438,759.23586742967,1709.23307155189,2164.69533492638,2769.8445938751,1315.10816248358,2475.35741734329,2375.88042821561,819.879186232962,3672.61250346201,2315.29400175495,2985.21005536394,2653.19467649366,898.411463577599,2452.70743745095,4461.40145641395,556.84558321545
1264.88701686906,306.395156725204,1572.89459035106,2692.21464569152,3356.56739056275,2803.79354813781,884.726267797436,1719.96982205973,3314.00062877438,759.23586742967,1709.23307155189,2164.69533492638,2769.8445938751,1315.10816248358,2475.35741734329,2375.88042821561,819.879186232962,3672.61250346201,2315.29400175495,2985.21005536394,2653.19467649366,898.411463577599,2452.70743745095,4461.40145641395,556.84558321545
1264.88701686906,306.395156725204,1572.89459035106,2692.21464569152,3356.56739056275,2803.79354813781,884.726267797436,1719.96982205973,3314.00062877438,759.23586742967,1709.23307155189,2164.69533492638,2769.8445938751,1315.10816248358,2475.35741734329,2375.88042821561,819.879186232962,3672.61250346201,2315.29400175495,2985.21005536394,2653.19467649366,898.411463577599,2452.70743745095,4461.40145641395,556.84558321545
1264.88701686906,306.395156725204,1572.89459035106,2692.21464569152,3356.56739056275,2803.79354813781,884.726267797436,1719.96982205973,3314.00062877438,759.23586742967,1709.23307155189,2164.69533492638,2769.8445938751,1315.10816248358,2475.35741734329,2375.88042821561,819.879186232962,3672.61250346201,2315.29400175495,2985.21005536394,2653.19467649366,898.411463577599,2452.70743745095,4461.40145641395,556.84558321545
1264.88701686906,306.395156725204,1572.89459035106,2692.21464569152,3356.56739056275,2803.79354813781,884.726267797436,1719.96982205973,3314.00062877438,759.23586742967,1709.23307155189,2164.69533492638,2769.8445938751,1315.10816248358,2475.35741734329,2375.88042821561,819.879186232962,3672.61250346201,2315.29400175495,2985.21005536394,2653.19467649366,898.411463577599,2452.70743745095,4461.40145641395,556.84558321545
1264.88701686906,306.395156725204,1572.89459035106,2692.21464569152,3356.56739056275,2803.79354813781,884.726267797436,1719.96982205973,3314.00062877438,759.23586742967,1709.23307155189,2164.69533492638,2769.8445938751,1315.10816248358,2475.35741734329,2375.88042821561,819.879186232962,3672.61250346201,2315.29400175495,2985.21005536394,2653.19467649366,898.411463577599,2452.70743745095,4461.40145641395,556.84558321545
1264.88701686906,306.395156725204,1572.89459035106,2692.21464569152,3356.56739056275,2803.79354813781,884.726267797436,1719.96982205973,3314.00062877438,759.23586742967,1709.23307155189,2164.69533492638,2769.8445938751,1315.10816248358,2475.35741734329,2375.88042821561,819.879186232962,3672.61250346201,2315.29400175495,2985.21005536394,2653.19467649366,898.411463577599,2452.70743745095,4461.40145641395,556.84558321545
1264.88701686906,306.395156725204,1572.89459035106,2692.21464569152,3356.56739056275,2803.79354813781,884.726267797436,1719.96982205973,3314.00062877438,759.23586742967,1709.23307155189,2164.69533492638,2769.8445938751,1315.10816248358,2475.35741734329,2375.88042821561,819.879186232962,3672.61250346201,2315.29400175495,2985.21005536394,2653.19467649366,898.411463577599,2452.70743745095,4461.40145641395,556.84558321545
1264.88701686906,306.395156725204,1572.89459035106,2692.21464569152,3356.56739056275,2803.79354813781,884.726267797436,1719.96982205973,3314.00062877438,759.23586742967,1709.23307155189,2164.69533492638,2769.8445938751,1315.10816248358,2475.35741734329,2375.88042821561,819.879186232962,3672.61250346201,2315.29400175495,2985.21005536394,2653.19467649366,898.411463577599,2452.70743745095,4461.40145641395,556.84558321545
1264.88701686906,306.395156725204,1572.89459035106,2692.21464569152,3356.56739056275,2803.79354813781,884.726267797436,1719.96982205973,3314.00062877438,759.23586742967,1709.23307155189,2164.69533492638,2769.8445938751,1315.10816248358,2475.35741734329,2375.88042821561,819.879186232962,3672.61250346201,2315.29400175495,2985.21005536394,2653.19467649366,898.411463577599,2452.70743745095,4461.40145641395,556.84558321545
1264.88701686906,306.395156725204,1572.89459035106,2692.21464569152,3356.56739056275,2803.79354813781,884.726267797436,1719.96982205973,3314.00062877438,759.23586742967,1709.23307155189,2164.69533492638,2769.8445938751,1315.10816248358,2475.35741734329,2375.88042821561,819.879186232962,3672.61250346201,2315.29400175495,2985.21005536394,2653.19467649366,898.411463577599,2452.70743745095,4461.40145641395,556.84558321545
1264.88701686906,306.395156725204,1572.89459035106,2692.21464569152,3356.56739056275,2803.79354813781,884.726267797436,1719.96982205973,3314.00062877438,759.23586742967,1709.23307155189,2164.69533492638,2769.8445938751,1315.10816248358,2475.35741734329,2375.88042821561,819.879186232962,3672.61250346201,2315.29400175495,2985.21005536394,2653.19467649366,898.411463577599,2452.70743745095,4461.40145641395,556.84558321545
1264.88701686906,306.395156725204,1572.89459035106,2692.21464569152,3356.56739056275,2803.79354813781,884.726267797436,1719.96982205973,3314.00062877438,759.23586742967,1709.23307155189,2164.69533492638,2769.8445938751,1315.10816248358,2475.35741734329,2375.88042821561,819.879186232962,3672.61250346201,2315.29400175495,2985.21005536394,2653.19467649366,898.411463577599,2452.70743745095,4461.40145641395,556.84558321545
1264.88701686906,306.395156725204,1572.89459035106,2692.21464569152,3356.56739056275,2803.79354813781,884.726267797436,1719.96982205973,3314.00062877438,759.23586742967,1709.23307155189,2164.69533492638,2769.8445938751,1315.10816248358,2475.35741734329,2375.88042821561,819.879186232962,3672.61250346201,2315.29400175495,2985.21005536394,2653.19467649366,898.411463577599,2452.70743745095,4461.40145641395,556.84558321545
1264.88701686906,306.395156725204,1572.89459035106,2692.21464569152,3356.56739056275,2803.79354813781,884.726267797436,1719.96982205973,3314.00062877438,759.23586742967,1709.23307155189,2164.69533492638,2769.8445938751,1315.10816248358,2475.35741734329,2375.88042821561,819.879186232962,3672.61250346201,2315.29400175495,2985.21005536394,2653.19467649366,898.411463577599,2452.70743745095,4461.40145641395,556.84558321545
1264.88701686906,306.395156725204,1572.89459035106,2692.21464569152,3356.56739056275,2803.79354813781,884.726267797436,1719.96982205973,3314.00062877438,759.23586742967,1709.23307155189,2164.69533492638,2769.8445938751,1315.10816248358,2475.35741734329,2375.88042821561,819.879186232962,3672.61250346201,2315.29400175495,2985.21005536394,2653.19467649366,898.411463577599,2452.70743745095,4461.40145641395,556.84558321545
1264.88701686906,306.395156725204,1572.89459035106,2692.21464569152,3356.56739056275,2803.79354813781,884.726267797436,1719.96982205973,3314.00062877438,759.23586742967,1709.23307155189,2164.69533492638,2769.8445938751,1315.10816248358,2475.35741734329,2375.88042821561,819.879186232962,3672.61250346201,2315.29400175495,2985.21005536394,2653.19467649366,898.411463577599,2452.70743745095,4461.40145641395,556.84558321545
1264.88701686906,306.395156725204,1572.89459035106,2692.21464569152,3356.56739056275,2803.79354813781,884.726267797436,1719.96982205973,3314.00062877438,759.23586742967,1709.23307155189,2164.69533492638,2769.8445938751,1315.10816248358,2475.35741734329,2375.88042821561,819.879186232962,3672.61250346201,2315.29400175495,2985.21005536394,2653.19467649366,898.411463577599,2452.70743745095,4461.40145641395,556.84558321545
1264.88701686906,306.395156725204,1572.89459035106,2692.21464569152,3356.56739056275,2803.79354813781,884.726267797436,1719.96982205973,3314.00062877438,759.23586742967,1709.23307155189,2164.69533492638,2769.8445938751,1315.10816248358,2475.35741734329,2375.88042821561,819.879186232962,3672.61250346201,2315.29400175495,2985.21005536394,2653.19467649366,898.411463577599,2452.70743745095,4461.40145641395,556.84558321545
1264.88701686906,306.395156725204,1572.89459035106,2692.21464569152,3356.56739056275,2803.79354813781,884.726267797436,1719.96982205973,3314.00062877438,759.23586742967,1709.23307155189,2164.69533492638,2769.8445938751,1315.10816248358,2475.35741734329,2375.88042821561,819.879186232962,3672.61250346201,2315.29400175495,2985.21005536394,2653.19467649366,898.411463577599,2452.70743745095,4461.40145641395,556.84558321545
1264.88701686906,306.395156725204,1572.89459035106,2692.21464569152,3356.56739056275,2803.79354813781,884.726267797436,1719.96982205973,3314.00062877438,759.23586742967,1709.23307155189,2164.69533492638,2769.8445938751,1315.10816248358,2475.35741734329,2375.88042821561,819.879186232962,3672.61250346201,2315.29400175495,2985.21005536394,2653.19467649366,898.411463577599,2452.70743745095,4461.40145641395,556.84558321545
1264.88701686906,306.395156725204,1572.89459035106,2692.21464569152,3356.56739056275,2803.79354813781,884.726267797436,1719.96982205973,3314.00062877438,759.23586742967,1709.23307155189,2164.69533492638,2769.8445938751,1315.10816248358,2475.35741734329,2375.88042821561,819.879186232962,3672.61250346201,2315.29400175495,2985.21005536394,2653.19467649366,898.411463577599,2452.70743745095,4461.40145641395,556.84558321545
1264.88701686906,306.395156725204,1572.89459035106,2692.21464569152,3356.56739056275,2803.79354813781,884.726267797436,1719.96982205973,3314.00062877438,759.23586742967,1709.23307155189,2164.69533492638,2769.8445938751,1315.10816248358,2475.35741734329,2375.88042821561,819.879186232962,3672.61250346201,2315.29400175495,2985.21005536394,2653.19467649366,898.411463577599,2452.70743745095,4461.40145641395,556.84558321545
1264.88701686906,306.395156725204,1572.89459035106,2692.21464569152,3356.56739056275,2803.79354813781,884.726267797436,1719.96982205973,3314.00062877438,759.23586742967,1709.23307155189,2164.69533492638,2769.8445938751,1315.10816248358,2475.35741734329,2375.88042821561,819.879186232962,3672.61250346201,2315.29400175495,2985.21005536394,2653.19467649366,898.411463577599,2452.70743745095,4461.40145641395,556.84558321545
1264.88701686906,306.395156725204,1572.89459035106,2692.21464569152,3356.56739056275,2803.79354813781,884.726267797436,1719.96982205973,3314.00062877438,759.23586742967,1709.23307155189,2164.69533492638,2769.8445938751,1315.10816248358,2475.35741734329,2375.88042821561,819.879186232962,3672.61250346201,2315.29400175495,2985.21005536394,2653.19467649366,898.411463577599,2452.70743745095,4461.40145641395,556.84558321545
1264.88701686906,306.395156725204,1572.89459035106,2692.21464569152,3356.56739056275,2803.79354813781,884.726267797436,1719.96982205973,3314.00062877438,759.23586742967,1709.23307155189,2164.69533492638,2769.8445938751,1315.10816248358,2475.35741734329,2375.88042821561,819.879186232962,3672.61250346201,2315.29400175495,2985.21005536394,2653.19467649366,898.411463577599,2452.70743745095,4461.40145641395,556.84558321545
1264.88701686906,306.395156725204,1572.89459035106,2692.21464569152,3356.56739056275,2803.79354813781,884.726267797436,1719.96982205973,3314.00062877438,759.23586742967,1709.23307155189,2164.69533492638,2769.8445938751,1315.10816248358,2475.35741734329,2375.88042821561,819.879186232962,3672.61250346201,2315.29400175495,2985.21005536394,2653.19467649366,898.411463577599,2452.70743745095,4461.40145641395,556.84558321545
1264.88701686906,306.395156725204,1572.89459035106,2692.21464569152,3356.56739056275,2803.79354813781,884.726267797436,1719.96982205973,3314.00062877438,759.23586742967,1709.23307155189,2164.69533492638,2769.8445938751,1315.10816248358,2475.35741734329,2375.88042821561,819.879186232962,3672.61250346201,2315.29400175495,2985.21005536394,2653.19467649366,898.411463577599,2452.70743745095,4461.40145641395,556.84558321545
1264.88701686906,306.395156725204,1572.89459035106,2692.21464569152,3356.56739056275,2803.79354813781,884.726267797436,1719.96982205973,3314.00062877438,759.23586742967,1709.23307155189,2164.69533492638,2769.8445938751,1315.10816248358,2475.35741734329,2375.88042821561,819.879186232962,3672.61250346201,2315.29400175495,2985.21005536394,2653.19467649366,898.411463577599,2452.70743745095,4461.40145641395,556.84558321545
1264.88701686906,306.395156725204,1572.89459035106,2692.21464569152,3356.56739056275,2803.79354813781,884.726267797436,1719.96982205973,3314.00062877438,759.23586742967,1709.23307155189,2164.69533492638,2769.8445938751,1315.10816248358,2475.35741734329,2375.88042821561,819.879186232962,3672.61250346201,2315.29400175495,2985.21005536394,2653.19467649366,898.411463577599,2452.70743745095,4461.40145641395,556.84558321545
1264.88701686906,306.395156725204,1572.89459035106,2692.21464569152,3356.56739056275,2803.79354813781,884.726267797436,1719.96982205973,3314.00062877438,759.23586742967,1709.23307155189,2164.69533492638,2769.8445938751,1315.10816248358,2475.35741734329,2375.88042821561,819.879186232962,3672.61250346201,2315.29400175495,2985.21005536394,2653.19467649366,898.411463577599,2452.70743745095,4461.40145641395,556.84558321545
1264.88701686906,306.395156725204,1572.89459035106,2692.21464569152,3356.56739056275,2803.79354813781,884.726267797436,1719.96982205973,3314.00062877438,759.23586742967,1709.23307155189,2164.69533492638,2769.8445938751,1315.10816248358,2475.35741734329,2375.88042821561,819.879186232962,3672.61250346201,2315.29400175495,2985.21005536394,2653.19467649366,898.411463577599,2452.70743745095,4461.40145641395,556.84558321545
1264.88701686906,306.395156725204,1572.89459035106,2692.21464569152,3356.56739056275,2803.79354813781,884.726267797436,1719.96982205973,3314.00062877438,759.23586742967,1709.23307155189,2164.69533492638,2769.8445938751,1315.10816248358,2475.35741734329,2375.88042821561,819.879186232962,3672.61250346201,2315.29400175495,2985.21005536394,2653.19467649366,898.411463577599,2452.70743745095,4461.40145641395,556.84558321545
1264.88701686906,306.395156725204,1572.89459035106,2692.21464569152,3356.56739056275,2803.79354813781,884.726267797436,1719.96982205973,3314.00062877438,759.23586742967,1709.23307155189,2164.69533492638,2769.8445938751,1315.10816248358,2475.35741734329,2375.88042821561,819.879186232962,3672.61250346201,2315.29400175495,2985.21005536394,2653.19467649366,898.411463577599,2452.70743745095,4461.40145641395,556.84558321545
1264.88701686906,306.395156725204,1572.89459035106,2692.21464569152,3356.56739056275,2803.79354813781,884.726267797436,1719.96982205973,3314.00062877438,759.23586742967,1709.23307155189,2164.69533492638,2769.8445938751,1315.10816248358,2475.35741734329,2375.88042821561,819.879186232962,3672.61250346201,2315.29400175495,2985.21005536394,2653.19467649366,898.411463577599,2452.70743745095,4461.40145641395,556.84558321545
1264.88701686906,306.395156725204,1572.89459035106,2692.21464569152,3356.56739056275,2803.79354813781,884.726267797436,1719.96982205973,3314.00062877438,759.23586742967,1709.23307155189,2164.69533492638,2769.8445938751,1315.10816248358,2475.35741734329,2375.88042821561,819.879186232962,3672.61250346201,2315.29400175495,2985.21005536394,2653.19467649366,898.411463577599,2452.70743745095,4461.40145641395,556.84558321545
1264.88701686906,306.395156725204,1572.89459035106,2692.21464569152,3356.56739056275,2803.79354813781,884.726267797436,1719.96982205973,3314.00062877438,759.23586742967,1709.23307155189,2164.69533492638,2769.8445938751,1315.10816248358,2475.35741734329,2375.88042821561,819.879186232962,3672.61250346201,2315.29400175495,2985.21005536394,2653.19467649366,898.411463577597,2452.70743745095,4461.40145641395,556.84558321545
1264.88701686906,306.395156725204,1572.89459035106,2692.21464569152,3356.56739056275,2803.79354813781,884.726267797436,1719.96982205973,3314.00062877438,759.23586742967,1709.23307155189,2164.69533492638,2769.8445938751,1315.10816248358,2475.35741734329,2375.88042821561,819.879186232962,3672.61250346201,2315.29400175495,2985.21005536394,2653.19467649366,898.411463577597,2452.70743745095,4461.40145641395,556.84558321545
1264.88701686906,306.395156725204,1572.89459035106,2692.21464569152,3356.56739056275,2803.79354813781,884.726267797436,1719.96982205973,3314.00062877438,759.23586742967,1709.23307155189,2164.69533492638,2769.8445938751,1315.10816248358,2475.35741734329,2375.88042821561,819.879186232962,3672.61250346201,2315.29400175495,2985.21005536394,2653.19467649366,898.411463577597,2452.70743745095,4461.40145641395,556.84558321545
1264.88701686906,306.395156725204,1572.89459035106,2692.21464569152,3356.56739056275,2803.79354813781,884.726267797436,1719.96982205973,3314.00062877438,759.23586742967,1709.23307155189,2164.69533492638,2769.8445938751,1315.10816248358,2475.35741734329,2375.88042821561,819.879186232962,3672.61250346201,2315.29400175495,2985.21005536394,2653.19467649366,898.411463577597,2452.70743745095,4461.40145641395,556.84558321545
1264.88701686906,306.395156725204,1572.89459035106,2692.21464569152,3356.56739056275,2803.79354813781,884.726267797436,1719.96982205973,3314.00062877438,759.23586742967,1709.23307155189,2164.69533492638,2769.8445938751,1315.10816248358,2475.35741734329,2375.88042821561,819.879186232962,3672.61250346201,2315.29400175495,2985.21005536394,2653.19467649366,898.411463577597,2452.70743745095,4461.40145641395,556.84558321545
1264.88701686906,306.395156725204,1572.89459035106,2692.21464569152,3356.56739056275,2803.79354813781,884.726267797436,1719.96982205973,3314.00062877438,759.23586742967,1709.23307155189,2164.69533492638,2769.8445938751,1315.10816248358,2475.35741734329,2375.88042821561,819.879186232962,3672.61250346201,2315.29400175495,2985.21005536394,2653.19467649366,898.411463577597,2452.70743745095,4461.40145641395,556.84558321545
1264.88701686906,306.395156725204,1572.89459035106,2692.21464569152,3356.56739056275,2803.79354813781,884.726267797436,1719.96982205973,3314.00062877438,759.23586742967,1709.23307155189,2164.69533492638,2769.8445938751,1315.10816248358,2475.35741734329,2375.88042821561,819.879186232962,3672.61250346201,2315.29400175495,2985.21005536394,2653.19467649366,898.411463577597,2452.70743745095,4461.40145641395,556.84558321545
1264.88701686906,306.395156725204,1572.89459035106,2692.21464569152,3356.56739056275,2803.79354813781,884.726267797436,1719.96982205973,3314.00062877438,759.23586742967,1709.23307155189,2164.69533492638,2769.8445938751,1315.10816248358,2475.35741734329,2375.88042821561,819.879186232962,3672.61250346201,2315.29400175495,2985.21005536394,2653.19467649366,898.411463577597,2452.70743745095,4461.40145641395,556.84558321545
1264.88701686906,306.395156725204,1572.89459035106,2692.21464569152,3356.56739056275,2803.79354813781,884.726267797436,1719.96982205973,3314.00062877438,759.23586742967,1709.23307155189,2164.69533492638,2769.8445938751,1315.10816248358,2475.35741734329,2375.88042821561,819.879186232962,3672.61250346201,2315.29400175495,2985.21005536394,2653.19467649366,898.411463577597,2452.70743745095,4461.40145641395,556.84558321545
1264.88701686906,306.395156725204,1572.89459035106,2692.21464569152,3356.56739056275,2803.79354813781,884.726267797436,1719.96982205973,3314.00062877438,759.23586742967,1709.23307155189,2164.69533492638,2769.8445938751,1315.10816248358,2475.35741734329,2375.88042821561,819.879186232962,3672.61250346201,2315.29400175495,2985.21005536394,2653.19467649366,898.411463577597,2452.70743745095,4461.40145641395,556.84558321545
1264.88701686906,306.395156725204,1572.89459035106,2692.21464569152,3356.56739056275,2803.79354813781,884.726267797436,1719.96982205973,3314.00062877438,759.23586742967,1709.23307155189,2164.69533492638,2769.8445938751,1315.10816248358,2475.35741734329,2375.88042821561,819.879186232962,3672.61250346201,2315.29400175495,2985.21005536394,2653.19467649366,898.411463577597,2452.70743745095,4461.40145641395,556.84558321545
1264.88701686906,306.395156725204,1572.89459035106,2692.21464569152,3356.56739056275,2803.79354813781,884.726267797436,1719.96982205973,3314.00062877438,759.23586742967,1709.23307155189,2164.69533492638,2769.8445938751,1315.10816248358,2475.35741734329,2375.88042821561,819.879186232962,3672.61250346201,2315.29400175495,2985.21005536394,2653.19467649366,898.411463577597,2452.70743745095,4461.40145641395,556.84558321545
1264.88701686906,306.395156725204,1572.89459035106,2692.21464569152,3356.56739056275,2803.79354813781,884.726267797436,1719.96982205973,3314.00062877438,759.23586742967,1709.23307155189,2164.69533492638,2769.8445938751,1315.10816248358,2475.35741734329,2375.88042821561,819.879186232962,3672.61250346201,2315.29400175495,2985.21005536394,2653.19467649366,898.411463577597,2452.70743745095,4461.40145641395,556.84558321545
1264.88701686906,306.395156725204,1572.89459035106,2692.21464569152,3356.56739056275,2803.79354813781,884.726267797436,1719.96982205973,3314.00062877438,759.23586742967,1709.23307155189,2164.69533492638,2769.8445938751,1315.10816248358,2475.35741734329,2375.88042821561,819.879186232962,3672.61250346201,2315.29400175495,2985.21005536394,2653.19467649366,898.411463577597,2452.70743745095,4461.40145641395,556.84558321545
1264.88701686906,306.395156725204,1572.89459035106,2692.21464569152,3356.56739056275,2803.79354813781,884.726267797436,1719.96982205973,3314.00062877438,759.23586742967,1709.23307155189,2164.69533492638,2769.8445938751,1315.10816248358,2475.35741734329,2375.88042821561,819.879186232962,3672.61250346201,2315.29400175495,2985.21005536394,2653.19467649366,898.411463577597,2452.70743745095,4461.40145641395,556.84558321545
1264.88701686906,306.395156725204,1572.89459035106,2692.21464569152,3356.56739056275,2803.79354813781,884.726267797436,1719.96982205973,3314.00062877438,759.23586742967,1709.23307155189,2164.69533492638,2769.8445938751,1315.10816248358,2475.35741734329,2375.88042821561,819.879186232962,3672.61250346201,2315.29400175495,2985.21005536394,2653.19467649366,898.411463577597,2452.70743745095,4461.40145641395,556.84558321545
1264.88701686906,306.395156725204,1572.89459035106,2692.21464569152,3356.56739056275,2803.79354813781,884.726267797436,1719.96982205973,3314.00062877438,759.23586742967,1709.23307155189,2164.69533492638,2769.8445938751,1315.10816248358,2475.35741734329,2375.88042821561,819.879186232962,3672.61250346201,2315.29400175495,2985.21005536394,2653.19467649366,898.411463577597,2452.70743745095,4461.40145641395,556.84558321545
1264.88701686906,306.395156725204,1572.89459035106,2692.21464569152,3356.56739056275,2803.79354813781,884.726267797436,1719.96982205973,3314.00062877438,759.23586742967,1709.23307155189,2164.69533492638,2769.8445938751,1315.10816248358,2475.35741734329,2375.88042821561,819.879186232962,3672.61250346201,2315.29400175495,2985.21005536394,2653.19467649366,898.411463577597,2452.70743745095,4461.40145641395,556.84558321545
1264.88701686906,306.395156725204,1572.89459035106,2692.21464569152,3356.56739056275,2803.79354813781,884.726267797436,1719.96982205973,3314.00062877438,759.23586742967,1709.23307155189,2164.69533492638,2769.8445938751,1315.10816248358,2475.35741734329,2375.88042821561,819.879186232962,3672.61250346201,2315.29400175495,2985.21005536394,2653.19467649366,898.411463577597,2452.70743745095,4461.40145641395,556.84558321545
1264.88701686906,306.395156725204,1572.89459035106,2692.21464569152,3356.56739056275,2803.79354813781,884.726267797436,1719.96982205973,3314.00062877438,759.23586742967,1709.23307155189,2164.69533492638,2769.8445938751,1315.10816248358,2475.35741734329,2375.88042821561,819.879186232962,3672.61250346201,2315.29400175495,2985.21005536394,2653.19467649366,898.411463577597,2452.70743745095,4461.40145641395,556.84558321545
1264.88701686906,306.395156725204,1572.89459035106,2692.21464569152,3356.56739056275,2803.79354813781,884.726267797436,1719.96982205973,3314.00062877438,759.23586742967,1709.23307155189,2164.69533492638,2769.8445938751,1315.10816248358,2475.35741734329,2375.88042821561,819.879186232962,3672.61250346201,2315.29400175495,2985.21005536394,2653.19467649366,898.411463577597,2452.70743745095,4461.40145641395,556.84558321545
1264.88701686906,306.395156725204,1572.89459035106,2692.21464569152,3356.56739056275,2803.79354813781,884.726267797436,1719.96982205973,3314.00062877438,759.23586742967,1709.23307155189,2164.69533492638,2769.8445938751,1315.10816248358,2475.35741734329,2375.88042821561,819.879186232962,3672.61250346201,2315.29400175495,2985.21005536394,2653.19467649366,898.411463577597,2452.70743745095,4461.40145641395,556.84558321545
1264.88701686906,306.395156725204,1572.89459035106,2692.21464569152,3356.56739056275,2803.79354813781,884.726267797436,1719.96982205973,3314.00062877438,759.23586742967,1709.23307155189,2164.69533492638,2769.8445938751,1315.10816248358,2475.35741734329,2375.88042821561,819.879186232962,3672.61250346201,2315.29400175495,2985.21005536394,2653.19467649366,898.411463577597,2452.70743745095,4461.40145641395,556.84558321545
1264.88701686906,306.395156725204,1572.89459035106,2692.21464569152,3356.56739056275,2803.79354813781,884.726267797436,1719.96982205973,3314.00062877438,759.23586742967,1709.23307155189,2164.69533492638,2769.8445938751,1315.10816248358,2475.35741734329,2375.88042821561,819.879186232962,3672.61250346201,2315.29400175495,2985.21005536394,2653.19467649366,898.411463577597,2452.70743745095,4461.40145641395,556.84558321545
1264.88701686906,306.395156725204,1572.89459035106,2692.21464569152,3356.56739056275,2803.79354813781,884.726267797436,1719.96982205973,3314.00062877438,759.23586742967,1709.23307155189,2164.69533492638,2769.8445938751,1315.10816248358,2475.35741734329,2375.88042821561,819.879186232962,3672.61250346201,2315.29400175495,2985.21005536394,2653.19467649366,898.411463577597,2452.70743745095,4461.40145641395,556.84558321545
1264.88701686906,306.395156725204,1572.89459035106,2692.21464569152,3356.56739056275,2803.79354813781,884.726267797436,1719.96982205973,3314.00062877438,759.23586742967,1709.23307155189,2164.69533492638,2769.8445938751,1315.10816248358,2475.35741734329,2375.88042821561,819.879186232962,3672.61250346201,2315.29400175495,2985.21005536394,2653.19467649366,898.411463577597,2452.70743745095,4461.40145641395,556.84558321545
1264.88701686906,306.395156725204,1572.89459035106,2692.21464569152,3356.56739056275,2803.79354813781,884.726267797436,1719.96982205973,3314.00062877438,759.23586742967,1709.23307155189,2164.69533492638,2769.8445938751,1315.10816248358,2475.35741734329,2375.88042821561,819.879186232962,3672.61250346201,2315.29400175495,2985.21005536394,2653.19467649366,898.411463577597,2452.70743745095,4461.40145641395,556.84558321545
1264.88701686906,306.395156725204,1572.89459035106,2692.21464569152,3356.56739056275,2803.79354813781,884.726267797436,1719.96982205973,3314.00062877438,759.23586742967,1709.23307155189,2164.69533492638,2769.8445938751,1315.10816248358,2475.35741734329,2375.88042821561,819.879186232962,3672.61250346201,2315.29400175495,2985.21005536394,2653.19467649366,898.411463577597,2452.70743745095,4461.40145641395,556.84558321545
1264.88701686906,306.395156725204,1572.89459035106,2692.21464569152,3356.56739056275,2803.79354813781,884.726267797436,1719.96982205973,3314.00062877438,759.23586742967,1709.23307155189,2164.69533492638,2769.8445938751,1315.10816248358,2475.35741734329,2375.88042821561,819.879186232962,3672.61250346201,2315.29400175495,2985.21005536394,2653.19467649366,898.411463577597,2452.70743745095,4461.40145641395,556.84558321545
1264.88701686906,306.395156725204,1572.89459035106,2692.21464569152,3356.56739056275,2803.79354813781,884.726267797436,1719.96982205973,3314.00062877438,759.23586742967,1709.23307155189,2164.69533492638,2769.8445938751,1315.10816248358,2475.35741734329,2375.88042821561,819.879186232962,3672.61250346201,2315.29400175495,2985.21005536394,2653.19467649366,898.411463577597,2452.70743745095,4461.40145641395,556.84558321545
1264.88701686906,306.395156725204,1572.89459035106,2692.21464569152,3356.56739056275,2803.79354813781,884.726267797436,1719.96982205973,3314.00062877438,759.23586742967,1709.23307155189,2164.69533492638,2769.8445938751,1315.10816248358,2475.35741734329,2375.88042821561,819.879186232962,3672.61250346201,2315.29400175495,2985.21005536394,2653.19467649366,898.411463577597,2452.70743745095,4461.40145641395,556.84558321545
1264.88701686906,306.395156725204,1572.89459035106,2692.21464569152,3356.56739056275,2803.79354813781,884.726267797436,1719.96982205973,3314.00062877438,759.23586742967,1709.23307155189,2164.69533492638,2769.8445938751,1315.10816248358,2475.35741734329,2375.88042821561,819.879186232962,3672.61250346201,2315.29400175495,2985.21005536394,2653.19467649366,898.411463577597,2452.70743745095,4461.40145641395,556.84558321545
1264.88701686906,306.395156725204,1572.89459035106,2692.21464569152,3356.56739056275,2803.79354813781,884.726267797436,1719.96982205973,3314.00062877438,759.23586742967,1709.23307155189,2164.69533492638,2769.8445938751,1315.10816248358,2475.35741734329,2375.88042821561,819.879186232962,3672.61250346201,2315.29400175495,2985.21005536394,2653.19467649366,898.411463577597,2452.70743745095,4461.40145641395,556.84558321545
1264.88701686906,306.395156725204,1572.89459035106,2692.21464569152,3356.56739056275,2803.79354813781,884.726267797436,1719.96982205973,3314.00062877438,759.23586742967,1709.23307155189,2164.69533492638,2769.8445938751,1315.10816248358,2475.35741734329,2375.88042821561,819.879186232962,3672.61250346201,2315.29400175495,2985.21005536394,2653.19467649366,898.411463577597,2452.70743745095,4461.40145641395,556.84558321545
1264.88701686906,306.395156725204,1572.89459035106,2692.21464569152,3356.56739056275,2803.79354813781,884.726267797436,1719.96982205973,3314.00062877438,759.23586742967,1709.23307155189,2164.69533492638,2769.8445938751,1315.10816248358,2475.35741734329,2375.88042821561,819.879186232962,3672.61250346201,2315.29400175495,2985.21005536394,2653.19467649366,898.411463577597,2452.70743745095,4461.40145641395,556.84558321545
1264.88701686906,306.395156725204,1572.89459035106,2692.21464569152,3356.56739056275,2803.79354813781,884.726267797436,1719.96982205973,3314.00062877438,759.23586742967,1709.23307155189,2164.69533492638,2769.8445938751,1315.10816248358,2475.35741734329,2375.88042821561,819.879186232962,3672.61250346201,2315.29400175495,2985.21005536394,2653.19467649366,898.411463577597,2452.70743745095,4461.40145641395,556.84558321545
1264.88701686906,306.395156725204,1572.89459035106,2692.21464569152,3356.56739056275,2803.79354813781,884.726267797436,1719.96982205973,3314.00062877438,759.23586742967,1709.23307155189,2164.69533492638,2769.8445938751,1315.10816248358,2475.35741734329,2375.88042821561,819.879186232962,3672.61250346201,2315.29400175495,2985.21005536394,2653.19467649366,898.411463577597,2452.70743745095,4461.40145641395,556.84558321545
1264.88701686906,306.395156725204,1572.89459035106,2692.21464569152,3356.56739056275,2803.79354813781,884.726267797436,1719.96982205973,3314.00062877438,759.23586742967,1709.23307155189,2164.69533492638,2769.8445938751,1315.10816248358,2475.35741734329,2375.88042821561,819.879186232962,3672.61250346201,2315.29400175495,2985.21005536394,2653.19467649366,898.411463577597,2452.70743745095,4461.40145641395,556.84558321545
1264.88701686906,306.395156725204,1572.89459035106,2692.21464569152,3356.56739056275,2803.79354813781,884.726267797436,1719.96982205973,3314.00062877438,759.23586742967,1709.23307155189,2164.69533492638,2769.8445938751,1315.10816248358,2475.35741734329,2375.88042821561,819.879186232962,3672.61250346201,2315.29400175495,2985.21005536394,2653.19467649366,898.411463577597,2452.70743745095,4461.40145641395,556.84558321545
1264.88701686906,306.395156725204,1572.89459035106,2692.21464569152,3356.56739056275,2803.79354813781,884.726267797436,1719.96982205973,3314.00062877438,759.23586742967,1709.23307155189,2164.69533492638,2769.8445938751,1315.10816248358,2475.35741734329,2375.88042821561,819.879186232962,3672.61250346201,2315.29400175495,2985.21005536394,2653.19467649366,898.411463577597,2452.70743745095,4461.40145641395,556.84558321545
1264.88701686906,306.395156725204,1572.89459035106,2692.21464569152,3356.56739056275,2803.79354813781,884.726267797436,1719.96982205973,3314.00062877438,759.23586742967,1709.23307155189,2164.69533492638,2769.8445938751,1315.10816248358,2475.35741734329,2375.88042821561,819.879186232962,3672.61250346201,2315.29400175495,2985.21005536394,2653.19467649366,898.411463577597,2452.70743745095,4461.40145641395,556.84558321545
1264.88701686906,306.395156725204,1572.89459035106,2692.21464569152,3356.56739056275,2803.79354813781,884.726267797436,1719.96982205973,3314.00062877438,759.23586742967,1709.23307155189,2164.69533492638,2769.8445938751,1315.10816248358,2475.35741734329,2375.88042821561,819.879186232962,3672.61250346201,2315.29400175495,2985.21005536394,2653.19467649366,898.411463577597,2452.70743745095,4461.40145641395,556.84558321545
1264.88701686906,306.395156725204,1572.89459035106,2692.21464569152,3356.56739056275,2803.79354813781,884.726267797436,1719.96982205973,3314.00062877438,759.23586742967,1709.23307155189,2164.69533492638,2769.8445938751,1315.10816248358,2475.35741734329,2375.88042821561,819.879186232962,3672.61250346201,2315.29400175495,2985.21005536394,2653.19467649366,898.411463577597,2452.70743745095,4461.40145641395,556.84558321545
1264.88701686906,306.395156725204,1572.89459035106,2692.21464569152,3356.56739056275,2803.79354813781,884.726267797436,1719.96982205973,3314.00062877438,759.23586742967,1709.23307155189,2164.69533492638,2769.8445938751,1315.10816248358,2475.35741734329,2375.88042821561,819.879186232962,3672.61250346201,2315.29400175495,2985.21005536394,2653.19467649366,898.411463577597,2452.70743745095,4461.40145641395,556.84558321545
1264.88701686906,306.395156725204,1572.89459035106,2692.21464569152,3356.56739056275,2803.79354813781,884.726267797436,1719.96982205973,3314.00062877438,759.23586742967,1709.23307155189,2164.69533492638,2769.8445938751,1315.10816248358,2475.35741734329,2375.88042821561,819.879186232962,3672.61250346201,2315.29400175495,2985.21005536394,2653.19467649366,898.411463577597,2452.70743745095,4461.40145641395,556.84558321545
1264.88701686906,306.395156725204,1572.89459035106,2692.21464569152,3356.56739056275,2803.79354813781,884.726267797436,1719.96982205973,3314.00062877438,759.23586742967,1709.23307155189,2164.69533492638,2769.8445938751,1315.10816248358,2475.35741734329,2375.88042821561,819.879186232962,3672.61250346201,2315.29400175495,2985.21005536394,2653.19467649366,898.411463577597,2452.70743745095,4461.40145641395,556.84558321545
1264.88701686906,306.395156725204,1572.89459035106,2692.21464569152,3356.56739056275,2803.79354813781,884.726267797436,1719.96982205973,3314.00062877438,759.23586742967,1709.23307155189,2164.69533492638,2769.8445938751,1315.10816248358,2475.35741734329,2375.88042821561,819.879186232962,3672.61250346201,2315.29400175495,2985.21005536394,2653.19467649366,898.411463577597,2452.70743745095,4461.40145641395,556.84558321545
1264.88701686906,306.395156725204,1572.89459035106,2692.21464569152,3356.56739056275,2803.79354813781,884.726267797436,1719.96982205973,3314.00062877438,759.23586742967,1709.23307155189,2164.69533492638,2769.8445938751,1315.10816248358,2475.35741734329,2375.88042821561,819.879186232962,3672.61250346201,2315.29400175495,2985.21005536394,2653.19467649366,898.411463577597,2452.70743745095,4461.40145641395,556.84558321545
1264.88701686906,306.395156725204,1572.89459035106,2692.21464569152,3356.56739056275,2803.79354813781,884.726267797436,1719.96982205973,3314.00062877438,759.23586742967,1709.23307155189,2164.69533492638,2769.8445938751,1315.10816248358,2475.35741734329,2375.88042821561,819.879186232962,3672.61250346201,2315.29400175495,2985.21005536394,2653.19467649366,898.411463577597,2452.70743745095,4461.40145641395,556.84558321545
1264.88701686906,306.395156725204,1572.89459035106,2692.21464569152,3356.56739056275,2803.79354813781,884.726267797436,1719.96982205973,3314.00062877438,759.23586742967,1709.23307155189,2164.69533492638,2769.8445938751,1315.10816248358,2475.35741734329,2375.88042821561,819.879186232962,3672.61250346201,2315.29400175495,2985.21005536394,2653.19467649366,898.411463577597,2452.70743745095,4461.40145641395,556.84558321545
1264.88701686906,306.395156725204,1572.89459035106,2692.21464569152,3356.56739056275,2803.79354813781,884.726267797436,1719.96982205973,3314.00062877438,759.23586742967,1709.23307155189,2164.69533492638,2769.8445938751,1315.10816248358,2475.35741734329,2375.88042821561,819.879186232962,3672.61250346201,2315.29400175495,2985.21005536394,2653.19467649366,898.411463577597,2452.70743745095,4461.40145641395,556.84558321545
1264.88701686906,306.395156725204,1572.89459035106,2692.21464569152,3356.56739056275,2803.79354813781,884.726267797436,1719.96982205973,3314.00062877438,759.23586742967,1709.23307155189,2164.69533492638,2769.8445938751,1315.10816248358,2475.35741734329,2375.88042821561,819.879186232962,3672.61250346201,2315.29400175495,2985.21005536394,2653.19467649366,898.411463577597,2452.70743745095,4461.40145641395,556.84558321545
1264.88701686906,306.395156725204,1572.89459035106,2692.21464569152,3356.56739056275,2803.79354813781,884.726267797436,1719.96982205973,3314.00062877438,759.23586742967,1709.23307155189,2164.69533492638,2769.8445938751,1315.10816248358,2475.35741734329,2375.88042821561,819.879186232962,3672.61250346201,2315.29400175495,2985.21005536394,2653.19467649366,898.411463577597,2452.70743745095,4461.40145641395,556.84558321545
1264.88701686906,306.395156725204,1572.89459035106,2692.21464569152,3356.56739056275,2803.79354813781,884.726267797436,1719.96982205973,3314.00062877438,759.23586742967,1709.23307155189,2164.69533492638,2769.8445938751,1315.10816248358,2475.35741734329,2375.88042821561,819.879186232962,3672.61250346201,2315.29400175495,2985.21005536394,2653.19467649366,898.411463577597,2452.70743745095,4461.40145641395,556.84558321545
1264.88701686906,306.395156725204,1572.89459035106,2692.21464569152,3356.56739056275,2803.79354813781,884.726267797436,1719.96982205973,3314.00062877438,759.23586742967,1709.23307155189,2164.69533492638,2769.8445938751,1315.10816248358,2475.35741734329,2375.88042821561,819.879186232962,3672.61250346201,2315.29400175495,2985.21005536394,2653.19467649366,898.411463577597,2452.70743745095,4461.40145641395,556.84558321545
1264.88701686906,306.395156725204,1572.89459035106,2692.21464569152,3356.56739056275,2803.79354813781,884.726267797436,1719.96982205973,3314.00062877438,759.23586742967,1709.23307155189,2164.69533492638,2769.8445938751,1315.10816248358,2475.35741734329,2375.88042821561,819.879186232962,3672.61250346201,2315.29400175495,2985.21005536394,2653.19467649366,898.411463577597,2452.70743745095,4461.40145641395,556.84558321545
1264.88701686906,306.395156725204,1572.89459035106,2692.21464569152,3356.56739056275,2803.79354813781,884.726267797436,1719.96982205973,3314.00062877438,759.23586742967,1709.23307155189,2164.69533492638,2769.8445938751,1315.10816248358,2475.35741734329,2375.88042821561,819.879186232962,3672.61250346201,2315.29400175495,2985.21005536394,2653.19467649366,898.411463577597,2452.70743745095,4461.40145641395,556.84558321545
1264.88701686906,306.395156725204,1572.89459035106,2692.21464569152,3356.56739056275,2803.79354813781,884.726267797436,1719.96982205973,3314.00062877438,759.23586742967,1709.23307155189,2164.69533492638,2769.8445938751,1315.10816248358,2475.35741734329,2375.88042821561,819.879186232962,3672.61250346201,2315.29400175495,2985.21005536394,2653.19467649366,898.411463577597,2452.70743745095,4461.40145641395,556.84558321545
1264.88701686906,306.395156725204,1572.89459035106,2692.21464569152,3356.56739056275,2803.79354813781,884.726267797436,1719.96982205973,3314.00062877438,759.23586742967,1709.23307155189,2164.69533492638,2769.8445938751,1315.10816248358,2475.35741734329,2375.88042821561,819.879186232962,3672.61250346201,2315.29400175495,2985.21005536394,2653.19467649366,898.411463577597,2452.70743745095,4461.40145641395,556.84558321545
1264.88701686906,306.395156725204,1572.89459035106,2692.21464569152,3356.56739056275,2803.79354813781,884.726267797436,1719.96982205973,3314.00062877438,759.23586742967,1709.23307155189,2164.69533492638,2769.8445938751,1315.10816248358,2475.35741734329,2375.88042821561,819.879186232962,3672.61250346201,2315.29400175495,2985.21005536394,2653.19467649366,898.411463577597,2452.70743745095,4461.40145641395,556.84558321545
1264.88701686906,306.395156725204,1572.89459035106,2692.21464569152,3356.56739056275,2803.79354813781,884.726267797436,1719.96982205973,3314.00062877438,759.23586742967,1709.23307155189,2164.69533492638,2769.8445938751,1315.10816248358,2475.35741734329,2375.88042821561,819.879186232962,3672.61250346201,2315.29400175495,2985.21005536394,2653.19467649366,898.411463577597,2452.70743745095,4461.40145641395,556.84558321545
1264.88701686906,306.395156725204,1572.89459035106,2692.21464569152,3356.56739056275,2803.79354813781,884.726267797436,1719.96982205973,3314.00062877438,759.23586742967,1709.23307155189,2164.69533492638,2769.8445938751,1315.10816248358,2475.35741734329,2375.88042821561,819.879186232962,3672.61250346201,2315.29400175495,2985.21005536394,2653.19467649366,898.411463577597,2452.70743745095,4461.40145641395,556.84558321545
1264.88701686906,306.395156725204,1572.89459035106,2692.21464569152,3356.56739056275,2803.79354813781,884.726267797436,1719.96982205973,3314.00062877438,759.23586742967,1709.23307155189,2164.69533492638,2769.8445938751,1315.10816248358,2475.35741734329,2375.88042821561,819.879186232962,3672.61250346201,2315.29400175495,2985.21005536394,2653.19467649366,898.411463577597,2452.70743745095,4461.40145641395,556.84558321545
1264.88701686906,306.395156725204,1572.89459035106,2692.21464569152,3356.56739056275,2803.79354813781,884.726267797436,1719.96982205973,3314.00062877438,759.23586742967,1709.23307155189,2164.69533492638,2769.8445938751,1315.10816248358,2475.35741734329,2375.88042821561,819.879186232962,3672.61250346201,2315.29400175495,2985.21005536394,2653.19467649366,898.411463577597,2452.70743745095,4461.40145641395,556.84558321545
1264.88701686906,306.395156725204,1572.89459035106,2692.21464569152,3356.56739056275,2803.79354813781,884.726267797436,1719.96982205973,3314.00062877438,759.23586742967,1709.23307155189,2164.69533492638,2769.8445938751,1315.10816248358,2475.35741734329,2375.88042821561,819.879186232962,3672.61250346201,2315.29400175495,2985.21005536394,2653.19467649366,898.411463577597,2452.70743745095,4461.40145641395,556.84558321545
1264.88701686906,306.395156725204,1572.89459035106,2692.21464569152,3356.56739056275,2803.79354813781,884.726267797436,1719.96982205973,3314.00062877438,759.23586742967,1709.23307155189,2164.69533492638,2769.8445938751,1315.10816248358,2475.35741734329,2375.88042821561,819.879186232962,3672.61250346201,2315.29400175495,2985.21005536394,2653.19467649366,898.411463577597,2452.70743745095,4461.40145641395,556.84558321545
1264.88701686906,306.395156725204,1572.89459035106,2692.21464569152,3356.56739056275,2803.79354813781,884.726267797436,1719.96982205973,3314.00062877438,759.23586742967,1709.23307155189,2164.69533492638,2769.8445938751,1315.10816248358,2475.35741734329,2375.88042821561,819.879186232962,3672.61250346201,2315.29400175495,2985.21005536394,2653.19467649366,898.411463577597,2452.70743745095,4461.40145641395,556.84558321545
1264.88701686906,306.395156725204,1572.89459035106,2692.21464569152,3356.56739056275,2803.79354813781,884.726267797436,1719.96982205973,3314.00062877438,759.23586742967,1709.23307155189,2164.69533492638,2769.8445938751,1315.10816248358,2475.35741734329,2375.88042821561,819.879186232962,3672.61250346201,2315.29400175495,2985.21005536394,2653.19467649366,898.411463577597,2452.70743745095,4461.40145641395,556.84558321545
1264.88701686906,306.395156725204,1572.89459035106,2692.21464569152,3356.56739056275,2803.79354813781,884.726267797436,1719.96982205973,3314.00062877438,759.23586742967,1709.23307155189,2164.69533492638,2769.8445938751,1315.10816248358,2475.35741734329,2375.88042821561,819.879186232962,3672.61250346201,2315.29400175495,2985.21005536394,2653.19467649366,898.411463577597,2452.70743745095,4461.40145641395,556.84558321545
1264.88701686906,306.395156725204,1572.89459035106,2692.21464569152,3356.56739056275,2803.79354813781,884.726267797436,1719.96982205973,3314.00062877438,759.23586742967,1709.23307155189,2164.69533492638,2769.8445938751,1315.10816248358,2475.35741734329,2375.88042821561,819.879186232962,3672.61250346201,2315.29400175495,2985.21005536394,2653.19467649366,898.411463577597,2452.70743745095,4461.40145641395,556.84558321545
1264.88701686906,306.395156725204,1572.89459035106,2692.21464569152,3356.56739056275,2803.79354813781,884.726267797436,1719.96982205973,3314.00062877438,759.23586742967,1709.23307155189,2164.69533492638,2769.8445938751,1315.10816248358,2475.35741734329,2375.88042821561,819.879186232962,3672.61250346201,2315.29400175495,2985.21005536394,2653.19467649366,898.411463577597,2452.70743745095,4461.40145641395,556.84558321545
1264.88701686906,306.395156725204,1572.89459035106,2692.21464569152,3356.56739056275,2803.79354813781,884.726267797436,1719.96982205973,3314.00062877438,759.23586742967,1709.23307155189,2164.69533492638,2769.8445938751,1315.10816248358,2475.35741734329,2375.88042821561,819.879186232962,3672.61250346201,2315.29400175495,2985.21005536394,2653.19467649366,898.411463577597,2452.70743745095,4461.40145641395,556.84558321545
1264.88701686906,306.395156725204,1572.89459035106,2692.21464569152,3356.56739056275,2803.79354813781,884.726267797436,1719.96982205973,3314.00062877438,759.23586742967,1709.23307155189,2164.69533492638,2769.8445938751,1315.10816248358,2475.35741734329,2375.88042821561,819.879186232962,3672.61250346201,2315.29400175495,2985.21005536394,2653.19467649366,898.411463577597,2452.70743745095,4461.40145641395,556.84558321545
1264.88701686906,306.395156725204,1572.89459035106,2692.21464569152,3356.56739056275,2803.79354813781,884.726267797436,1719.96982205973,3314.00062877438,759.23586742967,1709.23307155189,2164.69533492638,2769.8445938751,1315.10816248358,2475.35741734329,2375.88042821561,819.879186232962,3672.61250346201,2315.29400175495,2985.21005536394,2653.19467649366,898.411463577597,2452.70743745095,4461.40145641395,556.84558321545
1264.88701686906,306.395156725204,1572.89459035106,2692.21464569152,3356.56739056275,2803.79354813781,884.726267797436,1719.96982205973,3314.00062877438,759.23586742967,1709.23307155189,2164.69533492638,2769.8445938751,1315.10816248358,2475.35741734329,2375.88042821561,819.879186232962,3672.61250346201,2315.29400175495,2985.21005536394,2653.19467649366,898.411463577597,2452.70743745095,4461.40145641395,556.84558321545
1264.88701686906,306.395156725204,1572.89459035106,2692.21464569152,3356.56739056275,2803.79354813781,884.726267797436,1719.96982205973,3314.00062877438,759.23586742967,1709.23307155189,2164.69533492638,2769.8445938751,1315.10816248358,2475.35741734329,2375.88042821561,819.879186232962,3672.61250346201,2315.29400175495,2985.21005536394,2653.19467649366,898.411463577597,2452.70743745095,4461.40145641395,556.84558321545
1264.88701686906,306.395156725204,1572.89459035106,2692.21464569152,3356.56739056275,2803.79354813781,884.726267797436,1719.96982205973,3314.00062877438,759.23586742967,1709.23307155189,2164.69533492638,2769.8445938751,1315.10816248358,2475.35741734329,2375.88042821561,819.879186232962,3672.61250346201,2315.29400175495,2985.21005536394,2653.19467649366,898.411463577597,2452.70743745095,4461.40145641395,556.84558321545
1264.88701686906,306.395156725204,1572.89459035106,2692.21464569152,3356.56739056275,2803.79354813781,884.726267797436,1719.96982205973,3314.00062877438,759.23586742967,1709.23307155189,2164.69533492638,2769.8445938751,1315.10816248358,2475.35741734329,2375.88042821561,819.879186232962,3672.61250346201,2315.29400175495,2985.21005536394,2653.19467649366,898.411463577597,2452.70743745095,4461.40145641395,556.84558321545
1264.88701686906,306.395156725204,1572.89459035106,2692.21464569152,3356.56739056275,2803.79354813781,884.726267797436,1719.96982205973,3314.00062877438,759.23586742967,1709.23307155189,2164.69533492638,2769.8445938751,1315.10816248358,2475.35741734329,2375.88042821561,819.879186232962,3672.61250346201,2315.29400175495,2985.21005536394,2653.19467649366,898.411463577597,2452.70743745095,4461.40145641395,556.84558321545
1264.88701686906,306.395156725204,1572.89459035106,2692.21464569152,3356.56739056275,2803.79354813781,884.726267797436,1719.96982205973,3314.00062877438,759.23586742967,1709.23307155189,2164.69533492638,2769.8445938751,1315.10816248358,2475.35741734329,2375.88042821561,819.879186232962,3672.61250346201,2315.29400175495,2985.21005536394,2653.19467649366,898.411463577597,2452.70743745095,4461.40145641395,556.84558321545
1264.88701686906,306.395156725204,1572.89459035106,2692.21464569152,3356.56739056275,2803.79354813781,884.726267797436,1719.96982205973,3314.00062877438,759.23586742967,1709.23307155189,2164.69533492638,2769.8445938751,1315.10816248358,2475.35741734329,2375.88042821561,819.879186232962,3672.61250346201,2315.29400175495,2985.21005536394,2653.19467649366,898.411463577597,2452.70743745095,4461.40145641395,556.84558321545
1264.88701686906,306.395156725204,1572.89459035106,2692.21464569152,3356.56739056275,2803.79354813781,884.726267797436,1719.96982205973,3314.00062877438,759.23586742967,1709.23307155189,2164.69533492638,2769.8445938751,1315.10816248358,2475.35741734329,2375.88042821561,819.879186232962,3672.61250346201,2315.29400175495,2985.21005536394,2653.19467649366,898.411463577597,2452.70743745095,4461.40145641395,556.84558321545
1264.88701686906,306.395156725204,1572.89459035106,2692.21464569152,3356.56739056275,2803.79354813781,884.726267797436,1719.96982205973,3314.00062877438,759.23586742967,1709.23307155189,2164.69533492638,2769.8445938751,1315.10816248358,2475.35741734329,2375.88042821561,819.879186232962,3672.61250346201,2315.29400175495,2985.21005536394,2653.19467649366,898.411463577597,2452.70743745095,4461.40145641395,556.84558321545
1264.88701686906,306.395156725204,1572.89459035106,2692.21464569152,3356.56739056275,2803.79354813781,884.726267797436,1719.96982205973,3314.00062877438,759.23586742967,1709.23307155189,2164.69533492638,2769.8445938751,1315.10816248358,2475.35741734329,2375.88042821561,819.879186232962,3672.61250346201,2315.29400175495,2985.21005536394,2653.19467649366,898.411463577597,2452.70743745095,4461.40145641395,556.84558321545
1264.88701686906,306.395156725204,1572.89459035106,2692.21464569152,3356.56739056275,2803.79354813781,884.726267797436,1719.96982205973,3314.00062877438,759.23586742967,1709.23307155189,2164.69533492638,2769.8445938751,1315.10816248358,2475.35741734329,2375.88042821561,819.879186232962,3672.61250346201,2315.29400175495,2985.21005536394,2653.19467649366,898.411463577597,2452.70743745095,4461.40145641395,556.84558321545
1264.88701686906,306.395156725204,1572.89459035106,2692.21464569152,3356.56739056275,2803.79354813781,884.726267797436,1719.96982205973,3314.00062877438,759.23586742967,1709.23307155189,2164.69533492638,2769.8445938751,1315.10816248358,2475.35741734329,2375.88042821561,819.879186232962,3672.61250346201,2315.29400175495,2985.21005536394,2653.19467649366,898.411463577597,2452.70743745095,4461.40145641395,556.84558321545
1264.88701686906,306.395156725204,1572.89459035106,2692.21464569152,3356.56739056275,2803.79354813781,884.726267797436,1719.96982205973,3314.00062877438,759.23586742967,1709.23307155189,2164.69533492638,2769.8445938751,1315.10816248358,2475.35741734329,2375.88042821561,819.879186232962,3672.61250346201,2315.29400175495,2985.21005536394,2653.19467649366,898.411463577597,2452.70743745095,4461.40145641395,556.84558321545
1264.88701686906,306.395156725204,1572.89459035106,2692.21464569152,3356.56739056275,2803.79354813781,884.726267797436,1719.96982205973,3314.00062877438,759.23586742967,1709.23307155189,2164.69533492638,2769.8445938751,1315.10816248358,2475.35741734329,2375.88042821561,819.879186232962,3672.61250346201,2315.29400175495,2985.21005536394,2653.19467649366,898.411463577597,2452.70743745095,4461.40145641395,556.84558321545
1264.88701686906,306.395156725204,1572.89459035106,2692.21464569152,3356.56739056275,2803.79354813781,884.726267797436,1719.96982205973,3314.00062877438,759.23586742967,1709.23307155189,2164.69533492638,2769.8445938751,1315.10816248358,2475.35741734329,2375.88042821561,819.879186232962,3672.61250346201,2315.29400175495,2985.21005536394,2653.19467649366,898.411463577597,2452.70743745095,4461.40145641395,556.84558321545
1264.88701686906,306.395156725204,1572.89459035106,2692.21464569152,3356.56739056275,2803.79354813781,884.726267797436,1719.96982205973,3314.00062877438,759.23586742967,1709.23307155189,2164.69533492638,2769.8445938751,1315.10816248358,2475.35741734329,2375.88042821561,819.879186232962,3672.61250346201,2315.29400175495,2985.21005536394,2653.19467649366,898.411463577597,2452.70743745095,4461.40145641395,556.84558321545
1264.88701686906,306.395156725204,1572.89459035106,2692.21464569152,3356.56739056275,2803.79354813781,884.726267797436,1719.96982205973,3314.00062877438,759.23586742967,1709.23307155189,2164.69533492638,2769.8445938751,1315.10816248358,2475.35741734329,2375.88042821561,819.879186232962,3672.61250346201,2315.29400175495,2985.21005536394,2653.19467649366,898.411463577597,2452.70743745095,4461.40145641395,556.84558321545
1264.88701686906,306.395156725204,1572.89459035106,2692.21464569152,3356.56739056275,2803.79354813781,884.726267797436,1719.96982205973,3314.00062877438,759.23586742967,1709.23307155189,2164.69533492638,2769.8445938751,1315.10816248358,2475.35741734329,2375.88042821561,819.879186232962,3672.61250346201,2315.29400175495,2985.21005536394,2653.19467649366,898.411463577597,2452.70743745095,4461.40145641395,556.84558321545
1264.88701686906,306.395156725204,1572.89459035106,2692.21464569152,3356.56739056275,2803.79354813781,884.726267797436,1719.96982205973,3314.00062877438,759.23586742967,1709.23307155189,2164.69533492638,2769.8445938751,1315.10816248358,2475.35741734329,2375.88042821561,819.879186232962,3672.61250346201,2315.29400175495,2985.21005536394,2653.19467649366,898.411463577597,2452.70743745095,4461.40145641395,556.84558321545
1264.88701686906,306.395156725204,1572.89459035106,2692.21464569152,3356.56739056275,2803.79354813781,884.726267797436,1719.96982205973,3314.00062877438,759.23586742967,1709.23307155189,2164.69533492638,2769.8445938751,1315.10816248358,2475.35741734329,2375.88042821561,819.879186232962,3672.61250346201,2315.29400175495,2985.21005536394,2653.19467649366,898.411463577597,2452.70743745095,4461.40145641395,556.84558321545
1264.88701686906,306.395156725204,1572.89459035106,2692.21464569152,3356.56739056275,2803.79354813781,884.726267797436,1719.96982205973,3314.00062877438,759.23586742967,1709.23307155189,2164.69533492638,2769.8445938751,1315.10816248358,2475.35741734329,2375.88042821561,819.879186232962,3672.61250346201,2315.29400175495,2985.21005536394,2653.19467649366,898.411463577597,2452.70743745095,4461.40145641395,556.84558321545
1264.88701686906,306.395156725204,1572.89459035106,2692.21464569152,3356.56739056275,2803.79354813781,884.726267797436,1719.96982205973,3314.00062877438,759.23586742967,1709.23307155189,2164.69533492638,2769.8445938751,1315.10816248358,2475.35741734329,2375.88042821561,819.879186232962,3672.61250346201,2315.29400175495,2985.21005536394,2653.19467649366,898.411463577597,2452.70743745095,4461.40145641395,556.84558321545
1264.88701686906,306.395156725204,1572.89459035106,2692.21464569152,3356.56739056275,2803.79354813781,884.726267797436,1719.96982205973,3314.00062877438,759.23586742967,1709.23307155189,2164.69533492638,2769.8445938751,1315.10816248358,2475.35741734329,2375.88042821561,819.879186232962,3672.61250346201,2315.29400175495,2985.21005536394,2653.19467649366,898.411463577597,2452.70743745095,4461.40145641395,556.84558321545
1264.88701686906,306.395156725204,1572.89459035106,2692.21464569152,3356.56739056275,2803.79354813781,884.726267797436,1719.96982205973,3314.00062877438,759.23586742967,1709.23307155189,2164.69533492638,2769.8445938751,1315.10816248358,2475.35741734329,2375.88042821561,819.879186232962,3672.61250346201,2315.29400175495,2985.21005536394,2653.19467649366,898.411463577597,2452.70743745095,4461.40145641395,556.84558321545
1264.88701686906,306.395156725204,1572.89459035106,2692.21464569152,3356.56739056275,2803.79354813781,884.726267797436,1719.96982205973,3314.00062877438,759.23586742967,1709.23307155189,2164.69533492638,2769.8445938751,1315.10816248358,2475.35741734329,2375.88042821561,819.879186232962,3672.61250346201,2315.29400175495,2985.21005536394,2653.19467649366,898.411463577597,2452.70743745095,4461.40145641395,556.84558321545
1264.88701686906,306.395156725204,1572.89459035106,2692.21464569152,3356.56739056275,2803.79354813781,884.726267797436,1719.96982205973,3314.00062877438,759.23586742967,1709.23307155189,2164.69533492638,2769.8445938751,1315.10816248358,2475.35741734329,2375.88042821561,819.879186232962,3672.61250346201,2315.29400175495,2985.21005536394,2653.19467649366,898.411463577597,2452.70743745095,4461.40145641395,556.84558321545
1264.88701686906,306.395156725204,1572.89459035106,2692.21464569152,3356.56739056275,2803.79354813781,884.726267797436,1719.96982205973,3314.00062877438,759.23586742967,1709.23307155189,2164.69533492638,2769.8445938751,1315.10816248358,2475.35741734329,2375.88042821561,819.879186232962,3672.61250346201,2315.29400175495,2985.21005536394,2653.19467649366,898.411463577597,2452.70743745095,4461.40145641395,556.84558321545
1264.88701686906,306.395156725204,1572.89459035106,2692.21464569152,3356.56739056275,2803.79354813781,884.726267797436,1719.96982205973,3314.00062877438,759.23586742967,1709.23307155189,2164.69533492638,2769.8445938751,1315.10816248358,2475.35741734329,2375.88042821561,819.879186232962,3672.61250346201,2315.29400175495,2985.21005536394,2653.19467649366,898.411463577597,2452.70743745095,4461.40145641395,556.84558321545
1264.88701686906,306.395156725204,1572.89459035106,2692.21464569152,3356.56739056275,2803.79354813781,884.726267797436,1719.96982205973,3314.00062877438,759.23586742967,1709.23307155189,2164.69533492638,2769.8445938751,1315.10816248358,2475.35741734329,2375.88042821561,819.879186232962,3672.61250346201,2315.29400175495,2985.21005536394,2653.19467649366,898.411463577597,2452.70743745095,4461.40145641395,556.84558321545
1264.88701686906,306.395156725204,1572.89459035106,2692.21464569152,3356.56739056275,2803.79354813781,884.726267797436,1719.96982205973,3314.00062877438,759.23586742967,1709.23307155189,2164.69533492638,2769.8445938751,1315.10816248358,2475.35741734329,2375.88042821561,819.879186232962,3672.61250346201,2315.29400175495,2985.21005536394,2653.19467649366,898.411463577597,2452.70743745095,4461.40145641395,556.84558321545
1264.88701686906,306.395156725204,1572.89459035106,2692.21464569152,3356.56739056275,2803.79354813781,884.726267797436,1719.96982205973,3314.00062877438,759.23586742967,1709.23307155189,2164.69533492638,2769.8445938751,1315.10816248358,2475.35741734329,2375.88042821561,819.879186232962,3672.61250346201,2315.29400175495,2985.21005536394,2653.19467649366,898.411463577597,2452.70743745095,4461.40145641395,556.84558321545
1264.88701686906,306.395156725204,1572.89459035106,2692.21464569152,3356.56739056275,2803.79354813781,884.726267797436,1719.96982205973,3314.00062877438,759.23586742967,1709.23307155189,2164.69533492638,2769.8445938751,1315.10816248358,2475.35741734329,2375.88042821561,819.879186232962,3672.61250346201,2315.29400175495,2985.21005536394,2653.19467649366,898.411463577597,2452.70743745095,4461.40145641395,556.84558321545
1264.88701686906,306.395156725204,1572.89459035106,2692.21464569152,3356.56739056275,2803.79354813781,884.726267797436,1719.96982205973,3314.00062877438,759.23586742967,1709.23307155189,2164.69533492638,2769.8445938751,1315.10816248358,2475.35741734329,2375.88042821561,819.879186232962,3672.61250346201,2315.29400175495,2985.21005536394,2653.19467649366,898.411463577597,2452.70743745095,4461.40145641395,556.84558321545
1264.88701686906,306.395156725204,1572.89459035106,2692.21464569152,3356.56739056275,2803.79354813781,884.726267797436,1719.96982205973,3314.00062877438,759.23586742967,1709.23307155189,2164.69533492638,2769.8445938751,1315.10816248358,2475.35741734329,2375.88042821561,819.879186232962,3672.61250346201,2315.29400175495,2985.21005536394,2653.19467649366,898.411463577597,2452.70743745095,4461.40145641395,556.84558321545
1264.88701686906,306.395156725204,1572.89459035106,2692.21464569152,3356.56739056275,2803.79354813781,884.726267797436,1719.96982205973,3314.00062877438,759.23586742967,1709.23307155189,2164.69533492638,2769.8445938751,1315.10816248358,2475.35741734329,2375.88042821561,819.879186232962,3672.61250346201,2315.29400175495,2985.21005536394,2653.19467649366,898.411463577597,2452.70743745095,4461.40145641395,556.84558321545
1264.88701686906,306.395156725204,1572.89459035106,2692.21464569152,3356.56739056275,2803.79354813781,884.726267797436,1719.96982205973,3314.00062877438,759.23586742967,1709.23307155189,2164.69533492638,2769.8445938751,1315.10816248358,2475.35741734329,2375.88042821561,819.879186232962,3672.61250346201,2315.29400175495,2985.21005536394,2653.19467649366,898.411463577597,2452.70743745095,4461.40145641395,556.84558321545
1264.88701686906,306.395156725204,1572.89459035106,2692.21464569152,3356.56739056275,2803.79354813781,884.726267797436,1719.96982205973,3314.00062877438,759.23586742967,1709.23307155189,2164.69533492638,2769.8445938751,1315.10816248358,2475.35741734329,2375.88042821561,819.879186232962,3672.61250346201,2315.29400175495,2985.21005536394,2653.19467649366,898.411463577597,2452.70743745095,4461.40145641395,556.84558321545
1264.88701686906,306.395156725204,1572.89459035106,2692.21464569152,3356.56739056275,2803.79354813781,884.726267797436,1719.96982205973,3314.00062877438,759.23586742967,1709.23307155189,2164.69533492638,2769.8445938751,1315.10816248358,2475.35741734329,2375.88042821561,819.879186232962,3672.61250346201,2315.29400175495,2985.21005536394,2653.19467649366,898.411463577597,2452.70743745095,4461.40145641395,556.84558321545
1264.88701686906,306.395156725204,1572.89459035106,2692.21464569152,3356.56739056275,2803.79354813781,884.726267797436,1719.96982205973,3314.00062877438,759.23586742967,1709.23307155189,2164.69533492638,2769.8445938751,1315.10816248358,2475.35741734329,2375.88042821561,819.879186232962,3672.61250346201,2315.29400175495,2985.21005536394,2653.19467649366,898.411463577597,2452.70743745095,4461.40145641395,556.84558321545
1264.88701686906,306.395156725204,1572.89459035106,2692.21464569152,3356.56739056275,2803.79354813781,884.726267797436,1719.96982205973,3314.00062877438,759.23586742967,1709.23307155189,2164.69533492638,2769.8445938751,1315.10816248358,2475.35741734329,2375.88042821561,819.879186232962,3672.61250346201,2315.29400175495,2985.21005536394,2653.19467649366,898.411463577597,2452.70743745095,4461.40145641395,556.84558321545
1264.88701686906,306.395156725204,1572.89459035106,2692.21464569152,3356.56739056275,2803.79354813781,884.726267797436,1719.96982205973,3314.00062877438,759.23586742967,1709.23307155189,2164.69533492638,2769.8445938751,1315.10816248358,2475.35741734329,2375.88042821561,819.879186232962,3672.61250346201,2315.29400175495,2985.21005536394,2653.19467649366,898.411463577597,2452.70743745095,4461.40145641395,556.84558321545
1264.88701686906,306.395156725204,1572.89459035106,2692.21464569152,3356.56739056275,2803.79354813781,884.726267797436,1719.96982205973,3314.00062877438,759.23586742967,1709.23307155189,2164.69533492638,2769.8445938751,1315.10816248358,2475.35741734329,2375.88042821561,819.879186232962,3672.61250346201,2315.29400175495,2985.21005536394,2653.19467649366,898.411463577597,2452.70743745095,4461.40145641395,556.84558321545
1264.88701686906,306.395156725204,1572.89459035106,2692.21464569152,3356.56739056275,2803.79354813781,884.726267797436,1719.96982205973,3314.00062877438,759.23586742967,1709.23307155189,2164.69533492638,2769.8445938751,1315.10816248358,2475.35741734329,2375.88042821561,819.879186232962,3672.61250346201,2315.29400175495,2985.21005536394,2653.19467649366,898.411463577597,2452.70743745095,4461.40145641395,556.84558321545
1264.88701686906,306.395156725204,1572.89459035106,2692.21464569152,3356.56739056275,2803.79354813781,884.726267797436,1719.96982205973,3314.00062877438,759.23586742967,1709.23307155189,2164.69533492638,2769.8445938751,1315.10816248358,2475.35741734329,2375.88042821561,819.879186232962,3672.61250346201,2315.29400175495,2985.21005536394,2653.19467649366,898.411463577597,2452.70743745095,4461.40145641395,556.84558321545
1264.88701686906,306.395156725204,1572.89459035106,2692.21464569152,3356.56739056275,2803.79354813781,884.726267797436,1719.96982205973,3314.00062877438,759.23586742967,1709.23307155189,2164.69533492638,2769.8445938751,1315.10816248358,2475.35741734329,2375.88042821561,819.879186232962,3672.61250346201,2315.29400175495,2985.21005536394,2653.19467649366,898.411463577597,2452.70743745095,4461.40145641395,556.84558321545
1264.88701686906,306.395156725204,1572.89459035106,2692.21464569152,3356.56739056275,2803.79354813781,884.726267797436,1719.96982205973,3314.00062877438,759.23586742967,1709.23307155189,2164.69533492638,2769.8445938751,1315.10816248358,2475.35741734329,2375.88042821561,819.879186232962,3672.61250346201,2315.29400175495,2985.21005536394,2653.19467649366,898.411463577597,2452.70743745095,4461.40145641395,556.84558321545
1264.88701686906,306.395156725204,1572.89459035106,2692.21464569152,3356.56739056275,2803.79354813781,884.726267797436,1719.96982205973,3314.00062877438,759.23586742967,1709.23307155189,2164.69533492638,2769.8445938751,1315.10816248358,2475.35741734329,2375.88042821561,819.879186232962,3672.61250346201,2315.29400175495,2985.21005536394,2653.19467649366,898.411463577597,2452.70743745095,4461.40145641395,556.84558321545
1264.88701686906,306.395156725204,1572.89459035106,2692.21464569152,3356.56739056275,2803.79354813781,884.726267797436,1719.96982205973,3314.00062877438,759.23586742967,1709.23307155189,2164.69533492638,2769.8445938751,1315.10816248358,2475.35741734329,2375.88042821561,819.879186232962,3672.61250346201,2315.29400175495,2985.21005536394,2653.19467649366,898.411463577597,2452.70743745095,4461.40145641395,556.84558321545
1264.88701686906,306.395156725204,1572.89459035106,2692.21464569152,3356.56739056275,2803.79354813781,884.726267797436,1719.96982205973,3314.00062877438,759.23586742967,1709.23307155189,2164.69533492638,2769.8445938751,1315.10816248358,2475.35741734329,2375.88042821561,819.879186232962,3672.61250346201,2315.29400175495,2985.21005536394,2653.19467649366,898.411463577597,2452.70743745095,4461.40145641395,556.84558321545
1264.88701686906,306.395156725204,1572.89459035106,2692.21464569152,3356.56739056275,2803.79354813781,884.726267797436,1719.96982205973,3314.00062877438,759.23586742967,1709.23307155189,2164.69533492638,2769.8445938751,1315.10816248358,2475.35741734329,2375.88042821561,819.879186232962,3672.61250346201,2315.29400175495,2985.21005536394,2653.19467649366,898.411463577597,2452.70743745095,4461.40145641395,556.84558321545
1264.88701686906,306.395156725204,1572.89459035106,2692.21464569152,3356.56739056275,2803.79354813781,884.726267797436,1719.96982205973,3314.00062877438,759.23586742967,1709.23307155189,2164.69533492638,2769.8445938751,1315.10816248358,2475.35741734329,2375.88042821561,819.879186232962,3672.61250346201,2315.29400175495,2985.21005536394,2653.19467649366,898.411463577597,2452.70743745095,4461.40145641395,556.84558321545
1264.88701686906,306.395156725204,1572.89459035106,2692.21464569152,3356.56739056275,2803.79354813781,884.726267797436,1719.96982205973,3314.00062877438,759.23586742967,1709.23307155189,2164.69533492638,2769.8445938751,1315.10816248358,2475.35741734329,2375.88042821561,819.879186232962,3672.61250346201,2315.29400175495,2985.21005536394,2653.19467649366,898.411463577597,2452.70743745095,4461.40145641395,556.84558321545
1264.88701686906,306.395156725204,1572.89459035106,2692.21464569152,3356.56739056275,2803.79354813781,884.726267797436,1719.96982205973,3314.00062877438,759.23586742967,1709.23307155189,2164.69533492638,2769.8445938751,1315.10816248358,2475.35741734329,2375.88042821561,819.879186232962,3672.61250346201,2315.29400175495,2985.21005536394,2653.19467649366,898.411463577597,2452.70743745095,4461.40145641395,556.84558321545
1264.88701686906,306.395156725204,1572.89459035106,2692.21464569152,3356.56739056275,2803.79354813781,884.726267797436,1719.96982205973,3314.00062877438,759.23586742967,1709.23307155189,2164.69533492638,2769.8445938751,1315.10816248358,2475.35741734329,2375.88042821561,819.879186232962,3672.61250346201,2315.29400175495,2985.21005536394,2653.19467649366,898.411463577597,2452.70743745095,4461.40145641395,556.84558321545
1264.88701686906,306.395156725204,1572.89459035106,2692.21464569152,3356.56739056275,2803.79354813781,884.726267797436,1719.96982205973,3314.00062877438,759.23586742967,1709.23307155189,2164.69533492638,2769.8445938751,1315.10816248358,2475.35741734329,2375.88042821561,819.879186232962,3672.61250346201,2315.29400175495,2985.21005536394,2653.19467649366,898.411463577597,2452.70743745095,4461.40145641395,556.84558321545
1264.88701686906,306.395156725204,1572.89459035106,2692.21464569152,3356.56739056275,2803.79354813781,884.726267797436,1719.96982205973,3314.00062877438,759.23586742967,1709.23307155189,2164.69533492638,2769.8445938751,1315.10816248358,2475.35741734329,2375.88042821561,819.879186232962,3672.61250346201,2315.29400175495,2985.21005536394,2653.19467649366,898.411463577597,2452.70743745095,4461.40145641395,556.84558321545
1264.88701686906,306.395156725204,1572.89459035106,2692.21464569152,3356.56739056275,2803.79354813781,884.726267797436,1719.96982205973,3314.00062877438,759.23586742967,1709.23307155189,2164.69533492638,2769.8445938751,1315.10816248358,2475.35741734329,2375.88042821561,819.879186232962,3672.61250346201,2315.29400175495,2985.21005536394,2653.19467649366,898.411463577597,2452.70743745095,4461.40145641395,556.84558321545
1264.88701686906,306.395156725204,1572.89459035106,2692.21464569152,3356.56739056275,2803.79354813781,884.726267797436,1719.96982205973,3314.00062877438,759.23586742967,1709.23307155189,2164.69533492638,2769.8445938751,1315.10816248358,2475.35741734329,2375.88042821561,819.879186232962,3672.61250346201,2315.29400175495,2985.21005536394,2653.19467649366,898.411463577597,2452.70743745095,4461.40145641395,556.84558321545
1264.88701686906,306.395156725204,1572.89459035106,2692.21464569152,3356.56739056275,2803.79354813781,884.726267797436,1719.96982205973,3314.00062877438,759.23586742967,1709.23307155189,2164.69533492638,2769.8445938751,1315.10816248358,2475.35741734329,2375.88042821561,819.879186232962,3672.61250346201,2315.29400175495,2985.21005536394,2653.19467649366,898.411463577597,2452.70743745095,4461.40145641395,556.84558321545
1264.88701686906,306.395156725204,1572.89459035106,2692.21464569152,3356.56739056275,2803.79354813781,884.726267797436,1719.96982205973,3314.00062877438,759.23586742967,1709.23307155189,2164.69533492638,2769.8445938751,1315.10816248358,2475.35741734329,2375.88042821561,819.879186232962,3672.61250346201,2315.29400175495,2985.21005536394,2653.19467649366,898.411463577597,2452.70743745095,4461.40145641395,556.84558321545
1264.88701686906,306.395156725204,1572.89459035106,2692.21464569152,3356.56739056275,2803.79354813781,884.726267797436,1719.96982205973,3314.00062877438,759.23586742967,1709.23307155189,2164.69533492638,2769.8445938751,1315.10816248358,2475.35741734329,2375.88042821561,819.879186232962,3672.61250346201,2315.29400175495,2985.21005536394,2653.19467649366,898.411463577597,2452.70743745095,4461.40145641395,556.84558321545
1264.88701686906,306.395156725204,1572.89459035106,2692.21464569152,3356.56739056275,2803.79354813781,884.726267797436,1719.96982205973,3314.00062877438,759.23586742967,1709.23307155189,2164.69533492638,2769.8445938751,1315.10816248358,2475.35741734329,2375.88042821561,819.879186232962,3672.61250346201,2315.29400175495,2985.21005536394,2653.19467649366,898.411463577597,2452.70743745095,4461.40145641395,556.84558321545
1264.88701686906,306.395156725204,1572.89459035106,2692.21464569152,3356.56739056275,2803.79354813781,884.726267797436,1719.96982205973,3314.00062877438,759.23586742967,1709.23307155189,2164.69533492638,2769.8445938751,1315.10816248358,2475.35741734329,2375.88042821561,819.879186232962,3672.61250346201,2315.29400175495,2985.21005536394,2653.19467649366,898.411463577597,2452.70743745095,4461.40145641395,556.84558321545
1264.88701686906,306.395156725204,1572.89459035106,2692.21464569152,3356.56739056275,2803.79354813781,884.726267797436,1719.96982205973,3314.00062877438,759.23586742967,1709.23307155189,2164.69533492638,2769.8445938751,1315.10816248358,2475.35741734329,2375.88042821561,819.879186232962,3672.61250346201,2315.29400175495,2985.21005536394,2653.19467649366,898.411463577597,2452.70743745095,4461.40145641395,556.84558321545
1264.88701686906,306.395156725204,1572.89459035106,2692.21464569152,3356.56739056275,2803.79354813781,884.726267797436,1719.96982205973,3314.00062877438,759.23586742967,1709.23307155189,2164.69533492638,2769.8445938751,1315.10816248358,2475.35741734329,2375.88042821561,819.879186232962,3672.61250346201,2315.29400175495,2985.21005536394,2653.19467649366,898.411463577597,2452.70743745095,4461.40145641395,556.84558321545
1264.88701686906,306.395156725204,1572.89459035106,2692.21464569152,3356.56739056275,2803.79354813781,884.726267797436,1719.96982205973,3314.00062877438,759.23586742967,1709.23307155189,2164.69533492638,2769.8445938751,1315.10816248358,2475.35741734329,2375.88042821561,819.879186232962,3672.61250346201,2315.29400175495,2985.21005536394,2653.19467649366,898.411463577597,2452.70743745095,4461.40145641395,556.84558321545
1264.88701686906,306.395156725204,1572.89459035106,2692.21464569152,3356.56739056275,2803.79354813781,884.726267797436,1719.96982205973,3314.00062877438,759.23586742967,1709.23307155189,2164.69533492638,2769.8445938751,1315.10816248358,2475.35741734329,2375.88042821561,819.879186232962,3672.61250346201,2315.29400175495,2985.21005536394,2653.19467649366,898.411463577597,2452.70743745095,4461.40145641395,556.84558321545
1264.88701686906,306.395156725204,1572.89459035106,2692.21464569152,3356.56739056275,2803.79354813781,884.726267797436,1719.96982205973,3314.00062877438,759.23586742967,1709.23307155189,2164.69533492638,2769.8445938751,1315.10816248358,2475.35741734329,2375.88042821561,819.879186232962,3672.61250346201,2315.29400175495,2985.21005536394,2653.19467649366,898.411463577597,2452.70743745095,4461.40145641395,556.84558321545
1264.88701686906,306.395156725204,1572.89459035106,2692.21464569152,3356.56739056275,2803.79354813781,884.726267797436,1719.96982205973,3314.00062877438,759.23586742967,1709.23307155189,2164.69533492638,2769.8445938751,1315.10816248358,2475.35741734329,2375.88042821561,819.879186232962,3672.61250346201,2315.29400175495,2985.21005536394,2653.19467649366,898.411463577597,2452.70743745095,4461.40145641395,556.84558321545
1264.88701686906,306.395156725204,1572.89459035106,2692.21464569152,3356.56739056275,2803.79354813781,884.726267797436,1719.96982205973,3314.00062877438,759.23586742967,1709.23307155189,2164.69533492638,2769.8445938751,1315.10816248358,2475.35741734329,2375.88042821561,819.879186232962,3672.61250346201,2315.29400175495,2985.21005536394,2653.19467649366,898.411463577597,2452.70743745095,4461.40145641395,556.84558321545
1264.88701686906,306.395156725204,1572.89459035106,2692.21464569152,3356.56739056275,2803.79354813781,884.726267797436,1719.96982205973,3314.00062877438,759.23586742967,1709.23307155189,2164.69533492638,2769.8445938751,1315.10816248358,2475.35741734329,2375.88042821561,819.879186232962,3672.61250346201,2315.29400175495,2985.21005536394,2653.19467649366,898.411463577597,2452.70743745095,4461.40145641395,556.84558321545
1264.88701686906,306.395156725204,1572.89459035106,2692.21464569152,3356.56739056275,2803.79354813781,884.726267797436,1719.96982205973,3314.00062877438,759.23586742967,1709.23307155189,2164.69533492638,2769.8445938751,1315.10816248358,2475.35741734329,2375.88042821561,819.879186232962,3672.61250346201,2315.29400175495,2985.21005536394,2653.19467649366,898.411463577597,2452.70743745095,4461.40145641395,556.84558321545
1264.88701686906,306.395156725204,1572.89459035106,2692.21464569152,3356.56739056275,2803.79354813781,884.726267797436,1719.96982205973,3314.00062877438,759.23586742967,1709.23307155189,2164.69533492638,2769.8445938751,1315.10816248358,2475.35741734329,2375.88042821561,819.879186232962,3672.61250346201,2315.29400175495,2985.21005536394,2653.19467649366,898.411463577597,2452.70743745095,4461.40145641395,556.84558321545
1264.88701686906,306.395156725204,1572.89459035106,2692.21464569152,3356.56739056275,2803.79354813781,884.726267797436,1719.96982205973,3314.00062877438,759.23586742967,1709.23307155189,2164.69533492638,2769.8445938751,1315.10816248358,2475.35741734329,2375.88042821561,819.879186232962,3672.61250346201,2315.29400175495,2985.21005536394,2653.19467649366,898.411463577597,2452.70743745095,4461.40145641395,556.84558321545
1264.88701686906,306.395156725204,1572.89459035106,2692.21464569152,3356.56739056275,2803.79354813781,884.726267797436,1719.96982205973,3314.00062877438,759.23586742967,1709.23307155189,2164.69533492638,2769.8445938751,1315.10816248358,2475.35741734329,2375.88042821561,819.879186232962,3672.61250346201,2315.29400175495,2985.21005536394,2653.19467649366,898.411463577597,2452.70743745095,4461.40145641395,556.84558321545
1264.88701686906,306.395156725204,1572.89459035106,2692.21464569152,3356.56739056275,2803.79354813781,884.726267797436,1719.96982205973,3314.00062877438,759.23586742967,1709.23307155189,2164.69533492638,2769.8445938751,1315.10816248358,2475.35741734329,2375.88042821561,819.879186232962,3672.61250346201,2315.29400175495,2985.21005536394,2653.19467649366,898.411463577597,2452.70743745095,4461.40145641395,556.84558321545
1264.88701686906,306.395156725204,1572.89459035106,2692.21464569152,3356.56739056275,2803.79354813781,884.726267797436,1719.96982205973,3314.00062877438,759.23586742967,1709.23307155189,2164.69533492638,2769.8445938751,1315.10816248358,2475.35741734329,2375.88042821561,819.879186232962,3672.61250346201,2315.29400175495,2985.21005536394,2653.19467649366,898.411463577597,2452.70743745095,4461.40145641395,556.84558321545
1264.88701686906,306.395156725204,1572.89459035106,2692.21464569152,3356.56739056275,2803.79354813781,884.726267797436,1719.96982205973,3314.00062877438,759.23586742967,1709.23307155189,2164.69533492638,2769.8445938751,1315.10816248358,2475.35741734329,2375.88042821561,819.879186232962,3672.61250346201,2315.29400175495,2985.21005536394,2653.19467649366,898.411463577597,2452.70743745095,4461.40145641395,556.84558321545
1264.88701686906,306.395156725204,1572.89459035106,2692.21464569152,3356.56739056275,2803.79354813781,884.726267797436,1719.96982205973,3314.00062877438,759.23586742967,1709.23307155189,2164.69533492638,2769.8445938751,1315.10816248358,2475.35741734329,2375.88042821561,819.879186232962,3672.61250346201,2315.29400175495,2985.21005536394,2653.19467649366,898.411463577597,2452.70743745095,4461.40145641395,556.84558321545
1264.88701686906,306.395156725204,1572.89459035106,2692.21464569152,3356.56739056275,2803.79354813781,884.726267797436,1719.96982205973,3314.00062877438,759.23586742967,1709.23307155189,2164.69533492638,2769.8445938751,1315.10816248358,2475.35741734329,2375.88042821561,819.879186232962,3672.61250346201,2315.29400175495,2985.21005536394,2653.19467649366,898.411463577597,2452.70743745095,4461.40145641395,556.84558321545
1264.88701686906,306.395156725204,1572.89459035106,2692.21464569152,3356.56739056275,2803.79354813781,884.726267797436,1719.96982205973,3314.00062877438,759.23586742967,1709.23307155189,2164.69533492638,2769.8445938751,1315.10816248358,2475.35741734329,2375.88042821561,819.879186232962,3672.61250346201,2315.29400175495,2985.21005536394,2653.19467649366,898.411463577597,2452.70743745095,4461.40145641395,556.84558321545
1264.88701686906,306.395156725204,1572.89459035106,2692.21464569152,3356.56739056275,2803.79354813781,884.726267797436,1719.96982205973,3314.00062877438,759.23586742967,1709.23307155189,2164.69533492638,2769.8445938751,1315.10816248358,2475.35741734329,2375.88042821561,819.879186232962,3672.61250346201,2315.29400175495,2985.21005536394,2653.19467649366,898.411463577597,2452.70743745095,4461.40145641395,556.84558321545
1264.88701686906,306.395156725204,1572.89459035106,2692.21464569152,3356.56739056275,2803.79354813781,884.726267797436,1719.96982205973,3314.00062877438,759.23586742967,1709.23307155189,2164.69533492638,2769.8445938751,1315.10816248358,2475.35741734329,2375.88042821561,819.879186232962,3672.61250346201,2315.29400175495,2985.21005536394,2653.19467649366,898.411463577597,2452.70743745095,4461.40145641395,556.84558321545
1264.88701686906,306.395156725204,1572.89459035106,2692.21464569152,3356.56739056275,2803.79354813781,884.726267797436,1719.96982205973,3314.00062877438,759.23586742967,1709.23307155189,2164.69533492638,2769.8445938751,1315.10816248358,2475.35741734329,2375.88042821561,819.879186232962,3672.61250346201,2315.29400175495,2985.21005536394,2653.19467649366,898.411463577597,2452.70743745095,4461.40145641395,556.84558321545
1264.88701686906,306.395156725204,1572.89459035106,2692.21464569152,3356.56739056275,2803.79354813781,884.726267797436,1719.96982205973,3314.00062877438,759.23586742967,1709.23307155189,2164.69533492638,2769.8445938751,1315.10816248358,2475.35741734329,2375.88042821561,819.879186232962,3672.61250346201,2315.29400175495,2985.21005536394,2653.19467649366,898.411463577597,2452.70743745095,4461.40145641395,556.84558321545
1264.88701686906,306.395156725204,1572.89459035106,2692.21464569152,3356.56739056275,2803.79354813781,884.726267797436,1719.96982205973,3314.00062877438,759.23586742967,1709.23307155189,2164.69533492638,2769.8445938751,1315.10816248358,2475.35741734329,2375.88042821561,819.879186232962,3672.61250346201,2315.29400175495,2985.21005536394,2653.19467649366,898.411463577597,2452.70743745095,4461.40145641395,556.84558321545
1264.88701686906,306.395156725204,1572.89459035106,2692.21464569152,3356.56739056275,2803.79354813781,884.726267797436,1719.96982205973,3314.00062877438,759.23586742967,1709.23307155189,2164.69533492638,2769.8445938751,1315.10816248358,2475.35741734329,2375.88042821561,819.879186232962,3672.61250346201,2315.29400175495,2985.21005536394,2653.19467649366,898.411463577597,2452.70743745095,4461.40145641395,556.84558321545
1264.88701686906,306.395156725204,1572.89459035106,2692.21464569152,3356.56739056275,2803.79354813781,884.726267797436,1719.96982205973,3314.00062877438,759.23586742967,1709.23307155189,2164.69533492638,2769.8445938751,1315.10816248358,2475.35741734329,2375.88042821561,819.879186232962,3672.61250346201,2315.29400175495,2985.21005536394,2653.19467649366,898.411463577597,2452.70743745095,4461.40145641395,556.84558321545
1264.88701686906,306.395156725204,1572.89459035106,2692.21464569152,3356.56739056275,2803.79354813781,884.726267797436,1719.96982205973,3314.00062877438,759.23586742967,1709.23307155189,2164.69533492638,2769.8445938751,1315.10816248358,2475.35741734329,2375.88042821561,819.879186232962,3672.61250346201,2315.29400175495,2985.21005536394,2653.19467649366,898.411463577597,2452.70743745095,4461.40145641395,556.84558321545
1264.88701686906,306.395156725204,1572.89459035106,2692.21464569152,3356.56739056275,2803.79354813781,884.726267797436,1719.96982205973,3314.00062877438,759.23586742967,1709.23307155189,2164.69533492638,2769.8445938751,1315.10816248358,2475.35741734329,2375.88042821561,819.879186232962,3672.61250346201,2315.29400175495,2985.21005536394,2653.19467649366,898.411463577597,2452.70743745095,4461.40145641395,556.84558321545
1264.88701686906,306.395156725204,1572.89459035106,2692.21464569152,3356.56739056275,2803.79354813781,884.726267797436,1719.96982205973,3314.00062877438,759.23586742967,1709.23307155189,2164.69533492638,2769.8445938751,1315.10816248358,2475.35741734329,2375.88042821561,819.879186232962,3672.61250346201,2315.29400175495,2985.21005536394,2653.19467649366,898.411463577597,2452.70743745095,4461.40145641395,556.84558321545
1264.88701686906,306.395156725204,1572.89459035106,2692.21464569152,3356.56739056275,2803.79354813781,884.726267797436,1719.96982205973,3314.00062877438,759.23586742967,1709.23307155189,2164.69533492638,2769.8445938751,1315.10816248358,2475.35741734329,2375.88042821561,819.879186232962,3672.61250346201,2315.29400175495,2985.21005536394,2653.19467649366,898.411463577597,2452.70743745095,4461.40145641395,556.84558321545
1264.88701686906,306.395156725204,1572.89459035106,2692.21464569152,3356.56739056275,2803.79354813781,884.726267797436,1719.96982205973,3314.00062877438,759.23586742967,1709.23307155189,2164.69533492638,2769.8445938751,1315.10816248358,2475.35741734329,2375.88042821561,819.879186232962,3672.61250346201,2315.29400175495,2985.21005536394,2653.19467649366,898.411463577597,2452.70743745095,4461.40145641395,556.84558321545
1264.88701686906,306.395156725204,1572.89459035106,2692.21464569152,3356.56739056275,2803.79354813781,884.726267797436,1719.96982205973,3314.00062877438,759.23586742967,1709.23307155189,2164.69533492638,2769.8445938751,1315.10816248358,2475.35741734329,2375.88042821561,819.879186232962,3672.61250346201,2315.29400175495,2985.21005536394,2653.19467649366,898.411463577597,2452.70743745095,4461.40145641395,556.84558321545
1264.88701686906,306.395156725204,1572.89459035106,2692.21464569152,3356.56739056275,2803.79354813781,884.726267797436,1719.96982205973,3314.00062877438,759.23586742967,1709.23307155189,2164.69533492638,2769.8445938751,1315.10816248358,2475.35741734329,2375.88042821561,819.879186232962,3672.61250346201,2315.29400175495,2985.21005536394,2653.19467649366,898.411463577597,2452.70743745095,4461.40145641395,556.84558321545
1264.88701686906,306.395156725204,1572.89459035106,2692.21464569152,3356.56739056275,2803.79354813781,884.726267797436,1719.96982205973,3314.00062877438,759.23586742967,1709.23307155189,2164.69533492638,2769.8445938751,1315.10816248358,2475.35741734329,2375.88042821561,819.879186232962,3672.61250346201,2315.29400175495,2985.21005536394,2653.19467649366,898.411463577597,2452.70743745095,4461.40145641395,556.84558321545
1264.88701686906,306.395156725204,1572.89459035106,2692.21464569152,3356.56739056275,2803.79354813781,884.726267797436,1719.96982205973,3314.00062877438,759.23586742967,1709.23307155189,2164.69533492638,2769.8445938751,1315.10816248358,2475.35741734329,2375.88042821561,819.879186232962,3672.61250346201,2315.29400175495,2985.21005536394,2653.19467649366,898.411463577597,2452.70743745095,4461.40145641395,556.84558321545
1264.88701686906,306.395156725204,1572.89459035106,2692.21464569152,3356.56739056275,2803.79354813781,884.726267797436,1719.96982205973,3314.00062877438,759.23586742967,1709.23307155189,2164.69533492638,2769.8445938751,1315.10816248358,2475.35741734329,2375.88042821561,819.879186232962,3672.61250346201,2315.29400175495,2985.21005536394,2653.19467649366,898.411463577597,2452.70743745095,4461.40145641395,556.84558321545
1264.88701686906,306.395156725204,1572.89459035106,2692.21464569152,3356.56739056275,2803.79354813781,884.726267797436,1719.96982205973,3314.00062877438,759.23586742967,1709.23307155189,2164.69533492638,2769.8445938751,1315.10816248358,2475.35741734329,2375.88042821561,819.879186232962,3672.61250346201,2315.29400175495,2985.21005536394,2653.19467649366,898.411463577597,2452.70743745095,4461.40145641395,556.84558321545
1264.88701686906,306.395156725204,1572.89459035106,2692.21464569152,3356.56739056275,2803.79354813781,884.726267797436,1719.96982205973,3314.00062877438,759.23586742967,1709.23307155189,2164.69533492638,2769.8445938751,1315.10816248358,2475.35741734329,2375.88042821561,819.879186232962,3672.61250346201,2315.29400175495,2985.21005536394,2653.19467649366,898.411463577597,2452.70743745095,4461.40145641395,556.84558321545
1264.88701686906,306.395156725204,1572.89459035106,2692.21464569152,3356.56739056275,2803.79354813781,884.726267797436,1719.96982205973,3314.00062877438,759.23586742967,1709.23307155189,2164.69533492638,2769.8445938751,1315.10816248358,2475.35741734329,2375.88042821561,819.879186232962,3672.61250346201,2315.29400175495,2985.21005536394,2653.19467649366,898.411463577597,2452.70743745095,4461.40145641395,556.84558321545
1264.88701686906,306.395156725204,1572.89459035106,2692.21464569152,3356.56739056275,2803.79354813781,884.726267797436,1719.96982205973,3314.00062877438,759.23586742967,1709.23307155189,2164.69533492638,2769.8445938751,1315.10816248358,2475.35741734329,2375.88042821561,819.879186232962,3672.61250346201,2315.29400175495,2985.21005536394,2653.19467649366,898.411463577597,2452.70743745095,4461.40145641395,556.84558321545
1264.88701686906,306.395156725204,1572.89459035106,2692.21464569152,3356.56739056275,2803.79354813781,884.726267797436,1719.96982205973,3314.00062877438,759.23586742967,1709.23307155189,2164.69533492638,2769.8445938751,1315.10816248358,2475.35741734329,2375.88042821561,819.879186232962,3672.61250346201,2315.29400175495,2985.21005536394,2653.19467649366,898.411463577597,2452.70743745095,4461.40145641395,556.84558321545
1264.88701686906,306.395156725204,1572.89459035106,2692.21464569152,3356.56739056275,2803.79354813781,884.726267797436,1719.96982205973,3314.00062877438,759.23586742967,1709.23307155189,2164.69533492638,2769.8445938751,1315.10816248358,2475.35741734329,2375.88042821561,819.879186232962,3672.61250346201,2315.29400175495,2985.21005536394,2653.19467649366,898.411463577597,2452.70743745095,4461.40145641395,556.84558321545
1264.88701686906,306.395156725204,1572.89459035106,2692.21464569152,3356.56739056275,2803.79354813781,884.726267797436,1719.96982205973,3314.00062877438,759.23586742967,1709.23307155189,2164.69533492638,2769.8445938751,1315.10816248358,2475.35741734329,2375.88042821561,819.879186232962,3672.61250346201,2315.29400175495,2985.21005536394,2653.19467649366,898.411463577597,2452.70743745095,4461.40145641395,556.84558321545
1264.88701686906,306.395156725204,1572.89459035106,2692.21464569152,3356.56739056275,2803.79354813781,884.726267797436,1719.96982205973,3314.00062877438,759.23586742967,1709.23307155189,2164.69533492638,2769.8445938751,1315.10816248358,2475.35741734329,2375.88042821561,819.879186232962,3672.61250346201,2315.29400175495,2985.21005536394,2653.19467649366,898.411463577597,2452.70743745095,4461.40145641395,556.84558321545
1264.88701686906,306.395156725204,1572.89459035106,2692.21464569152,3356.56739056275,2803.79354813781,884.726267797436,1719.96982205973,3314.00062877438,759.23586742967,1709.23307155189,2164.69533492638,2769.8445938751,1315.10816248358,2475.35741734329,2375.88042821561,819.879186232962,3672.61250346201,2315.29400175495,2985.21005536394,2653.19467649366,898.411463577597,2452.70743745095,4461.40145641395,556.84558321545
1264.88701686906,306.395156725204,1572.89459035106,2692.21464569152,3356.56739056275,2803.79354813781,884.726267797436,1719.96982205973,3314.00062877438,759.23586742967,1709.23307155189,2164.69533492638,2769.8445938751,1315.10816248358,2475.35741734329,2375.88042821561,819.879186232962,3672.61250346201,2315.29400175495,2985.21005536394,2653.19467649366,898.411463577597,2452.70743745095,4461.40145641395,556.84558321545
1264.88701686906,306.395156725204,1572.89459035106,2692.21464569152,3356.56739056275,2803.79354813781,884.726267797436,1719.96982205973,3314.00062877438,759.23586742967,1709.23307155189,2164.69533492638,2769.8445938751,1315.10816248358,2475.35741734329,2375.88042821561,819.879186232962,3672.61250346201,2315.29400175495,2985.21005536394,2653.19467649366,898.411463577597,2452.70743745095,4461.40145641395,556.84558321545
1264.88701686906,306.395156725204,1572.89459035106,2692.21464569152,3356.56739056275,2803.79354813781,884.726267797436,1719.96982205973,3314.00062877438,759.23586742967,1709.23307155189,2164.69533492638,2769.8445938751,1315.10816248358,2475.35741734329,2375.88042821561,819.879186232962,3672.61250346201,2315.29400175495,2985.21005536394,2653.19467649366,898.411463577597,2452.70743745095,4461.40145641395,556.84558321545
1264.88701686906,306.395156725204,1572.89459035106,2692.21464569152,3356.56739056275,2803.79354813781,884.726267797436,1719.96982205973,3314.00062877438,759.23586742967,1709.23307155189,2164.69533492638,2769.8445938751,1315.10816248358,2475.35741734329,2375.88042821561,819.879186232962,3672.61250346201,2315.29400175495,2985.21005536394,2653.19467649366,898.411463577597,2452.70743745095,4461.40145641395,556.84558321545
1264.88701686906,306.395156725204,1572.89459035106,2692.21464569152,3356.56739056275,2803.79354813781,884.726267797436,1719.96982205973,3314.00062877438,759.23586742967,1709.23307155189,2164.69533492638,2769.8445938751,1315.10816248358,2475.35741734329,2375.88042821561,819.879186232962,3672.61250346201,2315.29400175495,2985.21005536394,2653.19467649366,898.411463577597,2452.70743745095,4461.40145641395,556.84558321545
1264.88701686906,306.395156725204,1572.89459035106,2692.21464569152,3356.56739056275,2803.79354813781,884.726267797436,1719.96982205973,3314.00062877438,759.23586742967,1709.23307155189,2164.69533492638,2769.8445938751,1315.10816248358,2475.35741734329,2375.88042821561,819.879186232962,3672.61250346201,2315.29400175495,2985.21005536394,2653.19467649366,898.411463577597,2452.70743745095,4461.40145641395,556.84558321545
1264.88701686906,306.395156725204,1572.89459035106,2692.21464569152,3356.56739056275,2803.79354813781,884.726267797436,1719.96982205973,3314.00062877438,759.23586742967,1709.23307155189,2164.69533492638,2769.8445938751,1315.10816248358,2475.35741734329,2375.88042821561,819.879186232962,3672.61250346201,2315.29400175495,2985.21005536394,2653.19467649366,898.411463577597,2452.70743745095,4461.40145641395,556.84558321545
1264.88701686906,306.395156725204,1572.89459035106,2692.21464569152,3356.56739056275,2803.79354813781,884.726267797436,1719.96982205973,3314.00062877438,759.23586742967,1709.23307155189,2164.69533492638,2769.8445938751,1315.10816248358,2475.35741734329,2375.88042821561,819.879186232962,3672.61250346201,2315.29400175495,2985.21005536394,2653.19467649366,898.411463577597,2452.70743745095,4461.40145641395,556.84558321545
1264.88701686906,306.395156725204,1572.89459035106,2692.21464569152,3356.56739056275,2803.79354813781,884.726267797436,1719.96982205973,3314.00062877438,759.23586742967,1709.23307155189,2164.69533492638,2769.8445938751,1315.10816248358,2475.35741734329,2375.88042821561,819.879186232962,3672.61250346201,2315.29400175495,2985.21005536394,2653.19467649366,898.411463577597,2452.70743745095,4461.40145641395,556.84558321545
1264.88701686906,306.395156725204,1572.89459035106,2692.21464569152,3356.56739056275,2803.79354813781,884.726267797436,1719.96982205973,3314.00062877438,759.23586742967,1709.23307155189,2164.69533492638,2769.8445938751,1315.10816248358,2475.35741734329,2375.88042821561,819.879186232962,3672.61250346201,2315.29400175495,2985.21005536394,2653.19467649366,898.411463577597,2452.70743745095,4461.40145641395,556.84558321545
1264.88701686906,306.395156725204,1572.89459035106,2692.21464569152,3356.56739056275,2803.79354813781,884.726267797436,1719.96982205973,3314.00062877438,759.23586742967,1709.23307155189,2164.69533492638,2769.8445938751,1315.10816248358,2475.35741734329,2375.88042821561,819.879186232962,3672.61250346201,2315.29400175495,2985.21005536394,2653.19467649366,898.411463577597,2452.70743745095,4461.40145641395,556.84558321545
1264.88701686906,306.395156725204,1572.89459035106,2692.21464569152,3356.56739056275,2803.79354813781,884.726267797436,1719.96982205973,3314.00062877438,759.23586742967,1709.23307155189,2164.69533492638,2769.8445938751,1315.10816248358,2475.35741734329,2375.88042821561,819.879186232962,3672.61250346201,2315.29400175495,2985.21005536394,2653.19467649366,898.411463577597,2452.70743745095,4461.40145641395,556.84558321545
1264.88701686906,306.395156725204,1572.89459035106,2692.21464569152,3356.56739056275,2803.79354813781,884.726267797436,1719.96982205973,3314.00062877438,759.23586742967,1709.23307155189,2164.69533492638,2769.8445938751,1315.10816248358,2475.35741734329,2375.88042821561,819.879186232962,3672.61250346201,2315.29400175495,2985.21005536394,2653.19467649366,898.411463577597,2452.70743745095,4461.40145641395,556.84558321545
1264.88701686906,306.395156725204,1572.89459035106,2692.21464569152,3356.56739056275,2803.79354813781,884.726267797436,1719.96982205973,3314.00062877438,759.23586742967,1709.23307155189,2164.69533492638,2769.8445938751,1315.10816248358,2475.35741734329,2375.88042821561,819.879186232962,3672.61250346201,2315.29400175495,2985.21005536394,2653.19467649366,898.411463577597,2452.70743745095,4461.40145641395,556.84558321545
1264.88701686906,306.395156725204,1572.89459035106,2692.21464569152,3356.56739056275,2803.79354813781,884.726267797436,1719.96982205973,3314.00062877438,759.23586742967,1709.23307155189,2164.69533492638,2769.8445938751,1315.10816248358,2475.35741734329,2375.88042821561,819.879186232962,3672.61250346201,2315.29400175495,2985.21005536394,2653.19467649366,898.411463577597,2452.70743745095,4461.40145641395,556.84558321545
1264.88701686906,306.395156725204,1572.89459035106,2692.21464569152,3356.56739056275,2803.79354813781,884.726267797436,1719.96982205973,3314.00062877438,759.23586742967,1709.23307155189,2164.69533492638,2769.8445938751,1315.10816248358,2475.35741734329,2375.88042821561,819.879186232962,3672.61250346201,2315.29400175495,2985.21005536394,2653.19467649366,898.411463577597,2452.70743745095,4461.40145641395,556.84558321545
1264.88701686906,306.395156725204,1572.89459035106,2692.21464569152,3356.56739056275,2803.79354813781,884.726267797436,1719.96982205973,3314.00062877438,759.23586742967,1709.23307155189,2164.69533492638,2769.8445938751,1315.10816248358,2475.35741734329,2375.88042821561,819.879186232962,3672.61250346201,2315.29400175495,2985.21005536394,2653.19467649366,898.411463577597,2452.70743745095,4461.40145641395,556.84558321545
1264.88701686906,306.395156725204,1572.89459035106,2692.21464569152,3356.56739056275,2803.79354813781,884.726267797436,1719.96982205973,3314.00062877438,759.23586742967,1709.23307155189,2164.69533492638,2769.8445938751,1315.10816248358,2475.35741734329,2375.88042821561,819.879186232962,3672.61250346201,2315.29400175495,2985.21005536394,2653.19467649366,898.411463577597,2452.70743745095,4461.40145641395,556.84558321545
1264.88701686906,306.395156725204,1572.89459035106,2692.21464569152,3356.56739056275,2803.79354813781,884.726267797436,1719.96982205973,3314.00062877438,759.23586742967,1709.23307155189,2164.69533492638,2769.8445938751,1315.10816248358,2475.35741734329,2375.88042821561,819.879186232962,3672.61250346201,2315.29400175495,2985.21005536394,2653.19467649366,898.411463577597,2452.70743745095,4461.40145641395,556.84558321545
1264.88701686906,306.395156725204,1572.89459035106,2692.21464569152,3356.56739056275,2803.79354813781,884.726267797436,1719.96982205973,3314.00062877438,759.23586742967,1709.23307155189,2164.69533492638,2769.8445938751,1315.10816248358,2475.35741734329,2375.88042821561,819.879186232962,3672.61250346201,2315.29400175495,2985.21005536394,2653.19467649366,898.411463577597,2452.70743745095,4461.40145641395,556.84558321545
1264.88701686906,306.395156725204,1572.89459035106,2692.21464569152,3356.56739056275,2803.79354813781,884.726267797436,1719.96982205973,3314.00062877438,759.23586742967,1709.23307155189,2164.69533492638,2769.8445938751,1315.10816248358,2475.35741734329,2375.88042821561,819.879186232962,3672.61250346201,2315.29400175495,2985.21005536394,2653.19467649366,898.411463577597,2452.70743745095,4461.40145641395,556.84558321545
1264.88701686906,306.395156725204,1572.89459035106,2692.21464569152,3356.56739056275,2803.79354813781,884.726267797436,1719.96982205973,3314.00062877438,759.23586742967,1709.23307155189,2164.69533492638,2769.8445938751,1315.10816248358,2475.35741734329,2375.88042821561,819.879186232962,3672.61250346201,2315.29400175495,2985.21005536394,2653.19467649366,898.411463577597,2452.70743745095,4461.40145641395,556.84558321545
1264.88701686906,306.395156725204,1572.89459035106,2692.21464569152,3356.56739056275,2803.79354813781,884.726267797436,1719.96982205973,3314.00062877438,759.23586742967,1709.23307155189,2164.69533492638,2769.8445938751,1315.10816248358,2475.35741734329,2375.88042821561,819.879186232962,3672.61250346201,2315.29400175495,2985.21005536394,2653.19467649366,898.411463577597,2452.70743745095,4461.40145641395,556.84558321545
1264.88701686906,306.395156725204,1572.89459035106,2692.21464569152,3356.56739056275,2803.79354813781,884.726267797436,1719.96982205973,3314.00062877438,759.23586742967,1709.23307155189,2164.69533492638,2769.8445938751,1315.10816248358,2475.35741734329,2375.88042821561,819.879186232962,3672.61250346201,2315.29400175495,2985.21005536394,2653.19467649366,898.411463577597,2452.70743745095,4461.40145641395,556.84558321545
1264.88701686906,306.395156725204,1572.89459035106,2692.21464569152,3356.56739056275,2803.79354813781,884.726267797436,1719.96982205973,3314.00062877438,759.23586742967,1709.23307155189,2164.69533492638,2769.8445938751,1315.10816248358,2475.35741734329,2375.88042821561,819.879186232962,3672.61250346201,2315.29400175495,2985.21005536394,2653.19467649366,898.411463577597,2452.70743745095,4461.40145641395,556.84558321545
1264.88701686906,306.395156725204,1572.89459035106,2692.21464569152,3356.56739056275,2803.79354813781,884.726267797436,1719.96982205973,3314.00062877438,759.23586742967,1709.23307155189,2164.69533492638,2769.8445938751,1315.10816248358,2475.35741734329,2375.88042821561,819.879186232962,3672.61250346201,2315.29400175495,2985.21005536394,2653.19467649366,898.411463577597,2452.70743745095,4461.40145641395,556.84558321545
1264.88701686906,306.395156725204,1572.89459035106,2692.21464569152,3356.56739056275,2803.79354813781,884.726267797436,1719.96982205973,3314.00062877438,759.23586742967,1709.23307155189,2164.69533492638,2769.8445938751,1315.10816248358,2475.35741734329,2375.88042821561,819.879186232962,3672.61250346201,2315.29400175495,2985.21005536394,2653.19467649366,898.411463577597,2452.70743745095,4461.40145641395,556.84558321545
1264.88701686906,306.395156725204,1572.89459035106,2692.21464569152,3356.56739056275,2803.79354813781,884.726267797436,1719.96982205973,3314.00062877438,759.23586742967,1709.23307155189,2164.69533492638,2769.8445938751,1315.10816248358,2475.35741734329,2375.88042821561,819.879186232962,3672.61250346201,2315.29400175495,2985.21005536394,2653.19467649366,898.411463577597,2452.70743745095,4461.40145641395,556.84558321545
1264.88701686906,306.395156725204,1572.89459035106,2692.21464569152,3356.56739056275,2803.79354813781,884.726267797436,1719.96982205973,3314.00062877438,759.23586742967,1709.23307155189,2164.69533492638,2769.8445938751,1315.10816248358,2475.35741734329,2375.88042821561,819.879186232962,3672.61250346201,2315.29400175495,2985.21005536394,2653.19467649366,898.411463577597,2452.70743745095,4461.40145641395,556.84558321545
1264.88701686906,306.395156725204,1572.89459035106,2692.21464569152,3356.56739056275,2803.79354813781,884.726267797436,1719.96982205973,3314.00062877438,759.23586742967,1709.23307155189,2164.69533492638,2769.8445938751,1315.10816248358,2475.35741734329,2375.88042821561,819.879186232962,3672.61250346201,2315.29400175495,2985.21005536394,2653.19467649366,898.411463577597,2452.70743745095,4461.40145641395,556.84558321545
1264.88701686906,306.395156725204,1572.89459035106,2692.21464569152,3356.56739056275,2803.79354813781,884.726267797436,1719.96982205973,3314.00062877438,759.23586742967,1709.23307155189,2164.69533492638,2769.8445938751,1315.10816248358,2475.35741734329,2375.88042821561,819.879186232962,3672.61250346201,2315.29400175495,2985.21005536394,2653.19467649366,898.411463577597,2452.70743745095,4461.40145641395,556.84558321545
1264.88701686906,306.395156725204,1572.89459035106,2692.21464569152,3356.56739056275,2803.79354813781,884.726267797436,1719.96982205973,3314.00062877438,759.23586742967,1709.23307155189,2164.69533492638,2769.8445938751,1315.10816248358,2475.35741734329,2375.88042821561,819.879186232962,3672.61250346201,2315.29400175495,2985.21005536394,2653.19467649366,898.411463577597,2452.70743745095,4461.40145641395,556.84558321545
1264.88701686906,306.395156725204,1572.89459035106,2692.21464569152,3356.56739056275,2803.79354813781,884.726267797436,1719.96982205973,3314.00062877438,759.23586742967,1709.23307155189,2164.69533492638,2769.8445938751,1315.10816248358,2475.35741734329,2375.88042821561,819.879186232962,3672.61250346201,2315.29400175495,2985.21005536394,2653.19467649366,898.411463577597,2452.70743745095,4461.40145641395,556.84558321545
1264.88701686906,306.395156725204,1572.89459035106,2692.21464569152,3356.56739056275,2803.79354813781,884.726267797436,1719.96982205973,3314.00062877438,759.23586742967,1709.23307155189,2164.69533492638,2769.8445938751,1315.10816248358,2475.35741734329,2375.88042821561,819.879186232962,3672.61250346201,2315.29400175495,2985.21005536394,2653.19467649366,898.411463577597,2452.70743745095,4461.40145641395,556.84558321545
1264.88701686906,306.395156725204,1572.89459035106,2692.21464569152,3356.56739056275,2803.79354813781,884.726267797436,1719.96982205973,3314.00062877438,759.23586742967,1709.23307155189,2164.69533492638,2769.8445938751,1315.10816248358,2475.35741734329,2375.88042821561,819.879186232962,3672.61250346201,2315.29400175495,2985.21005536394,2653.19467649366,898.411463577597,2452.70743745095,4461.40145641395,556.84558321545
1264.88701686906,306.395156725204,1572.89459035106,2692.21464569152,3356.56739056275,2803.79354813781,884.726267797436,1719.96982205973,3314.00062877438,759.23586742967,1709.23307155189,2164.69533492638,2769.8445938751,1315.10816248358,2475.35741734329,2375.88042821561,819.879186232962,3672.61250346201,2315.29400175495,2985.21005536394,2653.19467649366,898.411463577597,2452.70743745095,4461.40145641395,556.84558321545
1264.88701686906,306.395156725204,1572.89459035106,2692.21464569152,3356.56739056275,2803.79354813781,884.726267797436,1719.96982205973,3314.00062877438,759.23586742967,1709.23307155189,2164.69533492638,2769.8445938751,1315.10816248358,2475.35741734329,2375.88042821561,819.879186232962,3672.61250346201,2315.29400175495,2985.21005536394,2653.19467649366,898.411463577597,2452.70743745095,4461.40145641395,556.84558321545
1264.88701686906,306.395156725204,1572.89459035106,2692.21464569152,3356.56739056275,2803.79354813781,884.726267797436,1719.96982205973,3314.00062877438,759.23586742967,1709.23307155189,2164.69533492638,2769.8445938751,1315.10816248358,2475.35741734329,2375.88042821561,819.879186232962,3672.61250346201,2315.29400175495,2985.21005536394,2653.19467649366,898.411463577597,2452.70743745095,4461.40145641395,556.84558321545
1264.88701686906,306.395156725204,1572.89459035106,2692.21464569152,3356.56739056275,2803.79354813781,884.726267797436,1719.96982205973,3314.00062877438,759.23586742967,1709.23307155189,2164.69533492638,2769.8445938751,1315.10816248358,2475.35741734329,2375.88042821561,819.879186232962,3672.61250346201,2315.29400175495,2985.21005536394,2653.19467649366,898.411463577597,2452.70743745095,4461.40145641395,556.84558321545
1264.88701686906,306.395156725204,1572.89459035106,2692.21464569152,3356.56739056275,2803.79354813781,884.726267797436,1719.96982205973,3314.00062877438,759.23586742967,1709.23307155189,2164.69533492638,2769.8445938751,1315.10816248358,2475.35741734329,2375.88042821561,819.879186232962,3672.61250346201,2315.29400175495,2985.21005536394,2653.19467649366,898.411463577597,2452.70743745095,4461.40145641395,556.84558321545
1264.88701686906,306.395156725204,1572.89459035106,2692.21464569152,3356.56739056275,2803.79354813781,884.726267797436,1719.96982205973,3314.00062877438,759.23586742967,1709.23307155189,2164.69533492638,2769.8445938751,1315.10816248358,2475.35741734329,2375.88042821561,819.879186232962,3672.61250346201,2315.29400175495,2985.21005536394,2653.19467649366,898.411463577597,2452.70743745095,4461.40145641395,556.84558321545
1264.88701686906,306.395156725204,1572.89459035106,2692.21464569152,3356.56739056275,2803.79354813781,884.726267797436,1719.96982205973,3314.00062877438,759.23586742967,1709.23307155189,2164.69533492638,2769.8445938751,1315.10816248358,2475.35741734329,2375.88042821561,819.879186232962,3672.61250346201,2315.29400175495,2985.21005536394,2653.19467649366,898.411463577597,2452.70743745095,4461.40145641395,556.84558321545
1264.88701686906,306.395156725204,1572.89459035106,2692.21464569152,3356.56739056275,2803.79354813781,884.726267797436,1719.96982205973,3314.00062877438,759.23586742967,1709.23307155189,2164.69533492638,2769.8445938751,1315.10816248358,2475.35741734329,2375.88042821561,819.879186232962,3672.61250346201,2315.29400175495,2985.21005536394,2653.19467649366,898.411463577597,2452.70743745095,4461.40145641395,556.84558321545
1264.88701686906,306.395156725204,1572.89459035106,2692.21464569152,3356.56739056275,2803.79354813781,884.726267797436,1719.96982205973,3314.00062877438,759.23586742967,1709.23307155189,2164.69533492638,2769.8445938751,1315.10816248358,2475.35741734329,2375.88042821561,819.879186232962,3672.61250346201,2315.29400175495,2985.21005536394,2653.19467649366,898.411463577597,2452.70743745095,4461.40145641395,556.84558321545
1264.88701686906,306.395156725204,1572.89459035106,2692.21464569152,3356.56739056275,2803.79354813781,884.726267797436,1719.96982205973,3314.00062877438,759.23586742967,1709.23307155189,2164.69533492638,2769.8445938751,1315.10816248358,2475.35741734329,2375.88042821561,819.879186232962,3672.61250346201,2315.29400175495,2985.21005536394,2653.19467649366,898.411463577597,2452.70743745095,4461.40145641395,556.84558321545
1264.88701686906,306.395156725204,1572.89459035106,2692.21464569152,3356.56739056275,2803.79354813781,884.726267797436,1719.96982205973,3314.00062877438,759.23586742967,1709.23307155189,2164.69533492638,2769.8445938751,1315.10816248358,2475.35741734329,2375.88042821561,819.879186232962,3672.61250346201,2315.29400175495,2985.21005536394,2653.19467649366,898.411463577597,2452.70743745095,4461.40145641395,556.84558321545
1264.88701686906,306.395156725204,1572.89459035106,2692.21464569152,3356.56739056275,2803.79354813781,884.726267797436,1719.96982205973,3314.00062877438,759.23586742967,1709.23307155189,2164.69533492638,2769.8445938751,1315.10816248358,2475.35741734329,2375.88042821561,819.879186232962,3672.61250346201,2315.29400175495,2985.21005536394,2653.19467649366,898.411463577597,2452.70743745095,4461.40145641395,556.84558321545
1264.88701686906,306.395156725204,1572.89459035106,2692.21464569152,3356.56739056275,2803.79354813781,884.726267797436,1719.96982205973,3314.00062877438,759.23586742967,1709.23307155189,2164.69533492638,2769.8445938751,1315.10816248358,2475.35741734329,2375.88042821561,819.879186232962,3672.61250346201,2315.29400175495,2985.21005536394,2653.19467649366,898.411463577597,2452.70743745095,4461.40145641395,556.84558321545
1264.88701686906,306.395156725204,1572.89459035106,2692.21464569152,3356.56739056275,2803.79354813781,884.726267797436,1719.96982205973,3314.00062877438,759.23586742967,1709.23307155189,2164.69533492638,2769.8445938751,1315.10816248358,2475.35741734329,2375.88042821561,819.879186232962,3672.61250346201,2315.29400175495,2985.21005536394,2653.19467649366,898.411463577597,2452.70743745095,4461.40145641395,556.84558321545
1264.88701686906,306.395156725204,1572.89459035106,2692.21464569152,3356.56739056275,2803.79354813781,884.726267797436,1719.96982205973,3314.00062877438,759.23586742967,1709.23307155189,2164.69533492638,2769.8445938751,1315.10816248358,2475.35741734329,2375.88042821561,819.879186232962,3672.61250346201,2315.29400175495,2985.21005536394,2653.19467649366,898.411463577597,2452.70743745095,4461.40145641395,556.84558321545
1264.88701686906,306.395156725204,1572.89459035106,2692.21464569152,3356.56739056275,2803.79354813781,884.726267797436,1719.96982205973,3314.00062877438,759.23586742967,1709.23307155189,2164.69533492638,2769.8445938751,1315.10816248358,2475.35741734329,2375.88042821561,819.879186232962,3672.61250346201,2315.29400175495,2985.21005536394,2653.19467649366,898.411463577597,2452.70743745095,4461.40145641395,556.84558321545
1264.88701686906,306.395156725204,1572.89459035106,2692.21464569152,3356.56739056275,2803.79354813781,884.726267797436,1719.96982205973,3314.00062877438,759.23586742967,1709.23307155189,2164.69533492638,2769.8445938751,1315.10816248358,2475.35741734329,2375.88042821561,819.879186232962,3672.61250346201,2315.29400175495,2985.21005536394,2653.19467649366,898.411463577597,2452.70743745095,4461.40145641395,556.84558321545
1264.88701686906,306.395156725204,1572.89459035106,2692.21464569152,3356.56739056275,2803.79354813781,884.726267797436,1719.96982205973,3314.00062877438,759.23586742967,1709.23307155189,2164.69533492638,2769.8445938751,1315.10816248358,2475.35741734329,2375.88042821561,819.879186232962,3672.61250346201,2315.29400175495,2985.21005536394,2653.19467649366,898.411463577597,2452.70743745095,4461.40145641395,556.84558321545
1264.88701686906,306.395156725204,1572.89459035106,2692.21464569152,3356.56739056275,2803.79354813781,884.726267797436,1719.96982205973,3314.00062877438,759.23586742967,1709.23307155189,2164.69533492638,2769.8445938751,1315.10816248358,2475.35741734329,2375.88042821561,819.879186232962,3672.61250346201,2315.29400175495,2985.21005536394,2653.19467649366,898.411463577597,2452.70743745095,4461.40145641395,556.84558321545
1264.88701686906,306.395156725204,1572.89459035106,2692.21464569152,3356.56739056275,2803.79354813781,884.726267797436,1719.96982205973,3314.00062877438,759.23586742967,1709.23307155189,2164.69533492638,2769.8445938751,1315.10816248358,2475.35741734329,2375.88042821561,819.879186232962,3672.61250346201,2315.29400175495,2985.21005536394,2653.19467649366,898.411463577597,2452.70743745095,4461.40145641395,556.84558321545
1264.88701686906,306.395156725204,1572.89459035106,2692.21464569152,3356.56739056275,2803.79354813781,884.726267797436,1719.96982205973,3314.00062877438,759.23586742967,1709.23307155189,2164.69533492638,2769.8445938751,1315.10816248358,2475.35741734329,2375.88042821561,819.879186232962,3672.61250346201,2315.29400175495,2985.21005536394,2653.19467649366,898.411463577597,2452.70743745095,4461.40145641395,556.84558321545
1264.88701686906,306.395156725204,1572.89459035106,2692.21464569152,3356.56739056275,2803.79354813781,884.726267797436,1719.96982205973,3314.00062877438,759.23586742967,1709.23307155189,2164.69533492638,2769.8445938751,1315.10816248358,2475.35741734329,2375.88042821561,819.879186232962,3672.61250346201,2315.29400175495,2985.21005536394,2653.19467649366,898.411463577597,2452.70743745095,4461.40145641395,556.84558321545
1264.88701686906,306.395156725204,1572.89459035106,2692.21464569152,3356.56739056275,2803.79354813781,884.726267797436,1719.96982205973,3314.00062877438,759.23586742967,1709.23307155189,2164.69533492638,2769.8445938751,1315.10816248358,2475.35741734329,2375.88042821561,819.879186232962,3672.61250346201,2315.29400175495,2985.21005536394,2653.19467649366,898.411463577597,2452.70743745095,4461.40145641395,556.84558321545
1264.88701686906,306.395156725204,1572.89459035106,2692.21464569152,3356.56739056275,2803.79354813781,884.726267797436,1719.96982205973,3314.00062877438,759.23586742967,1709.23307155189,2164.69533492638,2769.8445938751,1315.10816248358,2475.35741734329,2375.88042821561,819.879186232962,3672.61250346201,2315.29400175495,2985.21005536394,2653.19467649366,898.411463577597,2452.70743745095,4461.40145641395,556.84558321545
1264.88701686906,306.395156725204,1572.89459035106,2692.21464569152,3356.56739056275,2803.79354813781,884.726267797436,1719.96982205973,3314.00062877438,759.23586742967,1709.23307155189,2164.69533492638,2769.8445938751,1315.10816248358,2475.35741734329,2375.88042821561,819.879186232962,3672.61250346201,2315.29400175495,2985.21005536394,2653.19467649366,898.411463577597,2452.70743745095,4461.40145641395,556.84558321545
1264.88701686906,306.395156725204,1572.89459035106,2692.21464569152,3356.56739056275,2803.79354813781,884.726267797436,1719.96982205973,3314.00062877438,759.23586742967,1709.23307155189,2164.69533492638,2769.8445938751,1315.10816248358,2475.35741734329,2375.88042821561,819.879186232962,3672.61250346201,2315.29400175495,2985.21005536394,2653.19467649366,898.411463577597,2452.70743745095,4461.40145641395,556.84558321545
1264.88701686906,306.395156725204,1572.89459035106,2692.21464569152,3356.56739056275,2803.79354813781,884.726267797436,1719.96982205973,3314.00062877438,759.23586742967,1709.23307155189,2164.69533492638,2769.8445938751,1315.10816248358,2475.35741734329,2375.88042821561,819.879186232962,3672.61250346201,2315.29400175495,2985.21005536394,2653.19467649366,898.411463577597,2452.70743745095,4461.40145641395,556.84558321545
1264.88701686906,306.395156725204,1572.89459035106,2692.21464569152,3356.56739056275,2803.79354813781,884.726267797436,1719.96982205973,3314.00062877438,759.23586742967,1709.23307155189,2164.69533492638,2769.8445938751,1315.10816248358,2475.35741734329,2375.88042821561,819.879186232962,3672.61250346201,2315.29400175495,2985.21005536394,2653.19467649366,898.411463577597,2452.70743745095,4461.40145641395,556.84558321545
1264.88701686906,306.395156725204,1572.89459035106,2692.21464569152,3356.56739056275,2803.79354813781,884.726267797436,1719.96982205973,3314.00062877438,759.23586742967,1709.23307155189,2164.69533492638,2769.8445938751,1315.10816248358,2475.35741734329,2375.88042821561,819.879186232962,3672.61250346201,2315.29400175495,2985.21005536394,2653.19467649366,898.411463577597,2452.70743745095,4461.40145641395,556.84558321545
1264.88701686906,306.395156725204,1572.89459035106,2692.21464569152,3356.56739056275,2803.79354813781,884.726267797436,1719.96982205973,3314.00062877438,759.23586742967,1709.23307155189,2164.69533492638,2769.8445938751,1315.10816248358,2475.35741734329,2375.88042821561,819.879186232962,3672.61250346201,2315.29400175495,2985.21005536394,2653.19467649366,898.411463577597,2452.70743745095,4461.40145641395,556.84558321545
1264.88701686906,306.395156725204,1572.89459035106,2692.21464569152,3356.56739056275,2803.79354813781,884.726267797436,1719.96982205973,3314.00062877438,759.23586742967,1709.23307155189,2164.69533492638,2769.8445938751,1315.10816248358,2475.35741734329,2375.88042821561,819.879186232962,3672.61250346201,2315.29400175495,2985.21005536394,2653.19467649366,898.411463577597,2452.70743745095,4461.40145641395,556.84558321545
1264.88701686906,306.395156725204,1572.89459035106,2692.21464569152,3356.56739056275,2803.79354813781,884.726267797436,1719.96982205973,3314.00062877438,759.23586742967,1709.23307155189,2164.69533492638,2769.8445938751,1315.10816248358,2475.35741734329,2375.88042821561,819.879186232962,3672.61250346201,2315.29400175495,2985.21005536394,2653.19467649366,898.411463577597,2452.70743745095,4461.40145641395,556.84558321545
1264.88701686906,306.395156725204,1572.89459035106,2692.21464569152,3356.56739056275,2803.79354813781,884.726267797436,1719.96982205973,3314.00062877438,759.23586742967,1709.23307155189,2164.69533492638,2769.8445938751,1315.10816248358,2475.35741734329,2375.88042821561,819.879186232962,3672.61250346201,2315.29400175495,2985.21005536394,2653.19467649366,898.411463577597,2452.70743745095,4461.40145641395,556.84558321545
1264.88701686906,306.395156725204,1572.89459035106,2692.21464569152,3356.56739056275,2803.79354813781,884.726267797436,1719.96982205973,3314.00062877438,759.23586742967,1709.23307155189,2164.69533492638,2769.8445938751,1315.10816248358,2475.35741734329,2375.88042821561,819.879186232962,3672.61250346201,2315.29400175495,2985.21005536394,2653.19467649366,898.411463577597,2452.70743745095,4461.40145641395,556.84558321545
1264.88701686906,306.395156725204,1572.89459035106,2692.21464569152,3356.56739056275,2803.79354813781,884.726267797436,1719.96982205973,3314.00062877438,759.23586742967,1709.23307155189,2164.69533492638,2769.8445938751,1315.10816248358,2475.35741734329,2375.88042821561,819.879186232962,3672.61250346201,2315.29400175495,2985.21005536394,2653.19467649366,898.411463577597,2452.70743745095,4461.40145641395,556.84558321545
1264.88701686906,306.395156725204,1572.89459035106,2692.21464569152,3356.56739056275,2803.79354813781,884.726267797436,1719.96982205973,3314.00062877438,759.23586742967,1709.23307155189,2164.69533492638,2769.8445938751,1315.10816248358,2475.35741734329,2375.88042821561,819.879186232962,3672.61250346201,2315.29400175495,2985.21005536394,2653.19467649366,898.411463577597,2452.70743745095,4461.40145641395,556.84558321545
1264.88701686906,306.395156725204,1572.89459035106,2692.21464569152,3356.56739056275,2803.79354813781,884.726267797436,1719.96982205973,3314.00062877438,759.23586742967,1709.23307155189,2164.69533492638,2769.8445938751,1315.10816248358,2475.35741734329,2375.88042821561,819.879186232962,3672.61250346201,2315.29400175495,2985.21005536394,2653.19467649366,898.411463577597,2452.70743745095,4461.40145641395,556.84558321545
1264.88701686906,306.395156725204,1572.89459035106,2692.21464569152,3356.56739056275,2803.79354813781,884.726267797436,1719.96982205973,3314.00062877438,759.23586742967,1709.23307155189,2164.69533492638,2769.8445938751,1315.10816248358,2475.35741734329,2375.88042821561,819.879186232962,3672.61250346201,2315.29400175495,2985.21005536394,2653.19467649366,898.411463577597,2452.70743745095,4461.40145641395,556.84558321545
1264.88701686906,306.395156725204,1572.89459035106,2692.21464569152,3356.56739056275,2803.79354813781,884.726267797436,1719.96982205973,3314.00062877438,759.23586742967,1709.23307155189,2164.69533492638,2769.8445938751,1315.10816248358,2475.35741734329,2375.88042821561,819.879186232962,3672.61250346201,2315.29400175495,2985.21005536394,2653.19467649366,898.411463577597,2452.70743745095,4461.40145641395,556.84558321545
1264.88701686906,306.395156725204,1572.89459035106,2692.21464569152,3356.56739056275,2803.79354813781,884.726267797436,1719.96982205973,3314.00062877438,759.23586742967,1709.23307155189,2164.69533492638,2769.8445938751,1315.10816248358,2475.35741734329,2375.88042821561,819.879186232962,3672.61250346201,2315.29400175495,2985.21005536394,2653.19467649366,898.411463577597,2452.70743745095,4461.40145641395,556.84558321545
1264.88701686906,306.395156725204,1572.89459035106,2692.21464569152,3356.56739056275,2803.79354813781,884.726267797436,1719.96982205973,3314.00062877438,759.23586742967,1709.23307155189,2164.69533492638,2769.8445938751,1315.10816248358,2475.35741734329,2375.88042821561,819.879186232962,3672.61250346201,2315.29400175495,2985.21005536394,2653.19467649366,898.411463577597,2452.70743745095,4461.40145641395,556.84558321545
1264.88701686906,306.395156725204,1572.89459035106,2692.21464569152,3356.56739056275,2803.79354813781,884.726267797436,1719.96982205973,3314.00062877438,759.23586742967,1709.23307155189,2164.69533492638,2769.8445938751,1315.10816248358,2475.35741734329,2375.88042821561,819.879186232962,3672.61250346201,2315.29400175495,2985.21005536394,2653.19467649366,898.411463577597,2452.70743745095,4461.40145641395,556.84558321545
1264.88701686906,306.395156725204,1572.89459035106,2692.21464569152,3356.56739056275,2803.79354813781,884.726267797436,1719.96982205973,3314.00062877438,759.23586742967,1709.23307155189,2164.69533492638,2769.8445938751,1315.10816248358,2475.35741734329,2375.88042821561,819.879186232962,3672.61250346201,2315.29400175495,2985.21005536394,2653.19467649366,898.411463577597,2452.70743745095,4461.40145641395,556.84558321545
1264.88701686906,306.395156725204,1572.89459035106,2692.21464569152,3356.56739056275,2803.79354813781,884.726267797436,1719.96982205973,3314.00062877438,759.23586742967,1709.23307155189,2164.69533492638,2769.8445938751,1315.10816248358,2475.35741734329,2375.88042821561,819.879186232962,3672.61250346201,2315.29400175495,2985.21005536394,2653.19467649366,898.411463577597,2452.70743745095,4461.40145641395,556.84558321545
1264.88701686906,306.395156725204,1572.89459035106,2692.21464569152,3356.56739056275,2803.79354813781,884.726267797436,1719.96982205973,3314.00062877438,759.23586742967,1709.23307155189,2164.69533492638,2769.8445938751,1315.10816248358,2475.35741734329,2375.88042821561,819.879186232962,3672.61250346201,2315.29400175495,2985.21005536394,2653.19467649366,898.411463577597,2452.70743745095,4461.40145641395,556.84558321545
1264.88701686906,306.395156725204,1572.89459035106,2692.21464569152,3356.56739056275,2803.79354813781,884.726267797436,1719.96982205973,3314.00062877438,759.23586742967,1709.23307155189,2164.69533492638,2769.8445938751,1315.10816248358,2475.35741734329,2375.88042821561,819.879186232962,3672.61250346201,2315.29400175495,2985.21005536394,2653.19467649366,898.411463577597,2452.70743745095,4461.40145641395,556.84558321545
1264.88701686906,306.395156725204,1572.89459035106,2692.21464569152,3356.56739056275,2803.79354813781,884.726267797436,1719.96982205973,3314.00062877438,759.23586742967,1709.23307155189,2164.69533492638,2769.8445938751,1315.10816248358,2475.35741734329,2375.88042821561,819.879186232962,3672.61250346201,2315.29400175495,2985.21005536394,2653.19467649366,898.411463577597,2452.70743745095,4461.40145641395,556.84558321545
1264.88701686906,306.395156725204,1572.89459035106,2692.21464569152,3356.56739056275,2803.79354813781,884.726267797436,1719.96982205973,3314.00062877438,759.23586742967,1709.23307155189,2164.69533492638,2769.8445938751,1315.10816248358,2475.35741734329,2375.88042821561,819.879186232962,3672.61250346201,2315.29400175495,2985.21005536394,2653.19467649366,898.411463577597,2452.70743745095,4461.40145641395,556.84558321545
1264.88701686906,306.395156725204,1572.89459035106,2692.21464569152,3356.56739056275,2803.79354813781,884.726267797436,1719.96982205973,3314.00062877438,759.23586742967,1709.23307155189,2164.69533492638,2769.8445938751,1315.10816248358,2475.35741734329,2375.88042821561,819.879186232962,3672.61250346201,2315.29400175495,2985.21005536394,2653.19467649366,898.411463577597,2452.70743745095,4461.40145641395,556.84558321545
1264.88701686906,306.395156725204,1572.89459035106,2692.21464569152,3356.56739056275,2803.79354813781,884.726267797436,1719.96982205973,3314.00062877438,759.23586742967,1709.23307155189,2164.69533492638,2769.8445938751,1315.10816248358,2475.35741734329,2375.88042821561,819.879186232962,3672.61250346201,2315.29400175495,2985.21005536394,2653.19467649366,898.411463577597,2452.70743745095,4461.40145641395,556.84558321545
1264.88701686906,306.395156725204,1572.89459035106,2692.21464569152,3356.56739056275,2803.79354813781,884.726267797436,1719.96982205973,3314.00062877438,759.23586742967,1709.23307155189,2164.69533492638,2769.8445938751,1315.10816248358,2475.35741734329,2375.88042821561,819.879186232962,3672.61250346201,2315.29400175495,2985.21005536394,2653.19467649366,898.411463577597,2452.70743745095,4461.40145641395,556.84558321545
1264.88701686906,306.395156725204,1572.89459035106,2692.21464569152,3356.56739056275,2803.79354813781,884.726267797436,1719.96982205973,3314.00062877438,759.23586742967,1709.23307155189,2164.69533492638,2769.8445938751,1315.10816248358,2475.35741734329,2375.88042821561,819.879186232962,3672.61250346201,2315.29400175495,2985.21005536394,2653.19467649366,898.411463577597,2452.70743745095,4461.40145641395,556.84558321545
1264.88701686906,306.395156725204,1572.89459035106,2692.21464569152,3356.56739056275,2803.79354813781,884.726267797436,1719.96982205973,3314.00062877438,759.23586742967,1709.23307155189,2164.69533492638,2769.8445938751,1315.10816248358,2475.35741734329,2375.88042821561,819.879186232962,3672.61250346201,2315.29400175495,2985.21005536394,2653.19467649366,898.411463577597,2452.70743745095,4461.40145641395,556.84558321545
1264.88701686906,306.395156725204,1572.89459035106,2692.21464569152,3356.56739056275,2803.79354813781,884.726267797436,1719.96982205973,3314.00062877438,759.23586742967,1709.23307155189,2164.69533492638,2769.8445938751,1315.10816248358,2475.35741734329,2375.88042821561,819.879186232962,3672.61250346201,2315.29400175495,2985.21005536394,2653.19467649366,898.411463577597,2452.70743745095,4461.40145641395,556.84558321545
1264.88701686906,306.395156725204,1572.89459035106,2692.21464569152,3356.56739056275,2803.79354813781,884.726267797436,1719.96982205973,3314.00062877438,759.23586742967,1709.23307155189,2164.69533492638,2769.8445938751,1315.10816248358,2475.35741734329,2375.88042821561,819.879186232962,3672.61250346201,2315.29400175495,2985.21005536394,2653.19467649366,898.411463577597,2452.70743745095,4461.40145641395,556.84558321545
1264.88701686906,306.395156725204,1572.89459035106,2692.21464569152,3356.56739056275,2803.79354813781,884.726267797436,1719.96982205973,3314.00062877438,759.23586742967,1709.23307155189,2164.69533492638,2769.8445938751,1315.10816248358,2475.35741734329,2375.88042821561,819.879186232962,3672.61250346201,2315.29400175495,2985.21005536394,2653.19467649366,898.411463577597,2452.70743745095,4461.40145641395,556.84558321545
1264.88701686906,306.395156725204,1572.89459035106,2692.21464569152,3356.56739056275,2803.79354813781,884.726267797436,1719.96982205973,3314.00062877438,759.23586742967,1709.23307155189,2164.69533492638,2769.8445938751,1315.10816248358,2475.35741734329,2375.88042821561,819.879186232962,3672.61250346201,2315.29400175495,2985.21005536394,2653.19467649366,898.411463577597,2452.70743745095,4461.40145641395,556.84558321545
1264.88701686906,306.395156725204,1572.89459035106,2692.21464569152,3356.56739056275,2803.79354813781,884.726267797436,1719.96982205973,3314.00062877438,759.23586742967,1709.23307155189,2164.69533492638,2769.8445938751,1315.10816248358,2475.35741734329,2375.88042821561,819.879186232962,3672.61250346201,2315.29400175495,2985.21005536394,2653.19467649366,898.411463577597,2452.70743745095,4461.40145641395,556.84558321545
1264.88701686906,306.395156725204,1572.89459035106,2692.21464569152,3356.56739056275,2803.79354813781,884.726267797436,1719.96982205973,3314.00062877438,759.23586742967,1709.23307155189,2164.69533492638,2769.8445938751,1315.10816248358,2475.35741734329,2375.88042821561,819.879186232962,3672.61250346201,2315.29400175495,2985.21005536394,2653.19467649366,898.411463577597,2452.70743745095,4461.40145641395,556.84558321545
1264.88701686906,306.395156725204,1572.89459035106,2692.21464569152,3356.56739056275,2803.79354813781,884.726267797436,1719.96982205973,3314.00062877438,759.23586742967,1709.23307155189,2164.69533492638,2769.8445938751,1315.10816248358,2475.35741734329,2375.88042821561,819.879186232962,3672.61250346201,2315.29400175495,2985.21005536394,2653.19467649366,898.411463577597,2452.70743745095,4461.40145641395,556.84558321545
1264.88701686906,306.395156725204,1572.89459035106,2692.21464569152,3356.56739056275,2803.79354813781,884.726267797436,1719.96982205973,3314.00062877438,759.23586742967,1709.23307155189,2164.69533492638,2769.8445938751,1315.10816248358,2475.35741734329,2375.88042821561,819.879186232962,3672.61250346201,2315.29400175495,2985.21005536394,2653.19467649366,898.411463577597,2452.70743745095,4461.40145641395,556.84558321545
1264.88701686906,306.395156725204,1572.89459035106,2692.21464569152,3356.56739056275,2803.79354813781,884.726267797436,1719.96982205973,3314.00062877438,759.23586742967,1709.23307155189,2164.69533492638,2769.8445938751,1315.10816248358,2475.35741734329,2375.88042821561,819.879186232962,3672.61250346201,2315.29400175495,2985.21005536394,2653.19467649366,898.411463577597,2452.70743745095,4461.40145641395,556.84558321545
1264.88701686906,306.395156725204,1572.89459035106,2692.21464569152,3356.56739056275,2803.79354813781,884.726267797436,1719.96982205973,3314.00062877438,759.23586742967,1709.23307155189,2164.69533492638,2769.8445938751,1315.10816248358,2475.35741734329,2375.88042821561,819.879186232962,3672.61250346201,2315.29400175495,2985.21005536394,2653.19467649366,898.411463577597,2452.70743745095,4461.40145641395,556.84558321545
1264.88701686906,306.395156725204,1572.89459035106,2692.21464569152,3356.56739056275,2803.79354813781,884.726267797436,1719.96982205973,3314.00062877438,759.23586742967,1709.23307155189,2164.69533492638,2769.8445938751,1315.10816248358,2475.35741734329,2375.88042821561,819.879186232962,3672.61250346201,2315.29400175495,2985.21005536394,2653.19467649366,898.411463577597,2452.70743745095,4461.40145641395,556.84558321545
1264.88701686906,306.395156725204,1572.89459035106,2692.21464569152,3356.56739056275,2803.79354813781,884.726267797436,1719.96982205973,3314.00062877438,759.23586742967,1709.23307155189,2164.69533492638,2769.8445938751,1315.10816248358,2475.35741734329,2375.88042821561,819.879186232962,3672.61250346201,2315.29400175495,2985.21005536394,2653.19467649366,898.411463577597,2452.70743745095,4461.40145641395,556.84558321545
1264.88701686906,306.395156725204,1572.89459035106,2692.21464569152,3356.56739056275,2803.79354813781,884.726267797436,1719.96982205973,3314.00062877438,759.23586742967,1709.23307155189,2164.69533492638,2769.8445938751,1315.10816248358,2475.35741734329,2375.88042821561,819.879186232962,3672.61250346201,2315.29400175495,2985.21005536394,2653.19467649366,898.411463577597,2452.70743745095,4461.40145641395,556.84558321545
1264.88701686906,306.395156725204,1572.89459035106,2692.21464569152,3356.56739056275,2803.79354813781,884.726267797436,1719.96982205973,3314.00062877438,759.23586742967,1709.23307155189,2164.69533492638,2769.8445938751,1315.10816248358,2475.35741734329,2375.88042821561,819.879186232962,3672.61250346201,2315.29400175495,2985.21005536394,2653.19467649366,898.411463577597,2452.70743745095,4461.40145641395,556.84558321545
1264.88701686906,306.395156725204,1572.89459035106,2692.21464569152,3356.56739056275,2803.79354813781,884.726267797436,1719.96982205973,3314.00062877438,759.23586742967,1709.23307155189,2164.69533492638,2769.8445938751,1315.10816248358,2475.35741734329,2375.88042821561,819.879186232962,3672.61250346201,2315.29400175495,2985.21005536394,2653.19467649366,898.411463577597,2452.70743745095,4461.40145641395,556.84558321545
1264.88701686906,306.395156725204,1572.89459035106,2692.21464569152,3356.56739056275,2803.79354813781,884.726267797436,1719.96982205973,3314.00062877438,759.23586742967,1709.23307155189,2164.69533492638,2769.8445938751,1315.10816248358,2475.35741734329,2375.88042821561,819.879186232962,3672.61250346201,2315.29400175495,2985.21005536394,2653.19467649366,898.411463577597,2452.70743745095,4461.40145641395,556.84558321545
1264.88701686906,306.395156725204,1572.89459035106,2692.21464569152,3356.56739056275,2803.79354813781,884.726267797436,1719.96982205973,3314.00062877438,759.23586742967,1709.23307155189,2164.69533492638,2769.8445938751,1315.10816248358,2475.35741734329,2375.88042821561,819.879186232962,3672.61250346201,2315.29400175495,2985.21005536394,2653.19467649366,898.411463577597,2452.70743745095,4461.40145641395,556.84558321545
1264.88701686906,306.395156725204,1572.89459035106,2692.21464569152,3356.56739056275,2803.79354813781,884.726267797436,1719.96982205973,3314.00062877438,759.23586742967,1709.23307155189,2164.69533492638,2769.8445938751,1315.10816248358,2475.35741734329,2375.88042821561,819.879186232962,3672.61250346201,2315.29400175495,2985.21005536394,2653.19467649366,898.411463577597,2452.70743745095,4461.40145641395,556.84558321545
1264.88701686906,306.395156725204,1572.89459035106,2692.21464569152,3356.56739056275,2803.79354813781,884.726267797436,1719.96982205973,3314.00062877438,759.23586742967,1709.23307155189,2164.69533492638,2769.8445938751,1315.10816248358,2475.35741734329,2375.88042821561,819.879186232962,3672.61250346201,2315.29400175495,2985.21005536394,2653.19467649366,898.411463577597,2452.70743745095,4461.40145641395,556.84558321545
1264.88701686906,306.395156725204,1572.89459035106,2692.21464569152,3356.56739056275,2803.79354813781,884.726267797436,1719.96982205973,3314.00062877438,759.23586742967,1709.23307155189,2164.69533492638,2769.8445938751,1315.10816248358,2475.35741734329,2375.88042821561,819.879186232962,3672.61250346201,2315.29400175495,2985.21005536394,2653.19467649366,898.411463577597,2452.70743745095,4461.40145641395,556.84558321545
1264.88701686906,306.395156725204,1572.89459035106,2692.21464569152,3356.56739056275,2803.79354813781,884.726267797436,1719.96982205973,3314.00062877438,759.23586742967,1709.23307155189,2164.69533492638,2769.8445938751,1315.10816248358,2475.35741734329,2375.88042821561,819.879186232962,3672.61250346201,2315.29400175495,2985.21005536394,2653.19467649366,898.411463577597,2452.70743745095,4461.40145641395,556.84558321545
1264.88701686906,306.395156725204,1572.89459035106,2692.21464569152,3356.56739056275,2803.79354813781,884.726267797436,1719.96982205973,3314.00062877438,759.23586742967,1709.23307155189,2164.69533492638,2769.8445938751,1315.10816248358,2475.35741734329,2375.88042821561,819.879186232962,3672.61250346201,2315.29400175495,2985.21005536394,2653.19467649366,898.411463577597,2452.70743745095,4461.40145641395,556.84558321545
1264.88701686906,306.395156725204,1572.89459035106,2692.21464569152,3356.56739056275,2803.79354813781,884.726267797436,1719.96982205973,3314.00062877438,759.23586742967,1709.23307155189,2164.69533492638,2769.8445938751,1315.10816248358,2475.35741734329,2375.88042821561,819.879186232962,3672.61250346201,2315.29400175495,2985.21005536394,2653.19467649366,898.411463577597,2452.70743745095,4461.40145641395,556.84558321545
1264.88701686906,306.395156725204,1572.89459035106,2692.21464569152,3356.56739056275,2803.79354813781,884.726267797436,1719.96982205973,3314.00062877438,759.23586742967,1709.23307155189,2164.69533492638,2769.8445938751,1315.10816248358,2475.35741734329,2375.88042821561,819.879186232962,3672.61250346201,2315.29400175495,2985.21005536394,2653.19467649366,898.411463577597,2452.70743745095,4461.40145641395,556.84558321545
1264.88701686906,306.395156725204,1572.89459035106,2692.21464569152,3356.56739056275,2803.79354813781,884.726267797436,1719.96982205973,3314.00062877438,759.23586742967,1709.23307155189,2164.69533492638,2769.8445938751,1315.10816248358,2475.35741734329,2375.88042821561,819.879186232962,3672.61250346201,2315.29400175495,2985.21005536394,2653.19467649366,898.411463577597,2452.70743745095,4461.40145641395,556.84558321545
1264.88701686906,306.395156725204,1572.89459035106,2692.21464569152,3356.56739056275,2803.79354813781,884.726267797436,1719.96982205973,3314.00062877438,759.23586742967,1709.23307155189,2164.69533492638,2769.8445938751,1315.10816248358,2475.35741734329,2375.88042821561,819.879186232962,3672.61250346201,2315.29400175495,2985.21005536394,2653.19467649366,898.411463577597,2452.70743745095,4461.40145641395,556.84558321545
1264.88701686906,306.395156725204,1572.89459035106,2692.21464569152,3356.56739056275,2803.79354813781,884.726267797436,1719.96982205973,3314.00062877438,759.23586742967,1709.23307155189,2164.69533492638,2769.8445938751,1315.10816248358,2475.35741734329,2375.88042821561,819.879186232962,3672.61250346201,2315.29400175495,2985.21005536394,2653.19467649366,898.411463577597,2452.70743745095,4461.40145641395,556.84558321545
1264.88701686906,306.395156725204,1572.89459035106,2692.21464569152,3356.56739056275,2803.79354813781,884.726267797436,1719.96982205973,3314.00062877438,759.23586742967,1709.23307155189,2164.69533492638,2769.8445938751,1315.10816248358,2475.35741734329,2375.88042821561,819.879186232962,3672.61250346201,2315.29400175495,2985.21005536394,2653.19467649366,898.411463577597,2452.70743745095,4461.40145641395,556.84558321545
1264.88701686906,306.395156725204,1572.89459035106,2692.21464569152,3356.56739056275,2803.79354813781,884.726267797436,1719.96982205973,3314.00062877438,759.23586742967,1709.23307155189,2164.69533492638,2769.8445938751,1315.10816248358,2475.35741734329,2375.88042821561,819.879186232962,3672.61250346201,2315.29400175495,2985.21005536394,2653.19467649366,898.411463577597,2452.70743745095,4461.40145641395,556.84558321545
1264.88701686906,306.395156725204,1572.89459035106,2692.21464569152,3356.56739056275,2803.79354813781,884.726267797436,1719.96982205973,3314.00062877438,759.23586742967,1709.23307155189,2164.69533492638,2769.8445938751,1315.10816248358,2475.35741734329,2375.88042821561,819.879186232962,3672.61250346201,2315.29400175495,2985.21005536394,2653.19467649366,898.411463577597,2452.70743745095,4461.40145641395,556.84558321545
1264.88701686906,306.395156725204,1572.89459035106,2692.21464569152,3356.56739056275,2803.79354813781,884.726267797436,1719.96982205973,3314.00062877438,759.23586742967,1709.23307155189,2164.69533492638,2769.8445938751,1315.10816248358,2475.35741734329,2375.88042821561,819.879186232962,3672.61250346201,2315.29400175495,2985.21005536394,2653.19467649366,898.411463577597,2452.70743745095,4461.40145641395,556.84558321545
1264.88701686906,306.395156725204,1572.89459035106,2692.21464569152,3356.56739056275,2803.79354813781,884.726267797436,1719.96982205973,3314.00062877438,759.23586742967,1709.23307155189,2164.69533492638,2769.8445938751,1315.10816248358,2475.35741734329,2375.88042821561,819.879186232962,3672.61250346201,2315.29400175495,2985.21005536394,2653.19467649366,898.411463577597,2452.70743745095,4461.40145641395,556.84558321545
1264.88701686906,306.395156725204,1572.89459035106,2692.21464569152,3356.56739056275,2803.79354813781,884.726267797436,1719.96982205973,3314.00062877438,759.23586742967,1709.23307155189,2164.69533492638,2769.8445938751,1315.10816248358,2475.35741734329,2375.88042821561,819.879186232962,3672.61250346201,2315.29400175495,2985.21005536394,2653.19467649366,898.411463577597,2452.70743745095,4461.40145641395,556.84558321545
1264.88701686906,306.395156725204,1572.89459035106,2692.21464569152,3356.56739056275,2803.79354813781,884.726267797436,1719.96982205973,3314.00062877438,759.23586742967,1709.23307155189,2164.69533492638,2769.8445938751,1315.10816248358,2475.35741734329,2375.88042821561,819.879186232962,3672.61250346201,2315.29400175495,2985.21005536394,2653.19467649366,898.411463577597,2452.70743745095,4461.40145641395,556.84558321545
1264.88701686906,306.395156725204,1572.89459035106,2692.21464569152,3356.56739056275,2803.79354813781,884.726267797436,1719.96982205973,3314.00062877438,759.23586742967,1709.23307155189,2164.69533492638,2769.8445938751,1315.10816248358,2475.35741734329,2375.88042821561,819.879186232962,3672.61250346201,2315.29400175495,2985.21005536394,2653.19467649366,898.411463577597,2452.70743745095,4461.40145641395,556.84558321545
1264.88701686906,306.395156725204,1572.89459035106,2692.21464569152,3356.56739056275,2803.79354813781,884.726267797436,1719.96982205973,3314.00062877438,759.23586742967,1709.23307155189,2164.69533492638,2769.8445938751,1315.10816248358,2475.35741734329,2375.88042821561,819.879186232962,3672.61250346201,2315.29400175495,2985.21005536394,2653.19467649366,898.411463577597,2452.70743745095,4461.40145641395,556.84558321545
1264.88701686906,306.395156725204,1572.89459035106,2692.21464569152,3356.56739056275,2803.79354813781,884.726267797436,1719.96982205973,3314.00062877438,759.23586742967,1709.23307155189,2164.69533492638,2769.8445938751,1315.10816248358,2475.35741734329,2375.88042821561,819.879186232962,3672.61250346201,2315.29400175495,2985.21005536394,2653.19467649366,898.411463577597,2452.70743745095,4461.40145641395,556.84558321545
1264.88701686906,306.395156725204,1572.89459035106,2692.21464569152,3356.56739056275,2803.79354813781,884.726267797436,1719.96982205973,3314.00062877438,759.23586742967,1709.23307155189,2164.69533492638,2769.8445938751,1315.10816248358,2475.35741734329,2375.88042821561,819.879186232962,3672.61250346201,2315.29400175495,2985.21005536394,2653.19467649366,898.411463577597,2452.70743745095,4461.40145641395,556.84558321545
1264.88701686906,306.395156725204,1572.89459035106,2692.21464569152,3356.56739056275,2803.79354813781,884.726267797436,1719.96982205973,3314.00062877438,759.23586742967,1709.23307155189,2164.69533492638,2769.8445938751,1315.10816248358,2475.35741734329,2375.88042821561,819.879186232962,3672.61250346201,2315.29400175495,2985.21005536394,2653.19467649366,898.411463577597,2452.70743745095,4461.40145641395,556.84558321545
1264.88701686906,306.395156725204,1572.89459035106,2692.21464569152,3356.56739056275,2803.79354813781,884.726267797436,1719.96982205973,3314.00062877438,759.23586742967,1709.23307155189,2164.69533492638,2769.8445938751,1315.10816248358,2475.35741734329,2375.88042821561,819.879186232962,3672.61250346201,2315.29400175495,2985.21005536394,2653.19467649366,898.411463577597,2452.70743745095,4461.40145641395,556.84558321545
1264.88701686906,306.395156725204,1572.89459035106,2692.21464569152,3356.56739056275,2803.79354813781,884.726267797436,1719.96982205973,3314.00062877438,759.23586742967,1709.23307155189,2164.69533492638,2769.8445938751,1315.10816248358,2475.35741734329,2375.88042821561,819.879186232962,3672.61250346201,2315.29400175495,2985.21005536394,2653.19467649366,898.411463577597,2452.70743745095,4461.40145641395,556.84558321545
1264.88701686906,306.395156725204,1572.89459035106,2692.21464569152,3356.56739056275,2803.79354813781,884.726267797436,1719.96982205973,3314.00062877438,759.23586742967,1709.23307155189,2164.69533492638,2769.8445938751,1315.10816248358,2475.35741734329,2375.88042821561,819.879186232962,3672.61250346201,2315.29400175495,2985.21005536394,2653.19467649366,898.411463577597,2452.70743745095,4461.40145641395,556.84558321545
1264.88701686906,306.395156725204,1572.89459035106,2692.21464569152,3356.56739056275,2803.79354813781,884.726267797436,1719.96982205973,3314.00062877438,759.23586742967,1709.23307155189,2164.69533492638,2769.8445938751,1315.10816248358,2475.35741734329,2375.88042821561,819.879186232962,3672.61250346201,2315.29400175495,2985.21005536394,2653.19467649366,898.411463577597,2452.70743745095,4461.40145641395,556.84558321545
1264.88701686906,306.395156725204,1572.89459035106,2692.21464569152,3356.56739056275,2803.79354813781,884.726267797436,1719.96982205973,3314.00062877438,759.23586742967,1709.23307155189,2164.69533492638,2769.8445938751,1315.10816248358,2475.35741734329,2375.88042821561,819.879186232962,3672.61250346201,2315.29400175495,2985.21005536394,2653.19467649366,898.411463577597,2452.70743745095,4461.40145641395,556.84558321545
1264.88701686906,306.395156725204,1572.89459035106,2692.21464569152,3356.56739056275,2803.79354813781,884.726267797436,1719.96982205973,3314.00062877438,759.23586742967,1709.23307155189,2164.69533492638,2769.8445938751,1315.10816248358,2475.35741734329,2375.88042821561,819.879186232962,3672.61250346201,2315.29400175495,2985.21005536394,2653.19467649366,898.411463577597,2452.70743745095,4461.40145641395,556.84558321545
1264.88701686906,306.395156725204,1572.89459035106,2692.21464569152,3356.56739056275,2803.79354813781,884.726267797436,1719.96982205973,3314.00062877438,759.23586742967,1709.23307155189,2164.69533492638,2769.8445938751,1315.10816248358,2475.35741734329,2375.88042821561,819.879186232962,3672.61250346201,2315.29400175495,2985.21005536394,2653.19467649366,898.411463577597,2452.70743745095,4461.40145641395,556.84558321545
1264.88701686906,306.395156725204,1572.89459035106,2692.21464569152,3356.56739056275,2803.79354813781,884.726267797436,1719.96982205973,3314.00062877438,759.23586742967,1709.23307155189,2164.69533492638,2769.8445938751,1315.10816248358,2475.35741734329,2375.88042821561,819.879186232962,3672.61250346201,2315.29400175495,2985.21005536394,2653.19467649366,898.411463577597,2452.70743745095,4461.40145641395,556.84558321545
1264.88701686906,306.395156725204,1572.89459035106,2692.21464569152,3356.56739056275,2803.79354813781,884.726267797436,1719.96982205973,3314.00062877438,759.23586742967,1709.23307155189,2164.69533492638,2769.8445938751,1315.10816248358,2475.35741734329,2375.88042821561,819.879186232962,3672.61250346201,2315.29400175495,2985.21005536394,2653.19467649366,898.411463577597,2452.70743745095,4461.40145641395,556.84558321545
1264.88701686906,306.395156725204,1572.89459035106,2692.21464569152,3356.56739056275,2803.79354813781,884.726267797436,1719.96982205973,3314.00062877438,759.23586742967,1709.23307155189,2164.69533492638,2769.8445938751,1315.10816248358,2475.35741734329,2375.88042821561,819.879186232962,3672.61250346201,2315.29400175495,2985.21005536394,2653.19467649366,898.411463577597,2452.70743745095,4461.40145641395,556.84558321545
1264.88701686906,306.395156725204,1572.89459035106,2692.21464569152,3356.56739056275,2803.79354813781,884.726267797436,1719.96982205973,3314.00062877438,759.23586742967,1709.23307155189,2164.69533492638,2769.8445938751,1315.10816248358,2475.35741734329,2375.88042821561,819.879186232962,3672.61250346201,2315.29400175495,2985.21005536394,2653.19467649366,898.411463577597,2452.70743745095,4461.40145641395,556.84558321545
1264.88701686906,306.395156725204,1572.89459035106,2692.21464569152,3356.56739056275,2803.79354813781,884.726267797436,1719.96982205973,3314.00062877438,759.23586742967,1709.23307155189,2164.69533492638,2769.8445938751,1315.10816248358,2475.35741734329,2375.88042821561,819.879186232962,3672.61250346201,2315.29400175495,2985.21005536394,2653.19467649366,898.411463577597,2452.70743745095,4461.40145641395,556.84558321545
1264.88701686906,306.395156725204,1572.89459035106,2692.21464569152,3356.56739056275,2803.79354813781,884.726267797436,1719.96982205973,3314.00062877438,759.23586742967,1709.23307155189,2164.69533492638,2769.8445938751,1315.10816248358,2475.35741734329,2375.88042821561,819.879186232962,3672.61250346201,2315.29400175495,2985.21005536394,2653.19467649366,898.411463577597,2452.70743745095,4461.40145641395,556.84558321545
1264.88701686906,306.395156725204,1572.89459035106,2692.21464569152,3356.56739056275,2803.79354813781,884.726267797436,1719.96982205973,3314.00062877438,759.23586742967,1709.23307155189,2164.69533492638,2769.8445938751,1315.10816248358,2475.35741734329,2375.88042821561,819.879186232962,3672.61250346201,2315.29400175495,2985.21005536394,2653.19467649366,898.411463577597,2452.70743745095,4461.40145641395,556.84558321545
1264.88701686906,306.395156725204,1572.89459035106,2692.21464569152,3356.56739056275,2803.79354813781,884.726267797436,1719.96982205973,3314.00062877438,759.23586742967,1709.23307155189,2164.69533492638,2769.8445938751,1315.10816248358,2475.35741734329,2375.88042821561,819.879186232962,3672.61250346201,2315.29400175495,2985.21005536394,2653.19467649366,898.411463577597,2452.70743745095,4461.40145641395,556.84558321545
1264.88701686906,306.395156725204,1572.89459035106,2692.21464569152,3356.56739056275,2803.79354813781,884.726267797436,1719.96982205973,3314.00062877438,759.23586742967,1709.23307155189,2164.69533492638,2769.8445938751,1315.10816248358,2475.35741734329,2375.88042821561,819.879186232962,3672.61250346201,2315.29400175495,2985.21005536394,2653.19467649366,898.411463577597,2452.70743745095,4461.40145641395,556.84558321545
1264.88701686906,306.395156725204,1572.89459035106,2692.21464569152,3356.56739056275,2803.79354813781,884.726267797436,1719.96982205973,3314.00062877438,759.23586742967,1709.23307155189,2164.69533492638,2769.8445938751,1315.10816248358,2475.35741734329,2375.88042821561,819.879186232962,3672.61250346201,2315.29400175495,2985.21005536394,2653.19467649366,898.411463577597,2452.70743745095,4461.40145641395,556.84558321545
1264.88701686906,306.395156725204,1572.89459035106,2692.21464569152,3356.56739056275,2803.79354813781,884.726267797436,1719.96982205973,3314.00062877438,759.23586742967,1709.23307155189,2164.69533492638,2769.8445938751,1315.10816248358,2475.35741734329,2375.88042821561,819.879186232962,3672.61250346201,2315.29400175495,2985.21005536394,2653.19467649366,898.411463577597,2452.70743745095,4461.40145641395,556.84558321545
1264.88701686906,306.395156725204,1572.89459035106,2692.21464569152,3356.56739056275,2803.79354813781,884.726267797436,1719.96982205973,3314.00062877438,759.23586742967,1709.23307155189,2164.69533492638,2769.8445938751,1315.10816248358,2475.35741734329,2375.88042821561,819.879186232962,3672.61250346201,2315.29400175495,2985.21005536394,2653.19467649366,898.411463577597,2452.70743745095,4461.40145641395,556.84558321545
1264.88701686906,306.395156725204,1572.89459035106,2692.21464569152,3356.56739056275,2803.79354813781,884.726267797436,1719.96982205973,3314.00062877438,759.23586742967,1709.23307155189,2164.69533492638,2769.8445938751,1315.10816248358,2475.35741734329,2375.88042821561,819.879186232962,3672.61250346201,2315.29400175495,2985.21005536394,2653.19467649366,898.411463577597,2452.70743745095,4461.40145641395,556.84558321545
1264.88701686906,306.395156725204,1572.89459035106,2692.21464569152,3356.56739056275,2803.79354813781,884.726267797436,1719.96982205973,3314.00062877438,759.23586742967,1709.23307155189,2164.69533492638,2769.8445938751,1315.10816248358,2475.35741734329,2375.88042821561,819.879186232962,3672.61250346201,2315.29400175495,2985.21005536394,2653.19467649366,898.411463577597,2452.70743745095,4461.40145641395,556.84558321545
1264.88701686906,306.395156725204,1572.89459035106,2692.21464569152,3356.56739056275,2803.79354813781,884.726267797436,1719.96982205973,3314.00062877438,759.23586742967,1709.23307155189,2164.69533492638,2769.8445938751,1315.10816248358,2475.35741734329,2375.88042821561,819.879186232962,3672.61250346201,2315.29400175495,2985.21005536394,2653.19467649366,898.411463577597,2452.70743745095,4461.40145641395,556.84558321545
1264.88701686906,306.395156725204,1572.89459035106,2692.21464569152,3356.56739056275,2803.79354813781,884.726267797436,1719.96982205973,3314.00062877438,759.23586742967,1709.23307155189,2164.69533492638,2769.8445938751,1315.10816248358,2475.35741734329,2375.88042821561,819.879186232962,3672.61250346201,2315.29400175495,2985.21005536394,2653.19467649366,898.411463577597,2452.70743745095,4461.40145641395,556.84558321545
1264.88701686906,306.395156725204,1572.89459035106,2692.21464569152,3356.56739056275,2803.79354813781,884.726267797436,1719.96982205973,3314.00062877438,759.23586742967,1709.23307155189,2164.69533492638,2769.8445938751,1315.10816248358,2475.35741734329,2375.88042821561,819.879186232962,3672.61250346201,2315.29400175495,2985.21005536394,2653.19467649366,898.411463577597,2452.70743745095,4461.40145641395,556.84558321545
1264.88701686906,306.395156725204,1572.89459035106,2692.21464569152,3356.56739056275,2803.79354813781,884.726267797436,1719.96982205973,3314.00062877438,759.23586742967,1709.23307155189,2164.69533492638,2769.8445938751,1315.10816248358,2475.35741734329,2375.88042821561,819.879186232962,3672.61250346201,2315.29400175495,2985.21005536394,2653.19467649366,898.411463577597,2452.70743745095,4461.40145641395,556.84558321545
1264.88701686906,306.395156725204,1572.89459035106,2692.21464569152,3356.56739056275,2803.79354813781,884.726267797436,1719.96982205973,3314.00062877438,759.23586742967,1709.23307155189,2164.69533492638,2769.8445938751,1315.10816248358,2475.35741734329,2375.88042821561,819.879186232962,3672.61250346201,2315.29400175495,2985.21005536394,2653.19467649366,898.411463577597,2452.70743745095,4461.40145641395,556.84558321545
1264.88701686906,306.395156725204,1572.89459035106,2692.21464569152,3356.56739056275,2803.79354813781,884.726267797436,1719.96982205973,3314.00062877438,759.23586742967,1709.23307155189,2164.69533492638,2769.8445938751,1315.10816248358,2475.35741734329,2375.88042821561,819.879186232962,3672.61250346201,2315.29400175495,2985.21005536394,2653.19467649366,898.411463577597,2452.70743745095,4461.40145641395,556.84558321545
1264.88701686906,306.395156725204,1572.89459035106,2692.21464569152,3356.56739056275,2803.79354813781,884.726267797436,1719.96982205973,3314.00062877438,759.23586742967,1709.23307155189,2164.69533492638,2769.8445938751,1315.10816248358,2475.35741734329,2375.88042821561,819.879186232962,3672.61250346201,2315.29400175495,2985.21005536394,2653.19467649366,898.411463577597,2452.70743745095,4461.40145641395,556.84558321545
1264.88701686906,306.395156725204,1572.89459035106,2692.21464569152,3356.56739056275,2803.79354813781,884.726267797436,1719.96982205973,3314.00062877438,759.23586742967,1709.23307155189,2164.69533492638,2769.8445938751,1315.10816248358,2475.35741734329,2375.88042821561,819.879186232962,3672.61250346201,2315.29400175495,2985.21005536394,2653.19467649366,898.411463577597,2452.70743745095,4461.40145641395,556.84558321545
1264.88701686906,306.395156725204,1572.89459035106,2692.21464569152,3356.56739056275,2803.79354813781,884.726267797436,1719.96982205973,3314.00062877438,759.23586742967,1709.23307155189,2164.69533492638,2769.8445938751,1315.10816248358,2475.35741734329,2375.88042821561,819.879186232962,3672.61250346201,2315.29400175495,2985.21005536394,2653.19467649366,898.411463577597,2452.70743745095,4461.40145641395,556.84558321545
1264.88701686906,306.395156725204,1572.89459035106,2692.21464569152,3356.56739056275,2803.79354813781,884.726267797436,1719.96982205973,3314.00062877438,759.23586742967,1709.23307155189,2164.69533492638,2769.8445938751,1315.10816248358,2475.35741734329,2375.88042821561,819.879186232962,3672.61250346201,2315.29400175495,2985.21005536394,2653.19467649366,898.411463577597,2452.70743745095,4461.40145641395,556.84558321545
1264.88701686906,306.395156725204,1572.89459035106,2692.21464569152,3356.56739056275,2803.79354813781,884.726267797436,1719.96982205973,3314.00062877438,759.23586742967,1709.23307155189,2164.69533492638,2769.8445938751,1315.10816248358,2475.35741734329,2375.88042821561,819.879186232962,3672.61250346201,2315.29400175495,2985.21005536394,2653.19467649366,898.411463577597,2452.70743745095,4461.40145641395,556.84558321545
1264.88701686906,306.395156725204,1572.89459035106,2692.21464569152,3356.56739056275,2803.79354813781,884.726267797436,1719.96982205973,3314.00062877438,759.23586742967,1709.23307155189,2164.69533492638,2769.8445938751,1315.10816248358,2475.35741734329,2375.88042821561,819.879186232962,3672.61250346201,2315.29400175495,2985.21005536394,2653.19467649366,898.411463577597,2452.70743745095,4461.40145641395,556.84558321545
1264.88701686906,306.395156725204,1572.89459035106,2692.21464569152,3356.56739056275,2803.79354813781,884.726267797436,1719.96982205973,3314.00062877438,759.23586742967,1709.23307155189,2164.69533492638,2769.8445938751,1315.10816248358,2475.35741734329,2375.88042821561,819.879186232962,3672.61250346201,2315.29400175495,2985.21005536394,2653.19467649366,898.411463577597,2452.70743745095,4461.40145641395,556.84558321545
1264.88701686906,306.395156725204,1572.89459035106,2692.21464569152,3356.56739056275,2803.79354813781,884.726267797436,1719.96982205973,3314.00062877438,759.23586742967,1709.23307155189,2164.69533492638,2769.8445938751,1315.10816248358,2475.35741734329,2375.88042821561,819.879186232962,3672.61250346201,2315.29400175495,2985.21005536394,2653.19467649366,898.411463577597,2452.70743745095,4461.40145641395,556.84558321545
1264.88701686906,306.395156725204,1572.89459035106,2692.21464569152,3356.56739056275,2803.79354813781,884.726267797436,1719.96982205973,3314.00062877438,759.23586742967,1709.23307155189,2164.69533492638,2769.8445938751,1315.10816248358,2475.35741734329,2375.88042821561,819.879186232962,3672.61250346201,2315.29400175495,2985.21005536394,2653.19467649366,898.411463577597,2452.70743745095,4461.40145641395,556.84558321545
1264.88701686906,306.395156725204,1572.89459035106,2692.21464569152,3356.56739056275,2803.79354813781,884.726267797436,1719.96982205973,3314.00062877438,759.23586742967,1709.23307155189,2164.69533492638,2769.8445938751,1315.10816248358,2475.35741734329,2375.88042821561,819.879186232962,3672.61250346201,2315.29400175495,2985.21005536394,2653.19467649366,898.411463577597,2452.70743745095,4461.40145641395,556.84558321545
1264.88701686906,306.395156725204,1572.89459035106,2692.21464569152,3356.56739056275,2803.79354813781,884.726267797436,1719.96982205973,3314.00062877438,759.23586742967,1709.23307155189,2164.69533492638,2769.8445938751,1315.10816248358,2475.35741734329,2375.88042821561,819.879186232962,3672.61250346201,2315.29400175495,2985.21005536394,2653.19467649366,898.411463577597,2452.70743745095,4461.40145641395,556.84558321545
1264.88701686906,306.395156725204,1572.89459035106,2692.21464569152,3356.56739056275,2803.79354813781,884.726267797436,1719.96982205973,3314.00062877438,759.23586742967,1709.23307155189,2164.69533492638,2769.8445938751,1315.10816248358,2475.35741734329,2375.88042821561,819.879186232962,3672.61250346201,2315.29400175495,2985.21005536394,2653.19467649366,898.411463577597,2452.70743745095,4461.40145641395,556.84558321545
1264.88701686906,306.395156725204,1572.89459035106,2692.21464569152,3356.56739056275,2803.79354813781,884.726267797436,1719.96982205973,3314.00062877438,759.23586742967,1709.23307155189,2164.69533492638,2769.8445938751,1315.10816248358,2475.35741734329,2375.88042821561,819.879186232962,3672.61250346201,2315.29400175495,2985.21005536394,2653.19467649366,898.411463577597,2452.70743745095,4461.40145641395,556.84558321545
1264.88701686906,306.395156725204,1572.89459035106,2692.21464569152,3356.56739056275,2803.79354813781,884.726267797436,1719.96982205973,3314.00062877438,759.23586742967,1709.23307155189,2164.69533492638,2769.8445938751,1315.10816248358,2475.35741734329,2375.88042821561,819.879186232962,3672.61250346201,2315.29400175495,2985.21005536394,2653.19467649366,898.411463577597,2452.70743745095,4461.40145641395,556.84558321545
1264.88701686906,306.395156725204,1572.89459035106,2692.21464569152,3356.56739056275,2803.79354813781,884.726267797436,1719.96982205973,3314.00062877438,759.23586742967,1709.23307155189,2164.69533492638,2769.8445938751,1315.10816248358,2475.35741734329,2375.88042821561,819.879186232962,3672.61250346201,2315.29400175495,2985.21005536394,2653.19467649366,898.411463577597,2452.70743745095,4461.40145641395,556.84558321545
1264.88701686906,306.395156725204,1572.89459035106,2692.21464569152,3356.56739056275,2803.79354813781,884.726267797436,1719.96982205973,3314.00062877438,759.23586742967,1709.23307155189,2164.69533492638,2769.8445938751,1315.10816248358,2475.35741734329,2375.88042821561,819.879186232962,3672.61250346201,2315.29400175495,2985.21005536394,2653.19467649366,898.411463577597,2452.70743745095,4461.40145641395,556.84558321545
1264.88701686906,306.395156725204,1572.89459035106,2692.21464569152,3356.56739056275,2803.79354813781,884.726267797436,1719.96982205973,3314.00062877438,759.23586742967,1709.23307155189,2164.69533492638,2769.8445938751,1315.10816248358,2475.35741734329,2375.88042821561,819.879186232962,3672.61250346201,2315.29400175495,2985.21005536394,2653.19467649366,898.411463577597,2452.70743745095,4461.40145641395,556.84558321545
1264.88701686906,306.395156725204,1572.89459035106,2692.21464569152,3356.56739056275,2803.79354813781,884.726267797436,1719.96982205973,3314.00062877438,759.23586742967,1709.23307155189,2164.69533492638,2769.8445938751,1315.10816248358,2475.35741734329,2375.88042821561,819.879186232962,3672.61250346201,2315.29400175495,2985.21005536394,2653.19467649366,898.411463577597,2452.70743745095,4461.40145641395,556.84558321545
1264.88701686906,306.395156725204,1572.89459035106,2692.21464569152,3356.56739056275,2803.79354813781,884.726267797436,1719.96982205973,3314.00062877438,759.23586742967,1709.23307155189,2164.69533492638,2769.8445938751,1315.10816248358,2475.35741734329,2375.88042821561,819.879186232962,3672.61250346201,2315.29400175495,2985.21005536394,2653.19467649366,898.411463577597,2452.70743745095,4461.40145641395,556.84558321545
1264.88701686906,306.395156725204,1572.89459035106,2692.21464569152,3356.56739056275,2803.79354813781,884.726267797436,1719.96982205973,3314.00062877438,759.23586742967,1709.23307155189,2164.69533492638,2769.8445938751,1315.10816248358,2475.35741734329,2375.88042821561,819.879186232962,3672.61250346201,2315.29400175495,2985.21005536394,2653.19467649366,898.411463577597,2452.70743745095,4461.40145641395,556.84558321545
1264.88701686906,306.395156725204,1572.89459035106,2692.21464569152,3356.56739056275,2803.79354813781,884.726267797436,1719.96982205973,3314.00062877438,759.23586742967,1709.23307155189,2164.69533492638,2769.8445938751,1315.10816248358,2475.35741734329,2375.88042821561,819.879186232962,3672.61250346201,2315.29400175495,2985.21005536394,2653.19467649366,898.411463577597,2452.70743745095,4461.40145641395,556.84558321545
1264.88701686906,306.395156725204,1572.89459035106,2692.21464569152,3356.56739056275,2803.79354813781,884.726267797436,1719.96982205973,3314.00062877438,759.23586742967,1709.23307155189,2164.69533492638,2769.8445938751,1315.10816248358,2475.35741734329,2375.88042821561,819.879186232962,3672.61250346201,2315.29400175495,2985.21005536394,2653.19467649366,898.411463577597,2452.70743745095,4461.40145641395,556.84558321545
1264.88701686906,306.395156725204,1572.89459035106,2692.21464569152,3356.56739056275,2803.79354813781,884.726267797436,1719.96982205973,3314.00062877438,759.23586742967,1709.23307155189,2164.69533492638,2769.8445938751,1315.10816248358,2475.35741734329,2375.88042821561,819.879186232962,3672.61250346201,2315.29400175495,2985.21005536394,2653.19467649366,898.411463577597,2452.70743745095,4461.40145641395,556.84558321545
1264.88701686906,306.395156725204,1572.89459035106,2692.21464569152,3356.56739056275,2803.79354813781,884.726267797436,1719.96982205973,3314.00062877438,759.23586742967,1709.23307155189,2164.69533492638,2769.8445938751,1315.10816248358,2475.35741734329,2375.88042821561,819.879186232962,3672.61250346201,2315.29400175495,2985.21005536394,2653.19467649366,898.411463577597,2452.70743745095,4461.40145641395,556.84558321545
1264.88701686906,306.395156725204,1572.89459035106,2692.21464569152,3356.56739056275,2803.79354813781,884.726267797436,1719.96982205973,3314.00062877438,759.23586742967,1709.23307155189,2164.69533492638,2769.8445938751,1315.10816248358,2475.35741734329,2375.88042821561,819.879186232962,3672.61250346201,2315.29400175495,2985.21005536394,2653.19467649366,898.411463577597,2452.70743745095,4461.40145641395,556.84558321545
1264.88701686906,306.395156725204,1572.89459035106,2692.21464569152,3356.56739056275,2803.79354813781,884.726267797436,1719.96982205973,3314.00062877438,759.23586742967,1709.23307155189,2164.69533492638,2769.8445938751,1315.10816248358,2475.35741734329,2375.88042821561,819.879186232962,3672.61250346201,2315.29400175495,2985.21005536394,2653.19467649366,898.411463577597,2452.70743745095,4461.40145641395,556.84558321545
1264.88701686906,306.395156725204,1572.89459035106,2692.21464569152,3356.56739056275,2803.79354813781,884.726267797436,1719.96982205973,3314.00062877438,759.23586742967,1709.23307155189,2164.69533492638,2769.8445938751,1315.10816248358,2475.35741734329,2375.88042821561,819.879186232962,3672.61250346201,2315.29400175495,2985.21005536394,2653.19467649366,898.411463577597,2452.70743745095,4461.40145641395,556.84558321545
1264.88701686906,306.395156725204,1572.89459035106,2692.21464569152,3356.56739056275,2803.79354813781,884.726267797436,1719.96982205973,3314.00062877438,759.23586742967,1709.23307155189,2164.69533492638,2769.8445938751,1315.10816248358,2475.35741734329,2375.88042821561,819.879186232962,3672.61250346201,2315.29400175495,2985.21005536394,2653.19467649366,898.411463577597,2452.70743745095,4461.40145641395,556.84558321545
1264.88701686906,306.395156725204,1572.89459035106,2692.21464569152,3356.56739056275,2803.79354813781,884.726267797436,1719.96982205973,3314.00062877438,759.23586742967,1709.23307155189,2164.69533492638,2769.8445938751,1315.10816248358,2475.35741734329,2375.88042821561,819.879186232962,3672.61250346201,2315.29400175495,2985.21005536394,2653.19467649366,898.411463577597,2452.70743745095,4461.40145641395,556.84558321545
1264.88701686906,306.395156725204,1572.89459035106,2692.21464569152,3356.56739056275,2803.79354813781,884.726267797436,1719.96982205973,3314.00062877438,759.23586742967,1709.23307155189,2164.69533492638,2769.8445938751,1315.10816248358,2475.35741734329,2375.88042821561,819.879186232962,3672.61250346201,2315.29400175495,2985.21005536394,2653.19467649366,898.411463577597,2452.70743745095,4461.40145641395,556.84558321545
1264.88701686906,306.395156725204,1572.89459035106,2692.21464569152,3356.56739056275,2803.79354813781,884.726267797436,1719.96982205973,3314.00062877438,759.23586742967,1709.23307155189,2164.69533492638,2769.8445938751,1315.10816248358,2475.35741734329,2375.88042821561,819.879186232962,3672.61250346201,2315.29400175495,2985.21005536394,2653.19467649366,898.411463577597,2452.70743745095,4461.40145641395,556.84558321545
1264.88701686906,306.395156725204,1572.89459035106,2692.21464569152,3356.56739056275,2803.79354813781,884.726267797436,1719.96982205973,3314.00062877438,759.23586742967,1709.23307155189,2164.69533492638,2769.8445938751,1315.10816248358,2475.35741734329,2375.88042821561,819.879186232962,3672.61250346201,2315.29400175495,2985.21005536394,2653.19467649366,898.411463577597,2452.70743745095,4461.40145641395,556.84558321545
1264.88701686906,306.395156725204,1572.89459035106,2692.21464569152,3356.56739056275,2803.79354813781,884.726267797436,1719.96982205973,3314.00062877438,759.23586742967,1709.23307155189,2164.69533492638,2769.8445938751,1315.10816248358,2475.35741734329,2375.88042821561,819.879186232962,3672.61250346201,2315.29400175495,2985.21005536394,2653.19467649366,898.411463577597,2452.70743745095,4461.40145641395,556.84558321545
1264.88701686906,306.395156725204,1572.89459035106,2692.21464569152,3356.56739056275,2803.79354813781,884.726267797436,1719.96982205973,3314.00062877438,759.23586742967,1709.23307155189,2164.69533492638,2769.8445938751,1315.10816248358,2475.35741734329,2375.88042821561,819.879186232962,3672.61250346201,2315.29400175495,2985.21005536394,2653.19467649366,898.411463577597,2452.70743745095,4461.40145641395,556.84558321545
1264.88701686906,306.395156725204,1572.89459035106,2692.21464569152,3356.56739056275,2803.79354813781,884.726267797436,1719.96982205973,3314.00062877438,759.23586742967,1709.23307155189,2164.69533492638,2769.8445938751,1315.10816248358,2475.35741734329,2375.88042821561,819.879186232962,3672.61250346201,2315.29400175495,2985.21005536394,2653.19467649366,898.411463577597,2452.70743745095,4461.40145641395,556.84558321545
1264.88701686906,306.395156725204,1572.89459035106,2692.21464569152,3356.56739056275,2803.79354813781,884.726267797436,1719.96982205973,3314.00062877438,759.23586742967,1709.23307155189,2164.69533492638,2769.8445938751,1315.10816248358,2475.35741734329,2375.88042821561,819.879186232962,3672.61250346201,2315.29400175495,2985.21005536394,2653.19467649366,898.411463577597,2452.70743745095,4461.40145641395,556.84558321545
1264.88701686906,306.395156725204,1572.89459035106,2692.21464569152,3356.56739056275,2803.79354813781,884.726267797436,1719.96982205973,3314.00062877438,759.23586742967,1709.23307155189,2164.69533492638,2769.8445938751,1315.10816248358,2475.35741734329,2375.88042821561,819.879186232962,3672.61250346201,2315.29400175495,2985.21005536394,2653.19467649366,898.411463577597,2452.70743745095,4461.40145641395,556.84558321545
1264.88701686906,306.395156725204,1572.89459035106,2692.21464569152,3356.56739056275,2803.79354813781,884.726267797436,1719.96982205973,3314.00062877438,759.23586742967,1709.23307155189,2164.69533492638,2769.8445938751,1315.10816248358,2475.35741734329,2375.88042821561,819.879186232962,3672.61250346201,2315.29400175495,2985.21005536394,2653.19467649366,898.411463577597,2452.70743745095,4461.40145641395,556.84558321545
1264.88701686906,306.395156725204,1572.89459035106,2692.21464569152,3356.56739056275,2803.79354813781,884.726267797436,1719.96982205973,3314.00062877438,759.23586742967,1709.23307155189,2164.69533492638,2769.8445938751,1315.10816248358,2475.35741734329,2375.88042821561,819.879186232962,3672.61250346201,2315.29400175495,2985.21005536394,2653.19467649366,898.411463577597,2452.70743745095,4461.40145641395,556.84558321545
1264.88701686906,306.395156725204,1572.89459035106,2692.21464569152,3356.56739056275,2803.79354813781,884.726267797436,1719.96982205973,3314.00062877438,759.23586742967,1709.23307155189,2164.69533492638,2769.8445938751,1315.10816248358,2475.35741734329,2375.88042821561,819.879186232962,3672.61250346201,2315.29400175495,2985.21005536394,2653.19467649366,898.411463577597,2452.70743745095,4461.40145641395,556.84558321545
1264.88701686906,306.395156725204,1572.89459035106,2692.21464569152,3356.56739056275,2803.79354813781,884.726267797436,1719.96982205973,3314.00062877438,759.23586742967,1709.23307155189,2164.69533492638,2769.8445938751,1315.10816248358,2475.35741734329,2375.88042821561,819.879186232962,3672.61250346201,2315.29400175495,2985.21005536394,2653.19467649366,898.411463577597,2452.70743745095,4461.40145641395,556.84558321545
1264.88701686906,306.395156725204,1572.89459035106,2692.21464569152,3356.56739056275,2803.79354813781,884.726267797436,1719.96982205973,3314.00062877438,759.23586742967,1709.23307155189,2164.69533492638,2769.8445938751,1315.10816248358,2475.35741734329,2375.88042821561,819.879186232962,3672.61250346201,2315.29400175495,2985.21005536394,2653.19467649366,898.411463577597,2452.70743745095,4461.40145641395,556.84558321545
1264.88701686906,306.395156725204,1572.89459035106,2692.21464569152,3356.56739056275,2803.79354813781,884.726267797436,1719.96982205973,3314.00062877438,759.23586742967,1709.23307155189,2164.69533492638,2769.8445938751,1315.10816248358,2475.35741734329,2375.88042821561,819.879186232962,3672.61250346201,2315.29400175495,2985.21005536394,2653.19467649366,898.411463577597,2452.70743745095,4461.40145641395,556.84558321545
1264.88701686906,306.395156725204,1572.89459035106,2692.21464569152,3356.56739056275,2803.79354813781,884.726267797436,1719.96982205973,3314.00062877438,759.23586742967,1709.23307155189,2164.69533492638,2769.8445938751,1315.10816248358,2475.35741734329,2375.88042821561,819.879186232962,3672.61250346201,2315.29400175495,2985.21005536394,2653.19467649366,898.411463577597,2452.70743745095,4461.40145641395,556.84558321545
1264.88701686906,306.395156725204,1572.89459035106,2692.21464569152,3356.56739056275,2803.79354813781,884.726267797436,1719.96982205973,3314.00062877438,759.23586742967,1709.23307155189,2164.69533492638,2769.8445938751,1315.10816248358,2475.35741734329,2375.88042821561,819.879186232962,3672.61250346201,2315.29400175495,2985.21005536394,2653.19467649366,898.411463577597,2452.70743745095,4461.40145641395,556.84558321545
1264.88701686906,306.395156725204,1572.89459035106,2692.21464569152,3356.56739056275,2803.79354813781,884.726267797436,1719.96982205973,3314.00062877438,759.23586742967,1709.23307155189,2164.69533492638,2769.8445938751,1315.10816248358,2475.35741734329,2375.88042821561,819.879186232962,3672.61250346201,2315.29400175495,2985.21005536394,2653.19467649366,898.411463577597,2452.70743745095,4461.40145641395,556.84558321545
1264.88701686906,306.395156725204,1572.89459035106,2692.21464569152,3356.56739056275,2803.79354813781,884.726267797436,1719.96982205973,3314.00062877438,759.23586742967,1709.23307155189,2164.69533492638,2769.8445938751,1315.10816248358,2475.35741734329,2375.88042821561,819.879186232962,3672.61250346201,2315.29400175495,2985.21005536394,2653.19467649366,898.411463577597,2452.70743745095,4461.40145641395,556.84558321545
1264.88701686906,306.395156725204,1572.89459035106,2692.21464569152,3356.56739056275,2803.79354813781,884.726267797436,1719.96982205973,3314.00062877438,759.23586742967,1709.23307155189,2164.69533492638,2769.8445938751,1315.10816248358,2475.35741734329,2375.88042821561,819.879186232962,3672.61250346201,2315.29400175495,2985.21005536394,2653.19467649366,898.411463577597,2452.70743745095,4461.40145641395,556.84558321545
1264.88701686906,306.395156725204,1572.89459035106,2692.21464569152,3356.56739056275,2803.79354813781,884.726267797436,1719.96982205973,3314.00062877438,759.23586742967,1709.23307155189,2164.69533492638,2769.8445938751,1315.10816248358,2475.35741734329,2375.88042821561,819.879186232962,3672.61250346201,2315.29400175495,2985.21005536394,2653.19467649366,898.411463577597,2452.70743745095,4461.40145641395,556.84558321545
1264.88701686906,306.395156725204,1572.89459035106,2692.21464569152,3356.56739056275,2803.79354813781,884.726267797436,1719.96982205973,3314.00062877438,759.23586742967,1709.23307155189,2164.69533492638,2769.8445938751,1315.10816248358,2475.35741734329,2375.88042821561,819.879186232962,3672.61250346201,2315.29400175495,2985.21005536394,2653.19467649366,898.411463577597,2452.70743745095,4461.40145641395,556.84558321545
1264.88701686906,306.395156725204,1572.89459035106,2692.21464569152,3356.56739056275,2803.79354813781,884.726267797436,1719.96982205973,3314.00062877438,759.23586742967,1709.23307155189,2164.69533492638,2769.8445938751,1315.10816248358,2475.35741734329,2375.88042821561,819.879186232962,3672.61250346201,2315.29400175495,2985.21005536394,2653.19467649366,898.411463577597,2452.70743745095,4461.40145641395,556.84558321545
1264.88701686906,306.395156725204,1572.89459035106,2692.21464569152,3356.56739056275,2803.79354813781,884.726267797436,1719.96982205973,3314.00062877438,759.23586742967,1709.23307155189,2164.69533492638,2769.8445938751,1315.10816248358,2475.35741734329,2375.88042821561,819.879186232962,3672.61250346201,2315.29400175495,2985.21005536394,2653.19467649366,898.411463577597,2452.70743745095,4461.40145641395,556.84558321545
1264.88701686906,306.395156725204,1572.89459035106,2692.21464569152,3356.56739056275,2803.79354813781,884.726267797436,1719.96982205973,3314.00062877438,759.23586742967,1709.23307155189,2164.69533492638,2769.8445938751,1315.10816248358,2475.35741734329,2375.88042821561,819.879186232962,3672.61250346201,2315.29400175495,2985.21005536394,2653.19467649366,898.411463577597,2452.70743745095,4461.40145641395,556.84558321545
1264.88701686906,306.395156725204,1572.89459035106,2692.21464569152,3356.56739056275,2803.79354813781,884.726267797436,1719.96982205973,3314.00062877438,759.23586742967,1709.23307155189,2164.69533492638,2769.8445938751,1315.10816248358,2475.35741734329,2375.88042821561,819.879186232962,3672.61250346201,2315.29400175495,2985.21005536394,2653.19467649366,898.411463577597,2452.70743745095,4461.40145641395,556.84558321545
1264.88701686906,306.395156725204,1572.89459035106,2692.21464569152,3356.56739056275,2803.79354813781,884.726267797436,1719.96982205973,3314.00062877438,759.23586742967,1709.23307155189,2164.69533492638,2769.8445938751,1315.10816248358,2475.35741734329,2375.88042821561,819.879186232962,3672.61250346201,2315.29400175495,2985.21005536394,2653.19467649366,898.411463577597,2452.70743745095,4461.40145641395,556.84558321545
1264.88701686906,306.395156725204,1572.89459035106,2692.21464569152,3356.56739056275,2803.79354813781,884.726267797436,1719.96982205973,3314.00062877438,759.23586742967,1709.23307155189,2164.69533492638,2769.8445938751,1315.10816248358,2475.35741734329,2375.88042821561,819.879186232962,3672.61250346201,2315.29400175495,2985.21005536394,2653.19467649366,898.411463577597,2452.70743745095,4461.40145641395,556.84558321545
1264.88701686906,306.395156725204,1572.89459035106,2692.21464569152,3356.56739056275,2803.79354813781,884.726267797436,1719.96982205973,3314.00062877438,759.23586742967,1709.23307155189,2164.69533492638,2769.8445938751,1315.10816248358,2475.35741734329,2375.88042821561,819.879186232962,3672.61250346201,2315.29400175495,2985.21005536394,2653.19467649366,898.411463577597,2452.70743745095,4461.40145641395,556.84558321545
1264.88701686906,306.395156725204,1572.89459035106,2692.21464569152,3356.56739056275,2803.79354813781,884.726267797436,1719.96982205973,3314.00062877438,759.23586742967,1709.23307155189,2164.69533492638,2769.8445938751,1315.10816248358,2475.35741734329,2375.88042821561,819.879186232962,3672.61250346201,2315.29400175495,2985.21005536394,2653.19467649366,898.411463577597,2452.70743745095,4461.40145641395,556.84558321545
1264.88701686906,306.395156725204,1572.89459035106,2692.21464569152,3356.56739056275,2803.79354813781,884.726267797436,1719.96982205973,3314.00062877438,759.23586742967,1709.23307155189,2164.69533492638,2769.8445938751,1315.10816248358,2475.35741734329,2375.88042821561,819.879186232962,3672.61250346201,2315.29400175495,2985.21005536394,2653.19467649366,898.411463577597,2452.70743745095,4461.40145641395,556.84558321545
1264.88701686906,306.395156725204,1572.89459035106,2692.21464569152,3356.56739056275,2803.79354813781,884.726267797436,1719.96982205973,3314.00062877438,759.23586742967,1709.23307155189,2164.69533492638,2769.8445938751,1315.10816248358,2475.35741734329,2375.88042821561,819.879186232962,3672.61250346201,2315.29400175495,2985.21005536394,2653.19467649366,898.411463577597,2452.70743745095,4461.40145641395,556.84558321545
1264.88701686906,306.395156725204,1572.89459035106,2692.21464569152,3356.56739056275,2803.79354813781,884.726267797436,1719.96982205973,3314.00062877438,759.23586742967,1709.23307155189,2164.69533492638,2769.8445938751,1315.10816248358,2475.35741734329,2375.88042821561,819.879186232962,3672.61250346201,2315.29400175495,2985.21005536394,2653.19467649366,898.411463577597,2452.70743745095,4461.40145641395,556.84558321545
1264.88701686906,306.395156725204,1572.89459035106,2692.21464569152,3356.56739056275,2803.79354813781,884.726267797436,1719.96982205973,3314.00062877438,759.23586742967,1709.23307155189,2164.69533492638,2769.8445938751,1315.10816248358,2475.35741734329,2375.88042821561,819.879186232962,3672.61250346201,2315.29400175495,2985.21005536394,2653.19467649366,898.411463577597,2452.70743745095,4461.40145641395,556.84558321545
1264.88701686906,306.395156725204,1572.89459035106,2692.21464569152,3356.56739056275,2803.79354813781,884.726267797436,1719.96982205973,3314.00062877438,759.23586742967,1709.23307155189,2164.69533492638,2769.8445938751,1315.10816248358,2475.35741734329,2375.88042821561,819.879186232962,3672.61250346201,2315.29400175495,2985.21005536394,2653.19467649366,898.411463577597,2452.70743745095,4461.40145641395,556.84558321545
1264.88701686906,306.395156725204,1572.89459035106,2692.21464569152,3356.56739056275,2803.79354813781,884.726267797436,1719.96982205973,3314.00062877438,759.23586742967,1709.23307155189,2164.69533492638,2769.8445938751,1315.10816248358,2475.35741734329,2375.88042821561,819.879186232962,3672.61250346201,2315.29400175495,2985.21005536394,2653.19467649366,898.411463577597,2452.70743745095,4461.40145641395,556.84558321545
1264.88701686906,306.395156725204,1572.89459035106,2692.21464569152,3356.56739056275,2803.79354813781,884.726267797436,1719.96982205973,3314.00062877438,759.23586742967,1709.23307155189,2164.69533492638,2769.8445938751,1315.10816248358,2475.35741734329,2375.88042821561,819.879186232962,3672.61250346201,2315.29400175495,2985.21005536394,2653.19467649366,898.411463577597,2452.70743745095,4461.40145641395,556.84558321545
1264.88701686906,306.395156725204,1572.89459035106,2692.21464569152,3356.56739056275,2803.79354813781,884.726267797436,1719.96982205973,3314.00062877438,759.23586742967,1709.23307155189,2164.69533492638,2769.8445938751,1315.10816248358,2475.35741734329,2375.88042821561,819.879186232962,3672.61250346201,2315.29400175495,2985.21005536394,2653.19467649366,898.411463577597,2452.70743745095,4461.40145641395,556.84558321545
1264.88701686906,306.395156725204,1572.89459035106,2692.21464569152,3356.56739056275,2803.79354813781,884.726267797436,1719.96982205973,3314.00062877438,759.23586742967,1709.23307155189,2164.69533492638,2769.8445938751,1315.10816248358,2475.35741734329,2375.88042821561,819.879186232962,3672.61250346201,2315.29400175495,2985.21005536394,2653.19467649366,898.411463577597,2452.70743745095,4461.40145641395,556.84558321545
1264.88701686906,306.395156725204,1572.89459035106,2692.21464569152,3356.56739056275,2803.79354813781,884.726267797436,1719.96982205973,3314.00062877438,759.23586742967,1709.23307155189,2164.69533492638,2769.8445938751,1315.10816248358,2475.35741734329,2375.88042821561,819.879186232962,3672.61250346201,2315.29400175495,2985.21005536394,2653.19467649366,898.411463577597,2452.70743745095,4461.40145641395,556.84558321545
1264.88701686906,306.395156725204,1572.89459035106,2692.21464569152,3356.56739056275,2803.79354813781,884.726267797436,1719.96982205973,3314.00062877438,759.23586742967,1709.23307155189,2164.69533492638,2769.8445938751,1315.10816248358,2475.35741734329,2375.88042821561,819.879186232962,3672.61250346201,2315.29400175495,2985.21005536394,2653.19467649366,898.411463577597,2452.70743745095,4461.40145641395,556.84558321545
1264.88701686906,306.395156725204,1572.89459035106,2692.21464569152,3356.56739056275,2803.79354813781,884.726267797436,1719.96982205973,3314.00062877438,759.23586742967,1709.23307155189,2164.69533492638,2769.8445938751,1315.10816248358,2475.35741734329,2375.88042821561,819.879186232962,3672.61250346201,2315.29400175495,2985.21005536394,2653.19467649366,898.411463577597,2452.70743745095,4461.40145641395,556.84558321545
1264.88701686906,306.395156725204,1572.89459035106,2692.21464569152,3356.56739056275,2803.79354813781,884.726267797436,1719.96982205973,3314.00062877438,759.23586742967,1709.23307155189,2164.69533492638,2769.8445938751,1315.10816248358,2475.35741734329,2375.88042821561,819.879186232962,3672.61250346201,2315.29400175495,2985.21005536394,2653.19467649366,898.411463577597,2452.70743745095,4461.40145641395,556.84558321545
1264.88701686906,306.395156725204,1572.89459035106,2692.21464569152,3356.56739056275,2803.79354813781,884.726267797436,1719.96982205973,3314.00062877438,759.23586742967,1709.23307155189,2164.69533492638,2769.8445938751,1315.10816248358,2475.35741734329,2375.88042821561,819.879186232962,3672.61250346201,2315.29400175495,2985.21005536394,2653.19467649366,898.411463577597,2452.70743745095,4461.40145641395,556.84558321545
1264.88701686906,306.395156725204,1572.89459035106,2692.21464569152,3356.56739056275,2803.79354813781,884.726267797436,1719.96982205973,3314.00062877438,759.23586742967,1709.23307155189,2164.69533492638,2769.8445938751,1315.10816248358,2475.35741734329,2375.88042821561,819.879186232962,3672.61250346201,2315.29400175495,2985.21005536394,2653.19467649366,898.411463577597,2452.70743745095,4461.40145641395,556.84558321545
1264.88701686906,306.395156725204,1572.89459035106,2692.21464569152,3356.56739056275,2803.79354813781,884.726267797436,1719.96982205973,3314.00062877438,759.23586742967,1709.23307155189,2164.69533492638,2769.8445938751,1315.10816248358,2475.35741734329,2375.88042821561,819.879186232962,3672.61250346201,2315.29400175495,2985.21005536394,2653.19467649366,898.411463577597,2452.70743745095,4461.40145641395,556.84558321545
1264.88701686906,306.395156725204,1572.89459035106,2692.21464569152,3356.56739056275,2803.79354813781,884.726267797436,1719.96982205973,3314.00062877438,759.23586742967,1709.23307155189,2164.69533492638,2769.8445938751,1315.10816248358,2475.35741734329,2375.88042821561,819.879186232962,3672.61250346201,2315.29400175495,2985.21005536394,2653.19467649366,898.411463577597,2452.70743745095,4461.40145641395,556.84558321545
1264.88701686906,306.395156725204,1572.89459035106,2692.21464569152,3356.56739056275,2803.79354813781,884.726267797436,1719.96982205973,3314.00062877438,759.23586742967,1709.23307155189,2164.69533492638,2769.8445938751,1315.10816248358,2475.35741734329,2375.88042821561,819.879186232962,3672.61250346201,2315.29400175495,2985.21005536394,2653.19467649366,898.411463577597,2452.70743745095,4461.40145641395,556.84558321545
1264.88701686906,306.395156725204,1572.89459035106,2692.21464569152,3356.56739056275,2803.79354813781,884.726267797436,1719.96982205973,3314.00062877438,759.23586742967,1709.23307155189,2164.69533492638,2769.8445938751,1315.10816248358,2475.35741734329,2375.88042821561,819.879186232962,3672.61250346201,2315.29400175495,2985.21005536394,2653.19467649366,898.411463577597,2452.70743745095,4461.40145641395,556.84558321545
1264.88701686906,306.395156725204,1572.89459035106,2692.21464569152,3356.56739056275,2803.79354813781,884.726267797436,1719.96982205973,3314.00062877438,759.23586742967,1709.23307155189,2164.69533492638,2769.8445938751,1315.10816248358,2475.35741734329,2375.88042821561,819.879186232962,3672.61250346201,2315.29400175495,2985.21005536394,2653.19467649366,898.411463577597,2452.70743745095,4461.40145641395,556.84558321545
1264.88701686906,306.395156725204,1572.89459035106,2692.21464569152,3356.56739056275,2803.79354813781,884.726267797436,1719.96982205973,3314.00062877438,759.23586742967,1709.23307155189,2164.69533492638,2769.8445938751,1315.10816248358,2475.35741734329,2375.88042821561,819.879186232962,3672.61250346201,2315.29400175495,2985.21005536394,2653.19467649366,898.411463577597,2452.70743745095,4461.40145641395,556.84558321545
1264.88701686906,306.395156725204,1572.89459035106,2692.21464569152,3356.56739056275,2803.79354813781,884.726267797436,1719.96982205973,3314.00062877438,759.23586742967,1709.23307155189,2164.69533492638,2769.8445938751,1315.10816248358,2475.35741734329,2375.88042821561,819.879186232962,3672.61250346201,2315.29400175495,2985.21005536394,2653.19467649366,898.411463577597,2452.70743745095,4461.40145641395,556.84558321545
1264.88701686906,306.395156725204,1572.89459035106,2692.21464569152,3356.56739056275,2803.79354813781,884.726267797436,1719.96982205973,3314.00062877438,759.23586742967,1709.23307155189,2164.69533492638,2769.8445938751,1315.10816248358,2475.35741734329,2375.88042821561,819.879186232962,3672.61250346201,2315.29400175495,2985.21005536394,2653.19467649366,898.411463577597,2452.70743745095,4461.40145641395,556.84558321545
1264.88701686906,306.395156725204,1572.89459035106,2692.21464569152,3356.56739056275,2803.79354813781,884.726267797436,1719.96982205973,3314.00062877438,759.23586742967,1709.23307155189,2164.69533492638,2769.8445938751,1315.10816248358,2475.35741734329,2375.88042821561,819.879186232962,3672.61250346201,2315.29400175495,2985.21005536394,2653.19467649366,898.411463577597,2452.70743745095,4461.40145641395,556.84558321545
1264.88701686906,306.395156725204,1572.89459035106,2692.21464569152,3356.56739056275,2803.79354813781,884.726267797436,1719.96982205973,3314.00062877438,759.23586742967,1709.23307155189,2164.69533492638,2769.8445938751,1315.10816248358,2475.35741734329,2375.88042821561,819.879186232962,3672.61250346201,2315.29400175495,2985.21005536394,2653.19467649366,898.411463577597,2452.70743745095,4461.40145641395,556.84558321545
1264.88701686906,306.395156725204,1572.89459035106,2692.21464569152,3356.56739056275,2803.79354813781,884.726267797436,1719.96982205973,3314.00062877438,759.23586742967,1709.23307155189,2164.69533492638,2769.8445938751,1315.10816248358,2475.35741734329,2375.88042821561,819.879186232962,3672.61250346201,2315.29400175495,2985.21005536394,2653.19467649366,898.411463577597,2452.70743745095,4461.40145641395,556.84558321545
1264.88701686906,306.395156725204,1572.89459035106,2692.21464569152,3356.56739056275,2803.79354813781,884.726267797436,1719.96982205973,3314.00062877438,759.23586742967,1709.23307155189,2164.69533492638,2769.8445938751,1315.10816248358,2475.35741734329,2375.88042821561,819.879186232962,3672.61250346201,2315.29400175495,2985.21005536394,2653.19467649366,898.411463577597,2452.70743745095,4461.40145641395,556.84558321545
1264.88701686906,306.395156725204,1572.89459035106,2692.21464569152,3356.56739056275,2803.79354813781,884.726267797436,1719.96982205973,3314.00062877438,759.23586742967,1709.23307155189,2164.69533492638,2769.8445938751,1315.10816248358,2475.35741734329,2375.88042821561,819.879186232962,3672.61250346201,2315.29400175495,2985.21005536394,2653.19467649366,898.411463577597,2452.70743745095,4461.40145641395,556.84558321545
1264.88701686906,306.395156725204,1572.89459035106,2692.21464569152,3356.56739056275,2803.79354813781,884.726267797436,1719.96982205973,3314.00062877438,759.23586742967,1709.23307155189,2164.69533492638,2769.8445938751,1315.10816248358,2475.35741734329,2375.88042821561,819.879186232962,3672.61250346201,2315.29400175495,2985.21005536394,2653.19467649366,898.411463577597,2452.70743745095,4461.40145641395,556.84558321545
1264.88701686906,306.395156725204,1572.89459035106,2692.21464569152,3356.56739056275,2803.79354813781,884.726267797436,1719.96982205973,3314.00062877438,759.23586742967,1709.23307155189,2164.69533492638,2769.8445938751,1315.10816248358,2475.35741734329,2375.88042821561,819.879186232962,3672.61250346201,2315.29400175495,2985.21005536394,2653.19467649366,898.411463577597,2452.70743745095,4461.40145641395,556.84558321545
1264.88701686906,306.395156725204,1572.89459035106,2692.21464569152,3356.56739056275,2803.79354813781,884.726267797436,1719.96982205973,3314.00062877438,759.23586742967,1709.23307155189,2164.69533492638,2769.8445938751,1315.10816248358,2475.35741734329,2375.88042821561,819.879186232962,3672.61250346201,2315.29400175495,2985.21005536394,2653.19467649366,898.411463577597,2452.70743745095,4461.40145641395,556.84558321545
1264.88701686906,306.395156725204,1572.89459035106,2692.21464569152,3356.56739056275,2803.79354813781,884.726267797436,1719.96982205973,3314.00062877438,759.23586742967,1709.23307155189,2164.69533492638,2769.8445938751,1315.10816248358,2475.35741734329,2375.88042821561,819.879186232962,3672.61250346201,2315.29400175495,2985.21005536394,2653.19467649366,898.411463577597,2452.70743745095,4461.40145641395,556.84558321545
1264.88701686906,306.395156725204,1572.89459035106,2692.21464569152,3356.56739056275,2803.79354813781,884.726267797436,1719.96982205973,3314.00062877438,759.23586742967,1709.23307155189,2164.69533492638,2769.8445938751,1315.10816248358,2475.35741734329,2375.88042821561,819.879186232962,3672.61250346201,2315.29400175495,2985.21005536394,2653.19467649366,898.411463577597,2452.70743745095,4461.40145641395,556.84558321545
1264.88701686906,306.395156725204,1572.89459035106,2692.21464569152,3356.56739056275,2803.79354813781,884.726267797436,1719.96982205973,3314.00062877438,759.23586742967,1709.23307155189,2164.69533492638,2769.8445938751,1315.10816248358,2475.35741734329,2375.88042821561,819.879186232962,3672.61250346201,2315.29400175495,2985.21005536394,2653.19467649366,898.411463577597,2452.70743745095,4461.40145641395,556.84558321545
1264.88701686906,306.395156725204,1572.89459035106,2692.21464569152,3356.56739056275,2803.79354813781,884.726267797436,1719.96982205973,3314.00062877438,759.23586742967,1709.23307155189,2164.69533492638,2769.8445938751,1315.10816248358,2475.35741734329,2375.88042821561,819.879186232962,3672.61250346201,2315.29400175495,2985.21005536394,2653.19467649366,898.411463577597,2452.70743745095,4461.40145641395,556.84558321545
1264.88701686906,306.395156725204,1572.89459035106,2692.21464569152,3356.56739056275,2803.79354813781,884.726267797436,1719.96982205973,3314.00062877438,759.23586742967,1709.23307155189,2164.69533492638,2769.8445938751,1315.10816248358,2475.35741734329,2375.88042821561,819.879186232962,3672.61250346201,2315.29400175495,2985.21005536394,2653.19467649366,898.411463577597,2452.70743745095,4461.40145641395,556.84558321545
1264.88701686906,306.395156725204,1572.89459035106,2692.21464569152,3356.56739056275,2803.79354813781,884.726267797436,1719.96982205973,3314.00062877438,759.23586742967,1709.23307155189,2164.69533492638,2769.8445938751,1315.10816248358,2475.35741734329,2375.88042821561,819.879186232962,3672.61250346201,2315.29400175495,2985.21005536394,2653.19467649366,898.411463577597,2452.70743745095,4461.40145641395,556.84558321545
1264.88701686906,306.395156725204,1572.89459035106,2692.21464569152,3356.56739056275,2803.79354813781,884.726267797436,1719.96982205973,3314.00062877438,759.23586742967,1709.23307155189,2164.69533492638,2769.8445938751,1315.10816248358,2475.35741734329,2375.88042821561,819.879186232962,3672.61250346201,2315.29400175495,2985.21005536394,2653.19467649366,898.411463577597,2452.70743745095,4461.40145641395,556.84558321545
1264.88701686906,306.395156725204,1572.89459035106,2692.21464569152,3356.56739056275,2803.79354813781,884.726267797436,1719.96982205973,3314.00062877438,759.23586742967,1709.23307155189,2164.69533492638,2769.8445938751,1315.10816248358,2475.35741734329,2375.88042821561,819.879186232962,3672.61250346201,2315.29400175495,2985.21005536394,2653.19467649366,898.411463577597,2452.70743745095,4461.40145641395,556.84558321545
1264.88701686906,306.395156725204,1572.89459035106,2692.21464569152,3356.56739056275,2803.79354813781,884.726267797436,1719.96982205973,3314.00062877438,759.23586742967,1709.23307155189,2164.69533492638,2769.8445938751,1315.10816248358,2475.35741734329,2375.88042821561,819.879186232962,3672.61250346201,2315.29400175495,2985.21005536394,2653.19467649366,898.411463577597,2452.70743745095,4461.40145641395,556.84558321545
1264.88701686906,306.395156725204,1572.89459035106,2692.21464569152,3356.56739056275,2803.79354813781,884.726267797436,1719.96982205973,3314.00062877438,759.23586742967,1709.23307155189,2164.69533492638,2769.8445938751,1315.10816248358,2475.35741734329,2375.88042821561,819.879186232962,3672.61250346201,2315.29400175495,2985.21005536394,2653.19467649366,898.411463577597,2452.70743745095,4461.40145641395,556.84558321545
1264.88701686906,306.395156725204,1572.89459035106,2692.21464569152,3356.56739056275,2803.79354813781,884.726267797436,1719.96982205973,3314.00062877438,759.23586742967,1709.23307155189,2164.69533492638,2769.8445938751,1315.10816248358,2475.35741734329,2375.88042821561,819.879186232962,3672.61250346201,2315.29400175495,2985.21005536394,2653.19467649366,898.411463577597,2452.70743745095,4461.40145641395,556.84558321545
1264.88701686906,306.395156725204,1572.89459035106,2692.21464569152,3356.56739056275,2803.79354813781,884.726267797436,1719.96982205973,3314.00062877438,759.23586742967,1709.23307155189,2164.69533492638,2769.8445938751,1315.10816248358,2475.35741734329,2375.88042821561,819.879186232962,3672.61250346201,2315.29400175495,2985.21005536394,2653.19467649366,898.411463577597,2452.70743745095,4461.40145641395,556.84558321545
1264.88701686906,306.395156725204,1572.89459035106,2692.21464569152,3356.56739056275,2803.79354813781,884.726267797436,1719.96982205973,3314.00062877438,759.23586742967,1709.23307155189,2164.69533492638,2769.8445938751,1315.10816248358,2475.35741734329,2375.88042821561,819.879186232962,3672.61250346201,2315.29400175495,2985.21005536394,2653.19467649366,898.411463577597,2452.70743745095,4461.40145641395,556.84558321545
1264.88701686906,306.395156725204,1572.89459035106,2692.21464569152,3356.56739056275,2803.79354813781,884.726267797436,1719.96982205973,3314.00062877438,759.23586742967,1709.23307155189,2164.69533492638,2769.8445938751,1315.10816248358,2475.35741734329,2375.88042821561,819.879186232962,3672.61250346201,2315.29400175495,2985.21005536394,2653.19467649366,898.411463577597,2452.70743745095,4461.40145641395,556.84558321545
1264.88701686906,306.395156725204,1572.89459035106,2692.21464569152,3356.56739056275,2803.79354813781,884.726267797436,1719.96982205973,3314.00062877438,759.23586742967,1709.23307155189,2164.69533492638,2769.8445938751,1315.10816248358,2475.35741734329,2375.88042821561,819.879186232962,3672.61250346201,2315.29400175495,2985.21005536394,2653.19467649366,898.411463577597,2452.70743745095,4461.40145641395,556.84558321545
1264.88701686906,306.395156725204,1572.89459035106,2692.21464569152,3356.56739056275,2803.79354813781,884.726267797436,1719.96982205973,3314.00062877438,759.23586742967,1709.23307155189,2164.69533492638,2769.8445938751,1315.10816248358,2475.35741734329,2375.88042821561,819.879186232962,3672.61250346201,2315.29400175495,2985.21005536394,2653.19467649366,898.411463577597,2452.70743745095,4461.40145641395,556.84558321545
1264.88701686906,306.395156725204,1572.89459035106,2692.21464569152,3356.56739056275,2803.79354813781,884.726267797436,1719.96982205973,3314.00062877438,759.23586742967,1709.23307155189,2164.69533492638,2769.8445938751,1315.10816248358,2475.35741734329,2375.88042821561,819.879186232962,3672.61250346201,2315.29400175495,2985.21005536394,2653.19467649366,898.411463577597,2452.70743745095,4461.40145641395,556.84558321545
1264.88701686906,306.395156725204,1572.89459035106,2692.21464569152,3356.56739056275,2803.79354813781,884.726267797436,1719.96982205973,3314.00062877438,759.23586742967,1709.23307155189,2164.69533492638,2769.8445938751,1315.10816248358,2475.35741734329,2375.88042821561,819.879186232962,3672.61250346201,2315.29400175495,2985.21005536394,2653.19467649366,898.411463577597,2452.70743745095,4461.40145641395,556.84558321545
1264.88701686906,306.395156725204,1572.89459035106,2692.21464569152,3356.56739056275,2803.79354813781,884.726267797436,1719.96982205973,3314.00062877438,759.23586742967,1709.23307155189,2164.69533492638,2769.8445938751,1315.10816248358,2475.35741734329,2375.88042821561,819.879186232962,3672.61250346201,2315.29400175495,2985.21005536394,2653.19467649366,898.411463577597,2452.70743745095,4461.40145641395,556.84558321545
1264.88701686906,306.395156725204,1572.89459035106,2692.21464569152,3356.56739056275,2803.79354813781,884.726267797436,1719.96982205973,3314.00062877438,759.23586742967,1709.23307155189,2164.69533492638,2769.8445938751,1315.10816248358,2475.35741734329,2375.88042821561,819.879186232962,3672.61250346201,2315.29400175495,2985.21005536394,2653.19467649366,898.411463577597,2452.70743745095,4461.40145641395,556.84558321545
1264.88701686906,306.395156725204,1572.89459035106,2692.21464569152,3356.56739056275,2803.79354813781,884.726267797436,1719.96982205973,3314.00062877438,759.23586742967,1709.23307155189,2164.69533492638,2769.8445938751,1315.10816248358,2475.35741734329,2375.88042821561,819.879186232962,3672.61250346201,2315.29400175495,2985.21005536394,2653.19467649366,898.411463577597,2452.70743745095,4461.40145641395,556.84558321545
1264.88701686906,306.395156725204,1572.89459035106,2692.21464569152,3356.56739056275,2803.79354813781,884.726267797436,1719.96982205973,3314.00062877438,759.23586742967,1709.23307155189,2164.69533492638,2769.8445938751,1315.10816248358,2475.35741734329,2375.88042821561,819.879186232962,3672.61250346201,2315.29400175495,2985.21005536394,2653.19467649366,898.411463577597,2452.70743745095,4461.40145641395,556.84558321545
1264.88701686906,306.395156725204,1572.89459035106,2692.21464569152,3356.56739056275,2803.79354813781,884.726267797436,1719.96982205973,3314.00062877438,759.23586742967,1709.23307155189,2164.69533492638,2769.8445938751,1315.10816248358,2475.35741734329,2375.88042821561,819.879186232962,3672.61250346201,2315.29400175495,2985.21005536394,2653.19467649366,898.411463577597,2452.70743745095,4461.40145641395,556.84558321545
1264.88701686906,306.395156725204,1572.89459035106,2692.21464569152,3356.56739056275,2803.79354813781,884.726267797436,1719.96982205973,3314.00062877438,759.23586742967,1709.23307155189,2164.69533492638,2769.8445938751,1315.10816248358,2475.35741734329,2375.88042821561,819.879186232962,3672.61250346201,2315.29400175495,2985.21005536394,2653.19467649366,898.411463577597,2452.70743745095,4461.40145641395,556.84558321545
1264.88701686906,306.395156725204,1572.89459035106,2692.21464569152,3356.56739056275,2803.79354813781,884.726267797436,1719.96982205973,3314.00062877438,759.23586742967,1709.23307155189,2164.69533492638,2769.8445938751,1315.10816248358,2475.35741734329,2375.88042821561,819.879186232962,3672.61250346201,2315.29400175495,2985.21005536394,2653.19467649366,898.411463577597,2452.70743745095,4461.40145641395,556.84558321545
1264.88701686906,306.395156725204,1572.89459035106,2692.21464569152,3356.56739056275,2803.79354813781,884.726267797436,1719.96982205973,3314.00062877438,759.23586742967,1709.23307155189,2164.69533492638,2769.8445938751,1315.10816248358,2475.35741734329,2375.88042821561,819.879186232962,3672.61250346201,2315.29400175495,2985.21005536394,2653.19467649366,898.411463577597,2452.70743745095,4461.40145641395,556.84558321545
1264.88701686906,306.395156725204,1572.89459035106,2692.21464569152,3356.56739056275,2803.79354813781,884.726267797436,1719.96982205973,3314.00062877438,759.23586742967,1709.23307155189,2164.69533492638,2769.8445938751,1315.10816248358,2475.35741734329,2375.88042821561,819.879186232962,3672.61250346201,2315.29400175495,2985.21005536394,2653.19467649366,898.411463577597,2452.70743745095,4461.40145641395,556.84558321545
1264.88701686906,306.395156725204,1572.89459035106,2692.21464569152,3356.56739056275,2803.79354813781,884.726267797436,1719.96982205973,3314.00062877438,759.23586742967,1709.23307155189,2164.69533492638,2769.8445938751,1315.10816248358,2475.35741734329,2375.88042821561,819.879186232962,3672.61250346201,2315.29400175495,2985.21005536394,2653.19467649366,898.411463577597,2452.70743745095,4461.40145641395,556.84558321545
1264.88701686906,306.395156725204,1572.89459035106,2692.21464569152,3356.56739056275,2803.79354813781,884.726267797436,1719.96982205973,3314.00062877438,759.23586742967,1709.23307155189,2164.69533492638,2769.8445938751,1315.10816248358,2475.35741734329,2375.88042821561,819.879186232962,3672.61250346201,2315.29400175495,2985.21005536394,2653.19467649366,898.411463577597,2452.70743745095,4461.40145641395,556.84558321545
1264.88701686906,306.395156725204,1572.89459035106,2692.21464569152,3356.56739056275,2803.79354813781,884.726267797436,1719.96982205973,3314.00062877438,759.23586742967,1709.23307155189,2164.69533492638,2769.8445938751,1315.10816248358,2475.35741734329,2375.88042821561,819.879186232962,3672.61250346201,2315.29400175495,2985.21005536394,2653.19467649366,898.411463577597,2452.70743745095,4461.40145641395,556.84558321545
1264.88701686906,306.395156725204,1572.89459035106,2692.21464569152,3356.56739056275,2803.79354813781,884.726267797436,1719.96982205973,3314.00062877438,759.23586742967,1709.23307155189,2164.69533492638,2769.8445938751,1315.10816248358,2475.35741734329,2375.88042821561,819.879186232962,3672.61250346201,2315.29400175495,2985.21005536394,2653.19467649366,898.411463577597,2452.70743745095,4461.40145641395,556.84558321545
1264.88701686906,306.395156725204,1572.89459035106,2692.21464569152,3356.56739056275,2803.79354813781,884.726267797436,1719.96982205973,3314.00062877438,759.23586742967,1709.23307155189,2164.69533492638,2769.8445938751,1315.10816248358,2475.35741734329,2375.88042821561,819.879186232962,3672.61250346201,2315.29400175495,2985.21005536394,2653.19467649366,898.411463577597,2452.70743745095,4461.40145641395,556.84558321545
1264.88701686906,306.395156725204,1572.89459035106,2692.21464569152,3356.56739056275,2803.79354813781,884.726267797436,1719.96982205973,3314.00062877438,759.23586742967,1709.23307155189,2164.69533492638,2769.8445938751,1315.10816248358,2475.35741734329,2375.88042821561,819.879186232962,3672.61250346201,2315.29400175495,2985.21005536394,2653.19467649366,898.411463577597,2452.70743745095,4461.40145641395,556.84558321545
1264.88701686906,306.395156725204,1572.89459035106,2692.21464569152,3356.56739056275,2803.79354813781,884.726267797436,1719.96982205973,3314.00062877438,759.23586742967,1709.23307155189,2164.69533492638,2769.8445938751,1315.10816248358,2475.35741734329,2375.88042821561,819.879186232962,3672.61250346201,2315.29400175495,2985.21005536394,2653.19467649366,898.411463577597,2452.70743745095,4461.40145641395,556.84558321545
1264.88701686906,306.395156725204,1572.89459035106,2692.21464569152,3356.56739056275,2803.79354813781,884.726267797436,1719.96982205973,3314.00062877438,759.23586742967,1709.23307155189,2164.69533492638,2769.8445938751,1315.10816248358,2475.35741734329,2375.88042821561,819.879186232962,3672.61250346201,2315.29400175495,2985.21005536394,2653.19467649366,898.411463577597,2452.70743745095,4461.40145641395,556.84558321545
1264.88701686906,306.395156725204,1572.89459035106,2692.21464569152,3356.56739056275,2803.79354813781,884.726267797436,1719.96982205973,3314.00062877438,759.23586742967,1709.23307155189,2164.69533492638,2769.8445938751,1315.10816248358,2475.35741734329,2375.88042821561,819.879186232962,3672.61250346201,2315.29400175495,2985.21005536394,2653.19467649366,898.411463577597,2452.70743745095,4461.40145641395,556.84558321545
1264.88701686906,306.395156725204,1572.89459035106,2692.21464569152,3356.56739056275,2803.79354813781,884.726267797436,1719.96982205973,3314.00062877438,759.23586742967,1709.23307155189,2164.69533492638,2769.8445938751,1315.10816248358,2475.35741734329,2375.88042821561,819.879186232962,3672.61250346201,2315.29400175495,2985.21005536394,2653.19467649366,898.411463577597,2452.70743745095,4461.40145641395,556.84558321545
1264.88701686906,306.395156725204,1572.89459035106,2692.21464569152,3356.56739056275,2803.79354813781,884.726267797436,1719.96982205973,3314.00062877438,759.23586742967,1709.23307155189,2164.69533492638,2769.8445938751,1315.10816248358,2475.35741734329,2375.88042821561,819.879186232962,3672.61250346201,2315.29400175495,2985.21005536394,2653.19467649366,898.411463577597,2452.70743745095,4461.40145641395,556.84558321545
1264.88701686906,306.395156725204,1572.89459035106,2692.21464569152,3356.56739056275,2803.79354813781,884.726267797436,1719.96982205973,3314.00062877438,759.23586742967,1709.23307155189,2164.69533492638,2769.8445938751,1315.10816248358,2475.35741734329,2375.88042821561,819.879186232962,3672.61250346201,2315.29400175495,2985.21005536394,2653.19467649366,898.411463577597,2452.70743745095,4461.40145641395,556.84558321545
1264.88701686906,306.395156725204,1572.89459035106,2692.21464569152,3356.56739056275,2803.79354813781,884.726267797436,1719.96982205973,3314.00062877438,759.23586742967,1709.23307155189,2164.69533492638,2769.8445938751,1315.10816248358,2475.35741734329,2375.88042821561,819.879186232962,3672.61250346201,2315.29400175495,2985.21005536394,2653.19467649366,898.411463577597,2452.70743745095,4461.40145641395,556.84558321545
1264.88701686906,306.395156725204,1572.89459035106,2692.21464569152,3356.56739056275,2803.79354813781,884.726267797436,1719.96982205973,3314.00062877438,759.23586742967,1709.23307155189,2164.69533492638,2769.8445938751,1315.10816248358,2475.35741734329,2375.88042821561,819.879186232962,3672.61250346201,2315.29400175495,2985.21005536394,2653.19467649366,898.411463577597,2452.70743745095,4461.40145641395,556.84558321545
1264.88701686906,306.395156725204,1572.89459035106,2692.21464569152,3356.56739056275,2803.79354813781,884.726267797436,1719.96982205973,3314.00062877438,759.23586742967,1709.23307155189,2164.69533492638,2769.8445938751,1315.10816248358,2475.35741734329,2375.88042821561,819.879186232962,3672.61250346201,2315.29400175495,2985.21005536394,2653.19467649366,898.411463577597,2452.70743745095,4461.40145641395,556.84558321545
1264.88701686906,306.395156725204,1572.89459035106,2692.21464569152,3356.56739056275,2803.79354813781,884.726267797436,1719.96982205973,3314.00062877438,759.23586742967,1709.23307155189,2164.69533492638,2769.8445938751,1315.10816248358,2475.35741734329,2375.88042821561,819.879186232962,3672.61250346201,2315.29400175495,2985.21005536394,2653.19467649366,898.411463577597,2452.70743745095,4461.40145641395,556.84558321545
1264.88701686906,306.395156725204,1572.89459035106,2692.21464569152,3356.56739056275,2803.79354813781,884.726267797436,1719.96982205973,3314.00062877438,759.23586742967,1709.23307155189,2164.69533492638,2769.8445938751,1315.10816248358,2475.35741734329,2375.88042821561,819.879186232962,3672.61250346201,2315.29400175495,2985.21005536394,2653.19467649366,898.411463577597,2452.70743745095,4461.40145641395,556.84558321545
1264.88701686906,306.395156725204,1572.89459035106,2692.21464569152,3356.56739056275,2803.79354813781,884.726267797436,1719.96982205973,3314.00062877438,759.23586742967,1709.23307155189,2164.69533492638,2769.8445938751,1315.10816248358,2475.35741734329,2375.88042821561,819.879186232962,3672.61250346201,2315.29400175495,2985.21005536394,2653.19467649366,898.411463577597,2452.70743745095,4461.40145641395,556.84558321545
1264.88701686906,306.395156725204,1572.89459035106,2692.21464569152,3356.56739056275,2803.79354813781,884.726267797436,1719.96982205973,3314.00062877438,759.23586742967,1709.23307155189,2164.69533492638,2769.8445938751,1315.10816248358,2475.35741734329,2375.88042821561,819.879186232962,3672.61250346201,2315.29400175495,2985.21005536394,2653.19467649366,898.411463577597,2452.70743745095,4461.40145641395,556.84558321545
1264.88701686906,306.395156725204,1572.89459035106,2692.21464569152,3356.56739056275,2803.79354813781,884.726267797436,1719.96982205973,3314.00062877438,759.23586742967,1709.23307155189,2164.69533492638,2769.8445938751,1315.10816248358,2475.35741734329,2375.88042821561,819.879186232962,3672.61250346201,2315.29400175495,2985.21005536394,2653.19467649366,898.411463577597,2452.70743745095,4461.40145641395,556.84558321545
1264.88701686906,306.395156725204,1572.89459035106,2692.21464569152,3356.56739056275,2803.79354813781,884.726267797436,1719.96982205973,3314.00062877438,759.23586742967,1709.23307155189,2164.69533492638,2769.8445938751,1315.10816248358,2475.35741734329,2375.88042821561,819.879186232962,3672.61250346201,2315.29400175495,2985.21005536394,2653.19467649366,898.411463577597,2452.70743745095,4461.40145641395,556.84558321545
1264.88701686906,306.395156725204,1572.89459035106,2692.21464569152,3356.56739056275,2803.79354813781,884.726267797436,1719.96982205973,3314.00062877438,759.23586742967,1709.23307155189,2164.69533492638,2769.8445938751,1315.10816248358,2475.35741734329,2375.88042821561,819.879186232962,3672.61250346201,2315.29400175495,2985.21005536394,2653.19467649366,898.411463577597,2452.70743745095,4461.40145641395,556.84558321545
1264.88701686906,306.395156725204,1572.89459035106,2692.21464569152,3356.56739056275,2803.79354813781,884.726267797436,1719.96982205973,3314.00062877438,759.23586742967,1709.23307155189,2164.69533492638,2769.8445938751,1315.10816248358,2475.35741734329,2375.88042821561,819.879186232962,3672.61250346201,2315.29400175495,2985.21005536394,2653.19467649366,898.411463577597,2452.70743745095,4461.40145641395,556.84558321545
1264.88701686906,306.395156725204,1572.89459035106,2692.21464569152,3356.56739056275,2803.79354813781,884.726267797436,1719.96982205973,3314.00062877438,759.23586742967,1709.23307155189,2164.69533492638,2769.8445938751,1315.10816248358,2475.35741734329,2375.88042821561,819.879186232962,3672.61250346201,2315.29400175495,2985.21005536394,2653.19467649366,898.411463577597,2452.70743745095,4461.40145641395,556.84558321545
1264.88701686906,306.395156725204,1572.89459035106,2692.21464569152,3356.56739056275,2803.79354813781,884.726267797436,1719.96982205973,3314.00062877438,759.23586742967,1709.23307155189,2164.69533492638,2769.8445938751,1315.10816248358,2475.35741734329,2375.88042821561,819.879186232962,3672.61250346201,2315.29400175495,2985.21005536394,2653.19467649366,898.411463577597,2452.70743745095,4461.40145641395,556.84558321545
1264.88701686906,306.395156725204,1572.89459035106,2692.21464569152,3356.56739056275,2803.79354813781,884.726267797436,1719.96982205973,3314.00062877438,759.23586742967,1709.23307155189,2164.69533492638,2769.8445938751,1315.10816248358,2475.35741734329,2375.88042821561,819.879186232962,3672.61250346201,2315.29400175495,2985.21005536394,2653.19467649366,898.411463577597,2452.70743745095,4461.40145641395,556.84558321545
1264.88701686906,306.395156725204,1572.89459035106,2692.21464569152,3356.56739056275,2803.79354813781,884.726267797436,1719.96982205973,3314.00062877438,759.23586742967,1709.23307155189,2164.69533492638,2769.8445938751,1315.10816248358,2475.35741734329,2375.88042821561,819.879186232962,3672.61250346201,2315.29400175495,2985.21005536394,2653.19467649366,898.411463577597,2452.70743745095,4461.40145641395,556.84558321545
1264.88701686906,306.395156725204,1572.89459035106,2692.21464569152,3356.56739056275,2803.79354813781,884.726267797436,1719.96982205973,3314.00062877438,759.23586742967,1709.23307155189,2164.69533492638,2769.8445938751,1315.10816248358,2475.35741734329,2375.88042821561,819.879186232962,3672.61250346201,2315.29400175495,2985.21005536394,2653.19467649366,898.411463577597,2452.70743745095,4461.40145641395,556.84558321545
1264.88701686906,306.395156725204,1572.89459035106,2692.21464569152,3356.56739056275,2803.79354813781,884.726267797436,1719.96982205973,3314.00062877438,759.23586742967,1709.23307155189,2164.69533492638,2769.8445938751,1315.10816248358,2475.35741734329,2375.88042821561,819.879186232962,3672.61250346201,2315.29400175495,2985.21005536394,2653.19467649366,898.411463577597,2452.70743745095,4461.40145641395,556.84558321545
1264.88701686906,306.395156725204,1572.89459035106,2692.21464569152,3356.56739056275,2803.79354813781,884.726267797436,1719.96982205973,3314.00062877438,759.23586742967,1709.23307155189,2164.69533492638,2769.8445938751,1315.10816248358,2475.35741734329,2375.88042821561,819.879186232962,3672.61250346201,2315.29400175495,2985.21005536394,2653.19467649366,898.411463577597,2452.70743745095,4461.40145641395,556.84558321545
1264.88701686906,306.395156725204,1572.89459035106,2692.21464569152,3356.56739056275,2803.79354813781,884.726267797436,1719.96982205973,3314.00062877438,759.23586742967,1709.23307155189,2164.69533492638,2769.8445938751,1315.10816248358,2475.35741734329,2375.88042821561,819.879186232962,3672.61250346201,2315.29400175495,2985.21005536394,2653.19467649366,898.411463577597,2452.70743745095,4461.40145641395,556.84558321545
1264.88701686906,306.395156725204,1572.89459035106,2692.21464569152,3356.56739056275,2803.79354813781,884.726267797436,1719.96982205973,3314.00062877438,759.23586742967,1709.23307155189,2164.69533492638,2769.8445938751,1315.10816248358,2475.35741734329,2375.88042821561,819.879186232962,3672.61250346201,2315.29400175495,2985.21005536394,2653.19467649366,898.411463577597,2452.70743745095,4461.40145641395,556.84558321545
1264.88701686906,306.395156725204,1572.89459035106,2692.21464569152,3356.56739056275,2803.79354813781,884.726267797436,1719.96982205973,3314.00062877438,759.23586742967,1709.23307155189,2164.69533492638,2769.8445938751,1315.10816248358,2475.35741734329,2375.88042821561,819.879186232962,3672.61250346201,2315.29400175495,2985.21005536394,2653.19467649366,898.411463577597,2452.70743745095,4461.40145641395,556.84558321545
1264.88701686906,306.395156725204,1572.89459035106,2692.21464569152,3356.56739056275,2803.79354813781,884.726267797436,1719.96982205973,3314.00062877438,759.23586742967,1709.23307155189,2164.69533492638,2769.8445938751,1315.10816248358,2475.35741734329,2375.88042821561,819.879186232962,3672.61250346201,2315.29400175495,2985.21005536394,2653.19467649366,898.411463577597,2452.70743745095,4461.40145641395,556.84558321545
1264.88701686906,306.395156725204,1572.89459035106,2692.21464569152,3356.56739056275,2803.79354813781,884.726267797436,1719.96982205973,3314.00062877438,759.23586742967,1709.23307155189,2164.69533492638,2769.8445938751,1315.10816248358,2475.35741734329,2375.88042821561,819.879186232962,3672.61250346201,2315.29400175495,2985.21005536394,2653.19467649366,898.411463577597,2452.70743745095,4461.40145641395,556.84558321545
1264.88701686906,306.395156725204,1572.89459035106,2692.21464569152,3356.56739056275,2803.79354813781,884.726267797436,1719.96982205973,3314.00062877438,759.23586742967,1709.23307155189,2164.69533492638,2769.8445938751,1315.10816248358,2475.35741734329,2375.88042821561,819.879186232962,3672.61250346201,2315.29400175495,2985.21005536394,2653.19467649366,898.411463577597,2452.70743745095,4461.40145641395,556.84558321545
1264.88701686906,306.395156725204,1572.89459035106,2692.21464569152,3356.56739056275,2803.79354813781,884.726267797436,1719.96982205973,3314.00062877438,759.23586742967,1709.23307155189,2164.69533492638,2769.8445938751,1315.10816248358,2475.35741734329,2375.88042821561,819.879186232962,3672.61250346201,2315.29400175495,2985.21005536394,2653.19467649366,898.411463577597,2452.70743745095,4461.40145641395,556.84558321545
1264.88701686906,306.395156725204,1572.89459035106,2692.21464569152,3356.56739056275,2803.79354813781,884.726267797436,1719.96982205973,3314.00062877438,759.23586742967,1709.23307155189,2164.69533492638,2769.8445938751,1315.10816248358,2475.35741734329,2375.88042821561,819.879186232962,3672.61250346201,2315.29400175495,2985.21005536394,2653.19467649366,898.411463577597,2452.70743745095,4461.40145641395,556.84558321545
1264.88701686906,306.395156725204,1572.89459035106,2692.21464569152,3356.56739056275,2803.79354813781,884.726267797436,1719.96982205973,3314.00062877438,759.23586742967,1709.23307155189,2164.69533492638,2769.8445938751,1315.10816248358,2475.35741734329,2375.88042821561,819.879186232962,3672.61250346201,2315.29400175495,2985.21005536394,2653.19467649366,898.411463577597,2452.70743745095,4461.40145641395,556.84558321545
1264.88701686906,306.395156725204,1572.89459035106,2692.21464569152,3356.56739056275,2803.79354813781,884.726267797436,1719.96982205973,3314.00062877438,759.23586742967,1709.23307155189,2164.69533492638,2769.8445938751,1315.10816248358,2475.35741734329,2375.88042821561,819.879186232962,3672.61250346201,2315.29400175495,2985.21005536394,2653.19467649366,898.411463577597,2452.70743745095,4461.40145641395,556.84558321545
1264.88701686906,306.395156725204,1572.89459035106,2692.21464569152,3356.56739056275,2803.79354813781,884.726267797436,1719.96982205973,3314.00062877438,759.23586742967,1709.23307155189,2164.69533492638,2769.8445938751,1315.10816248358,2475.35741734329,2375.88042821561,819.879186232962,3672.61250346201,2315.29400175495,2985.21005536394,2653.19467649366,898.411463577597,2452.70743745095,4461.40145641395,556.84558321545
1264.88701686906,306.395156725204,1572.89459035106,2692.21464569152,3356.56739056275,2803.79354813781,884.726267797436,1719.96982205973,3314.00062877438,759.23586742967,1709.23307155189,2164.69533492638,2769.8445938751,1315.10816248358,2475.35741734329,2375.88042821561,819.879186232962,3672.61250346201,2315.29400175495,2985.21005536394,2653.19467649366,898.411463577597,2452.70743745095,4461.40145641395,556.84558321545
1264.88701686906,306.395156725204,1572.89459035106,2692.21464569152,3356.56739056275,2803.79354813781,884.726267797436,1719.96982205973,3314.00062877438,759.23586742967,1709.23307155189,2164.69533492638,2769.8445938751,1315.10816248358,2475.35741734329,2375.88042821561,819.879186232962,3672.61250346201,2315.29400175495,2985.21005536394,2653.19467649366,898.411463577597,2452.70743745095,4461.40145641395,556.84558321545
1264.88701686906,306.395156725204,1572.89459035106,2692.21464569152,3356.56739056275,2803.79354813781,884.726267797436,1719.96982205973,3314.00062877438,759.23586742967,1709.23307155189,2164.69533492638,2769.8445938751,1315.10816248358,2475.35741734329,2375.88042821561,819.879186232962,3672.61250346201,2315.29400175495,2985.21005536394,2653.19467649366,898.411463577597,2452.70743745095,4461.40145641395,556.84558321545
1264.88701686906,306.395156725204,1572.89459035106,2692.21464569152,3356.56739056275,2803.79354813781,884.726267797436,1719.96982205973,3314.00062877438,759.23586742967,1709.23307155189,2164.69533492638,2769.8445938751,1315.10816248358,2475.35741734329,2375.88042821561,819.879186232962,3672.61250346201,2315.29400175495,2985.21005536394,2653.19467649366,898.411463577597,2452.70743745095,4461.40145641395,556.84558321545
1264.88701686906,306.395156725204,1572.89459035106,2692.21464569152,3356.56739056275,2803.79354813781,884.726267797436,1719.96982205973,3314.00062877438,759.23586742967,1709.23307155189,2164.69533492638,2769.8445938751,1315.10816248358,2475.35741734329,2375.88042821561,819.879186232962,3672.61250346201,2315.29400175495,2985.21005536394,2653.19467649366,898.411463577597,2452.70743745095,4461.40145641395,556.84558321545
1264.88701686906,306.395156725204,1572.89459035106,2692.21464569152,3356.56739056275,2803.79354813781,884.726267797436,1719.96982205973,3314.00062877438,759.23586742967,1709.23307155189,2164.69533492638,2769.8445938751,1315.10816248358,2475.35741734329,2375.88042821561,819.879186232962,3672.61250346201,2315.29400175495,2985.21005536394,2653.19467649366,898.411463577597,2452.70743745095,4461.40145641395,556.84558321545
1264.88701686906,306.395156725204,1572.89459035106,2692.21464569152,3356.56739056275,2803.79354813781,884.726267797436,1719.96982205973,3314.00062877438,759.23586742967,1709.23307155189,2164.69533492638,2769.8445938751,1315.10816248358,2475.35741734329,2375.88042821561,819.879186232962,3672.61250346201,2315.29400175495,2985.21005536394,2653.19467649366,898.411463577597,2452.70743745095,4461.40145641395,556.84558321545
1264.88701686906,306.395156725204,1572.89459035106,2692.21464569152,3356.56739056275,2803.79354813781,884.726267797436,1719.96982205973,3314.00062877438,759.23586742967,1709.23307155189,2164.69533492638,2769.8445938751,1315.10816248358,2475.35741734329,2375.88042821561,819.879186232962,3672.61250346201,2315.29400175495,2985.21005536394,2653.19467649366,898.411463577597,2452.70743745095,4461.40145641395,556.84558321545
1264.88701686906,306.395156725204,1572.89459035106,2692.21464569152,3356.56739056275,2803.79354813781,884.726267797436,1719.96982205973,3314.00062877438,759.23586742967,1709.23307155189,2164.69533492638,2769.8445938751,1315.10816248358,2475.35741734329,2375.88042821561,819.879186232962,3672.61250346201,2315.29400175495,2985.21005536394,2653.19467649366,898.411463577597,2452.70743745095,4461.40145641395,556.84558321545
1264.88701686906,306.395156725204,1572.89459035106,2692.21464569152,3356.56739056275,2803.79354813781,884.726267797436,1719.96982205973,3314.00062877438,759.23586742967,1709.23307155189,2164.69533492638,2769.8445938751,1315.10816248358,2475.35741734329,2375.88042821561,819.879186232962,3672.61250346201,2315.29400175495,2985.21005536394,2653.19467649366,898.411463577597,2452.70743745095,4461.40145641395,556.84558321545
1264.88701686906,306.395156725204,1572.89459035106,2692.21464569152,3356.56739056275,2803.79354813781,884.726267797436,1719.96982205973,3314.00062877438,759.23586742967,1709.23307155189,2164.69533492638,2769.8445938751,1315.10816248358,2475.35741734329,2375.88042821561,819.879186232962,3672.61250346201,2315.29400175495,2985.21005536394,2653.19467649366,898.411463577597,2452.70743745095,4461.40145641395,556.84558321545
1264.88701686906,306.395156725204,1572.89459035106,2692.21464569152,3356.56739056275,2803.79354813781,884.726267797436,1719.96982205973,3314.00062877438,759.23586742967,1709.23307155189,2164.69533492638,2769.8445938751,1315.10816248358,2475.35741734329,2375.88042821561,819.879186232962,3672.61250346201,2315.29400175495,2985.21005536394,2653.19467649366,898.411463577597,2452.70743745095,4461.40145641395,556.84558321545
1264.88701686906,306.395156725204,1572.89459035106,2692.21464569152,3356.56739056275,2803.79354813781,884.726267797436,1719.96982205973,3314.00062877438,759.23586742967,1709.23307155189,2164.69533492638,2769.8445938751,1315.10816248358,2475.35741734329,2375.88042821561,819.879186232962,3672.61250346201,2315.29400175495,2985.21005536394,2653.19467649366,898.411463577597,2452.70743745095,4461.40145641395,556.84558321545
1264.88701686906,306.395156725204,1572.89459035106,2692.21464569152,3356.56739056275,2803.79354813781,884.726267797436,1719.96982205973,3314.00062877438,759.23586742967,1709.23307155189,2164.69533492638,2769.8445938751,1315.10816248358,2475.35741734329,2375.88042821561,819.879186232962,3672.61250346201,2315.29400175495,2985.21005536394,2653.19467649366,898.411463577597,2452.70743745095,4461.40145641395,556.84558321545
1264.88701686906,306.395156725204,1572.89459035106,2692.21464569152,3356.56739056275,2803.79354813781,884.726267797436,1719.96982205973,3314.00062877438,759.23586742967,1709.23307155189,2164.69533492638,2769.8445938751,1315.10816248358,2475.35741734329,2375.88042821561,819.879186232962,3672.61250346201,2315.29400175495,2985.21005536394,2653.19467649366,898.411463577597,2452.70743745095,4461.40145641395,556.84558321545
1264.88701686906,306.395156725204,1572.89459035106,2692.21464569152,3356.56739056275,2803.79354813781,884.726267797436,1719.96982205973,3314.00062877438,759.23586742967,1709.23307155189,2164.69533492638,2769.8445938751,1315.10816248358,2475.35741734329,2375.88042821561,819.879186232962,3672.61250346201,2315.29400175495,2985.21005536394,2653.19467649366,898.411463577597,2452.70743745095,4461.40145641395,556.84558321545
1264.88701686906,306.395156725204,1572.89459035106,2692.21464569152,3356.56739056275,2803.79354813781,884.726267797436,1719.96982205973,3314.00062877438,759.23586742967,1709.23307155189,2164.69533492638,2769.8445938751,1315.10816248358,2475.35741734329,2375.88042821561,819.879186232962,3672.61250346201,2315.29400175495,2985.21005536394,2653.19467649366,898.411463577597,2452.70743745095,4461.40145641395,556.84558321545
1264.88701686906,306.395156725204,1572.89459035106,2692.21464569152,3356.56739056275,2803.79354813781,884.726267797436,1719.96982205973,3314.00062877438,759.23586742967,1709.23307155189,2164.69533492638,2769.8445938751,1315.10816248358,2475.35741734329,2375.88042821561,819.879186232962,3672.61250346201,2315.29400175495,2985.21005536394,2653.19467649366,898.411463577597,2452.70743745095,4461.40145641395,556.84558321545
1264.88701686906,306.395156725204,1572.89459035106,2692.21464569152,3356.56739056275,2803.79354813781,884.726267797436,1719.96982205973,3314.00062877438,759.23586742967,1709.23307155189,2164.69533492638,2769.8445938751,1315.10816248358,2475.35741734329,2375.88042821561,819.879186232962,3672.61250346201,2315.29400175495,2985.21005536394,2653.19467649366,898.411463577597,2452.70743745095,4461.40145641395,556.84558321545
1264.88701686906,306.395156725204,1572.89459035106,2692.21464569152,3356.56739056275,2803.79354813781,884.726267797436,1719.96982205973,3314.00062877438,759.23586742967,1709.23307155189,2164.69533492638,2769.8445938751,1315.10816248358,2475.35741734329,2375.88042821561,819.879186232962,3672.61250346201,2315.29400175495,2985.21005536394,2653.19467649366,898.411463577597,2452.70743745095,4461.40145641395,556.84558321545
1264.88701686906,306.395156725204,1572.89459035106,2692.21464569152,3356.56739056275,2803.79354813781,884.726267797436,1719.96982205973,3314.00062877438,759.23586742967,1709.23307155189,2164.69533492638,2769.8445938751,1315.10816248358,2475.35741734329,2375.88042821561,819.879186232962,3672.61250346201,2315.29400175495,2985.21005536394,2653.19467649366,898.411463577597,2452.70743745095,4461.40145641395,556.84558321545
1264.88701686906,306.395156725204,1572.89459035106,2692.21464569152,3356.56739056275,2803.79354813781,884.726267797436,1719.96982205973,3314.00062877438,759.23586742967,1709.23307155189,2164.69533492638,2769.8445938751,1315.10816248358,2475.35741734329,2375.88042821561,819.879186232962,3672.61250346201,2315.29400175495,2985.21005536394,2653.19467649366,898.411463577597,2452.70743745095,4461.40145641395,556.84558321545
1264.88701686906,306.395156725204,1572.89459035106,2692.21464569152,3356.56739056275,2803.79354813781,884.726267797436,1719.96982205973,3314.00062877438,759.23586742967,1709.23307155189,2164.69533492638,2769.8445938751,1315.10816248358,2475.35741734329,2375.88042821561,819.879186232962,3672.61250346201,2315.29400175495,2985.21005536394,2653.19467649366,898.411463577597,2452.70743745095,4461.40145641395,556.84558321545
1264.88701686906,306.395156725204,1572.89459035106,2692.21464569152,3356.56739056275,2803.79354813781,884.726267797436,1719.96982205973,3314.00062877438,759.23586742967,1709.23307155189,2164.69533492638,2769.8445938751,1315.10816248358,2475.35741734329,2375.88042821561,819.879186232962,3672.61250346201,2315.29400175495,2985.21005536394,2653.19467649366,898.411463577597,2452.70743745095,4461.40145641395,556.84558321545
1264.88701686906,306.395156725204,1572.89459035106,2692.21464569152,3356.56739056275,2803.79354813781,884.726267797436,1719.96982205973,3314.00062877438,759.23586742967,1709.23307155189,2164.69533492638,2769.8445938751,1315.10816248358,2475.35741734329,2375.88042821561,819.879186232962,3672.61250346201,2315.29400175495,2985.21005536394,2653.19467649366,898.411463577597,2452.70743745095,4461.40145641395,556.84558321545
1264.88701686906,306.395156725204,1572.89459035106,2692.21464569152,3356.56739056275,2803.79354813781,884.726267797436,1719.96982205973,3314.00062877438,759.23586742967,1709.23307155189,2164.69533492638,2769.8445938751,1315.10816248358,2475.35741734329,2375.88042821561,819.879186232962,3672.61250346201,2315.29400175495,2985.21005536394,2653.19467649366,898.411463577597,2452.70743745095,4461.40145641395,556.84558321545
1264.88701686906,306.395156725204,1572.89459035106,2692.21464569152,3356.56739056275,2803.79354813781,884.726267797436,1719.96982205973,3314.00062877438,759.23586742967,1709.23307155189,2164.69533492638,2769.8445938751,1315.10816248358,2475.35741734329,2375.88042821561,819.879186232962,3672.61250346201,2315.29400175495,2985.21005536394,2653.19467649366,898.411463577597,2452.70743745095,4461.40145641395,556.84558321545
1264.88701686906,306.395156725204,1572.89459035106,2692.21464569152,3356.56739056275,2803.79354813781,884.726267797436,1719.96982205973,3314.00062877438,759.23586742967,1709.23307155189,2164.69533492638,2769.8445938751,1315.10816248358,2475.35741734329,2375.88042821561,819.879186232962,3672.61250346201,2315.29400175495,2985.21005536394,2653.19467649366,898.411463577597,2452.70743745095,4461.40145641395,556.84558321545
1264.88701686906,306.395156725204,1572.89459035106,2692.21464569152,3356.56739056275,2803.79354813781,884.726267797436,1719.96982205973,3314.00062877438,759.23586742967,1709.23307155189,2164.69533492638,2769.8445938751,1315.10816248358,2475.35741734329,2375.88042821561,819.879186232962,3672.61250346201,2315.29400175495,2985.21005536394,2653.19467649366,898.411463577597,2452.70743745095,4461.40145641395,556.84558321545
1264.88701686906,306.395156725204,1572.89459035106,2692.21464569152,3356.56739056275,2803.79354813781,884.726267797436,1719.96982205973,3314.00062877438,759.23586742967,1709.23307155189,2164.69533492638,2769.8445938751,1315.10816248358,2475.35741734329,2375.88042821561,819.879186232962,3672.61250346201,2315.29400175495,2985.21005536394,2653.19467649366,898.411463577597,2452.70743745095,4461.40145641395,556.84558321545
1264.88701686906,306.395156725204,1572.89459035106,2692.21464569152,3356.56739056275,2803.79354813781,884.726267797436,1719.96982205973,3314.00062877438,759.23586742967,1709.23307155189,2164.69533492638,2769.8445938751,1315.10816248358,2475.35741734329,2375.88042821561,819.879186232962,3672.61250346201,2315.29400175495,2985.21005536394,2653.19467649366,898.411463577597,2452.70743745095,4461.40145641395,556.84558321545
1264.88701686906,306.395156725204,1572.89459035106,2692.21464569152,3356.56739056275,2803.79354813781,884.726267797436,1719.96982205973,3314.00062877438,759.23586742967,1709.23307155189,2164.69533492638,2769.8445938751,1315.10816248358,2475.35741734329,2375.88042821561,819.879186232962,3672.61250346201,2315.29400175495,2985.21005536394,2653.19467649366,898.411463577597,2452.70743745095,4461.40145641395,556.84558321545
1264.88701686906,306.395156725204,1572.89459035106,2692.21464569152,3356.56739056275,2803.79354813781,884.726267797436,1719.96982205973,3314.00062877438,759.23586742967,1709.23307155189,2164.69533492638,2769.8445938751,1315.10816248358,2475.35741734329,2375.88042821561,819.879186232962,3672.61250346201,2315.29400175495,2985.21005536394,2653.19467649366,898.411463577597,2452.70743745095,4461.40145641395,556.84558321545
1264.88701686906,306.395156725204,1572.89459035106,2692.21464569152,3356.56739056275,2803.79354813781,884.726267797436,1719.96982205973,3314.00062877438,759.23586742967,1709.23307155189,2164.69533492638,2769.8445938751,1315.10816248358,2475.35741734329,2375.88042821561,819.879186232962,3672.61250346201,2315.29400175495,2985.21005536394,2653.19467649366,898.411463577597,2452.70743745095,4461.40145641395,556.84558321545
1264.88701686906,306.395156725204,1572.89459035106,2692.21464569152,3356.56739056275,2803.79354813781,884.726267797436,1719.96982205973,3314.00062877438,759.23586742967,1709.23307155189,2164.69533492638,2769.8445938751,1315.10816248358,2475.35741734329,2375.88042821561,819.879186232962,3672.61250346201,2315.29400175495,2985.21005536394,2653.19467649366,898.411463577597,2452.70743745095,4461.40145641395,556.84558321545
1264.88701686906,306.395156725204,1572.89459035106,2692.21464569152,3356.56739056275,2803.79354813781,884.726267797436,1719.96982205973,3314.00062877438,759.23586742967,1709.23307155189,2164.69533492638,2769.8445938751,1315.10816248358,2475.35741734329,2375.88042821561,819.879186232962,3672.61250346201,2315.29400175495,2985.21005536394,2653.19467649366,898.411463577597,2452.70743745095,4461.40145641395,556.84558321545
1264.88701686906,306.395156725204,1572.89459035106,2692.21464569152,3356.56739056275,2803.79354813781,884.726267797436,1719.96982205973,3314.00062877438,759.23586742967,1709.23307155189,2164.69533492638,2769.8445938751,1315.10816248358,2475.35741734329,2375.88042821561,819.879186232962,3672.61250346201,2315.29400175495,2985.21005536394,2653.19467649366,898.411463577597,2452.70743745095,4461.40145641395,556.84558321545
1264.88701686906,306.395156725204,1572.89459035106,2692.21464569152,3356.56739056275,2803.79354813781,884.726267797436,1719.96982205973,3314.00062877438,759.23586742967,1709.23307155189,2164.69533492638,2769.8445938751,1315.10816248358,2475.35741734329,2375.88042821561,819.879186232962,3672.61250346201,2315.29400175495,2985.21005536394,2653.19467649366,898.411463577597,2452.70743745095,4461.40145641395,556.84558321545
1264.88701686906,306.395156725204,1572.89459035106,2692.21464569152,3356.56739056275,2803.79354813781,884.726267797436,1719.96982205973,3314.00062877438,759.23586742967,1709.23307155189,2164.69533492638,2769.8445938751,1315.10816248358,2475.35741734329,2375.88042821561,819.879186232962,3672.61250346201,2315.29400175495,2985.21005536394,2653.19467649366,898.411463577597,2452.70743745095,4461.40145641395,556.84558321545
1264.88701686906,306.395156725204,1572.89459035106,2692.21464569152,3356.56739056275,2803.79354813781,884.726267797436,1719.96982205973,3314.00062877438,759.23586742967,1709.23307155189,2164.69533492638,2769.8445938751,1315.10816248358,2475.35741734329,2375.88042821561,819.879186232962,3672.61250346201,2315.29400175495,2985.21005536394,2653.19467649366,898.411463577597,2452.70743745095,4461.40145641395,556.84558321545
1264.88701686906,306.395156725204,1572.89459035106,2692.21464569152,3356.56739056275,2803.79354813781,884.726267797436,1719.96982205973,3314.00062877438,759.23586742967,1709.23307155189,2164.69533492638,2769.8445938751,1315.10816248358,2475.35741734329,2375.88042821561,819.879186232962,3672.61250346201,2315.29400175495,2985.21005536394,2653.19467649366,898.411463577597,2452.70743745095,4461.40145641395,556.84558321545
1264.88701686906,306.395156725204,1572.89459035106,2692.21464569152,3356.56739056275,2803.79354813781,884.726267797436,1719.96982205973,3314.00062877438,759.23586742967,1709.23307155189,2164.69533492638,2769.8445938751,1315.10816248358,2475.35741734329,2375.88042821561,819.879186232962,3672.61250346201,2315.29400175495,2985.21005536394,2653.19467649366,898.411463577597,2452.70743745095,4461.40145641395,556.84558321545
1264.88701686906,306.395156725204,1572.89459035106,2692.21464569152,3356.56739056275,2803.79354813781,884.726267797436,1719.96982205973,3314.00062877438,759.23586742967,1709.23307155189,2164.69533492638,2769.8445938751,1315.10816248358,2475.35741734329,2375.88042821561,819.879186232962,3672.61250346201,2315.29400175495,2985.21005536394,2653.19467649366,898.411463577597,2452.70743745095,4461.40145641395,556.84558321545
1264.88701686906,306.395156725204,1572.89459035106,2692.21464569152,3356.56739056275,2803.79354813781,884.726267797436,1719.96982205973,3314.00062877438,759.23586742967,1709.23307155189,2164.69533492638,2769.8445938751,1315.10816248358,2475.35741734329,2375.88042821561,819.879186232962,3672.61250346201,2315.29400175495,2985.21005536394,2653.19467649366,898.411463577597,2452.70743745095,4461.40145641395,556.84558321545
1264.88701686906,306.395156725204,1572.89459035106,2692.21464569152,3356.56739056275,2803.79354813781,884.726267797436,1719.96982205973,3314.00062877438,759.23586742967,1709.23307155189,2164.69533492638,2769.8445938751,1315.10816248358,2475.35741734329,2375.88042821561,819.879186232962,3672.61250346201,2315.29400175495,2985.21005536394,2653.19467649366,898.411463577597,2452.70743745095,4461.40145641395,556.84558321545
1264.88701686906,306.395156725204,1572.89459035106,2692.21464569152,3356.56739056275,2803.79354813781,884.726267797436,1719.96982205973,3314.00062877438,759.23586742967,1709.23307155189,2164.69533492638,2769.8445938751,1315.10816248358,2475.35741734329,2375.88042821561,819.879186232962,3672.61250346201,2315.29400175495,2985.21005536394,2653.19467649366,898.411463577597,2452.70743745095,4461.40145641395,556.84558321545
1264.88701686906,306.395156725204,1572.89459035106,2692.21464569152,3356.56739056275,2803.79354813781,884.726267797436,1719.96982205973,3314.00062877438,759.23586742967,1709.23307155189,2164.69533492638,2769.8445938751,1315.10816248358,2475.35741734329,2375.88042821561,819.879186232962,3672.61250346201,2315.29400175495,2985.21005536394,2653.19467649366,898.411463577597,2452.70743745095,4461.40145641395,556.84558321545
1264.88701686906,306.395156725204,1572.89459035106,2692.21464569152,3356.56739056275,2803.79354813781,884.726267797436,1719.96982205973,3314.00062877438,759.23586742967,1709.23307155189,2164.69533492638,2769.8445938751,1315.10816248358,2475.35741734329,2375.88042821561,819.879186232962,3672.61250346201,2315.29400175495,2985.21005536394,2653.19467649366,898.411463577597,2452.70743745095,4461.40145641395,556.84558321545
1264.88701686906,306.395156725204,1572.89459035106,2692.21464569152,3356.56739056275,2803.79354813781,884.726267797436,1719.96982205973,3314.00062877438,759.23586742967,1709.23307155189,2164.69533492638,2769.8445938751,1315.10816248358,2475.35741734329,2375.88042821561,819.879186232962,3672.61250346201,2315.29400175495,2985.21005536394,2653.19467649366,898.411463577597,2452.70743745095,4461.40145641395,556.84558321545
1264.88701686906,306.395156725204,1572.89459035106,2692.21464569152,3356.56739056275,2803.79354813781,884.726267797436,1719.96982205973,3314.00062877438,759.23586742967,1709.23307155189,2164.69533492638,2769.8445938751,1315.10816248358,2475.35741734329,2375.88042821561,819.879186232962,3672.61250346201,2315.29400175495,2985.21005536394,2653.19467649366,898.411463577597,2452.70743745095,4461.40145641395,556.84558321545
1264.88701686906,306.395156725204,1572.89459035106,2692.21464569152,3356.56739056275,2803.79354813781,884.726267797436,1719.96982205973,3314.00062877438,759.23586742967,1709.23307155189,2164.69533492638,2769.8445938751,1315.10816248358,2475.35741734329,2375.88042821561,819.879186232962,3672.61250346201,2315.29400175495,2985.21005536394,2653.19467649366,898.411463577597,2452.70743745095,4461.40145641395,556.84558321545
1264.88701686906,306.395156725204,1572.89459035106,2692.21464569152,3356.56739056275,2803.79354813781,884.726267797436,1719.96982205973,3314.00062877438,759.23586742967,1709.23307155189,2164.69533492638,2769.8445938751,1315.10816248358,2475.35741734329,2375.88042821561,819.879186232962,3672.61250346201,2315.29400175495,2985.21005536394,2653.19467649366,898.411463577597,2452.70743745095,4461.40145641395,556.84558321545
1264.88701686906,306.395156725204,1572.89459035106,2692.21464569152,3356.56739056275,2803.79354813781,884.726267797436,1719.96982205973,3314.00062877438,759.23586742967,1709.23307155189,2164.69533492638,2769.8445938751,1315.10816248358,2475.35741734329,2375.88042821561,819.879186232962,3672.61250346201,2315.29400175495,2985.21005536394,2653.19467649366,898.411463577597,2452.70743745095,4461.40145641395,556.84558321545
1264.88701686906,306.395156725204,1572.89459035106,2692.21464569152,3356.56739056275,2803.79354813781,884.726267797436,1719.96982205973,3314.00062877438,759.23586742967,1709.23307155189,2164.69533492638,2769.8445938751,1315.10816248358,2475.35741734329,2375.88042821561,819.879186232962,3672.61250346201,2315.29400175495,2985.21005536394,2653.19467649366,898.411463577597,2452.70743745095,4461.40145641395,556.84558321545
1264.88701686906,306.395156725204,1572.89459035106,2692.21464569152,3356.56739056275,2803.79354813781,884.726267797436,1719.96982205973,3314.00062877438,759.23586742967,1709.23307155189,2164.69533492638,2769.8445938751,1315.10816248358,2475.35741734329,2375.88042821561,819.879186232962,3672.61250346201,2315.29400175495,2985.21005536394,2653.19467649366,898.411463577597,2452.70743745095,4461.40145641395,556.84558321545
1264.88701686906,306.395156725204,1572.89459035106,2692.21464569152,3356.56739056275,2803.79354813781,884.726267797436,1719.96982205973,3314.00062877438,759.23586742967,1709.23307155189,2164.69533492638,2769.8445938751,1315.10816248358,2475.35741734329,2375.88042821561,819.879186232962,3672.61250346201,2315.29400175495,2985.21005536394,2653.19467649366,898.411463577597,2452.70743745095,4461.40145641395,556.84558321545
1264.88701686906,306.395156725204,1572.89459035106,2692.21464569152,3356.56739056275,2803.79354813781,884.726267797436,1719.96982205973,3314.00062877438,759.23586742967,1709.23307155189,2164.69533492638,2769.8445938751,1315.10816248358,2475.35741734329,2375.88042821561,819.879186232962,3672.61250346201,2315.29400175495,2985.21005536394,2653.19467649366,898.411463577597,2452.70743745095,4461.40145641395,556.84558321545
1264.88701686906,306.395156725204,1572.89459035106,2692.21464569152,3356.56739056275,2803.79354813781,884.726267797436,1719.96982205973,3314.00062877438,759.23586742967,1709.23307155189,2164.69533492638,2769.8445938751,1315.10816248358,2475.35741734329,2375.88042821561,819.879186232962,3672.61250346201,2315.29400175495,2985.21005536394,2653.19467649366,898.411463577597,2452.70743745095,4461.40145641395,556.84558321545
1264.88701686906,306.395156725204,1572.89459035106,2692.21464569152,3356.56739056275,2803.79354813781,884.726267797436,1719.96982205973,3314.00062877438,759.23586742967,1709.23307155189,2164.69533492638,2769.8445938751,1315.10816248358,2475.35741734329,2375.88042821561,819.879186232962,3672.61250346201,2315.29400175495,2985.21005536394,2653.19467649366,898.411463577597,2452.70743745095,4461.40145641395,556.84558321545
1264.88701686906,306.395156725204,1572.89459035106,2692.21464569152,3356.56739056275,2803.79354813781,884.726267797436,1719.96982205973,3314.00062877438,759.23586742967,1709.23307155189,2164.69533492638,2769.8445938751,1315.10816248358,2475.35741734329,2375.88042821561,819.879186232962,3672.61250346201,2315.29400175495,2985.21005536394,2653.19467649366,898.411463577597,2452.70743745095,4461.40145641395,556.84558321545
1264.88701686906,306.395156725204,1572.89459035106,2692.21464569152,3356.56739056275,2803.79354813781,884.726267797436,1719.96982205973,3314.00062877438,759.23586742967,1709.23307155189,2164.69533492638,2769.8445938751,1315.10816248358,2475.35741734329,2375.88042821561,819.879186232962,3672.61250346201,2315.29400175495,2985.21005536394,2653.19467649366,898.411463577597,2452.70743745095,4461.40145641395,556.84558321545
1264.88701686906,306.395156725204,1572.89459035106,2692.21464569152,3356.56739056275,2803.79354813781,884.726267797436,1719.96982205973,3314.00062877438,759.23586742967,1709.23307155189,2164.69533492638,2769.8445938751,1315.10816248358,2475.35741734329,2375.88042821561,819.879186232962,3672.61250346201,2315.29400175495,2985.21005536394,2653.19467649366,898.411463577597,2452.70743745095,4461.40145641395,556.84558321545
1264.88701686906,306.395156725204,1572.89459035106,2692.21464569152,3356.56739056275,2803.79354813781,884.726267797436,1719.96982205973,3314.00062877438,759.23586742967,1709.23307155189,2164.69533492638,2769.8445938751,1315.10816248358,2475.35741734329,2375.88042821561,819.879186232962,3672.61250346201,2315.29400175495,2985.21005536394,2653.19467649366,898.411463577597,2452.70743745095,4461.40145641395,556.84558321545
1264.88701686906,306.395156725204,1572.89459035106,2692.21464569152,3356.56739056275,2803.79354813781,884.726267797436,1719.96982205973,3314.00062877438,759.23586742967,1709.23307155189,2164.69533492638,2769.8445938751,1315.10816248358,2475.35741734329,2375.88042821561,819.879186232962,3672.61250346201,2315.29400175495,2985.21005536394,2653.19467649366,898.411463577597,2452.70743745095,4461.40145641395,556.84558321545
1264.88701686906,306.395156725204,1572.89459035106,2692.21464569152,3356.56739056275,2803.79354813781,884.726267797436,1719.96982205973,3314.00062877438,759.23586742967,1709.23307155189,2164.69533492638,2769.8445938751,1315.10816248358,2475.35741734329,2375.88042821561,819.879186232962,3672.61250346201,2315.29400175495,2985.21005536394,2653.19467649366,898.411463577597,2452.70743745095,4461.40145641395,556.84558321545
1264.88701686906,306.395156725204,1572.89459035106,2692.21464569152,3356.56739056275,2803.79354813781,884.726267797436,1719.96982205973,3314.00062877438,759.23586742967,1709.23307155189,2164.69533492638,2769.8445938751,1315.10816248358,2475.35741734329,2375.88042821561,819.879186232962,3672.61250346201,2315.29400175495,2985.21005536394,2653.19467649366,898.411463577597,2452.70743745095,4461.40145641395,556.84558321545
1264.88701686906,306.395156725204,1572.89459035106,2692.21464569152,3356.56739056275,2803.79354813781,884.726267797436,1719.96982205973,3314.00062877438,759.23586742967,1709.23307155189,2164.69533492638,2769.8445938751,1315.10816248358,2475.35741734329,2375.88042821561,819.879186232962,3672.61250346201,2315.29400175495,2985.21005536394,2653.19467649366,898.411463577597,2452.70743745095,4461.40145641395,556.84558321545
1264.88701686906,306.395156725204,1572.89459035106,2692.21464569152,3356.56739056275,2803.79354813781,884.726267797436,1719.96982205973,3314.00062877438,759.23586742967,1709.23307155189,2164.69533492638,2769.8445938751,1315.10816248358,2475.35741734329,2375.88042821561,819.879186232962,3672.61250346201,2315.29400175495,2985.21005536394,2653.19467649366,898.411463577597,2452.70743745095,4461.40145641395,556.84558321545
1264.88701686906,306.395156725204,1572.89459035106,2692.21464569152,3356.56739056275,2803.79354813781,884.726267797436,1719.96982205973,3314.00062877438,759.23586742967,1709.23307155189,2164.69533492638,2769.8445938751,1315.10816248358,2475.35741734329,2375.88042821561,819.879186232962,3672.61250346201,2315.29400175495,2985.21005536394,2653.19467649366,898.411463577597,2452.70743745095,4461.40145641395,556.84558321545
1264.88701686906,306.395156725204,1572.89459035106,2692.21464569152,3356.56739056275,2803.79354813781,884.726267797436,1719.96982205973,3314.00062877438,759.23586742967,1709.23307155189,2164.69533492638,2769.8445938751,1315.10816248358,2475.35741734329,2375.88042821561,819.879186232962,3672.61250346201,2315.29400175495,2985.21005536394,2653.19467649366,898.411463577597,2452.70743745095,4461.40145641395,556.84558321545
1264.88701686906,306.395156725204,1572.89459035106,2692.21464569152,3356.56739056275,2803.79354813781,884.726267797436,1719.96982205973,3314.00062877438,759.23586742967,1709.23307155189,2164.69533492638,2769.8445938751,1315.10816248358,2475.35741734329,2375.88042821561,819.879186232962,3672.61250346201,2315.29400175495,2985.21005536394,2653.19467649366,898.411463577597,2452.70743745095,4461.40145641395,556.84558321545
1264.88701686906,306.395156725204,1572.89459035106,2692.21464569152,3356.56739056275,2803.79354813781,884.726267797436,1719.96982205973,3314.00062877438,759.23586742967,1709.23307155189,2164.69533492638,2769.8445938751,1315.10816248358,2475.35741734329,2375.88042821561,819.879186232962,3672.61250346201,2315.29400175495,2985.21005536394,2653.19467649366,898.411463577597,2452.70743745095,4461.40145641395,556.84558321545
1264.88701686906,306.395156725204,1572.89459035106,2692.21464569152,3356.56739056275,2803.79354813781,884.726267797436,1719.96982205973,3314.00062877438,759.23586742967,1709.23307155189,2164.69533492638,2769.8445938751,1315.10816248358,2475.35741734329,2375.88042821561,819.879186232962,3672.61250346201,2315.29400175495,2985.21005536394,2653.19467649366,898.411463577597,2452.70743745095,4461.40145641395,556.84558321545
1264.88701686906,306.395156725204,1572.89459035106,2692.21464569152,3356.56739056275,2803.79354813781,884.726267797436,1719.96982205973,3314.00062877438,759.23586742967,1709.23307155189,2164.69533492638,2769.8445938751,1315.10816248358,2475.35741734329,2375.88042821561,819.879186232962,3672.61250346201,2315.29400175495,2985.21005536394,2653.19467649366,898.411463577597,2452.70743745095,4461.40145641395,556.84558321545
1264.88701686906,306.395156725204,1572.89459035106,2692.21464569152,3356.56739056275,2803.79354813781,884.726267797436,1719.96982205973,3314.00062877438,759.23586742967,1709.23307155189,2164.69533492638,2769.8445938751,1315.10816248358,2475.35741734329,2375.88042821561,819.879186232962,3672.61250346201,2315.29400175495,2985.21005536394,2653.19467649366,898.411463577597,2452.70743745095,4461.40145641395,556.84558321545
1264.88701686906,306.395156725204,1572.89459035106,2692.21464569152,3356.56739056275,2803.79354813781,884.726267797436,1719.96982205973,3314.00062877438,759.23586742967,1709.23307155189,2164.69533492638,2769.8445938751,1315.10816248358,2475.35741734329,2375.88042821561,819.879186232962,3672.61250346201,2315.29400175495,2985.21005536394,2653.19467649366,898.411463577597,2452.70743745095,4461.40145641395,556.84558321545
1264.88701686906,306.395156725204,1572.89459035106,2692.21464569152,3356.56739056275,2803.79354813781,884.726267797436,1719.96982205973,3314.00062877438,759.23586742967,1709.23307155189,2164.69533492638,2769.8445938751,1315.10816248358,2475.35741734329,2375.88042821561,819.879186232962,3672.61250346201,2315.29400175495,2985.21005536394,2653.19467649366,898.411463577597,2452.70743745095,4461.40145641395,556.84558321545
1264.88701686906,306.395156725204,1572.89459035106,2692.21464569152,3356.56739056275,2803.79354813781,884.726267797436,1719.96982205973,3314.00062877438,759.23586742967,1709.23307155189,2164.69533492638,2769.8445938751,1315.10816248358,2475.35741734329,2375.88042821561,819.879186232962,3672.61250346201,2315.29400175495,2985.21005536394,2653.19467649366,898.411463577597,2452.70743745095,4461.40145641395,556.84558321545
1264.88701686906,306.395156725204,1572.89459035106,2692.21464569152,3356.56739056275,2803.79354813781,884.726267797436,1719.96982205973,3314.00062877438,759.23586742967,1709.23307155189,2164.69533492638,2769.8445938751,1315.10816248358,2475.35741734329,2375.88042821561,819.879186232962,3672.61250346201,2315.29400175495,2985.21005536394,2653.19467649366,898.411463577597,2452.70743745095,4461.40145641395,556.84558321545
1264.88701686906,306.395156725204,1572.89459035106,2692.21464569152,3356.56739056275,2803.79354813781,884.726267797436,1719.96982205973,3314.00062877438,759.23586742967,1709.23307155189,2164.69533492638,2769.8445938751,1315.10816248358,2475.35741734329,2375.88042821561,819.879186232962,3672.61250346201,2315.29400175495,2985.21005536394,2653.19467649366,898.411463577597,2452.70743745095,4461.40145641395,556.84558321545
1264.88701686906,306.395156725204,1572.89459035106,2692.21464569152,3356.56739056275,2803.79354813781,884.726267797436,1719.96982205973,3314.00062877438,759.23586742967,1709.23307155189,2164.69533492638,2769.8445938751,1315.10816248358,2475.35741734329,2375.88042821561,819.879186232962,3672.61250346201,2315.29400175495,2985.21005536394,2653.19467649366,898.411463577597,2452.70743745095,4461.40145641395,556.84558321545
1264.88701686906,306.395156725204,1572.89459035106,2692.21464569152,3356.56739056275,2803.79354813781,884.726267797436,1719.96982205973,3314.00062877438,759.23586742967,1709.23307155189,2164.69533492638,2769.8445938751,1315.10816248358,2475.35741734329,2375.88042821561,819.879186232962,3672.61250346201,2315.29400175495,2985.21005536394,2653.19467649366,898.411463577597,2452.70743745095,4461.40145641395,556.84558321545
1264.88701686906,306.395156725204,1572.89459035106,2692.21464569152,3356.56739056275,2803.79354813781,884.726267797436,1719.96982205973,3314.00062877438,759.23586742967,1709.23307155189,2164.69533492638,2769.8445938751,1315.10816248358,2475.35741734329,2375.88042821561,819.879186232962,3672.61250346201,2315.29400175495,2985.21005536394,2653.19467649366,898.411463577597,2452.70743745095,4461.40145641395,556.84558321545
