15504.3973734649,15764.3096281178,13066.3964891608,9853.4482976806,10535.2629889057,10878.9011884979,18292.6206645389,11791.8947525306,16127.1040476717,10922.5031186076,13107.4522342866,15792.8648543919,14232.6360683226,8919.02745767565,13366.0272737092,15552.1717378331,13590.0179648395,14403.8804633113,15317.2294963103,10807.6611847516,13367.5127522196,8836.23275450384,10272.6709204005,16021.2146411619,11951.5739514324
15504.3973734649,15764.3096281178,13066.3964891608,9853.4482976806,10535.2629889057,10878.9011884979,18292.6206645389,11791.8947525306,16127.1040476717,10922.5031186076,13107.4522342866,15792.8648543919,14232.6360683226,8919.02745767565,13366.0272737092,15552.1717378331,13590.0179648395,14403.8804633113,15317.2294963103,10807.6611847516,13367.5127522196,8836.23275450384,10272.6709204005,16021.2146411619,11951.5739514324
15504.3973734649,14529.2825356008,13066.3964891608,9853.4482976806,10535.2629889057,10878.9011884979,18292.6206645389,11791.8947525306,16127.1040476717,10922.5031186076,13107.4522342866,15792.8648543919,14232.6360683226,8569.21238138311,11915.4534924328,15552.1717378331,13590.0179648395,14403.8804633113,15317.2294963103,10807.6611847516,13367.5127522196,8836.23275450384,10272.6709204005,16021.2146411619,11951.5739514324
13034.0039174295,9086.46504086035,13066.3964891608,9709.86091057683,10535.2629889057,10878.9011884979,18292.6206645389,7244.43301943932,14620.7066447477,9640.6796311247,13107.4522342866,15792.8648543919,6755.68009898332,5377.56548426168,9945.08920971511,12664.4878153375,13590.0179648395,14403.8804633113,9961.67991729683,10807.6611847516,13367.5127522196,8836.23275450384,10272.6709204005,12312.9467091895,11951.5739514324
13034.0039174295,8922.25132416309,12142.4790772423,9709.86091057683,10535.2629889057,10878.9011884979,18292.6206645389,7244.43301943932,14620.7066447477,7588.91410740044,13107.4522342866,15792.8648543919,6755.68009898332,5377.56548426168,9945.08920971511,10890.2078534705,9342.66614397207,14011.1869108087,9961.67991729683,10807.6611847516,13367.5127522196,8836.23275450384,7071.55107482634,12312.9467091895,11951.5739514324
13034.0039174295,8922.25132416309,12142.4790772423,9709.86091057683,10535.2629889057,10878.9011884979,18292.6206645389,7244.43301943932,14620.7066447477,7588.91410740044,13107.4522342866,15792.8648543919,6755.68009898332,5377.56548426168,9945.08920971511,10890.2078534705,9342.66614397207,14011.1869108087,9961.67991729683,10807.6611847516,13367.5127522196,8836.23275450384,7071.55107482634,12312.9467091895,11951.5739514324
13034.0039174295,8922.25132416309,12142.4790772423,9709.86091057683,10535.2629889057,10878.9011884979,18292.6206645389,7244.43301943932,14620.7066447477,7588.91410740044,13107.4522342866,15792.8648543919,6755.68009898332,5377.56548426168,9925.67248895584,10890.2078534705,9342.66614397207,14011.1869108087,9961.67991729683,10807.6611847516,13367.5127522196,8836.23275450384,7071.55107482634,12312.9467091895,11951.5739514324
13034.0039174295,7376.45669437287,10191.2265167609,9709.86091057683,10535.2629889057,4394.71796536868,18292.6206645389,7244.43301943932,6255.68590052441,7588.91410740044,13107.4522342866,12624.5146419878,6755.68009898332,5377.56548426168,6102.91058940295,10890.2078534705,7386.99668779716,14011.1869108087,9961.67991729683,10807.6611847516,5150.86193716024,8836.23275450384,7071.55107482634,12312.9467091895,11917.8794050286
13034.0039174295,2977.62126581081,8666.78646794728,9543.34066431877,10535.2629889057,4394.71796536868,18292.6206645389,7244.43301943932,3062.03786193788,4652.77757450182,10138.7934407835,7339.63818820961,6755.68009898332,5377.56548426168,3119.63850275572,10890.2078534705,4713.51973449955,14011.1869108087,9961.67991729683,10807.6611847516,5150.86193716024,8836.23275450384,7071.55107482634,10714.9435090196,8125.01580907144
9309.17670617386,2977.62126581081,5501.04927060224,5016.68409244118,7828.1143941352,3658.46343501219,5764.66886546759,5154.71282477957,3001.50382649992,2400.80333530071,4143.76188964957,3763.22555313991,5985.96515059771,2151.60338409268,3119.63850275572,6076.56731362128,4713.51973449955,6971.05533160014,6009.4031678251,10807.6611847516,3869.51178889887,5315.62421188683,3765.98870291584,5596.60498996988,2976.11043898644
6131.21519085185,2977.62126581081,5214.51876209037,3891.57062743422,6312.16103428683,2915.64206304092,4562.27877436078,4559.0511137028,1953.92729284975,2400.80333530071,4143.76188964957,3257.85676979718,4957.84952623148,1734.3818368168,3119.63850275572,4854.0712473301,3452.28350456691,3563.54390308215,4757.17538229913,6848.57332085301,2003.84838430272,3440.64190409074,3554.74700216812,3102.85097170009,2976.11043898644
4884.18217339231,2114.53753360111,2510.08521797205,2423.79826675791,3739.30324891835,2789.1998239903,2693.92030701047,2829.68281632244,1782.91740352726,1813.23421179894,3359.54034440618,2134.09610432463,2873.16440214572,1562.8067613295,1804.31777571624,3150.06205545928,2457.79067588658,2143.07972303418,3852.24780270223,4238.27357597035,1671.14909404153,3011.16758415348,2387.31465132109,3069.408725359,1977.78317875694
3703.77065272403,1577.35139739063,2510.08521797205,1928.25791067883,2897.51729517474,2046.40339647891,2010.33118998178,2149.77490084463,1621.23644531366,1535.09741984435,2788.65330607778,2134.09610432463,2337.24932082258,1173.43932941253,1675.41556358647,2635.12865093895,2178.96386039226,2143.07972303418,2860.57292407396,3749.15115530222,1422.4085496606,2788.09169794142,2186.31496687643,2248.00200872587,1852.44582161131
2650.45410027176,1577.35139739063,2510.08521797205,1699.52962035051,2590.93133470911,1522.62013100116,1442.0339242178,1854.87253985743,1271.64929530581,1003.32883761147,1555.6422562783,1826.59865219565,1177.96930337987,1173.43932941253,1209.38645226198,1915.80760494124,1275.61014190464,2143.07972303418,2339.87100032973,3544.20187228603,1228.96781548647,1688.16929307537,1514.73607912095,1559.02900681175,1681.78994467195
2464.17691737508,1352.49143907997,2460.09685179311,1211.91362571841,1698.98687621658,1084.7127673391,1189.54006938964,1347.2952348545,1233.71018524537,956.312042590625,1507.78326330296,1178.5756033055,1164.37906182834,1081.88556063418,1006.36557837328,1724.98286111916,1158.38606745675,1622.52308981172,1871.96795038297,2701.98933002313,919.069460688263,1688.16929307537,1514.73607912095,1433.06913436169,1538.48595878859
1428.79734483934,1186.23753196651,1779.19516447151,1009.75126271564,1698.98687621658,831.095417424197,1044.39385323925,1199.33978721789,820.782044630876,748.565032680158,1332.22011189619,1086.26616274952,1164.37906182834,909.833393187787,953.017664529645,1086.37833207088,1059.1974278304,1622.52308981172,1362.44515534662,1705.55260389062,856.787356058857,1159.84488426523,1365.40810600473,1083.42991042443,1049.88437056822
1118.89308017828,917.810802207904,1700.43954265188,949.762724220142,1311.05283678186,831.095417424197,732.513350215485,1083.32718434429,820.782044630876,680.710962772479,1051.05115520065,1009.49030526777,1092.47014397827,843.737191555608,774.908275035228,1086.37833207088,810.075105823749,1508.77506263398,1362.44515534662,1455.57048031258,856.787356058857,1159.84488426523,1093.27624722638,1051.64409719883,1049.88437056822
1075.64415274939,766.657242573393,1020.13490128202,828.366957505866,1094.27170509253,820.390419030117,718.386443927398,814.013026567005,735.024157949698,656.424946282746,905.944748378844,912.604282980438,881.582675998694,666.867465860861,590.23711884265,1077.7076000605,810.075105823749,1138.99165247598,986.917677869415,1124.36654553681,728.71633752413,833.512550595053,1002.54477552699,612.720281021527,800.45506348555
923.146102625989,766.657242573393,1020.13490128202,734.611737654885,1012.58039265551,710.615432969947,708.11068721589,767.102363991246,686.057954160053,642.625478252749,786.675168970553,848.173292377535,881.582675998694,666.867465860861,590.23711884265,854.897132548429,810.075105823749,1066.76631338861,819.905269405002,1020.35857442032,713.077481061775,747.563978197951,957.157146726505,612.720281021527,731.080178712181
761.037348911614,643.027542904709,962.096291998615,690.546408719796,829.434015209262,610.505175280471,673.317373577665,701.406046501601,605.358990375686,543.681321337765,760.392555920515,808.657396233142,732.885307974881,560.972810333451,590.23711884265,810.872262024751,678.374175737102,866.470339673057,665.823840470207,957.031835343677,572.23385038581,747.563978197951,816.079330382117,600.835257193739,731.080178712181
761.037348911614,592.867187621252,825.884429543306,643.322444573071,829.434015209262,610.505175280471,673.317373577665,632.712891976743,605.358990375686,543.681321337765,722.396509117273,718.752172780973,725.218311628259,551.07079006961,583.204499994801,720.368410718851,678.374175737102,866.470339673057,665.823840470207,901.905306842149,572.23385038581,746.208799880617,749.247070796169,581.82031192087,588.309958508725
761.037348911614,586.462874882067,728.417389526172,641.760775980761,669.20022393574,553.70836703951,622.954250452236,582.129390804258,547.385557700266,543.681321337765,600.422797151042,695.846517969224,609.350175079403,546.192987358893,507.953172357169,593.673408757939,569.794631243553,794.92892153104,571.953018953503,702.464287531934,542.821362920784,698.840640022585,648.675666397523,547.101171250555,588.309958508725
677.558098523123,572.083954669458,715.756191676115,609.190456699617,669.20022393574,553.70836703951,598.39599375675,525.268781038109,547.385557700266,526.653170328119,600.422797151042,588.501323335479,572.598496671505,530.189573100643,507.953172357169,571.875216829294,560.322626674136,770.631209462034,564.746690755286,702.464287531934,542.821362920784,614.345499055199,648.675666397523,528.633224023026,572.222247360728
658.197225908835,513.864391150701,555.652407596857,558.368221739227,611.806796864218,553.70836703951,566.367238170954,525.268781038109,482.936638671852,489.631627437651,563.053634277835,573.838119146663,554.204358706261,523.038308941477,505.126953387079,548.225472503571,558.473402737221,764.016647338857,550.272046373132,642.542269231698,542.821362920784,561.090740919723,616.966082477158,517.307243786168,534.164319153284
574.940713372504,510.053841481227,555.652407596857,525.534028722614,606.090033044099,519.905587476027,541.871677060682,511.151700627362,482.936638671852,481.140180807152,534.38621665443,548.809200822336,554.204358706261,481.99885425224,486.47534892662,548.225472503571,530.1376442661,731.316528327329,544.794204748111,622.219586492449,542.821362920784,554.356022605672,600.327078168903,517.307243786168,529.114158899239
551.485535551488,489.756375379785,537.302798469781,483.57189217649,535.107633661739,519.905587476027,478.417003667479,509.62310491489,482.936638671852,481.140180807152,488.30036481839,545.653532407826,533.035405803504,481.99885425224,471.436500267944,548.225472503571,521.712296387994,626.534103004943,544.794204748111,614.24053068303,510.52319134613,489.923203596683,540.264979259202,507.560629449156,506.570884755062
551.485535551488,487.133247713641,511.862507773095,483.57189217649,535.107633661739,501.768319331244,478.417003667479,495.512879217969,480.885791504735,472.529268301057,488.30036481839,512.490868321379,509.667493550045,475.863442864847,471.436500267944,522.511604409371,502.488866301573,592.181466353251,527.610454221543,566.260443150886,505.982209522297,489.923203596683,538.890149441381,507.560629449156,478.717535068889
546.137109285624,465.610756115744,511.862507773095,483.57189217649,495.181029911879,476.502900205379,473.945004258126,474.906938423647,460.426296780342,458.304003485093,472.079074231204,510.4559110556,486.300298610842,455.535521290798,456.610525034926,496.36653941938,488.611075318714,498.081762531822,525.794007859139,512.331627251029,484.871068204275,462.472272359233,502.198217889155,460.183467152494,473.00469005026
506.450281192844,465.494997816935,497.92811483796,472.517924237766,480.20630186166,467.087831273913,455.879423442288,452.138798337945,459.569169861508,458.304003485093,468.591656953646,497.247968085488,470.869473814308,455.535521290798,456.610525034926,471.019852662661,482.622460225778,498.081762531822,485.170554319693,512.331627251029,475.312170410922,447.872545076593,502.198217889155,459.26839340985,455.023557994039
499.613421218752,451.638022948953,472.687081717798,468.089387298152,476.48343033025,451.575991932364,455.879423442288,452.138798337945,434.236721440282,446.747548612464,458.707548193477,481.813002766185,455.627209156495,442.132571114028,448.297734425076,460.408421547682,467.342359249901,498.081762531822,473.478575771904,471.349118204556,473.735732748881,444.126258428878,485.965579756878,454.363550981633,450.415939634281
499.613421218752,447.979398930125,464.427892338042,458.903615102684,461.009678464608,447.059391170174,455.879423442288,438.04774163223,429.878132090553,436.260393839888,457.391330519858,475.82149395863,436.880348930964,436.090740484471,445.685254887281,457.76098148623,466.036330184324,481.461122310067,473.478575771904,471.349118204556,466.033271735065,443.984303474904,482.888413315358,445.134975672181,437.637269797258
468.931298461027,436.84522238187,449.874677370246,438.091522700343,460.161843221431,433.053670591514,442.991240591968,438.04774163223,429.878132090553,436.260393839888,447.392503289794,461.421817508553,436.880348930964,422.50049847763,441.730742630643,457.76098148623,457.665554233063,473.880075574,473.478575771904,469.450345167491,466.033271735065,443.984303474904,455.940802173828,437.781861272905,427.185343923956
466.021056914666,436.84522238187,447.30839099479,438.091522700343,449.914426644818,433.053670591514,430.408321879816,431.945781973166,429.878132090553,436.260393839888,443.553906038308,457.462640499255,426.525656712285,422.50049847763,439.67967453598,448.615832464382,454.422186519597,473.880075574,468.803226510073,456.442479970532,460.651657227756,428.592772883909,455.940802173828,437.781861272905,427.185343923956
458.22135268284,436.84522238187,438.431393256466,438.091522700343,442.449672423021,420.075752152794,417.094724949032,429.332950783332,429.878132090553,433.980258364226,434.202033738331,457.462640499255,419.219981302791,422.50049847763,432.961201912989,437.207555401098,449.848976015026,469.718862502112,461.127627135398,446.725217186023,453.196842222122,428.592772883909,432.466271911466,431.258325125516,427.185343923956
448.169792662625,435.849606661627,435.275877487109,428.390319982704,441.234289185802,416.4906824622,417.094724949032,429.332950783332,424.108207845263,423.693492635385,433.063179400568,445.705827726609,417.100436801018,422.50049847763,432.961201912989,437.207555401098,445.095611476364,447.860087837465,458.322334440005,443.436303075605,453.196842222122,417.008942164537,432.466271911466,431.258325125516,423.886115999837
440.64475062259,433.99397677569,428.78093985029,414.769418188167,441.234289185802,412.829535641556,416.080231515493,418.350520535179,412.948649110633,417.300558308609,426.804533873212,442.769718672555,406.245181330775,418.136994646907,424.266294762634,434.404151844603,437.810555414359,435.312571961896,447.02876798831,443.057073280707,433.217855799197,409.69146120659,428.991810060743,421.725701654559,423.886115999837
434.875015456593,426.537775663423,424.337392556196,414.769418188167,437.370797406588,409.003218879746,415.389342751481,418.350520535179,411.104417349029,417.300558308609,426.804533873212,442.769718672555,406.245181330775,417.575620360907,424.266294762634,423.929826064887,435.218581989061,435.312571961896,431.128889110445,437.499747634712,433.217855799197,409.69146120659,420.759337545036,421.496381665605,421.863198341746
427.483045843729,426.382495856707,416.285500097143,403.925355566477,426.53246582443,404.407316904215,411.907119665676,418.350520535179,404.497518009781,411.883289984917,426.804533873212,434.62431427436,399.397463892198,410.082168044368,422.125342020006,418.145474128975,435.218581989061,425.080385747839,430.1267199524,429.216289528679,415.739837948614,407.902222890289,413.993407382918,421.307284625147,412.17128908054
427.483045843729,419.920233502502,416.285500097143,403.925355566477,424.527435665815,401.914810350276,404.737886088958,418.350520535179,399.361102130599,405.585938171766,414.04568932353,434.62431427436,399.397463892198,408.57963585297,420.997531088265,406.086809243731,432.45695489062,420.19047172209,430.1267199524,428.345430027495,415.739837948614,400.048437919754,413.178405569995,413.959405503636,412.17128908054
426.868194905784,410.584473291757,416.285500097143,403.925355566477,409.420334723243,399.306683330621,401.425639665776,412.194947754874,399.361102130599,402.848353811466,414.04568932353,429.978606517259,399.397463892198,403.397476164003,420.997531088265,406.086809243731,432.252345130553,411.552715775264,421.515106454923,421.634139393846,410.979183388875,400.048437919754,412.908165727064,408.807607487649,401.006119229729
425.059564900845,410.233476099062,414.942850682672,403.925355566477,408.91199136675,396.667946166463,399.901145687321,402.638259024941,398.242539101394,400.520355204157,413.475329285141,429.978606517259,398.0075460433,403.397476164003,420.055052118018,397.235583043349,423.502502822048,407.275054217404,417.915610924096,408.555607153799,409.066319940604,399.857118640309,407.197879181805,408.807607487649,400.40865189451
414.625726365802,408.609071734032,406.892967303761,401.93974894235,405.791597982393,395.939864975364,395.558567269631,400.592800123992,394.32297175983,395.99593748722,407.613668769153,429.978606517259,395.60920237205,399.961641592673,414.26944344747,397.235583043349,423.502502822048,403.481865222785,409.210433961153,408.555607153799,406.274687812575,398.139821600049,406.107720823266,405.258621580061,400.40865189451
414.625726365802,404.554507958652,404.655700964426,397.645605080774,405.791597982393,394.866619847266,394.040868270597,400.58464388024,393.148814074659,395.99593748722,406.364329711897,420.775653967627,393.67830987668,394.9792245198,414.26944344747,393.126561238491,423.502502822048,403.208580640997,405.954036743584,401.518004847449,399.414008351242,397.57376852675,402.028848000064,405.258621580061,397.419841849431
409.564779614398,400.331241419915,399.123186774502,397.645605080774,404.897654472504,392.981998186365,391.469965425903,395.596234196413,391.495426462884,391.818882145817,402.083224658679,415.615030384844,393.107483276851,394.9792245198,413.160844214472,393.126561238491,419.169388999958,398.887961929688,403.019008564571,401.518004847449,398.471127462582,395.464165032606,399.637491088034,399.522125789116,394.839077316962
409.564779614398,400.331241419915,397.456831976131,395.61238918752,401.050221326237,392.167014091277,391.35159124704,394.550146094424,390.468249374572,391.818882145817,400.095185130391,404.63560350884,392.297880387941,394.659907512626,410.694607197248,391.165131032416,419.169388999958,396.937350595333,399.746344381903,401.518004847449,395.372361034077,393.377797351467,396.383193721779,394.994055447958,393.692206328563
409.564779614398,400.331241419915,394.458306363056,395.26362159325,398.452961812758,391.413863886141,390.129932900586,393.453505454559,389.746727187355,391.818882145817,397.685208073401,404.63560350884,391.478901637398,391.770535364803,404.794207530957,391.165131032416,411.868707865358,395.946590739697,395.702334289481,399.384437564019,395.117370388929,392.828439241864,394.933474106145,394.994055447958,392.570360395716
409.019229182757,395.407089069075,394.458306363056,391.966575662183,397.188116670572,389.917128310471,390.129932900586,393.021836393346,389.432587042477,390.518619874488,397.685208073401,404.63560350884,390.600711916063,391.770535364803,403.799546424448,391.165131032416,411.868707865358,393.760230887984,395.702334289481,399.183867700416,393.938673423643,392.828439241864,393.298768457467,393.730363214949,390.704574626548
407.045730809414,394.037318521677,392.399061831298,391.966575662183,396.913264637189,389.503463404271,389.644434653611,390.548447073387,389.008187935403,390.120934201065,394.853463014209,403.959213470634,389.577945449726,391.574089798901,400.020459101021,390.608321808497,407.841421052426,393.584867093413,395.153818557143,396.182340750267,392.663322250859,391.002718951109,393.298768457467,391.607231247721,390.704574626548
401.155034089055,391.294962938847,391.154503109562,391.091929844928,394.983129794301,388.89416215966,389.065009553274,390.548447073387,388.914458630613,389.214527492168,393.714182018514,403.959213470634,389.066223400211,390.777732892519,395.607771783642,389.525760455527,407.372703312004,391.739444493154,394.344377235505,394.298947027729,390.985360227978,390.940617323714,391.082745681139,391.607231247721,390.704574626548
399.047159953368,391.255300371412,391.154503109562,389.985494018415,394.237602565952,388.573758074618,389.065009553274,390.359540987811,388.348294165594,388.870228858627,391.628599062873,398.936389964673,388.668200285228,389.128866213578,393.772875092291,389.525760455527,404.600945394283,390.830599236594,393.01685896387,393.519355642467,390.985360227978,389.644200572327,391.082745681139,391.607231247721,389.882857860202
396.354697874609,390.935982415197,391.154503109562,389.985494018415,390.720464485913,388.452477987774,388.984894639768,389.800893366979,387.967043243494,388.460722289125,390.56302611979,398.936389964673,388.668200285228,389.128866213578,393.772875092291,389.450765476852,399.374577192952,390.830599236594,392.653895001634,392.310251167729,390.782979002469,389.534846813407,391.082745681139,391.607231247721,389.477264575251
394.702072285841,389.928147476112,390.344422581747,389.698711085672,390.720464485913,388.159151071851,388.199706815246,389.800893366979,387.785047438991,388.460722289125,390.129640466218,393.575042450892,388.65597745948,388.204011142368,393.130357949575,388.622585066956,399.274217889253,389.651251729933,389.992416578641,391.130029187133,390.229632334568,388.837465740254,390.147556972714,390.414285286546,388.977552338137
393.692493853688,389.607543554737,389.97567796506,388.980869742226,390.720464485913,387.966491719316,388.199706815246,388.759080952499,387.776135516958,388.460722289125,390.051500311521,393.575042450892,388.41036820587,388.204011142368,391.730057632685,388.622585066956,396.317093056559,389.651251729933,389.807707165582,390.209567079096,389.894845290734,388.837465740254,389.313698899283,390.227217242869,388.90509879106
392.585359132102,389.098833297121,389.611264167954,388.672977360569,390.248870461457,387.966491719316,388.045104400565,388.630236741219,387.600091641076,388.228638433494,389.177024495766,391.576289438611,388.06438132019,388.204011142368,389.999226575874,388.28231699007,392.894448324791,389.102345219645,389.23493761743,389.019281664613,389.172967514134,388.378249656523,389.051521211774,389.086436186741,388.652482866108
392.585359132102,388.818799283515,389.611264167954,388.503037887553,389.871379528158,387.869580337088,387.931226509271,388.49500305598,387.600091641076,387.983203234723,389.177024495766,391.576289438611,387.819645837903,388.192188353209,389.932064719803,388.241820429287,392.894448324791,389.102345219645,389.23493761743,389.019281664613,388.619571589921,388.117101158527,388.732487343601,389.086436186741,388.415298227281
391.421351304222,388.805639016422,389.323733464177,388.007453482828,389.584513192588,387.704489886887,387.772634001818,388.209051163557,387.51840227764,387.931241036647,389.017570010819,390.861331311885,387.803510792719,387.975404617725,389.382254331853,387.76896624078,392.032852346238,388.385795884217,389.061094445094,388.891700778171,388.275443382213,387.991896490685,388.095446481308,388.685265993938,388.010883360495
390.554606633788,388.526661756953,388.593129171316,387.988061432984,389.14305627669,387.597334482179,387.652349830169,387.8735724501,387.368273203297,387.772098184902,389.017570010819,390.25412015251,387.625155963434,387.651520441305,388.752985522246,387.76896624078,391.811522865596,388.266223565625,388.79801158841,388.456280963108,388.275443382213,387.829328325307,388.095446481308,388.087812133432,388.010883360495
390.554606633788,388.526661756953,388.385572787899,387.644379685522,388.61791051132,387.483381363612,387.643908606063,387.507273896223,387.368273203297,387.568768882795,388.696352735719,389.314984813774,387.538308846323,387.651520441305,388.752985522246,387.76896624078,390.911867716751,387.899754940642,388.176347021744,388.266979327878,387.919350745481,387.829328325307,388.095446481308,388.087812133432,387.851259221854
390.15735357524,388.056049150566,388.271278298204,387.618700738539,388.425016061636,387.483381363612,387.535688808911,387.507273896223,387.368273203297,387.43602409253,388.598108905821,388.800329117124,387.538308846323,387.615392185924,388.432426459472,387.511244518249,390.911867716751,387.899754940642,388.176347021744,388.207150654123,387.919350745481,387.688705255852,387.921806032136,387.917245070232,387.648004339558
389.398346229197,388.013193129841,388.271278298204,387.512800138591,388.168122049384,387.417143157827,387.268053959109,387.471610905992,387.326793864307,387.43602409253,388.573227342401,388.560400773549,387.418025835709,387.534003145441,388.164016269081,387.501886049754,390.146727868628,387.742385262392,388.176347021744,388.153174936608,387.808518895971,387.62608353999,387.857973688698,387.897635112981,387.562959255768
389.398346229197,387.74083611041,388.271278298204,387.377625292053,388.042415041006,387.396406641523,387.268053959109,387.471610905992,387.307366926932,387.29349916922,388.211286298701,388.560400773549,387.418025835709,387.426267612653,388.164016269081,387.363162303355,389.602821684107,387.671433288639,388.050146466476,388.002464891026,387.747992798397,387.62292711842,387.857973688698,387.756898070269,387.357833778369
388.688314367034,387.689433810744,388.185851943722,387.377625292053,387.966099895357,387.378867155042,387.268053959109,387.459012982764,387.218404328519,387.29349916922,387.89988602325,388.166233827692,387.352382112818,387.414533219775,388.022156897421,387.363162303355,388.934096299251,387.671433288639,387.768698860568,387.677391230685,387.747992798397,387.537376530128,387.675563517973,387.68325801276,387.357833778369
388.688314367034,387.620634506315,387.851297413591,387.33847919041,387.834285288574,387.359231732266,387.268053959109,387.425002365437,387.193398318955,387.29349916922,387.767405757552,388.077601966561,387.297543904981,387.365037973892,387.806098007555,387.363162303355,388.679959040705,387.671433288639,387.702755143305,387.677391230685,387.573200413505,387.446294263111,387.659964310262,387.561805609143,387.357833778369
388.688314367034,387.605590195979,387.851297413591,387.192291610145,387.632675969856,387.267095454248,387.268053959109,387.425002365437,387.193398318955,387.265893988998,387.753469200847,388.030338440686,387.295730470416,387.289483092266,387.651626283167,387.3214566376,388.193449247352,387.53666425547,387.545576415313,387.632187712722,387.50921101931,387.373555675287,387.523271148673,387.561805609143,387.357833778369
388.223546273881,387.565882361282,387.736177563155,387.192291610145,387.520572900919,387.218802613442,387.268053959109,387.425002365437,387.193398318955,387.25001836819,387.648870484325,387.853781760591,387.295730470416,387.279458347208,387.556000671904,387.316309403248,388.193449247352,387.479912297694,387.501120848451,387.522428164212,387.41333497314,387.35256916684,387.522732238538,387.561805609143,387.350555806176
387.931228185471,387.450790767285,387.55750662255,387.17340040648,387.386550559018,387.189737472853,387.268053959109,387.35539858059,387.19223225436,387.208252372921,387.584416447817,387.853781760591,387.295730470416,387.253301341679,387.495181564423,387.243192403837,388.118139350076,387.394295823999,387.409414057065,387.444252464225,387.41333497314,387.304896846661,387.513628009986,387.457222078731,387.282587041356
387.833936924465,387.391122838974,387.457637989377,387.168494110667,387.386550559018,387.168300771157,387.244736686911,387.35539858059,387.113854141069,387.205741819269,387.536879896062,387.737537002049,387.197593411719,387.203654817029,387.495181564423,387.243192403837,388.118139350076,387.37763959607,387.321225631921,387.432821421693,387.41333497314,387.268981571776,387.439408559547,387.358815730053,387.260070619501
387.833936924465,387.343051268422,387.457637989377,387.164052309027,387.301010288312,387.112722571108,387.218738546135,387.333517219628,387.113854141069,387.183607040995,387.443437472575,387.465156393942,387.117284130324,387.200311605397,387.495181564423,387.2282451342,387.699551957239,387.369676162604,387.260853598852,387.299664497312,387.330639632172,387.268981571776,387.37748983462,387.358815730053,387.196998440848
387.752259407519,387.338943278276,387.447125098214,387.164052309027,387.301010288312,387.095300855851,387.19939703321,387.27926490324,387.100720814236,387.120312092579,387.383692012455,387.465156393942,387.117284130324,387.194504500439,387.38660041555,387.147356377938,387.699551957239,387.264913491667,387.260853598852,387.299664497312,387.320458583357,387.254285375544,387.23150180036,387.308625773206,387.196998440848
387.721707148829,387.283769081056,387.322538418983,387.164052309027,387.273905314436,387.095300855851,387.14205875243,387.19353964221,387.100720814236,387.120312092579,387.303494440822,387.465156393942,387.117284130324,387.194242742276,387.321683272019,387.147356377938,387.641883844651,387.264913491667,387.25256432704,387.273576331879,387.320458583357,387.188655499255,387.215190990876,387.288279752868,387.164099636258
387.615754652213,387.236203456901,387.267379960959,387.135318368527,387.273905314436,387.084025310999,387.14205875243,387.11697148142,387.087247867867,387.085736034597,387.303494440822,387.406408842121,387.117284130324,387.151881586488,387.288008575113,387.147356377938,387.551050702195,387.256138001184,387.25256432704,387.273576331879,387.319152704084,387.163696585288,387.215190990876,387.288279752868,387.152908688461
387.487910310626,387.215315675328,387.237824485964,387.113271604765,387.237951188612,387.01831459804,387.099533929446,387.11697148142,387.070050452239,387.085736034597,387.256208861094,387.406408842121,387.117284130324,387.143532974543,387.205732415855,387.13584800035,387.47437395577,387.177535128659,387.200713005444,387.198031839677,387.270859253567,387.147444335748,387.208474395108,387.190969927318,387.098374592734
387.449397077878,387.215315675328,387.237824485964,387.074155729209,387.208688321813,386.974461328995,387.099533929446,387.11697148142,387.039384223666,387.051697864192,387.256208861094,387.399186184552,387.117284130324,387.143532974543,387.205732415855,387.079633875128,387.47437395577,387.177535128659,387.200713005444,387.198031839677,387.243482830432,387.13812934672,387.208474395108,387.190969927318,387.098374592734
387.420283605345,387.144917293446,387.195541308115,387.066098177303,387.208688321813,386.939330323769,387.087531283566,387.067128152396,386.97447215568,387.051697864192,387.256208861094,387.23850113248,387.117284130324,387.134500526798,387.205732415855,387.079633875128,387.360095075497,387.173382750374,387.170051246278,387.198031839677,387.106935494125,387.134555684346,387.173999414713,387.166000809833,387.098374592734
387.420283605345,387.144917293446,387.126326703299,387.046343674666,387.166087023526,386.93570158281,387.054483854332,387.067128152396,386.966126586971,387.047824319878,387.256208861094,387.179305662,387.104542485163,387.133072082554,387.189807747751,387.044803849015,387.360095075497,387.1282479596,387.14618291571,387.190750571272,387.106935494125,387.101044414393,387.135952136188,387.12425141938,387.098374592734
387.309116762903,387.144917293446,387.126326703299,387.046343674666,387.137148967246,386.894922019544,387.024146719947,387.05978978707,386.929288603563,386.994201757998,387.201987880153,387.179305662,387.103269234397,387.112510260105,387.189807747751,387.034352215764,387.302561318024,387.1282479596,387.14618291571,387.168835956406,387.106935494125,387.101044414393,387.126961936296,387.12425141938,387.083068211218
387.309116762903,387.1297909792,387.126326703299,387.016421017535,387.129989393418,386.886521518155,387.024146719947,387.05978978707,386.903755598457,386.978882619521,387.201987880153,387.179305662,387.103269234397,387.112510260105,387.189807747751,386.972772835268,387.302561318024,387.1282479596,387.14618291571,387.105476675827,387.106935494125,387.088929799797,387.126961936296,387.108167835302,387.081762280044
387.288675585053,387.1297909792,387.126326703299,387.009810483598,387.112428535499,386.884137851305,387.024146719947,387.051303782706,386.878135252369,386.928162404349,387.121756515301,387.179305662,387.100849715586,387.107233474986,387.130251030168,386.939487303306,387.267544770058,387.082673182327,387.087281401021,387.043192950456,387.106935494125,387.088929799797,387.017216909524,387.038736211733,387.026358269523
387.266851033081,387.092370716792,387.10682408353,386.987226385877,387.112428535499,386.859846572823,387.016372434031,387.029357206787,386.86657982822,386.919081683478,387.121756515301,387.157715960534,387.051820668486,387.061041617025,387.130251030168,386.90336436004,387.22248810764,387.081678916069,387.087281401021,387.043192950456,387.093026291942,387.059998342534,387.017216909524,387.038736211733,387.026358269523
387.239323377857,387.071437648139,387.091486391917,386.987226385877,387.077506505118,386.832503770172,386.947832852859,387.001520462202,386.857073583064,386.87036815001,387.121756515301,387.116881833075,387.033414948093,387.039342343067,387.117299407924,386.872039247212,387.187251920213,387.081678916069,387.087217421145,387.043192950456,387.093026291942,387.052108697005,387.017216909524,387.010639496425,387.012199426013
387.239323377857,387.071437648139,387.063181443772,386.95591282405,387.077506505118,386.832503770172,386.935003087778,386.938652653102,386.832402356617,386.87036815001,387.121756515301,387.090569848351,386.999278411286,387.039342343067,387.117299407924,386.839656938269,387.165367087061,387.064724107727,387.087217421145,387.031212274543,387.093026291942,387.005951135483,387.017216909524,386.965031636585,387.007425253089
387.231208902346,387.071437648139,387.063181443772,386.938455674603,387.077506505118,386.809870407493,386.915616781414,386.935111390556,386.825838161503,386.87036815001,387.118264527451,387.036661129277,386.970720792259,387.039027506412,387.041479093572,386.836323851275,387.132895786507,387.031348674904,387.084794057291,387.002021735157,387.065305412099,386.986516070235,387.017216909524,386.965031636585,386.968334634599
387.222644626979,387.071437648139,387.021621038592,386.918192515519,387.054138862774,386.809870407493,386.882497112972,386.902880182614,386.802899169401,386.861983174103,387.112933067052,386.985535047707,386.923566440517,387.00388407982,387.0357239288,386.821110210523,387.132895786507,387.028280375133,387.042800499602,387.002021735157,387.059767711713,386.986516070235,387.009970032081,386.92523366501,386.928820300424
387.207773733983,387.038145089176,386.955591190629,386.896915506342,386.979631605541,386.809870407493,386.83537489681,386.884024875878,386.802823011925,386.839792672811,387.05972856667,386.971298606094,386.923511461305,386.975194658184,386.994261551333,386.800295138042,387.103399371133,386.964342454511,387.042800499602,386.97377433883,387.033088831182,386.976221806221,386.983522006065,386.905657816421,386.884171508538
387.184556921059,387.038145089176,386.955591190629,386.877587926977,386.915267027079,386.809590006219,386.83537489681,386.873631265681,386.796735551547,386.839792672811,387.05972856667,386.971298606094,386.923511461305,386.915103023997,386.994261551333,386.786613800903,387.103399371133,386.964342454511,387.042800499602,386.939066196797,387.029640048234,386.949811810554,386.968431162512,386.866834508628,386.884171508538
387.122710635329,387.038145089176,386.924832829188,386.877587926977,386.915267027079,386.785377592755,386.810521854846,386.868894067442,386.783756505881,386.839792672811,387.054260802242,386.971298606094,386.869267284576,386.870023353379,386.994261551333,386.764147825742,387.103399371133,386.945522690992,387.0232876603,386.90214933892,386.952572304409,386.911788202181,386.942883101031,386.866834508628,386.863047206549
387.070006238591,387.038145089176,386.900931890801,386.86020327753,386.915267027079,386.785377592755,386.797725274827,386.858143900791,386.774902268239,386.823385733852,387.049036418251,386.971298606094,386.868471927825,386.870023353379,386.993264742862,386.764147825742,387.103399371133,386.906271243151,386.940380674471,386.90214933892,386.948877402303,386.908157098661,386.929032064914,386.840147175321,386.863047206549
387.069416643537,386.949974693372,386.900931890801,386.838922332025,386.913616156918,386.769796032432,386.790323896185,386.837023873028,386.770785921354,386.79286547505,386.978152315047,386.961373288365,386.830924708059,386.870023353379,386.936080297606,386.754157893601,387.044427001701,386.890169049425,386.940380674471,386.85456981557,386.923436125766,386.900740514634,386.897266111297,386.817806097385,386.833001673934
387.05062263634,386.949974693372,386.900931890801,386.837594016493,386.887049248996,386.766827893273,386.777762702,386.837023873028,386.768091348624,386.79286547505,386.978152315047,386.906112823121,386.812824051231,386.870023353379,386.936080297606,386.753713583854,387.026347123839,386.880532500952,386.940380674471,386.828085520874,386.901019477939,386.859151823518,386.83559679338,386.817806097385,386.829965477826
386.983785965675,386.947514382778,386.882940162537,386.815646930922,386.875140733566,386.761909655439,386.771394923441,386.837023873028,386.766186933348,386.783940943713,386.955028852207,386.881483914787,386.784479365384,386.842131342844,386.932939354374,386.746877456687,387.026347123839,386.847695130712,386.940380674471,386.820425166256,386.851381665758,386.856397057542,386.811408352721,386.816007478105,386.824940764688
386.983785965675,386.886777450226,386.842869101508,386.811427936789,386.852111221783,386.759232955377,386.763433754732,386.832209359642,386.762908126292,386.774133567229,386.902079952864,386.852129792235,386.779438508605,386.836437998582,386.885523930083,386.743293213393,387.026347123839,386.833366106936,386.940380674471,386.814633011859,386.839460949626,386.834788699741,386.809487101708,386.804963826598,386.783433565506
386.950346692377,386.886777450226,386.812748052064,386.794683321323,386.824433242131,386.759232955377,386.763433754732,386.814868758616,386.757625157049,386.760660197804,386.880570039729,386.82860793992,386.770377122287,386.828945836015,386.885523930083,386.742117405139,387.011264263618,386.818829514005,386.890044569303,386.786094504244,386.815843788339,386.834788699741,386.785885051466,386.793263843516,386.783011461511
386.948320819699,386.873205176468,386.812748052064,386.793162971571,386.804390612306,386.758514849126,386.758650613492,386.813807529419,386.757625157049,386.756542342568,386.823108191868,386.801839638675,386.769460351458,386.816681921027,386.865746866968,386.740831571046,386.996276086838,386.809237105005,386.86404537986,386.786094504244,386.815843788339,386.810063201023,386.779721898502,386.787808835965,386.782459343689
386.90556815186,386.831919181189,386.80672628606,386.785739107318,386.790670419251,386.757056527312,386.750346921484,386.804402279985,386.757625157049,386.748967842909,386.818208075804,386.801839638675,386.75242498094,386.798306132922,386.84927063696,386.738630712794,386.953610933519,386.809237105005,386.86404537986,386.773783873077,386.796844885237,386.810063201023,386.764513944264,386.783590685432,386.770618422123
386.90556815186,386.820078482229,386.792364273767,386.785739107318,386.787482487337,386.756609518975,386.748918077004,386.793101842069,386.756523062236,386.748967842909,386.8092748742,386.778520810616,386.75242498094,386.795372871926,386.840544529539,386.735619207655,386.953610933519,386.790674459244,386.853403384673,386.77039892939,386.786290872435,386.8086962349,386.764513944264,386.780165168277,386.770618422123
386.895960154169,386.806215749347,386.779100828769,386.77921512291,386.779542791734,386.755241904299,386.74621400268,386.786349066214,386.756257472442,386.745443596488,386.805373993093,386.778520810616,386.75242498094,386.783825601949,386.804896444144,386.735495555833,386.912162029374,386.790674459244,386.842941601775,386.766105649112,386.771422897416,386.806129332959,386.764513944264,386.770232898705,386.763719914285
386.894269855711,386.789097589352,386.767740574828,386.77921512291,386.771995286134,386.755241904299,386.74621400268,386.786349066214,386.755802912048,386.743772410691,386.787164589648,386.778323302377,386.750328077649,386.782860395784,386.804896444144,386.73473881958,386.912162029374,386.790577996891,386.810798079829,386.759046424445,386.771422897416,386.804479192986,386.760345372869,386.770232898705,386.76118007982
386.887906009144,386.769067741272,386.757646724714,386.77646983257,386.76910234683,386.755075544304,386.743622774882,386.783340134274,386.755732212141,386.743645608,386.785536225471,386.767472436904,386.747790301052,386.777167270054,386.792111627666,386.733098001835,386.905678485952,386.789903395407,386.780966705075,386.757588579671,386.771422897416,386.802086149668,386.749529307192,386.77019306483,386.755195374731
386.863376141167,386.762223598495,386.753323969046,386.77646983257,386.760998005247,386.754763598642,386.742328025985,386.776240336511,386.755181216129,386.741912489425,386.773379844128,386.766146466528,386.747670797024,386.774766762058,386.792111627666,386.733098001835,386.901457364087,386.786718625975,386.776202077025,386.757588579671,386.769561246968,386.800119588399,386.749529307192,386.77019306483,386.755195374731
386.848435592751,386.755953680714,386.751596121906,386.77499012817,386.758183682326,386.754186163182,386.74111476341,386.770685194371,386.754682439692,386.739193141914,386.773379844128,386.759999306892,386.744540321338,386.772052864036,386.78120966638,386.732325909672,386.890903077589,386.782562600905,386.776202077025,386.755815208433,386.767162427307,386.799309586685,386.743624746057,386.768943197962,386.754119738996
386.842754329583,386.749599555167,386.748979262118,386.773819692497,386.758183682326,386.753912475631,386.740588103786,386.769897411973,386.754682439692,386.738956815847,386.761988258254,386.759384966284,386.743843461668,386.772052864036,386.778849811421,386.732325909672,386.848865351079,386.780588924893,386.776202077025,386.755384283039,386.761934028238,386.797982052476,386.743624746057,386.767004968622,386.753352831882
386.834607007586,386.742976286059,386.746524705267,386.771625948019,386.755648696162,386.753855970858,386.739471432093,386.761160150269,386.754398107775,386.737446194637,386.759464747328,386.75165405707,386.741921138554,386.771881518168,386.775515005227,386.7319974211,386.848494562819,386.776596571029,386.7502014302,386.753421110471,386.755084497724,386.797570032888,386.735841217075,386.766393908149,386.75190687583
386.829538302096,386.739696515017,386.744302820647,386.771037064684,386.75407298043,386.753620484294,386.739471432093,386.759250954621,386.754398107775,386.737446194637,386.759464747328,386.750524208428,386.739857209786,386.771326111387,386.769272355044,386.731516449737,386.816993185824,386.774444231692,386.7502014302,386.753263070626,386.755084497724,386.796767494396,386.732925768702,386.766393908149,386.75190687583
386.815395882865,386.737220012039,386.741304260403,386.770388014194,386.75171114915,386.753569301735,386.738811213871,386.752948097899,386.754289375474,386.736771028225,386.753051424137,386.749982856059,386.739857209786,386.769891189902,386.768910671756,386.731311986255,386.802359313405,386.772594845101,386.732420286829,386.751424206942,386.755022006764,386.79620952611,386.732925768702,386.765598256301,386.750660605103
386.815395882865,386.73232751708,386.741304260403,386.770388014194,386.75171114915,386.753569301735,386.73826191745,386.752623547992,386.754289375474,386.736265615531,386.753051424137,386.747502843582,386.739169750514,386.769818744566,386.766532203157,386.731311986255,386.791459870334,386.771149008654,386.7324008887,386.751424206942,386.753418636057,386.79620952611,386.725479456603,386.76531303642,386.750156087047
386.809433852693,386.731260765048,386.739860515758,386.769721281811,386.750814214503,386.753569301735,386.73826191745,386.751264172059,386.754220665492,386.736265615531,386.750270726981,386.745822289806,386.738249389331,386.769260757831,386.764410672326,386.731013332126,386.791459870334,386.770786752944,386.720715178169,386.750509448699,386.752567907316,386.795797071973,386.725479456603,386.764884082694,386.749770819181
386.809433852693,386.726181665457,386.739860515758,386.769542197569,386.749549579025,386.753556258336,386.737948876705,386.750210705371,386.754220665492,386.736265615531,386.747888765566,386.7433504699,386.738249389331,386.769260757831,386.764180346799,386.731013332126,386.791459870334,386.768949789014,386.717977542197,386.750509448699,386.749401508402,386.795617926387,386.724323261165,386.764884082694,386.749715988608
386.80414647786,386.725292115138,386.739247405131,386.769259474661,386.748640906551,386.753490544116,386.737854624217,386.74887047036,386.754077517221,386.736265615531,386.745244153977,386.742058981587,386.738249389331,386.768609835338,386.763119716657,386.730809497528,386.788539043485,386.768949789014,386.717548638181,386.749402287292,386.749117376802,386.795275363633,386.722490001602,386.764808284423,386.749439206377
386.80414647786,386.725161238355,386.739179925222,386.769111110528,386.748640906551,386.75344351051,386.737694546353,386.748846374023,386.754077517221,386.736126647085,386.745244153977,386.741928118375,386.737925383506,386.768609835338,386.761039119971,386.730809497528,386.788539043485,386.767836920714,386.714606127155,386.749402287292,386.748154859044,386.795275363633,386.72181958265,386.764659110287,386.749439206377
386.79507095081,386.723792489384,386.738943954983,386.769111110528,386.748439698054,386.75339894675,386.737680750702,386.747863119852,386.754077517221,386.735976931703,386.7434656501,386.739722522022,386.737925383506,386.768448383356,386.760788156201,386.730754908228,386.781215973647,386.766670765541,386.711884940976,386.749132757619,386.746540254264,386.795147259909,386.72181958265,386.764353600234,386.74911123113
386.79507095081,386.723048954688,386.73854458465,386.769111110528,386.748148058139,386.753377992655,386.7374616958,386.747294875331,386.75404871984,386.735919868521,386.742080690667,386.738473507347,386.737768880051,386.768233574665,386.759810347563,386.730754908228,386.776411626607,386.766629925795,386.711884940976,386.749132757619,386.746540254264,386.794997497946,386.72181958265,386.764353600234,386.749018812799
386.794099249983,386.721581776781,386.738539892096,386.769070136266,386.747971938016,386.753377992655,386.7374616958,386.74630043042,386.754026750104,386.73580175367,386.740202422801,386.738416577734,386.737602505991,386.76815598336,386.759131060245,386.730734826018,386.776411626607,386.765915764223,386.709891202511,386.748979012601,386.746091484657,386.794850800744,386.721795775187,386.764334882349,386.749018812799
386.793753996623,386.720981313625,386.738109667591,386.768981246369,386.747971938016,386.753372843194,386.7374616958,386.746192866138,386.753967459765,386.735791206018,386.739454119942,386.738416577734,386.737410941503,386.768097382898,386.758807885907,386.730687686526,386.775271677805,386.765915764223,386.709891202511,386.74893752524,386.746036944573,386.794761197951,386.721541848696,386.764301795537,386.748975700744
386.792935716865,386.72088792999,386.737935452938,386.768964955505,386.747517494584,386.753357599282,386.737363537436,386.746192866138,386.753967459765,386.735764372484,386.738919113935,386.738307624034,386.737410941503,386.76804684586,386.757947474402,386.730687686526,386.773236875769,386.765652211952,386.709093187557,386.748767052902,386.745080993714,386.794604582002,386.721207709116,386.764163829483,386.748803068966
386.792292879769,386.720104648739,386.737782046876,386.768793856474,386.747471983653,386.753353123521,386.737338842937,386.746024689098,386.753938563308,386.735674786863,386.738873286708,386.738307624034,386.737389697028,386.767959904945,386.757947474402,386.730687686526,386.773236875769,386.765485375769,386.708303954842,386.74861370373,386.745024871365,386.794604582002,386.720478176508,386.764163829483,386.748758669858
386.791224595579,386.719425527636,386.737727582363,386.768793856474,386.747471983653,386.75331822483,386.737273443161,386.74580708154,386.753938563308,386.735587252867,386.738454233779,386.737548616964,386.737366085863,386.767916402635,386.757650794773,386.730677340494,386.77178335395,386.765482782993,386.707583791039,386.74861370373,386.744989690991,386.794604582002,386.720218685572,386.764023334361,386.748758669858
386.790211768536,386.718532942898,386.737602227861,386.768768585215,386.747449370443,386.75331420012,386.737273443161,386.745701085174,386.753938563308,386.735559645653,386.738098988811,386.737385389961,386.737366085863,386.767871077117,386.757650794773,386.730668613153,386.77106764784,386.765319296511,386.707583791039,386.748562161664,386.744989690991,386.794604582002,386.720218685572,386.764023334361,386.748758669858
386.790211768536,386.718532942898,386.737602227861,386.768707772394,386.747414313993,386.753295240312,386.737249166625,386.745701085174,386.753938563308,386.735559645653,386.737981677988,386.737052300721,386.737348965765,386.767871077117,386.75717655814,386.730632997978,386.769608692706,386.765294898305,386.707583791039,386.748536198178,386.744989690991,386.794477676765,386.720099784561,386.763980741101,386.748709159378
386.789817152292,386.718517993885,386.737548805243,386.768670555506,386.747300026749,386.753295240312,386.737249166625,386.745598649171,386.753922760076,386.735502411449,386.737923503037,386.736866588235,386.737348965765,386.767847736152,386.757029700756,386.730626101961,386.769608692706,386.765281802103,386.706710405439,386.748536198178,386.744897856292,386.794477676765,386.720051235991,386.763974639488,386.748604144668
386.789676060272,386.718450434557,386.737455091351,386.76865953605,386.747300026749,386.753295240312,386.737224672851,386.745438176632,386.753922760076,386.735502411449,386.737737418183,386.73672293806,386.737345528254,386.767824623942,386.757029700756,386.730626101961,386.769061380903,386.76517239454,386.706710405439,386.748448324499,386.744845337971,386.794415316476,386.720004229509,386.763942053847,386.748604144668
386.789676060272,386.718361706864,386.73740041752,386.768588507225,386.747258061154,386.753295240312,386.737224672851,386.745438176632,386.753922760076,386.735500590635,386.737654873959,386.73672293806,386.737284191255,386.767824623942,386.756998390515,386.730626101961,386.768663271246,386.76517239454,386.706710405439,386.748448324499,386.744780935442,386.794397136015,386.719833054985,386.763936894314,386.748528540684
386.788978876148,386.718095001447,386.73734563338,386.768588507225,386.747258061154,386.753291479168,386.737219439916,386.745275740194,386.753905294707,386.735495326799,386.737534603233,386.73672293806,386.737268180237,386.767824623942,386.756936436196,386.730626101961,386.768663271246,386.76517239454,386.706652948745,386.748402241552,386.74452477317,386.794335914586,386.719773022187,386.763903940233,386.748437128553
386.788868219268,386.717824959724,386.73734563338,386.768558636513,386.747258061154,386.753291479168,386.73720554439,386.745275740194,386.753905294707,386.735491843629,386.737466439661,386.736597271432,386.737214106184,386.767795012547,386.756889151459,386.730622273895,386.768399470307,386.765134280399,386.70664450949,386.748402241552,386.74452477317,386.794335914586,386.719773022187,386.763903940233,386.748437128553
386.788824868131,386.717824959724,386.737292083473,386.768545478314,386.747257224273,386.753291419692,386.737189728462,386.745216055869,386.753897112048,386.735475777401,386.73735857835,386.736506966029,386.737214106184,386.767785004812,386.756804519605,386.730613021984,386.767921353631,386.76506445293,386.706418648395,386.748365576706,386.744485871097,386.794289037235,386.71970109348,386.763903940233,386.748434541235
386.788824868131,386.717824959724,386.737287041897,386.768527347971,386.747257224273,386.753290599746,386.737189728462,386.745190080145,386.753880178803,386.735461784733,386.73735857835,386.736506966029,386.737214106184,386.767785004812,386.756804519605,386.730602605623,386.767897895915,386.765057780814,386.706418648395,386.748363548174,386.744481698587,386.794275738896,386.719645006523,386.763899535184,386.748409238246
386.788807190614,386.717780588056,386.737287041897,386.768514823957,386.747257224273,386.753286389077,386.737189728462,386.745080631614,386.753880178803,386.735459221484,386.737303338261,386.736439922113,386.737214106184,386.767751982521,386.756804519605,386.730595224914,386.767663326051,386.764989857554,386.706331054939,386.748353207335,386.744430278125,386.794275738896,386.719645006523,386.763887881968,386.748409238246
386.788807190614,386.717780588056,386.737275261495,386.768514823957,386.747230026035,386.753284611083,386.737189728462,386.745063185026,386.753874866376,386.735450350087,386.737303338261,386.736394685525,386.737192907297,386.767751982521,386.756767432815,386.730588587963,386.767633738294,386.764989857554,386.706331054939,386.748349943257,386.744430278125,386.794275738896,386.719645006523,386.763887881968,386.748378598632
386.788785439462,386.717719744375,386.737231288752,386.768507647579,386.747220696634,386.753284078683,386.737188223881,386.745010939719,386.753874866376,386.735444689551,386.737269883894,386.736324403887,386.737192907297,386.767751982521,386.756746387479,386.730588587963,386.767238713852,386.764967359581,386.706331054939,386.748347890953,386.744409805366,386.794202458782,386.719611957844,386.763878689411,386.748378598632
386.788459219786,386.717719744375,386.737231288752,386.768487369532,386.747215846201,386.753281078574,386.737187586773,386.745010939719,386.753869314388,386.735442903619,386.737234446839,386.736324403887,386.737192907297,386.767751982521,386.756729906262,386.730586955504,386.767238713852,386.764967359581,386.706219647389,386.748347890953,386.744295939253,386.794143356409,386.719578763515,386.763878689411,386.748378598632
386.788356092291,386.717714773166,386.737231288752,386.76848007767,386.747207866749,386.753272677595,386.737179778353,386.74495615336,386.753869314388,386.735441052433,386.737234446839,386.736324403887,386.737186873875,386.767748526121,386.756698911709,386.730586756872,386.767238713852,386.764934314576,386.706106274131,386.748341688941,386.744295939253,386.794143356409,386.719578763515,386.763873113259,386.748378598632
386.788329131083,386.717708597251,386.737231288752,386.76848007767,386.747207866749,386.753272677595,386.737179778353,386.744941370522,386.753864557354,386.735432320018,386.737231353167,386.736293746342,386.737186473851,386.767738323925,386.756698911709,386.730585551888,386.767211598029,386.764934314576,386.706106274131,386.748340571777,386.7442716317,386.794080638702,386.719568976946,386.763873113259,386.748372023672
386.788180388849,386.717672356796,386.737231288752,386.768479202898,386.747191588824,386.753272677595,386.737179778353,386.744941370522,386.753864474844,386.735432320018,386.737231353167,386.736243780287,386.737181537972,386.767738323925,386.756680654461,386.730583974928,386.767196451661,386.76492699755,386.706030020447,386.748330429105,386.744252795902,386.794004301683,386.719568976946,386.763873113259,386.748347775485
386.788179556451,386.717670917827,386.737231288752,386.768479202898,386.747186762127,386.753272677595,386.737177830175,386.744937604106,386.753863824798,386.735429975765,386.737224391655,386.736243780287,386.737181537972,386.767738323925,386.756672148623,386.730582116226,386.767193181293,386.76492699755,386.706030020447,386.748330429105,386.744224171784,386.793791870144,386.719568976946,386.763866979035,386.748331671266
386.78815563867,386.71765046565,386.737231288752,386.768479202898,386.747185381134,386.753272677595,386.737176199596,386.74493072535,386.753861078465,386.735428843493,386.737213778587,386.736222591566,386.737181471323,386.767731345981,386.756661391713,386.730582116226,386.767057687855,386.76492699755,386.706017611053,386.748325748485,386.744224171784,386.79116906526,386.719539251614,386.763866979035,386.7483305774
386.788125461703,386.71765046565,386.737227264177,386.768479202898,386.747185381134,386.753272677595,386.737172669343,386.74493072535,386.753860387715,386.735428836855,386.737200273113,386.736210166951,386.737178606741,386.767727260333,386.756659917371,386.730580409877,386.767057687855,386.76492699755,386.706011640206,386.748324907854,386.744207655242,386.771387775735,386.719539251614,386.763866979035,386.74832233615
386.788090514458,386.717633865084,386.737221854799,386.768478522231,386.747181897224,386.753271988111,386.737172669343,386.74490741433,386.753858710555,386.7354280421,386.737196843651,386.736202561938,386.737174371412,386.767718017086,386.756653618655,386.730580409877,386.767042418925,386.76492699755,386.706007206129,386.748324907854,386.744199156254,386.771387775735,386.719535753985,386.763866979035,386.74832233615
386.788090514458,386.717623038839,386.737219431699,386.768474800157,386.747178786582,386.753269978784,386.737172669343,386.744905465259,386.753858710555,386.735426740066,386.737186800494,386.736202561938,386.737172897189,386.767717867401,386.756647255121,386.730580292609,386.767012413457,386.76492699755,386.706007206129,386.748323011982,386.744199156254,386.771387775735,386.71952691425,386.763863099897,386.748315630239
386.788076319426,386.71761648481,386.737217631214,386.768474044282,386.747174055711,386.753268398634,386.737171007202,386.744905465259,386.753858710555,386.735426130994,386.737186800494,386.736197121067,386.737172897189,386.767715311993,386.756647255121,386.730580259484,386.766995405504,386.764921499728,386.705993033036,386.748322283931,386.744196063825,386.771387775735,386.719524157569,386.763861820145,386.748313265848
386.788063669406,386.717605524186,386.737211821146,386.768472708854,386.747174055711,386.753267865397,386.737170821791,386.744905465259,386.753857508524,386.735425217959,386.737186800494,386.736187687104,386.737172897189,386.767713712331,386.756644854357,386.730580259484,386.766995405504,386.764914596185,386.705993033036,386.748320381997,386.744187938627,386.771387775735,386.719521110993,386.763859206781,386.748311461657
386.788046249877,386.717605524186,386.737210991276,386.768468729668,386.747174055711,386.753267669204,386.737170821791,386.744901647327,386.753857508524,386.735423554916,386.737181724491,386.736183356913,386.73717143102,386.767712157972,386.756644789246,386.730580167071,386.766991628316,386.764912895084,386.70599132049,386.748320381997,386.744187938627,386.771001438892,386.719521110993,386.763856979695,386.74830862034
386.788037460234,386.717605524186,386.737209261095,386.768468729668,386.747174055711,386.753267279375,386.737170198051,386.744900523119,386.753857028848,386.735423331754,386.737181724491,386.736183356913,386.73717143102,386.767709838209,386.756638579511,386.730580045503,386.766960486103,386.764912895084,386.705982771753,386.748319250573,386.744187938627,386.769637373375,386.719521110993,386.76385372878,386.748307602309
386.788012776663,386.717605107489,386.737209261095,386.768468729668,386.747174055711,386.753266366298,386.737170155807,386.744899473581,386.753856566242,386.735422623121,386.737179052164,386.736165579166,386.737171151039,386.767709556768,386.756636285407,386.730580045503,386.766957302244,386.764910917068,386.705982771753,386.748319250573,386.744182125809,386.766332240516,386.719514201818,386.76385372878,386.74830602428
386.788011839826,386.717604950041,386.737208646908,386.768468729668,386.74717249304,386.753266366298,386.737170014608,386.74489673929,386.753856465771,386.735422623121,386.737179052164,386.73616184451,386.73717085669,386.767708552369,386.756636285407,386.730579896773,386.766957302244,386.764907596997,386.705979892468,386.748316868091,386.744181029571,386.763934312658,386.719514201818,386.763851808156,386.74830602428
386.788005884725,386.717596572434,386.737208646908,386.768467676977,386.747170421932,386.753266257082,386.737169622802,386.744896075341,386.753856465771,386.735422334436,386.73717455602,386.736158829981,386.737170509693,386.767708331058,386.756636285407,386.730579676898,386.766941446928,386.764905852498,386.705979892468,386.748316868091,386.744181029571,386.761955446146,386.719514201818,386.763851808156,386.748305213775
386.788005884725,386.71759526968,386.737207699553,386.768467676977,386.747170421932,386.753265964869,386.737169513462,386.744896075341,386.753856188343,386.735422042131,386.73717455602,386.736158829981,386.737170509693,386.767708331058,386.7566339357,386.730579676898,386.766921586667,386.764905852498,386.70597886118,386.748316868091,386.744179286227,386.76066087543,386.719514201818,386.763851808156,386.748304760872
386.788003065958,386.717591975449,386.737207013075,386.768467585277,386.747170421932,386.75326568511,386.737169097479,386.74489535097,386.753856055364,386.735421986278,386.73717200299,386.736155850321,386.737169989223,386.767707855605,386.756627370479,386.730579566214,386.766912127534,386.764905852498,386.70597886118,386.748316491595,386.744179286227,386.758880435526,386.719511038416,386.763851808156,386.748303681012
386.788003065958,386.717590698946,386.737206084022,386.768467373624,386.747170421932,386.753265684727,386.737169097479,386.744894584167,386.753855963358,386.735421714998,386.73717200299,386.736151148255,386.737169989223,386.767707237623,386.756627370479,386.730579566214,386.766912127534,386.764905852498,386.70597886118,386.748316491595,386.744179286227,386.757318649576,386.719510029888,386.763851401702,386.748303647214
386.787996258004,386.717590698946,386.737205773216,386.768466901497,386.747169830616,386.753265587683,386.73716901978,386.744893233023,386.753855944529,386.735421714998,386.737171011578,386.736149072676,386.737169588377,386.767706466894,386.756627282054,386.730579404112,386.766912127534,386.764904733842,386.705974629136,386.748316258042,386.744177891854,386.756523870757,386.719509193736,386.763850926603,386.748303246285
386.787996258004,386.717590698946,386.737205773216,386.768466901497,386.747169830616,386.753265551814,386.737168979586,386.744892999727,386.753855835777,386.735421714998,386.737170208022,386.736149072676,386.73716926827,386.76770617867,386.756625009959,386.730579279744,386.766912127534,386.764904458569,386.705971017304,386.74831560615,386.744176740629,386.75593030743,386.719509193736,386.763850926603,386.748303246285
386.787995902856,386.717588331593,386.737205574268,386.768466634734,386.747169436887,386.753265448679,386.737168938912,386.744892661347,386.75385572654,386.735421714998,386.737170208022,386.736148591767,386.73716926827,386.767705921357,386.756625009959,386.730579260376,386.766912127534,386.764903967161,386.705967262911,386.748314778261,386.744174596846,386.755217798787,386.719509193736,386.76385076307,386.748303246285
386.787994850969,386.717588148567,386.737205435917,386.768466477812,386.747169082074,386.75326540133,386.737168938912,386.744892661347,386.753855640922,386.735421569358,386.737170208022,386.736148134109,386.73716926827,386.76770590532,386.756623846761,386.730579200294,386.766912127534,386.764903480854,386.70596651271,386.748314778261,386.744174596846,386.754925324956,386.719508933015,386.763850525534,386.748303215311
386.787992984825,386.71758708172,386.737205435917,386.768466477812,386.747168643803,386.753265299464,386.737168938912,386.744891845937,386.75385550619,386.735421402098,386.737169618483,386.736146349077,386.737169112113,386.767705688761,386.756621723362,386.730579200294,386.766910726482,386.764903480854,386.70596651271,386.748314778261,386.744174596846,386.754812064816,386.719508794902,386.763850436602,386.748302986056
386.787992477774,386.71758708172,386.737205435917,386.768466462134,386.747168643803,386.753265282694,386.737168809002,386.744891385133,386.753855456288,386.735420906955,386.737169618483,386.736145457007,386.737168985355,386.767705616328,386.756621723362,386.730579200294,386.766905161214,386.764903480854,386.705965972607,386.748314778261,386.744174596846,386.75451878216,386.719508408294,386.763849982942,386.748302786353
386.787989982955,386.717586639054,386.737205310471,386.768466427609,386.747168451133,386.753265282694,386.737168717026,386.744891181178,386.753855398479,386.735420906955,386.737169618483,386.736142928932,386.737168790724,386.767705527711,386.756621723362,386.730579186217,386.766901925848,386.764903480854,386.705965324077,386.748314778261,386.744174457774,386.754101749874,386.719508408294,386.763849630994,386.748302697998
386.787989956302,386.717586149524,386.737205273786,386.76846639328,386.747168427895,386.753265282694,386.737168702304,386.744890967278,386.753855398479,386.735420892841,386.737169618483,386.736142928932,386.737168756377,386.767705523452,386.756620415917,386.730579106307,386.766899482481,386.764902957995,386.705965324077,386.748314704584,386.744173791482,386.753967324924,386.719507721031,386.763849630994,386.748302523667
386.787989280875,386.717585650285,386.737205267375,386.768466338801,386.747168296759,386.75326527428,386.737168642698,386.744890967278,386.753855372548,386.735420675889,386.737169298362,386.73614258561,386.737168746001,386.76770549251,386.756620136235,386.730579106307,386.766898009082,386.764902936149,386.705964789195,386.748314587664,386.744173145759,386.753861635239,386.719507721031,386.763849444391,386.748302434248
386.787988743426,386.717585323662,386.737205175496,386.768466338801,386.747167733983,386.753265239218,386.737168642698,386.744890788855,386.753855314544,386.735420596395,386.737169273461,386.736142450748,386.737168707565,386.767705433849,386.75661950411,386.730579046636,386.766898009082,386.764902854,386.705964673122,386.74831438038,386.744172979016,386.75382801757,386.719507566567,386.763849444391,386.748302434248
386.787988012607,386.717585179541,386.737205168244,386.768466338801,386.747167663678,386.753265229392,386.737168629283,386.744890743098,386.753855266417,386.735420581038,386.737168992758,386.736141082039,386.737168672207,386.76770537974,386.756619220777,386.730579046636,386.766896459043,386.764902575396,386.705964619914,386.748314290478,386.744172491284,386.75377967769,386.7195074129,386.763849383628,386.748302410268
386.787988012607,386.717584990113,386.737205168244,386.768466334638,386.747167619815,386.753265227152,386.737168602383,386.744890671453,386.753855266417,386.735420505886,386.737168992758,386.736140973087,386.737168619346,386.767705356715,386.756619220777,386.730579020142,386.766895324594,386.764902432594,386.705964296631,386.748314271826,386.744172491284,386.753704027735,386.7195074129,386.763849321655,386.748302388853
386.78798745931,386.717584817377,386.737205168244,386.768466281557,386.747167619815,386.75326518645,386.737168586089,386.744890625891,386.753855245319,386.735420501385,386.737168992758,386.736140973087,386.737168609117,386.767705287827,386.756618859238,386.730579020142,386.766894412581,386.764902187195,386.705964001027,386.748314163278,386.744172282064,386.753660653636,386.719507272778,386.763849267022,386.748302348427
386.787987078598,386.717584685042,386.737205165254,386.768466244621,386.747167594853,386.75326518645,386.737168584657,386.744890562015,386.753855245319,386.735420488162,386.737168830461,386.736140434739,386.737168608863,386.767705279138,386.756618573243,386.730579013082,386.766893364711,386.76490206447,386.705964001027,386.748314136123,386.744172126679,386.75363386083,386.719507221828,386.763849245129,386.748302324532
386.787987078598,386.717584434617,386.737205116485,386.768466218762,386.747167475009,386.753265174717,386.737168582067,386.744890491383,386.753855222065,386.735420469678,386.737168830461,386.736140093939,386.737168600057,386.767705279138,386.756618520409,386.73057898182,386.766893231215,386.764902046409,386.705963803301,386.748314107134,386.744171818209,386.753622014819,386.719507221828,386.763849179342,386.748302309916
386.787987078598,386.71758433872,386.737205116485,386.768466208871,386.747167475009,386.753265167973,386.737168572515,386.744890456248,386.753855221329,386.735420469678,386.737168830461,386.736140093939,386.737168580761,386.767705279138,386.756618369473,386.73057898182,386.766893096251,386.764902013806,386.705963674342,386.748314093978,386.744171818209,386.753621073582,386.719507158664,386.763849179342,386.748302302119
386.787986858916,386.717584287724,386.737205093414,386.768466208871,386.747167401003,386.753265164782,386.737168565983,386.744890389209,386.753855213308,386.735420456193,386.737168803326,386.736139786903,386.73716854698,386.767705257148,386.756618369473,386.730578979184,386.766892955798,386.764901958895,386.705963574111,386.748314086689,386.744171806945,386.7535782797,386.719507114708,386.763849147485,386.748302293911
386.787986371345,386.717584287724,386.737205088795,386.768466200006,386.747167374712,386.753265164085,386.737168549568,386.744890380577,386.753855203145,386.735420455967,386.737168677287,386.736139786903,386.73716854698,386.767705255376,386.756618369473,386.730578979184,386.766892840119,386.764901898522,386.705963516205,386.748314062072,386.744171806945,386.7535782797,386.719507050014,386.763849133291,386.748302293911
386.787986240647,386.717584208575,386.737205073834,386.768466200006,386.747167374712,386.753265162656,386.737168538949,386.744890333646,386.753855203145,386.735420445443,386.737168677287,386.736139786903,386.73716854698,386.767705241124,386.756618334008,386.730578972555,386.766892611653,386.764901857027,386.705963510342,386.74831404927,386.744171785794,386.7535782797,386.719507042932,386.763849116788,386.748302286946
386.787985707495,386.717584204933,386.737205071552,386.768466196685,386.747167371241,386.753265161992,386.73716853823,386.744890326284,386.753855202072,386.73542043694,386.737168677287,386.736139786903,386.73716854698,386.767705236627,386.756618264666,386.730578970977,386.766892611653,386.764901850499,386.705963487237,386.74831404927,386.744171667424,386.753567623346,386.719507029291,386.763849113894,386.7483022754
386.787985707495,386.71758417874,386.737205057559,386.768466188501,386.747167333538,386.753265157232,386.737168535014,386.744890307503,386.753855201229,386.735420435401,386.737168677287,386.736139702665,386.737168527445,386.767705230665,386.756618185292,386.730578970977,386.766892515466,386.764901828975,386.705963455513,386.748314047069,386.74417165664,386.753559284072,386.719507018779,386.763849103345,386.7483022754
386.787985707495,386.717584145312,386.737205057559,386.768466187825,386.747167327181,386.753265157175,386.73716852801,386.744890302681,386.753855199912,386.735420432977,386.737168646834,386.736139702665,386.737168526718,386.767705230665,386.756618119763,386.730578970977,386.766892476247,386.764901811373,386.705963427549,386.748314043535,386.744171634671,386.753559284072,386.719507004614,386.763849097513,386.748302271863
386.787985707495,386.717584118194,386.73720504936,386.768466181045,386.747167327181,386.753265156414,386.737168526326,386.744890289925,386.753855196322,386.735420428358,386.737168619831,386.736139623057,386.737168516997,386.767705229015,386.756618114644,386.730578967512,386.766892307453,386.764901789996,386.705963407168,386.748314032013,386.744171629755,386.753558100093,386.719506969169,386.763849096991,386.748302271863
386.787985707495,386.717584118194,386.737205046436,386.768466177788,386.747167312028,386.753265156414,386.737168516554,386.744890285827,386.75385519594,386.735420426161,386.737168595766,386.736139581722,386.73716851668,386.767705227544,386.756618114644,386.730578965448,386.766892258508,386.764901783311,386.705963393892,386.748314032013,386.744171594789,386.753554454395,386.719506965068,386.763849092962,386.748302271863
386.787985473547,386.717584118194,386.737205042411,386.768466171672,386.747167312028,386.753265155617,386.737168514466,386.744890282833,386.753855193801,386.735420425008,386.737168590941,386.736139567492,386.737168513285,386.767705225488,386.756618093304,386.730578964352,386.766892184025,386.764901777021,386.705963384374,386.748314026088,386.744171584194,386.753549163266,386.719506957257,386.763849087994,386.748302268413
386.787985464386,386.717584102948,386.737205035655,386.768466171672,386.747167311892,386.753265155269,386.737168511557,386.744890278785,386.753855193309,386.735420424287,386.737168590686,386.736139545001,386.7371685097,386.767705222965,386.756618065735,386.730578963619,386.766892148572,386.764901773503,386.705963384374,386.748314025511,386.744171583457,386.753549163266,386.719506953089,386.763849084639,386.748302267038
386.787985381972,386.717584092768,386.737205033117,386.768466169465,386.747167301482,386.753265154227,386.737168508739,386.744890277297,386.753855192323,386.735420422704,386.737168557722,386.73613951912,386.7371685097,386.767705220702,386.756618065735,386.730578962965,386.766892129368,386.764901771264,386.70596336949,386.748314024011,386.744171575438,386.753549163266,386.719506942053,386.763849083093,386.748302267038
386.787985346939,386.717584077505,386.737205033117,386.768466168247,386.747167301482,386.75326515378,386.737168507433,386.744890273582,386.753855192083,386.735420422161,386.737168557722,386.73613951912,386.737168507645,386.767705220702,386.756618049199,386.730578962742,386.766892087061,386.764901765539,386.70596336949,386.748314023583,386.744171565186,386.753547370457,386.719506940547,386.763849081723,386.748302266882
386.787985346939,386.717584073373,386.737205032133,386.768466165935,386.747167299992,386.753265153207,386.737168505423,386.744890273136,386.753855191601,386.73542042198,386.737168543445,386.736139483936,386.737168506033,386.767705219972,386.756618037613,386.73057896178,386.766892071563,386.764901761596,386.705963363019,386.748314022412,386.744171557083,386.753547370457,386.719506938704,386.763849079858,386.748302265478
386.787985346939,386.717584069874,386.737205031369,386.768466165935,386.747167297533,386.753265153184,386.737168505423,386.744890272351,386.753855191418,386.73542042165,386.737168531842,386.736139474776,386.737168505618,386.767705219348,386.75661803505,386.730578961087,386.766892047076,386.764901761596,386.705963359908,386.748314021774,386.744171557083,386.753547370457,386.719506937919,386.763849079858,386.748302264482
386.787985312259,386.717584064607,386.737205030546,386.768466164827,386.747167295602,386.75326515308,386.737168504132,386.74489027147,386.753855191329,386.735420421254,386.7371685195,386.736139467923,386.737168504435,386.76770521913,386.756618032844,386.730578960523,386.766892035365,386.764901761584,386.70596335653,386.748314021313,386.744171543568,386.753546694547,386.719506936539,386.763849079667,386.748302264482
386.78798528825,386.717584063235,386.737205030394,386.768466164558,386.747167295602,386.753265152997,386.737168504128,386.744890270799,386.753855191132,386.735420421172,386.737168516264,386.736139464146,386.737168503415,386.767705218814,386.756618028761,386.730578960523,386.766892017483,386.764901759371,386.70596335653,386.748314021034,386.744171542272,386.753546329712,386.719506935371,386.763849079596,386.748302264027
386.787985237424,386.71758405749,386.737205029909,386.768466163908,386.747167295602,386.753265152949,386.737168502749,386.744890270206,386.753855190996,386.735420420876,386.737168514925,386.736139454576,386.737168502688,386.767705218616,386.756618027356,386.730578960191,386.766892003797,386.764901758902,386.705963355244,386.748314021034,386.744171530104,386.753546015154,386.719506934728,386.76384907886,386.748302263662
386.787985237424,386.717584056738,386.737205029663,386.768466163731,386.747167295266,386.75326515284,386.737168502749,386.744890270014,386.753855190909,386.735420420857,386.737168510535,386.736139454576,386.737168502613,386.767705218568,386.756618025522,386.730578959983,386.766892002826,386.764901758451,386.705963352636,386.74831402067,386.744171530104,386.753545868404,386.719506934613,386.763849078701,386.748302263252
386.787985237424,386.717584054448,386.737205029596,386.768466163661,386.747167294328,386.753265152665,386.73716850266,386.744890269512,386.753855190869,386.735420420779,386.737168509253,386.736139449674,386.737168502386,386.767705218194,386.756618022886,386.730578959855,386.766891995819,386.764901758059,386.705963350755,386.74831402067,386.74417152721,386.753545463368,386.719506934201,386.763849078625,386.748302263215
386.787985230996,386.717584054412,386.737205029596,386.768466163399,386.747167294167,386.753265152665,386.737168502579,386.74489026927,386.753855190853,386.735420420779,386.737168507118,386.736139448745,386.737168502313,386.767705218194,386.756618022886,386.730578959828,386.766891991241,386.764901757366,386.705963349401,386.748314020485,386.744171526287,386.753545463368,386.719506933898,386.763849078401,386.748302263155
386.787985223419,386.717584054151,386.737205029284,386.768466163228,386.747167293919,386.75326515266,386.737168502379,386.744890269229,386.753855190849,386.735420420707,386.737168505641,386.736139444507,386.737168502115,386.767705218079,386.75661802097,386.730578959729,386.766891987597,386.764901757366,386.705963349121,386.748314020362,386.744171524033,386.753545384886,386.719506933792,386.763849078252,386.748302262985
386.787985223419,386.717584053516,386.737205029284,386.768466163118,386.747167293786,386.753265152627,386.737168502333,386.744890269157,386.753855190808,386.735420420676,386.737168504454,386.736139444507,386.737168502043,386.767705218079,386.756618019066,386.730578959719,386.766891986166,386.764901757272,386.705963348469,386.748314020236,386.74417152369,386.753545328419,386.71950693355,386.763849078141,386.748302262985
386.78798521797,386.71758405276,386.737205029227,386.768466163017,386.747167293504,386.753265152602,386.737168502147,386.744890268963,386.753855190759,386.735420420622,386.737168504183,386.736139443187,386.737168502043,386.767705218079,386.756618018341,386.73057895969,386.76689198515,386.764901757046,386.705963347931,386.748314020173,386.744171523313,386.753545328419,386.719506933298,386.763849078011,386.748302262965
386.787985216405,386.717584052609,386.737205029122,386.768466163017,386.747167293411,386.753265152577,386.737168502005,386.744890268963,386.753855190757,386.735420420606,386.73716850369,386.736139443187,386.737168501975,386.767705218032,386.756618016992,386.730578959659,386.76689198454,386.764901756869,386.705963347611,386.748314020173,386.744171522623,386.753545092408,386.719506933298,386.763849078011,386.748302262921
386.787985212253,386.717584052229,386.737205029076,386.768466163006,386.747167293308,386.753265152575,386.737168502005,386.744890268941,386.753855190738,386.735420420575,386.737168503184,386.73613944214,386.737168501965,386.767705218018,386.756618015916,386.730578959643,386.76689198454,386.764901756801,386.705963347463,386.748314020135,386.744171522623,386.753544568129,386.719506933254,386.763849077946,386.7483022629
386.787985210546,386.717584052229,386.73720502903,386.768466162946,386.747167293308,386.753265152571,386.737168502005,386.744890268878,386.753855190725,386.735420420568,386.737168503124,386.736139440818,386.737168501924,386.767705218002,386.756618015456,386.730578959624,386.766891984075,386.764901756744,386.70596334736,386.748314020101,386.74417152214,386.753544568129,386.719506933254,386.7638490779,386.748302262886
386.787985208635,386.71758405207,386.73720502897,386.768466162919,386.747167293308,386.753265152566,386.737168501943,386.744890268872,386.753855190723,386.735420420556,386.737168502893,386.736139440818,386.737168501883,386.767705217991,386.756618015055,386.73057895961,386.766891983223,386.764901756687,386.705963347225,386.748314020084,386.744171522002,386.753544568129,386.719506933175,386.7638490779,386.748302262876
386.787985208635,386.717584052062,386.737205028952,386.768466162911,386.747167293261,386.753265152556,386.737168501907,386.744890268843,386.753855190716,386.735420420552,386.737168502435,386.73613944051,386.737168501872,386.767705217991,386.756618014951,386.730578959608,386.766891982527,386.76490175666,386.705963347225,386.74831402007,386.744171521814,386.753544491621,386.719506933158,386.76384907789,386.748302262858
386.787985207612,386.717584051972,386.737205028939,386.768466162892,386.747167293245,386.753265152555,386.737168501902,386.744890268828,386.753855190713,386.735420420548,386.73716850226,386.736139440417,386.73716850186,386.767705217985,386.756618014644,386.730578959598,386.766891982289,386.76490175663,386.705963347101,386.748314020061,386.744171521733,386.753544379803,386.719506933143,386.763849077862,386.748302262858
386.787985207096,386.717584051888,386.737205028935,386.768466162885,386.747167293217,386.75326515255,386.73716850188,386.744890268822,386.753855190712,386.735420420543,386.737168502245,386.736139440326,386.737168501838,386.767705217982,386.756618014575,386.730578959597,386.766891982098,386.76490175663,386.705963347023,386.748314020056,386.74417152157,386.753544379803,386.719506933125,386.763849077851,386.748302262836
386.787985206818,386.717584051883,386.737205028926,386.768466162876,386.747167293165,386.753265152543,386.737168501867,386.744890268818,386.753855190709,386.73542042054,386.737168502068,386.736139440121,386.737168501837,386.767705217974,386.756618014462,386.730578959594,386.76689198181,386.76490175661,386.705963346998,386.748314020052,386.744171521497,386.753544323966,386.719506933104,386.763849077851,386.748302262834
386.787985206598,386.717584051857,386.737205028915,386.768466162867,386.747167293135,386.753265152542,386.737168501847,386.74489026881,386.753855190708,386.735420420538,386.737168502068,386.7361394401,386.737168501833,386.767705217974,386.756618014384,386.730578959591,386.766891981705,386.76490175661,386.705963346937,386.748314020046,386.744171521398,386.753544272752,386.71950693309,386.763849077843,386.748302262828
386.787985206272,386.717584051838,386.737205028911,386.768466162867,386.747167293111,386.753265152542,386.737168501837,386.744890268801,386.753855190706,386.735420420538,386.73716850198,386.736139439947,386.737168501827,386.767705217971,386.756618014295,386.730578959588,386.766891981487,386.764901756603,386.705963346908,386.748314020044,386.744171521373,386.753544268443,386.719506933089,386.763849077836,386.748302262825
386.787985206167,386.717584051813,386.737205028905,386.76846616286,386.747167293111,386.75326515254,386.737168501831,386.744890268801,386.753855190706,386.735420420537,386.737168501948,386.736139439919,386.737168501827,386.76770521797,386.756618014262,386.730578959588,386.766891981445,386.764901756601,386.705963346903,386.748314020042,386.744171521322,386.753544255036,386.719506933073,386.763849077832,386.748302262824
386.787985206074,386.717584051806,386.737205028902,386.76846616286,386.747167293098,386.75326515254,386.737168501822,386.744890268798,386.753855190705,386.735420420537,386.737168501913,386.736139439896,386.73716850182,386.767705217969,386.756618014249,386.730578959588,386.766891981418,386.764901756597,386.70596334687,386.748314020041,386.744171521281,386.753544245863,386.719506933068,386.763849077829,386.74830226282
386.787985206,386.717584051797,386.737205028902,386.768466162858,386.74716729309,386.753265152538,386.737168501822,386.744890268798,386.753855190705,386.735420420536,386.737168501861,386.736139439873,386.737168501814,386.767705217968,386.75661801422,386.730578959587,386.766891981403,386.764901756596,386.705963346861,386.74831402004,386.744171521208,386.75354423174,386.719506933061,386.763849077824,386.748302262819
386.787985205891,386.717584051791,386.737205028902,386.768466162856,386.747167293085,386.753265152538,386.737168501819,386.744890268795,386.753855190704,386.735420420535,386.737168501861,386.736139439838,386.737168501814,386.767705217967,386.75661801421,386.730578959586,386.766891981386,386.764901756593,386.705963346857,386.748314020039,386.744171521208,386.753544229718,386.719506933052,386.763849077821,386.748302262818
386.787985205857,386.717584051788,386.7372050289,386.768466162855,386.747167293078,386.753265152538,386.737168501815,386.744890268795,386.753855190704,386.735420420535,386.737168501846,386.736139439834,386.737168501814,386.767705217966,386.756618014204,386.730578959586,386.766891981358,386.764901756592,386.705963346843,386.748314020039,386.744171521185,386.753544225781,386.719506933052,386.76384907782,386.748302262818
386.787985205829,386.717584051778,386.737205028899,386.768466162853,386.747167293071,386.753265152537,386.737168501814,386.744890268794,386.753855190703,386.735420420535,386.737168501836,386.736139439808,386.737168501813,386.767705217965,386.756618014196,386.730578959586,386.766891981331,386.764901756588,386.70596334683,386.748314020039,386.744171521181,386.753544217917,386.719506933048,386.76384907782,386.748302262817
386.787985205759,386.717584051778,386.737205028897,386.768466162853,386.74716729307,386.753265152537,386.737168501814,386.744890268794,386.753855190703,386.735420420535,386.737168501831,386.736139439806,386.737168501812,386.767705217965,386.756618014189,386.730578959586,386.766891981327,386.764901756588,386.70596334683,386.748314020038,386.744171521174,386.753544214096,386.719506933047,386.763849077819,386.748302262815
386.787985205738,386.717584051778,386.737205028897,386.768466162852,386.747167293068,386.753265152537,386.737168501813,386.744890268793,386.753855190703,386.735420420535,386.737168501826,386.736139439793,386.737168501811,386.767705217965,386.756618014188,386.730578959585,386.766891981322,386.764901756588,386.705963346826,386.748314020038,386.744171521163,386.753544213406,386.719506933046,386.763849077818,386.748302262815
386.787985205733,386.717584051776,386.737205028896,386.768466162852,386.747167293066,386.753265152537,386.737168501812,386.744890268793,386.753855190703,386.735420420535,386.737168501823,386.736139439793,386.73716850181,386.767705217965,386.756618014184,386.730578959585,386.766891981314,386.764901756588,386.705963346823,386.748314020038,386.744171521159,386.753544209551,386.719506933045,386.763849077818,386.748302262815
386.787985205717,386.717584051776,386.737205028896,386.768466162852,386.747167293065,386.753265152537,386.73716850181,386.744890268792,386.753855190703,386.735420420535,386.737168501817,386.736139439788,386.73716850181,386.767705217965,386.756618014178,386.730578959585,386.766891981303,386.764901756588,386.705963346821,386.748314020037,386.744171521158,386.753544207974,386.719506933045,386.763849077818,386.748302262814
386.787985205705,386.717584051775,386.737205028896,386.768466162852,386.747167293064,386.753265152536,386.73716850181,386.744890268792,386.753855190703,386.735420420535,386.737168501815,386.736139439784,386.73716850181,386.767705217965,386.756618014176,386.730578959585,386.766891981303,386.764901756588,386.705963346821,386.748314020037,386.744171521155,386.753544206915,386.719506933045,386.763849077817,386.748302262814
386.7879852057,386.717584051775,386.737205028895,386.768466162851,386.747167293063,386.753265152536,386.73716850181,386.744890268792,386.753855190703,386.735420420535,386.737168501813,386.73613943978,386.737168501809,386.767705217965,386.756618014173,386.730578959585,386.766891981296,386.764901756588,386.705963346819,386.748314020037,386.744171521153,386.753544205448,386.719506933045,386.763849077817,386.748302262814
386.787985205695,386.717584051774,386.737205028895,386.768466162851,386.747167293062,386.753265152536,386.73716850181,386.744890268792,386.753855190703,386.735420420535,386.737168501813,386.73613943978,386.737168501809,386.767705217965,386.756618014173,386.730578959585,386.766891981294,386.764901756587,386.705963346819,386.748314020037,386.744171521151,386.753544204922,386.719506933044,386.763849077817,386.748302262814
386.787985205691,386.717584051774,386.737205028895,386.768466162851,386.747167293062,386.753265152536,386.737168501809,386.744890268792,386.753855190703,386.735420420534,386.737168501812,386.736139439779,386.737168501809,386.767705217965,386.756618014172,386.730578959585,386.766891981293,386.764901756587,386.705963346818,386.748314020037,386.74417152115,386.753544204432,386.719506933044,386.763849077817,386.748302262814
386.787985205687,386.717584051773,386.737205028895,386.768466162851,386.747167293062,386.753265152536,386.737168501809,386.744890268792,386.753855190703,386.735420420534,386.737168501811,386.736139439778,386.737168501809,386.767705217965,386.756618014171,386.730578959585,386.766891981291,386.764901756587,386.705963346818,386.748314020037,386.744171521149,386.75354420408,386.719506933044,386.763849077817,386.748302262814
386.787985205685,386.717584051773,386.737205028895,386.768466162851,386.747167293061,386.753265152536,386.737168501809,386.744890268792,386.753855190703,386.735420420534,386.73716850181,386.736139439778,386.737168501809,386.767705217965,386.75661801417,386.730578959585,386.766891981291,386.764901756587,386.705963346818,386.748314020037,386.744171521149,386.753544203836,386.719506933044,386.763849077817,386.748302262814
386.787985205684,386.717584051773,386.737205028895,386.768466162851,386.747167293061,386.753265152536,386.737168501809,386.744890268792,386.753855190703,386.735420420534,386.73716850181,386.736139439777,386.737168501809,386.767705217965,386.75661801417,386.730578959585,386.76689198129,386.764901756587,386.705963346817,386.748314020037,386.744171521148,386.753544203637,386.719506933044,386.763849077817,386.748302262814
386.787985205683,386.717584051773,386.737205028895,386.768466162851,386.747167293061,386.753265152536,386.737168501809,386.744890268792,386.753855190703,386.735420420534,386.737168501809,386.736139439777,386.737168501809,386.767705217965,386.756618014169,386.730578959585,386.76689198129,386.764901756587,386.705963346817,386.748314020037,386.744171521148,386.753544203576,386.719506933044,386.763849077817,386.748302262814
386.787985205681,386.717584051773,386.737205028895,386.768466162851,386.747167293061,386.753265152536,386.737168501809,386.744890268792,386.753855190703,386.735420420534,386.737168501809,386.736139439777,386.737168501809,386.767705217965,386.756618014169,386.730578959585,386.76689198129,386.764901756587,386.705963346817,386.748314020037,386.744171521148,386.753544203525,386.719506933044,386.763849077817,386.748302262814
386.787985205681,386.717584051773,386.737205028895,386.768466162851,386.747167293061,386.753265152536,386.737168501809,386.744890268792,386.753855190703,386.735420420534,386.737168501809,386.736139439777,386.737168501809,386.767705217965,386.756618014169,386.730578959585,386.76689198129,386.764901756587,386.705963346817,386.748314020037,386.744171521148,386.753544203365,386.719506933043,386.763849077817,386.748302262814
386.787985205681,386.717584051773,386.737205028895,386.768466162851,386.747167293061,386.753265152536,386.737168501809,386.744890268792,386.753855190703,386.735420420534,386.737168501809,386.736139439777,386.737168501809,386.767705217965,386.756618014169,386.730578959585,386.766891981289,386.764901756587,386.705963346817,386.748314020037,386.744171521148,386.753544203336,386.719506933043,386.763849077817,386.748302262814
386.787985205681,386.717584051773,386.737205028895,386.768466162851,386.747167293061,386.753265152536,386.737168501809,386.744890268792,386.753855190703,386.735420420534,386.737168501809,386.736139439777,386.737168501809,386.767705217965,386.756618014169,386.730578959585,386.766891981289,386.764901756587,386.705963346817,386.748314020037,386.744171521148,386.753544203251,386.719506933043,386.763849077817,386.748302262814
386.78798520568,386.717584051773,386.737205028895,386.768466162851,386.747167293061,386.753265152536,386.737168501809,386.744890268792,386.753855190703,386.735420420534,386.737168501809,386.736139439777,386.737168501809,386.767705217965,386.756618014168,386.730578959585,386.766891981289,386.764901756587,386.705963346817,386.748314020037,386.744171521148,386.753544203246,386.719506933043,386.763849077817,386.748302262814
386.78798520568,386.717584051773,386.737205028895,386.768466162851,386.747167293061,386.753265152536,386.737168501809,386.744890268792,386.753855190703,386.735420420534,386.737168501809,386.736139439777,386.737168501809,386.767705217965,386.756618014168,386.730578959585,386.766891981289,386.764901756587,386.705963346817,386.748314020037,386.744171521148,386.753544203198,386.719506933043,386.763849077817,386.748302262814
386.78798520568,386.717584051773,386.737205028895,386.768466162851,386.747167293061,386.753265152536,386.737168501809,386.744890268792,386.753855190703,386.735420420534,386.737168501809,386.736139439777,386.737168501809,386.767705217965,386.756618014168,386.730578959585,386.766891981289,386.764901756586,386.705963346817,386.748314020037,386.744171521148,386.753544203198,386.719506933043,386.763849077817,386.748302262814
386.78798520568,386.717584051773,386.737205028895,386.768466162851,386.747167293061,386.753265152536,386.737168501809,386.744890268792,386.753855190703,386.735420420534,386.737168501809,386.736139439777,386.737168501809,386.767705217965,386.756618014168,386.730578959585,386.766891981289,386.764901756586,386.705963346817,386.748314020037,386.744171521148,386.753544203183,386.719506933043,386.763849077817,386.748302262814
386.78798520568,386.717584051773,386.737205028895,386.768466162851,386.747167293061,386.753265152536,386.737168501809,386.744890268792,386.753855190703,386.735420420534,386.737168501809,386.736139439777,386.737168501809,386.767705217965,386.756618014168,386.730578959585,386.766891981289,386.764901756586,386.705963346817,386.748314020037,386.744171521148,386.753544203174,386.719506933043,386.763849077817,386.748302262814
386.78798520568,386.717584051773,386.737205028895,386.768466162851,386.747167293061,386.753265152536,386.737168501809,386.744890268792,386.753855190703,386.735420420534,386.737168501809,386.736139439777,386.737168501809,386.767705217965,386.756618014168,386.730578959585,386.766891981289,386.764901756586,386.705963346817,386.748314020037,386.744171521148,386.753544203161,386.719506933043,386.763849077817,386.748302262814
386.78798520568,386.717584051773,386.737205028895,386.768466162851,386.747167293061,386.753265152536,386.737168501809,386.744890268792,386.753855190703,386.735420420534,386.737168501809,386.736139439777,386.737168501809,386.767705217965,386.756618014168,386.730578959585,386.766891981289,386.764901756586,386.705963346817,386.748314020037,386.744171521148,386.753544203151,386.719506933043,386.763849077817,386.748302262814
386.78798520568,386.717584051773,386.737205028895,386.768466162851,386.747167293061,386.753265152536,386.737168501809,386.744890268792,386.753855190703,386.735420420534,386.737168501809,386.736139439777,386.737168501809,386.767705217964,386.756618014168,386.730578959585,386.766891981289,386.764901756586,386.705963346817,386.748314020037,386.744171521148,386.753544203151,386.719506933043,386.763849077817,386.748302262814
386.78798520568,386.717584051773,386.737205028895,386.768466162851,386.747167293061,386.753265152536,386.737168501809,386.744890268792,386.753855190703,386.735420420534,386.737168501809,386.736139439777,386.737168501809,386.767705217964,386.756618014168,386.730578959585,386.766891981289,386.764901756586,386.705963346817,386.748314020037,386.744171521148,386.753544203151,386.719506933043,386.763849077817,386.748302262814
386.78798520568,386.717584051773,386.737205028895,386.768466162851,386.747167293061,386.753265152536,386.737168501809,386.744890268792,386.753855190703,386.735420420534,386.737168501809,386.736139439777,386.737168501809,386.767705217964,386.756618014168,386.730578959585,386.766891981289,386.764901756586,386.705963346817,386.748314020037,386.744171521148,386.753544203146,386.719506933043,386.763849077817,386.748302262814
386.78798520568,386.717584051773,386.737205028895,386.768466162851,386.747167293061,386.753265152536,386.737168501809,386.744890268792,386.753855190703,386.735420420534,386.737168501809,386.736139439777,386.737168501809,386.767705217964,386.756618014168,386.730578959585,386.766891981289,386.764901756586,386.705963346817,386.748314020037,386.744171521148,386.753544203141,386.719506933043,386.763849077817,386.748302262814
386.78798520568,386.717584051773,386.737205028895,386.768466162851,386.747167293061,386.753265152536,386.737168501809,386.744890268792,386.753855190703,386.735420420534,386.737168501809,386.736139439777,386.737168501809,386.767705217964,386.756618014168,386.730578959585,386.766891981289,386.764901756586,386.705963346817,386.748314020037,386.744171521148,386.75354420314,386.719506933043,386.763849077817,386.748302262814
386.78798520568,386.717584051773,386.737205028895,386.768466162851,386.747167293061,386.753265152536,386.737168501809,386.744890268792,386.753855190703,386.735420420534,386.737168501809,386.736139439777,386.737168501809,386.767705217964,386.756618014168,386.730578959585,386.766891981289,386.764901756586,386.705963346817,386.748314020037,386.744171521148,386.753544203138,386.719506933043,386.763849077817,386.748302262814
386.78798520568,386.717584051773,386.737205028895,386.768466162851,386.747167293061,386.753265152536,386.737168501809,386.744890268792,386.753855190703,386.735420420534,386.737168501809,386.736139439777,386.737168501809,386.767705217964,386.756618014168,386.730578959585,386.766891981289,386.764901756586,386.705963346817,386.748314020037,386.744171521148,386.753544203138,386.719506933043,386.763849077817,386.748302262814
386.78798520568,386.717584051773,386.737205028895,386.768466162851,386.747167293061,386.753265152536,386.737168501809,386.744890268792,386.753855190703,386.735420420534,386.737168501809,386.736139439777,386.737168501809,386.767705217964,386.756618014168,386.730578959585,386.766891981289,386.764901756586,386.705963346817,386.748314020037,386.744171521148,386.753544203137,386.719506933043,386.763849077817,386.748302262814
386.78798520568,386.717584051773,386.737205028895,386.768466162851,386.747167293061,386.753265152536,386.737168501809,386.744890268792,386.753855190703,386.735420420534,386.737168501809,386.736139439777,386.737168501809,386.767705217964,386.756618014168,386.730578959585,386.766891981289,386.764901756586,386.705963346817,386.748314020037,386.744171521148,386.753544203137,386.719506933043,386.763849077817,386.748302262814
386.78798520568,386.717584051773,386.737205028895,386.768466162851,386.747167293061,386.753265152536,386.737168501809,386.744890268792,386.753855190703,386.735420420534,386.737168501809,386.736139439777,386.737168501809,386.767705217964,386.756618014168,386.730578959585,386.766891981289,386.764901756586,386.705963346817,386.748314020037,386.744171521148,386.753544203137,386.719506933043,386.763849077817,386.748302262814
386.78798520568,386.717584051773,386.737205028895,386.768466162851,386.747167293061,386.753265152536,386.737168501809,386.744890268792,386.753855190703,386.735420420534,386.737168501809,386.736139439777,386.737168501809,386.767705217964,386.756618014168,386.730578959585,386.766891981289,386.764901756586,386.705963346817,386.748314020037,386.744171521148,386.753544203136,386.719506933043,386.763849077817,386.748302262814
386.78798520568,386.717584051773,386.737205028895,386.768466162851,386.747167293061,386.753265152536,386.737168501809,386.744890268792,386.753855190703,386.735420420534,386.737168501809,386.736139439777,386.737168501809,386.767705217964,386.756618014168,386.730578959585,386.766891981289,386.764901756586,386.705963346817,386.748314020037,386.744171521148,386.753544203136,386.719506933043,386.763849077817,386.748302262814
386.78798520568,386.717584051773,386.737205028895,386.768466162851,386.747167293061,386.753265152536,386.737168501809,386.744890268792,386.753855190703,386.735420420534,386.737168501809,386.736139439777,386.737168501809,386.767705217964,386.756618014168,386.730578959585,386.766891981289,386.764901756586,386.705963346817,386.748314020037,386.744171521148,386.753544203136,386.719506933043,386.763849077817,386.748302262814
386.78798520568,386.717584051773,386.737205028895,386.768466162851,386.747167293061,386.753265152536,386.737168501809,386.744890268792,386.753855190703,386.735420420534,386.737168501809,386.736139439777,386.737168501809,386.767705217964,386.756618014168,386.730578959585,386.766891981289,386.764901756586,386.705963346817,386.748314020037,386.744171521148,386.753544203136,386.719506933043,386.763849077817,386.748302262814
386.78798520568,386.717584051773,386.737205028895,386.768466162851,386.747167293061,386.753265152536,386.737168501809,386.744890268792,386.753855190703,386.735420420534,386.737168501809,386.736139439777,386.737168501809,386.767705217964,386.756618014168,386.730578959585,386.766891981289,386.764901756586,386.705963346817,386.748314020037,386.744171521148,386.753544203136,386.719506933043,386.763849077817,386.748302262814
386.78798520568,386.717584051773,386.737205028895,386.768466162851,386.747167293061,386.753265152536,386.737168501809,386.744890268792,386.753855190703,386.735420420534,386.737168501809,386.736139439777,386.737168501809,386.767705217964,386.756618014168,386.730578959585,386.766891981289,386.764901756586,386.705963346817,386.748314020037,386.744171521148,386.753544203135,386.719506933043,386.763849077817,386.748302262814
386.78798520568,386.717584051773,386.737205028895,386.768466162851,386.747167293061,386.753265152536,386.737168501809,386.744890268792,386.753855190703,386.735420420534,386.737168501809,386.736139439777,386.737168501809,386.767705217964,386.756618014168,386.730578959585,386.766891981289,386.764901756586,386.705963346817,386.748314020037,386.744171521148,386.753544203135,386.719506933043,386.763849077817,386.748302262814
386.78798520568,386.717584051773,386.737205028895,386.768466162851,386.747167293061,386.753265152536,386.737168501809,386.744890268792,386.753855190703,386.735420420534,386.737168501809,386.736139439777,386.737168501809,386.767705217964,386.756618014168,386.730578959585,386.766891981289,386.764901756586,386.705963346817,386.748314020037,386.744171521148,386.753544203135,386.719506933043,386.763849077817,386.748302262814
386.78798520568,386.717584051773,386.737205028895,386.768466162851,386.747167293061,386.753265152536,386.737168501809,386.744890268792,386.753855190703,386.735420420534,386.737168501809,386.736139439777,386.737168501809,386.767705217964,386.756618014168,386.730578959585,386.766891981289,386.764901756586,386.705963346817,386.748314020037,386.744171521148,386.753544203135,386.719506933043,386.763849077817,386.748302262814
386.78798520568,386.717584051773,386.737205028895,386.768466162851,386.747167293061,386.753265152536,386.737168501809,386.744890268792,386.753855190703,386.735420420534,386.737168501809,386.736139439777,386.737168501809,386.767705217964,386.756618014168,386.730578959585,386.766891981289,386.764901756586,386.705963346817,386.748314020037,386.744171521148,386.753544203135,386.719506933043,386.763849077817,386.748302262814
386.78798520568,386.717584051773,386.737205028895,386.768466162851,386.747167293061,386.753265152536,386.737168501809,386.744890268792,386.753855190703,386.735420420534,386.737168501809,386.736139439777,386.737168501809,386.767705217964,386.756618014168,386.730578959585,386.766891981289,386.764901756586,386.705963346817,386.748314020037,386.744171521148,386.753544203135,386.719506933043,386.763849077817,386.748302262814
386.78798520568,386.717584051773,386.737205028895,386.768466162851,386.747167293061,386.753265152536,386.737168501809,386.744890268792,386.753855190703,386.735420420534,386.737168501809,386.736139439777,386.737168501809,386.767705217964,386.756618014168,386.730578959585,386.766891981289,386.764901756586,386.705963346817,386.748314020037,386.744171521148,386.753544203135,386.719506933043,386.763849077817,386.748302262814
386.78798520568,386.717584051773,386.737205028895,386.768466162851,386.747167293061,386.753265152536,386.737168501809,386.744890268792,386.753855190703,386.735420420534,386.737168501809,386.736139439777,386.737168501809,386.767705217964,386.756618014168,386.730578959585,386.766891981289,386.764901756586,386.705963346817,386.748314020037,386.744171521148,386.753544203135,386.719506933043,386.763849077817,386.748302262814
386.78798520568,386.717584051773,386.737205028895,386.768466162851,386.747167293061,386.753265152536,386.737168501809,386.744890268792,386.753855190703,386.735420420534,386.737168501809,386.736139439777,386.737168501809,386.767705217964,386.756618014168,386.730578959585,386.766891981289,386.764901756586,386.705963346817,386.748314020037,386.744171521148,386.753544203135,386.719506933043,386.763849077817,386.748302262814
386.78798520568,386.717584051773,386.737205028895,386.768466162851,386.747167293061,386.753265152536,386.737168501809,386.744890268792,386.753855190703,386.735420420534,386.737168501809,386.736139439777,386.737168501809,386.767705217964,386.756618014168,386.730578959585,386.766891981289,386.764901756586,386.705963346817,386.748314020037,386.744171521148,386.753544203135,386.719506933043,386.763849077817,386.748302262814
386.78798520568,386.717584051773,386.737205028895,386.768466162851,386.747167293061,386.753265152536,386.737168501809,386.744890268792,386.753855190703,386.735420420534,386.737168501809,386.736139439777,386.737168501809,386.767705217964,386.756618014168,386.730578959585,386.766891981289,386.764901756586,386.705963346817,386.748314020037,386.744171521148,386.753544203135,386.719506933043,386.763849077817,386.748302262814
386.78798520568,386.717584051773,386.737205028895,386.768466162851,386.747167293061,386.753265152536,386.737168501809,386.744890268792,386.753855190703,386.735420420534,386.737168501809,386.736139439777,386.737168501809,386.767705217964,386.756618014168,386.730578959585,386.766891981289,386.764901756586,386.705963346817,386.748314020037,386.744171521148,386.753544203135,386.719506933043,386.763849077817,386.748302262814
386.78798520568,386.717584051773,386.737205028895,386.768466162851,386.747167293061,386.753265152536,386.737168501809,386.744890268792,386.753855190703,386.735420420534,386.737168501809,386.736139439777,386.737168501809,386.767705217964,386.756618014168,386.730578959585,386.766891981289,386.764901756586,386.705963346817,386.748314020037,386.744171521148,386.753544203135,386.719506933043,386.763849077817,386.748302262814
386.78798520568,386.717584051773,386.737205028895,386.768466162851,386.747167293061,386.753265152536,386.737168501809,386.744890268792,386.753855190703,386.735420420534,386.737168501809,386.736139439777,386.737168501809,386.767705217964,386.756618014168,386.730578959585,386.766891981289,386.764901756586,386.705963346817,386.748314020037,386.744171521148,386.753544203135,386.719506933043,386.763849077817,386.748302262814
386.78798520568,386.717584051773,386.737205028895,386.768466162851,386.747167293061,386.753265152536,386.737168501809,386.744890268792,386.753855190703,386.735420420534,386.737168501809,386.736139439777,386.737168501809,386.767705217964,386.756618014168,386.730578959585,386.766891981289,386.764901756586,386.705963346817,386.748314020037,386.744171521148,386.753544203135,386.719506933043,386.763849077817,386.748302262814
386.78798520568,386.717584051773,386.737205028895,386.768466162851,386.747167293061,386.753265152536,386.737168501809,386.744890268792,386.753855190703,386.735420420534,386.737168501809,386.736139439777,386.737168501809,386.767705217964,386.756618014168,386.730578959585,386.766891981289,386.764901756586,386.705963346817,386.748314020037,386.744171521148,386.753544203135,386.719506933043,386.763849077817,386.748302262814
386.78798520568,386.717584051773,386.737205028895,386.768466162851,386.747167293061,386.753265152536,386.737168501809,386.744890268792,386.753855190703,386.735420420534,386.737168501809,386.736139439777,386.737168501809,386.767705217964,386.756618014168,386.730578959585,386.766891981289,386.764901756586,386.705963346817,386.748314020037,386.744171521148,386.753544203135,386.719506933043,386.763849077817,386.748302262814
386.78798520568,386.717584051773,386.737205028895,386.768466162851,386.747167293061,386.753265152536,386.737168501809,386.744890268792,386.753855190703,386.735420420534,386.737168501809,386.736139439777,386.737168501809,386.767705217964,386.756618014168,386.730578959585,386.766891981289,386.764901756586,386.705963346817,386.748314020037,386.744171521148,386.753544203135,386.719506933043,386.763849077817,386.748302262814
386.78798520568,386.717584051773,386.737205028895,386.768466162851,386.747167293061,386.753265152536,386.737168501809,386.744890268792,386.753855190703,386.735420420534,386.737168501809,386.736139439777,386.737168501809,386.767705217964,386.756618014168,386.730578959585,386.766891981289,386.764901756586,386.705963346817,386.748314020037,386.744171521148,386.753544203135,386.719506933043,386.763849077817,386.748302262814
386.78798520568,386.717584051773,386.737205028895,386.768466162851,386.747167293061,386.753265152536,386.737168501809,386.744890268792,386.753855190703,386.735420420534,386.737168501809,386.736139439777,386.737168501809,386.767705217964,386.756618014168,386.730578959585,386.766891981289,386.764901756586,386.705963346817,386.748314020037,386.744171521148,386.753544203135,386.719506933043,386.763849077817,386.748302262814
386.78798520568,386.717584051773,386.737205028895,386.768466162851,386.747167293061,386.753265152536,386.737168501809,386.744890268792,386.753855190703,386.735420420534,386.737168501809,386.736139439777,386.737168501809,386.767705217964,386.756618014168,386.730578959585,386.766891981289,386.764901756586,386.705963346817,386.748314020037,386.744171521148,386.753544203135,386.719506933043,386.763849077817,386.748302262814
386.78798520568,386.717584051773,386.737205028895,386.768466162851,386.747167293061,386.753265152536,386.737168501809,386.744890268792,386.753855190703,386.735420420534,386.737168501809,386.736139439777,386.737168501809,386.767705217964,386.756618014168,386.730578959585,386.766891981289,386.764901756586,386.705963346817,386.748314020037,386.744171521148,386.753544203135,386.719506933043,386.763849077817,386.748302262814
386.78798520568,386.717584051773,386.737205028895,386.768466162851,386.747167293061,386.753265152536,386.737168501809,386.744890268792,386.753855190703,386.735420420534,386.737168501809,386.736139439777,386.737168501809,386.767705217964,386.756618014168,386.730578959585,386.766891981289,386.764901756586,386.705963346817,386.748314020037,386.744171521148,386.753544203135,386.719506933043,386.763849077817,386.748302262814
386.78798520568,386.717584051773,386.737205028895,386.768466162851,386.747167293061,386.753265152536,386.737168501809,386.744890268792,386.753855190703,386.735420420534,386.737168501809,386.736139439777,386.737168501809,386.767705217964,386.756618014168,386.730578959585,386.766891981289,386.764901756586,386.705963346817,386.748314020037,386.744171521148,386.753544203135,386.719506933043,386.763849077817,386.748302262814
386.78798520568,386.717584051773,386.737205028895,386.768466162851,386.747167293061,386.753265152536,386.737168501809,386.744890268792,386.753855190703,386.735420420534,386.737168501809,386.736139439777,386.737168501809,386.767705217964,386.756618014168,386.730578959585,386.766891981289,386.764901756586,386.705963346817,386.748314020037,386.744171521148,386.753544203135,386.719506933043,386.763849077817,386.748302262814
386.78798520568,386.717584051773,386.737205028895,386.768466162851,386.747167293061,386.753265152536,386.737168501809,386.744890268792,386.753855190703,386.735420420534,386.737168501809,386.736139439777,386.737168501809,386.767705217964,386.756618014168,386.730578959585,386.766891981289,386.764901756586,386.705963346817,386.748314020037,386.744171521148,386.753544203135,386.719506933043,386.763849077817,386.748302262814
386.78798520568,386.717584051773,386.737205028895,386.768466162851,386.747167293061,386.753265152536,386.737168501809,386.744890268792,386.753855190703,386.735420420534,386.737168501809,386.736139439777,386.737168501809,386.767705217964,386.756618014168,386.730578959585,386.766891981289,386.764901756586,386.705963346817,386.748314020037,386.744171521148,386.753544203135,386.719506933043,386.763849077817,386.748302262814
386.78798520568,386.717584051773,386.737205028895,386.768466162851,386.747167293061,386.753265152536,386.737168501809,386.744890268792,386.753855190703,386.735420420534,386.737168501809,386.736139439777,386.737168501809,386.767705217964,386.756618014168,386.730578959585,386.766891981289,386.764901756586,386.705963346817,386.748314020037,386.744171521148,386.753544203135,386.719506933043,386.763849077817,386.748302262814
386.78798520568,386.717584051773,386.737205028895,386.768466162851,386.747167293061,386.753265152536,386.737168501809,386.744890268792,386.753855190703,386.735420420534,386.737168501809,386.736139439777,386.737168501809,386.767705217964,386.756618014168,386.730578959585,386.766891981289,386.764901756586,386.705963346817,386.748314020037,386.744171521148,386.753544203135,386.719506933043,386.763849077817,386.748302262814
386.78798520568,386.717584051773,386.737205028895,386.768466162851,386.747167293061,386.753265152536,386.737168501809,386.744890268792,386.753855190703,386.735420420534,386.737168501809,386.736139439777,386.737168501809,386.767705217964,386.756618014168,386.730578959585,386.766891981289,386.764901756586,386.705963346817,386.748314020037,386.744171521148,386.753544203135,386.719506933043,386.763849077817,386.748302262814
386.78798520568,386.717584051773,386.737205028895,386.768466162851,386.747167293061,386.753265152536,386.737168501809,386.744890268792,386.753855190703,386.735420420534,386.737168501809,386.736139439777,386.737168501809,386.767705217964,386.756618014168,386.730578959585,386.766891981289,386.764901756586,386.705963346817,386.748314020037,386.744171521148,386.753544203135,386.719506933043,386.763849077817,386.748302262814
386.78798520568,386.717584051773,386.737205028895,386.768466162851,386.747167293061,386.753265152536,386.737168501809,386.744890268792,386.753855190703,386.735420420534,386.737168501809,386.736139439777,386.737168501809,386.767705217964,386.756618014168,386.730578959585,386.766891981289,386.764901756586,386.705963346817,386.748314020037,386.744171521148,386.753544203135,386.719506933043,386.763849077817,386.748302262814
386.78798520568,386.717584051773,386.737205028895,386.768466162851,386.747167293061,386.753265152536,386.737168501809,386.744890268792,386.753855190703,386.735420420534,386.737168501809,386.736139439777,386.737168501809,386.767705217964,386.756618014168,386.730578959585,386.766891981289,386.764901756586,386.705963346817,386.748314020037,386.744171521148,386.753544203135,386.719506933043,386.763849077817,386.748302262814
386.78798520568,386.717584051773,386.737205028895,386.768466162851,386.747167293061,386.753265152536,386.737168501809,386.744890268792,386.753855190703,386.735420420534,386.737168501809,386.736139439777,386.737168501809,386.767705217964,386.756618014168,386.730578959585,386.766891981289,386.764901756586,386.705963346817,386.748314020037,386.744171521148,386.753544203135,386.719506933043,386.763849077817,386.748302262814
386.78798520568,386.717584051773,386.737205028895,386.768466162851,386.747167293061,386.753265152536,386.737168501809,386.744890268792,386.753855190703,386.735420420534,386.737168501809,386.736139439777,386.737168501809,386.767705217964,386.756618014168,386.730578959585,386.766891981289,386.764901756586,386.705963346817,386.748314020037,386.744171521148,386.753544203135,386.719506933043,386.763849077817,386.748302262814
386.78798520568,386.717584051773,386.737205028895,386.768466162851,386.747167293061,386.753265152536,386.737168501809,386.744890268792,386.753855190703,386.735420420534,386.737168501809,386.736139439777,386.737168501809,386.767705217964,386.756618014168,386.730578959585,386.766891981289,386.764901756586,386.705963346817,386.748314020037,386.744171521148,386.753544203135,386.719506933043,386.763849077817,386.748302262814
386.78798520568,386.717584051773,386.737205028895,386.768466162851,386.747167293061,386.753265152536,386.737168501809,386.744890268792,386.753855190703,386.735420420534,386.737168501809,386.736139439777,386.737168501809,386.767705217964,386.756618014168,386.730578959585,386.766891981289,386.764901756586,386.705963346817,386.748314020037,386.744171521148,386.753544203135,386.719506933043,386.763849077817,386.748302262814
386.78798520568,386.717584051773,386.737205028895,386.768466162851,386.747167293061,386.753265152536,386.737168501809,386.744890268792,386.753855190703,386.735420420534,386.737168501809,386.736139439777,386.737168501809,386.767705217964,386.756618014168,386.730578959585,386.766891981289,386.764901756586,386.705963346817,386.748314020037,386.744171521148,386.753544203135,386.719506933043,386.763849077817,386.748302262814
386.78798520568,386.717584051773,386.737205028895,386.768466162851,386.747167293061,386.753265152536,386.737168501809,386.744890268792,386.753855190703,386.735420420534,386.737168501809,386.736139439777,386.737168501809,386.767705217964,386.756618014168,386.730578959585,386.766891981289,386.764901756586,386.705963346817,386.748314020037,386.744171521148,386.753544203135,386.719506933043,386.763849077817,386.748302262814
386.78798520568,386.717584051773,386.737205028895,386.768466162851,386.747167293061,386.753265152536,386.737168501809,386.744890268792,386.753855190703,386.735420420534,386.737168501809,386.736139439777,386.737168501809,386.767705217964,386.756618014168,386.730578959585,386.766891981289,386.764901756586,386.705963346817,386.748314020037,386.744171521148,386.753544203135,386.719506933043,386.763849077817,386.748302262814
386.78798520568,386.717584051773,386.737205028895,386.768466162851,386.747167293061,386.753265152536,386.737168501809,386.744890268792,386.753855190703,386.735420420534,386.737168501809,386.736139439777,386.737168501809,386.767705217964,386.756618014168,386.730578959585,386.766891981289,386.764901756586,386.705963346817,386.748314020037,386.744171521148,386.753544203135,386.719506933043,386.763849077817,386.748302262814
386.78798520568,386.717584051773,386.737205028895,386.768466162851,386.747167293061,386.753265152536,386.737168501809,386.744890268792,386.753855190703,386.735420420534,386.737168501809,386.736139439777,386.737168501809,386.767705217964,386.756618014168,386.730578959585,386.766891981289,386.764901756586,386.705963346817,386.748314020037,386.744171521148,386.753544203135,386.719506933043,386.763849077817,386.748302262814
386.78798520568,386.717584051773,386.737205028895,386.768466162851,386.747167293061,386.753265152536,386.737168501809,386.744890268792,386.753855190703,386.735420420534,386.737168501809,386.736139439777,386.737168501809,386.767705217964,386.756618014168,386.730578959585,386.766891981289,386.764901756586,386.705963346817,386.748314020037,386.744171521148,386.753544203135,386.719506933043,386.763849077817,386.748302262814
386.78798520568,386.717584051773,386.737205028895,386.768466162851,386.747167293061,386.753265152536,386.737168501809,386.744890268792,386.753855190703,386.735420420534,386.737168501809,386.736139439777,386.737168501809,386.767705217964,386.756618014168,386.730578959585,386.766891981289,386.764901756586,386.705963346817,386.748314020037,386.744171521148,386.753544203135,386.719506933043,386.763849077817,386.748302262814
386.78798520568,386.717584051773,386.737205028895,386.768466162851,386.747167293061,386.753265152536,386.737168501809,386.744890268792,386.753855190703,386.735420420534,386.737168501809,386.736139439777,386.737168501809,386.767705217964,386.756618014168,386.730578959585,386.766891981289,386.764901756586,386.705963346817,386.748314020037,386.744171521148,386.753544203135,386.719506933043,386.763849077817,386.748302262814
386.78798520568,386.717584051773,386.737205028895,386.768466162851,386.747167293061,386.753265152536,386.737168501809,386.744890268792,386.753855190703,386.735420420534,386.737168501809,386.736139439777,386.737168501809,386.767705217964,386.756618014168,386.730578959585,386.766891981289,386.764901756586,386.705963346817,386.748314020037,386.744171521148,386.753544203135,386.719506933043,386.763849077817,386.748302262814
386.78798520568,386.717584051773,386.737205028895,386.768466162851,386.747167293061,386.753265152536,386.737168501809,386.744890268792,386.753855190703,386.735420420534,386.737168501809,386.736139439777,386.737168501809,386.767705217964,386.756618014168,386.730578959585,386.766891981289,386.764901756586,386.705963346817,386.748314020037,386.744171521148,386.753544203135,386.719506933043,386.763849077817,386.748302262814
386.78798520568,386.717584051773,386.737205028895,386.768466162851,386.747167293061,386.753265152536,386.737168501809,386.744890268792,386.753855190703,386.735420420534,386.737168501809,386.736139439777,386.737168501809,386.767705217964,386.756618014168,386.730578959585,386.766891981289,386.764901756586,386.705963346817,386.748314020037,386.744171521148,386.753544203135,386.719506933043,386.763849077817,386.748302262814
386.78798520568,386.717584051773,386.737205028895,386.768466162851,386.747167293061,386.753265152536,386.737168501809,386.744890268792,386.753855190703,386.735420420534,386.737168501809,386.736139439777,386.737168501809,386.767705217964,386.756618014168,386.730578959585,386.766891981289,386.764901756586,386.705963346817,386.748314020037,386.744171521148,386.753544203135,386.719506933043,386.763849077817,386.748302262814
386.78798520568,386.717584051773,386.737205028895,386.768466162851,386.747167293061,386.753265152536,386.737168501809,386.744890268792,386.753855190703,386.735420420534,386.737168501809,386.736139439777,386.737168501809,386.767705217964,386.756618014168,386.730578959585,386.766891981289,386.764901756586,386.705963346817,386.748314020037,386.744171521148,386.753544203135,386.719506933043,386.763849077817,386.748302262814
386.78798520568,386.717584051773,386.737205028895,386.768466162851,386.747167293061,386.753265152536,386.737168501809,386.744890268792,386.753855190703,386.735420420534,386.737168501809,386.736139439777,386.737168501809,386.767705217964,386.756618014168,386.730578959585,386.766891981289,386.764901756586,386.705963346817,386.748314020037,386.744171521148,386.753544203135,386.719506933043,386.763849077817,386.748302262814
386.78798520568,386.717584051773,386.737205028895,386.768466162851,386.747167293061,386.753265152536,386.737168501809,386.744890268792,386.753855190703,386.735420420534,386.737168501809,386.736139439777,386.737168501809,386.767705217964,386.756618014168,386.730578959585,386.766891981289,386.764901756586,386.705963346817,386.748314020037,386.744171521148,386.753544203135,386.719506933043,386.763849077817,386.748302262814
386.78798520568,386.717584051773,386.737205028895,386.768466162851,386.747167293061,386.753265152536,386.737168501809,386.744890268792,386.753855190703,386.735420420534,386.737168501809,386.736139439777,386.737168501809,386.767705217964,386.756618014168,386.730578959585,386.766891981289,386.764901756586,386.705963346817,386.748314020037,386.744171521148,386.753544203135,386.719506933043,386.763849077817,386.748302262814
386.78798520568,386.717584051773,386.737205028895,386.768466162851,386.747167293061,386.753265152536,386.737168501809,386.744890268792,386.753855190703,386.735420420534,386.737168501809,386.736139439777,386.737168501809,386.767705217964,386.756618014168,386.730578959585,386.766891981289,386.764901756586,386.705963346817,386.748314020037,386.744171521148,386.753544203135,386.719506933043,386.763849077817,386.748302262814
386.78798520568,386.717584051773,386.737205028895,386.768466162851,386.747167293061,386.753265152536,386.737168501809,386.744890268792,386.753855190703,386.735420420534,386.737168501809,386.736139439777,386.737168501809,386.767705217964,386.756618014168,386.730578959585,386.766891981289,386.764901756586,386.705963346817,386.748314020037,386.744171521148,386.753544203135,386.719506933043,386.763849077817,386.748302262814
386.78798520568,386.717584051773,386.737205028895,386.768466162851,386.747167293061,386.753265152536,386.737168501809,386.744890268792,386.753855190703,386.735420420534,386.737168501809,386.736139439777,386.737168501809,386.767705217964,386.756618014168,386.730578959585,386.766891981289,386.764901756586,386.705963346817,386.748314020037,386.744171521148,386.753544203135,386.719506933043,386.763849077817,386.748302262814
386.78798520568,386.717584051773,386.737205028895,386.768466162851,386.747167293061,386.753265152536,386.737168501809,386.744890268792,386.753855190703,386.735420420534,386.737168501809,386.736139439777,386.737168501809,386.767705217964,386.756618014168,386.730578959585,386.766891981289,386.764901756586,386.705963346817,386.748314020037,386.744171521148,386.753544203135,386.719506933043,386.763849077817,386.748302262814
386.78798520568,386.717584051773,386.737205028895,386.768466162851,386.747167293061,386.753265152536,386.737168501809,386.744890268792,386.753855190703,386.735420420534,386.737168501809,386.736139439777,386.737168501809,386.767705217964,386.756618014168,386.730578959585,386.766891981289,386.764901756586,386.705963346817,386.748314020037,386.744171521148,386.753544203135,386.719506933043,386.763849077817,386.748302262814
386.78798520568,386.717584051773,386.737205028895,386.768466162851,386.747167293061,386.753265152536,386.737168501809,386.744890268792,386.753855190703,386.735420420534,386.737168501809,386.736139439777,386.737168501809,386.767705217964,386.756618014168,386.730578959585,386.766891981289,386.764901756586,386.705963346817,386.748314020037,386.744171521148,386.753544203135,386.719506933043,386.763849077817,386.748302262814
386.78798520568,386.717584051773,386.737205028895,386.768466162851,386.747167293061,386.753265152536,386.737168501809,386.744890268792,386.753855190703,386.735420420534,386.737168501809,386.736139439777,386.737168501809,386.767705217964,386.756618014168,386.730578959585,386.766891981289,386.764901756586,386.705963346817,386.748314020037,386.744171521148,386.753544203135,386.719506933043,386.763849077817,386.748302262814
386.78798520568,386.717584051773,386.737205028895,386.768466162851,386.747167293061,386.753265152536,386.737168501809,386.744890268792,386.753855190703,386.735420420534,386.737168501809,386.736139439777,386.737168501809,386.767705217964,386.756618014168,386.730578959585,386.766891981289,386.764901756586,386.705963346817,386.748314020037,386.744171521148,386.753544203135,386.719506933043,386.763849077817,386.748302262814
386.78798520568,386.717584051773,386.737205028895,386.768466162851,386.747167293061,386.753265152536,386.737168501809,386.744890268792,386.753855190703,386.735420420534,386.737168501809,386.736139439777,386.737168501809,386.767705217964,386.756618014168,386.730578959585,386.766891981289,386.764901756586,386.705963346817,386.748314020037,386.744171521148,386.753544203135,386.719506933043,386.763849077817,386.748302262814
386.78798520568,386.717584051773,386.737205028895,386.768466162851,386.747167293061,386.753265152536,386.737168501809,386.744890268792,386.753855190703,386.735420420534,386.737168501809,386.736139439777,386.737168501809,386.767705217964,386.756618014168,386.730578959585,386.766891981289,386.764901756586,386.705963346817,386.748314020037,386.744171521148,386.753544203135,386.719506933043,386.763849077817,386.748302262814
386.78798520568,386.717584051773,386.737205028895,386.768466162851,386.747167293061,386.753265152536,386.737168501809,386.744890268792,386.753855190703,386.735420420534,386.737168501809,386.736139439777,386.737168501809,386.767705217964,386.756618014168,386.730578959585,386.766891981289,386.764901756586,386.705963346817,386.748314020037,386.744171521148,386.753544203135,386.719506933043,386.763849077817,386.748302262814
386.78798520568,386.717584051773,386.737205028895,386.768466162851,386.747167293061,386.753265152536,386.737168501809,386.744890268792,386.753855190703,386.735420420534,386.737168501809,386.736139439777,386.737168501809,386.767705217964,386.756618014168,386.730578959585,386.766891981289,386.764901756586,386.705963346817,386.748314020037,386.744171521148,386.753544203135,386.719506933043,386.763849077817,386.748302262814
386.78798520568,386.717584051773,386.737205028895,386.768466162851,386.747167293061,386.753265152536,386.737168501809,386.744890268792,386.753855190703,386.735420420534,386.737168501809,386.736139439777,386.737168501809,386.767705217964,386.756618014168,386.730578959585,386.766891981289,386.764901756586,386.705963346817,386.748314020037,386.744171521148,386.753544203135,386.719506933043,386.763849077817,386.748302262814
386.78798520568,386.717584051773,386.737205028895,386.768466162851,386.747167293061,386.753265152536,386.737168501809,386.744890268792,386.753855190703,386.735420420534,386.737168501809,386.736139439777,386.737168501809,386.767705217964,386.756618014168,386.730578959585,386.766891981289,386.764901756586,386.705963346817,386.748314020037,386.744171521148,386.753544203135,386.719506933043,386.763849077817,386.748302262814
386.78798520568,386.717584051773,386.737205028895,386.768466162851,386.747167293061,386.753265152536,386.737168501809,386.744890268792,386.753855190703,386.735420420534,386.737168501809,386.736139439777,386.737168501809,386.767705217964,386.756618014168,386.730578959585,386.766891981289,386.764901756586,386.705963346817,386.748314020037,386.744171521148,386.753544203135,386.719506933043,386.763849077817,386.748302262814
386.78798520568,386.717584051773,386.737205028895,386.768466162851,386.747167293061,386.753265152536,386.737168501809,386.744890268792,386.753855190703,386.735420420534,386.737168501809,386.736139439777,386.737168501809,386.767705217964,386.756618014168,386.730578959585,386.766891981289,386.764901756586,386.705963346817,386.748314020037,386.744171521148,386.753544203135,386.719506933043,386.763849077817,386.748302262814
386.78798520568,386.717584051773,386.737205028895,386.768466162851,386.747167293061,386.753265152536,386.737168501809,386.744890268792,386.753855190703,386.735420420534,386.737168501809,386.736139439777,386.737168501809,386.767705217964,386.756618014168,386.730578959585,386.766891981289,386.764901756586,386.705963346817,386.748314020037,386.744171521148,386.753544203135,386.719506933043,386.763849077817,386.748302262814
386.78798520568,386.717584051773,386.737205028895,386.768466162851,386.747167293061,386.753265152536,386.737168501809,386.744890268792,386.753855190703,386.735420420534,386.737168501809,386.736139439777,386.737168501809,386.767705217964,386.756618014168,386.730578959585,386.766891981289,386.764901756586,386.705963346817,386.748314020037,386.744171521148,386.753544203135,386.719506933043,386.763849077817,386.748302262814
386.78798520568,386.717584051773,386.737205028895,386.768466162851,386.747167293061,386.753265152536,386.737168501809,386.744890268792,386.753855190703,386.735420420534,386.737168501809,386.736139439777,386.737168501809,386.767705217964,386.756618014168,386.730578959585,386.766891981289,386.764901756586,386.705963346817,386.748314020037,386.744171521148,386.753544203135,386.719506933043,386.763849077817,386.748302262814
386.78798520568,386.717584051773,386.737205028895,386.768466162851,386.747167293061,386.753265152536,386.737168501809,386.744890268792,386.753855190703,386.735420420534,386.737168501809,386.736139439777,386.737168501809,386.767705217964,386.756618014168,386.730578959585,386.766891981289,386.764901756586,386.705963346817,386.748314020037,386.744171521148,386.753544203135,386.719506933043,386.763849077817,386.748302262814
386.78798520568,386.717584051773,386.737205028895,386.768466162851,386.747167293061,386.753265152536,386.737168501809,386.744890268792,386.753855190703,386.735420420534,386.737168501809,386.736139439777,386.737168501809,386.767705217964,386.756618014168,386.730578959585,386.766891981289,386.764901756586,386.705963346817,386.748314020037,386.744171521148,386.753544203135,386.719506933043,386.763849077817,386.748302262814
386.78798520568,386.717584051773,386.737205028895,386.768466162851,386.747167293061,386.753265152536,386.737168501809,386.744890268792,386.753855190703,386.735420420534,386.737168501809,386.736139439777,386.737168501809,386.767705217964,386.756618014168,386.730578959585,386.766891981289,386.764901756586,386.705963346817,386.748314020037,386.744171521148,386.753544203135,386.719506933043,386.763849077817,386.748302262814
386.78798520568,386.717584051773,386.737205028895,386.768466162851,386.747167293061,386.753265152536,386.737168501809,386.744890268792,386.753855190703,386.735420420534,386.737168501809,386.736139439777,386.737168501809,386.767705217964,386.756618014168,386.730578959585,386.766891981289,386.764901756586,386.705963346817,386.748314020037,386.744171521148,386.753544203135,386.719506933043,386.763849077817,386.748302262814
386.78798520568,386.717584051773,386.737205028895,386.768466162851,386.747167293061,386.753265152536,386.737168501809,386.744890268792,386.753855190703,386.735420420534,386.737168501809,386.736139439777,386.737168501809,386.767705217964,386.756618014168,386.730578959585,386.766891981289,386.764901756586,386.705963346817,386.748314020037,386.744171521148,386.753544203135,386.719506933043,386.763849077817,386.748302262814
386.78798520568,386.717584051773,386.737205028895,386.768466162851,386.747167293061,386.753265152536,386.737168501809,386.744890268792,386.753855190703,386.735420420534,386.737168501809,386.736139439777,386.737168501809,386.767705217964,386.756618014168,386.730578959585,386.766891981289,386.764901756586,386.705963346817,386.748314020037,386.744171521148,386.753544203135,386.719506933043,386.763849077817,386.748302262814
386.78798520568,386.717584051773,386.737205028895,386.768466162851,386.747167293061,386.753265152536,386.737168501809,386.744890268792,386.753855190703,386.735420420534,386.737168501809,386.736139439777,386.737168501809,386.767705217964,386.756618014168,386.730578959585,386.766891981289,386.764901756586,386.705963346817,386.748314020037,386.744171521148,386.753544203135,386.719506933043,386.763849077817,386.748302262814
386.78798520568,386.717584051773,386.737205028895,386.768466162851,386.747167293061,386.753265152536,386.737168501809,386.744890268792,386.753855190703,386.735420420534,386.737168501809,386.736139439777,386.737168501809,386.767705217964,386.756618014168,386.730578959585,386.766891981289,386.764901756586,386.705963346817,386.748314020037,386.744171521148,386.753544203135,386.719506933043,386.763849077817,386.748302262814
386.78798520568,386.717584051773,386.737205028895,386.768466162851,386.747167293061,386.753265152536,386.737168501809,386.744890268792,386.753855190703,386.735420420534,386.737168501809,386.736139439777,386.737168501809,386.767705217964,386.756618014168,386.730578959585,386.766891981289,386.764901756586,386.705963346817,386.748314020037,386.744171521148,386.753544203135,386.719506933043,386.763849077817,386.748302262814
386.78798520568,386.717584051773,386.737205028895,386.768466162851,386.747167293061,386.753265152536,386.737168501809,386.744890268792,386.753855190703,386.735420420534,386.737168501809,386.736139439777,386.737168501809,386.767705217964,386.756618014168,386.730578959585,386.766891981289,386.764901756586,386.705963346817,386.748314020037,386.744171521148,386.753544203135,386.719506933043,386.763849077817,386.748302262814
386.78798520568,386.717584051773,386.737205028895,386.768466162851,386.747167293061,386.753265152536,386.737168501809,386.744890268792,386.753855190703,386.735420420534,386.737168501809,386.736139439777,386.737168501809,386.767705217964,386.756618014168,386.730578959585,386.766891981289,386.764901756586,386.705963346817,386.748314020037,386.744171521148,386.753544203135,386.719506933043,386.763849077817,386.748302262814
386.78798520568,386.717584051773,386.737205028895,386.768466162851,386.747167293061,386.753265152536,386.737168501809,386.744890268792,386.753855190703,386.735420420534,386.737168501809,386.736139439777,386.737168501809,386.767705217964,386.756618014168,386.730578959585,386.766891981289,386.764901756586,386.705963346817,386.748314020037,386.744171521148,386.753544203135,386.719506933043,386.763849077817,386.748302262814
386.78798520568,386.717584051773,386.737205028895,386.768466162851,386.747167293061,386.753265152536,386.737168501809,386.744890268792,386.753855190703,386.735420420534,386.737168501809,386.736139439777,386.737168501809,386.767705217964,386.756618014168,386.730578959585,386.766891981289,386.764901756586,386.705963346817,386.748314020037,386.744171521148,386.753544203135,386.719506933043,386.763849077817,386.748302262814
386.78798520568,386.717584051773,386.737205028895,386.768466162851,386.747167293061,386.753265152536,386.737168501809,386.744890268792,386.753855190703,386.735420420534,386.737168501809,386.736139439777,386.737168501809,386.767705217964,386.756618014168,386.730578959585,386.766891981289,386.764901756586,386.705963346817,386.748314020037,386.744171521148,386.753544203135,386.719506933043,386.763849077817,386.748302262814
386.78798520568,386.717584051773,386.737205028895,386.768466162851,386.747167293061,386.753265152536,386.737168501809,386.744890268792,386.753855190703,386.735420420534,386.737168501809,386.736139439777,386.737168501809,386.767705217964,386.756618014168,386.730578959585,386.766891981289,386.764901756586,386.705963346817,386.748314020037,386.744171521148,386.753544203135,386.719506933043,386.763849077817,386.748302262814
386.78798520568,386.717584051773,386.737205028895,386.768466162851,386.747167293061,386.753265152536,386.737168501809,386.744890268792,386.753855190703,386.735420420534,386.737168501809,386.736139439777,386.737168501809,386.767705217964,386.756618014168,386.730578959585,386.766891981289,386.764901756586,386.705963346817,386.748314020037,386.744171521148,386.753544203135,386.719506933043,386.763849077817,386.748302262814
386.78798520568,386.717584051773,386.737205028895,386.768466162851,386.747167293061,386.753265152536,386.737168501809,386.744890268792,386.753855190703,386.735420420534,386.737168501809,386.736139439777,386.737168501809,386.767705217964,386.756618014168,386.730578959585,386.766891981289,386.764901756586,386.705963346817,386.748314020037,386.744171521148,386.753544203135,386.719506933043,386.763849077817,386.748302262814
386.78798520568,386.717584051773,386.737205028895,386.768466162851,386.747167293061,386.753265152536,386.737168501809,386.744890268792,386.753855190703,386.735420420534,386.737168501809,386.736139439777,386.737168501809,386.767705217964,386.756618014168,386.730578959585,386.766891981289,386.764901756586,386.705963346817,386.748314020037,386.744171521148,386.753544203135,386.719506933043,386.763849077817,386.748302262814
386.78798520568,386.717584051773,386.737205028895,386.768466162851,386.747167293061,386.753265152536,386.737168501809,386.744890268792,386.753855190703,386.735420420534,386.737168501809,386.736139439777,386.737168501809,386.767705217964,386.756618014168,386.730578959585,386.766891981289,386.764901756586,386.705963346817,386.748314020037,386.744171521148,386.753544203135,386.719506933043,386.763849077817,386.748302262814
386.78798520568,386.717584051773,386.737205028895,386.768466162851,386.747167293061,386.753265152536,386.737168501809,386.744890268792,386.753855190703,386.735420420534,386.737168501809,386.736139439777,386.737168501809,386.767705217964,386.756618014168,386.730578959585,386.766891981289,386.764901756586,386.705963346817,386.748314020037,386.744171521148,386.753544203135,386.719506933043,386.763849077817,386.748302262814
386.78798520568,386.717584051773,386.737205028895,386.768466162851,386.747167293061,386.753265152536,386.737168501809,386.744890268792,386.753855190703,386.735420420534,386.737168501809,386.736139439777,386.737168501809,386.767705217964,386.756618014168,386.730578959585,386.766891981289,386.764901756586,386.705963346817,386.748314020037,386.744171521148,386.753544203135,386.719506933043,386.763849077817,386.748302262814
386.78798520568,386.717584051773,386.737205028895,386.768466162851,386.747167293061,386.753265152536,386.737168501809,386.744890268792,386.753855190703,386.735420420534,386.737168501809,386.736139439777,386.737168501809,386.767705217964,386.756618014168,386.730578959585,386.766891981289,386.764901756586,386.705963346817,386.748314020037,386.744171521148,386.753544203135,386.719506933043,386.763849077817,386.748302262814
386.78798520568,386.717584051773,386.737205028895,386.768466162851,386.747167293061,386.753265152536,386.737168501809,386.744890268792,386.753855190703,386.735420420534,386.737168501809,386.736139439777,386.737168501809,386.767705217964,386.756618014168,386.730578959585,386.766891981289,386.764901756586,386.705963346817,386.748314020037,386.744171521148,386.753544203135,386.719506933043,386.763849077817,386.748302262814
386.78798520568,386.717584051773,386.737205028895,386.768466162851,386.747167293061,386.753265152536,386.737168501809,386.744890268792,386.753855190703,386.735420420534,386.737168501809,386.736139439777,386.737168501809,386.767705217964,386.756618014168,386.730578959585,386.766891981289,386.764901756586,386.705963346817,386.748314020037,386.744171521148,386.753544203135,386.719506933043,386.763849077817,386.748302262814
386.78798520568,386.717584051773,386.737205028895,386.768466162851,386.747167293061,386.753265152536,386.737168501809,386.744890268792,386.753855190703,386.735420420534,386.737168501809,386.736139439777,386.737168501809,386.767705217964,386.756618014168,386.730578959585,386.766891981289,386.764901756586,386.705963346817,386.748314020037,386.744171521148,386.753544203135,386.719506933043,386.763849077817,386.748302262814
386.78798520568,386.717584051773,386.737205028895,386.768466162851,386.747167293061,386.753265152536,386.737168501809,386.744890268792,386.753855190703,386.735420420534,386.737168501809,386.736139439777,386.737168501809,386.767705217964,386.756618014168,386.730578959585,386.766891981289,386.764901756586,386.705963346817,386.748314020037,386.744171521148,386.753544203135,386.719506933043,386.763849077817,386.748302262814
386.78798520568,386.717584051773,386.737205028895,386.768466162851,386.747167293061,386.753265152536,386.737168501809,386.744890268792,386.753855190703,386.735420420534,386.737168501809,386.736139439777,386.737168501809,386.767705217964,386.756618014168,386.730578959585,386.766891981289,386.764901756586,386.705963346817,386.748314020037,386.744171521148,386.753544203135,386.719506933043,386.763849077817,386.748302262814
386.78798520568,386.717584051773,386.737205028895,386.768466162851,386.747167293061,386.753265152536,386.737168501809,386.744890268792,386.753855190703,386.735420420534,386.737168501809,386.736139439777,386.737168501809,386.767705217964,386.756618014168,386.730578959585,386.766891981289,386.764901756586,386.705963346817,386.748314020037,386.744171521148,386.753544203135,386.719506933043,386.763849077817,386.748302262814
386.78798520568,386.717584051773,386.737205028895,386.768466162851,386.747167293061,386.753265152536,386.737168501809,386.744890268792,386.753855190703,386.735420420534,386.737168501809,386.736139439777,386.737168501809,386.767705217964,386.756618014168,386.730578959585,386.766891981289,386.764901756586,386.705963346817,386.748314020037,386.744171521148,386.753544203135,386.719506933043,386.763849077817,386.748302262814
386.78798520568,386.717584051773,386.737205028895,386.768466162851,386.747167293061,386.753265152536,386.737168501809,386.744890268792,386.753855190703,386.735420420534,386.737168501809,386.736139439777,386.737168501809,386.767705217964,386.756618014168,386.730578959585,386.766891981289,386.764901756586,386.705963346817,386.748314020037,386.744171521148,386.753544203135,386.719506933043,386.763849077817,386.748302262814
386.78798520568,386.717584051773,386.737205028895,386.768466162851,386.747167293061,386.753265152536,386.737168501809,386.744890268792,386.753855190703,386.735420420534,386.737168501809,386.736139439777,386.737168501809,386.767705217964,386.756618014168,386.730578959585,386.766891981289,386.764901756586,386.705963346817,386.748314020037,386.744171521148,386.753544203135,386.719506933043,386.763849077817,386.748302262814
386.78798520568,386.717584051773,386.737205028895,386.768466162851,386.747167293061,386.753265152536,386.737168501809,386.744890268792,386.753855190703,386.735420420534,386.737168501809,386.736139439777,386.737168501809,386.767705217964,386.756618014168,386.730578959585,386.766891981289,386.764901756586,386.705963346817,386.748314020037,386.744171521148,386.753544203135,386.719506933043,386.763849077817,386.748302262814
386.78798520568,386.717584051773,386.737205028895,386.768466162851,386.747167293061,386.753265152536,386.737168501809,386.744890268792,386.753855190703,386.735420420534,386.737168501809,386.736139439777,386.737168501809,386.767705217964,386.756618014168,386.730578959585,386.766891981289,386.764901756586,386.705963346817,386.748314020037,386.744171521148,386.753544203135,386.719506933043,386.763849077817,386.748302262814
386.78798520568,386.717584051773,386.737205028895,386.768466162851,386.747167293061,386.753265152536,386.737168501809,386.744890268792,386.753855190703,386.735420420534,386.737168501809,386.736139439777,386.737168501809,386.767705217964,386.756618014168,386.730578959585,386.766891981289,386.764901756586,386.705963346817,386.748314020037,386.744171521148,386.753544203135,386.719506933043,386.763849077817,386.748302262814
386.78798520568,386.717584051773,386.737205028895,386.768466162851,386.747167293061,386.753265152536,386.737168501809,386.744890268792,386.753855190703,386.735420420534,386.737168501809,386.736139439777,386.737168501809,386.767705217964,386.756618014168,386.730578959585,386.766891981289,386.764901756586,386.705963346817,386.748314020037,386.744171521148,386.753544203135,386.719506933043,386.763849077817,386.748302262814
386.78798520568,386.717584051773,386.737205028895,386.768466162851,386.747167293061,386.753265152536,386.737168501809,386.744890268792,386.753855190703,386.735420420534,386.737168501809,386.736139439777,386.737168501809,386.767705217964,386.756618014168,386.730578959585,386.766891981289,386.764901756586,386.705963346817,386.748314020037,386.744171521148,386.753544203135,386.719506933043,386.763849077817,386.748302262814
386.78798520568,386.717584051773,386.737205028895,386.768466162851,386.747167293061,386.753265152536,386.737168501809,386.744890268792,386.753855190703,386.735420420534,386.737168501809,386.736139439777,386.737168501809,386.767705217964,386.756618014168,386.730578959585,386.766891981289,386.764901756586,386.705963346817,386.748314020037,386.744171521148,386.753544203135,386.719506933043,386.763849077817,386.748302262814
386.78798520568,386.717584051773,386.737205028895,386.768466162851,386.747167293061,386.753265152536,386.737168501809,386.744890268792,386.753855190703,386.735420420534,386.737168501809,386.736139439777,386.737168501809,386.767705217964,386.756618014168,386.730578959585,386.766891981289,386.764901756586,386.705963346817,386.748314020037,386.744171521148,386.753544203135,386.719506933043,386.763849077817,386.748302262814
386.78798520568,386.717584051773,386.737205028895,386.768466162851,386.747167293061,386.753265152536,386.737168501809,386.744890268792,386.753855190703,386.735420420534,386.737168501809,386.736139439777,386.737168501809,386.767705217964,386.756618014168,386.730578959585,386.766891981289,386.764901756586,386.705963346817,386.748314020037,386.744171521148,386.753544203135,386.719506933043,386.763849077817,386.748302262814
386.78798520568,386.717584051773,386.737205028895,386.768466162851,386.747167293061,386.753265152536,386.737168501809,386.744890268792,386.753855190703,386.735420420534,386.737168501809,386.736139439777,386.737168501809,386.767705217964,386.756618014168,386.730578959585,386.766891981289,386.764901756586,386.705963346817,386.748314020037,386.744171521148,386.753544203135,386.719506933043,386.763849077817,386.748302262814
386.78798520568,386.717584051773,386.737205028895,386.768466162851,386.747167293061,386.753265152536,386.737168501809,386.744890268792,386.753855190703,386.735420420534,386.737168501809,386.736139439777,386.737168501809,386.767705217964,386.756618014168,386.730578959585,386.766891981289,386.764901756586,386.705963346817,386.748314020037,386.744171521148,386.753544203135,386.719506933043,386.763849077817,386.748302262814
386.78798520568,386.717584051773,386.737205028895,386.768466162851,386.747167293061,386.753265152536,386.737168501809,386.744890268792,386.753855190703,386.735420420534,386.737168501809,386.736139439777,386.737168501809,386.767705217964,386.756618014168,386.730578959585,386.766891981289,386.764901756586,386.705963346817,386.748314020037,386.744171521148,386.753544203135,386.719506933043,386.763849077817,386.748302262814
386.78798520568,386.717584051773,386.737205028895,386.768466162851,386.747167293061,386.753265152536,386.737168501809,386.744890268792,386.753855190703,386.735420420534,386.737168501809,386.736139439777,386.737168501809,386.767705217964,386.756618014168,386.730578959585,386.766891981289,386.764901756586,386.705963346817,386.748314020037,386.744171521148,386.753544203135,386.719506933043,386.763849077817,386.748302262814
386.78798520568,386.717584051773,386.737205028895,386.768466162851,386.747167293061,386.753265152536,386.737168501809,386.744890268792,386.753855190703,386.735420420534,386.737168501809,386.736139439777,386.737168501809,386.767705217964,386.756618014168,386.730578959585,386.766891981289,386.764901756586,386.705963346817,386.748314020037,386.744171521148,386.753544203135,386.719506933043,386.763849077817,386.748302262814
386.78798520568,386.717584051773,386.737205028895,386.768466162851,386.747167293061,386.753265152536,386.737168501809,386.744890268792,386.753855190703,386.735420420534,386.737168501809,386.736139439777,386.737168501809,386.767705217964,386.756618014168,386.730578959585,386.766891981289,386.764901756586,386.705963346817,386.748314020037,386.744171521148,386.753544203135,386.719506933043,386.763849077817,386.748302262814
386.78798520568,386.717584051773,386.737205028895,386.768466162851,386.747167293061,386.753265152536,386.737168501809,386.744890268792,386.753855190703,386.735420420534,386.737168501809,386.736139439777,386.737168501809,386.767705217964,386.756618014168,386.730578959585,386.766891981289,386.764901756586,386.705963346817,386.748314020037,386.744171521148,386.753544203135,386.719506933043,386.763849077817,386.748302262814
386.78798520568,386.717584051773,386.737205028895,386.768466162851,386.747167293061,386.753265152536,386.737168501809,386.744890268792,386.753855190703,386.735420420534,386.737168501809,386.736139439777,386.737168501809,386.767705217964,386.756618014168,386.730578959585,386.766891981289,386.764901756586,386.705963346817,386.748314020037,386.744171521148,386.753544203135,386.719506933043,386.763849077817,386.748302262814
386.78798520568,386.717584051773,386.737205028895,386.768466162851,386.747167293061,386.753265152536,386.737168501809,386.744890268792,386.753855190703,386.735420420534,386.737168501809,386.736139439777,386.737168501809,386.767705217964,386.756618014168,386.730578959585,386.766891981289,386.764901756586,386.705963346817,386.748314020037,386.744171521148,386.753544203135,386.719506933043,386.763849077817,386.748302262814
386.78798520568,386.717584051773,386.737205028895,386.768466162851,386.747167293061,386.753265152536,386.737168501809,386.744890268792,386.753855190703,386.735420420534,386.737168501809,386.736139439777,386.737168501809,386.767705217964,386.756618014168,386.730578959585,386.766891981289,386.764901756586,386.705963346817,386.748314020037,386.744171521148,386.753544203135,386.719506933043,386.763849077817,386.748302262814
386.78798520568,386.717584051773,386.737205028895,386.768466162851,386.747167293061,386.753265152536,386.737168501809,386.744890268792,386.753855190703,386.735420420534,386.737168501809,386.736139439777,386.737168501809,386.767705217964,386.756618014168,386.730578959585,386.766891981289,386.764901756586,386.705963346817,386.748314020037,386.744171521148,386.753544203135,386.719506933043,386.763849077817,386.748302262814
386.78798520568,386.717584051773,386.737205028895,386.768466162851,386.747167293061,386.753265152536,386.737168501809,386.744890268792,386.753855190703,386.735420420534,386.737168501809,386.736139439777,386.737168501809,386.767705217964,386.756618014168,386.730578959585,386.766891981289,386.764901756586,386.705963346817,386.748314020037,386.744171521148,386.753544203135,386.719506933043,386.763849077817,386.748302262814
386.78798520568,386.717584051773,386.737205028895,386.768466162851,386.747167293061,386.753265152536,386.737168501809,386.744890268792,386.753855190703,386.735420420534,386.737168501809,386.736139439777,386.737168501809,386.767705217964,386.756618014168,386.730578959585,386.766891981289,386.764901756586,386.705963346817,386.748314020037,386.744171521148,386.753544203135,386.719506933043,386.763849077817,386.748302262814
386.78798520568,386.717584051773,386.737205028895,386.768466162851,386.747167293061,386.753265152536,386.737168501809,386.744890268792,386.753855190703,386.735420420534,386.737168501809,386.736139439777,386.737168501809,386.767705217964,386.756618014168,386.730578959585,386.766891981289,386.764901756586,386.705963346817,386.748314020037,386.744171521148,386.753544203135,386.719506933043,386.763849077817,386.748302262814
386.78798520568,386.717584051773,386.737205028895,386.768466162851,386.747167293061,386.753265152536,386.737168501809,386.744890268792,386.753855190703,386.735420420534,386.737168501809,386.736139439777,386.737168501809,386.767705217964,386.756618014168,386.730578959585,386.766891981289,386.764901756586,386.705963346817,386.748314020037,386.744171521148,386.753544203135,386.719506933043,386.763849077817,386.748302262814
386.78798520568,386.717584051773,386.737205028895,386.768466162851,386.747167293061,386.753265152536,386.737168501809,386.744890268792,386.753855190703,386.735420420534,386.737168501809,386.736139439777,386.737168501809,386.767705217964,386.756618014168,386.730578959585,386.766891981289,386.764901756586,386.705963346817,386.748314020037,386.744171521148,386.753544203135,386.719506933043,386.763849077817,386.748302262814
386.78798520568,386.717584051773,386.737205028895,386.768466162851,386.747167293061,386.753265152536,386.737168501809,386.744890268792,386.753855190703,386.735420420534,386.737168501809,386.736139439777,386.737168501809,386.767705217964,386.756618014168,386.730578959585,386.766891981289,386.764901756586,386.705963346817,386.748314020037,386.744171521148,386.753544203135,386.719506933043,386.763849077817,386.748302262814
386.78798520568,386.717584051773,386.737205028895,386.768466162851,386.747167293061,386.753265152536,386.737168501809,386.744890268792,386.753855190703,386.735420420534,386.737168501809,386.736139439777,386.737168501809,386.767705217964,386.756618014168,386.730578959585,386.766891981289,386.764901756586,386.705963346817,386.748314020037,386.744171521148,386.753544203135,386.719506933043,386.763849077817,386.748302262814
386.78798520568,386.717584051773,386.737205028895,386.768466162851,386.747167293061,386.753265152536,386.737168501809,386.744890268792,386.753855190703,386.735420420534,386.737168501809,386.736139439777,386.737168501809,386.767705217964,386.756618014168,386.730578959585,386.766891981289,386.764901756586,386.705963346817,386.748314020037,386.744171521148,386.753544203135,386.719506933043,386.763849077817,386.748302262814
386.78798520568,386.717584051773,386.737205028895,386.768466162851,386.747167293061,386.753265152536,386.737168501809,386.744890268792,386.753855190703,386.735420420534,386.737168501809,386.736139439777,386.737168501809,386.767705217964,386.756618014168,386.730578959585,386.766891981289,386.764901756586,386.705963346817,386.748314020037,386.744171521148,386.753544203135,386.719506933043,386.763849077817,386.748302262814
386.78798520568,386.717584051773,386.737205028895,386.768466162851,386.747167293061,386.753265152536,386.737168501809,386.744890268792,386.753855190703,386.735420420534,386.737168501809,386.736139439777,386.737168501809,386.767705217964,386.756618014168,386.730578959585,386.766891981289,386.764901756586,386.705963346817,386.748314020037,386.744171521148,386.753544203135,386.719506933043,386.763849077817,386.748302262814
386.78798520568,386.717584051773,386.737205028895,386.768466162851,386.747167293061,386.753265152536,386.737168501809,386.744890268792,386.753855190703,386.735420420534,386.737168501809,386.736139439777,386.737168501809,386.767705217964,386.756618014168,386.730578959585,386.766891981289,386.764901756586,386.705963346817,386.748314020037,386.744171521148,386.753544203135,386.719506933043,386.763849077817,386.748302262814
386.78798520568,386.717584051773,386.737205028895,386.768466162851,386.747167293061,386.753265152536,386.737168501809,386.744890268792,386.753855190703,386.735420420534,386.737168501809,386.736139439777,386.737168501809,386.767705217964,386.756618014168,386.730578959585,386.766891981289,386.764901756586,386.705963346817,386.748314020037,386.744171521148,386.753544203135,386.719506933043,386.763849077817,386.748302262814
386.78798520568,386.717584051773,386.737205028895,386.768466162851,386.747167293061,386.753265152536,386.737168501809,386.744890268792,386.753855190703,386.735420420534,386.737168501809,386.736139439777,386.737168501809,386.767705217964,386.756618014168,386.730578959585,386.766891981289,386.764901756586,386.705963346817,386.748314020037,386.744171521148,386.753544203135,386.719506933043,386.763849077817,386.748302262814
386.78798520568,386.717584051773,386.737205028895,386.768466162851,386.747167293061,386.753265152536,386.737168501809,386.744890268792,386.753855190703,386.735420420534,386.737168501809,386.736139439777,386.737168501809,386.767705217964,386.756618014168,386.730578959585,386.766891981289,386.764901756586,386.705963346817,386.748314020037,386.744171521148,386.753544203135,386.719506933043,386.763849077817,386.748302262814
386.78798520568,386.717584051773,386.737205028895,386.768466162851,386.747167293061,386.753265152536,386.737168501809,386.744890268792,386.753855190703,386.735420420534,386.737168501809,386.736139439777,386.737168501809,386.767705217964,386.756618014168,386.730578959585,386.766891981289,386.764901756586,386.705963346817,386.748314020037,386.744171521148,386.753544203135,386.719506933043,386.763849077817,386.748302262814
386.78798520568,386.717584051773,386.737205028895,386.768466162851,386.747167293061,386.753265152536,386.737168501809,386.744890268792,386.753855190703,386.735420420534,386.737168501809,386.736139439777,386.737168501809,386.767705217964,386.756618014168,386.730578959585,386.766891981289,386.764901756586,386.705963346817,386.748314020037,386.744171521148,386.753544203135,386.719506933043,386.763849077817,386.748302262814
386.78798520568,386.717584051773,386.737205028895,386.768466162851,386.747167293061,386.753265152536,386.737168501809,386.744890268792,386.753855190703,386.735420420534,386.737168501809,386.736139439777,386.737168501809,386.767705217964,386.756618014168,386.730578959585,386.766891981289,386.764901756586,386.705963346817,386.748314020037,386.744171521148,386.753544203135,386.719506933043,386.763849077817,386.748302262814
386.78798520568,386.717584051773,386.737205028895,386.768466162851,386.747167293061,386.753265152536,386.737168501809,386.744890268792,386.753855190703,386.735420420534,386.737168501809,386.736139439777,386.737168501809,386.767705217964,386.756618014168,386.730578959585,386.766891981289,386.764901756586,386.705963346817,386.748314020037,386.744171521148,386.753544203135,386.719506933043,386.763849077817,386.748302262814
386.78798520568,386.717584051773,386.737205028895,386.768466162851,386.747167293061,386.753265152536,386.737168501809,386.744890268792,386.753855190703,386.735420420534,386.737168501809,386.736139439777,386.737168501809,386.767705217964,386.756618014168,386.730578959585,386.766891981289,386.764901756586,386.705963346817,386.748314020037,386.744171521148,386.753544203135,386.719506933043,386.763849077817,386.748302262814
386.78798520568,386.717584051773,386.737205028895,386.768466162851,386.747167293061,386.753265152536,386.737168501809,386.744890268792,386.753855190703,386.735420420534,386.737168501809,386.736139439777,386.737168501809,386.767705217964,386.756618014168,386.730578959585,386.766891981289,386.764901756586,386.705963346817,386.748314020037,386.744171521148,386.753544203135,386.719506933043,386.763849077817,386.748302262814
386.78798520568,386.717584051773,386.737205028895,386.768466162851,386.747167293061,386.753265152536,386.737168501809,386.744890268792,386.753855190703,386.735420420534,386.737168501809,386.736139439777,386.737168501809,386.767705217964,386.756618014168,386.730578959585,386.766891981289,386.764901756586,386.705963346817,386.748314020037,386.744171521148,386.753544203135,386.719506933043,386.763849077817,386.748302262814
386.78798520568,386.717584051773,386.737205028895,386.768466162851,386.747167293061,386.753265152536,386.737168501809,386.744890268792,386.753855190703,386.735420420534,386.737168501809,386.736139439777,386.737168501809,386.767705217964,386.756618014168,386.730578959585,386.766891981289,386.764901756586,386.705963346817,386.748314020037,386.744171521148,386.753544203135,386.719506933043,386.763849077817,386.748302262814
386.78798520568,386.717584051773,386.737205028895,386.768466162851,386.747167293061,386.753265152536,386.737168501809,386.744890268792,386.753855190703,386.735420420534,386.737168501809,386.736139439777,386.737168501809,386.767705217964,386.756618014168,386.730578959585,386.766891981289,386.764901756586,386.705963346817,386.748314020037,386.744171521148,386.753544203135,386.719506933043,386.763849077817,386.748302262814
386.78798520568,386.717584051773,386.737205028895,386.768466162851,386.747167293061,386.753265152536,386.737168501809,386.744890268792,386.753855190703,386.735420420534,386.737168501809,386.736139439777,386.737168501809,386.767705217964,386.756618014168,386.730578959585,386.766891981289,386.764901756586,386.705963346817,386.748314020037,386.744171521148,386.753544203135,386.719506933043,386.763849077817,386.748302262814
386.78798520568,386.717584051773,386.737205028895,386.768466162851,386.747167293061,386.753265152536,386.737168501809,386.744890268792,386.753855190703,386.735420420534,386.737168501809,386.736139439777,386.737168501809,386.767705217964,386.756618014168,386.730578959585,386.766891981289,386.764901756586,386.705963346817,386.748314020037,386.744171521148,386.753544203135,386.719506933043,386.763849077817,386.748302262814
386.78798520568,386.717584051773,386.737205028895,386.768466162851,386.747167293061,386.753265152536,386.737168501809,386.744890268792,386.753855190703,386.735420420534,386.737168501809,386.736139439777,386.737168501809,386.767705217964,386.756618014168,386.730578959585,386.766891981289,386.764901756586,386.705963346817,386.748314020037,386.744171521148,386.753544203135,386.719506933043,386.763849077817,386.748302262814
386.78798520568,386.717584051773,386.737205028895,386.768466162851,386.747167293061,386.753265152536,386.737168501809,386.744890268792,386.753855190703,386.735420420534,386.737168501809,386.736139439777,386.737168501809,386.767705217964,386.756618014168,386.730578959585,386.766891981289,386.764901756586,386.705963346817,386.748314020037,386.744171521148,386.753544203135,386.719506933043,386.763849077817,386.748302262814
386.78798520568,386.717584051773,386.737205028895,386.768466162851,386.747167293061,386.753265152536,386.737168501809,386.744890268792,386.753855190703,386.735420420534,386.737168501809,386.736139439777,386.737168501809,386.767705217964,386.756618014168,386.730578959585,386.766891981289,386.764901756586,386.705963346817,386.748314020037,386.744171521148,386.753544203135,386.719506933043,386.763849077817,386.748302262814
386.78798520568,386.717584051773,386.737205028895,386.768466162851,386.747167293061,386.753265152536,386.737168501809,386.744890268792,386.753855190703,386.735420420534,386.737168501809,386.736139439777,386.737168501809,386.767705217964,386.756618014168,386.730578959585,386.766891981289,386.764901756586,386.705963346817,386.748314020037,386.744171521148,386.753544203135,386.719506933043,386.763849077817,386.748302262814
386.78798520568,386.717584051773,386.737205028895,386.768466162851,386.747167293061,386.753265152536,386.737168501809,386.744890268792,386.753855190703,386.735420420534,386.737168501809,386.736139439777,386.737168501809,386.767705217964,386.756618014168,386.730578959585,386.766891981289,386.764901756586,386.705963346817,386.748314020037,386.744171521148,386.753544203135,386.719506933043,386.763849077817,386.748302262814
386.78798520568,386.717584051773,386.737205028895,386.768466162851,386.747167293061,386.753265152536,386.737168501809,386.744890268792,386.753855190703,386.735420420534,386.737168501809,386.736139439777,386.737168501809,386.767705217964,386.756618014168,386.730578959585,386.766891981289,386.764901756586,386.705963346817,386.748314020037,386.744171521148,386.753544203135,386.719506933043,386.763849077817,386.748302262814
386.78798520568,386.717584051773,386.737205028895,386.768466162851,386.747167293061,386.753265152536,386.737168501809,386.744890268792,386.753855190703,386.735420420534,386.737168501809,386.736139439777,386.737168501809,386.767705217964,386.756618014168,386.730578959585,386.766891981289,386.764901756586,386.705963346817,386.748314020037,386.744171521148,386.753544203135,386.719506933043,386.763849077817,386.748302262814
386.78798520568,386.717584051773,386.737205028895,386.768466162851,386.747167293061,386.753265152536,386.737168501809,386.744890268792,386.753855190703,386.735420420534,386.737168501809,386.736139439777,386.737168501809,386.767705217964,386.756618014168,386.730578959585,386.766891981289,386.764901756586,386.705963346817,386.748314020037,386.744171521148,386.753544203135,386.719506933043,386.763849077817,386.748302262814
386.78798520568,386.717584051773,386.737205028895,386.768466162851,386.747167293061,386.753265152536,386.737168501809,386.744890268792,386.753855190703,386.735420420534,386.737168501809,386.736139439777,386.737168501809,386.767705217964,386.756618014168,386.730578959585,386.766891981289,386.764901756586,386.705963346817,386.748314020037,386.744171521148,386.753544203135,386.719506933043,386.763849077817,386.748302262814
386.78798520568,386.717584051773,386.737205028895,386.768466162851,386.747167293061,386.753265152536,386.737168501809,386.744890268792,386.753855190703,386.735420420534,386.737168501809,386.736139439777,386.737168501809,386.767705217964,386.756618014168,386.730578959585,386.766891981289,386.764901756586,386.705963346817,386.748314020037,386.744171521148,386.753544203135,386.719506933043,386.763849077817,386.748302262814
386.78798520568,386.717584051773,386.737205028895,386.768466162851,386.747167293061,386.753265152536,386.737168501809,386.744890268792,386.753855190703,386.735420420534,386.737168501809,386.736139439777,386.737168501809,386.767705217964,386.756618014168,386.730578959585,386.766891981289,386.764901756586,386.705963346817,386.748314020037,386.744171521148,386.753544203135,386.719506933043,386.763849077817,386.748302262814
386.78798520568,386.717584051773,386.737205028895,386.768466162851,386.747167293061,386.753265152536,386.737168501809,386.744890268792,386.753855190703,386.735420420534,386.737168501809,386.736139439777,386.737168501809,386.767705217964,386.756618014168,386.730578959585,386.766891981289,386.764901756586,386.705963346817,386.748314020037,386.744171521148,386.753544203135,386.719506933043,386.763849077817,386.748302262814
386.78798520568,386.717584051773,386.737205028895,386.768466162851,386.747167293061,386.753265152536,386.737168501809,386.744890268792,386.753855190703,386.735420420534,386.737168501809,386.736139439777,386.737168501809,386.767705217964,386.756618014168,386.730578959585,386.766891981289,386.764901756586,386.705963346817,386.748314020037,386.744171521148,386.753544203135,386.719506933043,386.763849077817,386.748302262814
386.78798520568,386.717584051773,386.737205028895,386.768466162851,386.747167293061,386.753265152536,386.737168501809,386.744890268792,386.753855190703,386.735420420534,386.737168501809,386.736139439777,386.737168501809,386.767705217964,386.756618014168,386.730578959585,386.766891981289,386.764901756586,386.705963346817,386.748314020037,386.744171521148,386.753544203135,386.719506933043,386.763849077817,386.748302262814
386.78798520568,386.717584051773,386.737205028895,386.768466162851,386.747167293061,386.753265152536,386.737168501809,386.744890268792,386.753855190703,386.735420420534,386.737168501809,386.736139439777,386.737168501809,386.767705217964,386.756618014168,386.730578959585,386.766891981289,386.764901756586,386.705963346817,386.748314020037,386.744171521148,386.753544203135,386.719506933043,386.763849077817,386.748302262814
386.78798520568,386.717584051773,386.737205028895,386.768466162851,386.747167293061,386.753265152536,386.737168501809,386.744890268792,386.753855190703,386.735420420534,386.737168501809,386.736139439777,386.737168501809,386.767705217964,386.756618014168,386.730578959585,386.766891981289,386.764901756586,386.705963346817,386.748314020037,386.744171521148,386.753544203135,386.719506933043,386.763849077817,386.748302262814
386.78798520568,386.717584051773,386.737205028895,386.768466162851,386.747167293061,386.753265152536,386.737168501809,386.744890268792,386.753855190703,386.735420420534,386.737168501809,386.736139439777,386.737168501809,386.767705217964,386.756618014168,386.730578959585,386.766891981289,386.764901756586,386.705963346817,386.748314020037,386.744171521148,386.753544203135,386.719506933043,386.763849077817,386.748302262814
386.78798520568,386.717584051773,386.737205028895,386.768466162851,386.747167293061,386.753265152536,386.737168501809,386.744890268792,386.753855190703,386.735420420534,386.737168501809,386.736139439777,386.737168501809,386.767705217964,386.756618014168,386.730578959585,386.766891981289,386.764901756586,386.705963346817,386.748314020037,386.744171521148,386.753544203135,386.719506933043,386.763849077817,386.748302262814
386.78798520568,386.717584051773,386.737205028895,386.768466162851,386.747167293061,386.753265152536,386.737168501809,386.744890268792,386.753855190703,386.735420420534,386.737168501809,386.736139439777,386.737168501809,386.767705217964,386.756618014168,386.730578959585,386.766891981289,386.764901756586,386.705963346817,386.748314020037,386.744171521148,386.753544203135,386.719506933043,386.763849077817,386.748302262814
386.78798520568,386.717584051773,386.737205028895,386.768466162851,386.747167293061,386.753265152536,386.737168501809,386.744890268792,386.753855190703,386.735420420534,386.737168501809,386.736139439777,386.737168501809,386.767705217964,386.756618014168,386.730578959585,386.766891981289,386.764901756586,386.705963346817,386.748314020037,386.744171521148,386.753544203135,386.719506933043,386.763849077817,386.748302262814
386.78798520568,386.717584051773,386.737205028895,386.768466162851,386.747167293061,386.753265152536,386.737168501809,386.744890268792,386.753855190703,386.735420420534,386.737168501809,386.736139439777,386.737168501809,386.767705217964,386.756618014168,386.730578959585,386.766891981289,386.764901756586,386.705963346817,386.748314020037,386.744171521148,386.753544203135,386.719506933043,386.763849077817,386.748302262814
386.78798520568,386.717584051773,386.737205028895,386.768466162851,386.747167293061,386.753265152536,386.737168501809,386.744890268792,386.753855190703,386.735420420534,386.737168501809,386.736139439777,386.737168501809,386.767705217964,386.756618014168,386.730578959585,386.766891981289,386.764901756586,386.705963346817,386.748314020037,386.744171521148,386.753544203135,386.719506933043,386.763849077817,386.748302262814
386.78798520568,386.717584051773,386.737205028895,386.768466162851,386.747167293061,386.753265152536,386.737168501809,386.744890268792,386.753855190703,386.735420420534,386.737168501809,386.736139439777,386.737168501809,386.767705217964,386.756618014168,386.730578959585,386.766891981289,386.764901756586,386.705963346817,386.748314020037,386.744171521148,386.753544203135,386.719506933043,386.763849077817,386.748302262814
386.78798520568,386.717584051773,386.737205028895,386.768466162851,386.747167293061,386.753265152536,386.737168501809,386.744890268792,386.753855190703,386.735420420534,386.737168501809,386.736139439777,386.737168501809,386.767705217964,386.756618014168,386.730578959585,386.766891981289,386.764901756586,386.705963346817,386.748314020037,386.744171521148,386.753544203135,386.719506933043,386.763849077817,386.748302262814
386.78798520568,386.717584051773,386.737205028895,386.768466162851,386.747167293061,386.753265152536,386.737168501809,386.744890268792,386.753855190703,386.735420420534,386.737168501809,386.736139439777,386.737168501809,386.767705217964,386.756618014168,386.730578959585,386.766891981289,386.764901756586,386.705963346817,386.748314020037,386.744171521148,386.753544203135,386.719506933043,386.763849077817,386.748302262814
386.78798520568,386.717584051773,386.737205028895,386.768466162851,386.747167293061,386.753265152536,386.737168501809,386.744890268792,386.753855190703,386.735420420534,386.737168501809,386.736139439777,386.737168501809,386.767705217964,386.756618014168,386.730578959585,386.766891981289,386.764901756586,386.705963346817,386.748314020037,386.744171521148,386.753544203135,386.719506933043,386.763849077817,386.748302262814
386.78798520568,386.717584051773,386.737205028895,386.768466162851,386.747167293061,386.753265152536,386.737168501809,386.744890268792,386.753855190703,386.735420420534,386.737168501809,386.736139439777,386.737168501809,386.767705217964,386.756618014168,386.730578959585,386.766891981289,386.764901756586,386.705963346817,386.748314020037,386.744171521148,386.753544203135,386.719506933043,386.763849077817,386.748302262814
386.78798520568,386.717584051773,386.737205028895,386.768466162851,386.747167293061,386.753265152536,386.737168501809,386.744890268792,386.753855190703,386.735420420534,386.737168501809,386.736139439777,386.737168501809,386.767705217964,386.756618014168,386.730578959585,386.766891981289,386.764901756586,386.705963346817,386.748314020037,386.744171521148,386.753544203135,386.719506933043,386.763849077817,386.748302262814
386.78798520568,386.717584051773,386.737205028895,386.768466162851,386.747167293061,386.753265152536,386.737168501809,386.744890268792,386.753855190703,386.735420420534,386.737168501809,386.736139439777,386.737168501809,386.767705217964,386.756618014168,386.730578959585,386.766891981289,386.764901756586,386.705963346817,386.748314020037,386.744171521148,386.753544203135,386.719506933043,386.763849077817,386.748302262814
386.78798520568,386.717584051773,386.737205028895,386.768466162851,386.747167293061,386.753265152536,386.737168501809,386.744890268792,386.753855190703,386.735420420534,386.737168501809,386.736139439777,386.737168501809,386.767705217964,386.756618014168,386.730578959585,386.766891981289,386.764901756586,386.705963346817,386.748314020037,386.744171521148,386.753544203135,386.719506933043,386.763849077817,386.748302262814
386.78798520568,386.717584051773,386.737205028895,386.768466162851,386.747167293061,386.753265152536,386.737168501809,386.744890268792,386.753855190703,386.735420420534,386.737168501809,386.736139439777,386.737168501809,386.767705217964,386.756618014168,386.730578959585,386.766891981289,386.764901756586,386.705963346817,386.748314020037,386.744171521148,386.753544203135,386.719506933043,386.763849077817,386.748302262814
386.78798520568,386.717584051773,386.737205028895,386.768466162851,386.747167293061,386.753265152536,386.737168501809,386.744890268792,386.753855190703,386.735420420534,386.737168501809,386.736139439777,386.737168501809,386.767705217964,386.756618014168,386.730578959585,386.766891981289,386.764901756586,386.705963346817,386.748314020037,386.744171521148,386.753544203135,386.719506933043,386.763849077817,386.748302262814
386.78798520568,386.717584051773,386.737205028895,386.768466162851,386.747167293061,386.753265152536,386.737168501809,386.744890268792,386.753855190703,386.735420420534,386.737168501809,386.736139439777,386.737168501809,386.767705217964,386.756618014168,386.730578959585,386.766891981289,386.764901756586,386.705963346817,386.748314020037,386.744171521148,386.753544203135,386.719506933043,386.763849077817,386.748302262814
386.78798520568,386.717584051773,386.737205028895,386.768466162851,386.747167293061,386.753265152536,386.737168501809,386.744890268792,386.753855190703,386.735420420534,386.737168501809,386.736139439777,386.737168501809,386.767705217964,386.756618014168,386.730578959585,386.766891981289,386.764901756586,386.705963346817,386.748314020037,386.744171521148,386.753544203135,386.719506933043,386.763849077817,386.748302262814
386.78798520568,386.717584051773,386.737205028895,386.768466162851,386.747167293061,386.753265152536,386.737168501809,386.744890268792,386.753855190703,386.735420420534,386.737168501809,386.736139439777,386.737168501809,386.767705217964,386.756618014168,386.730578959585,386.766891981289,386.764901756586,386.705963346817,386.748314020037,386.744171521148,386.753544203135,386.719506933043,386.763849077817,386.748302262814
386.78798520568,386.717584051773,386.737205028895,386.768466162851,386.747167293061,386.753265152536,386.737168501809,386.744890268792,386.753855190703,386.735420420534,386.737168501809,386.736139439777,386.737168501809,386.767705217964,386.756618014168,386.730578959585,386.766891981289,386.764901756586,386.705963346817,386.748314020037,386.744171521148,386.753544203135,386.719506933043,386.763849077817,386.748302262814
386.78798520568,386.717584051773,386.737205028895,386.768466162851,386.747167293061,386.753265152536,386.737168501809,386.744890268792,386.753855190703,386.735420420534,386.737168501809,386.736139439777,386.737168501809,386.767705217964,386.756618014168,386.730578959585,386.766891981289,386.764901756586,386.705963346817,386.748314020037,386.744171521148,386.753544203135,386.719506933043,386.763849077817,386.748302262814
386.78798520568,386.717584051773,386.737205028895,386.768466162851,386.747167293061,386.753265152536,386.737168501809,386.744890268792,386.753855190703,386.735420420534,386.737168501809,386.736139439777,386.737168501809,386.767705217964,386.756618014168,386.730578959585,386.766891981289,386.764901756586,386.705963346817,386.748314020037,386.744171521148,386.753544203135,386.719506933043,386.763849077817,386.748302262814
386.78798520568,386.717584051773,386.737205028895,386.768466162851,386.747167293061,386.753265152536,386.737168501809,386.744890268792,386.753855190703,386.735420420534,386.737168501809,386.736139439777,386.737168501809,386.767705217964,386.756618014168,386.730578959585,386.766891981289,386.764901756586,386.705963346817,386.748314020037,386.744171521148,386.753544203135,386.719506933043,386.763849077817,386.748302262814
386.78798520568,386.717584051773,386.737205028895,386.768466162851,386.747167293061,386.753265152536,386.737168501809,386.744890268792,386.753855190703,386.735420420534,386.737168501809,386.736139439777,386.737168501809,386.767705217964,386.756618014168,386.730578959585,386.766891981289,386.764901756586,386.705963346817,386.748314020037,386.744171521148,386.753544203135,386.719506933043,386.763849077817,386.748302262814
386.78798520568,386.717584051773,386.737205028895,386.768466162851,386.747167293061,386.753265152536,386.737168501809,386.744890268792,386.753855190703,386.735420420534,386.737168501809,386.736139439777,386.737168501809,386.767705217964,386.756618014168,386.730578959585,386.766891981289,386.764901756586,386.705963346817,386.748314020037,386.744171521148,386.753544203135,386.719506933043,386.763849077817,386.748302262814
386.78798520568,386.717584051773,386.737205028895,386.768466162851,386.747167293061,386.753265152536,386.737168501809,386.744890268792,386.753855190703,386.735420420534,386.737168501809,386.736139439777,386.737168501809,386.767705217964,386.756618014168,386.730578959585,386.766891981289,386.764901756586,386.705963346817,386.748314020037,386.744171521148,386.753544203135,386.719506933043,386.763849077817,386.748302262814
386.78798520568,386.717584051773,386.737205028895,386.768466162851,386.747167293061,386.753265152536,386.737168501809,386.744890268792,386.753855190703,386.735420420534,386.737168501809,386.736139439777,386.737168501809,386.767705217964,386.756618014168,386.730578959585,386.766891981289,386.764901756586,386.705963346817,386.748314020037,386.744171521148,386.753544203135,386.719506933043,386.763849077817,386.748302262814
386.78798520568,386.717584051773,386.737205028895,386.768466162851,386.747167293061,386.753265152536,386.737168501809,386.744890268792,386.753855190703,386.735420420534,386.737168501809,386.736139439777,386.737168501809,386.767705217964,386.756618014168,386.730578959585,386.766891981289,386.764901756586,386.705963346817,386.748314020037,386.744171521148,386.753544203135,386.719506933043,386.763849077817,386.748302262814
386.78798520568,386.717584051773,386.737205028895,386.768466162851,386.747167293061,386.753265152536,386.737168501809,386.744890268792,386.753855190703,386.735420420534,386.737168501809,386.736139439777,386.737168501809,386.767705217964,386.756618014168,386.730578959585,386.766891981289,386.764901756586,386.705963346817,386.748314020037,386.744171521148,386.753544203135,386.719506933043,386.763849077817,386.748302262814
386.78798520568,386.717584051773,386.737205028895,386.768466162851,386.747167293061,386.753265152536,386.737168501809,386.744890268792,386.753855190703,386.735420420534,386.737168501809,386.736139439777,386.737168501809,386.767705217964,386.756618014168,386.730578959585,386.766891981289,386.764901756586,386.705963346817,386.748314020037,386.744171521148,386.753544203135,386.719506933043,386.763849077817,386.748302262814
386.78798520568,386.717584051773,386.737205028895,386.768466162851,386.747167293061,386.753265152536,386.737168501809,386.744890268792,386.753855190703,386.735420420534,386.737168501809,386.736139439777,386.737168501809,386.767705217964,386.756618014168,386.730578959585,386.766891981289,386.764901756586,386.705963346817,386.748314020037,386.744171521148,386.753544203135,386.719506933043,386.763849077817,386.748302262814
386.78798520568,386.717584051773,386.737205028895,386.768466162851,386.747167293061,386.753265152536,386.737168501809,386.744890268792,386.753855190703,386.735420420534,386.737168501809,386.736139439777,386.737168501809,386.767705217964,386.756618014168,386.730578959585,386.766891981289,386.764901756586,386.705963346817,386.748314020037,386.744171521148,386.753544203135,386.719506933043,386.763849077817,386.748302262814
386.78798520568,386.717584051773,386.737205028895,386.768466162851,386.747167293061,386.753265152536,386.737168501809,386.744890268792,386.753855190703,386.735420420534,386.737168501809,386.736139439777,386.737168501809,386.767705217964,386.756618014168,386.730578959585,386.766891981289,386.764901756586,386.705963346817,386.748314020037,386.744171521148,386.753544203135,386.719506933043,386.763849077817,386.748302262814
386.78798520568,386.717584051773,386.737205028895,386.768466162851,386.747167293061,386.753265152536,386.737168501809,386.744890268792,386.753855190703,386.735420420534,386.737168501809,386.736139439777,386.737168501809,386.767705217964,386.756618014168,386.730578959585,386.766891981289,386.764901756586,386.705963346817,386.748314020037,386.744171521148,386.753544203135,386.719506933043,386.763849077817,386.748302262814
386.78798520568,386.717584051773,386.737205028895,386.768466162851,386.747167293061,386.753265152536,386.737168501809,386.744890268792,386.753855190703,386.735420420534,386.737168501809,386.736139439777,386.737168501809,386.767705217964,386.756618014168,386.730578959585,386.766891981289,386.764901756586,386.705963346817,386.748314020037,386.744171521148,386.753544203135,386.719506933043,386.763849077817,386.748302262814
386.78798520568,386.717584051773,386.737205028895,386.768466162851,386.747167293061,386.753265152536,386.737168501809,386.744890268792,386.753855190703,386.735420420534,386.737168501809,386.736139439777,386.737168501809,386.767705217964,386.756618014168,386.730578959585,386.766891981289,386.764901756586,386.705963346817,386.748314020037,386.744171521148,386.753544203135,386.719506933043,386.763849077817,386.748302262814
386.78798520568,386.717584051773,386.737205028895,386.768466162851,386.747167293061,386.753265152536,386.737168501809,386.744890268792,386.753855190703,386.735420420534,386.737168501809,386.736139439777,386.737168501809,386.767705217964,386.756618014168,386.730578959585,386.766891981289,386.764901756586,386.705963346817,386.748314020037,386.744171521148,386.753544203135,386.719506933043,386.763849077817,386.748302262814
386.78798520568,386.717584051773,386.737205028895,386.768466162851,386.747167293061,386.753265152536,386.737168501809,386.744890268792,386.753855190703,386.735420420534,386.737168501809,386.736139439777,386.737168501809,386.767705217964,386.756618014168,386.730578959585,386.766891981289,386.764901756586,386.705963346817,386.748314020037,386.744171521148,386.753544203135,386.719506933043,386.763849077817,386.748302262814
386.78798520568,386.717584051773,386.737205028895,386.768466162851,386.747167293061,386.753265152536,386.737168501809,386.744890268792,386.753855190703,386.735420420534,386.737168501809,386.736139439777,386.737168501809,386.767705217964,386.756618014168,386.730578959585,386.766891981289,386.764901756586,386.705963346817,386.748314020037,386.744171521148,386.753544203135,386.719506933043,386.763849077817,386.748302262814
386.78798520568,386.717584051773,386.737205028895,386.768466162851,386.747167293061,386.753265152536,386.737168501809,386.744890268792,386.753855190703,386.735420420534,386.737168501809,386.736139439777,386.737168501809,386.767705217964,386.756618014168,386.730578959585,386.766891981289,386.764901756586,386.705963346817,386.748314020037,386.744171521148,386.753544203135,386.719506933043,386.763849077817,386.748302262814
386.78798520568,386.717584051773,386.737205028895,386.768466162851,386.747167293061,386.753265152536,386.737168501809,386.744890268792,386.753855190703,386.735420420534,386.737168501809,386.736139439777,386.737168501809,386.767705217964,386.756618014168,386.730578959585,386.766891981289,386.764901756586,386.705963346817,386.748314020037,386.744171521148,386.753544203135,386.719506933043,386.763849077817,386.748302262814
386.78798520568,386.717584051773,386.737205028895,386.768466162851,386.747167293061,386.753265152536,386.737168501809,386.744890268792,386.753855190703,386.735420420534,386.737168501809,386.736139439777,386.737168501809,386.767705217964,386.756618014168,386.730578959585,386.766891981289,386.764901756586,386.705963346817,386.748314020037,386.744171521148,386.753544203135,386.719506933043,386.763849077817,386.748302262814
386.78798520568,386.717584051773,386.737205028895,386.768466162851,386.747167293061,386.753265152536,386.737168501809,386.744890268792,386.753855190703,386.735420420534,386.737168501809,386.736139439777,386.737168501809,386.767705217964,386.756618014168,386.730578959585,386.766891981289,386.764901756586,386.705963346817,386.748314020037,386.744171521148,386.753544203135,386.719506933043,386.763849077817,386.748302262814
386.78798520568,386.717584051773,386.737205028895,386.768466162851,386.747167293061,386.753265152536,386.737168501809,386.744890268792,386.753855190703,386.735420420534,386.737168501809,386.736139439777,386.737168501809,386.767705217964,386.756618014168,386.730578959585,386.766891981289,386.764901756586,386.705963346817,386.748314020037,386.744171521148,386.753544203135,386.719506933043,386.763849077817,386.748302262814
386.78798520568,386.717584051773,386.737205028895,386.768466162851,386.747167293061,386.753265152536,386.737168501809,386.744890268792,386.753855190703,386.735420420534,386.737168501809,386.736139439777,386.737168501809,386.767705217964,386.756618014168,386.730578959585,386.766891981289,386.764901756586,386.705963346817,386.748314020037,386.744171521148,386.753544203135,386.719506933043,386.763849077817,386.748302262814
386.78798520568,386.717584051773,386.737205028895,386.768466162851,386.747167293061,386.753265152536,386.737168501809,386.744890268792,386.753855190703,386.735420420534,386.737168501809,386.736139439777,386.737168501809,386.767705217964,386.756618014168,386.730578959585,386.766891981289,386.764901756586,386.705963346817,386.748314020037,386.744171521148,386.753544203135,386.719506933043,386.763849077817,386.748302262814
386.78798520568,386.717584051773,386.737205028895,386.768466162851,386.747167293061,386.753265152536,386.737168501809,386.744890268792,386.753855190703,386.735420420534,386.737168501809,386.736139439777,386.737168501809,386.767705217964,386.756618014168,386.730578959585,386.766891981289,386.764901756586,386.705963346817,386.748314020037,386.744171521148,386.753544203135,386.719506933043,386.763849077817,386.748302262814
386.78798520568,386.717584051773,386.737205028895,386.768466162851,386.747167293061,386.753265152536,386.737168501809,386.744890268792,386.753855190703,386.735420420534,386.737168501809,386.736139439777,386.737168501809,386.767705217964,386.756618014168,386.730578959585,386.766891981289,386.764901756586,386.705963346817,386.748314020037,386.744171521148,386.753544203135,386.719506933043,386.763849077817,386.748302262814
386.78798520568,386.717584051773,386.737205028895,386.768466162851,386.747167293061,386.753265152536,386.737168501809,386.744890268792,386.753855190703,386.735420420534,386.737168501809,386.736139439777,386.737168501809,386.767705217964,386.756618014168,386.730578959585,386.766891981289,386.764901756586,386.705963346817,386.748314020037,386.744171521148,386.753544203135,386.719506933043,386.763849077817,386.748302262814
386.78798520568,386.717584051773,386.737205028895,386.768466162851,386.747167293061,386.753265152536,386.737168501809,386.744890268792,386.753855190703,386.735420420534,386.737168501809,386.736139439777,386.737168501809,386.767705217964,386.756618014168,386.730578959585,386.766891981289,386.764901756586,386.705963346817,386.748314020037,386.744171521148,386.753544203135,386.719506933043,386.763849077817,386.748302262814
386.78798520568,386.717584051773,386.737205028895,386.768466162851,386.747167293061,386.753265152536,386.737168501809,386.744890268792,386.753855190703,386.735420420534,386.737168501809,386.736139439777,386.737168501809,386.767705217964,386.756618014168,386.730578959585,386.766891981289,386.764901756586,386.705963346817,386.748314020037,386.744171521148,386.753544203135,386.719506933043,386.763849077817,386.748302262814
386.78798520568,386.717584051773,386.737205028895,386.768466162851,386.747167293061,386.753265152536,386.737168501809,386.744890268792,386.753855190703,386.735420420534,386.737168501809,386.736139439777,386.737168501809,386.767705217964,386.756618014168,386.730578959585,386.766891981289,386.764901756586,386.705963346817,386.748314020037,386.744171521148,386.753544203135,386.719506933043,386.763849077817,386.748302262814
386.78798520568,386.717584051773,386.737205028895,386.768466162851,386.747167293061,386.753265152536,386.737168501809,386.744890268792,386.753855190703,386.735420420534,386.737168501809,386.736139439777,386.737168501809,386.767705217964,386.756618014168,386.730578959585,386.766891981289,386.764901756586,386.705963346817,386.748314020037,386.744171521148,386.753544203135,386.719506933043,386.763849077817,386.748302262814
386.78798520568,386.717584051773,386.737205028895,386.768466162851,386.747167293061,386.753265152536,386.737168501809,386.744890268792,386.753855190703,386.735420420534,386.737168501809,386.736139439777,386.737168501809,386.767705217964,386.756618014168,386.730578959585,386.766891981289,386.764901756586,386.705963346817,386.748314020037,386.744171521148,386.753544203135,386.719506933043,386.763849077817,386.748302262814
386.78798520568,386.717584051773,386.737205028895,386.768466162851,386.747167293061,386.753265152536,386.737168501809,386.744890268792,386.753855190703,386.735420420534,386.737168501809,386.736139439777,386.737168501809,386.767705217964,386.756618014168,386.730578959585,386.766891981289,386.764901756586,386.705963346817,386.748314020037,386.744171521148,386.753544203135,386.719506933043,386.763849077817,386.748302262814
386.78798520568,386.717584051773,386.737205028895,386.768466162851,386.747167293061,386.753265152536,386.737168501809,386.744890268792,386.753855190703,386.735420420534,386.737168501809,386.736139439777,386.737168501809,386.767705217964,386.756618014168,386.730578959585,386.766891981289,386.764901756586,386.705963346817,386.748314020037,386.744171521148,386.753544203135,386.719506933043,386.763849077817,386.748302262814
386.78798520568,386.717584051773,386.737205028895,386.768466162851,386.747167293061,386.753265152536,386.737168501809,386.744890268792,386.753855190703,386.735420420534,386.737168501809,386.736139439777,386.737168501809,386.767705217964,386.756618014168,386.730578959585,386.766891981289,386.764901756586,386.705963346817,386.748314020037,386.744171521148,386.753544203135,386.719506933043,386.763849077817,386.748302262814
386.78798520568,386.717584051773,386.737205028895,386.768466162851,386.747167293061,386.753265152536,386.737168501809,386.744890268792,386.753855190703,386.735420420534,386.737168501809,386.736139439777,386.737168501809,386.767705217964,386.756618014168,386.730578959585,386.766891981289,386.764901756586,386.705963346817,386.748314020037,386.744171521148,386.753544203135,386.719506933043,386.763849077817,386.748302262814
386.78798520568,386.717584051773,386.737205028895,386.768466162851,386.747167293061,386.753265152536,386.737168501809,386.744890268792,386.753855190703,386.735420420534,386.737168501809,386.736139439777,386.737168501809,386.767705217964,386.756618014168,386.730578959585,386.766891981289,386.764901756586,386.705963346817,386.748314020037,386.744171521148,386.753544203135,386.719506933043,386.763849077817,386.748302262814
386.78798520568,386.717584051773,386.737205028895,386.768466162851,386.747167293061,386.753265152536,386.737168501809,386.744890268792,386.753855190703,386.735420420534,386.737168501809,386.736139439777,386.737168501809,386.767705217964,386.756618014168,386.730578959585,386.766891981289,386.764901756586,386.705963346817,386.748314020037,386.744171521148,386.753544203135,386.719506933043,386.763849077817,386.748302262814
386.78798520568,386.717584051773,386.737205028895,386.768466162851,386.747167293061,386.753265152536,386.737168501809,386.744890268792,386.753855190703,386.735420420534,386.737168501809,386.736139439777,386.737168501809,386.767705217964,386.756618014168,386.730578959585,386.766891981289,386.764901756586,386.705963346817,386.748314020037,386.744171521148,386.753544203135,386.719506933043,386.763849077817,386.748302262814
386.78798520568,386.717584051773,386.737205028895,386.768466162851,386.747167293061,386.753265152536,386.737168501809,386.744890268792,386.753855190703,386.735420420534,386.737168501809,386.736139439777,386.737168501809,386.767705217964,386.756618014168,386.730578959585,386.766891981289,386.764901756586,386.705963346817,386.748314020037,386.744171521148,386.753544203135,386.719506933043,386.763849077817,386.748302262814
386.78798520568,386.717584051773,386.737205028895,386.768466162851,386.747167293061,386.753265152536,386.737168501809,386.744890268792,386.753855190703,386.735420420534,386.737168501809,386.736139439777,386.737168501809,386.767705217964,386.756618014168,386.730578959585,386.766891981289,386.764901756586,386.705963346817,386.748314020037,386.744171521148,386.753544203135,386.719506933043,386.763849077817,386.748302262814
386.78798520568,386.717584051773,386.737205028895,386.768466162851,386.747167293061,386.753265152536,386.737168501809,386.744890268792,386.753855190703,386.735420420534,386.737168501809,386.736139439777,386.737168501809,386.767705217964,386.756618014168,386.730578959585,386.766891981289,386.764901756586,386.705963346817,386.748314020037,386.744171521148,386.753544203135,386.719506933043,386.763849077817,386.748302262814
386.78798520568,386.717584051773,386.737205028895,386.768466162851,386.747167293061,386.753265152536,386.737168501809,386.744890268792,386.753855190703,386.735420420534,386.737168501809,386.736139439777,386.737168501809,386.767705217964,386.756618014168,386.730578959585,386.766891981289,386.764901756586,386.705963346817,386.748314020037,386.744171521148,386.753544203135,386.719506933043,386.763849077817,386.748302262814
386.78798520568,386.717584051773,386.737205028895,386.768466162851,386.747167293061,386.753265152536,386.737168501809,386.744890268792,386.753855190703,386.735420420534,386.737168501809,386.736139439777,386.737168501809,386.767705217964,386.756618014168,386.730578959585,386.766891981289,386.764901756586,386.705963346817,386.748314020037,386.744171521148,386.753544203135,386.719506933043,386.763849077817,386.748302262814
386.78798520568,386.717584051773,386.737205028895,386.768466162851,386.747167293061,386.753265152536,386.737168501809,386.744890268792,386.753855190703,386.735420420534,386.737168501809,386.736139439777,386.737168501809,386.767705217964,386.756618014168,386.730578959585,386.766891981289,386.764901756586,386.705963346817,386.748314020037,386.744171521148,386.753544203135,386.719506933043,386.763849077817,386.748302262814
386.78798520568,386.717584051773,386.737205028895,386.768466162851,386.747167293061,386.753265152536,386.737168501809,386.744890268792,386.753855190703,386.735420420534,386.737168501809,386.736139439777,386.737168501809,386.767705217964,386.756618014168,386.730578959585,386.766891981289,386.764901756586,386.705963346817,386.748314020037,386.744171521148,386.753544203135,386.719506933043,386.763849077817,386.748302262814
386.78798520568,386.717584051773,386.737205028895,386.768466162851,386.747167293061,386.753265152536,386.737168501809,386.744890268792,386.753855190703,386.735420420534,386.737168501809,386.736139439777,386.737168501809,386.767705217964,386.756618014168,386.730578959585,386.766891981289,386.764901756586,386.705963346817,386.748314020037,386.744171521148,386.753544203135,386.719506933043,386.763849077817,386.748302262814
386.78798520568,386.717584051773,386.737205028895,386.768466162851,386.747167293061,386.753265152536,386.737168501809,386.744890268792,386.753855190703,386.735420420534,386.737168501809,386.736139439777,386.737168501809,386.767705217964,386.756618014168,386.730578959585,386.766891981289,386.764901756586,386.705963346817,386.748314020037,386.744171521148,386.753544203135,386.719506933043,386.763849077817,386.748302262814
386.78798520568,386.717584051773,386.737205028895,386.768466162851,386.747167293061,386.753265152536,386.737168501809,386.744890268792,386.753855190703,386.735420420534,386.737168501809,386.736139439777,386.737168501809,386.767705217964,386.756618014168,386.730578959585,386.766891981289,386.764901756586,386.705963346817,386.748314020037,386.744171521148,386.753544203135,386.719506933043,386.763849077817,386.748302262814
386.78798520568,386.717584051773,386.737205028895,386.768466162851,386.747167293061,386.753265152536,386.737168501809,386.744890268792,386.753855190703,386.735420420534,386.737168501809,386.736139439777,386.737168501809,386.767705217964,386.756618014168,386.730578959585,386.766891981289,386.764901756586,386.705963346817,386.748314020037,386.744171521148,386.753544203135,386.719506933043,386.763849077817,386.748302262814
386.78798520568,386.717584051773,386.737205028895,386.768466162851,386.747167293061,386.753265152536,386.737168501809,386.744890268792,386.753855190703,386.735420420534,386.737168501809,386.736139439777,386.737168501809,386.767705217964,386.756618014168,386.730578959585,386.766891981289,386.764901756586,386.705963346817,386.748314020037,386.744171521148,386.753544203135,386.719506933043,386.763849077817,386.748302262814
386.78798520568,386.717584051773,386.737205028895,386.768466162851,386.747167293061,386.753265152536,386.737168501809,386.744890268792,386.753855190703,386.735420420534,386.737168501809,386.736139439777,386.737168501809,386.767705217964,386.756618014168,386.730578959585,386.766891981289,386.764901756586,386.705963346817,386.748314020037,386.744171521148,386.753544203135,386.719506933043,386.763849077817,386.748302262814
386.78798520568,386.717584051773,386.737205028895,386.768466162851,386.747167293061,386.753265152536,386.737168501809,386.744890268792,386.753855190703,386.735420420534,386.737168501809,386.736139439777,386.737168501809,386.767705217964,386.756618014168,386.730578959585,386.766891981289,386.764901756586,386.705963346817,386.748314020037,386.744171521148,386.753544203135,386.719506933043,386.763849077817,386.748302262814
386.78798520568,386.717584051773,386.737205028895,386.768466162851,386.747167293061,386.753265152536,386.737168501809,386.744890268792,386.753855190703,386.735420420534,386.737168501809,386.736139439777,386.737168501809,386.767705217964,386.756618014168,386.730578959585,386.766891981289,386.764901756586,386.705963346817,386.748314020037,386.744171521148,386.753544203135,386.719506933043,386.763849077817,386.748302262814
386.78798520568,386.717584051773,386.737205028895,386.768466162851,386.747167293061,386.753265152536,386.737168501809,386.744890268792,386.753855190703,386.735420420534,386.737168501809,386.736139439777,386.737168501809,386.767705217964,386.756618014168,386.730578959585,386.766891981289,386.764901756586,386.705963346817,386.748314020037,386.744171521148,386.753544203135,386.719506933043,386.763849077817,386.748302262814
386.78798520568,386.717584051773,386.737205028895,386.768466162851,386.747167293061,386.753265152536,386.737168501809,386.744890268792,386.753855190703,386.735420420534,386.737168501809,386.736139439777,386.737168501809,386.767705217964,386.756618014168,386.730578959585,386.766891981289,386.764901756586,386.705963346817,386.748314020037,386.744171521148,386.753544203135,386.719506933043,386.763849077817,386.748302262814
386.78798520568,386.717584051773,386.737205028895,386.768466162851,386.747167293061,386.753265152536,386.737168501809,386.744890268792,386.753855190703,386.735420420534,386.737168501809,386.736139439777,386.737168501809,386.767705217964,386.756618014168,386.730578959585,386.766891981289,386.764901756586,386.705963346817,386.748314020037,386.744171521148,386.753544203135,386.719506933043,386.763849077817,386.748302262814
386.78798520568,386.717584051773,386.737205028895,386.768466162851,386.747167293061,386.753265152536,386.737168501809,386.744890268792,386.753855190703,386.735420420534,386.737168501809,386.736139439777,386.737168501809,386.767705217964,386.756618014168,386.730578959585,386.766891981289,386.764901756586,386.705963346817,386.748314020037,386.744171521148,386.753544203135,386.719506933043,386.763849077817,386.748302262814
386.78798520568,386.717584051773,386.737205028895,386.768466162851,386.747167293061,386.753265152536,386.737168501809,386.744890268792,386.753855190703,386.735420420534,386.737168501809,386.736139439777,386.737168501809,386.767705217964,386.756618014168,386.730578959585,386.766891981289,386.764901756586,386.705963346817,386.748314020037,386.744171521148,386.753544203135,386.719506933043,386.763849077817,386.748302262814
386.78798520568,386.717584051773,386.737205028895,386.768466162851,386.747167293061,386.753265152536,386.737168501809,386.744890268792,386.753855190703,386.735420420534,386.737168501809,386.736139439777,386.737168501809,386.767705217964,386.756618014168,386.730578959585,386.766891981289,386.764901756586,386.705963346817,386.748314020037,386.744171521148,386.753544203135,386.719506933043,386.763849077817,386.748302262814
386.78798520568,386.717584051773,386.737205028895,386.768466162851,386.747167293061,386.753265152536,386.737168501809,386.744890268792,386.753855190703,386.735420420534,386.737168501809,386.736139439777,386.737168501809,386.767705217964,386.756618014168,386.730578959585,386.766891981289,386.764901756586,386.705963346817,386.748314020037,386.744171521148,386.753544203135,386.719506933043,386.763849077817,386.748302262814
386.78798520568,386.717584051773,386.737205028895,386.768466162851,386.747167293061,386.753265152536,386.737168501809,386.744890268792,386.753855190703,386.735420420534,386.737168501809,386.736139439777,386.737168501809,386.767705217964,386.756618014168,386.730578959585,386.766891981289,386.764901756586,386.705963346817,386.748314020037,386.744171521148,386.753544203135,386.719506933043,386.763849077817,386.748302262814
386.78798520568,386.717584051773,386.737205028895,386.768466162851,386.747167293061,386.753265152536,386.737168501809,386.744890268792,386.753855190703,386.735420420534,386.737168501809,386.736139439777,386.737168501809,386.767705217964,386.756618014168,386.730578959585,386.766891981289,386.764901756586,386.705963346817,386.748314020037,386.744171521148,386.753544203135,386.719506933043,386.763849077817,386.748302262814
386.78798520568,386.717584051773,386.737205028895,386.768466162851,386.747167293061,386.753265152536,386.737168501809,386.744890268792,386.753855190703,386.735420420534,386.737168501809,386.736139439777,386.737168501809,386.767705217964,386.756618014168,386.730578959585,386.766891981289,386.764901756586,386.705963346817,386.748314020037,386.744171521148,386.753544203135,386.719506933043,386.763849077817,386.748302262814
386.78798520568,386.717584051773,386.737205028895,386.768466162851,386.747167293061,386.753265152536,386.737168501809,386.744890268792,386.753855190703,386.735420420534,386.737168501809,386.736139439777,386.737168501809,386.767705217964,386.756618014168,386.730578959585,386.766891981289,386.764901756586,386.705963346817,386.748314020037,386.744171521148,386.753544203135,386.719506933043,386.763849077817,386.748302262814
386.78798520568,386.717584051773,386.737205028895,386.768466162851,386.747167293061,386.753265152536,386.737168501809,386.744890268792,386.753855190703,386.735420420534,386.737168501809,386.736139439777,386.737168501809,386.767705217964,386.756618014168,386.730578959585,386.766891981289,386.764901756586,386.705963346817,386.748314020037,386.744171521148,386.753544203135,386.719506933043,386.763849077817,386.748302262814
386.78798520568,386.717584051773,386.737205028895,386.768466162851,386.747167293061,386.753265152536,386.737168501809,386.744890268792,386.753855190703,386.735420420534,386.737168501809,386.736139439777,386.737168501809,386.767705217964,386.756618014168,386.730578959585,386.766891981289,386.764901756586,386.705963346817,386.748314020037,386.744171521148,386.753544203135,386.719506933043,386.763849077817,386.748302262814
386.78798520568,386.717584051773,386.737205028895,386.768466162851,386.747167293061,386.753265152536,386.737168501809,386.744890268792,386.753855190703,386.735420420534,386.737168501809,386.736139439777,386.737168501809,386.767705217964,386.756618014168,386.730578959585,386.766891981289,386.764901756586,386.705963346817,386.748314020037,386.744171521148,386.753544203135,386.719506933043,386.763849077817,386.748302262814
386.78798520568,386.717584051773,386.737205028895,386.768466162851,386.747167293061,386.753265152536,386.737168501809,386.744890268792,386.753855190703,386.735420420534,386.737168501809,386.736139439777,386.737168501809,386.767705217964,386.756618014168,386.730578959585,386.766891981289,386.764901756586,386.705963346817,386.748314020037,386.744171521148,386.753544203135,386.719506933043,386.763849077817,386.748302262814
386.78798520568,386.717584051773,386.737205028895,386.768466162851,386.747167293061,386.753265152536,386.737168501809,386.744890268792,386.753855190703,386.735420420534,386.737168501809,386.736139439777,386.737168501809,386.767705217964,386.756618014168,386.730578959585,386.766891981289,386.764901756586,386.705963346817,386.748314020037,386.744171521148,386.753544203135,386.719506933043,386.763849077817,386.748302262814
386.78798520568,386.717584051773,386.737205028895,386.768466162851,386.747167293061,386.753265152536,386.737168501809,386.744890268792,386.753855190703,386.735420420534,386.737168501809,386.736139439777,386.737168501809,386.767705217964,386.756618014168,386.730578959585,386.766891981289,386.764901756586,386.705963346817,386.748314020037,386.744171521148,386.753544203135,386.719506933043,386.763849077817,386.748302262814
386.78798520568,386.717584051773,386.737205028895,386.768466162851,386.747167293061,386.753265152536,386.737168501809,386.744890268792,386.753855190703,386.735420420534,386.737168501809,386.736139439777,386.737168501809,386.767705217964,386.756618014168,386.730578959585,386.766891981289,386.764901756586,386.705963346817,386.748314020037,386.744171521148,386.753544203135,386.719506933043,386.763849077817,386.748302262814
386.78798520568,386.717584051773,386.737205028895,386.768466162851,386.747167293061,386.753265152536,386.737168501809,386.744890268792,386.753855190703,386.735420420534,386.737168501809,386.736139439777,386.737168501809,386.767705217964,386.756618014168,386.730578959585,386.766891981289,386.764901756586,386.705963346817,386.748314020037,386.744171521148,386.753544203135,386.719506933043,386.763849077817,386.748302262814
386.78798520568,386.717584051773,386.737205028895,386.768466162851,386.747167293061,386.753265152536,386.737168501809,386.744890268792,386.753855190703,386.735420420534,386.737168501809,386.736139439777,386.737168501809,386.767705217964,386.756618014168,386.730578959585,386.766891981289,386.764901756586,386.705963346817,386.748314020037,386.744171521148,386.753544203135,386.719506933043,386.763849077817,386.748302262814
386.78798520568,386.717584051773,386.737205028895,386.768466162851,386.747167293061,386.753265152536,386.737168501809,386.744890268792,386.753855190703,386.735420420534,386.737168501809,386.736139439777,386.737168501809,386.767705217964,386.756618014168,386.730578959585,386.766891981289,386.764901756586,386.705963346817,386.748314020037,386.744171521148,386.753544203135,386.719506933043,386.763849077817,386.748302262814
386.78798520568,386.717584051773,386.737205028895,386.768466162851,386.747167293061,386.753265152536,386.737168501809,386.744890268792,386.753855190703,386.735420420534,386.737168501809,386.736139439777,386.737168501809,386.767705217964,386.756618014168,386.730578959585,386.766891981289,386.764901756586,386.705963346817,386.748314020037,386.744171521148,386.753544203135,386.719506933043,386.763849077817,386.748302262814
386.78798520568,386.717584051773,386.737205028895,386.768466162851,386.747167293061,386.753265152536,386.737168501809,386.744890268792,386.753855190703,386.735420420534,386.737168501809,386.736139439777,386.737168501809,386.767705217964,386.756618014168,386.730578959585,386.766891981289,386.764901756586,386.705963346817,386.748314020037,386.744171521148,386.753544203135,386.719506933043,386.763849077817,386.748302262814
386.78798520568,386.717584051773,386.737205028895,386.768466162851,386.747167293061,386.753265152536,386.737168501809,386.744890268792,386.753855190703,386.735420420534,386.737168501809,386.736139439777,386.737168501809,386.767705217964,386.756618014168,386.730578959585,386.766891981289,386.764901756586,386.705963346817,386.748314020037,386.744171521148,386.753544203135,386.719506933043,386.763849077817,386.748302262814
386.78798520568,386.717584051773,386.737205028895,386.768466162851,386.747167293061,386.753265152536,386.737168501809,386.744890268792,386.753855190703,386.735420420534,386.737168501809,386.736139439777,386.737168501809,386.767705217964,386.756618014168,386.730578959585,386.766891981289,386.764901756586,386.705963346817,386.748314020037,386.744171521148,386.753544203135,386.719506933043,386.763849077817,386.748302262814
386.78798520568,386.717584051773,386.737205028895,386.768466162851,386.747167293061,386.753265152536,386.737168501809,386.744890268792,386.753855190703,386.735420420534,386.737168501809,386.736139439777,386.737168501809,386.767705217964,386.756618014168,386.730578959585,386.766891981289,386.764901756586,386.705963346817,386.748314020037,386.744171521148,386.753544203135,386.719506933043,386.763849077817,386.748302262814
386.78798520568,386.717584051773,386.737205028895,386.768466162851,386.747167293061,386.753265152536,386.737168501809,386.744890268792,386.753855190703,386.735420420534,386.737168501809,386.736139439777,386.737168501809,386.767705217964,386.756618014168,386.730578959585,386.766891981289,386.764901756586,386.705963346817,386.748314020037,386.744171521148,386.753544203135,386.719506933043,386.763849077817,386.748302262814
386.78798520568,386.717584051773,386.737205028895,386.768466162851,386.747167293061,386.753265152536,386.737168501809,386.744890268792,386.753855190703,386.735420420534,386.737168501809,386.736139439777,386.737168501809,386.767705217964,386.756618014168,386.730578959585,386.766891981289,386.764901756586,386.705963346817,386.748314020037,386.744171521148,386.753544203135,386.719506933043,386.763849077817,386.748302262814
386.78798520568,386.717584051773,386.737205028895,386.768466162851,386.747167293061,386.753265152536,386.737168501809,386.744890268792,386.753855190703,386.735420420534,386.737168501809,386.736139439777,386.737168501809,386.767705217964,386.756618014168,386.730578959585,386.766891981289,386.764901756586,386.705963346817,386.748314020037,386.744171521148,386.753544203135,386.719506933043,386.763849077817,386.748302262814
386.78798520568,386.717584051773,386.737205028895,386.768466162851,386.747167293061,386.753265152536,386.737168501809,386.744890268792,386.753855190703,386.735420420534,386.737168501809,386.736139439777,386.737168501809,386.767705217964,386.756618014168,386.730578959585,386.766891981289,386.764901756586,386.705963346817,386.748314020037,386.744171521148,386.753544203135,386.719506933043,386.763849077817,386.748302262814
386.78798520568,386.717584051773,386.737205028895,386.768466162851,386.747167293061,386.753265152536,386.737168501809,386.744890268792,386.753855190703,386.735420420534,386.737168501809,386.736139439777,386.737168501809,386.767705217964,386.756618014168,386.730578959585,386.766891981289,386.764901756586,386.705963346817,386.748314020037,386.744171521148,386.753544203135,386.719506933043,386.763849077817,386.748302262814
386.78798520568,386.717584051773,386.737205028895,386.768466162851,386.747167293061,386.753265152536,386.737168501809,386.744890268792,386.753855190703,386.735420420534,386.737168501809,386.736139439777,386.737168501809,386.767705217964,386.756618014168,386.730578959585,386.766891981289,386.764901756586,386.705963346817,386.748314020037,386.744171521148,386.753544203135,386.719506933043,386.763849077817,386.748302262814
386.78798520568,386.717584051773,386.737205028895,386.768466162851,386.747167293061,386.753265152536,386.737168501809,386.744890268792,386.753855190703,386.735420420534,386.737168501809,386.736139439777,386.737168501809,386.767705217964,386.756618014168,386.730578959585,386.766891981289,386.764901756586,386.705963346817,386.748314020037,386.744171521148,386.753544203135,386.719506933043,386.763849077817,386.748302262814
386.78798520568,386.717584051773,386.737205028895,386.768466162851,386.747167293061,386.753265152536,386.737168501809,386.744890268792,386.753855190703,386.735420420534,386.737168501809,386.736139439777,386.737168501809,386.767705217964,386.756618014168,386.730578959585,386.766891981289,386.764901756586,386.705963346817,386.748314020037,386.744171521148,386.753544203135,386.719506933043,386.763849077817,386.748302262814
386.78798520568,386.717584051773,386.737205028895,386.768466162851,386.747167293061,386.753265152536,386.737168501809,386.744890268792,386.753855190703,386.735420420534,386.737168501809,386.736139439777,386.737168501809,386.767705217964,386.756618014168,386.730578959585,386.766891981289,386.764901756586,386.705963346817,386.748314020037,386.744171521148,386.753544203135,386.719506933043,386.763849077817,386.748302262814
386.78798520568,386.717584051773,386.737205028895,386.768466162851,386.747167293061,386.753265152536,386.737168501809,386.744890268792,386.753855190703,386.735420420534,386.737168501809,386.736139439777,386.737168501809,386.767705217964,386.756618014168,386.730578959585,386.766891981289,386.764901756586,386.705963346817,386.748314020037,386.744171521148,386.753544203135,386.719506933043,386.763849077817,386.748302262814
386.78798520568,386.717584051773,386.737205028895,386.768466162851,386.747167293061,386.753265152536,386.737168501809,386.744890268792,386.753855190703,386.735420420534,386.737168501809,386.736139439777,386.737168501809,386.767705217964,386.756618014168,386.730578959585,386.766891981289,386.764901756586,386.705963346817,386.748314020037,386.744171521148,386.753544203135,386.719506933043,386.763849077817,386.748302262814
386.78798520568,386.717584051773,386.737205028895,386.768466162851,386.747167293061,386.753265152536,386.737168501809,386.744890268792,386.753855190703,386.735420420534,386.737168501809,386.736139439777,386.737168501809,386.767705217964,386.756618014168,386.730578959585,386.766891981289,386.764901756586,386.705963346817,386.748314020037,386.744171521148,386.753544203135,386.719506933043,386.763849077817,386.748302262814
386.78798520568,386.717584051773,386.737205028895,386.768466162851,386.747167293061,386.753265152536,386.737168501809,386.744890268792,386.753855190703,386.735420420534,386.737168501809,386.736139439777,386.737168501809,386.767705217964,386.756618014168,386.730578959585,386.766891981289,386.764901756586,386.705963346817,386.748314020037,386.744171521148,386.753544203135,386.719506933043,386.763849077817,386.748302262814
386.78798520568,386.717584051773,386.737205028895,386.768466162851,386.747167293061,386.753265152536,386.737168501809,386.744890268792,386.753855190703,386.735420420534,386.737168501809,386.736139439777,386.737168501809,386.767705217964,386.756618014168,386.730578959585,386.766891981289,386.764901756586,386.705963346817,386.748314020037,386.744171521148,386.753544203135,386.719506933043,386.763849077817,386.748302262814
386.78798520568,386.717584051773,386.737205028895,386.768466162851,386.747167293061,386.753265152536,386.737168501809,386.744890268792,386.753855190703,386.735420420534,386.737168501809,386.736139439777,386.737168501809,386.767705217964,386.756618014168,386.730578959585,386.766891981289,386.764901756586,386.705963346817,386.748314020037,386.744171521148,386.753544203135,386.719506933043,386.763849077817,386.748302262814
386.78798520568,386.717584051773,386.737205028895,386.768466162851,386.747167293061,386.753265152536,386.737168501809,386.744890268792,386.753855190703,386.735420420534,386.737168501809,386.736139439777,386.737168501809,386.767705217964,386.756618014168,386.730578959585,386.766891981289,386.764901756586,386.705963346817,386.748314020037,386.744171521148,386.753544203135,386.719506933043,386.763849077817,386.748302262814
386.78798520568,386.717584051773,386.737205028895,386.768466162851,386.747167293061,386.753265152536,386.737168501809,386.744890268792,386.753855190703,386.735420420534,386.737168501809,386.736139439777,386.737168501809,386.767705217964,386.756618014168,386.730578959585,386.766891981289,386.764901756586,386.705963346817,386.748314020037,386.744171521148,386.753544203135,386.719506933043,386.763849077817,386.748302262814
386.78798520568,386.717584051773,386.737205028895,386.768466162851,386.747167293061,386.753265152536,386.737168501809,386.744890268792,386.753855190703,386.735420420534,386.737168501809,386.736139439777,386.737168501809,386.767705217964,386.756618014168,386.730578959585,386.766891981289,386.764901756586,386.705963346817,386.748314020037,386.744171521148,386.753544203135,386.719506933043,386.763849077817,386.748302262814
386.78798520568,386.717584051773,386.737205028895,386.768466162851,386.747167293061,386.753265152536,386.737168501809,386.744890268792,386.753855190703,386.735420420534,386.737168501809,386.736139439777,386.737168501809,386.767705217964,386.756618014168,386.730578959585,386.766891981289,386.764901756586,386.705963346817,386.748314020037,386.744171521148,386.753544203135,386.719506933043,386.763849077817,386.748302262814
386.78798520568,386.717584051773,386.737205028895,386.768466162851,386.747167293061,386.753265152536,386.737168501809,386.744890268792,386.753855190703,386.735420420534,386.737168501809,386.736139439777,386.737168501809,386.767705217964,386.756618014168,386.730578959585,386.766891981289,386.764901756586,386.705963346817,386.748314020037,386.744171521148,386.753544203135,386.719506933043,386.763849077817,386.748302262814
386.78798520568,386.717584051773,386.737205028895,386.768466162851,386.747167293061,386.753265152536,386.737168501809,386.744890268792,386.753855190703,386.735420420534,386.737168501809,386.736139439777,386.737168501809,386.767705217964,386.756618014168,386.730578959585,386.766891981289,386.764901756586,386.705963346817,386.748314020037,386.744171521148,386.753544203135,386.719506933043,386.763849077817,386.748302262814
386.78798520568,386.717584051773,386.737205028895,386.768466162851,386.747167293061,386.753265152536,386.737168501809,386.744890268792,386.753855190703,386.735420420534,386.737168501809,386.736139439777,386.737168501809,386.767705217964,386.756618014168,386.730578959585,386.766891981289,386.764901756586,386.705963346817,386.748314020037,386.744171521148,386.753544203135,386.719506933043,386.763849077817,386.748302262814
386.78798520568,386.717584051773,386.737205028895,386.768466162851,386.747167293061,386.753265152536,386.737168501809,386.744890268792,386.753855190703,386.735420420534,386.737168501809,386.736139439777,386.737168501809,386.767705217964,386.756618014168,386.730578959585,386.766891981289,386.764901756586,386.705963346817,386.748314020037,386.744171521148,386.753544203135,386.719506933043,386.763849077817,386.748302262814
386.78798520568,386.717584051773,386.737205028895,386.768466162851,386.747167293061,386.753265152536,386.737168501809,386.744890268792,386.753855190703,386.735420420534,386.737168501809,386.736139439777,386.737168501809,386.767705217964,386.756618014168,386.730578959585,386.766891981289,386.764901756586,386.705963346817,386.748314020037,386.744171521148,386.753544203135,386.719506933043,386.763849077817,386.748302262814
386.78798520568,386.717584051773,386.737205028895,386.768466162851,386.747167293061,386.753265152536,386.737168501809,386.744890268792,386.753855190703,386.735420420534,386.737168501809,386.736139439777,386.737168501809,386.767705217964,386.756618014168,386.730578959585,386.766891981289,386.764901756586,386.705963346817,386.748314020037,386.744171521148,386.753544203135,386.719506933043,386.763849077817,386.748302262814
386.78798520568,386.717584051773,386.737205028895,386.768466162851,386.747167293061,386.753265152536,386.737168501809,386.744890268792,386.753855190703,386.735420420534,386.737168501809,386.736139439777,386.737168501809,386.767705217964,386.756618014168,386.730578959585,386.766891981289,386.764901756586,386.705963346817,386.748314020037,386.744171521148,386.753544203135,386.719506933043,386.763849077817,386.748302262814
386.78798520568,386.717584051773,386.737205028895,386.768466162851,386.747167293061,386.753265152536,386.737168501809,386.744890268792,386.753855190703,386.735420420534,386.737168501809,386.736139439777,386.737168501809,386.767705217964,386.756618014168,386.730578959585,386.766891981289,386.764901756586,386.705963346817,386.748314020037,386.744171521148,386.753544203135,386.719506933043,386.763849077817,386.748302262814
386.78798520568,386.717584051773,386.737205028895,386.768466162851,386.747167293061,386.753265152536,386.737168501809,386.744890268792,386.753855190703,386.735420420534,386.737168501809,386.736139439777,386.737168501809,386.767705217964,386.756618014168,386.730578959585,386.766891981289,386.764901756586,386.705963346817,386.748314020037,386.744171521148,386.753544203135,386.719506933043,386.763849077817,386.748302262814
386.78798520568,386.717584051773,386.737205028895,386.768466162851,386.747167293061,386.753265152536,386.737168501809,386.744890268792,386.753855190703,386.735420420534,386.737168501809,386.736139439777,386.737168501809,386.767705217964,386.756618014168,386.730578959585,386.766891981289,386.764901756586,386.705963346817,386.748314020037,386.744171521148,386.753544203135,386.719506933043,386.763849077817,386.748302262814
386.78798520568,386.717584051773,386.737205028895,386.768466162851,386.747167293061,386.753265152536,386.737168501809,386.744890268792,386.753855190703,386.735420420534,386.737168501809,386.736139439777,386.737168501809,386.767705217964,386.756618014168,386.730578959585,386.766891981289,386.764901756586,386.705963346817,386.748314020037,386.744171521148,386.753544203135,386.719506933043,386.763849077817,386.748302262814
386.78798520568,386.717584051773,386.737205028895,386.768466162851,386.747167293061,386.753265152536,386.737168501809,386.744890268792,386.753855190703,386.735420420534,386.737168501809,386.736139439777,386.737168501809,386.767705217964,386.756618014168,386.730578959585,386.766891981289,386.764901756586,386.705963346817,386.748314020037,386.744171521148,386.753544203135,386.719506933043,386.763849077817,386.748302262814
386.78798520568,386.717584051773,386.737205028895,386.768466162851,386.747167293061,386.753265152536,386.737168501809,386.744890268792,386.753855190703,386.735420420534,386.737168501809,386.736139439777,386.737168501809,386.767705217964,386.756618014168,386.730578959585,386.766891981289,386.764901756586,386.705963346817,386.748314020037,386.744171521148,386.753544203135,386.719506933043,386.763849077817,386.748302262814
386.78798520568,386.717584051773,386.737205028895,386.768466162851,386.747167293061,386.753265152536,386.737168501809,386.744890268792,386.753855190703,386.735420420534,386.737168501809,386.736139439777,386.737168501809,386.767705217964,386.756618014168,386.730578959585,386.766891981289,386.764901756586,386.705963346817,386.748314020037,386.744171521148,386.753544203135,386.719506933043,386.763849077817,386.748302262814
386.78798520568,386.717584051773,386.737205028895,386.768466162851,386.747167293061,386.753265152536,386.737168501809,386.744890268792,386.753855190703,386.735420420534,386.737168501809,386.736139439777,386.737168501809,386.767705217964,386.756618014168,386.730578959585,386.766891981289,386.764901756586,386.705963346817,386.748314020037,386.744171521148,386.753544203135,386.719506933043,386.763849077817,386.748302262814
386.78798520568,386.717584051773,386.737205028895,386.768466162851,386.747167293061,386.753265152536,386.737168501809,386.744890268792,386.753855190703,386.735420420534,386.737168501809,386.736139439777,386.737168501809,386.767705217964,386.756618014168,386.730578959585,386.766891981289,386.764901756586,386.705963346817,386.748314020037,386.744171521148,386.753544203135,386.719506933043,386.763849077817,386.748302262814
386.78798520568,386.717584051773,386.737205028895,386.768466162851,386.747167293061,386.753265152536,386.737168501809,386.744890268792,386.753855190703,386.735420420534,386.737168501809,386.736139439777,386.737168501809,386.767705217964,386.756618014168,386.730578959585,386.766891981289,386.764901756586,386.705963346817,386.748314020037,386.744171521148,386.753544203135,386.719506933043,386.763849077817,386.748302262814
386.78798520568,386.717584051773,386.737205028895,386.768466162851,386.747167293061,386.753265152536,386.737168501809,386.744890268792,386.753855190703,386.735420420534,386.737168501809,386.736139439777,386.737168501809,386.767705217964,386.756618014168,386.730578959585,386.766891981289,386.764901756586,386.705963346817,386.748314020037,386.744171521148,386.753544203135,386.719506933043,386.763849077817,386.748302262814
386.78798520568,386.717584051773,386.737205028895,386.768466162851,386.747167293061,386.753265152536,386.737168501809,386.744890268792,386.753855190703,386.735420420534,386.737168501809,386.736139439777,386.737168501809,386.767705217964,386.756618014168,386.730578959585,386.766891981289,386.764901756586,386.705963346817,386.748314020037,386.744171521148,386.753544203135,386.719506933043,386.763849077817,386.748302262814
386.78798520568,386.717584051773,386.737205028895,386.768466162851,386.747167293061,386.753265152536,386.737168501809,386.744890268792,386.753855190703,386.735420420534,386.737168501809,386.736139439777,386.737168501809,386.767705217964,386.756618014168,386.730578959585,386.766891981289,386.764901756586,386.705963346817,386.748314020037,386.744171521148,386.753544203135,386.719506933043,386.763849077817,386.748302262814
386.78798520568,386.717584051773,386.737205028895,386.768466162851,386.747167293061,386.753265152536,386.737168501809,386.744890268792,386.753855190703,386.735420420534,386.737168501809,386.736139439777,386.737168501809,386.767705217964,386.756618014168,386.730578959585,386.766891981289,386.764901756586,386.705963346817,386.748314020037,386.744171521148,386.753544203135,386.719506933043,386.763849077817,386.748302262814
386.78798520568,386.717584051773,386.737205028895,386.768466162851,386.747167293061,386.753265152536,386.737168501809,386.744890268792,386.753855190703,386.735420420534,386.737168501809,386.736139439777,386.737168501809,386.767705217964,386.756618014168,386.730578959585,386.766891981289,386.764901756586,386.705963346817,386.748314020037,386.744171521148,386.753544203135,386.719506933043,386.763849077817,386.748302262814
386.78798520568,386.717584051773,386.737205028895,386.768466162851,386.747167293061,386.753265152536,386.737168501809,386.744890268792,386.753855190703,386.735420420534,386.737168501809,386.736139439777,386.737168501809,386.767705217964,386.756618014168,386.730578959585,386.766891981289,386.764901756586,386.705963346817,386.748314020037,386.744171521148,386.753544203135,386.719506933043,386.763849077817,386.748302262814
386.78798520568,386.717584051773,386.737205028895,386.768466162851,386.747167293061,386.753265152536,386.737168501809,386.744890268792,386.753855190703,386.735420420534,386.737168501809,386.736139439777,386.737168501809,386.767705217964,386.756618014168,386.730578959585,386.766891981289,386.764901756586,386.705963346817,386.748314020037,386.744171521148,386.753544203135,386.719506933043,386.763849077817,386.748302262814
386.78798520568,386.717584051773,386.737205028895,386.768466162851,386.747167293061,386.753265152536,386.737168501809,386.744890268792,386.753855190703,386.735420420534,386.737168501809,386.736139439777,386.737168501809,386.767705217964,386.756618014168,386.730578959585,386.766891981289,386.764901756586,386.705963346817,386.748314020037,386.744171521148,386.753544203135,386.719506933043,386.763849077817,386.748302262814
386.78798520568,386.717584051773,386.737205028895,386.768466162851,386.747167293061,386.753265152536,386.737168501809,386.744890268792,386.753855190703,386.735420420534,386.737168501809,386.736139439777,386.737168501809,386.767705217964,386.756618014168,386.730578959585,386.766891981289,386.764901756586,386.705963346817,386.748314020037,386.744171521148,386.753544203135,386.719506933043,386.763849077817,386.748302262814
386.78798520568,386.717584051773,386.737205028895,386.768466162851,386.747167293061,386.753265152536,386.737168501809,386.744890268792,386.753855190703,386.735420420534,386.737168501809,386.736139439777,386.737168501809,386.767705217964,386.756618014168,386.730578959585,386.766891981289,386.764901756586,386.705963346817,386.748314020037,386.744171521148,386.753544203135,386.719506933043,386.763849077817,386.748302262814
386.78798520568,386.717584051773,386.737205028895,386.768466162851,386.747167293061,386.753265152536,386.737168501809,386.744890268792,386.753855190703,386.735420420534,386.737168501809,386.736139439777,386.737168501809,386.767705217964,386.756618014168,386.730578959585,386.766891981289,386.764901756586,386.705963346817,386.748314020037,386.744171521148,386.753544203135,386.719506933043,386.763849077817,386.748302262814
386.78798520568,386.717584051773,386.737205028895,386.768466162851,386.747167293061,386.753265152536,386.737168501809,386.744890268792,386.753855190703,386.735420420534,386.737168501809,386.736139439777,386.737168501809,386.767705217964,386.756618014168,386.730578959585,386.766891981289,386.764901756586,386.705963346817,386.748314020037,386.744171521148,386.753544203135,386.719506933043,386.763849077817,386.748302262814
386.78798520568,386.717584051773,386.737205028895,386.768466162851,386.747167293061,386.753265152536,386.737168501809,386.744890268792,386.753855190703,386.735420420534,386.737168501809,386.736139439777,386.737168501809,386.767705217964,386.756618014168,386.730578959585,386.766891981289,386.764901756586,386.705963346817,386.748314020037,386.744171521148,386.753544203135,386.719506933043,386.763849077817,386.748302262814
386.78798520568,386.717584051773,386.737205028895,386.768466162851,386.747167293061,386.753265152536,386.737168501809,386.744890268792,386.753855190703,386.735420420534,386.737168501809,386.736139439777,386.737168501809,386.767705217964,386.756618014168,386.730578959585,386.766891981289,386.764901756586,386.705963346817,386.748314020037,386.744171521148,386.753544203135,386.719506933043,386.763849077817,386.748302262814
386.78798520568,386.717584051773,386.737205028895,386.768466162851,386.747167293061,386.753265152536,386.737168501809,386.744890268792,386.753855190703,386.735420420534,386.737168501809,386.736139439777,386.737168501809,386.767705217964,386.756618014168,386.730578959585,386.766891981289,386.764901756586,386.705963346817,386.748314020037,386.744171521148,386.753544203135,386.719506933043,386.763849077817,386.748302262814
386.78798520568,386.717584051773,386.737205028895,386.768466162851,386.747167293061,386.753265152536,386.737168501809,386.744890268792,386.753855190703,386.735420420534,386.737168501809,386.736139439777,386.737168501809,386.767705217964,386.756618014168,386.730578959585,386.766891981289,386.764901756586,386.705963346817,386.748314020037,386.744171521148,386.753544203135,386.719506933043,386.763849077817,386.748302262814
386.78798520568,386.717584051773,386.737205028895,386.768466162851,386.747167293061,386.753265152536,386.737168501809,386.744890268792,386.753855190703,386.735420420534,386.737168501809,386.736139439777,386.737168501809,386.767705217964,386.756618014168,386.730578959585,386.766891981289,386.764901756586,386.705963346817,386.748314020037,386.744171521148,386.753544203135,386.719506933043,386.763849077817,386.748302262814
386.78798520568,386.717584051773,386.737205028895,386.768466162851,386.747167293061,386.753265152536,386.737168501809,386.744890268792,386.753855190703,386.735420420534,386.737168501809,386.736139439777,386.737168501809,386.767705217964,386.756618014168,386.730578959585,386.766891981289,386.764901756586,386.705963346817,386.748314020037,386.744171521148,386.753544203135,386.719506933043,386.763849077817,386.748302262814
386.78798520568,386.717584051773,386.737205028895,386.768466162851,386.747167293061,386.753265152536,386.737168501809,386.744890268792,386.753855190703,386.735420420534,386.737168501809,386.736139439777,386.737168501809,386.767705217964,386.756618014168,386.730578959585,386.766891981289,386.764901756586,386.705963346817,386.748314020037,386.744171521148,386.753544203135,386.719506933043,386.763849077817,386.748302262814
386.78798520568,386.717584051773,386.737205028895,386.768466162851,386.747167293061,386.753265152536,386.737168501809,386.744890268792,386.753855190703,386.735420420534,386.737168501809,386.736139439777,386.737168501809,386.767705217964,386.756618014168,386.730578959585,386.766891981289,386.764901756586,386.705963346817,386.748314020037,386.744171521148,386.753544203135,386.719506933043,386.763849077817,386.748302262814
386.78798520568,386.717584051773,386.737205028895,386.768466162851,386.747167293061,386.753265152536,386.737168501809,386.744890268792,386.753855190703,386.735420420534,386.737168501809,386.736139439777,386.737168501809,386.767705217964,386.756618014168,386.730578959585,386.766891981289,386.764901756586,386.705963346817,386.748314020037,386.744171521148,386.753544203135,386.719506933043,386.763849077817,386.748302262814
386.78798520568,386.717584051773,386.737205028895,386.768466162851,386.747167293061,386.753265152536,386.737168501809,386.744890268792,386.753855190703,386.735420420534,386.737168501809,386.736139439777,386.737168501809,386.767705217964,386.756618014168,386.730578959585,386.766891981289,386.764901756586,386.705963346817,386.748314020037,386.744171521148,386.753544203135,386.719506933043,386.763849077817,386.748302262814
386.78798520568,386.717584051773,386.737205028895,386.768466162851,386.747167293061,386.753265152536,386.737168501809,386.744890268792,386.753855190703,386.735420420534,386.737168501809,386.736139439777,386.737168501809,386.767705217964,386.756618014168,386.730578959585,386.766891981289,386.764901756586,386.705963346817,386.748314020037,386.744171521148,386.753544203135,386.719506933043,386.763849077817,386.748302262814
386.78798520568,386.717584051773,386.737205028895,386.768466162851,386.747167293061,386.753265152536,386.737168501809,386.744890268792,386.753855190703,386.735420420534,386.737168501809,386.736139439777,386.737168501809,386.767705217964,386.756618014168,386.730578959585,386.766891981289,386.764901756586,386.705963346817,386.748314020037,386.744171521148,386.753544203135,386.719506933043,386.763849077817,386.748302262814
386.78798520568,386.717584051773,386.737205028895,386.768466162851,386.747167293061,386.753265152536,386.737168501809,386.744890268792,386.753855190703,386.735420420534,386.737168501809,386.736139439777,386.737168501809,386.767705217964,386.756618014168,386.730578959585,386.766891981289,386.764901756586,386.705963346817,386.748314020037,386.744171521148,386.753544203135,386.719506933043,386.763849077817,386.748302262814
386.78798520568,386.717584051773,386.737205028895,386.768466162851,386.747167293061,386.753265152536,386.737168501809,386.744890268792,386.753855190703,386.735420420534,386.737168501809,386.736139439777,386.737168501809,386.767705217964,386.756618014168,386.730578959585,386.766891981289,386.764901756586,386.705963346817,386.748314020037,386.744171521148,386.753544203135,386.719506933043,386.763849077817,386.748302262814
386.78798520568,386.717584051773,386.737205028895,386.768466162851,386.747167293061,386.753265152536,386.737168501809,386.744890268792,386.753855190703,386.735420420534,386.737168501809,386.736139439777,386.737168501809,386.767705217964,386.756618014168,386.730578959585,386.766891981289,386.764901756586,386.705963346817,386.748314020037,386.744171521148,386.753544203135,386.719506933043,386.763849077817,386.748302262814
386.78798520568,386.717584051773,386.737205028895,386.768466162851,386.747167293061,386.753265152536,386.737168501809,386.744890268792,386.753855190703,386.735420420534,386.737168501809,386.736139439777,386.737168501809,386.767705217964,386.756618014168,386.730578959585,386.766891981289,386.764901756586,386.705963346817,386.748314020037,386.744171521148,386.753544203135,386.719506933043,386.763849077817,386.748302262814
386.78798520568,386.717584051773,386.737205028895,386.768466162851,386.747167293061,386.753265152536,386.737168501809,386.744890268792,386.753855190703,386.735420420534,386.737168501809,386.736139439777,386.737168501809,386.767705217964,386.756618014168,386.730578959585,386.766891981289,386.764901756586,386.705963346817,386.748314020037,386.744171521148,386.753544203135,386.719506933043,386.763849077817,386.748302262814
386.78798520568,386.717584051773,386.737205028895,386.768466162851,386.747167293061,386.753265152536,386.737168501809,386.744890268792,386.753855190703,386.735420420534,386.737168501809,386.736139439777,386.737168501809,386.767705217964,386.756618014168,386.730578959585,386.766891981289,386.764901756586,386.705963346817,386.748314020037,386.744171521148,386.753544203135,386.719506933043,386.763849077817,386.748302262814
386.78798520568,386.717584051773,386.737205028895,386.768466162851,386.747167293061,386.753265152536,386.737168501809,386.744890268792,386.753855190703,386.735420420534,386.737168501809,386.736139439777,386.737168501809,386.767705217964,386.756618014168,386.730578959585,386.766891981289,386.764901756586,386.705963346817,386.748314020037,386.744171521148,386.753544203135,386.719506933043,386.763849077817,386.748302262814
386.78798520568,386.717584051773,386.737205028895,386.768466162851,386.747167293061,386.753265152536,386.737168501809,386.744890268792,386.753855190703,386.735420420534,386.737168501809,386.736139439777,386.737168501809,386.767705217964,386.756618014168,386.730578959585,386.766891981289,386.764901756586,386.705963346817,386.748314020037,386.744171521148,386.753544203135,386.719506933043,386.763849077817,386.748302262814
386.78798520568,386.717584051773,386.737205028895,386.768466162851,386.747167293061,386.753265152536,386.737168501809,386.744890268792,386.753855190703,386.735420420534,386.737168501809,386.736139439777,386.737168501809,386.767705217964,386.756618014168,386.730578959585,386.766891981289,386.764901756586,386.705963346817,386.748314020037,386.744171521148,386.753544203135,386.719506933043,386.763849077817,386.748302262814
386.78798520568,386.717584051773,386.737205028895,386.768466162851,386.747167293061,386.753265152536,386.737168501809,386.744890268792,386.753855190703,386.735420420534,386.737168501809,386.736139439777,386.737168501809,386.767705217964,386.756618014168,386.730578959585,386.766891981289,386.764901756586,386.705963346817,386.748314020037,386.744171521148,386.753544203135,386.719506933043,386.763849077817,386.748302262814
386.78798520568,386.717584051773,386.737205028895,386.768466162851,386.747167293061,386.753265152536,386.737168501809,386.744890268792,386.753855190703,386.735420420534,386.737168501809,386.736139439777,386.737168501809,386.767705217964,386.756618014168,386.730578959585,386.766891981289,386.764901756586,386.705963346817,386.748314020037,386.744171521148,386.753544203135,386.719506933043,386.763849077817,386.748302262814
386.78798520568,386.717584051773,386.737205028895,386.768466162851,386.747167293061,386.753265152536,386.737168501809,386.744890268792,386.753855190703,386.735420420534,386.737168501809,386.736139439777,386.737168501809,386.767705217964,386.756618014168,386.730578959585,386.766891981289,386.764901756586,386.705963346817,386.748314020037,386.744171521148,386.753544203135,386.719506933043,386.763849077817,386.748302262814
386.78798520568,386.717584051773,386.737205028895,386.768466162851,386.747167293061,386.753265152536,386.737168501809,386.744890268792,386.753855190703,386.735420420534,386.737168501809,386.736139439777,386.737168501809,386.767705217964,386.756618014168,386.730578959585,386.766891981289,386.764901756586,386.705963346817,386.748314020037,386.744171521148,386.753544203135,386.719506933043,386.763849077817,386.748302262814
386.78798520568,386.717584051773,386.737205028895,386.768466162851,386.747167293061,386.753265152536,386.737168501809,386.744890268792,386.753855190703,386.735420420534,386.737168501809,386.736139439777,386.737168501809,386.767705217964,386.756618014168,386.730578959585,386.766891981289,386.764901756586,386.705963346817,386.748314020037,386.744171521148,386.753544203135,386.719506933043,386.763849077817,386.748302262814
386.78798520568,386.717584051773,386.737205028895,386.768466162851,386.747167293061,386.753265152536,386.737168501809,386.744890268792,386.753855190703,386.735420420534,386.737168501809,386.736139439777,386.737168501809,386.767705217964,386.756618014168,386.730578959585,386.766891981289,386.764901756586,386.705963346817,386.748314020037,386.744171521148,386.753544203135,386.719506933043,386.763849077817,386.748302262814
386.78798520568,386.717584051773,386.737205028895,386.768466162851,386.747167293061,386.753265152536,386.737168501809,386.744890268792,386.753855190703,386.735420420534,386.737168501809,386.736139439777,386.737168501809,386.767705217964,386.756618014168,386.730578959585,386.766891981289,386.764901756586,386.705963346817,386.748314020037,386.744171521148,386.753544203135,386.719506933043,386.763849077817,386.748302262814
386.78798520568,386.717584051773,386.737205028895,386.768466162851,386.747167293061,386.753265152536,386.737168501809,386.744890268792,386.753855190703,386.735420420534,386.737168501809,386.736139439777,386.737168501809,386.767705217964,386.756618014168,386.730578959585,386.766891981289,386.764901756586,386.705963346817,386.748314020037,386.744171521148,386.753544203135,386.719506933043,386.763849077817,386.748302262814
386.78798520568,386.717584051773,386.737205028895,386.768466162851,386.747167293061,386.753265152536,386.737168501809,386.744890268792,386.753855190703,386.735420420534,386.737168501809,386.736139439777,386.737168501809,386.767705217964,386.756618014168,386.730578959585,386.766891981289,386.764901756586,386.705963346817,386.748314020037,386.744171521148,386.753544203135,386.719506933043,386.763849077817,386.748302262814
386.78798520568,386.717584051773,386.737205028895,386.768466162851,386.747167293061,386.753265152536,386.737168501809,386.744890268792,386.753855190703,386.735420420534,386.737168501809,386.736139439777,386.737168501809,386.767705217964,386.756618014168,386.730578959585,386.766891981289,386.764901756586,386.705963346817,386.748314020037,386.744171521148,386.753544203135,386.719506933043,386.763849077817,386.748302262814
386.78798520568,386.717584051773,386.737205028895,386.768466162851,386.747167293061,386.753265152536,386.737168501809,386.744890268792,386.753855190703,386.735420420534,386.737168501809,386.736139439777,386.737168501809,386.767705217964,386.756618014168,386.730578959585,386.766891981289,386.764901756586,386.705963346817,386.748314020037,386.744171521148,386.753544203135,386.719506933043,386.763849077817,386.748302262814
386.78798520568,386.717584051773,386.737205028895,386.768466162851,386.747167293061,386.753265152536,386.737168501809,386.744890268792,386.753855190703,386.735420420534,386.737168501809,386.736139439777,386.737168501809,386.767705217964,386.756618014168,386.730578959585,386.766891981289,386.764901756586,386.705963346817,386.748314020037,386.744171521148,386.753544203135,386.719506933043,386.763849077817,386.748302262814
386.78798520568,386.717584051773,386.737205028895,386.768466162851,386.747167293061,386.753265152536,386.737168501809,386.744890268792,386.753855190703,386.735420420534,386.737168501809,386.736139439777,386.737168501809,386.767705217964,386.756618014168,386.730578959585,386.766891981289,386.764901756586,386.705963346817,386.748314020037,386.744171521148,386.753544203135,386.719506933043,386.763849077817,386.748302262814
386.78798520568,386.717584051773,386.737205028895,386.768466162851,386.747167293061,386.753265152536,386.737168501809,386.744890268792,386.753855190703,386.735420420534,386.737168501809,386.736139439777,386.737168501809,386.767705217964,386.756618014168,386.730578959585,386.766891981289,386.764901756586,386.705963346817,386.748314020037,386.744171521148,386.753544203135,386.719506933043,386.763849077817,386.748302262814
386.78798520568,386.717584051773,386.737205028895,386.768466162851,386.747167293061,386.753265152536,386.737168501809,386.744890268792,386.753855190703,386.735420420534,386.737168501809,386.736139439777,386.737168501809,386.767705217964,386.756618014168,386.730578959585,386.766891981289,386.764901756586,386.705963346817,386.748314020037,386.744171521148,386.753544203135,386.719506933043,386.763849077817,386.748302262814
386.78798520568,386.717584051773,386.737205028895,386.768466162851,386.747167293061,386.753265152536,386.737168501809,386.744890268792,386.753855190703,386.735420420534,386.737168501809,386.736139439777,386.737168501809,386.767705217964,386.756618014168,386.730578959585,386.766891981289,386.764901756586,386.705963346817,386.748314020037,386.744171521148,386.753544203135,386.719506933043,386.763849077817,386.748302262814
386.78798520568,386.717584051773,386.737205028895,386.768466162851,386.747167293061,386.753265152536,386.737168501809,386.744890268792,386.753855190703,386.735420420534,386.737168501809,386.736139439777,386.737168501809,386.767705217964,386.756618014168,386.730578959585,386.766891981289,386.764901756586,386.705963346817,386.748314020037,386.744171521148,386.753544203135,386.719506933043,386.763849077817,386.748302262814
386.78798520568,386.717584051773,386.737205028895,386.768466162851,386.747167293061,386.753265152536,386.737168501809,386.744890268792,386.753855190703,386.735420420534,386.737168501809,386.736139439777,386.737168501809,386.767705217964,386.756618014168,386.730578959585,386.766891981289,386.764901756586,386.705963346817,386.748314020037,386.744171521148,386.753544203135,386.719506933043,386.763849077817,386.748302262814
386.78798520568,386.717584051773,386.737205028895,386.768466162851,386.747167293061,386.753265152536,386.737168501809,386.744890268792,386.753855190703,386.735420420534,386.737168501809,386.736139439777,386.737168501809,386.767705217964,386.756618014168,386.730578959585,386.766891981289,386.764901756586,386.705963346817,386.748314020037,386.744171521148,386.753544203135,386.719506933043,386.763849077817,386.748302262814
386.78798520568,386.717584051773,386.737205028895,386.768466162851,386.747167293061,386.753265152536,386.737168501809,386.744890268792,386.753855190703,386.735420420534,386.737168501809,386.736139439777,386.737168501809,386.767705217964,386.756618014168,386.730578959585,386.766891981289,386.764901756586,386.705963346817,386.748314020037,386.744171521148,386.753544203135,386.719506933043,386.763849077817,386.748302262814
386.78798520568,386.717584051773,386.737205028895,386.768466162851,386.747167293061,386.753265152536,386.737168501809,386.744890268792,386.753855190703,386.735420420534,386.737168501809,386.736139439777,386.737168501809,386.767705217964,386.756618014168,386.730578959585,386.766891981289,386.764901756586,386.705963346817,386.748314020037,386.744171521148,386.753544203135,386.719506933043,386.763849077817,386.748302262814
386.78798520568,386.717584051773,386.737205028895,386.768466162851,386.747167293061,386.753265152536,386.737168501809,386.744890268792,386.753855190703,386.735420420534,386.737168501809,386.736139439777,386.737168501809,386.767705217964,386.756618014168,386.730578959585,386.766891981289,386.764901756586,386.705963346817,386.748314020037,386.744171521148,386.753544203135,386.719506933043,386.763849077817,386.748302262814
386.78798520568,386.717584051773,386.737205028895,386.768466162851,386.747167293061,386.753265152536,386.737168501809,386.744890268792,386.753855190703,386.735420420534,386.737168501809,386.736139439777,386.737168501809,386.767705217964,386.756618014168,386.730578959585,386.766891981289,386.764901756586,386.705963346817,386.748314020037,386.744171521148,386.753544203135,386.719506933043,386.763849077817,386.748302262814
386.78798520568,386.717584051773,386.737205028895,386.768466162851,386.747167293061,386.753265152536,386.737168501809,386.744890268792,386.753855190703,386.735420420534,386.737168501809,386.736139439777,386.737168501809,386.767705217964,386.756618014168,386.730578959585,386.766891981289,386.764901756586,386.705963346817,386.748314020037,386.744171521148,386.753544203135,386.719506933043,386.763849077817,386.748302262814
386.78798520568,386.717584051773,386.737205028895,386.768466162851,386.747167293061,386.753265152536,386.737168501809,386.744890268792,386.753855190703,386.735420420534,386.737168501809,386.736139439777,386.737168501809,386.767705217964,386.756618014168,386.730578959585,386.766891981289,386.764901756586,386.705963346817,386.748314020037,386.744171521148,386.753544203135,386.719506933043,386.763849077817,386.748302262814
386.78798520568,386.717584051773,386.737205028895,386.768466162851,386.747167293061,386.753265152536,386.737168501809,386.744890268792,386.753855190703,386.735420420534,386.737168501809,386.736139439777,386.737168501809,386.767705217964,386.756618014168,386.730578959585,386.766891981289,386.764901756586,386.705963346817,386.748314020037,386.744171521148,386.753544203135,386.719506933043,386.763849077817,386.748302262814
386.78798520568,386.717584051773,386.737205028895,386.768466162851,386.747167293061,386.753265152536,386.737168501809,386.744890268792,386.753855190703,386.735420420534,386.737168501809,386.736139439777,386.737168501809,386.767705217964,386.756618014168,386.730578959585,386.766891981289,386.764901756586,386.705963346817,386.748314020037,386.744171521148,386.753544203135,386.719506933043,386.763849077817,386.748302262814
386.78798520568,386.717584051773,386.737205028895,386.768466162851,386.747167293061,386.753265152536,386.737168501809,386.744890268792,386.753855190703,386.735420420534,386.737168501809,386.736139439777,386.737168501809,386.767705217964,386.756618014168,386.730578959585,386.766891981289,386.764901756586,386.705963346817,386.748314020037,386.744171521148,386.753544203135,386.719506933043,386.763849077817,386.748302262814
386.78798520568,386.717584051773,386.737205028895,386.768466162851,386.747167293061,386.753265152536,386.737168501809,386.744890268792,386.753855190703,386.735420420534,386.737168501809,386.736139439777,386.737168501809,386.767705217964,386.756618014168,386.730578959585,386.766891981289,386.764901756586,386.705963346817,386.748314020037,386.744171521148,386.753544203135,386.719506933043,386.763849077817,386.748302262814
386.78798520568,386.717584051773,386.737205028895,386.768466162851,386.747167293061,386.753265152536,386.737168501809,386.744890268792,386.753855190703,386.735420420534,386.737168501809,386.736139439777,386.737168501809,386.767705217964,386.756618014168,386.730578959585,386.766891981289,386.764901756586,386.705963346817,386.748314020037,386.744171521148,386.753544203135,386.719506933043,386.763849077817,386.748302262814
386.78798520568,386.717584051773,386.737205028895,386.768466162851,386.747167293061,386.753265152536,386.737168501809,386.744890268792,386.753855190703,386.735420420534,386.737168501809,386.736139439777,386.737168501809,386.767705217964,386.756618014168,386.730578959585,386.766891981289,386.764901756586,386.705963346817,386.748314020037,386.744171521148,386.753544203135,386.719506933043,386.763849077817,386.748302262814
386.78798520568,386.717584051773,386.737205028895,386.768466162851,386.747167293061,386.753265152536,386.737168501809,386.744890268792,386.753855190703,386.735420420534,386.737168501809,386.736139439777,386.737168501809,386.767705217964,386.756618014168,386.730578959585,386.766891981289,386.764901756586,386.705963346817,386.748314020037,386.744171521148,386.753544203135,386.719506933043,386.763849077817,386.748302262814
386.78798520568,386.717584051773,386.737205028895,386.768466162851,386.747167293061,386.753265152536,386.737168501809,386.744890268792,386.753855190703,386.735420420534,386.737168501809,386.736139439777,386.737168501809,386.767705217964,386.756618014168,386.730578959585,386.766891981289,386.764901756586,386.705963346817,386.748314020037,386.744171521148,386.753544203135,386.719506933043,386.763849077817,386.748302262814
386.78798520568,386.717584051773,386.737205028895,386.768466162851,386.747167293061,386.753265152536,386.737168501809,386.744890268792,386.753855190703,386.735420420534,386.737168501809,386.736139439777,386.737168501809,386.767705217964,386.756618014168,386.730578959585,386.766891981289,386.764901756586,386.705963346817,386.748314020037,386.744171521148,386.753544203135,386.719506933043,386.763849077817,386.748302262814
386.78798520568,386.717584051773,386.737205028895,386.768466162851,386.747167293061,386.753265152536,386.737168501809,386.744890268792,386.753855190703,386.735420420534,386.737168501809,386.736139439777,386.737168501809,386.767705217964,386.756618014168,386.730578959585,386.766891981289,386.764901756586,386.705963346817,386.748314020037,386.744171521148,386.753544203135,386.719506933043,386.763849077817,386.748302262814
386.78798520568,386.717584051773,386.737205028895,386.768466162851,386.747167293061,386.753265152536,386.737168501809,386.744890268792,386.753855190703,386.735420420534,386.737168501809,386.736139439777,386.737168501809,386.767705217964,386.756618014168,386.730578959585,386.766891981289,386.764901756586,386.705963346817,386.748314020037,386.744171521148,386.753544203135,386.719506933043,386.763849077817,386.748302262814
386.78798520568,386.717584051773,386.737205028895,386.768466162851,386.747167293061,386.753265152536,386.737168501809,386.744890268792,386.753855190703,386.735420420534,386.737168501809,386.736139439777,386.737168501809,386.767705217964,386.756618014168,386.730578959585,386.766891981289,386.764901756586,386.705963346817,386.748314020037,386.744171521148,386.753544203135,386.719506933043,386.763849077817,386.748302262814
386.78798520568,386.717584051773,386.737205028895,386.768466162851,386.747167293061,386.753265152536,386.737168501809,386.744890268792,386.753855190703,386.735420420534,386.737168501809,386.736139439777,386.737168501809,386.767705217964,386.756618014168,386.730578959585,386.766891981289,386.764901756586,386.705963346817,386.748314020037,386.744171521148,386.753544203135,386.719506933043,386.763849077817,386.748302262814
386.78798520568,386.717584051773,386.737205028895,386.768466162851,386.747167293061,386.753265152536,386.737168501809,386.744890268792,386.753855190703,386.735420420534,386.737168501809,386.736139439777,386.737168501809,386.767705217964,386.756618014168,386.730578959585,386.766891981289,386.764901756586,386.705963346817,386.748314020037,386.744171521148,386.753544203135,386.719506933043,386.763849077817,386.748302262814
386.78798520568,386.717584051773,386.737205028895,386.768466162851,386.747167293061,386.753265152536,386.737168501809,386.744890268792,386.753855190703,386.735420420534,386.737168501809,386.736139439777,386.737168501809,386.767705217964,386.756618014168,386.730578959585,386.766891981289,386.764901756586,386.705963346817,386.748314020037,386.744171521148,386.753544203135,386.719506933043,386.763849077817,386.748302262814
386.78798520568,386.717584051773,386.737205028895,386.768466162851,386.747167293061,386.753265152536,386.737168501809,386.744890268792,386.753855190703,386.735420420534,386.737168501809,386.736139439777,386.737168501809,386.767705217964,386.756618014168,386.730578959585,386.766891981289,386.764901756586,386.705963346817,386.748314020037,386.744171521148,386.753544203135,386.719506933043,386.763849077817,386.748302262814
386.78798520568,386.717584051773,386.737205028895,386.768466162851,386.747167293061,386.753265152536,386.737168501809,386.744890268792,386.753855190703,386.735420420534,386.737168501809,386.736139439777,386.737168501809,386.767705217964,386.756618014168,386.730578959585,386.766891981289,386.764901756586,386.705963346817,386.748314020037,386.744171521148,386.753544203135,386.719506933043,386.763849077817,386.748302262814
386.78798520568,386.717584051773,386.737205028895,386.768466162851,386.747167293061,386.753265152536,386.737168501809,386.744890268792,386.753855190703,386.735420420534,386.737168501809,386.736139439777,386.737168501809,386.767705217964,386.756618014168,386.730578959585,386.766891981289,386.764901756586,386.705963346817,386.748314020037,386.744171521148,386.753544203135,386.719506933043,386.763849077817,386.748302262814
386.78798520568,386.717584051773,386.737205028895,386.768466162851,386.747167293061,386.753265152536,386.737168501809,386.744890268792,386.753855190703,386.735420420534,386.737168501809,386.736139439777,386.737168501809,386.767705217964,386.756618014168,386.730578959585,386.766891981289,386.764901756586,386.705963346817,386.748314020037,386.744171521148,386.753544203135,386.719506933043,386.763849077817,386.748302262814
386.78798520568,386.717584051773,386.737205028895,386.768466162851,386.747167293061,386.753265152536,386.737168501809,386.744890268792,386.753855190703,386.735420420534,386.737168501809,386.736139439777,386.737168501809,386.767705217964,386.756618014168,386.730578959585,386.766891981289,386.764901756586,386.705963346817,386.748314020037,386.744171521148,386.753544203135,386.719506933043,386.763849077817,386.748302262814
386.78798520568,386.717584051773,386.737205028895,386.768466162851,386.747167293061,386.753265152536,386.737168501809,386.744890268792,386.753855190703,386.735420420534,386.737168501809,386.736139439777,386.737168501809,386.767705217964,386.756618014168,386.730578959585,386.766891981289,386.764901756586,386.705963346817,386.748314020037,386.744171521148,386.753544203135,386.719506933043,386.763849077817,386.748302262814
386.78798520568,386.717584051773,386.737205028895,386.768466162851,386.747167293061,386.753265152536,386.737168501809,386.744890268792,386.753855190703,386.735420420534,386.737168501809,386.736139439777,386.737168501809,386.767705217964,386.756618014168,386.730578959585,386.766891981289,386.764901756586,386.705963346817,386.748314020037,386.744171521148,386.753544203135,386.719506933043,386.763849077817,386.748302262814
386.78798520568,386.717584051773,386.737205028895,386.768466162851,386.747167293061,386.753265152536,386.737168501809,386.744890268792,386.753855190703,386.735420420534,386.737168501809,386.736139439777,386.737168501809,386.767705217964,386.756618014168,386.730578959585,386.766891981289,386.764901756586,386.705963346817,386.748314020037,386.744171521148,386.753544203135,386.719506933043,386.763849077817,386.748302262814
386.78798520568,386.717584051773,386.737205028895,386.768466162851,386.747167293061,386.753265152536,386.737168501809,386.744890268792,386.753855190703,386.735420420534,386.737168501809,386.736139439777,386.737168501809,386.767705217964,386.756618014168,386.730578959585,386.766891981289,386.764901756586,386.705963346817,386.748314020037,386.744171521148,386.753544203135,386.719506933043,386.763849077817,386.748302262814
386.78798520568,386.717584051773,386.737205028895,386.768466162851,386.747167293061,386.753265152536,386.737168501809,386.744890268792,386.753855190703,386.735420420534,386.737168501809,386.736139439777,386.737168501809,386.767705217964,386.756618014168,386.730578959585,386.766891981289,386.764901756586,386.705963346817,386.748314020037,386.744171521148,386.753544203135,386.719506933043,386.763849077817,386.748302262814
386.78798520568,386.717584051773,386.737205028895,386.768466162851,386.747167293061,386.753265152536,386.737168501809,386.744890268792,386.753855190703,386.735420420534,386.737168501809,386.736139439777,386.737168501809,386.767705217964,386.756618014168,386.730578959585,386.766891981289,386.764901756586,386.705963346817,386.748314020037,386.744171521148,386.753544203135,386.719506933043,386.763849077817,386.748302262814
386.78798520568,386.717584051773,386.737205028895,386.768466162851,386.747167293061,386.753265152536,386.737168501809,386.744890268792,386.753855190703,386.735420420534,386.737168501809,386.736139439777,386.737168501809,386.767705217964,386.756618014168,386.730578959585,386.766891981289,386.764901756586,386.705963346817,386.748314020037,386.744171521148,386.753544203135,386.719506933043,386.763849077817,386.748302262814
386.78798520568,386.717584051773,386.737205028895,386.768466162851,386.747167293061,386.753265152536,386.737168501809,386.744890268792,386.753855190703,386.735420420534,386.737168501809,386.736139439777,386.737168501809,386.767705217964,386.756618014168,386.730578959585,386.766891981289,386.764901756586,386.705963346817,386.748314020037,386.744171521148,386.753544203135,386.719506933043,386.763849077817,386.748302262814
386.78798520568,386.717584051773,386.737205028895,386.768466162851,386.747167293061,386.753265152536,386.737168501809,386.744890268792,386.753855190703,386.735420420534,386.737168501809,386.736139439777,386.737168501809,386.767705217964,386.756618014168,386.730578959585,386.766891981289,386.764901756586,386.705963346817,386.748314020037,386.744171521148,386.753544203135,386.719506933043,386.763849077817,386.748302262814
386.78798520568,386.717584051773,386.737205028895,386.768466162851,386.747167293061,386.753265152536,386.737168501809,386.744890268792,386.753855190703,386.735420420534,386.737168501809,386.736139439777,386.737168501809,386.767705217964,386.756618014168,386.730578959585,386.766891981289,386.764901756586,386.705963346817,386.748314020037,386.744171521148,386.753544203135,386.719506933043,386.763849077817,386.748302262814
386.78798520568,386.717584051773,386.737205028895,386.768466162851,386.747167293061,386.753265152536,386.737168501809,386.744890268792,386.753855190703,386.735420420534,386.737168501809,386.736139439777,386.737168501809,386.767705217964,386.756618014168,386.730578959585,386.766891981289,386.764901756586,386.705963346817,386.748314020037,386.744171521148,386.753544203135,386.719506933043,386.763849077817,386.748302262814
386.78798520568,386.717584051773,386.737205028895,386.768466162851,386.747167293061,386.753265152536,386.737168501809,386.744890268792,386.753855190703,386.735420420534,386.737168501809,386.736139439777,386.737168501809,386.767705217964,386.756618014168,386.730578959585,386.766891981289,386.764901756586,386.705963346817,386.748314020037,386.744171521148,386.753544203135,386.719506933043,386.763849077817,386.748302262814
386.78798520568,386.717584051773,386.737205028895,386.768466162851,386.747167293061,386.753265152536,386.737168501809,386.744890268792,386.753855190703,386.735420420534,386.737168501809,386.736139439777,386.737168501809,386.767705217964,386.756618014168,386.730578959585,386.766891981289,386.764901756586,386.705963346817,386.748314020037,386.744171521148,386.753544203135,386.719506933043,386.763849077817,386.748302262814
386.78798520568,386.717584051773,386.737205028895,386.768466162851,386.747167293061,386.753265152536,386.737168501809,386.744890268792,386.753855190703,386.735420420534,386.737168501809,386.736139439777,386.737168501809,386.767705217964,386.756618014168,386.730578959585,386.766891981289,386.764901756586,386.705963346817,386.748314020037,386.744171521148,386.753544203135,386.719506933043,386.763849077817,386.748302262814
386.78798520568,386.717584051773,386.737205028895,386.768466162851,386.747167293061,386.753265152536,386.737168501809,386.744890268792,386.753855190703,386.735420420534,386.737168501809,386.736139439777,386.737168501809,386.767705217964,386.756618014168,386.730578959585,386.766891981289,386.764901756586,386.705963346817,386.748314020037,386.744171521148,386.753544203135,386.719506933043,386.763849077817,386.748302262814
386.78798520568,386.717584051773,386.737205028895,386.768466162851,386.747167293061,386.753265152536,386.737168501809,386.744890268792,386.753855190703,386.735420420534,386.737168501809,386.736139439777,386.737168501809,386.767705217964,386.756618014168,386.730578959585,386.766891981289,386.764901756586,386.705963346817,386.748314020037,386.744171521148,386.753544203135,386.719506933043,386.763849077817,386.748302262814
386.78798520568,386.717584051773,386.737205028895,386.768466162851,386.747167293061,386.753265152536,386.737168501809,386.744890268792,386.753855190703,386.735420420534,386.737168501809,386.736139439777,386.737168501809,386.767705217964,386.756618014168,386.730578959585,386.766891981289,386.764901756586,386.705963346817,386.748314020037,386.744171521148,386.753544203135,386.719506933043,386.763849077817,386.748302262814
386.78798520568,386.717584051773,386.737205028895,386.768466162851,386.747167293061,386.753265152536,386.737168501809,386.744890268792,386.753855190703,386.735420420534,386.737168501809,386.736139439777,386.737168501809,386.767705217964,386.756618014168,386.730578959585,386.766891981289,386.764901756586,386.705963346817,386.748314020037,386.744171521148,386.753544203135,386.719506933043,386.763849077817,386.748302262814
386.78798520568,386.717584051773,386.737205028895,386.768466162851,386.747167293061,386.753265152536,386.737168501809,386.744890268792,386.753855190703,386.735420420534,386.737168501809,386.736139439777,386.737168501809,386.767705217964,386.756618014168,386.730578959585,386.766891981289,386.764901756586,386.705963346817,386.748314020037,386.744171521148,386.753544203135,386.719506933043,386.763849077817,386.748302262814
386.78798520568,386.717584051773,386.737205028895,386.768466162851,386.747167293061,386.753265152536,386.737168501809,386.744890268792,386.753855190703,386.735420420534,386.737168501809,386.736139439777,386.737168501809,386.767705217964,386.756618014168,386.730578959585,386.766891981289,386.764901756586,386.705963346817,386.748314020037,386.744171521148,386.753544203135,386.719506933043,386.763849077817,386.748302262814
386.78798520568,386.717584051773,386.737205028895,386.768466162851,386.747167293061,386.753265152536,386.737168501809,386.744890268792,386.753855190703,386.735420420534,386.737168501809,386.736139439777,386.737168501809,386.767705217964,386.756618014168,386.730578959585,386.766891981289,386.764901756586,386.705963346817,386.748314020037,386.744171521148,386.753544203135,386.719506933043,386.763849077817,386.748302262814
386.78798520568,386.717584051773,386.737205028895,386.768466162851,386.747167293061,386.753265152536,386.737168501809,386.744890268792,386.753855190703,386.735420420534,386.737168501809,386.736139439777,386.737168501809,386.767705217964,386.756618014168,386.730578959585,386.766891981289,386.764901756586,386.705963346817,386.748314020037,386.744171521148,386.753544203135,386.719506933043,386.763849077817,386.748302262814
386.78798520568,386.717584051773,386.737205028895,386.768466162851,386.747167293061,386.753265152536,386.737168501809,386.744890268792,386.753855190703,386.735420420534,386.737168501809,386.736139439777,386.737168501809,386.767705217964,386.756618014168,386.730578959585,386.766891981289,386.764901756586,386.705963346817,386.748314020037,386.744171521148,386.753544203135,386.719506933043,386.763849077817,386.748302262814
386.78798520568,386.717584051773,386.737205028895,386.768466162851,386.747167293061,386.753265152536,386.737168501809,386.744890268792,386.753855190703,386.735420420534,386.737168501809,386.736139439777,386.737168501809,386.767705217964,386.756618014168,386.730578959585,386.766891981289,386.764901756586,386.705963346817,386.748314020037,386.744171521148,386.753544203135,386.719506933043,386.763849077817,386.748302262814
386.78798520568,386.717584051773,386.737205028895,386.768466162851,386.747167293061,386.753265152536,386.737168501809,386.744890268792,386.753855190703,386.735420420534,386.737168501809,386.736139439777,386.737168501809,386.767705217964,386.756618014168,386.730578959585,386.766891981289,386.764901756586,386.705963346817,386.748314020037,386.744171521148,386.753544203135,386.719506933043,386.763849077817,386.748302262814
386.78798520568,386.717584051773,386.737205028895,386.768466162851,386.747167293061,386.753265152536,386.737168501809,386.744890268792,386.753855190703,386.735420420534,386.737168501809,386.736139439777,386.737168501809,386.767705217964,386.756618014168,386.730578959585,386.766891981289,386.764901756586,386.705963346817,386.748314020037,386.744171521148,386.753544203135,386.719506933043,386.763849077817,386.748302262814
386.78798520568,386.717584051773,386.737205028895,386.768466162851,386.747167293061,386.753265152536,386.737168501809,386.744890268792,386.753855190703,386.735420420534,386.737168501809,386.736139439777,386.737168501809,386.767705217964,386.756618014168,386.730578959585,386.766891981289,386.764901756586,386.705963346817,386.748314020037,386.744171521148,386.753544203135,386.719506933043,386.763849077817,386.748302262814
386.78798520568,386.717584051773,386.737205028895,386.768466162851,386.747167293061,386.753265152536,386.737168501809,386.744890268792,386.753855190703,386.735420420534,386.737168501809,386.736139439777,386.737168501809,386.767705217964,386.756618014168,386.730578959585,386.766891981289,386.764901756586,386.705963346817,386.748314020037,386.744171521148,386.753544203135,386.719506933043,386.763849077817,386.748302262814
386.78798520568,386.717584051773,386.737205028895,386.768466162851,386.747167293061,386.753265152536,386.737168501809,386.744890268792,386.753855190703,386.735420420534,386.737168501809,386.736139439777,386.737168501809,386.767705217964,386.756618014168,386.730578959585,386.766891981289,386.764901756586,386.705963346817,386.748314020037,386.744171521148,386.753544203135,386.719506933043,386.763849077817,386.748302262814
386.78798520568,386.717584051773,386.737205028895,386.768466162851,386.747167293061,386.753265152536,386.737168501809,386.744890268792,386.753855190703,386.735420420534,386.737168501809,386.736139439777,386.737168501809,386.767705217964,386.756618014168,386.730578959585,386.766891981289,386.764901756586,386.705963346817,386.748314020037,386.744171521148,386.753544203135,386.719506933043,386.763849077817,386.748302262814
386.78798520568,386.717584051773,386.737205028895,386.768466162851,386.747167293061,386.753265152536,386.737168501809,386.744890268792,386.753855190703,386.735420420534,386.737168501809,386.736139439777,386.737168501809,386.767705217964,386.756618014168,386.730578959585,386.766891981289,386.764901756586,386.705963346817,386.748314020037,386.744171521148,386.753544203135,386.719506933043,386.763849077817,386.748302262814
386.78798520568,386.717584051773,386.737205028895,386.768466162851,386.747167293061,386.753265152536,386.737168501809,386.744890268792,386.753855190703,386.735420420534,386.737168501809,386.736139439777,386.737168501809,386.767705217964,386.756618014168,386.730578959585,386.766891981289,386.764901756586,386.705963346817,386.748314020037,386.744171521148,386.753544203135,386.719506933043,386.763849077817,386.748302262814
386.78798520568,386.717584051773,386.737205028895,386.768466162851,386.747167293061,386.753265152536,386.737168501809,386.744890268792,386.753855190703,386.735420420534,386.737168501809,386.736139439777,386.737168501809,386.767705217964,386.756618014168,386.730578959585,386.766891981289,386.764901756586,386.705963346817,386.748314020037,386.744171521148,386.753544203135,386.719506933043,386.763849077817,386.748302262814
386.78798520568,386.717584051773,386.737205028895,386.768466162851,386.747167293061,386.753265152536,386.737168501809,386.744890268792,386.753855190703,386.735420420534,386.737168501809,386.736139439777,386.737168501809,386.767705217964,386.756618014168,386.730578959585,386.766891981289,386.764901756586,386.705963346817,386.748314020037,386.744171521148,386.753544203135,386.719506933043,386.763849077817,386.748302262814
386.78798520568,386.717584051773,386.737205028895,386.768466162851,386.747167293061,386.753265152536,386.737168501809,386.744890268792,386.753855190703,386.735420420534,386.737168501809,386.736139439777,386.737168501809,386.767705217964,386.756618014168,386.730578959585,386.766891981289,386.764901756586,386.705963346817,386.748314020037,386.744171521148,386.753544203135,386.719506933043,386.763849077817,386.748302262814
386.78798520568,386.717584051773,386.737205028895,386.768466162851,386.747167293061,386.753265152536,386.737168501809,386.744890268792,386.753855190703,386.735420420534,386.737168501809,386.736139439777,386.737168501809,386.767705217964,386.756618014168,386.730578959585,386.766891981289,386.764901756586,386.705963346817,386.748314020037,386.744171521148,386.753544203135,386.719506933043,386.763849077817,386.748302262814
386.78798520568,386.717584051773,386.737205028895,386.768466162851,386.747167293061,386.753265152536,386.737168501809,386.744890268792,386.753855190703,386.735420420534,386.737168501809,386.736139439777,386.737168501809,386.767705217964,386.756618014168,386.730578959585,386.766891981289,386.764901756586,386.705963346817,386.748314020037,386.744171521148,386.753544203135,386.719506933043,386.763849077817,386.748302262814
386.78798520568,386.717584051773,386.737205028895,386.768466162851,386.747167293061,386.753265152536,386.737168501809,386.744890268792,386.753855190703,386.735420420534,386.737168501809,386.736139439777,386.737168501809,386.767705217964,386.756618014168,386.730578959585,386.766891981289,386.764901756586,386.705963346817,386.748314020037,386.744171521148,386.753544203135,386.719506933043,386.763849077817,386.748302262814
386.78798520568,386.717584051773,386.737205028895,386.768466162851,386.747167293061,386.753265152536,386.737168501809,386.744890268792,386.753855190703,386.735420420534,386.737168501809,386.736139439777,386.737168501809,386.767705217964,386.756618014168,386.730578959585,386.766891981289,386.764901756586,386.705963346817,386.748314020037,386.744171521148,386.753544203135,386.719506933043,386.763849077817,386.748302262814
386.78798520568,386.717584051773,386.737205028895,386.768466162851,386.747167293061,386.753265152536,386.737168501809,386.744890268792,386.753855190703,386.735420420534,386.737168501809,386.736139439777,386.737168501809,386.767705217964,386.756618014168,386.730578959585,386.766891981289,386.764901756586,386.705963346817,386.748314020037,386.744171521148,386.753544203135,386.719506933043,386.763849077817,386.748302262814
386.78798520568,386.717584051773,386.737205028895,386.768466162851,386.747167293061,386.753265152536,386.737168501809,386.744890268792,386.753855190703,386.735420420534,386.737168501809,386.736139439777,386.737168501809,386.767705217964,386.756618014168,386.730578959585,386.766891981289,386.764901756586,386.705963346817,386.748314020037,386.744171521148,386.753544203135,386.719506933043,386.763849077817,386.748302262814
386.78798520568,386.717584051773,386.737205028895,386.768466162851,386.747167293061,386.753265152536,386.737168501809,386.744890268792,386.753855190703,386.735420420534,386.737168501809,386.736139439777,386.737168501809,386.767705217964,386.756618014168,386.730578959585,386.766891981289,386.764901756586,386.705963346817,386.748314020037,386.744171521148,386.753544203135,386.719506933043,386.763849077817,386.748302262814
386.78798520568,386.717584051773,386.737205028895,386.768466162851,386.747167293061,386.753265152536,386.737168501809,386.744890268792,386.753855190703,386.735420420534,386.737168501809,386.736139439777,386.737168501809,386.767705217964,386.756618014168,386.730578959585,386.766891981289,386.764901756586,386.705963346817,386.748314020037,386.744171521148,386.753544203135,386.719506933043,386.763849077817,386.748302262814
386.78798520568,386.717584051773,386.737205028895,386.768466162851,386.747167293061,386.753265152536,386.737168501809,386.744890268792,386.753855190703,386.735420420534,386.737168501809,386.736139439777,386.737168501809,386.767705217964,386.756618014168,386.730578959585,386.766891981289,386.764901756586,386.705963346817,386.748314020037,386.744171521148,386.753544203135,386.719506933043,386.763849077817,386.748302262814
386.78798520568,386.717584051773,386.737205028895,386.768466162851,386.747167293061,386.753265152536,386.737168501809,386.744890268792,386.753855190703,386.735420420534,386.737168501809,386.736139439777,386.737168501809,386.767705217964,386.756618014168,386.730578959585,386.766891981289,386.764901756586,386.705963346817,386.748314020037,386.744171521148,386.753544203135,386.719506933043,386.763849077817,386.748302262814
386.78798520568,386.717584051773,386.737205028895,386.768466162851,386.747167293061,386.753265152536,386.737168501809,386.744890268792,386.753855190703,386.735420420534,386.737168501809,386.736139439777,386.737168501809,386.767705217964,386.756618014168,386.730578959585,386.766891981289,386.764901756586,386.705963346817,386.748314020037,386.744171521148,386.753544203135,386.719506933043,386.763849077817,386.748302262814
386.78798520568,386.717584051773,386.737205028895,386.768466162851,386.747167293061,386.753265152536,386.737168501809,386.744890268792,386.753855190703,386.735420420534,386.737168501809,386.736139439777,386.737168501809,386.767705217964,386.756618014168,386.730578959585,386.766891981289,386.764901756586,386.705963346817,386.748314020037,386.744171521148,386.753544203135,386.719506933043,386.763849077817,386.748302262814
386.78798520568,386.717584051773,386.737205028895,386.768466162851,386.747167293061,386.753265152536,386.737168501809,386.744890268792,386.753855190703,386.735420420534,386.737168501809,386.736139439777,386.737168501809,386.767705217964,386.756618014168,386.730578959585,386.766891981289,386.764901756586,386.705963346817,386.748314020037,386.744171521148,386.753544203135,386.719506933043,386.763849077817,386.748302262814
386.78798520568,386.717584051773,386.737205028895,386.768466162851,386.747167293061,386.753265152536,386.737168501809,386.744890268792,386.753855190703,386.735420420534,386.737168501809,386.736139439777,386.737168501809,386.767705217964,386.756618014168,386.730578959585,386.766891981289,386.764901756586,386.705963346817,386.748314020037,386.744171521148,386.753544203135,386.719506933043,386.763849077817,386.748302262814
386.78798520568,386.717584051773,386.737205028895,386.768466162851,386.747167293061,386.753265152536,386.737168501809,386.744890268792,386.753855190703,386.735420420534,386.737168501809,386.736139439777,386.737168501809,386.767705217964,386.756618014168,386.730578959585,386.766891981289,386.764901756586,386.705963346817,386.748314020037,386.744171521148,386.753544203135,386.719506933043,386.763849077817,386.748302262814
386.78798520568,386.717584051773,386.737205028895,386.768466162851,386.747167293061,386.753265152536,386.737168501809,386.744890268792,386.753855190703,386.735420420534,386.737168501809,386.736139439777,386.737168501809,386.767705217964,386.756618014168,386.730578959585,386.766891981289,386.764901756586,386.705963346817,386.748314020037,386.744171521148,386.753544203135,386.719506933043,386.763849077817,386.748302262814
386.78798520568,386.717584051773,386.737205028895,386.768466162851,386.747167293061,386.753265152536,386.737168501809,386.744890268792,386.753855190703,386.735420420534,386.737168501809,386.736139439777,386.737168501809,386.767705217964,386.756618014168,386.730578959585,386.766891981289,386.764901756586,386.705963346817,386.748314020037,386.744171521148,386.753544203135,386.719506933043,386.763849077817,386.748302262814
386.78798520568,386.717584051773,386.737205028895,386.768466162851,386.747167293061,386.753265152536,386.737168501809,386.744890268792,386.753855190703,386.735420420534,386.737168501809,386.736139439777,386.737168501809,386.767705217964,386.756618014168,386.730578959585,386.766891981289,386.764901756586,386.705963346817,386.748314020037,386.744171521148,386.753544203135,386.719506933043,386.763849077817,386.748302262814
386.78798520568,386.717584051773,386.737205028895,386.768466162851,386.747167293061,386.753265152536,386.737168501809,386.744890268792,386.753855190703,386.735420420534,386.737168501809,386.736139439777,386.737168501809,386.767705217964,386.756618014168,386.730578959585,386.766891981289,386.764901756586,386.705963346817,386.748314020037,386.744171521148,386.753544203135,386.719506933043,386.763849077817,386.748302262814
386.78798520568,386.717584051773,386.737205028895,386.768466162851,386.747167293061,386.753265152536,386.737168501809,386.744890268792,386.753855190703,386.735420420534,386.737168501809,386.736139439777,386.737168501809,386.767705217964,386.756618014168,386.730578959585,386.766891981289,386.764901756586,386.705963346817,386.748314020037,386.744171521148,386.753544203135,386.719506933043,386.763849077817,386.748302262814
386.78798520568,386.717584051773,386.737205028895,386.768466162851,386.747167293061,386.753265152536,386.737168501809,386.744890268792,386.753855190703,386.735420420534,386.737168501809,386.736139439777,386.737168501809,386.767705217964,386.756618014168,386.730578959585,386.766891981289,386.764901756586,386.705963346817,386.748314020037,386.744171521148,386.753544203135,386.719506933043,386.763849077817,386.748302262814
386.78798520568,386.717584051773,386.737205028895,386.768466162851,386.747167293061,386.753265152536,386.737168501809,386.744890268792,386.753855190703,386.735420420534,386.737168501809,386.736139439777,386.737168501809,386.767705217964,386.756618014168,386.730578959585,386.766891981289,386.764901756586,386.705963346817,386.748314020037,386.744171521148,386.753544203135,386.719506933043,386.763849077817,386.748302262814
386.78798520568,386.717584051773,386.737205028895,386.768466162851,386.747167293061,386.753265152536,386.737168501809,386.744890268792,386.753855190703,386.735420420534,386.737168501809,386.736139439777,386.737168501809,386.767705217964,386.756618014168,386.730578959585,386.766891981289,386.764901756586,386.705963346817,386.748314020037,386.744171521148,386.753544203135,386.719506933043,386.763849077817,386.748302262814
386.78798520568,386.717584051773,386.737205028895,386.768466162851,386.747167293061,386.753265152536,386.737168501809,386.744890268792,386.753855190703,386.735420420534,386.737168501809,386.736139439777,386.737168501809,386.767705217964,386.756618014168,386.730578959585,386.766891981289,386.764901756586,386.705963346817,386.748314020037,386.744171521148,386.753544203135,386.719506933043,386.763849077817,386.748302262814
386.78798520568,386.717584051773,386.737205028895,386.768466162851,386.747167293061,386.753265152536,386.737168501809,386.744890268792,386.753855190703,386.735420420534,386.737168501809,386.736139439777,386.737168501809,386.767705217964,386.756618014168,386.730578959585,386.766891981289,386.764901756586,386.705963346817,386.748314020037,386.744171521148,386.753544203135,386.719506933043,386.763849077817,386.748302262814
386.78798520568,386.717584051773,386.737205028895,386.768466162851,386.747167293061,386.753265152536,386.737168501809,386.744890268792,386.753855190703,386.735420420534,386.737168501809,386.736139439777,386.737168501809,386.767705217964,386.756618014168,386.730578959585,386.766891981289,386.764901756586,386.705963346817,386.748314020037,386.744171521148,386.753544203135,386.719506933043,386.763849077817,386.748302262814
386.78798520568,386.717584051773,386.737205028895,386.768466162851,386.747167293061,386.753265152536,386.737168501809,386.744890268792,386.753855190703,386.735420420534,386.737168501809,386.736139439777,386.737168501809,386.767705217964,386.756618014168,386.730578959585,386.766891981289,386.764901756586,386.705963346817,386.748314020037,386.744171521148,386.753544203135,386.719506933043,386.763849077817,386.748302262814
386.78798520568,386.717584051773,386.737205028895,386.768466162851,386.747167293061,386.753265152536,386.737168501809,386.744890268792,386.753855190703,386.735420420534,386.737168501809,386.736139439777,386.737168501809,386.767705217964,386.756618014168,386.730578959585,386.766891981289,386.764901756586,386.705963346817,386.748314020037,386.744171521148,386.753544203135,386.719506933043,386.763849077817,386.748302262814
386.78798520568,386.717584051773,386.737205028895,386.768466162851,386.747167293061,386.753265152536,386.737168501809,386.744890268792,386.753855190703,386.735420420534,386.737168501809,386.736139439777,386.737168501809,386.767705217964,386.756618014168,386.730578959585,386.766891981289,386.764901756586,386.705963346817,386.748314020037,386.744171521148,386.753544203135,386.719506933043,386.763849077817,386.748302262814
386.78798520568,386.717584051773,386.737205028895,386.768466162851,386.747167293061,386.753265152536,386.737168501809,386.744890268792,386.753855190703,386.735420420534,386.737168501809,386.736139439777,386.737168501809,386.767705217964,386.756618014168,386.730578959585,386.766891981289,386.764901756586,386.705963346817,386.748314020037,386.744171521148,386.753544203135,386.719506933043,386.763849077817,386.748302262814
386.78798520568,386.717584051773,386.737205028895,386.768466162851,386.747167293061,386.753265152536,386.737168501809,386.744890268792,386.753855190703,386.735420420534,386.737168501809,386.736139439777,386.737168501809,386.767705217964,386.756618014168,386.730578959585,386.766891981289,386.764901756586,386.705963346817,386.748314020037,386.744171521148,386.753544203135,386.719506933043,386.763849077817,386.748302262814
386.78798520568,386.717584051773,386.737205028895,386.768466162851,386.747167293061,386.753265152536,386.737168501809,386.744890268792,386.753855190703,386.735420420534,386.737168501809,386.736139439777,386.737168501809,386.767705217964,386.756618014168,386.730578959585,386.766891981289,386.764901756586,386.705963346817,386.748314020037,386.744171521148,386.753544203135,386.719506933043,386.763849077817,386.748302262814
386.78798520568,386.717584051773,386.737205028895,386.768466162851,386.747167293061,386.753265152536,386.737168501809,386.744890268792,386.753855190703,386.735420420534,386.737168501809,386.736139439777,386.737168501809,386.767705217964,386.756618014168,386.730578959585,386.766891981289,386.764901756586,386.705963346817,386.748314020037,386.744171521148,386.753544203135,386.719506933043,386.763849077817,386.748302262814
386.78798520568,386.717584051773,386.737205028895,386.768466162851,386.747167293061,386.753265152536,386.737168501809,386.744890268792,386.753855190703,386.735420420534,386.737168501809,386.736139439777,386.737168501809,386.767705217964,386.756618014168,386.730578959585,386.766891981289,386.764901756586,386.705963346817,386.748314020037,386.744171521148,386.753544203135,386.719506933043,386.763849077817,386.748302262814
386.78798520568,386.717584051773,386.737205028895,386.768466162851,386.747167293061,386.753265152536,386.737168501809,386.744890268792,386.753855190703,386.735420420534,386.737168501809,386.736139439777,386.737168501809,386.767705217964,386.756618014168,386.730578959585,386.766891981289,386.764901756586,386.705963346817,386.748314020037,386.744171521148,386.753544203135,386.719506933043,386.763849077817,386.748302262814
386.78798520568,386.717584051773,386.737205028895,386.768466162851,386.747167293061,386.753265152536,386.737168501809,386.744890268792,386.753855190703,386.735420420534,386.737168501809,386.736139439777,386.737168501809,386.767705217964,386.756618014168,386.730578959585,386.766891981289,386.764901756586,386.705963346817,386.748314020037,386.744171521148,386.753544203135,386.719506933043,386.763849077817,386.748302262814
386.78798520568,386.717584051773,386.737205028895,386.768466162851,386.747167293061,386.753265152536,386.737168501809,386.744890268792,386.753855190703,386.735420420534,386.737168501809,386.736139439777,386.737168501809,386.767705217964,386.756618014168,386.730578959585,386.766891981289,386.764901756586,386.705963346817,386.748314020037,386.744171521148,386.753544203135,386.719506933043,386.763849077817,386.748302262814
386.78798520568,386.717584051773,386.737205028895,386.768466162851,386.747167293061,386.753265152536,386.737168501809,386.744890268792,386.753855190703,386.735420420534,386.737168501809,386.736139439777,386.737168501809,386.767705217964,386.756618014168,386.730578959585,386.766891981289,386.764901756586,386.705963346817,386.748314020037,386.744171521148,386.753544203135,386.719506933043,386.763849077817,386.748302262814
386.78798520568,386.717584051773,386.737205028895,386.768466162851,386.747167293061,386.753265152536,386.737168501809,386.744890268792,386.753855190703,386.735420420534,386.737168501809,386.736139439777,386.737168501809,386.767705217964,386.756618014168,386.730578959585,386.766891981289,386.764901756586,386.705963346817,386.748314020037,386.744171521148,386.753544203135,386.719506933043,386.763849077817,386.748302262814
386.78798520568,386.717584051773,386.737205028895,386.768466162851,386.747167293061,386.753265152536,386.737168501809,386.744890268792,386.753855190703,386.735420420534,386.737168501809,386.736139439777,386.737168501809,386.767705217964,386.756618014168,386.730578959585,386.766891981289,386.764901756586,386.705963346817,386.748314020037,386.744171521148,386.753544203135,386.719506933043,386.763849077817,386.748302262814
386.78798520568,386.717584051773,386.737205028895,386.768466162851,386.747167293061,386.753265152536,386.737168501809,386.744890268792,386.753855190703,386.735420420534,386.737168501809,386.736139439777,386.737168501809,386.767705217964,386.756618014168,386.730578959585,386.766891981289,386.764901756586,386.705963346817,386.748314020037,386.744171521148,386.753544203135,386.719506933043,386.763849077817,386.748302262814
386.78798520568,386.717584051773,386.737205028895,386.768466162851,386.747167293061,386.753265152536,386.737168501809,386.744890268792,386.753855190703,386.735420420534,386.737168501809,386.736139439777,386.737168501809,386.767705217964,386.756618014168,386.730578959585,386.766891981289,386.764901756586,386.705963346817,386.748314020037,386.744171521148,386.753544203135,386.719506933043,386.763849077817,386.748302262814
386.78798520568,386.717584051773,386.737205028895,386.768466162851,386.747167293061,386.753265152536,386.737168501809,386.744890268792,386.753855190703,386.735420420534,386.737168501809,386.736139439777,386.737168501809,386.767705217964,386.756618014168,386.730578959585,386.766891981289,386.764901756586,386.705963346817,386.748314020037,386.744171521148,386.753544203135,386.719506933043,386.763849077817,386.748302262814
386.78798520568,386.717584051773,386.737205028895,386.768466162851,386.747167293061,386.753265152536,386.737168501809,386.744890268792,386.753855190703,386.735420420534,386.737168501809,386.736139439777,386.737168501809,386.767705217964,386.756618014168,386.730578959585,386.766891981289,386.764901756586,386.705963346817,386.748314020037,386.744171521148,386.753544203135,386.719506933043,386.763849077817,386.748302262814
386.78798520568,386.717584051773,386.737205028895,386.768466162851,386.747167293061,386.753265152536,386.737168501809,386.744890268792,386.753855190703,386.735420420534,386.737168501809,386.736139439777,386.737168501809,386.767705217964,386.756618014168,386.730578959585,386.766891981289,386.764901756586,386.705963346817,386.748314020037,386.744171521148,386.753544203135,386.719506933043,386.763849077817,386.748302262814
386.78798520568,386.717584051773,386.737205028895,386.768466162851,386.747167293061,386.753265152536,386.737168501809,386.744890268792,386.753855190703,386.735420420534,386.737168501809,386.736139439777,386.737168501809,386.767705217964,386.756618014168,386.730578959585,386.766891981289,386.764901756586,386.705963346817,386.748314020037,386.744171521148,386.753544203135,386.719506933043,386.763849077817,386.748302262814
386.78798520568,386.717584051773,386.737205028895,386.768466162851,386.747167293061,386.753265152536,386.737168501809,386.744890268792,386.753855190703,386.735420420534,386.737168501809,386.736139439777,386.737168501809,386.767705217964,386.756618014168,386.730578959585,386.766891981289,386.764901756586,386.705963346817,386.748314020037,386.744171521148,386.753544203135,386.719506933043,386.763849077817,386.748302262814
386.78798520568,386.717584051773,386.737205028895,386.768466162851,386.747167293061,386.753265152536,386.737168501809,386.744890268792,386.753855190703,386.735420420534,386.737168501809,386.736139439777,386.737168501809,386.767705217964,386.756618014168,386.730578959585,386.766891981289,386.764901756586,386.705963346817,386.748314020037,386.744171521148,386.753544203135,386.719506933043,386.763849077817,386.748302262814
386.78798520568,386.717584051773,386.737205028895,386.768466162851,386.747167293061,386.753265152536,386.737168501809,386.744890268792,386.753855190703,386.735420420534,386.737168501809,386.736139439777,386.737168501809,386.767705217964,386.756618014168,386.730578959585,386.766891981289,386.764901756586,386.705963346817,386.748314020037,386.744171521148,386.753544203135,386.719506933043,386.763849077817,386.748302262814
386.78798520568,386.717584051773,386.737205028895,386.768466162851,386.747167293061,386.753265152536,386.737168501809,386.744890268792,386.753855190703,386.735420420534,386.737168501809,386.736139439777,386.737168501809,386.767705217964,386.756618014168,386.730578959585,386.766891981289,386.764901756586,386.705963346817,386.748314020037,386.744171521148,386.753544203135,386.719506933043,386.763849077817,386.748302262814
386.78798520568,386.717584051773,386.737205028895,386.768466162851,386.747167293061,386.753265152536,386.737168501809,386.744890268792,386.753855190703,386.735420420534,386.737168501809,386.736139439777,386.737168501809,386.767705217964,386.756618014168,386.730578959585,386.766891981289,386.764901756586,386.705963346817,386.748314020037,386.744171521148,386.753544203135,386.719506933043,386.763849077817,386.748302262814
386.78798520568,386.717584051773,386.737205028895,386.768466162851,386.747167293061,386.753265152536,386.737168501809,386.744890268792,386.753855190703,386.735420420534,386.737168501809,386.736139439777,386.737168501809,386.767705217964,386.756618014168,386.730578959585,386.766891981289,386.764901756586,386.705963346817,386.748314020037,386.744171521148,386.753544203135,386.719506933043,386.763849077817,386.748302262814
386.78798520568,386.717584051773,386.737205028895,386.768466162851,386.747167293061,386.753265152536,386.737168501809,386.744890268792,386.753855190703,386.735420420534,386.737168501809,386.736139439777,386.737168501809,386.767705217964,386.756618014168,386.730578959585,386.766891981289,386.764901756586,386.705963346817,386.748314020037,386.744171521148,386.753544203135,386.719506933043,386.763849077817,386.748302262814
386.78798520568,386.717584051773,386.737205028895,386.768466162851,386.747167293061,386.753265152536,386.737168501809,386.744890268792,386.753855190703,386.735420420534,386.737168501809,386.736139439777,386.737168501809,386.767705217964,386.756618014168,386.730578959585,386.766891981289,386.764901756586,386.705963346817,386.748314020037,386.744171521148,386.753544203135,386.719506933043,386.763849077817,386.748302262814
386.78798520568,386.717584051773,386.737205028895,386.768466162851,386.747167293061,386.753265152536,386.737168501809,386.744890268792,386.753855190703,386.735420420534,386.737168501809,386.736139439777,386.737168501809,386.767705217964,386.756618014168,386.730578959585,386.766891981289,386.764901756586,386.705963346817,386.748314020037,386.744171521148,386.753544203135,386.719506933043,386.763849077817,386.748302262814
386.78798520568,386.717584051773,386.737205028895,386.768466162851,386.747167293061,386.753265152536,386.737168501809,386.744890268792,386.753855190703,386.735420420534,386.737168501809,386.736139439777,386.737168501809,386.767705217964,386.756618014168,386.730578959585,386.766891981289,386.764901756586,386.705963346817,386.748314020037,386.744171521148,386.753544203135,386.719506933043,386.763849077817,386.748302262814
386.78798520568,386.717584051773,386.737205028895,386.768466162851,386.747167293061,386.753265152536,386.737168501809,386.744890268792,386.753855190703,386.735420420534,386.737168501809,386.736139439777,386.737168501809,386.767705217964,386.756618014168,386.730578959585,386.766891981289,386.764901756586,386.705963346817,386.748314020037,386.744171521148,386.753544203135,386.719506933043,386.763849077817,386.748302262814
386.78798520568,386.717584051773,386.737205028895,386.768466162851,386.747167293061,386.753265152536,386.737168501809,386.744890268792,386.753855190703,386.735420420534,386.737168501809,386.736139439777,386.737168501809,386.767705217964,386.756618014168,386.730578959585,386.766891981289,386.764901756586,386.705963346817,386.748314020037,386.744171521148,386.753544203135,386.719506933043,386.763849077817,386.748302262814
386.78798520568,386.717584051773,386.737205028895,386.768466162851,386.747167293061,386.753265152536,386.737168501809,386.744890268792,386.753855190703,386.735420420534,386.737168501809,386.736139439777,386.737168501809,386.767705217964,386.756618014168,386.730578959585,386.766891981289,386.764901756586,386.705963346817,386.748314020037,386.744171521148,386.753544203135,386.719506933043,386.763849077817,386.748302262814
386.78798520568,386.717584051773,386.737205028895,386.768466162851,386.747167293061,386.753265152536,386.737168501809,386.744890268792,386.753855190703,386.735420420534,386.737168501809,386.736139439777,386.737168501809,386.767705217964,386.756618014168,386.730578959585,386.766891981289,386.764901756586,386.705963346817,386.748314020037,386.744171521148,386.753544203135,386.719506933043,386.763849077817,386.748302262814
386.78798520568,386.717584051773,386.737205028895,386.768466162851,386.747167293061,386.753265152536,386.737168501809,386.744890268792,386.753855190703,386.735420420534,386.737168501809,386.736139439777,386.737168501809,386.767705217964,386.756618014168,386.730578959585,386.766891981289,386.764901756586,386.705963346817,386.748314020037,386.744171521148,386.753544203135,386.719506933043,386.763849077817,386.748302262814
386.78798520568,386.717584051773,386.737205028895,386.768466162851,386.747167293061,386.753265152536,386.737168501809,386.744890268792,386.753855190703,386.735420420534,386.737168501809,386.736139439777,386.737168501809,386.767705217964,386.756618014168,386.730578959585,386.766891981289,386.764901756586,386.705963346817,386.748314020037,386.744171521148,386.753544203135,386.719506933043,386.763849077817,386.748302262814
386.78798520568,386.717584051773,386.737205028895,386.768466162851,386.747167293061,386.753265152536,386.737168501809,386.744890268792,386.753855190703,386.735420420534,386.737168501809,386.736139439777,386.737168501809,386.767705217964,386.756618014168,386.730578959585,386.766891981289,386.764901756586,386.705963346817,386.748314020037,386.744171521148,386.753544203135,386.719506933043,386.763849077817,386.748302262814
386.78798520568,386.717584051773,386.737205028895,386.768466162851,386.747167293061,386.753265152536,386.737168501809,386.744890268792,386.753855190703,386.735420420534,386.737168501809,386.736139439777,386.737168501809,386.767705217964,386.756618014168,386.730578959585,386.766891981289,386.764901756586,386.705963346817,386.748314020037,386.744171521148,386.753544203135,386.719506933043,386.763849077817,386.748302262814
386.78798520568,386.717584051773,386.737205028895,386.768466162851,386.747167293061,386.753265152536,386.737168501809,386.744890268792,386.753855190703,386.735420420534,386.737168501809,386.736139439777,386.737168501809,386.767705217964,386.756618014168,386.730578959585,386.766891981289,386.764901756586,386.705963346817,386.748314020037,386.744171521148,386.753544203135,386.719506933043,386.763849077817,386.748302262814
386.78798520568,386.717584051773,386.737205028895,386.768466162851,386.747167293061,386.753265152536,386.737168501809,386.744890268792,386.753855190703,386.735420420534,386.737168501809,386.736139439777,386.737168501809,386.767705217964,386.756618014168,386.730578959585,386.766891981289,386.764901756586,386.705963346817,386.748314020037,386.744171521148,386.753544203135,386.719506933043,386.763849077817,386.748302262814
386.78798520568,386.717584051773,386.737205028895,386.768466162851,386.747167293061,386.753265152536,386.737168501809,386.744890268792,386.753855190703,386.735420420534,386.737168501809,386.736139439777,386.737168501809,386.767705217964,386.756618014168,386.730578959585,386.766891981289,386.764901756586,386.705963346817,386.748314020037,386.744171521148,386.753544203135,386.719506933043,386.763849077817,386.748302262814
386.78798520568,386.717584051773,386.737205028895,386.768466162851,386.747167293061,386.753265152536,386.737168501809,386.744890268792,386.753855190703,386.735420420534,386.737168501809,386.736139439777,386.737168501809,386.767705217964,386.756618014168,386.730578959585,386.766891981289,386.764901756586,386.705963346817,386.748314020037,386.744171521148,386.753544203135,386.719506933043,386.763849077817,386.748302262814
386.78798520568,386.717584051773,386.737205028895,386.768466162851,386.747167293061,386.753265152536,386.737168501809,386.744890268792,386.753855190703,386.735420420534,386.737168501809,386.736139439777,386.737168501809,386.767705217964,386.756618014168,386.730578959585,386.766891981289,386.764901756586,386.705963346817,386.748314020037,386.744171521148,386.753544203135,386.719506933043,386.763849077817,386.748302262814
386.78798520568,386.717584051773,386.737205028895,386.768466162851,386.747167293061,386.753265152536,386.737168501809,386.744890268792,386.753855190703,386.735420420534,386.737168501809,386.736139439777,386.737168501809,386.767705217964,386.756618014168,386.730578959585,386.766891981289,386.764901756586,386.705963346817,386.748314020037,386.744171521148,386.753544203135,386.719506933043,386.763849077817,386.748302262814
386.78798520568,386.717584051773,386.737205028895,386.768466162851,386.747167293061,386.753265152536,386.737168501809,386.744890268792,386.753855190703,386.735420420534,386.737168501809,386.736139439777,386.737168501809,386.767705217964,386.756618014168,386.730578959585,386.766891981289,386.764901756586,386.705963346817,386.748314020037,386.744171521148,386.753544203135,386.719506933043,386.763849077817,386.748302262814
386.78798520568,386.717584051773,386.737205028895,386.768466162851,386.747167293061,386.753265152536,386.737168501809,386.744890268792,386.753855190703,386.735420420534,386.737168501809,386.736139439777,386.737168501809,386.767705217964,386.756618014168,386.730578959585,386.766891981289,386.764901756586,386.705963346817,386.748314020037,386.744171521148,386.753544203135,386.719506933043,386.763849077817,386.748302262814
386.78798520568,386.717584051773,386.737205028895,386.768466162851,386.747167293061,386.753265152536,386.737168501809,386.744890268792,386.753855190703,386.735420420534,386.737168501809,386.736139439777,386.737168501809,386.767705217964,386.756618014168,386.730578959585,386.766891981289,386.764901756586,386.705963346817,386.748314020037,386.744171521148,386.753544203135,386.719506933043,386.763849077817,386.748302262814
386.78798520568,386.717584051773,386.737205028895,386.768466162851,386.747167293061,386.753265152536,386.737168501809,386.744890268792,386.753855190703,386.735420420534,386.737168501809,386.736139439777,386.737168501809,386.767705217964,386.756618014168,386.730578959585,386.766891981289,386.764901756586,386.705963346817,386.748314020037,386.744171521148,386.753544203135,386.719506933043,386.763849077817,386.748302262814
386.78798520568,386.717584051773,386.737205028895,386.768466162851,386.747167293061,386.753265152536,386.737168501809,386.744890268792,386.753855190703,386.735420420534,386.737168501809,386.736139439777,386.737168501809,386.767705217964,386.756618014168,386.730578959585,386.766891981289,386.764901756586,386.705963346817,386.748314020037,386.744171521148,386.753544203135,386.719506933043,386.763849077817,386.748302262814
386.78798520568,386.717584051773,386.737205028895,386.768466162851,386.747167293061,386.753265152536,386.737168501809,386.744890268792,386.753855190703,386.735420420534,386.737168501809,386.736139439777,386.737168501809,386.767705217964,386.756618014168,386.730578959585,386.766891981289,386.764901756586,386.705963346817,386.748314020037,386.744171521148,386.753544203135,386.719506933043,386.763849077817,386.748302262814
386.78798520568,386.717584051773,386.737205028895,386.768466162851,386.747167293061,386.753265152536,386.737168501809,386.744890268792,386.753855190703,386.735420420534,386.737168501809,386.736139439777,386.737168501809,386.767705217964,386.756618014168,386.730578959585,386.766891981289,386.764901756586,386.705963346817,386.748314020037,386.744171521148,386.753544203135,386.719506933043,386.763849077817,386.748302262814
386.78798520568,386.717584051773,386.737205028895,386.768466162851,386.747167293061,386.753265152536,386.737168501809,386.744890268792,386.753855190703,386.735420420534,386.737168501809,386.736139439777,386.737168501809,386.767705217964,386.756618014168,386.730578959585,386.766891981289,386.764901756586,386.705963346817,386.748314020037,386.744171521148,386.753544203135,386.719506933043,386.763849077817,386.748302262814
386.78798520568,386.717584051773,386.737205028895,386.768466162851,386.747167293061,386.753265152536,386.737168501809,386.744890268792,386.753855190703,386.735420420534,386.737168501809,386.736139439777,386.737168501809,386.767705217964,386.756618014168,386.730578959585,386.766891981289,386.764901756586,386.705963346817,386.748314020037,386.744171521148,386.753544203135,386.719506933043,386.763849077817,386.748302262814
386.78798520568,386.717584051773,386.737205028895,386.768466162851,386.747167293061,386.753265152536,386.737168501809,386.744890268792,386.753855190703,386.735420420534,386.737168501809,386.736139439777,386.737168501809,386.767705217964,386.756618014168,386.730578959585,386.766891981289,386.764901756586,386.705963346817,386.748314020037,386.744171521148,386.753544203135,386.719506933043,386.763849077817,386.748302262814
386.78798520568,386.717584051773,386.737205028895,386.768466162851,386.747167293061,386.753265152536,386.737168501809,386.744890268792,386.753855190703,386.735420420534,386.737168501809,386.736139439777,386.737168501809,386.767705217964,386.756618014168,386.730578959585,386.766891981289,386.764901756586,386.705963346817,386.748314020037,386.744171521148,386.753544203135,386.719506933043,386.763849077817,386.748302262814
386.78798520568,386.717584051773,386.737205028895,386.768466162851,386.747167293061,386.753265152536,386.737168501809,386.744890268792,386.753855190703,386.735420420534,386.737168501809,386.736139439777,386.737168501809,386.767705217964,386.756618014168,386.730578959585,386.766891981289,386.764901756586,386.705963346817,386.748314020037,386.744171521148,386.753544203135,386.719506933043,386.763849077817,386.748302262814
386.78798520568,386.717584051773,386.737205028895,386.768466162851,386.747167293061,386.753265152536,386.737168501809,386.744890268792,386.753855190703,386.735420420534,386.737168501809,386.736139439777,386.737168501809,386.767705217964,386.756618014168,386.730578959585,386.766891981289,386.764901756586,386.705963346817,386.748314020037,386.744171521148,386.753544203135,386.719506933043,386.763849077817,386.748302262814
386.78798520568,386.717584051773,386.737205028895,386.768466162851,386.747167293061,386.753265152536,386.737168501809,386.744890268792,386.753855190703,386.735420420534,386.737168501809,386.736139439777,386.737168501809,386.767705217964,386.756618014168,386.730578959585,386.766891981289,386.764901756586,386.705963346817,386.748314020037,386.744171521148,386.753544203135,386.719506933043,386.763849077817,386.748302262814
386.78798520568,386.717584051773,386.737205028895,386.768466162851,386.747167293061,386.753265152536,386.737168501809,386.744890268792,386.753855190703,386.735420420534,386.737168501809,386.736139439777,386.737168501809,386.767705217964,386.756618014168,386.730578959585,386.766891981289,386.764901756586,386.705963346817,386.748314020037,386.744171521148,386.753544203135,386.719506933043,386.763849077817,386.748302262814
386.78798520568,386.717584051773,386.737205028895,386.768466162851,386.747167293061,386.753265152536,386.737168501809,386.744890268792,386.753855190703,386.735420420534,386.737168501809,386.736139439777,386.737168501809,386.767705217964,386.756618014168,386.730578959585,386.766891981289,386.764901756586,386.705963346817,386.748314020037,386.744171521148,386.753544203135,386.719506933043,386.763849077817,386.748302262814
386.78798520568,386.717584051773,386.737205028895,386.768466162851,386.747167293061,386.753265152536,386.737168501809,386.744890268792,386.753855190703,386.735420420534,386.737168501809,386.736139439777,386.737168501809,386.767705217964,386.756618014168,386.730578959585,386.766891981289,386.764901756586,386.705963346817,386.748314020037,386.744171521148,386.753544203135,386.719506933043,386.763849077817,386.748302262814
386.78798520568,386.717584051773,386.737205028895,386.768466162851,386.747167293061,386.753265152536,386.737168501809,386.744890268792,386.753855190703,386.735420420534,386.737168501809,386.736139439777,386.737168501809,386.767705217964,386.756618014168,386.730578959585,386.766891981289,386.764901756586,386.705963346817,386.748314020037,386.744171521148,386.753544203135,386.719506933043,386.763849077817,386.748302262814
386.78798520568,386.717584051773,386.737205028895,386.768466162851,386.747167293061,386.753265152536,386.737168501809,386.744890268792,386.753855190703,386.735420420534,386.737168501809,386.736139439777,386.737168501809,386.767705217964,386.756618014168,386.730578959585,386.766891981289,386.764901756586,386.705963346817,386.748314020037,386.744171521148,386.753544203135,386.719506933043,386.763849077817,386.748302262814
386.78798520568,386.717584051773,386.737205028895,386.768466162851,386.747167293061,386.753265152536,386.737168501809,386.744890268792,386.753855190703,386.735420420534,386.737168501809,386.736139439777,386.737168501809,386.767705217964,386.756618014168,386.730578959585,386.766891981289,386.764901756586,386.705963346817,386.748314020037,386.744171521148,386.753544203135,386.719506933043,386.763849077817,386.748302262814
386.78798520568,386.717584051773,386.737205028895,386.768466162851,386.747167293061,386.753265152536,386.737168501809,386.744890268792,386.753855190703,386.735420420534,386.737168501809,386.736139439777,386.737168501809,386.767705217964,386.756618014168,386.730578959585,386.766891981289,386.764901756586,386.705963346817,386.748314020037,386.744171521148,386.753544203135,386.719506933043,386.763849077817,386.748302262814
386.78798520568,386.717584051773,386.737205028895,386.768466162851,386.747167293061,386.753265152536,386.737168501809,386.744890268792,386.753855190703,386.735420420534,386.737168501809,386.736139439777,386.737168501809,386.767705217964,386.756618014168,386.730578959585,386.766891981289,386.764901756586,386.705963346817,386.748314020037,386.744171521148,386.753544203135,386.719506933043,386.763849077817,386.748302262814
386.78798520568,386.717584051773,386.737205028895,386.768466162851,386.747167293061,386.753265152536,386.737168501809,386.744890268792,386.753855190703,386.735420420534,386.737168501809,386.736139439777,386.737168501809,386.767705217964,386.756618014168,386.730578959585,386.766891981289,386.764901756586,386.705963346817,386.748314020037,386.744171521148,386.753544203135,386.719506933043,386.763849077817,386.748302262814
386.78798520568,386.717584051773,386.737205028895,386.768466162851,386.747167293061,386.753265152536,386.737168501809,386.744890268792,386.753855190703,386.735420420534,386.737168501809,386.736139439777,386.737168501809,386.767705217964,386.756618014168,386.730578959585,386.766891981289,386.764901756586,386.705963346817,386.748314020037,386.744171521148,386.753544203135,386.719506933043,386.763849077817,386.748302262814
386.78798520568,386.717584051773,386.737205028895,386.768466162851,386.747167293061,386.753265152536,386.737168501809,386.744890268792,386.753855190703,386.735420420534,386.737168501809,386.736139439777,386.737168501809,386.767705217964,386.756618014168,386.730578959585,386.766891981289,386.764901756586,386.705963346817,386.748314020037,386.744171521148,386.753544203135,386.719506933043,386.763849077817,386.748302262814
386.78798520568,386.717584051773,386.737205028895,386.768466162851,386.747167293061,386.753265152536,386.737168501809,386.744890268792,386.753855190703,386.735420420534,386.737168501809,386.736139439777,386.737168501809,386.767705217964,386.756618014168,386.730578959585,386.766891981289,386.764901756586,386.705963346817,386.748314020037,386.744171521148,386.753544203135,386.719506933043,386.763849077817,386.748302262814
386.78798520568,386.717584051773,386.737205028895,386.768466162851,386.747167293061,386.753265152536,386.737168501809,386.744890268792,386.753855190703,386.735420420534,386.737168501809,386.736139439777,386.737168501809,386.767705217964,386.756618014168,386.730578959585,386.766891981289,386.764901756586,386.705963346817,386.748314020037,386.744171521148,386.753544203135,386.719506933043,386.763849077817,386.748302262814
386.78798520568,386.717584051773,386.737205028895,386.768466162851,386.747167293061,386.753265152536,386.737168501809,386.744890268792,386.753855190703,386.735420420534,386.737168501809,386.736139439777,386.737168501809,386.767705217964,386.756618014168,386.730578959585,386.766891981289,386.764901756586,386.705963346817,386.748314020037,386.744171521148,386.753544203135,386.719506933043,386.763849077817,386.748302262814
386.78798520568,386.717584051773,386.737205028895,386.768466162851,386.747167293061,386.753265152536,386.737168501809,386.744890268792,386.753855190703,386.735420420534,386.737168501809,386.736139439777,386.737168501809,386.767705217964,386.756618014168,386.730578959585,386.766891981289,386.764901756586,386.705963346817,386.748314020037,386.744171521148,386.753544203135,386.719506933043,386.763849077817,386.748302262814
386.78798520568,386.717584051773,386.737205028895,386.768466162851,386.747167293061,386.753265152536,386.737168501809,386.744890268792,386.753855190703,386.735420420534,386.737168501809,386.736139439777,386.737168501809,386.767705217964,386.756618014168,386.730578959585,386.766891981289,386.764901756586,386.705963346817,386.748314020037,386.744171521148,386.753544203135,386.719506933043,386.763849077817,386.748302262814
386.78798520568,386.717584051773,386.737205028895,386.768466162851,386.747167293061,386.753265152536,386.737168501809,386.744890268792,386.753855190703,386.735420420534,386.737168501809,386.736139439777,386.737168501809,386.767705217964,386.756618014168,386.730578959585,386.766891981289,386.764901756586,386.705963346817,386.748314020037,386.744171521148,386.753544203135,386.719506933043,386.763849077817,386.748302262814
386.78798520568,386.717584051773,386.737205028895,386.768466162851,386.747167293061,386.753265152536,386.737168501809,386.744890268792,386.753855190703,386.735420420534,386.737168501809,386.736139439777,386.737168501809,386.767705217964,386.756618014168,386.730578959585,386.766891981289,386.764901756586,386.705963346817,386.748314020037,386.744171521148,386.753544203135,386.719506933043,386.763849077817,386.748302262814
386.78798520568,386.717584051773,386.737205028895,386.768466162851,386.747167293061,386.753265152536,386.737168501809,386.744890268792,386.753855190703,386.735420420534,386.737168501809,386.736139439777,386.737168501809,386.767705217964,386.756618014168,386.730578959585,386.766891981289,386.764901756586,386.705963346817,386.748314020037,386.744171521148,386.753544203135,386.719506933043,386.763849077817,386.748302262814
386.78798520568,386.717584051773,386.737205028895,386.768466162851,386.747167293061,386.753265152536,386.737168501809,386.744890268792,386.753855190703,386.735420420534,386.737168501809,386.736139439777,386.737168501809,386.767705217964,386.756618014168,386.730578959585,386.766891981289,386.764901756586,386.705963346817,386.748314020037,386.744171521148,386.753544203135,386.719506933043,386.763849077817,386.748302262814
386.78798520568,386.717584051773,386.737205028895,386.768466162851,386.747167293061,386.753265152536,386.737168501809,386.744890268792,386.753855190703,386.735420420534,386.737168501809,386.736139439777,386.737168501809,386.767705217964,386.756618014168,386.730578959585,386.766891981289,386.764901756586,386.705963346817,386.748314020037,386.744171521148,386.753544203135,386.719506933043,386.763849077817,386.748302262814
386.78798520568,386.717584051773,386.737205028895,386.768466162851,386.747167293061,386.753265152536,386.737168501809,386.744890268792,386.753855190703,386.735420420534,386.737168501809,386.736139439777,386.737168501809,386.767705217964,386.756618014168,386.730578959585,386.766891981289,386.764901756586,386.705963346817,386.748314020037,386.744171521148,386.753544203135,386.719506933043,386.763849077817,386.748302262814
386.78798520568,386.717584051773,386.737205028895,386.768466162851,386.747167293061,386.753265152536,386.737168501809,386.744890268792,386.753855190703,386.735420420534,386.737168501809,386.736139439777,386.737168501809,386.767705217964,386.756618014168,386.730578959585,386.766891981289,386.764901756586,386.705963346817,386.748314020037,386.744171521148,386.753544203135,386.719506933043,386.763849077817,386.748302262814
386.78798520568,386.717584051773,386.737205028895,386.768466162851,386.747167293061,386.753265152536,386.737168501809,386.744890268792,386.753855190703,386.735420420534,386.737168501809,386.736139439777,386.737168501809,386.767705217964,386.756618014168,386.730578959585,386.766891981289,386.764901756586,386.705963346817,386.748314020037,386.744171521148,386.753544203135,386.719506933043,386.763849077817,386.748302262814
386.78798520568,386.717584051773,386.737205028895,386.768466162851,386.747167293061,386.753265152536,386.737168501809,386.744890268792,386.753855190703,386.735420420534,386.737168501809,386.736139439777,386.737168501809,386.767705217964,386.756618014168,386.730578959585,386.766891981289,386.764901756586,386.705963346817,386.748314020037,386.744171521148,386.753544203135,386.719506933043,386.763849077817,386.748302262814
386.78798520568,386.717584051773,386.737205028895,386.768466162851,386.747167293061,386.753265152536,386.737168501809,386.744890268792,386.753855190703,386.735420420534,386.737168501809,386.736139439777,386.737168501809,386.767705217964,386.756618014168,386.730578959585,386.766891981289,386.764901756586,386.705963346817,386.748314020037,386.744171521148,386.753544203135,386.719506933043,386.763849077817,386.748302262814
386.78798520568,386.717584051773,386.737205028895,386.768466162851,386.747167293061,386.753265152536,386.737168501809,386.744890268792,386.753855190703,386.735420420534,386.737168501809,386.736139439777,386.737168501809,386.767705217964,386.756618014168,386.730578959585,386.766891981289,386.764901756586,386.705963346817,386.748314020037,386.744171521148,386.753544203135,386.719506933043,386.763849077817,386.748302262814
386.78798520568,386.717584051773,386.737205028895,386.768466162851,386.747167293061,386.753265152536,386.737168501809,386.744890268792,386.753855190703,386.735420420534,386.737168501809,386.736139439777,386.737168501809,386.767705217964,386.756618014168,386.730578959585,386.766891981289,386.764901756586,386.705963346817,386.748314020037,386.744171521148,386.753544203135,386.719506933043,386.763849077817,386.748302262814
386.78798520568,386.717584051773,386.737205028895,386.768466162851,386.747167293061,386.753265152536,386.737168501809,386.744890268792,386.753855190703,386.735420420534,386.737168501809,386.736139439777,386.737168501809,386.767705217964,386.756618014168,386.730578959585,386.766891981289,386.764901756586,386.705963346817,386.748314020037,386.744171521148,386.753544203135,386.719506933043,386.763849077817,386.748302262814
386.78798520568,386.717584051773,386.737205028895,386.768466162851,386.747167293061,386.753265152536,386.737168501809,386.744890268792,386.753855190703,386.735420420534,386.737168501809,386.736139439777,386.737168501809,386.767705217964,386.756618014168,386.730578959585,386.766891981289,386.764901756586,386.705963346817,386.748314020037,386.744171521148,386.753544203135,386.719506933043,386.763849077817,386.748302262814
386.78798520568,386.717584051773,386.737205028895,386.768466162851,386.747167293061,386.753265152536,386.737168501809,386.744890268792,386.753855190703,386.735420420534,386.737168501809,386.736139439777,386.737168501809,386.767705217964,386.756618014168,386.730578959585,386.766891981289,386.764901756586,386.705963346817,386.748314020037,386.744171521148,386.753544203135,386.719506933043,386.763849077817,386.748302262814
386.78798520568,386.717584051773,386.737205028895,386.768466162851,386.747167293061,386.753265152536,386.737168501809,386.744890268792,386.753855190703,386.735420420534,386.737168501809,386.736139439777,386.737168501809,386.767705217964,386.756618014168,386.730578959585,386.766891981289,386.764901756586,386.705963346817,386.748314020037,386.744171521148,386.753544203135,386.719506933043,386.763849077817,386.748302262814
386.78798520568,386.717584051773,386.737205028895,386.768466162851,386.747167293061,386.753265152536,386.737168501809,386.744890268792,386.753855190703,386.735420420534,386.737168501809,386.736139439777,386.737168501809,386.767705217964,386.756618014168,386.730578959585,386.766891981289,386.764901756586,386.705963346817,386.748314020037,386.744171521148,386.753544203135,386.719506933043,386.763849077817,386.748302262814
386.78798520568,386.717584051773,386.737205028895,386.768466162851,386.747167293061,386.753265152536,386.737168501809,386.744890268792,386.753855190703,386.735420420534,386.737168501809,386.736139439777,386.737168501809,386.767705217964,386.756618014168,386.730578959585,386.766891981289,386.764901756586,386.705963346817,386.748314020037,386.744171521148,386.753544203135,386.719506933043,386.763849077817,386.748302262814
386.78798520568,386.717584051773,386.737205028895,386.768466162851,386.747167293061,386.753265152536,386.737168501809,386.744890268792,386.753855190703,386.735420420534,386.737168501809,386.736139439777,386.737168501809,386.767705217964,386.756618014168,386.730578959585,386.766891981289,386.764901756586,386.705963346817,386.748314020037,386.744171521148,386.753544203135,386.719506933043,386.763849077817,386.748302262814
386.78798520568,386.717584051773,386.737205028895,386.768466162851,386.747167293061,386.753265152536,386.737168501809,386.744890268792,386.753855190703,386.735420420534,386.737168501809,386.736139439777,386.737168501809,386.767705217964,386.756618014168,386.730578959585,386.766891981289,386.764901756586,386.705963346817,386.748314020037,386.744171521148,386.753544203135,386.719506933043,386.763849077817,386.748302262814
386.78798520568,386.717584051773,386.737205028895,386.768466162851,386.747167293061,386.753265152536,386.737168501809,386.744890268792,386.753855190703,386.735420420534,386.737168501809,386.736139439777,386.737168501809,386.767705217964,386.756618014168,386.730578959585,386.766891981289,386.764901756586,386.705963346817,386.748314020037,386.744171521148,386.753544203135,386.719506933043,386.763849077817,386.748302262814
386.78798520568,386.717584051773,386.737205028895,386.768466162851,386.747167293061,386.753265152536,386.737168501809,386.744890268792,386.753855190703,386.735420420534,386.737168501809,386.736139439777,386.737168501809,386.767705217964,386.756618014168,386.730578959585,386.766891981289,386.764901756586,386.705963346817,386.748314020037,386.744171521148,386.753544203135,386.719506933043,386.763849077817,386.748302262814
386.78798520568,386.717584051773,386.737205028895,386.768466162851,386.747167293061,386.753265152536,386.737168501809,386.744890268792,386.753855190703,386.735420420534,386.737168501809,386.736139439777,386.737168501809,386.767705217964,386.756618014168,386.730578959585,386.766891981289,386.764901756586,386.705963346817,386.748314020037,386.744171521148,386.753544203135,386.719506933043,386.763849077817,386.748302262814
386.78798520568,386.717584051773,386.737205028895,386.768466162851,386.747167293061,386.753265152536,386.737168501809,386.744890268792,386.753855190703,386.735420420534,386.737168501809,386.736139439777,386.737168501809,386.767705217964,386.756618014168,386.730578959585,386.766891981289,386.764901756586,386.705963346817,386.748314020037,386.744171521148,386.753544203135,386.719506933043,386.763849077817,386.748302262814
386.78798520568,386.717584051773,386.737205028895,386.768466162851,386.747167293061,386.753265152536,386.737168501809,386.744890268792,386.753855190703,386.735420420534,386.737168501809,386.736139439777,386.737168501809,386.767705217964,386.756618014168,386.730578959585,386.766891981289,386.764901756586,386.705963346817,386.748314020037,386.744171521148,386.753544203135,386.719506933043,386.763849077817,386.748302262814
386.78798520568,386.717584051773,386.737205028895,386.768466162851,386.747167293061,386.753265152536,386.737168501809,386.744890268792,386.753855190703,386.735420420534,386.737168501809,386.736139439777,386.737168501809,386.767705217964,386.756618014168,386.730578959585,386.766891981289,386.764901756586,386.705963346817,386.748314020037,386.744171521148,386.753544203135,386.719506933043,386.763849077817,386.748302262814
386.78798520568,386.717584051773,386.737205028895,386.768466162851,386.747167293061,386.753265152536,386.737168501809,386.744890268792,386.753855190703,386.735420420534,386.737168501809,386.736139439777,386.737168501809,386.767705217964,386.756618014168,386.730578959585,386.766891981289,386.764901756586,386.705963346817,386.748314020037,386.744171521148,386.753544203135,386.719506933043,386.763849077817,386.748302262814
386.78798520568,386.717584051773,386.737205028895,386.768466162851,386.747167293061,386.753265152536,386.737168501809,386.744890268792,386.753855190703,386.735420420534,386.737168501809,386.736139439777,386.737168501809,386.767705217964,386.756618014168,386.730578959585,386.766891981289,386.764901756586,386.705963346817,386.748314020037,386.744171521148,386.753544203135,386.719506933043,386.763849077817,386.748302262814
386.78798520568,386.717584051773,386.737205028895,386.768466162851,386.747167293061,386.753265152536,386.737168501809,386.744890268792,386.753855190703,386.735420420534,386.737168501809,386.736139439777,386.737168501809,386.767705217964,386.756618014168,386.730578959585,386.766891981289,386.764901756586,386.705963346817,386.748314020037,386.744171521148,386.753544203135,386.719506933043,386.763849077817,386.748302262814
386.78798520568,386.717584051773,386.737205028895,386.768466162851,386.747167293061,386.753265152536,386.737168501809,386.744890268792,386.753855190703,386.735420420534,386.737168501809,386.736139439777,386.737168501809,386.767705217964,386.756618014168,386.730578959585,386.766891981289,386.764901756586,386.705963346817,386.748314020037,386.744171521148,386.753544203135,386.719506933043,386.763849077817,386.748302262814
386.78798520568,386.717584051773,386.737205028895,386.768466162851,386.747167293061,386.753265152536,386.737168501809,386.744890268792,386.753855190703,386.735420420534,386.737168501809,386.736139439777,386.737168501809,386.767705217964,386.756618014168,386.730578959585,386.766891981289,386.764901756586,386.705963346817,386.748314020037,386.744171521148,386.753544203135,386.719506933043,386.763849077817,386.748302262814
386.78798520568,386.717584051773,386.737205028895,386.768466162851,386.747167293061,386.753265152536,386.737168501809,386.744890268792,386.753855190703,386.735420420534,386.737168501809,386.736139439777,386.737168501809,386.767705217964,386.756618014168,386.730578959585,386.766891981289,386.764901756586,386.705963346817,386.748314020037,386.744171521148,386.753544203135,386.719506933043,386.763849077817,386.748302262814
386.78798520568,386.717584051773,386.737205028895,386.768466162851,386.747167293061,386.753265152536,386.737168501809,386.744890268792,386.753855190703,386.735420420534,386.737168501809,386.736139439777,386.737168501809,386.767705217964,386.756618014168,386.730578959585,386.766891981289,386.764901756586,386.705963346817,386.748314020037,386.744171521148,386.753544203135,386.719506933043,386.763849077817,386.748302262814
386.78798520568,386.717584051773,386.737205028895,386.768466162851,386.747167293061,386.753265152536,386.737168501809,386.744890268792,386.753855190703,386.735420420534,386.737168501809,386.736139439777,386.737168501809,386.767705217964,386.756618014168,386.730578959585,386.766891981289,386.764901756586,386.705963346817,386.748314020037,386.744171521148,386.753544203135,386.719506933043,386.763849077817,386.748302262814
386.78798520568,386.717584051773,386.737205028895,386.768466162851,386.747167293061,386.753265152536,386.737168501809,386.744890268792,386.753855190703,386.735420420534,386.737168501809,386.736139439777,386.737168501809,386.767705217964,386.756618014168,386.730578959585,386.766891981289,386.764901756586,386.705963346817,386.748314020037,386.744171521148,386.753544203135,386.719506933043,386.763849077817,386.748302262814
386.78798520568,386.717584051773,386.737205028895,386.768466162851,386.747167293061,386.753265152536,386.737168501809,386.744890268792,386.753855190703,386.735420420534,386.737168501809,386.736139439777,386.737168501809,386.767705217964,386.756618014168,386.730578959585,386.766891981289,386.764901756586,386.705963346817,386.748314020037,386.744171521148,386.753544203135,386.719506933043,386.763849077817,386.748302262814
386.78798520568,386.717584051773,386.737205028895,386.768466162851,386.747167293061,386.753265152536,386.737168501809,386.744890268792,386.753855190703,386.735420420534,386.737168501809,386.736139439777,386.737168501809,386.767705217964,386.756618014168,386.730578959585,386.766891981289,386.764901756586,386.705963346817,386.748314020037,386.744171521148,386.753544203135,386.719506933043,386.763849077817,386.748302262814
386.78798520568,386.717584051773,386.737205028895,386.768466162851,386.747167293061,386.753265152536,386.737168501809,386.744890268792,386.753855190703,386.735420420534,386.737168501809,386.736139439777,386.737168501809,386.767705217964,386.756618014168,386.730578959585,386.766891981289,386.764901756586,386.705963346817,386.748314020037,386.744171521148,386.753544203135,386.719506933043,386.763849077817,386.748302262814
386.78798520568,386.717584051773,386.737205028895,386.768466162851,386.747167293061,386.753265152536,386.737168501809,386.744890268792,386.753855190703,386.735420420534,386.737168501809,386.736139439777,386.737168501809,386.767705217964,386.756618014168,386.730578959585,386.766891981289,386.764901756586,386.705963346817,386.748314020037,386.744171521148,386.753544203135,386.719506933043,386.763849077817,386.748302262814
386.78798520568,386.717584051773,386.737205028895,386.768466162851,386.747167293061,386.753265152536,386.737168501809,386.744890268792,386.753855190703,386.735420420534,386.737168501809,386.736139439777,386.737168501809,386.767705217964,386.756618014168,386.730578959585,386.766891981289,386.764901756586,386.705963346817,386.748314020037,386.744171521148,386.753544203135,386.719506933043,386.763849077817,386.748302262814
386.78798520568,386.717584051773,386.737205028895,386.768466162851,386.747167293061,386.753265152536,386.737168501809,386.744890268792,386.753855190703,386.735420420534,386.737168501809,386.736139439777,386.737168501809,386.767705217964,386.756618014168,386.730578959585,386.766891981289,386.764901756586,386.705963346817,386.748314020037,386.744171521148,386.753544203135,386.719506933043,386.763849077817,386.748302262814
386.78798520568,386.717584051773,386.737205028895,386.768466162851,386.747167293061,386.753265152536,386.737168501809,386.744890268792,386.753855190703,386.735420420534,386.737168501809,386.736139439777,386.737168501809,386.767705217964,386.756618014168,386.730578959585,386.766891981289,386.764901756586,386.705963346817,386.748314020037,386.744171521148,386.753544203135,386.719506933043,386.763849077817,386.748302262814
386.78798520568,386.717584051773,386.737205028895,386.768466162851,386.747167293061,386.753265152536,386.737168501809,386.744890268792,386.753855190703,386.735420420534,386.737168501809,386.736139439777,386.737168501809,386.767705217964,386.756618014168,386.730578959585,386.766891981289,386.764901756586,386.705963346817,386.748314020037,386.744171521148,386.753544203135,386.719506933043,386.763849077817,386.748302262814
386.78798520568,386.717584051773,386.737205028895,386.768466162851,386.747167293061,386.753265152536,386.737168501809,386.744890268792,386.753855190703,386.735420420534,386.737168501809,386.736139439777,386.737168501809,386.767705217964,386.756618014168,386.730578959585,386.766891981289,386.764901756586,386.705963346817,386.748314020037,386.744171521148,386.753544203135,386.719506933043,386.763849077817,386.748302262814
386.78798520568,386.717584051773,386.737205028895,386.768466162851,386.747167293061,386.753265152536,386.737168501809,386.744890268792,386.753855190703,386.735420420534,386.737168501809,386.736139439777,386.737168501809,386.767705217964,386.756618014168,386.730578959585,386.766891981289,386.764901756586,386.705963346817,386.748314020037,386.744171521148,386.753544203135,386.719506933043,386.763849077817,386.748302262814
386.78798520568,386.717584051773,386.737205028895,386.768466162851,386.747167293061,386.753265152536,386.737168501809,386.744890268792,386.753855190703,386.735420420534,386.737168501809,386.736139439777,386.737168501809,386.767705217964,386.756618014168,386.730578959585,386.766891981289,386.764901756586,386.705963346817,386.748314020037,386.744171521148,386.753544203135,386.719506933043,386.763849077817,386.748302262814
386.78798520568,386.717584051773,386.737205028895,386.768466162851,386.747167293061,386.753265152536,386.737168501809,386.744890268792,386.753855190703,386.735420420534,386.737168501809,386.736139439777,386.737168501809,386.767705217964,386.756618014168,386.730578959585,386.766891981289,386.764901756586,386.705963346817,386.748314020037,386.744171521148,386.753544203135,386.719506933043,386.763849077817,386.748302262814
386.78798520568,386.717584051773,386.737205028895,386.768466162851,386.747167293061,386.753265152536,386.737168501809,386.744890268792,386.753855190703,386.735420420534,386.737168501809,386.736139439777,386.737168501809,386.767705217964,386.756618014168,386.730578959585,386.766891981289,386.764901756586,386.705963346817,386.748314020037,386.744171521148,386.753544203135,386.719506933043,386.763849077817,386.748302262814
386.78798520568,386.717584051773,386.737205028895,386.768466162851,386.747167293061,386.753265152536,386.737168501809,386.744890268792,386.753855190703,386.735420420534,386.737168501809,386.736139439777,386.737168501809,386.767705217964,386.756618014168,386.730578959585,386.766891981289,386.764901756586,386.705963346817,386.748314020037,386.744171521148,386.753544203135,386.719506933043,386.763849077817,386.748302262814
386.78798520568,386.717584051773,386.737205028895,386.768466162851,386.747167293061,386.753265152536,386.737168501809,386.744890268792,386.753855190703,386.735420420534,386.737168501809,386.736139439777,386.737168501809,386.767705217964,386.756618014168,386.730578959585,386.766891981289,386.764901756586,386.705963346817,386.748314020037,386.744171521148,386.753544203135,386.719506933043,386.763849077817,386.748302262814
386.78798520568,386.717584051773,386.737205028895,386.768466162851,386.747167293061,386.753265152536,386.737168501809,386.744890268792,386.753855190703,386.735420420534,386.737168501809,386.736139439777,386.737168501809,386.767705217964,386.756618014168,386.730578959585,386.766891981289,386.764901756586,386.705963346817,386.748314020037,386.744171521148,386.753544203135,386.719506933043,386.763849077817,386.748302262814
386.78798520568,386.717584051773,386.737205028895,386.768466162851,386.747167293061,386.753265152536,386.737168501809,386.744890268792,386.753855190703,386.735420420534,386.737168501809,386.736139439777,386.737168501809,386.767705217964,386.756618014168,386.730578959585,386.766891981289,386.764901756586,386.705963346817,386.748314020037,386.744171521148,386.753544203135,386.719506933043,386.763849077817,386.748302262814
386.78798520568,386.717584051773,386.737205028895,386.768466162851,386.747167293061,386.753265152536,386.737168501809,386.744890268792,386.753855190703,386.735420420534,386.737168501809,386.736139439777,386.737168501809,386.767705217964,386.756618014168,386.730578959585,386.766891981289,386.764901756586,386.705963346817,386.748314020037,386.744171521148,386.753544203135,386.719506933043,386.763849077817,386.748302262814
386.78798520568,386.717584051773,386.737205028895,386.768466162851,386.747167293061,386.753265152536,386.737168501809,386.744890268792,386.753855190703,386.735420420534,386.737168501809,386.736139439777,386.737168501809,386.767705217964,386.756618014168,386.730578959585,386.766891981289,386.764901756586,386.705963346817,386.748314020037,386.744171521148,386.753544203135,386.719506933043,386.763849077817,386.748302262814
386.78798520568,386.717584051773,386.737205028895,386.768466162851,386.747167293061,386.753265152536,386.737168501809,386.744890268792,386.753855190703,386.735420420534,386.737168501809,386.736139439777,386.737168501809,386.767705217964,386.756618014168,386.730578959585,386.766891981289,386.764901756586,386.705963346817,386.748314020037,386.744171521148,386.753544203135,386.719506933043,386.763849077817,386.748302262814
386.78798520568,386.717584051773,386.737205028895,386.768466162851,386.747167293061,386.753265152536,386.737168501809,386.744890268792,386.753855190703,386.735420420534,386.737168501809,386.736139439777,386.737168501809,386.767705217964,386.756618014168,386.730578959585,386.766891981289,386.764901756586,386.705963346817,386.748314020037,386.744171521148,386.753544203135,386.719506933043,386.763849077817,386.748302262814
386.78798520568,386.717584051773,386.737205028895,386.768466162851,386.747167293061,386.753265152536,386.737168501809,386.744890268792,386.753855190703,386.735420420534,386.737168501809,386.736139439777,386.737168501809,386.767705217964,386.756618014168,386.730578959585,386.766891981289,386.764901756586,386.705963346817,386.748314020037,386.744171521148,386.753544203135,386.719506933043,386.763849077817,386.748302262814
386.78798520568,386.717584051773,386.737205028895,386.768466162851,386.747167293061,386.753265152536,386.737168501809,386.744890268792,386.753855190703,386.735420420534,386.737168501809,386.736139439777,386.737168501809,386.767705217964,386.756618014168,386.730578959585,386.766891981289,386.764901756586,386.705963346817,386.748314020037,386.744171521148,386.753544203135,386.719506933043,386.763849077817,386.748302262814
386.78798520568,386.717584051773,386.737205028895,386.768466162851,386.747167293061,386.753265152536,386.737168501809,386.744890268792,386.753855190703,386.735420420534,386.737168501809,386.736139439777,386.737168501809,386.767705217964,386.756618014168,386.730578959585,386.766891981289,386.764901756586,386.705963346817,386.748314020037,386.744171521148,386.753544203135,386.719506933043,386.763849077817,386.748302262814
386.78798520568,386.717584051773,386.737205028895,386.768466162851,386.747167293061,386.753265152536,386.737168501809,386.744890268792,386.753855190703,386.735420420534,386.737168501809,386.736139439777,386.737168501809,386.767705217964,386.756618014168,386.730578959585,386.766891981289,386.764901756586,386.705963346817,386.748314020037,386.744171521148,386.753544203135,386.719506933043,386.763849077817,386.748302262814
386.78798520568,386.717584051773,386.737205028895,386.768466162851,386.747167293061,386.753265152536,386.737168501809,386.744890268792,386.753855190703,386.735420420534,386.737168501809,386.736139439777,386.737168501809,386.767705217964,386.756618014168,386.730578959585,386.766891981289,386.764901756586,386.705963346817,386.748314020037,386.744171521148,386.753544203135,386.719506933043,386.763849077817,386.748302262814
386.78798520568,386.717584051773,386.737205028895,386.768466162851,386.747167293061,386.753265152536,386.737168501809,386.744890268792,386.753855190703,386.735420420534,386.737168501809,386.736139439777,386.737168501809,386.767705217964,386.756618014168,386.730578959585,386.766891981289,386.764901756586,386.705963346817,386.748314020037,386.744171521148,386.753544203135,386.719506933043,386.763849077817,386.748302262814
386.78798520568,386.717584051773,386.737205028895,386.768466162851,386.747167293061,386.753265152536,386.737168501809,386.744890268792,386.753855190703,386.735420420534,386.737168501809,386.736139439777,386.737168501809,386.767705217964,386.756618014168,386.730578959585,386.766891981289,386.764901756586,386.705963346817,386.748314020037,386.744171521148,386.753544203135,386.719506933043,386.763849077817,386.748302262814
386.78798520568,386.717584051773,386.737205028895,386.768466162851,386.747167293061,386.753265152536,386.737168501809,386.744890268792,386.753855190703,386.735420420534,386.737168501809,386.736139439777,386.737168501809,386.767705217964,386.756618014168,386.730578959585,386.766891981289,386.764901756586,386.705963346817,386.748314020037,386.744171521148,386.753544203135,386.719506933043,386.763849077817,386.748302262814
386.78798520568,386.717584051773,386.737205028895,386.768466162851,386.747167293061,386.753265152536,386.737168501809,386.744890268792,386.753855190703,386.735420420534,386.737168501809,386.736139439777,386.737168501809,386.767705217964,386.756618014168,386.730578959585,386.766891981289,386.764901756586,386.705963346817,386.748314020037,386.744171521148,386.753544203135,386.719506933043,386.763849077817,386.748302262814
386.78798520568,386.717584051773,386.737205028895,386.768466162851,386.747167293061,386.753265152536,386.737168501809,386.744890268792,386.753855190703,386.735420420534,386.737168501809,386.736139439777,386.737168501809,386.767705217964,386.756618014168,386.730578959585,386.766891981289,386.764901756586,386.705963346817,386.748314020037,386.744171521148,386.753544203135,386.719506933043,386.763849077817,386.748302262814
386.78798520568,386.717584051773,386.737205028895,386.768466162851,386.747167293061,386.753265152536,386.737168501809,386.744890268792,386.753855190703,386.735420420534,386.737168501809,386.736139439777,386.737168501809,386.767705217964,386.756618014168,386.730578959585,386.766891981289,386.764901756586,386.705963346817,386.748314020037,386.744171521148,386.753544203135,386.719506933043,386.763849077817,386.748302262814
386.78798520568,386.717584051773,386.737205028895,386.768466162851,386.747167293061,386.753265152536,386.737168501809,386.744890268792,386.753855190703,386.735420420534,386.737168501809,386.736139439777,386.737168501809,386.767705217964,386.756618014168,386.730578959585,386.766891981289,386.764901756586,386.705963346817,386.748314020037,386.744171521148,386.753544203135,386.719506933043,386.763849077817,386.748302262814
386.78798520568,386.717584051773,386.737205028895,386.768466162851,386.747167293061,386.753265152536,386.737168501809,386.744890268792,386.753855190703,386.735420420534,386.737168501809,386.736139439777,386.737168501809,386.767705217964,386.756618014168,386.730578959585,386.766891981289,386.764901756586,386.705963346817,386.748314020037,386.744171521148,386.753544203135,386.719506933043,386.763849077817,386.748302262814
386.78798520568,386.717584051773,386.737205028895,386.768466162851,386.747167293061,386.753265152536,386.737168501809,386.744890268792,386.753855190703,386.735420420534,386.737168501809,386.736139439777,386.737168501809,386.767705217964,386.756618014168,386.730578959585,386.766891981289,386.764901756586,386.705963346817,386.748314020037,386.744171521148,386.753544203135,386.719506933043,386.763849077817,386.748302262814
386.78798520568,386.717584051773,386.737205028895,386.768466162851,386.747167293061,386.753265152536,386.737168501809,386.744890268792,386.753855190703,386.735420420534,386.737168501809,386.736139439777,386.737168501809,386.767705217964,386.756618014168,386.730578959585,386.766891981289,386.764901756586,386.705963346817,386.748314020037,386.744171521148,386.753544203135,386.719506933043,386.763849077817,386.748302262814
386.78798520568,386.717584051773,386.737205028895,386.768466162851,386.747167293061,386.753265152536,386.737168501809,386.744890268792,386.753855190703,386.735420420534,386.737168501809,386.736139439777,386.737168501809,386.767705217964,386.756618014168,386.730578959585,386.766891981289,386.764901756586,386.705963346817,386.748314020037,386.744171521148,386.753544203135,386.719506933043,386.763849077817,386.748302262814
386.78798520568,386.717584051773,386.737205028895,386.768466162851,386.747167293061,386.753265152536,386.737168501809,386.744890268792,386.753855190703,386.735420420534,386.737168501809,386.736139439777,386.737168501809,386.767705217964,386.756618014168,386.730578959585,386.766891981289,386.764901756586,386.705963346817,386.748314020037,386.744171521148,386.753544203135,386.719506933043,386.763849077817,386.748302262814
386.78798520568,386.717584051773,386.737205028895,386.768466162851,386.747167293061,386.753265152536,386.737168501809,386.744890268792,386.753855190703,386.735420420534,386.737168501809,386.736139439777,386.737168501809,386.767705217964,386.756618014168,386.730578959585,386.766891981289,386.764901756586,386.705963346817,386.748314020037,386.744171521148,386.753544203135,386.719506933043,386.763849077817,386.748302262814
386.78798520568,386.717584051773,386.737205028895,386.768466162851,386.747167293061,386.753265152536,386.737168501809,386.744890268792,386.753855190703,386.735420420534,386.737168501809,386.736139439777,386.737168501809,386.767705217964,386.756618014168,386.730578959585,386.766891981289,386.764901756586,386.705963346817,386.748314020037,386.744171521148,386.753544203135,386.719506933043,386.763849077817,386.748302262814
386.78798520568,386.717584051773,386.737205028895,386.768466162851,386.747167293061,386.753265152536,386.737168501809,386.744890268792,386.753855190703,386.735420420534,386.737168501809,386.736139439777,386.737168501809,386.767705217964,386.756618014168,386.730578959585,386.766891981289,386.764901756586,386.705963346817,386.748314020037,386.744171521148,386.753544203135,386.719506933043,386.763849077817,386.748302262814
386.78798520568,386.717584051773,386.737205028895,386.768466162851,386.747167293061,386.753265152536,386.737168501809,386.744890268792,386.753855190703,386.735420420534,386.737168501809,386.736139439777,386.737168501809,386.767705217964,386.756618014168,386.730578959585,386.766891981289,386.764901756586,386.705963346817,386.748314020037,386.744171521148,386.753544203135,386.719506933043,386.763849077817,386.748302262814
386.78798520568,386.717584051773,386.737205028895,386.768466162851,386.747167293061,386.753265152536,386.737168501809,386.744890268792,386.753855190703,386.735420420534,386.737168501809,386.736139439777,386.737168501809,386.767705217964,386.756618014168,386.730578959585,386.766891981289,386.764901756586,386.705963346817,386.748314020037,386.744171521148,386.753544203135,386.719506933043,386.763849077817,386.748302262814
386.78798520568,386.717584051773,386.737205028895,386.768466162851,386.747167293061,386.753265152536,386.737168501809,386.744890268792,386.753855190703,386.735420420534,386.737168501809,386.736139439777,386.737168501809,386.767705217964,386.756618014168,386.730578959585,386.766891981289,386.764901756586,386.705963346817,386.748314020037,386.744171521148,386.753544203135,386.719506933043,386.763849077817,386.748302262814
386.78798520568,386.717584051773,386.737205028895,386.768466162851,386.747167293061,386.753265152536,386.737168501809,386.744890268792,386.753855190703,386.735420420534,386.737168501809,386.736139439777,386.737168501809,386.767705217964,386.756618014168,386.730578959585,386.766891981289,386.764901756586,386.705963346817,386.748314020037,386.744171521148,386.753544203135,386.719506933043,386.763849077817,386.748302262814
386.78798520568,386.717584051773,386.737205028895,386.768466162851,386.747167293061,386.753265152536,386.737168501809,386.744890268792,386.753855190703,386.735420420534,386.737168501809,386.736139439777,386.737168501809,386.767705217964,386.756618014168,386.730578959585,386.766891981289,386.764901756586,386.705963346817,386.748314020037,386.744171521148,386.753544203135,386.719506933043,386.763849077817,386.748302262814
386.78798520568,386.717584051773,386.737205028895,386.768466162851,386.747167293061,386.753265152536,386.737168501809,386.744890268792,386.753855190703,386.735420420534,386.737168501809,386.736139439777,386.737168501809,386.767705217964,386.756618014168,386.730578959585,386.766891981289,386.764901756586,386.705963346817,386.748314020037,386.744171521148,386.753544203135,386.719506933043,386.763849077817,386.748302262814
386.78798520568,386.717584051773,386.737205028895,386.768466162851,386.747167293061,386.753265152536,386.737168501809,386.744890268792,386.753855190703,386.735420420534,386.737168501809,386.736139439777,386.737168501809,386.767705217964,386.756618014168,386.730578959585,386.766891981289,386.764901756586,386.705963346817,386.748314020037,386.744171521148,386.753544203135,386.719506933043,386.763849077817,386.748302262814
386.78798520568,386.717584051773,386.737205028895,386.768466162851,386.747167293061,386.753265152536,386.737168501809,386.744890268792,386.753855190703,386.735420420534,386.737168501809,386.736139439777,386.737168501809,386.767705217964,386.756618014168,386.730578959585,386.766891981289,386.764901756586,386.705963346817,386.748314020037,386.744171521148,386.753544203135,386.719506933043,386.763849077817,386.748302262814
386.78798520568,386.717584051773,386.737205028895,386.768466162851,386.747167293061,386.753265152536,386.737168501809,386.744890268792,386.753855190703,386.735420420534,386.737168501809,386.736139439777,386.737168501809,386.767705217964,386.756618014168,386.730578959585,386.766891981289,386.764901756586,386.705963346817,386.748314020037,386.744171521148,386.753544203135,386.719506933043,386.763849077817,386.748302262814
386.78798520568,386.717584051773,386.737205028895,386.768466162851,386.747167293061,386.753265152536,386.737168501809,386.744890268792,386.753855190703,386.735420420534,386.737168501809,386.736139439777,386.737168501809,386.767705217964,386.756618014168,386.730578959585,386.766891981289,386.764901756586,386.705963346817,386.748314020037,386.744171521148,386.753544203135,386.719506933043,386.763849077817,386.748302262814
386.78798520568,386.717584051773,386.737205028895,386.768466162851,386.747167293061,386.753265152536,386.737168501809,386.744890268792,386.753855190703,386.735420420534,386.737168501809,386.736139439777,386.737168501809,386.767705217964,386.756618014168,386.730578959585,386.766891981289,386.764901756586,386.705963346817,386.748314020037,386.744171521148,386.753544203135,386.719506933043,386.763849077817,386.748302262814
386.78798520568,386.717584051773,386.737205028895,386.768466162851,386.747167293061,386.753265152536,386.737168501809,386.744890268792,386.753855190703,386.735420420534,386.737168501809,386.736139439777,386.737168501809,386.767705217964,386.756618014168,386.730578959585,386.766891981289,386.764901756586,386.705963346817,386.748314020037,386.744171521148,386.753544203135,386.719506933043,386.763849077817,386.748302262814
386.78798520568,386.717584051773,386.737205028895,386.768466162851,386.747167293061,386.753265152536,386.737168501809,386.744890268792,386.753855190703,386.735420420534,386.737168501809,386.736139439777,386.737168501809,386.767705217964,386.756618014168,386.730578959585,386.766891981289,386.764901756586,386.705963346817,386.748314020037,386.744171521148,386.753544203135,386.719506933043,386.763849077817,386.748302262814
386.78798520568,386.717584051773,386.737205028895,386.768466162851,386.747167293061,386.753265152536,386.737168501809,386.744890268792,386.753855190703,386.735420420534,386.737168501809,386.736139439777,386.737168501809,386.767705217964,386.756618014168,386.730578959585,386.766891981289,386.764901756586,386.705963346817,386.748314020037,386.744171521148,386.753544203135,386.719506933043,386.763849077817,386.748302262814
386.78798520568,386.717584051773,386.737205028895,386.768466162851,386.747167293061,386.753265152536,386.737168501809,386.744890268792,386.753855190703,386.735420420534,386.737168501809,386.736139439777,386.737168501809,386.767705217964,386.756618014168,386.730578959585,386.766891981289,386.764901756586,386.705963346817,386.748314020037,386.744171521148,386.753544203135,386.719506933043,386.763849077817,386.748302262814
386.78798520568,386.717584051773,386.737205028895,386.768466162851,386.747167293061,386.753265152536,386.737168501809,386.744890268792,386.753855190703,386.735420420534,386.737168501809,386.736139439777,386.737168501809,386.767705217964,386.756618014168,386.730578959585,386.766891981289,386.764901756586,386.705963346817,386.748314020037,386.744171521148,386.753544203135,386.719506933043,386.763849077817,386.748302262814
386.78798520568,386.717584051773,386.737205028895,386.768466162851,386.747167293061,386.753265152536,386.737168501809,386.744890268792,386.753855190703,386.735420420534,386.737168501809,386.736139439777,386.737168501809,386.767705217964,386.756618014168,386.730578959585,386.766891981289,386.764901756586,386.705963346817,386.748314020037,386.744171521148,386.753544203135,386.719506933043,386.763849077817,386.748302262814
386.78798520568,386.717584051773,386.737205028895,386.768466162851,386.747167293061,386.753265152536,386.737168501809,386.744890268792,386.753855190703,386.735420420534,386.737168501809,386.736139439777,386.737168501809,386.767705217964,386.756618014168,386.730578959585,386.766891981289,386.764901756586,386.705963346817,386.748314020037,386.744171521148,386.753544203135,386.719506933043,386.763849077817,386.748302262814
386.78798520568,386.717584051773,386.737205028895,386.768466162851,386.747167293061,386.753265152536,386.737168501809,386.744890268792,386.753855190703,386.735420420534,386.737168501809,386.736139439777,386.737168501809,386.767705217964,386.756618014168,386.730578959585,386.766891981289,386.764901756586,386.705963346817,386.748314020037,386.744171521148,386.753544203135,386.719506933043,386.763849077817,386.748302262814
386.78798520568,386.717584051773,386.737205028895,386.768466162851,386.747167293061,386.753265152536,386.737168501809,386.744890268792,386.753855190703,386.735420420534,386.737168501809,386.736139439777,386.737168501809,386.767705217964,386.756618014168,386.730578959585,386.766891981289,386.764901756586,386.705963346817,386.748314020037,386.744171521148,386.753544203135,386.719506933043,386.763849077817,386.748302262814
386.78798520568,386.717584051773,386.737205028895,386.768466162851,386.747167293061,386.753265152536,386.737168501809,386.744890268792,386.753855190703,386.735420420534,386.737168501809,386.736139439777,386.737168501809,386.767705217964,386.756618014168,386.730578959585,386.766891981289,386.764901756586,386.705963346817,386.748314020037,386.744171521148,386.753544203135,386.719506933043,386.763849077817,386.748302262814
386.78798520568,386.717584051773,386.737205028895,386.768466162851,386.747167293061,386.753265152536,386.737168501809,386.744890268792,386.753855190703,386.735420420534,386.737168501809,386.736139439777,386.737168501809,386.767705217964,386.756618014168,386.730578959585,386.766891981289,386.764901756586,386.705963346817,386.748314020037,386.744171521148,386.753544203135,386.719506933043,386.763849077817,386.748302262814
386.78798520568,386.717584051773,386.737205028895,386.768466162851,386.747167293061,386.753265152536,386.737168501809,386.744890268792,386.753855190703,386.735420420534,386.737168501809,386.736139439777,386.737168501809,386.767705217964,386.756618014168,386.730578959585,386.766891981289,386.764901756586,386.705963346817,386.748314020037,386.744171521148,386.753544203135,386.719506933043,386.763849077817,386.748302262814
386.78798520568,386.717584051773,386.737205028895,386.768466162851,386.747167293061,386.753265152536,386.737168501809,386.744890268792,386.753855190703,386.735420420534,386.737168501809,386.736139439777,386.737168501809,386.767705217964,386.756618014168,386.730578959585,386.766891981289,386.764901756586,386.705963346817,386.748314020037,386.744171521148,386.753544203135,386.719506933043,386.763849077817,386.748302262814
386.78798520568,386.717584051773,386.737205028895,386.768466162851,386.747167293061,386.753265152536,386.737168501809,386.744890268792,386.753855190703,386.735420420534,386.737168501809,386.736139439777,386.737168501809,386.767705217964,386.756618014168,386.730578959585,386.766891981289,386.764901756586,386.705963346817,386.748314020037,386.744171521148,386.753544203135,386.719506933043,386.763849077817,386.748302262814
386.78798520568,386.717584051773,386.737205028895,386.768466162851,386.747167293061,386.753265152536,386.737168501809,386.744890268792,386.753855190703,386.735420420534,386.737168501809,386.736139439777,386.737168501809,386.767705217964,386.756618014168,386.730578959585,386.766891981289,386.764901756586,386.705963346817,386.748314020037,386.744171521148,386.753544203135,386.719506933043,386.763849077817,386.748302262814
386.78798520568,386.717584051773,386.737205028895,386.768466162851,386.747167293061,386.753265152536,386.737168501809,386.744890268792,386.753855190703,386.735420420534,386.737168501809,386.736139439777,386.737168501809,386.767705217964,386.756618014168,386.730578959585,386.766891981289,386.764901756586,386.705963346817,386.748314020037,386.744171521148,386.753544203135,386.719506933043,386.763849077817,386.748302262814
386.78798520568,386.717584051773,386.737205028895,386.768466162851,386.747167293061,386.753265152536,386.737168501809,386.744890268792,386.753855190703,386.735420420534,386.737168501809,386.736139439777,386.737168501809,386.767705217964,386.756618014168,386.730578959585,386.766891981289,386.764901756586,386.705963346817,386.748314020037,386.744171521148,386.753544203135,386.719506933043,386.763849077817,386.748302262814
386.78798520568,386.717584051773,386.737205028895,386.768466162851,386.747167293061,386.753265152536,386.737168501809,386.744890268792,386.753855190703,386.735420420534,386.737168501809,386.736139439777,386.737168501809,386.767705217964,386.756618014168,386.730578959585,386.766891981289,386.764901756586,386.705963346817,386.748314020037,386.744171521148,386.753544203135,386.719506933043,386.763849077817,386.748302262814
386.78798520568,386.717584051773,386.737205028895,386.768466162851,386.747167293061,386.753265152536,386.737168501809,386.744890268792,386.753855190703,386.735420420534,386.737168501809,386.736139439777,386.737168501809,386.767705217964,386.756618014168,386.730578959585,386.766891981289,386.764901756586,386.705963346817,386.748314020037,386.744171521148,386.753544203135,386.719506933043,386.763849077817,386.748302262814
386.78798520568,386.717584051773,386.737205028895,386.768466162851,386.747167293061,386.753265152536,386.737168501809,386.744890268792,386.753855190703,386.735420420534,386.737168501809,386.736139439777,386.737168501809,386.767705217964,386.756618014168,386.730578959585,386.766891981289,386.764901756586,386.705963346817,386.748314020037,386.744171521148,386.753544203135,386.719506933043,386.763849077817,386.748302262814
386.78798520568,386.717584051773,386.737205028895,386.768466162851,386.747167293061,386.753265152536,386.737168501809,386.744890268792,386.753855190703,386.735420420534,386.737168501809,386.736139439777,386.737168501809,386.767705217964,386.756618014168,386.730578959585,386.766891981289,386.764901756586,386.705963346817,386.748314020037,386.744171521148,386.753544203135,386.719506933043,386.763849077817,386.748302262814
386.78798520568,386.717584051773,386.737205028895,386.768466162851,386.747167293061,386.753265152536,386.737168501809,386.744890268792,386.753855190703,386.735420420534,386.737168501809,386.736139439777,386.737168501809,386.767705217964,386.756618014168,386.730578959585,386.766891981289,386.764901756586,386.705963346817,386.748314020037,386.744171521148,386.753544203135,386.719506933043,386.763849077817,386.748302262814
386.78798520568,386.717584051773,386.737205028895,386.768466162851,386.747167293061,386.753265152536,386.737168501809,386.744890268792,386.753855190703,386.735420420534,386.737168501809,386.736139439777,386.737168501809,386.767705217964,386.756618014168,386.730578959585,386.766891981289,386.764901756586,386.705963346817,386.748314020037,386.744171521148,386.753544203135,386.719506933043,386.763849077817,386.748302262814
386.78798520568,386.717584051773,386.737205028895,386.768466162851,386.747167293061,386.753265152536,386.737168501809,386.744890268792,386.753855190703,386.735420420534,386.737168501809,386.736139439777,386.737168501809,386.767705217964,386.756618014168,386.730578959585,386.766891981289,386.764901756586,386.705963346817,386.748314020037,386.744171521148,386.753544203135,386.719506933043,386.763849077817,386.748302262814
386.78798520568,386.717584051773,386.737205028895,386.768466162851,386.747167293061,386.753265152536,386.737168501809,386.744890268792,386.753855190703,386.735420420534,386.737168501809,386.736139439777,386.737168501809,386.767705217964,386.756618014168,386.730578959585,386.766891981289,386.764901756586,386.705963346817,386.748314020037,386.744171521148,386.753544203135,386.719506933043,386.763849077817,386.748302262814
386.78798520568,386.717584051773,386.737205028895,386.768466162851,386.747167293061,386.753265152536,386.737168501809,386.744890268792,386.753855190703,386.735420420534,386.737168501809,386.736139439777,386.737168501809,386.767705217964,386.756618014168,386.730578959585,386.766891981289,386.764901756586,386.705963346817,386.748314020037,386.744171521148,386.753544203135,386.719506933043,386.763849077817,386.748302262814
386.78798520568,386.717584051773,386.737205028895,386.768466162851,386.747167293061,386.753265152536,386.737168501809,386.744890268792,386.753855190703,386.735420420534,386.737168501809,386.736139439777,386.737168501809,386.767705217964,386.756618014168,386.730578959585,386.766891981289,386.764901756586,386.705963346817,386.748314020037,386.744171521148,386.753544203135,386.719506933043,386.763849077817,386.748302262814
386.78798520568,386.717584051773,386.737205028895,386.768466162851,386.747167293061,386.753265152536,386.737168501809,386.744890268792,386.753855190703,386.735420420534,386.737168501809,386.736139439777,386.737168501809,386.767705217964,386.756618014168,386.730578959585,386.766891981289,386.764901756586,386.705963346817,386.748314020037,386.744171521148,386.753544203135,386.719506933043,386.763849077817,386.748302262814
386.78798520568,386.717584051773,386.737205028895,386.768466162851,386.747167293061,386.753265152536,386.737168501809,386.744890268792,386.753855190703,386.735420420534,386.737168501809,386.736139439777,386.737168501809,386.767705217964,386.756618014168,386.730578959585,386.766891981289,386.764901756586,386.705963346817,386.748314020037,386.744171521148,386.753544203135,386.719506933043,386.763849077817,386.748302262814
386.78798520568,386.717584051773,386.737205028895,386.768466162851,386.747167293061,386.753265152536,386.737168501809,386.744890268792,386.753855190703,386.735420420534,386.737168501809,386.736139439777,386.737168501809,386.767705217964,386.756618014168,386.730578959585,386.766891981289,386.764901756586,386.705963346817,386.748314020037,386.744171521148,386.753544203135,386.719506933043,386.763849077817,386.748302262814
386.78798520568,386.717584051773,386.737205028895,386.768466162851,386.747167293061,386.753265152536,386.737168501809,386.744890268792,386.753855190703,386.735420420534,386.737168501809,386.736139439777,386.737168501809,386.767705217964,386.756618014168,386.730578959585,386.766891981289,386.764901756586,386.705963346817,386.748314020037,386.744171521148,386.753544203135,386.719506933043,386.763849077817,386.748302262814
386.78798520568,386.717584051773,386.737205028895,386.768466162851,386.747167293061,386.753265152536,386.737168501809,386.744890268792,386.753855190703,386.735420420534,386.737168501809,386.736139439777,386.737168501809,386.767705217964,386.756618014168,386.730578959585,386.766891981289,386.764901756586,386.705963346817,386.748314020037,386.744171521148,386.753544203135,386.719506933043,386.763849077817,386.748302262814
386.78798520568,386.717584051773,386.737205028895,386.768466162851,386.747167293061,386.753265152536,386.737168501809,386.744890268792,386.753855190703,386.735420420534,386.737168501809,386.736139439777,386.737168501809,386.767705217964,386.756618014168,386.730578959585,386.766891981289,386.764901756586,386.705963346817,386.748314020037,386.744171521148,386.753544203135,386.719506933043,386.763849077817,386.748302262814
386.78798520568,386.717584051773,386.737205028895,386.768466162851,386.747167293061,386.753265152536,386.737168501809,386.744890268792,386.753855190703,386.735420420534,386.737168501809,386.736139439777,386.737168501809,386.767705217964,386.756618014168,386.730578959585,386.766891981289,386.764901756586,386.705963346817,386.748314020037,386.744171521148,386.753544203135,386.719506933043,386.763849077817,386.748302262814
386.78798520568,386.717584051773,386.737205028895,386.768466162851,386.747167293061,386.753265152536,386.737168501809,386.744890268792,386.753855190703,386.735420420534,386.737168501809,386.736139439777,386.737168501809,386.767705217964,386.756618014168,386.730578959585,386.766891981289,386.764901756586,386.705963346817,386.748314020037,386.744171521148,386.753544203135,386.719506933043,386.763849077817,386.748302262814
386.78798520568,386.717584051773,386.737205028895,386.768466162851,386.747167293061,386.753265152536,386.737168501809,386.744890268792,386.753855190703,386.735420420534,386.737168501809,386.736139439777,386.737168501809,386.767705217964,386.756618014168,386.730578959585,386.766891981289,386.764901756586,386.705963346817,386.748314020037,386.744171521148,386.753544203135,386.719506933043,386.763849077817,386.748302262814
386.78798520568,386.717584051773,386.737205028895,386.768466162851,386.747167293061,386.753265152536,386.737168501809,386.744890268792,386.753855190703,386.735420420534,386.737168501809,386.736139439777,386.737168501809,386.767705217964,386.756618014168,386.730578959585,386.766891981289,386.764901756586,386.705963346817,386.748314020037,386.744171521148,386.753544203135,386.719506933043,386.763849077817,386.748302262814
386.78798520568,386.717584051773,386.737205028895,386.768466162851,386.747167293061,386.753265152536,386.737168501809,386.744890268792,386.753855190703,386.735420420534,386.737168501809,386.736139439777,386.737168501809,386.767705217964,386.756618014168,386.730578959585,386.766891981289,386.764901756586,386.705963346817,386.748314020037,386.744171521148,386.753544203135,386.719506933043,386.763849077817,386.748302262814
386.78798520568,386.717584051773,386.737205028895,386.768466162851,386.747167293061,386.753265152536,386.737168501809,386.744890268792,386.753855190703,386.735420420534,386.737168501809,386.736139439777,386.737168501809,386.767705217964,386.756618014168,386.730578959585,386.766891981289,386.764901756586,386.705963346817,386.748314020037,386.744171521148,386.753544203135,386.719506933043,386.763849077817,386.748302262814
386.78798520568,386.717584051773,386.737205028895,386.768466162851,386.747167293061,386.753265152536,386.737168501809,386.744890268792,386.753855190703,386.735420420534,386.737168501809,386.736139439777,386.737168501809,386.767705217964,386.756618014168,386.730578959585,386.766891981289,386.764901756586,386.705963346817,386.748314020037,386.744171521148,386.753544203135,386.719506933043,386.763849077817,386.748302262814
386.78798520568,386.717584051773,386.737205028895,386.768466162851,386.747167293061,386.753265152536,386.737168501809,386.744890268792,386.753855190703,386.735420420534,386.737168501809,386.736139439777,386.737168501809,386.767705217964,386.756618014168,386.730578959585,386.766891981289,386.764901756586,386.705963346817,386.748314020037,386.744171521148,386.753544203135,386.719506933043,386.763849077817,386.748302262814
386.78798520568,386.717584051773,386.737205028895,386.768466162851,386.747167293061,386.753265152536,386.737168501809,386.744890268792,386.753855190703,386.735420420534,386.737168501809,386.736139439777,386.737168501809,386.767705217964,386.756618014168,386.730578959585,386.766891981289,386.764901756586,386.705963346817,386.748314020037,386.744171521148,386.753544203135,386.719506933043,386.763849077817,386.748302262814
386.78798520568,386.717584051773,386.737205028895,386.768466162851,386.747167293061,386.753265152536,386.737168501809,386.744890268792,386.753855190703,386.735420420534,386.737168501809,386.736139439777,386.737168501809,386.767705217964,386.756618014168,386.730578959585,386.766891981289,386.764901756586,386.705963346817,386.748314020037,386.744171521148,386.753544203135,386.719506933043,386.763849077817,386.748302262814
386.78798520568,386.717584051773,386.737205028895,386.768466162851,386.747167293061,386.753265152536,386.737168501809,386.744890268792,386.753855190703,386.735420420534,386.737168501809,386.736139439777,386.737168501809,386.767705217964,386.756618014168,386.730578959585,386.766891981289,386.764901756586,386.705963346817,386.748314020037,386.744171521148,386.753544203135,386.719506933043,386.763849077817,386.748302262814
386.78798520568,386.717584051773,386.737205028895,386.768466162851,386.747167293061,386.753265152536,386.737168501809,386.744890268792,386.753855190703,386.735420420534,386.737168501809,386.736139439777,386.737168501809,386.767705217964,386.756618014168,386.730578959585,386.766891981289,386.764901756586,386.705963346817,386.748314020037,386.744171521148,386.753544203135,386.719506933043,386.763849077817,386.748302262814
386.78798520568,386.717584051773,386.737205028895,386.768466162851,386.747167293061,386.753265152536,386.737168501809,386.744890268792,386.753855190703,386.735420420534,386.737168501809,386.736139439777,386.737168501809,386.767705217964,386.756618014168,386.730578959585,386.766891981289,386.764901756586,386.705963346817,386.748314020037,386.744171521148,386.753544203135,386.719506933043,386.763849077817,386.748302262814
386.78798520568,386.717584051773,386.737205028895,386.768466162851,386.747167293061,386.753265152536,386.737168501809,386.744890268792,386.753855190703,386.735420420534,386.737168501809,386.736139439777,386.737168501809,386.767705217964,386.756618014168,386.730578959585,386.766891981289,386.764901756586,386.705963346817,386.748314020037,386.744171521148,386.753544203135,386.719506933043,386.763849077817,386.748302262814
386.78798520568,386.717584051773,386.737205028895,386.768466162851,386.747167293061,386.753265152536,386.737168501809,386.744890268792,386.753855190703,386.735420420534,386.737168501809,386.736139439777,386.737168501809,386.767705217964,386.756618014168,386.730578959585,386.766891981289,386.764901756586,386.705963346817,386.748314020037,386.744171521148,386.753544203135,386.719506933043,386.763849077817,386.748302262814
386.78798520568,386.717584051773,386.737205028895,386.768466162851,386.747167293061,386.753265152536,386.737168501809,386.744890268792,386.753855190703,386.735420420534,386.737168501809,386.736139439777,386.737168501809,386.767705217964,386.756618014168,386.730578959585,386.766891981289,386.764901756586,386.705963346817,386.748314020037,386.744171521148,386.753544203135,386.719506933043,386.763849077817,386.748302262814
386.78798520568,386.717584051773,386.737205028895,386.768466162851,386.747167293061,386.753265152536,386.737168501809,386.744890268792,386.753855190703,386.735420420534,386.737168501809,386.736139439777,386.737168501809,386.767705217964,386.756618014168,386.730578959585,386.766891981289,386.764901756586,386.705963346817,386.748314020037,386.744171521148,386.753544203135,386.719506933043,386.763849077817,386.748302262814
386.78798520568,386.717584051773,386.737205028895,386.768466162851,386.747167293061,386.753265152536,386.737168501809,386.744890268792,386.753855190703,386.735420420534,386.737168501809,386.736139439777,386.737168501809,386.767705217964,386.756618014168,386.730578959585,386.766891981289,386.764901756586,386.705963346817,386.748314020037,386.744171521148,386.753544203135,386.719506933043,386.763849077817,386.748302262814
386.78798520568,386.717584051773,386.737205028895,386.768466162851,386.747167293061,386.753265152536,386.737168501809,386.744890268792,386.753855190703,386.735420420534,386.737168501809,386.736139439777,386.737168501809,386.767705217964,386.756618014168,386.730578959585,386.766891981289,386.764901756586,386.705963346817,386.748314020037,386.744171521148,386.753544203135,386.719506933043,386.763849077817,386.748302262814
386.78798520568,386.717584051773,386.737205028895,386.768466162851,386.747167293061,386.753265152536,386.737168501809,386.744890268792,386.753855190703,386.735420420534,386.737168501809,386.736139439777,386.737168501809,386.767705217964,386.756618014168,386.730578959585,386.766891981289,386.764901756586,386.705963346817,386.748314020037,386.744171521148,386.753544203135,386.719506933043,386.763849077817,386.748302262814
386.78798520568,386.717584051773,386.737205028895,386.768466162851,386.747167293061,386.753265152536,386.737168501809,386.744890268792,386.753855190703,386.735420420534,386.737168501809,386.736139439777,386.737168501809,386.767705217964,386.756618014168,386.730578959585,386.766891981289,386.764901756586,386.705963346817,386.748314020037,386.744171521148,386.753544203135,386.719506933043,386.763849077817,386.748302262814
386.78798520568,386.717584051773,386.737205028895,386.768466162851,386.747167293061,386.753265152536,386.737168501809,386.744890268792,386.753855190703,386.735420420534,386.737168501809,386.736139439777,386.737168501809,386.767705217964,386.756618014168,386.730578959585,386.766891981289,386.764901756586,386.705963346817,386.748314020037,386.744171521148,386.753544203135,386.719506933043,386.763849077817,386.748302262814
386.78798520568,386.717584051773,386.737205028895,386.768466162851,386.747167293061,386.753265152536,386.737168501809,386.744890268792,386.753855190703,386.735420420534,386.737168501809,386.736139439777,386.737168501809,386.767705217964,386.756618014168,386.730578959585,386.766891981289,386.764901756586,386.705963346817,386.748314020037,386.744171521148,386.753544203135,386.719506933043,386.763849077817,386.748302262814
386.78798520568,386.717584051773,386.737205028895,386.768466162851,386.747167293061,386.753265152536,386.737168501809,386.744890268792,386.753855190703,386.735420420534,386.737168501809,386.736139439777,386.737168501809,386.767705217964,386.756618014168,386.730578959585,386.766891981289,386.764901756586,386.705963346817,386.748314020037,386.744171521148,386.753544203135,386.719506933043,386.763849077817,386.748302262814
386.78798520568,386.717584051773,386.737205028895,386.768466162851,386.747167293061,386.753265152536,386.737168501809,386.744890268792,386.753855190703,386.735420420534,386.737168501809,386.736139439777,386.737168501809,386.767705217964,386.756618014168,386.730578959585,386.766891981289,386.764901756586,386.705963346817,386.748314020037,386.744171521148,386.753544203135,386.719506933043,386.763849077817,386.748302262814
386.78798520568,386.717584051773,386.737205028895,386.768466162851,386.747167293061,386.753265152536,386.737168501809,386.744890268792,386.753855190703,386.735420420534,386.737168501809,386.736139439777,386.737168501809,386.767705217964,386.756618014168,386.730578959585,386.766891981289,386.764901756586,386.705963346817,386.748314020037,386.744171521148,386.753544203135,386.719506933043,386.763849077817,386.748302262814
386.78798520568,386.717584051773,386.737205028895,386.768466162851,386.747167293061,386.753265152536,386.737168501809,386.744890268792,386.753855190703,386.735420420534,386.737168501809,386.736139439777,386.737168501809,386.767705217964,386.756618014168,386.730578959585,386.766891981289,386.764901756586,386.705963346817,386.748314020037,386.744171521148,386.753544203135,386.719506933043,386.763849077817,386.748302262814
386.78798520568,386.717584051773,386.737205028895,386.768466162851,386.747167293061,386.753265152536,386.737168501809,386.744890268792,386.753855190703,386.735420420534,386.737168501809,386.736139439777,386.737168501809,386.767705217964,386.756618014168,386.730578959585,386.766891981289,386.764901756586,386.705963346817,386.748314020037,386.744171521148,386.753544203135,386.719506933043,386.763849077817,386.748302262814
386.78798520568,386.717584051773,386.737205028895,386.768466162851,386.747167293061,386.753265152536,386.737168501809,386.744890268792,386.753855190703,386.735420420534,386.737168501809,386.736139439777,386.737168501809,386.767705217964,386.756618014168,386.730578959585,386.766891981289,386.764901756586,386.705963346817,386.748314020037,386.744171521148,386.753544203135,386.719506933043,386.763849077817,386.748302262814
386.78798520568,386.717584051773,386.737205028895,386.768466162851,386.747167293061,386.753265152536,386.737168501809,386.744890268792,386.753855190703,386.735420420534,386.737168501809,386.736139439777,386.737168501809,386.767705217964,386.756618014168,386.730578959585,386.766891981289,386.764901756586,386.705963346817,386.748314020037,386.744171521148,386.753544203135,386.719506933043,386.763849077817,386.748302262814
386.78798520568,386.717584051773,386.737205028895,386.768466162851,386.747167293061,386.753265152536,386.737168501809,386.744890268792,386.753855190703,386.735420420534,386.737168501809,386.736139439777,386.737168501809,386.767705217964,386.756618014168,386.730578959585,386.766891981289,386.764901756586,386.705963346817,386.748314020037,386.744171521148,386.753544203135,386.719506933043,386.763849077817,386.748302262814
386.78798520568,386.717584051773,386.737205028895,386.768466162851,386.747167293061,386.753265152536,386.737168501809,386.744890268792,386.753855190703,386.735420420534,386.737168501809,386.736139439777,386.737168501809,386.767705217964,386.756618014168,386.730578959585,386.766891981289,386.764901756586,386.705963346817,386.748314020037,386.744171521148,386.753544203135,386.719506933043,386.763849077817,386.748302262814
386.78798520568,386.717584051773,386.737205028895,386.768466162851,386.747167293061,386.753265152536,386.737168501809,386.744890268792,386.753855190703,386.735420420534,386.737168501809,386.736139439777,386.737168501809,386.767705217964,386.756618014168,386.730578959585,386.766891981289,386.764901756586,386.705963346817,386.748314020037,386.744171521148,386.753544203135,386.719506933043,386.763849077817,386.748302262814
386.78798520568,386.717584051773,386.737205028895,386.768466162851,386.747167293061,386.753265152536,386.737168501809,386.744890268792,386.753855190703,386.735420420534,386.737168501809,386.736139439777,386.737168501809,386.767705217964,386.756618014168,386.730578959585,386.766891981289,386.764901756586,386.705963346817,386.748314020037,386.744171521148,386.753544203135,386.719506933043,386.763849077817,386.748302262814
386.78798520568,386.717584051773,386.737205028895,386.768466162851,386.747167293061,386.753265152536,386.737168501809,386.744890268792,386.753855190703,386.735420420534,386.737168501809,386.736139439777,386.737168501809,386.767705217964,386.756618014168,386.730578959585,386.766891981289,386.764901756586,386.705963346817,386.748314020037,386.744171521148,386.753544203135,386.719506933043,386.763849077817,386.748302262814
386.78798520568,386.717584051773,386.737205028895,386.768466162851,386.747167293061,386.753265152536,386.737168501809,386.744890268792,386.753855190703,386.735420420534,386.737168501809,386.736139439777,386.737168501809,386.767705217964,386.756618014168,386.730578959585,386.766891981289,386.764901756586,386.705963346817,386.748314020037,386.744171521148,386.753544203135,386.719506933043,386.763849077817,386.748302262814
386.78798520568,386.717584051773,386.737205028895,386.768466162851,386.747167293061,386.753265152536,386.737168501809,386.744890268792,386.753855190703,386.735420420534,386.737168501809,386.736139439777,386.737168501809,386.767705217964,386.756618014168,386.730578959585,386.766891981289,386.764901756586,386.705963346817,386.748314020037,386.744171521148,386.753544203135,386.719506933043,386.763849077817,386.748302262814
386.78798520568,386.717584051773,386.737205028895,386.768466162851,386.747167293061,386.753265152536,386.737168501809,386.744890268792,386.753855190703,386.735420420534,386.737168501809,386.736139439777,386.737168501809,386.767705217964,386.756618014168,386.730578959585,386.766891981289,386.764901756586,386.705963346817,386.748314020037,386.744171521148,386.753544203135,386.719506933043,386.763849077817,386.748302262814
386.78798520568,386.717584051773,386.737205028895,386.768466162851,386.747167293061,386.753265152536,386.737168501809,386.744890268792,386.753855190703,386.735420420534,386.737168501809,386.736139439777,386.737168501809,386.767705217964,386.756618014168,386.730578959585,386.766891981289,386.764901756586,386.705963346817,386.748314020037,386.744171521148,386.753544203135,386.719506933043,386.763849077817,386.748302262814
386.78798520568,386.717584051773,386.737205028895,386.768466162851,386.747167293061,386.753265152536,386.737168501809,386.744890268792,386.753855190703,386.735420420534,386.737168501809,386.736139439777,386.737168501809,386.767705217964,386.756618014168,386.730578959585,386.766891981289,386.764901756586,386.705963346817,386.748314020037,386.744171521148,386.753544203135,386.719506933043,386.763849077817,386.748302262814
386.78798520568,386.717584051773,386.737205028895,386.768466162851,386.747167293061,386.753265152536,386.737168501809,386.744890268792,386.753855190703,386.735420420534,386.737168501809,386.736139439777,386.737168501809,386.767705217964,386.756618014168,386.730578959585,386.766891981289,386.764901756586,386.705963346817,386.748314020037,386.744171521148,386.753544203135,386.719506933043,386.763849077817,386.748302262814
386.78798520568,386.717584051773,386.737205028895,386.768466162851,386.747167293061,386.753265152536,386.737168501809,386.744890268792,386.753855190703,386.735420420534,386.737168501809,386.736139439777,386.737168501809,386.767705217964,386.756618014168,386.730578959585,386.766891981289,386.764901756586,386.705963346817,386.748314020037,386.744171521148,386.753544203135,386.719506933043,386.763849077817,386.748302262814
386.78798520568,386.717584051773,386.737205028895,386.768466162851,386.747167293061,386.753265152536,386.737168501809,386.744890268792,386.753855190703,386.735420420534,386.737168501809,386.736139439777,386.737168501809,386.767705217964,386.756618014168,386.730578959585,386.766891981289,386.764901756586,386.705963346817,386.748314020037,386.744171521148,386.753544203135,386.719506933043,386.763849077817,386.748302262814
386.78798520568,386.717584051773,386.737205028895,386.768466162851,386.747167293061,386.753265152536,386.737168501809,386.744890268792,386.753855190703,386.735420420534,386.737168501809,386.736139439777,386.737168501809,386.767705217964,386.756618014168,386.730578959585,386.766891981289,386.764901756586,386.705963346817,386.748314020037,386.744171521148,386.753544203135,386.719506933043,386.763849077817,386.748302262814
386.78798520568,386.717584051773,386.737205028895,386.768466162851,386.747167293061,386.753265152536,386.737168501809,386.744890268792,386.753855190703,386.735420420534,386.737168501809,386.736139439777,386.737168501809,386.767705217964,386.756618014168,386.730578959585,386.766891981289,386.764901756586,386.705963346817,386.748314020037,386.744171521148,386.753544203135,386.719506933043,386.763849077817,386.748302262814
386.78798520568,386.717584051773,386.737205028895,386.768466162851,386.747167293061,386.753265152536,386.737168501809,386.744890268792,386.753855190703,386.735420420534,386.737168501809,386.736139439777,386.737168501809,386.767705217964,386.756618014168,386.730578959585,386.766891981289,386.764901756586,386.705963346817,386.748314020037,386.744171521148,386.753544203135,386.719506933043,386.763849077817,386.748302262814
386.78798520568,386.717584051773,386.737205028895,386.768466162851,386.747167293061,386.753265152536,386.737168501809,386.744890268792,386.753855190703,386.735420420534,386.737168501809,386.736139439777,386.737168501809,386.767705217964,386.756618014168,386.730578959585,386.766891981289,386.764901756586,386.705963346817,386.748314020037,386.744171521148,386.753544203135,386.719506933043,386.763849077817,386.748302262814
386.78798520568,386.717584051773,386.737205028895,386.768466162851,386.747167293061,386.753265152536,386.737168501809,386.744890268792,386.753855190703,386.735420420534,386.737168501809,386.736139439777,386.737168501809,386.767705217964,386.756618014168,386.730578959585,386.766891981289,386.764901756586,386.705963346817,386.748314020037,386.744171521148,386.753544203135,386.719506933043,386.763849077817,386.748302262814
386.78798520568,386.717584051773,386.737205028895,386.768466162851,386.747167293061,386.753265152536,386.737168501809,386.744890268792,386.753855190703,386.735420420534,386.737168501809,386.736139439777,386.737168501809,386.767705217964,386.756618014168,386.730578959585,386.766891981289,386.764901756586,386.705963346817,386.748314020037,386.744171521148,386.753544203135,386.719506933043,386.763849077817,386.748302262814
386.78798520568,386.717584051773,386.737205028895,386.768466162851,386.747167293061,386.753265152536,386.737168501809,386.744890268792,386.753855190703,386.735420420534,386.737168501809,386.736139439777,386.737168501809,386.767705217964,386.756618014168,386.730578959585,386.766891981289,386.764901756586,386.705963346817,386.748314020037,386.744171521148,386.753544203135,386.719506933043,386.763849077817,386.748302262814
386.78798520568,386.717584051773,386.737205028895,386.768466162851,386.747167293061,386.753265152536,386.737168501809,386.744890268792,386.753855190703,386.735420420534,386.737168501809,386.736139439777,386.737168501809,386.767705217964,386.756618014168,386.730578959585,386.766891981289,386.764901756586,386.705963346817,386.748314020037,386.744171521148,386.753544203135,386.719506933043,386.763849077817,386.748302262814
386.78798520568,386.717584051773,386.737205028895,386.768466162851,386.747167293061,386.753265152536,386.737168501809,386.744890268792,386.753855190703,386.735420420534,386.737168501809,386.736139439777,386.737168501809,386.767705217964,386.756618014168,386.730578959585,386.766891981289,386.764901756586,386.705963346817,386.748314020037,386.744171521148,386.753544203135,386.719506933043,386.763849077817,386.748302262814
386.78798520568,386.717584051773,386.737205028895,386.768466162851,386.747167293061,386.753265152536,386.737168501809,386.744890268792,386.753855190703,386.735420420534,386.737168501809,386.736139439777,386.737168501809,386.767705217964,386.756618014168,386.730578959585,386.766891981289,386.764901756586,386.705963346817,386.748314020037,386.744171521148,386.753544203135,386.719506933043,386.763849077817,386.748302262814
386.78798520568,386.717584051773,386.737205028895,386.768466162851,386.747167293061,386.753265152536,386.737168501809,386.744890268792,386.753855190703,386.735420420534,386.737168501809,386.736139439777,386.737168501809,386.767705217964,386.756618014168,386.730578959585,386.766891981289,386.764901756586,386.705963346817,386.748314020037,386.744171521148,386.753544203135,386.719506933043,386.763849077817,386.748302262814
386.78798520568,386.717584051773,386.737205028895,386.768466162851,386.747167293061,386.753265152536,386.737168501809,386.744890268792,386.753855190703,386.735420420534,386.737168501809,386.736139439777,386.737168501809,386.767705217964,386.756618014168,386.730578959585,386.766891981289,386.764901756586,386.705963346817,386.748314020037,386.744171521148,386.753544203135,386.719506933043,386.763849077817,386.748302262814
386.78798520568,386.717584051773,386.737205028895,386.768466162851,386.747167293061,386.753265152536,386.737168501809,386.744890268792,386.753855190703,386.735420420534,386.737168501809,386.736139439777,386.737168501809,386.767705217964,386.756618014168,386.730578959585,386.766891981289,386.764901756586,386.705963346817,386.748314020037,386.744171521148,386.753544203135,386.719506933043,386.763849077817,386.748302262814
386.78798520568,386.717584051773,386.737205028895,386.768466162851,386.747167293061,386.753265152536,386.737168501809,386.744890268792,386.753855190703,386.735420420534,386.737168501809,386.736139439777,386.737168501809,386.767705217964,386.756618014168,386.730578959585,386.766891981289,386.764901756586,386.705963346817,386.748314020037,386.744171521148,386.753544203135,386.719506933043,386.763849077817,386.748302262814
386.78798520568,386.717584051773,386.737205028895,386.768466162851,386.747167293061,386.753265152536,386.737168501809,386.744890268792,386.753855190703,386.735420420534,386.737168501809,386.736139439777,386.737168501809,386.767705217964,386.756618014168,386.730578959585,386.766891981289,386.764901756586,386.705963346817,386.748314020037,386.744171521148,386.753544203135,386.719506933043,386.763849077817,386.748302262814
386.78798520568,386.717584051773,386.737205028895,386.768466162851,386.747167293061,386.753265152536,386.737168501809,386.744890268792,386.753855190703,386.735420420534,386.737168501809,386.736139439777,386.737168501809,386.767705217964,386.756618014168,386.730578959585,386.766891981289,386.764901756586,386.705963346817,386.748314020037,386.744171521148,386.753544203135,386.719506933043,386.763849077817,386.748302262814
386.78798520568,386.717584051773,386.737205028895,386.768466162851,386.747167293061,386.753265152536,386.737168501809,386.744890268792,386.753855190703,386.735420420534,386.737168501809,386.736139439777,386.737168501809,386.767705217964,386.756618014168,386.730578959585,386.766891981289,386.764901756586,386.705963346817,386.748314020037,386.744171521148,386.753544203135,386.719506933043,386.763849077817,386.748302262814
386.78798520568,386.717584051773,386.737205028895,386.768466162851,386.747167293061,386.753265152536,386.737168501809,386.744890268792,386.753855190703,386.735420420534,386.737168501809,386.736139439777,386.737168501809,386.767705217964,386.756618014168,386.730578959585,386.766891981289,386.764901756586,386.705963346817,386.748314020037,386.744171521148,386.753544203135,386.719506933043,386.763849077817,386.748302262814
386.78798520568,386.717584051773,386.737205028895,386.768466162851,386.747167293061,386.753265152536,386.737168501809,386.744890268792,386.753855190703,386.735420420534,386.737168501809,386.736139439777,386.737168501809,386.767705217964,386.756618014168,386.730578959585,386.766891981289,386.764901756586,386.705963346817,386.748314020037,386.744171521148,386.753544203135,386.719506933043,386.763849077817,386.748302262814
386.78798520568,386.717584051773,386.737205028895,386.768466162851,386.747167293061,386.753265152536,386.737168501809,386.744890268792,386.753855190703,386.735420420534,386.737168501809,386.736139439777,386.737168501809,386.767705217964,386.756618014168,386.730578959585,386.766891981289,386.764901756586,386.705963346817,386.748314020037,386.744171521148,386.753544203135,386.719506933043,386.763849077817,386.748302262814
386.78798520568,386.717584051773,386.737205028895,386.768466162851,386.747167293061,386.753265152536,386.737168501809,386.744890268792,386.753855190703,386.735420420534,386.737168501809,386.736139439777,386.737168501809,386.767705217964,386.756618014168,386.730578959585,386.766891981289,386.764901756586,386.705963346817,386.748314020037,386.744171521148,386.753544203135,386.719506933043,386.763849077817,386.748302262814
386.78798520568,386.717584051773,386.737205028895,386.768466162851,386.747167293061,386.753265152536,386.737168501809,386.744890268792,386.753855190703,386.735420420534,386.737168501809,386.736139439777,386.737168501809,386.767705217964,386.756618014168,386.730578959585,386.766891981289,386.764901756586,386.705963346817,386.748314020037,386.744171521148,386.753544203135,386.719506933043,386.763849077817,386.748302262814
386.78798520568,386.717584051773,386.737205028895,386.768466162851,386.747167293061,386.753265152536,386.737168501809,386.744890268792,386.753855190703,386.735420420534,386.737168501809,386.736139439777,386.737168501809,386.767705217964,386.756618014168,386.730578959585,386.766891981289,386.764901756586,386.705963346817,386.748314020037,386.744171521148,386.753544203135,386.719506933043,386.763849077817,386.748302262814
386.78798520568,386.717584051773,386.737205028895,386.768466162851,386.747167293061,386.753265152536,386.737168501809,386.744890268792,386.753855190703,386.735420420534,386.737168501809,386.736139439777,386.737168501809,386.767705217964,386.756618014168,386.730578959585,386.766891981289,386.764901756586,386.705963346817,386.748314020037,386.744171521148,386.753544203135,386.719506933043,386.763849077817,386.748302262814
386.78798520568,386.717584051773,386.737205028895,386.768466162851,386.747167293061,386.753265152536,386.737168501809,386.744890268792,386.753855190703,386.735420420534,386.737168501809,386.736139439777,386.737168501809,386.767705217964,386.756618014168,386.730578959585,386.766891981289,386.764901756586,386.705963346817,386.748314020037,386.744171521148,386.753544203135,386.719506933043,386.763849077817,386.748302262814
386.78798520568,386.717584051773,386.737205028895,386.768466162851,386.747167293061,386.753265152536,386.737168501809,386.744890268792,386.753855190703,386.735420420534,386.737168501809,386.736139439777,386.737168501809,386.767705217964,386.756618014168,386.730578959585,386.766891981289,386.764901756586,386.705963346817,386.748314020037,386.744171521148,386.753544203135,386.719506933043,386.763849077817,386.748302262814
386.78798520568,386.717584051773,386.737205028895,386.768466162851,386.747167293061,386.753265152536,386.737168501809,386.744890268792,386.753855190703,386.735420420534,386.737168501809,386.736139439777,386.737168501809,386.767705217964,386.756618014168,386.730578959585,386.766891981289,386.764901756586,386.705963346817,386.748314020037,386.744171521148,386.753544203135,386.719506933043,386.763849077817,386.748302262814
386.78798520568,386.717584051773,386.737205028895,386.768466162851,386.747167293061,386.753265152536,386.737168501809,386.744890268792,386.753855190703,386.735420420534,386.737168501809,386.736139439777,386.737168501809,386.767705217964,386.756618014168,386.730578959585,386.766891981289,386.764901756586,386.705963346817,386.748314020037,386.744171521148,386.753544203135,386.719506933043,386.763849077817,386.748302262814
386.78798520568,386.717584051773,386.737205028895,386.768466162851,386.747167293061,386.753265152536,386.737168501809,386.744890268792,386.753855190703,386.735420420534,386.737168501809,386.736139439777,386.737168501809,386.767705217964,386.756618014168,386.730578959585,386.766891981289,386.764901756586,386.705963346817,386.748314020037,386.744171521148,386.753544203135,386.719506933043,386.763849077817,386.748302262814
386.78798520568,386.717584051773,386.737205028895,386.768466162851,386.747167293061,386.753265152536,386.737168501809,386.744890268792,386.753855190703,386.735420420534,386.737168501809,386.736139439777,386.737168501809,386.767705217964,386.756618014168,386.730578959585,386.766891981289,386.764901756586,386.705963346817,386.748314020037,386.744171521148,386.753544203135,386.719506933043,386.763849077817,386.748302262814
386.78798520568,386.717584051773,386.737205028895,386.768466162851,386.747167293061,386.753265152536,386.737168501809,386.744890268792,386.753855190703,386.735420420534,386.737168501809,386.736139439777,386.737168501809,386.767705217964,386.756618014168,386.730578959585,386.766891981289,386.764901756586,386.705963346817,386.748314020037,386.744171521148,386.753544203135,386.719506933043,386.763849077817,386.748302262814
386.78798520568,386.717584051773,386.737205028895,386.768466162851,386.747167293061,386.753265152536,386.737168501809,386.744890268792,386.753855190703,386.735420420534,386.737168501809,386.736139439777,386.737168501809,386.767705217964,386.756618014168,386.730578959585,386.766891981289,386.764901756586,386.705963346817,386.748314020037,386.744171521148,386.753544203135,386.719506933043,386.763849077817,386.748302262814
386.78798520568,386.717584051773,386.737205028895,386.768466162851,386.747167293061,386.753265152536,386.737168501809,386.744890268792,386.753855190703,386.735420420534,386.737168501809,386.736139439777,386.737168501809,386.767705217964,386.756618014168,386.730578959585,386.766891981289,386.764901756586,386.705963346817,386.748314020037,386.744171521148,386.753544203135,386.719506933043,386.763849077817,386.748302262814
386.78798520568,386.717584051773,386.737205028895,386.768466162851,386.747167293061,386.753265152536,386.737168501809,386.744890268792,386.753855190703,386.735420420534,386.737168501809,386.736139439777,386.737168501809,386.767705217964,386.756618014168,386.730578959585,386.766891981289,386.764901756586,386.705963346817,386.748314020037,386.744171521148,386.753544203135,386.719506933043,386.763849077817,386.748302262814
386.78798520568,386.717584051773,386.737205028895,386.768466162851,386.747167293061,386.753265152536,386.737168501809,386.744890268792,386.753855190703,386.735420420534,386.737168501809,386.736139439777,386.737168501809,386.767705217964,386.756618014168,386.730578959585,386.766891981289,386.764901756586,386.705963346817,386.748314020037,386.744171521148,386.753544203135,386.719506933043,386.763849077817,386.748302262814
386.78798520568,386.717584051773,386.737205028895,386.768466162851,386.747167293061,386.753265152536,386.737168501809,386.744890268792,386.753855190703,386.735420420534,386.737168501809,386.736139439777,386.737168501809,386.767705217964,386.756618014168,386.730578959585,386.766891981289,386.764901756586,386.705963346817,386.748314020037,386.744171521148,386.753544203135,386.719506933043,386.763849077817,386.748302262814
386.78798520568,386.717584051773,386.737205028895,386.768466162851,386.747167293061,386.753265152536,386.737168501809,386.744890268792,386.753855190703,386.735420420534,386.737168501809,386.736139439777,386.737168501809,386.767705217964,386.756618014168,386.730578959585,386.766891981289,386.764901756586,386.705963346817,386.748314020037,386.744171521148,386.753544203135,386.719506933043,386.763849077817,386.748302262814
386.78798520568,386.717584051773,386.737205028895,386.768466162851,386.747167293061,386.753265152536,386.737168501809,386.744890268792,386.753855190703,386.735420420534,386.737168501809,386.736139439777,386.737168501809,386.767705217964,386.756618014168,386.730578959585,386.766891981289,386.764901756586,386.705963346817,386.748314020037,386.744171521148,386.753544203135,386.719506933043,386.763849077817,386.748302262814
386.78798520568,386.717584051773,386.737205028895,386.768466162851,386.747167293061,386.753265152536,386.737168501809,386.744890268792,386.753855190703,386.735420420534,386.737168501809,386.736139439777,386.737168501809,386.767705217964,386.756618014168,386.730578959585,386.766891981289,386.764901756586,386.705963346817,386.748314020037,386.744171521148,386.753544203135,386.719506933043,386.763849077817,386.748302262814
386.78798520568,386.717584051773,386.737205028895,386.768466162851,386.747167293061,386.753265152536,386.737168501809,386.744890268792,386.753855190703,386.735420420534,386.737168501809,386.736139439777,386.737168501809,386.767705217964,386.756618014168,386.730578959585,386.766891981289,386.764901756586,386.705963346817,386.748314020037,386.744171521148,386.753544203135,386.719506933043,386.763849077817,386.748302262814
386.78798520568,386.717584051773,386.737205028895,386.768466162851,386.747167293061,386.753265152536,386.737168501809,386.744890268792,386.753855190703,386.735420420534,386.737168501809,386.736139439777,386.737168501809,386.767705217964,386.756618014168,386.730578959585,386.766891981289,386.764901756586,386.705963346817,386.748314020037,386.744171521148,386.753544203135,386.719506933043,386.763849077817,386.748302262814
386.78798520568,386.717584051773,386.737205028895,386.768466162851,386.747167293061,386.753265152536,386.737168501809,386.744890268792,386.753855190703,386.735420420534,386.737168501809,386.736139439777,386.737168501809,386.767705217964,386.756618014168,386.730578959585,386.766891981289,386.764901756586,386.705963346817,386.748314020037,386.744171521148,386.753544203135,386.719506933043,386.763849077817,386.748302262814
386.78798520568,386.717584051773,386.737205028895,386.768466162851,386.747167293061,386.753265152536,386.737168501809,386.744890268792,386.753855190703,386.735420420534,386.737168501809,386.736139439777,386.737168501809,386.767705217964,386.756618014168,386.730578959585,386.766891981289,386.764901756586,386.705963346817,386.748314020037,386.744171521148,386.753544203135,386.719506933043,386.763849077817,386.748302262814
386.78798520568,386.717584051773,386.737205028895,386.768466162851,386.747167293061,386.753265152536,386.737168501809,386.744890268792,386.753855190703,386.735420420534,386.737168501809,386.736139439777,386.737168501809,386.767705217964,386.756618014168,386.730578959585,386.766891981289,386.764901756586,386.705963346817,386.748314020037,386.744171521148,386.753544203135,386.719506933043,386.763849077817,386.748302262814
386.78798520568,386.717584051773,386.737205028895,386.768466162851,386.747167293061,386.753265152536,386.737168501809,386.744890268792,386.753855190703,386.735420420534,386.737168501809,386.736139439777,386.737168501809,386.767705217964,386.756618014168,386.730578959585,386.766891981289,386.764901756586,386.705963346817,386.748314020037,386.744171521148,386.753544203135,386.719506933043,386.763849077817,386.748302262814
386.78798520568,386.717584051773,386.737205028895,386.768466162851,386.747167293061,386.753265152536,386.737168501809,386.744890268792,386.753855190703,386.735420420534,386.737168501809,386.736139439777,386.737168501809,386.767705217964,386.756618014168,386.730578959585,386.766891981289,386.764901756586,386.705963346817,386.748314020037,386.744171521148,386.753544203135,386.719506933043,386.763849077817,386.748302262814
386.78798520568,386.717584051773,386.737205028895,386.768466162851,386.747167293061,386.753265152536,386.737168501809,386.744890268792,386.753855190703,386.735420420534,386.737168501809,386.736139439777,386.737168501809,386.767705217964,386.756618014168,386.730578959585,386.766891981289,386.764901756586,386.705963346817,386.748314020037,386.744171521148,386.753544203135,386.719506933043,386.763849077817,386.748302262814
386.78798520568,386.717584051773,386.737205028895,386.768466162851,386.747167293061,386.753265152536,386.737168501809,386.744890268792,386.753855190703,386.735420420534,386.737168501809,386.736139439777,386.737168501809,386.767705217964,386.756618014168,386.730578959585,386.766891981289,386.764901756586,386.705963346817,386.748314020037,386.744171521148,386.753544203135,386.719506933043,386.763849077817,386.748302262814
386.78798520568,386.717584051773,386.737205028895,386.768466162851,386.747167293061,386.753265152536,386.737168501809,386.744890268792,386.753855190703,386.735420420534,386.737168501809,386.736139439777,386.737168501809,386.767705217964,386.756618014168,386.730578959585,386.766891981289,386.764901756586,386.705963346817,386.748314020037,386.744171521148,386.753544203135,386.719506933043,386.763849077817,386.748302262814
386.78798520568,386.717584051773,386.737205028895,386.768466162851,386.747167293061,386.753265152536,386.737168501809,386.744890268792,386.753855190703,386.735420420534,386.737168501809,386.736139439777,386.737168501809,386.767705217964,386.756618014168,386.730578959585,386.766891981289,386.764901756586,386.705963346817,386.748314020037,386.744171521148,386.753544203135,386.719506933043,386.763849077817,386.748302262814
386.78798520568,386.717584051773,386.737205028895,386.768466162851,386.747167293061,386.753265152536,386.737168501809,386.744890268792,386.753855190703,386.735420420534,386.737168501809,386.736139439777,386.737168501809,386.767705217964,386.756618014168,386.730578959585,386.766891981289,386.764901756586,386.705963346817,386.748314020037,386.744171521148,386.753544203135,386.719506933043,386.763849077817,386.748302262814
386.78798520568,386.717584051773,386.737205028895,386.768466162851,386.747167293061,386.753265152536,386.737168501809,386.744890268792,386.753855190703,386.735420420534,386.737168501809,386.736139439777,386.737168501809,386.767705217964,386.756618014168,386.730578959585,386.766891981289,386.764901756586,386.705963346817,386.748314020037,386.744171521148,386.753544203135,386.719506933043,386.763849077817,386.748302262814
386.78798520568,386.717584051773,386.737205028895,386.768466162851,386.747167293061,386.753265152536,386.737168501809,386.744890268792,386.753855190703,386.735420420534,386.737168501809,386.736139439777,386.737168501809,386.767705217964,386.756618014168,386.730578959585,386.766891981289,386.764901756586,386.705963346817,386.748314020037,386.744171521148,386.753544203135,386.719506933043,386.763849077817,386.748302262814
386.78798520568,386.717584051773,386.737205028895,386.768466162851,386.747167293061,386.753265152536,386.737168501809,386.744890268792,386.753855190703,386.735420420534,386.737168501809,386.736139439777,386.737168501809,386.767705217964,386.756618014168,386.730578959585,386.766891981289,386.764901756586,386.705963346817,386.748314020037,386.744171521148,386.753544203135,386.719506933043,386.763849077817,386.748302262814
386.78798520568,386.717584051773,386.737205028895,386.768466162851,386.747167293061,386.753265152536,386.737168501809,386.744890268792,386.753855190703,386.735420420534,386.737168501809,386.736139439777,386.737168501809,386.767705217964,386.756618014168,386.730578959585,386.766891981289,386.764901756586,386.705963346817,386.748314020037,386.744171521148,386.753544203135,386.719506933043,386.763849077817,386.748302262814
386.78798520568,386.717584051773,386.737205028895,386.768466162851,386.747167293061,386.753265152536,386.737168501809,386.744890268792,386.753855190703,386.735420420534,386.737168501809,386.736139439777,386.737168501809,386.767705217964,386.756618014168,386.730578959585,386.766891981289,386.764901756586,386.705963346817,386.748314020037,386.744171521148,386.753544203135,386.719506933043,386.763849077817,386.748302262814
386.78798520568,386.717584051773,386.737205028895,386.768466162851,386.747167293061,386.753265152536,386.737168501809,386.744890268792,386.753855190703,386.735420420534,386.737168501809,386.736139439777,386.737168501809,386.767705217964,386.756618014168,386.730578959585,386.766891981289,386.764901756586,386.705963346817,386.748314020037,386.744171521148,386.753544203135,386.719506933043,386.763849077817,386.748302262814
386.78798520568,386.717584051773,386.737205028895,386.768466162851,386.747167293061,386.753265152536,386.737168501809,386.744890268792,386.753855190703,386.735420420534,386.737168501809,386.736139439777,386.737168501809,386.767705217964,386.756618014168,386.730578959585,386.766891981289,386.764901756586,386.705963346817,386.748314020037,386.744171521148,386.753544203135,386.719506933043,386.763849077817,386.748302262814
386.78798520568,386.717584051773,386.737205028895,386.768466162851,386.747167293061,386.753265152536,386.737168501809,386.744890268792,386.753855190703,386.735420420534,386.737168501809,386.736139439777,386.737168501809,386.767705217964,386.756618014168,386.730578959585,386.766891981289,386.764901756586,386.705963346817,386.748314020037,386.744171521148,386.753544203135,386.719506933043,386.763849077817,386.748302262814
386.78798520568,386.717584051773,386.737205028895,386.768466162851,386.747167293061,386.753265152536,386.737168501809,386.744890268792,386.753855190703,386.735420420534,386.737168501809,386.736139439777,386.737168501809,386.767705217964,386.756618014168,386.730578959585,386.766891981289,386.764901756586,386.705963346817,386.748314020037,386.744171521148,386.753544203135,386.719506933043,386.763849077817,386.748302262814
386.78798520568,386.717584051773,386.737205028895,386.768466162851,386.747167293061,386.753265152536,386.737168501809,386.744890268792,386.753855190703,386.735420420534,386.737168501809,386.736139439777,386.737168501809,386.767705217964,386.756618014168,386.730578959585,386.766891981289,386.764901756586,386.705963346817,386.748314020037,386.744171521148,386.753544203135,386.719506933043,386.763849077817,386.748302262814
386.78798520568,386.717584051773,386.737205028895,386.768466162851,386.747167293061,386.753265152536,386.737168501809,386.744890268792,386.753855190703,386.735420420534,386.737168501809,386.736139439777,386.737168501809,386.767705217964,386.756618014168,386.730578959585,386.766891981289,386.764901756586,386.705963346817,386.748314020037,386.744171521148,386.753544203135,386.719506933043,386.763849077817,386.748302262814
386.78798520568,386.717584051773,386.737205028895,386.768466162851,386.747167293061,386.753265152536,386.737168501809,386.744890268792,386.753855190703,386.735420420534,386.737168501809,386.736139439777,386.737168501809,386.767705217964,386.756618014168,386.730578959585,386.766891981289,386.764901756586,386.705963346817,386.748314020037,386.744171521148,386.753544203135,386.719506933043,386.763849077817,386.748302262814
386.78798520568,386.717584051773,386.737205028895,386.768466162851,386.747167293061,386.753265152536,386.737168501809,386.744890268792,386.753855190703,386.735420420534,386.737168501809,386.736139439777,386.737168501809,386.767705217964,386.756618014168,386.730578959585,386.766891981289,386.764901756586,386.705963346817,386.748314020037,386.744171521148,386.753544203135,386.719506933043,386.763849077817,386.748302262814
386.78798520568,386.717584051773,386.737205028895,386.768466162851,386.747167293061,386.753265152536,386.737168501809,386.744890268792,386.753855190703,386.735420420534,386.737168501809,386.736139439777,386.737168501809,386.767705217964,386.756618014168,386.730578959585,386.766891981289,386.764901756586,386.705963346817,386.748314020037,386.744171521148,386.753544203135,386.719506933043,386.763849077817,386.748302262814
386.78798520568,386.717584051773,386.737205028895,386.768466162851,386.747167293061,386.753265152536,386.737168501809,386.744890268792,386.753855190703,386.735420420534,386.737168501809,386.736139439777,386.737168501809,386.767705217964,386.756618014168,386.730578959585,386.766891981289,386.764901756586,386.705963346817,386.748314020037,386.744171521148,386.753544203135,386.719506933043,386.763849077817,386.748302262814
386.78798520568,386.717584051773,386.737205028895,386.768466162851,386.747167293061,386.753265152536,386.737168501809,386.744890268792,386.753855190703,386.735420420534,386.737168501809,386.736139439777,386.737168501809,386.767705217964,386.756618014168,386.730578959585,386.766891981289,386.764901756586,386.705963346817,386.748314020037,386.744171521148,386.753544203135,386.719506933043,386.763849077817,386.748302262814
386.78798520568,386.717584051773,386.737205028895,386.768466162851,386.747167293061,386.753265152536,386.737168501809,386.744890268792,386.753855190703,386.735420420534,386.737168501809,386.736139439777,386.737168501809,386.767705217964,386.756618014168,386.730578959585,386.766891981289,386.764901756586,386.705963346817,386.748314020037,386.744171521148,386.753544203135,386.719506933043,386.763849077817,386.748302262814
386.78798520568,386.717584051773,386.737205028895,386.768466162851,386.747167293061,386.753265152536,386.737168501809,386.744890268792,386.753855190703,386.735420420534,386.737168501809,386.736139439777,386.737168501809,386.767705217964,386.756618014168,386.730578959585,386.766891981289,386.764901756586,386.705963346817,386.748314020037,386.744171521148,386.753544203135,386.719506933043,386.763849077817,386.748302262814
386.78798520568,386.717584051773,386.737205028895,386.768466162851,386.747167293061,386.753265152536,386.737168501809,386.744890268792,386.753855190703,386.735420420534,386.737168501809,386.736139439777,386.737168501809,386.767705217964,386.756618014168,386.730578959585,386.766891981289,386.764901756586,386.705963346817,386.748314020037,386.744171521148,386.753544203135,386.719506933043,386.763849077817,386.748302262814
386.78798520568,386.717584051773,386.737205028895,386.768466162851,386.747167293061,386.753265152536,386.737168501809,386.744890268792,386.753855190703,386.735420420534,386.737168501809,386.736139439777,386.737168501809,386.767705217964,386.756618014168,386.730578959585,386.766891981289,386.764901756586,386.705963346817,386.748314020037,386.744171521148,386.753544203135,386.719506933043,386.763849077817,386.748302262814
386.78798520568,386.717584051773,386.737205028895,386.768466162851,386.747167293061,386.753265152536,386.737168501809,386.744890268792,386.753855190703,386.735420420534,386.737168501809,386.736139439777,386.737168501809,386.767705217964,386.756618014168,386.730578959585,386.766891981289,386.764901756586,386.705963346817,386.748314020037,386.744171521148,386.753544203135,386.719506933043,386.763849077817,386.748302262814
386.78798520568,386.717584051773,386.737205028895,386.768466162851,386.747167293061,386.753265152536,386.737168501809,386.744890268792,386.753855190703,386.735420420534,386.737168501809,386.736139439777,386.737168501809,386.767705217964,386.756618014168,386.730578959585,386.766891981289,386.764901756586,386.705963346817,386.748314020037,386.744171521148,386.753544203135,386.719506933043,386.763849077817,386.748302262814
386.78798520568,386.717584051773,386.737205028895,386.768466162851,386.747167293061,386.753265152536,386.737168501809,386.744890268792,386.753855190703,386.735420420534,386.737168501809,386.736139439777,386.737168501809,386.767705217964,386.756618014168,386.730578959585,386.766891981289,386.764901756586,386.705963346817,386.748314020037,386.744171521148,386.753544203135,386.719506933043,386.763849077817,386.748302262814
386.78798520568,386.717584051773,386.737205028895,386.768466162851,386.747167293061,386.753265152536,386.737168501809,386.744890268792,386.753855190703,386.735420420534,386.737168501809,386.736139439777,386.737168501809,386.767705217964,386.756618014168,386.730578959585,386.766891981289,386.764901756586,386.705963346817,386.748314020037,386.744171521148,386.753544203135,386.719506933043,386.763849077817,386.748302262814
386.78798520568,386.717584051773,386.737205028895,386.768466162851,386.747167293061,386.753265152536,386.737168501809,386.744890268792,386.753855190703,386.735420420534,386.737168501809,386.736139439777,386.737168501809,386.767705217964,386.756618014168,386.730578959585,386.766891981289,386.764901756586,386.705963346817,386.748314020037,386.744171521148,386.753544203135,386.719506933043,386.763849077817,386.748302262814
386.78798520568,386.717584051773,386.737205028895,386.768466162851,386.747167293061,386.753265152536,386.737168501809,386.744890268792,386.753855190703,386.735420420534,386.737168501809,386.736139439777,386.737168501809,386.767705217964,386.756618014168,386.730578959585,386.766891981289,386.764901756586,386.705963346817,386.748314020037,386.744171521148,386.753544203135,386.719506933043,386.763849077817,386.748302262814
386.78798520568,386.717584051773,386.737205028895,386.768466162851,386.747167293061,386.753265152536,386.737168501809,386.744890268792,386.753855190703,386.735420420534,386.737168501809,386.736139439777,386.737168501809,386.767705217964,386.756618014168,386.730578959585,386.766891981289,386.764901756586,386.705963346817,386.748314020037,386.744171521148,386.753544203135,386.719506933043,386.763849077817,386.748302262814
386.78798520568,386.717584051773,386.737205028895,386.768466162851,386.747167293061,386.753265152536,386.737168501809,386.744890268792,386.753855190703,386.735420420534,386.737168501809,386.736139439777,386.737168501809,386.767705217964,386.756618014168,386.730578959585,386.766891981289,386.764901756586,386.705963346817,386.748314020037,386.744171521148,386.753544203135,386.719506933043,386.763849077817,386.748302262814
386.78798520568,386.717584051773,386.737205028895,386.768466162851,386.747167293061,386.753265152536,386.737168501809,386.744890268792,386.753855190703,386.735420420534,386.737168501809,386.736139439777,386.737168501809,386.767705217964,386.756618014168,386.730578959585,386.766891981289,386.764901756586,386.705963346817,386.748314020037,386.744171521148,386.753544203135,386.719506933043,386.763849077817,386.748302262814
386.78798520568,386.717584051773,386.737205028895,386.768466162851,386.747167293061,386.753265152536,386.737168501809,386.744890268792,386.753855190703,386.735420420534,386.737168501809,386.736139439777,386.737168501809,386.767705217964,386.756618014168,386.730578959585,386.766891981289,386.764901756586,386.705963346817,386.748314020037,386.744171521148,386.753544203135,386.719506933043,386.763849077817,386.748302262814
386.78798520568,386.717584051773,386.737205028895,386.768466162851,386.747167293061,386.753265152536,386.737168501809,386.744890268792,386.753855190703,386.735420420534,386.737168501809,386.736139439777,386.737168501809,386.767705217964,386.756618014168,386.730578959585,386.766891981289,386.764901756586,386.705963346817,386.748314020037,386.744171521148,386.753544203135,386.719506933043,386.763849077817,386.748302262814
386.78798520568,386.717584051773,386.737205028895,386.768466162851,386.747167293061,386.753265152536,386.737168501809,386.744890268792,386.753855190703,386.735420420534,386.737168501809,386.736139439777,386.737168501809,386.767705217964,386.756618014168,386.730578959585,386.766891981289,386.764901756586,386.705963346817,386.748314020037,386.744171521148,386.753544203135,386.719506933043,386.763849077817,386.748302262814
386.78798520568,386.717584051773,386.737205028895,386.768466162851,386.747167293061,386.753265152536,386.737168501809,386.744890268792,386.753855190703,386.735420420534,386.737168501809,386.736139439777,386.737168501809,386.767705217964,386.756618014168,386.730578959585,386.766891981289,386.764901756586,386.705963346817,386.748314020037,386.744171521148,386.753544203135,386.719506933043,386.763849077817,386.748302262814
