19133.2555158777,38584.4708389796,3101.44517237377,6546.28081769273,3281.89425252179,5734.97348848535,17154.405896654,4463.98020496596,4707.46979078305,6398.00939579664,3422.81466266271,20888.4641603257,5897.78924764125,19544.0260251566,2946.53379792225,7373.61026742401,10290.4584635342,6131.47457129658,3859.16508899664,5369.82974745116,6023.71367801354,3291.75870388915,9919.83318596783,41193.1131698499,5276.67157824713
19133.2555158777,38584.4708389796,3101.44517237377,6546.28081769273,3281.89425252179,5734.97348848535,17154.405896654,4463.98020496596,4707.46979078305,6398.00939579664,3422.81466266271,20888.4641603257,5897.78924764125,19544.0260251566,2946.53379792225,7373.61026742401,10290.4584635342,6131.47457129658,3859.16508899664,5369.82974745116,6023.71367801354,3291.75870388915,9919.83318596783,41193.1131698499,5276.67157824713
19133.2555158777,38584.4708389796,3101.44517237377,6546.28081769273,2653.40282818365,5734.97348848535,17154.405896654,4463.98020496596,4707.46979078305,6398.00939579664,3422.81466266271,20888.4641603257,5897.78924764125,19544.0260251566,2946.53379792225,2709.03353258168,10290.4584635342,6131.47457129658,3859.16508899664,5369.82974745116,6023.71367801354,3291.75870388915,9919.83318596783,41193.1131698499,5276.67157824713
19133.2555158777,13042.4545275867,2827.77037321035,6546.28081769273,1552.43136132497,5734.97348848535,17154.405896654,3068.99390955536,4707.46979078305,5060.08670042816,2354.7078962456,3963.21995710043,5897.78924764125,19544.0260251566,2946.53379792225,1543.63276629364,10290.4584635342,6122.06636956405,3859.16508899664,5369.82974745116,2185.52288458589,3291.75870388915,5698.41087255829,41193.1131698499,3955.04166592338
19133.2555158777,3922.82013317214,2768.9865096203,5239.32271585313,1552.43136132497,5734.97348848535,17154.405896654,3068.99390955536,4707.46979078305,3241.90968317882,1828.1119162908,3963.21995710043,5897.78924764125,19544.0260251566,2946.53379792225,1543.63276629364,10290.4584635342,2799.49607311592,3859.16508899664,5369.82974745116,2185.52288458589,3291.75870388915,4127.93745315627,41193.1131698499,2628.97189241205
19133.2555158777,3922.43957146247,2768.9865096203,5239.32271585313,1552.43136132497,5734.97348848535,17154.405896654,3068.99390955536,4707.46979078305,3241.90968317882,1828.1119162908,3963.21995710043,5897.78924764125,19544.0260251566,2946.53379792225,1543.63276629364,10290.4584635342,2799.49607311592,3859.16508899664,5369.82974745116,2185.52288458589,3291.75870388915,4127.93745315627,41193.1131698499,2628.97189241205
19133.2555158777,3922.43957146247,2768.9865096203,5239.32271585313,1552.43136132497,5734.97348848535,17154.405896654,3068.99390955536,4707.46979078305,3241.90968317882,1828.1119162908,3963.21995710043,5897.78924764125,19544.0260251566,2946.53379792225,1543.63276629364,10290.4584635342,2799.49607311592,3859.16508899664,5369.82974745116,2185.52288458589,3291.75870388915,4127.93745315627,41193.1131698499,2628.97189241205
19133.2555158777,3922.43957146247,2768.9865096203,5239.32271585313,1552.43136132497,5734.97348848535,17154.405896654,3068.99390955536,4707.46979078305,3241.90968317882,1828.1119162908,3963.21995710043,5897.78924764125,19544.0260251566,2946.53379792225,1543.63276629364,10290.4584635342,2799.49607311592,3859.16508899664,5369.82974745116,2185.52288458589,3291.75870388915,4127.93745315627,41193.1131698499,2628.97189241205
19133.2555158777,2825.51789986673,2768.9865096203,5239.32271585313,1552.43136132497,5734.97348848535,17154.405896654,2354.247443738,4707.46979078305,3241.90968317882,1828.1119162908,3963.21995710043,5897.78924764125,19544.0260251566,2946.53379792225,1543.63276629364,10290.4584635342,2799.49607311592,2498.816385398,5369.82974745116,2185.52288458589,3291.75870388915,4127.93745315627,41193.1131698499,2628.97189241205
19133.2555158777,2825.51789986673,2172.5345299109,5239.32271585313,1552.43136132497,5734.97348848535,17154.405896654,2354.247443738,4707.46979078305,1533.51115147821,1696.6879018876,2739.40928328154,5897.78924764125,19544.0260251566,2946.53379792225,1543.63276629364,3165.26483586238,2799.49607311592,2431.27632265085,5369.82974745116,2185.52288458589,3291.75870388915,4127.93745315627,41193.1131698499,1721.251684463
19133.2555158777,2381.96976354261,1582.21923780163,5239.32271585313,1552.43136132497,5734.97348848535,17154.405896654,2321.58614678625,4707.46979078305,1533.51115147821,1537.400339803,1829.36601993721,5897.78924764125,19544.0260251566,2946.53379792225,1543.63276629364,3165.26483586238,2799.49607311592,1760.95794651664,3189.70562176048,1428.22046060929,3067.03791100787,2986.54472362472,41193.1131698499,1721.251684463
19133.2555158777,2381.96976354261,1582.21923780163,2527.75460904767,1552.43136132497,5734.97348848535,17154.405896654,2184.24976186,4707.46979078305,1533.51115147821,1432.1286397173,1829.36601993721,5897.78924764125,19544.0260251566,2946.53379792225,1132.94739846243,3165.26483586238,2799.49607311592,1487.37889637762,2789.33115879359,1428.22046060929,2472.36818820851,1634.8609824225,41193.1131698499,1721.251684463
19133.2555158777,1441.71134629699,1582.21923780163,2527.75460904767,1552.43136132497,5734.97348848535,17154.405896654,1968.668231726,4707.46979078305,1533.51115147821,1432.1286397173,1829.36601993721,5897.78924764125,19544.0260251566,2946.53379792225,1023.11722276021,3165.26483586238,2799.49607311592,1487.37889637762,2426.44293009517,1428.22046060929,1711.04974762517,1634.8609824225,41193.1131698499,1378.42936692136
19133.2555158777,1441.71134629699,1439.28029342346,2463.60155788069,1552.43136132497,5734.97348848535,17154.405896654,1840.8848029446,4707.46979078305,1533.51115147821,1432.1286397173,1611.20878677106,5897.78924764125,19544.0260251566,2946.53379792225,1023.11722276021,2312.66348743225,2121.53878626307,1487.37889637762,2071.61953383956,1428.22046060929,1711.04974762517,1634.8609824225,41193.1131698499,1108.28093660423
4306.17800069557,1156.19995235416,1439.28029342346,2044.75915502056,1552.43136132497,5734.97348848535,17154.405896654,1303.8719495672,4707.46979078305,1533.51115147821,1397.7274728671,1417.42394121017,5897.78924764125,19544.0260251566,2946.53379792225,849.230786482893,2312.66348743225,2121.53878626307,1007.08299151642,1212.38976652084,1428.22046060929,1711.04974762517,1634.8609824225,4523.4580510445,1108.28093660423
4306.17800069557,1035.55932117402,1346.46109124726,1814.60505963345,1166.13711773769,2889.36697590338,12326.6491249681,1216.18969166701,4707.46979078305,1533.51115147821,1397.7274728671,1412.29873922472,5897.78924764125,3163.41826743879,2946.53379792225,849.230786482893,2312.66348743225,1291.42648656052,1007.08299151642,1127.25449245871,1293.8255002495,1479.47173639149,1634.8609824225,2556.58430939833,951.742282353071
2406.84605234263,1035.55932117402,1346.46109124726,1404.68402918941,1103.38610120401,1952.23995554102,2010.48070824241,1216.18969166701,4707.46979078305,1115.23633337117,1397.7274728671,1412.29873922472,3189.72262341245,2271.62671566039,2946.53379792225,849.230786482893,2219.90808612249,1291.42648656052,1007.08299151642,1127.25449245871,1293.8255002495,1296.65480613604,1371.43961170741,2556.58430939833,951.742282353071
1711.94540568809,1035.55932117402,864.296375837376,1183.86087855788,1103.38610120401,1851.60604354106,2010.48070824241,1216.18969166701,4707.46979078305,1097.49896231115,1312.91122572667,1412.29873922472,3189.72262341245,1957.41729989139,2946.53379792225,849.230786482893,1771.37069750535,1291.42648656052,1007.08299151642,1127.25449245871,1293.8255002495,1072.7869176169,1239.96446447839,2232.98060761831,906.516041446306
1711.94540568809,1035.55932117402,734.130631360435,1047.7310811214,855.939652507353,1851.60604354106,1769.82648404686,1064.66873259422,4707.46979078305,1097.49896231115,1127.68636449905,1347.52950812487,3189.72262341245,1191.13615224638,2946.53379792225,823.369025108023,1617.49451490959,922.103755848159,1007.08299151642,1127.25449245871,1293.8255002495,1072.7869176169,1239.96446447839,2171.31823107929,906.516041446306
1232.4586893811,1035.55932117402,734.130631360435,1047.7310811214,855.939652507353,1477.66428365858,1475.55679194576,976.130763963765,4707.46979078305,1097.49896231115,1127.68636449905,1347.52950812487,3189.72262341245,1169.13815223819,2946.53379792225,823.369025108023,1346.18218152653,922.103755848159,1007.08299151642,1055.65889843512,1293.8255002495,1064.22631568442,805.97130582868,1469.75599006969,906.516041446306
1232.4586893811,1035.55932117402,734.130631360435,1047.7310811214,855.939652507353,1107.62633135245,1292.12194076754,976.130763963765,4707.46979078305,1097.49896231115,582.984264771488,1257.51606809909,2891.53695712735,1169.13815223819,2946.53379792225,823.369025108023,1346.18218152653,922.103755848159,1007.08299151642,1055.65889843512,1267.3887956612,1064.22631568442,805.97130582868,1469.75599006969,906.516041446306
1232.4586893811,1035.55932117402,734.130631360435,1047.7310811214,618.014568707045,960.769752704288,1292.12194076754,976.130763963765,4707.46979078305,1097.49896231115,582.984264771488,1196.87258494351,1839.09991343227,1169.13815223819,2946.53379792225,823.369025108023,1346.18218152653,922.103755848159,1007.08299151642,989.31835512996,1267.3887956612,905.878240525707,805.97130582868,1093.55858142678,906.516041446306
1232.4586893811,1035.55932117402,734.130631360435,1047.7310811214,618.014568707045,844.704720453499,1234.05462001972,976.130763963765,4707.46979078305,1097.49896231115,582.984264771488,1196.87258494351,1839.09991343227,1088.68510925266,2417.27609492675,823.369025108023,1156.22832502005,880.870965158164,1007.08299151642,989.31835512996,847.183997270223,761.930146876305,805.97130582868,1093.55858142678,708.946232243414
881.520821928701,815.289575314207,734.130631360435,1047.7310811214,618.014568707045,844.704720453499,1021.75727090043,976.130763963765,4113.42198050069,1097.49896231115,582.984264771488,1166.29781137868,1729.80132878054,872.52112825215,2089.59679635889,823.369025108023,932.736501036984,880.870965158164,913.318802097558,989.31835512996,847.183997270223,585.840007577017,805.97130582868,991.114106349647,708.946232243414
881.520821928701,815.289575314207,734.130631360435,1047.7310811214,618.014568707045,844.704720453499,1021.75727090043,976.130763963765,3411.45870570858,1097.49896231115,582.984264771488,1103.14376489556,1351.97798168002,629.764341128989,2089.59679635889,823.369025108023,932.736501036984,880.870965158164,913.318802097558,989.31835512996,847.183997270223,585.840007577017,805.97130582868,991.114106349647,708.946232243414
881.520821928701,815.289575314207,734.130631360435,1047.7310811214,618.014568707045,798.405390982339,1021.75727090043,732.342803524866,2235.36618045781,1097.49896231115,582.984264771488,954.315143342174,1351.47561135928,629.764341128989,1546.03042799729,823.369025108023,932.736501036984,880.870965158164,738.17073877526,989.31835512996,847.183997270223,585.840007577017,731.629743017545,936.011353107209,686.630583951097
881.520821928701,815.289575314207,734.130631360435,1012.07720573598,618.014568707045,798.405390982339,1021.75727090043,732.342803524866,2050.92272524953,1026.76772756719,582.984264771488,954.315143342174,1351.47561135928,629.764341128989,1546.03042799729,691.778001341189,932.736501036984,762.056896810681,611.312877071036,989.31835512996,847.183997270223,585.840007577017,731.629743017545,546.947750514915,686.630583951097
585.682025670082,815.289575314207,734.130631360435,879.551140152685,618.014568707045,798.405390982339,974.799026386605,631.327876525273,1593.10593643113,945.300870533732,582.984264771488,954.315143342174,999.461812924619,629.764341128989,1532.28172379984,691.778001341189,932.736501036984,627.294855962913,611.312877071036,916.45202762329,847.183997270223,585.840007577017,537.025847358346,546.947750514915,686.630583951097
585.682025670082,815.289575314207,734.130631360435,633.505796379926,618.014568707045,711.830802236954,583.359225656846,631.327876525273,1411.99639577228,945.300870533732,582.984264771488,954.315143342174,999.461812924619,629.764341128989,1401.92388626534,691.778001341189,537.453627253645,627.294855962913,611.312877071036,872.205833864337,847.183997270223,585.840007577017,432.531905521285,546.947750514915,686.630583951097
585.682025670082,783.560909768046,734.130631360435,617.584261489101,618.014568707045,711.830802236954,583.359225656846,631.327876525273,1241.00937853631,809.984183287887,320.795987067081,954.315143342174,999.461812924619,629.764341128989,1077.51710025896,691.778001341189,537.453627253645,626.782217392215,604.326491133627,698.364586379907,822.94260209507,561.19978848248,432.531905521285,546.947750514915,686.630583951097
585.682025670082,783.560909768046,734.130631360435,617.584261489101,618.014568707045,711.830802236954,583.359225656846,631.327876525273,1241.00937853631,809.984183287887,320.795987067081,898.632258441626,859.605021917391,629.764341128989,881.054705383726,416.253286533773,537.453627253645,626.782217392215,604.326491133627,698.364586379907,822.94260209507,517.370022694867,432.531905521285,546.947750514915,651.292210835556
585.682025670082,363.116555374455,734.130631360435,617.584261489101,618.014568707045,711.830802236954,583.359225656846,631.327876525273,1241.00937853631,766.832321174385,320.795987067081,898.632258441626,859.605021917391,629.764341128989,881.054705383726,416.253286533773,480.054071544866,626.782217392215,604.326491133627,681.505996488306,764.770906475343,517.370022694867,432.531905521285,546.947750514915,651.292210835556
585.682025670082,363.116555374455,734.130631360435,617.584261489101,618.014568707045,676.005779737148,583.359225656846,631.327876525273,1241.00937853631,556.272213304525,320.795987067081,727.778596367386,859.605021917391,574.266273270202,881.054705383726,416.253286533773,480.054071544866,626.782217392215,604.326491133627,681.505996488306,624.972394048614,517.370022694867,432.531905521285,546.947750514915,651.292210835556
585.682025670082,363.116555374455,734.130631360435,617.584261489101,618.014568707045,676.005779737148,583.359225656846,631.327876525273,1177.71544832409,556.272213304525,320.795987067081,661.954879228583,719.091856063111,574.266273270202,881.054705383726,416.253286533773,480.054071544866,521.61201404525,604.326491133627,565.746550314723,624.972394048614,367.818052441696,422.320461294502,546.947750514915,622.424896986243
585.682025670082,363.116555374455,734.130631360435,617.584261489101,618.014568707045,676.005779737148,583.359225656846,631.327876525273,1177.71544832409,556.272213304525,320.795987067081,587.710099035784,719.091856063111,574.266273270202,881.054705383726,416.253286533773,480.054071544866,521.61201404525,604.326491133627,565.746550314723,624.972394048614,367.818052441696,422.320461294502,546.947750514915,543.937572903322
585.682025670082,363.116555374455,734.130631360435,617.584261489101,611.896884501625,676.005779737148,583.359225656846,631.327876525273,1151.65791872208,556.272213304525,320.795987067081,587.710099035784,719.091856063111,526.178158679399,881.054705383726,416.253286533773,480.054071544866,521.61201404525,604.326491133627,565.746550314723,624.972394048614,367.818052441696,422.320461294502,478.616885257353,399.236117889879
509.024953285018,363.116555374455,734.130631360435,428.604442650742,611.896884501625,676.005779737148,583.359225656846,631.327876525273,950.52457536016,556.272213304525,320.795987067081,510.28093335724,719.091856063111,375.72407008387,881.054705383726,416.253286533773,480.054071544866,459.76704956885,604.326491133627,565.746550314723,624.972394048614,367.818052441696,422.320461294502,478.616885257353,302.864064655323
509.024953285018,363.116555374455,473.342125632641,428.604442650742,611.896884501625,596.703577965984,583.359225656846,612.306520549307,950.52457536016,556.272213304525,261.156383429381,510.28093335724,719.091856063111,375.72407008387,881.054705383726,416.253286533773,480.054071544866,388.050167931659,604.326491133627,565.746550314723,624.972394048614,367.818052441696,422.320461294502,478.616885257353,302.864064655323
509.024953285018,334.238260328018,473.342125632641,428.604442650742,611.896884501625,596.703577965984,583.359225656846,570.599621313831,950.52457536016,556.272213304525,261.156383429381,510.28093335724,719.091856063111,375.72407008387,449.579937649199,416.253286533773,480.054071544866,326.045943003469,604.326491133627,565.746550314723,624.972394048614,367.818052441696,422.320461294502,478.616885257353,302.864064655323
509.024953285018,334.238260328018,428.873276085808,428.604442650742,611.896884501625,492.527736537471,481.969741326902,570.599621313831,950.52457536016,556.272213304525,260.559860402141,510.28093335724,719.091856063111,375.72407008387,449.579937649199,416.253286533773,447.135945286633,326.045943003469,592.08305953621,565.746550314723,624.972394048614,367.818052441696,366.701610668983,478.616885257353,277.109472371642
509.024953285018,334.238260328018,428.873276085808,428.604442650742,611.896884501625,436.993801513795,481.969741326902,430.791382215337,847.492768415844,556.272213304525,260.559860402141,510.28093335724,719.091856063111,375.72407008387,449.579937649199,416.253286533773,447.135945286633,326.045943003469,517.541762094585,565.746550314723,624.928707387162,367.818052441696,366.701610668983,478.616885257353,277.109472371642
509.024953285018,334.238260328018,413.178137586272,428.604442650742,611.896884501625,436.993801513795,481.969741326902,430.791382215337,847.492768415844,497.662495409123,260.559860402141,510.28093335724,604.074169941533,375.72407008387,449.579937649199,406.213202810907,447.135945286633,326.045943003469,289.83920195721,565.746550314723,624.928707387162,367.818052441696,317.731806927727,428.178268096417,277.109472371642
509.024953285018,334.238260328018,413.178137586272,428.604442650742,445.404839069574,436.993801513795,398.12136598749,425.434885970436,847.492768415844,497.662495409123,260.559860402141,510.28093335724,604.074169941533,375.72407008387,449.579937649199,406.213202810907,443.673263842637,326.045943003469,289.83920195721,565.746550314723,624.928707387162,367.818052441696,317.731806927727,428.178268096417,277.109472371642
509.024953285018,334.238260328018,413.178137586272,428.604442650742,445.404839069574,428.632790789089,398.12136598749,395.668712109089,847.492768415844,413.088270344748,260.559860402141,510.28093335724,483.631056648531,375.72407008387,449.579937649199,406.213202810907,443.673263842637,326.045943003469,289.83920195721,349.608417942836,408.75346458546,367.818052441696,317.731806927727,393.547254167802,277.109472371642
509.024953285018,334.238260328018,413.178137586272,428.604442650742,445.404839069574,365.52508951609,398.12136598749,395.668712109089,747.263075358866,413.088270344748,260.559860402141,510.28093335724,326.911837536854,375.72407008387,449.579937649199,358.615587309341,443.673263842637,326.045943003469,289.83920195721,349.608417942836,408.75346458546,353.259390356227,301.194917822205,393.547254167802,277.109472371642
509.024953285018,334.238260328018,413.178137586272,428.604442650742,445.404839069574,365.52508951609,398.12136598749,395.668712109089,747.263075358866,386.136390662113,260.559860402141,510.28093335724,326.911837536854,375.72407008387,449.579937649199,322.016574379726,443.673263842637,326.045943003469,289.83920195721,349.608417942836,408.75346458546,353.259390356227,215.04768120823,388.905026888234,277.109472371642
509.024953285018,334.096414246793,413.178137586272,428.604442650742,445.404839069574,365.52508951609,398.12136598749,326.38388291509,666.198435175788,386.136390662113,260.559860402141,510.28093335724,326.911837536854,375.72407008387,449.579937649199,322.016574379726,443.673263842637,326.045943003469,289.83920195721,349.608417942836,408.75346458546,325.185880451643,215.04768120823,375.915013924252,277.109472371642
412.813520922951,334.096414246793,402.352698870595,428.604442650742,445.404839069574,365.52508951609,369.169551095597,326.38388291509,666.198435175788,386.136390662113,260.559860402141,510.28093335724,326.911837536854,375.72407008387,449.579937649199,322.016574379726,432.327503075531,326.045943003469,289.83920195721,349.608417942836,408.75346458546,282.592965632099,208.756584630401,265.239051403697,277.109472371642
412.813520922951,334.096414246793,319.932575736698,428.604442650742,445.404839069574,365.52508951609,369.169551095597,324.30726228281,666.198435175788,386.136390662113,260.559860402141,510.28093335724,326.911837536854,375.72407008387,449.579937649199,217.155037565137,432.327503075531,326.045943003469,289.83920195721,263.518493789822,408.75346458546,282.592965632099,191.127037735779,265.239051403697,277.109472371642
379.097645797371,334.096414246793,319.932575736698,428.604442650742,445.404839069574,365.52508951609,237.480519380286,317.477376956268,666.198435175788,386.136390662113,260.559860402141,496.352851862174,326.911837536854,307.759069680911,449.579937649199,217.155037565137,432.327503075531,326.045943003469,289.83920195721,263.518493789822,408.75346458546,275.174607644342,171.474700504113,265.239051403697,277.109472371642
379.097645797371,334.096414246793,319.932575736698,428.604442650742,445.404839069574,357.471940932924,237.480519380286,317.477376956268,666.198435175788,386.136390662113,260.559860402141,496.352851862174,326.911837536854,307.759069680911,449.579937649199,217.155037565137,375.276605055378,326.045943003469,289.83920195721,263.518493789822,365.532014938558,275.174607644342,171.474700504113,265.239051403697,277.109472371642
379.097645797371,334.096414246793,311.582232029158,428.604442650742,445.404839069574,357.471940932924,237.480519380286,317.477376956268,666.198435175788,386.136390662113,236.978532260636,496.352851862174,326.911837536854,307.759069680911,449.579937649199,217.155037565137,331.50274524694,326.045943003469,289.83920195721,263.518493789822,365.532014938558,275.174607644342,171.474700504113,265.239051403697,162.704089190745
379.097645797371,320.490894954513,311.582232029158,428.604442650742,445.404839069574,280.214516260432,237.480519380286,317.205864400075,666.198435175788,368.961022787713,236.978532260636,496.352851862174,326.911837536854,307.759069680911,298.411129573295,217.155037565137,331.50274524694,326.045943003469,289.83920195721,263.518493789822,365.532014938558,240.372161342736,167.952229951505,265.239051403697,162.704089190745
379.097645797371,320.490894954513,247.482487658674,358.775511983799,445.404839069574,280.214516260432,237.480519380286,315.500401452024,666.198435175788,368.961022787713,236.978532260636,496.352851862174,326.911837536854,307.759069680911,298.411129573295,217.155037565137,331.50274524694,326.045943003469,289.83920195721,215.506263090277,365.532014938558,240.372161342736,162.971457152903,265.239051403697,162.704089190745
379.097645797371,320.490894954513,247.482487658674,358.775511983799,445.404839069574,280.214516260432,237.480519380286,305.870904602052,663.910344898573,368.961022787713,199.804345438377,496.352851862174,299.288332838944,307.759069680911,298.411129573295,217.155037565137,331.50274524694,326.045943003469,289.83920195721,215.506263090277,365.532014938558,224.473385489307,139.464442297009,265.239051403697,162.704089190745
379.097645797371,320.490894954513,247.482487658674,358.775511983799,445.404839069574,204.539948593903,237.480519380286,294.222064905922,663.910344898573,368.961022787713,199.804345438377,496.352851862174,299.288332838944,307.759069680911,298.411129573295,217.155037565137,331.50274524694,326.045943003469,289.83920195721,215.506263090277,365.532014938558,205.54275538307,133.035262252252,265.239051403697,162.704089190745
345.143040462112,320.490894954513,247.482487658674,358.775511983799,445.404839069574,204.539948593903,237.480519380286,294.222064905922,663.910344898573,368.961022787713,199.185933650846,496.352851862174,299.288332838944,307.759069680911,298.411129573295,217.155037565137,331.50274524694,326.045943003469,289.83920195721,215.506263090277,365.532014938558,205.54275538307,133.035262252252,265.239051403697,162.704089190745
345.143040462112,320.490894954513,247.482487658674,358.775511983799,445.404839069574,204.539948593903,237.480519380286,250.441184215941,663.910344898573,368.961022787713,199.185933650846,496.352851862174,299.288332838944,307.759069680911,298.411129573295,217.155037565137,331.50274524694,326.045943003469,289.83920195721,215.506263090277,365.532014938558,205.54275538307,126.332461149283,265.239051403697,162.704089190745
345.143040462112,320.490894954513,202.170990381468,358.775511983799,445.404839069574,204.539948593903,237.480519380286,250.441184215941,663.910344898573,368.961022787713,199.185933650846,496.352851862174,299.288332838944,307.759069680911,298.411129573295,217.155037565137,331.50274524694,266.542093016726,289.83920195721,215.506263090277,365.532014938558,183.637526167553,112.419307753716,265.239051403697,155.962522857451
345.143040462112,320.490894954513,202.170990381468,358.775511983799,445.404839069574,204.539948593903,237.480519380286,250.441184215941,663.910344898573,368.961022787713,199.185933650846,496.352851862174,299.288332838944,307.759069680911,298.411129573295,217.155037565137,331.50274524694,266.542093016726,289.83920195721,215.506263090277,365.532014938558,168.172757884166,103.588601244647,265.239051403697,149.94952414811
345.143040462112,320.490894954513,202.170990381468,358.775511983799,359.980754739926,204.539948593903,237.480519380286,250.441184215941,663.910344898573,368.961022787713,195.221217162391,496.352851862174,299.288332838944,307.759069680911,298.411129573295,217.155037565137,282.065112653903,266.542093016726,244.361143373123,215.506263090277,358.169143126658,168.172757884166,103.588601244647,265.239051403697,136.02486071818
345.143040462112,320.490894954513,202.170990381468,284.699661439718,359.980754739926,204.539948593903,237.480519380286,230.448394329402,663.910344898573,349.244113969817,142.72223373796,496.352851862174,299.288332838944,307.759069680911,298.411129573295,217.155037565137,282.065112653903,266.542093016726,244.361143373123,215.506263090277,331.240201574665,140.718668232676,95.7990844644244,265.239051403697,136.02486071818
345.143040462112,320.490894954513,202.170990381468,284.699661439718,359.980754739926,204.539948593903,237.480519380286,228.25059165942,663.910344898573,331.070658599132,142.72223373796,496.352851862174,299.288332838944,307.759069680911,298.411129573295,217.155037565137,282.065112653903,266.542093016726,244.361143373123,135.770985468642,331.240201574665,140.718668232676,93.7121078564517,264.489827716213,133.387163079643
345.143040462112,320.490894954513,178.778461812239,284.699661439718,342.025381490204,204.539948593903,237.480519380286,224.571791073037,567.136127487844,331.070658599132,142.72223373796,496.352851862174,299.288332838944,211.077413030953,298.411129573295,217.155037565137,253.094549002854,266.542093016726,244.361143373123,135.770985468642,299.750487830258,139.618548618941,76.512153499272,264.489827716213,113.76127063242
345.143040462112,320.490894954513,178.778461812239,284.699661439718,342.025381490204,204.539948593903,237.480519380286,224.571791073037,567.136127487844,331.070658599132,142.72223373796,496.352851862174,299.288332838944,211.077413030953,298.411129573295,217.155037565137,253.094549002854,266.542093016726,244.361143373123,135.770985468642,299.393896946291,121.089677112362,76.512153499272,264.489827716213,104.398319406464
345.143040462112,320.490894954513,161.111784166365,284.699661439718,309.487496217085,185.566113570791,237.480519380286,219.95340741821,567.136127487844,331.070658599132,132.897533041249,419.431812405822,270.230374504617,211.077413030953,298.411129573295,188.486517282572,253.094549002854,229.64490517858,244.361143373123,135.770985468642,299.393896946291,121.089677112362,75.2225711820427,264.489827716213,90.7716963105179
345.143040462112,320.490894954513,161.111784166365,284.699661439718,309.487496217085,185.566113570791,237.480519380286,216.978230133158,567.136127487844,331.070658599132,132.897533041249,404.573085653304,270.230374504617,211.077413030953,298.411129573295,188.486517282572,224.119480984972,219.773899901531,244.361143373123,135.770985468642,299.393896946291,121.089677112362,74.1281231266948,246.884724891821,90.4970110337831
345.143040462112,320.490894954513,126.216789211543,284.699661439718,304.200101931344,185.566113570791,237.480519380286,215.003305737127,567.136127487844,331.070658599132,122.244029541667,381.878853305187,265.622858101755,194.949859670283,298.411129573295,151.405972052388,224.119480984972,173.784870831388,203.302258728372,135.770985468642,296.075312662389,111.703813880789,71.6765788378229,246.884724891821,84.5322958420359
345.143040462112,320.490894954513,126.216789211543,284.699661439718,304.200101931344,185.566113570791,237.480519380286,213.506073448712,567.136127487844,302.950074280317,122.244029541667,381.878853305187,265.622858101755,194.949859670283,298.411129573295,151.405972052388,224.119480984972,173.784870831388,203.302258728372,135.770985468642,268.994529439177,111.676962131846,71.6765788378229,246.884724891821,81.2236484000832
224.081744644783,320.490894954513,126.216789211543,284.699661439718,296.419507111077,185.566113570791,237.480519380286,212.444139467151,567.136127487844,289.034303772192,118.762194319833,350.507734606771,239.472140274868,182.419252764246,298.411129573295,128.25220076444,224.119480984972,173.784870831388,203.302258728372,131.840905229945,258.656860004672,105.353869349466,71.3938812831743,227.937833400428,75.5794708907447
224.081744644783,320.490894954513,118.872196670827,284.699661439718,274.46568450699,185.566113570791,237.480519380286,211.760624060313,567.136127487844,289.034303772192,113.687812265053,350.507734606771,239.472140274868,177.675592571917,298.411129573295,128.25220076444,224.119480984972,173.784870831388,203.302258728372,131.840905229945,258.656860004672,104.190133062224,67.7844056546992,224.168269841942,71.1896909693248
224.081744644783,320.490894954513,90.1364295115086,269.169443709377,263.934679833665,185.566113570791,237.480519380286,210.238707180979,567.136127487844,271.873464437106,110.501301777112,327.371627592285,239.472140274868,177.675592571917,297.795650673639,128.25220076444,224.119480984972,164.464271777655,203.302258728372,113.127341295326,249.910784026557,103.684521064515,67.7844056546992,192.302168630914,67.2886810946834
224.081744644783,320.490894954513,90.1364295115086,260.117328650645,258.281853601627,185.566113570791,237.480519380286,210.238707180979,567.136127487844,246.762489676037,108.554571170504,299.508617895629,239.472140274868,163.606291156087,297.243007236525,128.25220076444,218.074937148795,142.556800569527,203.302258728372,107.85688204286,239.227876359501,98.8002731030608,67.7844056546992,176.968207697845,66.3935908766323
224.081744644783,320.490894954513,84.4200150876966,260.117328650645,258.281853601627,185.566113570791,237.480519380286,210.238707180979,533.275396899721,246.762489676037,107.360124277985,281.891077215215,239.472140274868,163.606291156087,279.930315412939,128.25220076444,174.845458262254,132.480124568336,165.540595760571,98.6451433431214,219.351555723797,98.635336859918,67.7062146072833,158.133142924135,62.5684921994614
224.081744644783,320.490894954513,84.4200150876966,260.117328650645,258.281853601627,131.276521101233,237.480519380286,209.272872851813,453.119326268953,246.762489676037,102.570940297657,277.996384482158,239.472140274868,163.606291156087,209.602732000709,109.594797941678,153.908436716478,126.855574819165,165.540595760571,84.7199539202688,219.351555723797,95.7524399471358,66.7501806527991,148.144829355868,62.5684921994614
164.24293358098,320.490894954513,84.4200150876966,260.117328650645,241.861061291936,131.276521101233,237.480519380286,209.011525574159,453.119326268953,246.762489676037,102.570940297657,262.406170255292,239.472140274868,149.840813068708,209.602732000709,93.5156423507024,153.908436716478,114.616953571631,155.808178765848,84.7199539202688,219.351555723797,94.9919908958304,65.6836732796808,144.951878911619,62.5449275343174
164.24293358098,320.490894954513,84.4200150876966,260.117328650645,241.861061291936,131.276521101233,237.480519380286,209.011525574159,453.119326268953,246.762489676037,102.437370116471,253.389237491512,239.472140274868,149.840813068708,209.602732000709,93.5156423507024,148.082349052423,114.616953571631,125.879509626254,76.8190046254165,219.351555723797,94.9919908958304,65.6836732796808,124.561740863134,60.783133696382
164.24293358098,320.490894954513,80.4930857149575,260.117328650645,222.427572987907,131.276521101233,237.480519380286,209.011525574159,429.777852029943,242.006377305157,100.719986065283,238.087712851563,173.181060861667,129.384875997011,177.518554152193,93.5156423507024,127.929586524852,92.0998450261966,125.879509626254,70.5734968292029,210.999296143807,93.3400249913952,65.1205599207169,124.561740863134,60.783133696382
130.56190950127,320.490894954513,75.1565461905323,260.117328650645,222.427572987907,131.276521101233,237.480519380286,208.619295660488,429.777852029943,216.832235623606,100.719986065283,238.087712851563,162.618993738296,129.384875997011,177.518554152193,79.1553210010952,111.986443173259,92.0998450261966,125.879509626254,65.6245695574885,209.175841932163,90.4608529468173,64.4948808738627,107.216475053772,60.6172792133079
130.56190950127,320.490894954513,70.8273536533802,260.117328650645,222.427572987907,131.276521101233,237.480519380286,208.291260550259,407.256608877592,216.832235623606,99.4855126802456,224.656706001248,162.618993738296,129.384875997011,177.518554152193,74.0904892959104,111.986443173259,92.0998450261966,125.879509626254,65.6245695574885,202.662968985942,90.4608529468173,64.4948808738627,95.9088452532328,59.2069205713753
130.56190950127,319.696570647716,70.8273536533802,260.117328650645,214.82760045578,123.642580059415,237.480519380286,208.291260550259,386.248899294776,216.832235623606,99.1692694579597,224.656706001248,162.618993738296,122.53992785366,168.577888218633,74.0904892959104,93.8939152267649,80.4718365761851,125.879509626254,65.6245695574885,200.891960685235,90.4608529468173,64.2980145569982,95.8607730549006,58.573312502702
111.904082048005,296.941631851794,69.8906661991216,260.117328650645,203.620103488575,99.2806839865507,237.480519380286,208.044392643964,341.312821302192,180.14045054059,97.6957788312066,222.672007423721,162.618993738296,120.640662912098,160.712502067937,69.8923630489089,79.4946580147007,80.4718365761851,125.879509626254,61.3539442616593,194.571408459234,90.4608529468173,63.7120110583294,89.2199065739544,57.5235368189317
111.904082048005,259.952066120381,68.6428283517102,260.117328650645,203.620103488575,99.2806839865507,237.480519380286,208.044392643964,341.312821302192,180.14045054059,96.7168596874947,222.672007423721,162.618993738296,120.640662912098,160.712502067937,67.6414009408309,79.4946580147007,80.4718365761851,121.975535161167,61.3539442616593,194.571408459234,90.4608529468173,63.7120110583294,89.2199065739544,57.5235368189317
111.904082048005,232.299122665016,66.3878146846955,260.117328650645,199.062013952155,80.1573430912933,237.480519380286,207.800590971457,257.838126321211,174.856190856385,95.7592584348092,213.743718720521,162.618993738296,108.514995285826,153.213691397384,62.1472010729772,74.6742231045982,80.4718365761851,117.852174563726,57.8579413823325,191.716197889368,90.4608529468173,63.4676852745224,85.6470958207108,57.2354979845845
111.904082048005,177.599075299014,66.3773970440077,260.117328650645,199.062013952155,80.1573430912933,237.480519380286,207.800590971457,257.838126321211,174.856190856385,95.7592584348092,213.743718720521,152.179507982503,103.892408161563,136.14291485792,61.9107934994927,74.6742231045982,77.7710516271668,116.972479160342,53.1387183476652,191.70187648805,90.4608529468173,63.0695671215847,80.7545602823498,57.1787371543824
111.904082048005,160.431177665567,65.7724461835048,260.117328650645,196.548096079062,80.1573430912933,237.480519380286,207.60310101147,257.838126321211,158.651185743938,95.6532399529224,213.743718720521,152.179507982503,101.359770734927,97.4499298978033,60.167058101641,74.6742231045982,71.5912721508712,114.58294525114,51.6606314826615,191.357845948346,89.7459702936544,63.0695671215847,78.1612897656971,56.719884295966
99.983922792574,160.431177665567,65.7724461835048,260.117328650645,194.40077306696,67.8709191998487,237.480519380286,207.59102964857,257.838126321211,147.722596403381,95.4665677502535,213.743718720521,151.16674357105,98.1978043530221,97.4499298978033,58.6466826786882,72.4215302032951,69.6521702826942,109.065157034926,50.2153948077585,190.983666751435,89.7459702936544,63.0695671215847,74.4643214728972,56.719884295966
99.983922792574,160.431177665567,65.7724461835048,260.117328650645,190.065605028491,67.1307176320904,237.480519380286,207.295045810943,257.838126321211,147.722596403381,95.3489979368487,209.978790178872,151.16674357105,98.1978043530221,94.2250545041388,58.6466826786882,70.7129413869748,69.2467728560684,109.065157034926,47.7406911188507,189.227026964425,89.5970402685437,62.8354389099184,73.1529567074576,56.719884295966
95.7542270490271,160.431177665567,64.7902724358541,260.117328650645,189.776952213405,57.0095398496017,237.480519380286,207.116159871601,257.838126321211,147.722596403381,94.9475947112485,204.800618988188,112.194388257561,97.6925626111013,94.2250545041388,57.8401564283699,68.9323408431426,66.1034839686438,108.783231884455,46.0313393848255,189.227026964425,89.1684301069679,62.6686197357953,70.503411745628,56.719884295966
90.4655310832443,129.617749931939,64.508857111754,260.117328650645,189.081156655174,57.0095398496017,237.480519380286,206.882899806752,211.250240920677,135.375155580316,94.570699734722,197.751897463401,112.194388257561,96.33600606952,91.6291062306395,55.2219967386652,67.399535039789,65.6387625131649,105.776740202479,44.2203018848979,189.227026964425,89.1684301069679,62.4736071645843,69.279494473883,55.9897707167122
80.8164903795687,129.617749931939,64.0539128171749,260.117328650645,187.108613135206,55.6898317285388,207.662772009842,206.882899806752,211.250240920677,135.375155580316,94.570699734722,197.751897463401,112.194388257561,90.4685050440935,88.3940709953242,55.2219967386652,67.2359674324452,63.0596747618067,105.703884241589,44.2203018848979,188.627740582552,88.8368104857095,62.4736071645843,69.279494473883,55.9897707167122
76.6609285831437,129.617749931939,62.6826843024301,260.117328650645,187.108613135206,55.6898317285388,207.662772009842,206.622230224598,211.250240920677,135.375155580316,93.8224632359427,197.751897463401,106.871049198898,90.4685050440935,81.7874614175594,55.2219967386652,63.2544461053315,62.3046312746426,103.153137262505,43.6138573616481,187.706154557336,88.5431885606736,62.3739659850933,67.1865098628934,55.8411371075333
76.6609285831437,129.617749931939,62.1801221776768,260.117328650645,186.896343897589,55.6350445724847,207.662772009842,206.605311383496,211.250240920677,128.244337577811,93.7832712725631,197.751897463401,106.871049198898,90.4685050440935,78.165719316637,55.2219967386652,63.2544461053315,62.0848715393092,103.153137262505,42.7070617515674,187.13597544894,88.3705691882833,62.3142612060606,67.1865098628934,55.8391734351233
73.5336569402298,126.936846668189,62.0380336674634,260.117328650645,186.896343897589,54.7533616311014,207.662772009842,206.48198577955,211.250240920677,114.568692277263,93.7359998910097,194.00572886449,98.1789143373517,90.4284663878341,75.1248367872493,54.5679732620404,63.2544461053315,61.7986934631533,103.153137262505,42.1853001363861,185.458454376537,88.3639420212394,62.2320276989058,65.6403496889948,55.6980946758574
71.1724957768099,126.936846668189,61.3958316672599,226.063599974034,186.079396949003,53.1839969949294,207.662772009842,206.48198577955,207.435954539715,114.568692277263,93.7359998910097,194.00572886449,89.9699645678461,89.7136011265852,74.8821143412504,54.5679732620404,63.2544461053315,60.5354318587388,101.611242127462,41.716447724162,185.458454376537,88.0332907474212,62.2320276989058,65.6403496889948,55.6291032782754
68.3676538601817,106.946442877145,61.1391747589278,226.063599974034,186.079396949003,47.4565748865855,207.662772009842,206.385174308505,197.202730189272,111.240173398136,93.0724050676924,191.443402115037,88.5064465360185,89.7136011265852,72.1810184296817,53.9419819180521,62.3730588888675,59.6242507935526,101.582436473378,41.716447724162,185.458454376537,87.8394537093752,62.1836190961433,64.1882807268221,55.5217009400758
66.0545357753372,93.154125072942,61.1129066800711,226.063599974034,186.079396949003,47.4565748865855,207.662772009842,206.276991965833,197.202730189272,104.79400834296,92.8440719922758,191.443402115037,80.1713488790488,88.7521102904084,71.471055856756,53.9419819180521,62.3730588888675,59.1458390205551,101.210436095316,41.0018103869861,185.458454376537,87.6147606786649,62.0867131063362,64.1882807268221,55.513864629366
65.4344538672128,91.6500724733751,60.7351955323004,226.032129621604,185.725130803686,46.7129792866183,207.662772009842,206.25716552456,185.095593119011,98.0062986767161,92.8440719922758,191.443402115037,79.7832431795612,88.7521102904084,70.034929086263,53.646525626383,61.9275086204548,59.1458390205551,101.210436095316,40.3484482448962,184.844711025958,87.5559982073498,62.0563403931199,64.1882807268221,55.407175999107
60.1316308700596,91.6500724733751,60.5839736297887,220.539426064524,184.823199556749,46.7129792866183,207.662772009842,206.25716552456,179.109332119304,96.0109217152326,92.8440719922758,190.339575477925,74.8283431572829,88.3032627386315,68.3343446786071,53.63163100932,61.9275086204548,59.1458390205551,100.780206284887,39.9930604411495,184.57883905838,87.4702082078584,62.0533976327483,63.3698518736121,55.3505688423224
57.5804598310353,89.7716819596276,60.3593146543783,192.461817952449,184.004001064878,45.0861545587877,207.662772009842,206.211358331945,179.109332119304,93.1183264547979,92.8030276045495,189.031240603428,73.2789457758577,86.6880038808379,67.9565025344612,53.5018775426809,61.0703356577037,58.8101791677821,100.780206284887,39.6437480635266,184.57883905838,87.2955008873921,61.9346637342646,63.3698518736121,55.2999938234161
57.5804598310353,82.6594759052252,60.3259865630278,192.461817952449,183.297000793226,45.0861545587877,207.662772009842,206.211074233998,174.95227117875,92.4808774383371,92.610992662469,188.239652552372,71.9106219856812,86.6880038808379,67.4520127404403,52.8533118318103,61.0703356577037,58.0779630105214,99.9294986879049,39.6371686749537,184.526310489405,87.2948135424831,61.9346637342646,63.3698518736121,55.2434930439867
57.5804598310353,82.6594759052252,60.0219676099491,184.596406287092,182.671283489329,45.0861545587877,192.733790513367,206.211074233998,174.649249878124,91.7339981317577,92.5851587010204,186.779742852675,69.5348335139688,86.2636541821698,66.9414007479181,52.8533118318103,60.9526203306295,57.7298637220647,99.7298898346744,39.6176395274597,184.262767818853,87.1602931795549,61.9226799920489,63.3698518736121,55.169200562078
57.5804598310353,82.6594759052252,59.7868969702133,184.596406287092,182.559452464646,43.6187156688707,190.220090640583,206.182424068943,174.392300122978,90.0332696638534,92.5788367633809,186.779742852675,69.5348335139688,85.3268443583208,66.4547632349997,52.7682514074595,60.5601644795909,57.7298637220647,99.4937514914932,38.9334263611586,183.704730726434,87.1602931795549,61.9141147014861,63.3698518736121,55.169200562078
57.0733141022097,77.8846410757444,59.7669886552471,184.596406287092,181.494705150987,42.7541692769782,190.220090640583,206.182424068943,173.753075934254,89.1150549688766,92.5788367633809,185.629734404057,69.130542621042,84.8768244237046,65.8839515035438,52.7682514074595,60.5601644795909,56.8278795184442,99.2277027696309,38.9334263611586,183.582296347187,87.1526270284292,61.8971590631086,63.0365720126717,55.1491935362712
55.7580706301401,68.596015950186,59.7669886552471,184.596406287092,181.196906044471,42.0390481307543,190.220090640583,206.179836216616,172.708031470677,89.1150549688766,92.5464028115096,185.500928117697,68.9399008059413,84.7812736629519,63.6952521947119,52.7682514074595,60.5601644795909,56.8278795184442,98.5597618100762,38.3921817928383,183.345234654658,87.0635375572965,61.8814691412472,63.0365720126717,55.1452486640353
55.7580706301401,67.1901349011737,59.7277262901698,184.596406287092,180.889722615376,41.245953769348,188.63912219173,206.173111554412,170.638907771638,88.0455538217179,92.4338160919242,185.267152342869,66.0865348704369,84.4239806475166,62.0996551695996,52.304810827337,60.2597909813362,56.8278795184442,98.3489175815992,38.3921817928383,183.056609078609,87.0635375572965,61.8814691412472,62.7625253827689,55.1452486640353
54.3567410197109,66.83191766853,59.5211519045383,179.192647445777,180.826998294941,40.5946497357916,188.63912219173,206.155599618215,169.909897404517,87.5376119915231,92.4067084616781,185.149226636959,65.8956798622714,84.4193141917985,62.0996551695996,52.0074776109107,60.2064068632703,56.8278795184442,98.068422880579,38.3264289895999,183.056609078609,87.0390020377299,61.8814691412472,62.7625253827689,55.1326398354099
53.9277082877525,61.7207471878512,59.5211519045383,179.192647445777,180.666526840304,40.5946497357916,185.822344772738,206.143771569264,169.199667369227,86.4326741042023,92.393677958421,184.76725395952,65.5910196581444,83.6249484343173,62.0996551695996,51.9672793723576,59.5780384750096,56.5799311923743,97.4004920548498,37.9445483839684,182.809444183288,87.0390020377299,61.8691949118379,62.2517216567112,55.1160896071442
53.9277082877525,58.284530660525,59.2709587662262,137.658065041331,180.666526840304,39.856062033992,156.487391895361,206.143771569264,168.897221858303,86.4326741042023,92.3806917505497,184.696207770912,65.5910196581444,83.6249484343173,61.657839688366,51.9672793723576,59.5780384750096,56.4049251380525,96.7639034850345,37.9445483839684,182.809444183288,87.0283407290756,61.8691949118379,62.1449261376993,55.0917380083401
52.6192514190805,58.2159252678919,59.2465207624455,137.658065041331,180.269943762273,39.157375630582,156.487391895361,206.142880255952,167.9000751204,85.3741234356617,92.3052361754294,184.150829932777,65.175794214138,83.5694460746217,61.4350739059278,51.8765688104854,59.2753152979535,56.2186705518743,96.7639034850345,37.9130836441029,182.788061639081,86.9994395578403,61.8660048289312,61.7147703835774,55.0836566558819
52.6192514190805,58.2159252678919,59.2014995867166,135.233336253087,180.181067631923,39.157375630582,156.487391895361,206.142880255952,167.256438374043,85.3741234356617,92.2905719637631,184.150829932777,64.5122936849225,83.3099725253885,61.2442802339115,51.8626037893696,59.2753152979535,56.2186705518743,96.7639034850345,37.7079423419061,182.788061639081,86.9994395578403,61.8588734202363,61.593025516441,55.0688580822862
52.0266383180694,58.0149138251325,59.0901477900106,113.123174229133,180.0418007675,39.157375630582,149.86480158714,206.142880255952,165.195579748776,85.3741234356617,92.2518852399587,183.653056546457,64.3032798282077,82.8231662489013,60.5200999485094,51.8160826274393,59.2537075446248,55.8817290046495,96.7639034850345,37.5251282706463,182.788061639081,86.9879602715455,61.8561257113849,61.48734704462,55.061316486878
52.0266383180694,58.0149138251325,59.0901477900106,113.123174229133,179.966529610436,39.157375630582,130.457316822155,206.141641585301,165.195579748776,85.3741234356617,92.2268473807312,183.653056546457,64.3032798282077,82.8231662489013,60.3082520965434,51.8160826274393,59.1350221723931,55.6269736881563,96.5820071827075,37.5251282706463,182.675231863676,86.9858536120407,61.8494823132112,61.2985663852817,55.061316486878
51.608547295481,56.0248678531664,59.053774727364,110.281142361142,179.837176380912,38.5945519184877,130.457316822155,206.13170205531,164.912120296681,85.3741234356617,92.2268473807312,183.576991191807,64.0421106155516,82.7596393642916,60.1196520531789,51.781123656596,59.0165081029088,55.4252888649494,96.3483050705579,37.3505746016549,182.49990441313,86.9674887228182,61.8439260648017,61.1996769649704,55.0576199915022
51.5187770275677,55.3189339530113,59.0335959693589,107.318929791699,179.815790880747,38.5945519184877,130.457316822155,206.13170205531,164.912120296681,84.8133828170351,92.2268473807312,183.313131188172,63.67178843017,82.7596393642916,59.7565348864578,51.7805973027607,59.0165081029088,55.4252888649494,96.3483050705579,37.3505746016549,182.49990441313,86.9665688876441,61.8439260648017,60.900388399107,55.0548053923803
51.4810763672194,53.8322667088491,58.9976738078517,102.536527708712,179.757683852111,38.5945519184877,123.530403772368,206.129395119209,164.129432863382,84.8133828170351,92.2268473807312,183.245996160248,63.5988476995749,82.6707100617255,59.7565348864578,51.7413390105698,59.0091972769751,55.3092946581535,96.1009894616398,37.3505746016549,182.460154749398,86.9540959309038,61.8439260648017,60.8927014842197,55.0459694683079
51.4810763672194,53.8322667088491,58.9859614060711,90.5834152559696,179.757683852111,38.1316157376164,123.530403772368,206.129395119209,164.007815908657,84.181668553952,92.2268473807312,183.120384744236,63.5988476995749,82.6707100617255,59.5907628951416,51.736581963756,59.0091972769751,55.194323021969,95.8551040097168,37.3505746016549,182.431992147379,86.9540959309038,61.8372030246935,60.8733170102141,55.0401182618257
51.3168439685867,53.8322667088491,58.9859614060711,89.1648139848101,179.668995953444,38.041837480916,123.530403772368,206.128802028934,163.253588079841,84.181668553952,92.2249908705151,182.961454545865,62.8236731325646,82.6188734886523,59.450154444768,51.7135697135566,58.965525382758,55.1134587497158,95.5445520447058,37.2216888069913,182.362368997143,86.9540959309038,61.8372030246935,60.7368059009511,55.0401182618257
50.9289479906131,53.8322667088491,58.9736994373684,89.1648139848101,179.668995953444,37.6632612241026,114.912198067756,206.125187912357,162.969013063933,84.181668553952,92.2100548820838,182.961454545865,62.8236731325646,82.4995607331718,59.3094999719879,51.6988593997417,58.965525382758,55.1134587497158,95.5445520447058,37.2216888069913,182.263040571178,86.9540959309038,61.8334735532997,60.7368059009511,55.0401182618257
50.8287365915069,53.6305291696224,58.948292425727,80.4002792439483,179.668995953444,37.6632612241026,99.6835212239034,206.125187912357,162.969013063933,84.181668553952,92.2100548820838,182.717263484501,62.7710114130487,82.4995607331718,59.2499723714091,51.6988593997417,58.9540214554536,55.1134587497158,95.4273052337521,37.087174118376,182.253929168119,86.9496699407575,61.8334735532997,60.6809608561757,55.0387978054598
50.8077288109296,52.9747510826924,58.948292425727,76.3340146045098,179.668995953444,37.4613219022588,97.3790418337171,206.125187912357,162.969013063933,83.566546345538,92.2100548820838,182.717263484501,62.4491969933717,82.4995607331718,59.0980024918947,51.6988593997417,58.8913308927054,55.1009059288033,95.328857688949,37.0020537914168,182.253929168119,86.9496699407575,61.8313704315053,60.6809608561757,55.0387978054598
50.4759451257296,52.9747510826924,58.9414820273171,76.3340146045098,179.668995953444,37.2794615967066,94.8588684270255,206.124692967485,162.501359409499,83.566546345538,92.2100548820838,182.717263484501,62.4491969933717,82.4702752990704,59.0164671515918,51.6809790230452,58.8654375921637,55.0936297123624,95.2935572371966,36.9429406107204,182.240339541256,86.9399461975975,61.8311393613631,60.6220202010923,55.0317352675293
50.4006703486357,52.8371011027446,58.9367454905328,76.3340146045098,179.664366955106,36.9483828696102,87.93796998526,206.124044358846,162.466803153919,83.5418114200481,92.2048236024896,182.69542750874,62.4160129806155,82.4692696703059,59.0164671515918,51.6809790230452,58.8366669767038,55.0785975139042,95.2724813347561,36.9429406107204,182.223978011986,86.9370147294453,61.8220540565469,60.6213052877977,55.0290774873069
50.3077318207561,52.5938914764647,58.9367454905328,67.11541368588,179.645610933348,36.8917873725309,84.420616538383,206.12142665296,162.203432958263,83.3974442890162,92.2048236024896,182.66229262447,62.2174401127577,82.4153774719293,58.6115679517059,51.670622207022,58.8303589984891,55.0493256573377,95.2596847718082,36.9429406107204,182.201436590391,86.931848449165,61.8217490317181,60.6092363434589,55.01786812299
50.2740112291192,52.2161147431625,58.9275376954236,67.11541368588,179.641682140844,36.8917873725309,84.420616538383,206.121310967633,161.937239899114,83.3974442890162,92.2016417823445,182.646818711534,62.1881158820411,82.4025587575736,58.6115679517059,51.6689728895676,58.8153277055271,55.0397124332505,95.2495709393802,36.9196842888034,182.193384821743,86.931848449165,61.8217490317181,60.6062985252786,55.01786812299
50.231231077232,52.1928856303796,58.9275376954236,62.556238151561,179.630628681723,36.8710831874425,79.440041315903,206.121310967633,161.779585170352,83.1364558842954,92.1943328183156,182.607940663039,62.1265192076607,82.3961414865107,58.5407184552084,51.6689728895676,58.8150581016603,55.0289108406046,95.205069342986,36.9196842888034,182.191911829951,86.9309531017734,61.8217490317181,60.5932083544751,55.01786812299
50.1055740604068,51.8320232538235,58.9275376954236,62.556238151561,179.630628681723,36.6650266385368,79.440041315903,206.121310967633,161.779585170352,83.1364558842954,92.1943328183156,182.607940663039,62.0314261158096,82.3867830122942,58.362570469516,51.6689728895676,58.8150581016603,55.0272178308962,95.205069342986,36.9164526640159,182.180326047943,86.9299784660857,61.8211130937418,60.5932083544751,55.0159173790316
50.1004970326408,51.1109646661462,58.9244925642024,62.556238151561,179.619775916359,36.5815867509252,75.8994856282845,206.118812824559,161.622366535785,82.9171647001858,92.1943328183156,182.601664969189,62.0017780578053,82.3572365499929,58.1722548451182,51.6689728895676,58.8058775493141,55.0169113271215,95.205069342986,36.9019875910883,182.180326047943,86.9299784660857,61.8193229326589,60.5932083544751,55.007979165782
50.0837549314738,51.1109646661462,58.9244925642024,60.4748968020763,179.617777646295,36.5652985086792,75.2706519606118,206.118812824559,161.622366535785,82.9171647001858,92.1943328183156,182.580698807909,61.9800369825559,82.3453105664762,58.1205883939019,51.6689728895676,58.7995947423867,55.0141754361853,95.205069342986,36.9019875910883,182.179376566022,86.9299784660857,61.8193229326589,60.5843835906962,55.007979165782
50.0142130216627,51.1109646661462,58.9220099100685,59.0322903492408,179.617777646295,36.4282863840021,74.3772034358133,206.118812824559,161.622366535785,82.8484526130269,92.1943328183156,182.549508466677,61.9383521022237,82.3367991961989,58.1205883939019,51.6683957149137,58.7995947423867,55.0136818412925,95.1968164696443,36.9019875910883,182.171259551033,86.9294501268014,61.8181482870891,60.5664681798487,55.007979165782
49.9579834580607,51.1109646661462,58.9220099100685,57.0754583364151,179.617777646295,36.4090004282632,72.6616522833951,206.118812824559,161.585334170033,82.7420696349946,92.1943328183156,182.549508466677,61.9383521022237,82.3209239170446,57.9835218929104,51.6650054108493,58.7995947423867,55.0115618483414,95.1806101378952,36.8985250951541,182.171147209629,86.9294501268014,61.8181482870891,60.5664681798487,55.0057565511793
49.9579834580607,51.0240775488369,58.9158940764482,56.789333632059,179.617628435475,36.3584292803239,72.6616522833951,206.118812824559,161.543386993259,82.6474225664788,92.1943328183156,182.54885872091,61.9383521022237,82.3138014692797,57.9835218929104,51.6607498717278,58.7991352899571,55.0039408011289,95.1800080123689,36.8985250951541,182.165436135663,86.9294501268014,61.8159070910951,60.5640679670521,55.0057565511793
49.9413018210798,51.0240775488369,58.9158940764482,55.5476975568067,179.611161314218,36.2957292347562,72.3308993539392,206.118812824559,161.517718846406,82.5990999367343,92.1928324550206,182.534520711797,61.9148384363691,82.3033677246713,57.9061353251111,51.6607498717278,58.7838915827526,55.0039408011289,95.1800080123689,36.8596830005547,182.160459966293,86.9271777151375,61.8131523720035,60.5640679670521,55.0057565511793
49.9413018210798,51.0240775488369,58.9158940764482,55.3739514618003,179.610745223418,36.2957292347562,72.3308993539392,206.117881254584,161.394696448488,82.5990999367343,92.1928324550206,182.529516150914,61.8977139350416,82.3033677246713,57.810572506349,51.6605544712493,58.782034598084,55.0039408011289,95.1800080123689,36.8596830005547,182.157945614457,86.9248260646714,61.8131523720035,60.5640679670521,55.0057565511793
49.9413018210798,50.8613044809729,58.9157968689401,54.9112010457047,179.607292043186,36.2957292347562,71.6321374813335,206.117881254584,161.394696448488,82.5990999367343,92.1928324550206,182.529516150914,61.8820905752891,82.303310153553,57.7763434858493,51.6582592223735,58.7775064733596,55.0039408011289,95.1745730338034,36.8213517718148,182.157584426364,86.9243089102972,61.8109695327903,60.5640679670521,55.0057565511793
49.9127834188553,50.440622570256,58.9129909738888,53.5256692322539,179.605687932388,36.2957292347562,70.4836580188787,206.116569093507,161.394696448488,82.5667644096466,92.1923883165798,182.518460947098,61.8820905752891,82.2963187940964,57.7207124555678,51.6562075184165,58.7775064733596,55.0039408011289,95.1696190235061,36.8213517718148,182.156172787936,86.9242745175056,61.8109695327903,60.5635425059886,55.0030359345628
49.882650893745,50.3634168833269,58.9129826612298,53.5256692322539,179.60371133511,36.2886488334495,70.4836580188787,206.116487772572,161.394696448488,82.5474550848696,92.1920787220442,182.508626195373,61.8722454286833,82.2963187940964,57.7207124555678,51.6562075184165,58.7728924292676,55.003243583458,95.1593893445097,36.8213517718148,182.153313142941,86.9239108820771,61.8109695327903,60.557487770885,54.9953713854813
49.882650893745,50.3487322429762,58.9122971584743,53.5256692322539,179.601166915241,36.2886417514055,69.9670772781924,206.115027580057,161.368123924985,82.5343139258596,92.1907525975548,182.506487295862,61.853412284991,82.2963187940964,57.7207124555678,51.6562075184165,58.7687022442126,55.0007285486217,95.1593893445097,36.8213517718148,182.151664377811,86.9221814192081,61.8083507122747,60.557487770885,54.9926333145154
49.8699990884211,50.1708724237924,58.911799360598,52.9216237082053,179.599756411065,36.2679216682945,69.590296150006,206.114563538964,161.356728536284,82.5296345130023,92.1907525975548,182.506487295862,61.8500885039882,82.291611928347,57.7207124555678,51.6562075184165,58.7687022442126,55.0007285486217,95.1593893445097,36.8082793713734,182.151626585117,86.9220267197602,61.8083507122747,60.5538192754548,54.9926333145154
49.8676140541579,50.1708724237924,58.9109278083006,52.5573453136938,179.599245229388,36.2679216682945,69.590296150006,206.114563538964,161.338611419772,82.5227890637195,92.1900034492135,182.503652217901,61.8219175847555,82.291611928347,57.7103220352701,51.6539642675355,58.7629390389056,54.9987947485868,95.157400875449,36.804791598038,182.147600218865,86.9220267197602,61.8071525882726,60.5519098963071,54.9862925384957
49.8613751519376,50.1221143224204,58.9109278083006,52.2825865499201,179.599245229388,36.2491522326179,69.1195625043204,206.114563538964,161.33546097766,82.5027969145517,92.1900034492135,182.49633980725,61.8219175847555,82.2911117879007,57.707304748589,51.6533431456212,58.7629390389056,54.9982316065955,95.1535930138721,36.804791598038,182.147600218865,86.9215183659526,61.8068596583894,60.5514574442861,54.9862925384957
49.8575225641537,50.0699066352545,58.9099701341236,52.2825865499201,179.59741423598,36.2410110808212,68.7129754424693,206.114563538964,161.331732116073,82.4958763312302,92.1900034492135,182.49633980725,61.8155185700646,82.2897723555138,57.6889115598001,51.6504637754142,58.7611299587995,54.9961440205254,95.1388797723187,36.8036255030993,182.147600218865,86.9212135747562,61.8056169074744,60.5480986921596,54.9806903382935
49.8575225641537,50.0290994662378,58.9099701341236,52.0036484574568,179.59741423598,36.2410110808212,68.5998301368993,206.113534664075,161.331732116073,82.4888044393463,92.1898700203087,182.49348968822,61.8155185700646,82.2854924061646,57.6889115598001,51.6504637754142,58.7586818496677,54.9956305256151,95.1343143974157,36.7865873254489,182.147600218865,86.9208474827087,61.8040095912681,60.5477022297955,54.9764681329734
49.8575225641537,49.9569170130865,58.9098217525298,51.7506984868385,179.59741423598,36.2351404616452,67.476780479215,206.11342803119,161.317646912137,82.4863662208072,92.189526427182,182.489303223999,61.7950118873471,82.2844444199595,57.6823348926002,51.6492139531929,58.7586818496677,54.9942717209854,95.1343143974157,36.7865873254489,182.145630620124,86.9201779245454,61.8019800331031,60.5462656611685,54.9701176274632
49.8522823173048,49.9569170130865,58.9098217525298,51.5458896436232,179.596066705584,36.2351404616452,67.476780479215,206.113143874109,161.298432287393,82.4759487337783,92.189526427182,182.489303223999,61.7772544096865,82.2844444199595,57.6768592501646,51.6446145180246,58.7586818496677,54.9942717209854,95.1343143974157,36.7865873254489,182.145630620124,86.9201779245454,61.8018210799078,60.5462656611685,54.9689552720902
49.8502737036729,49.9353856801117,58.9098165279333,51.4734096302457,179.594785852074,36.2298855615709,67.1780111803878,206.113143874109,161.298432287393,82.4759487337783,92.1894424037275,182.489064669262,61.7772544096865,82.2839249025444,57.6768592501646,51.6446145180246,58.7562885433174,54.9942717209854,95.1284145995962,36.7865873254489,182.145630620124,86.9200713773828,61.8018210799078,60.5449402274273,54.966662152709
49.8498483523142,49.9353856801117,58.9093196727408,51.0615068393411,179.592279563479,36.2177191826001,66.8781646927018,206.112867822329,161.295056413667,82.4740540666667,92.1894424037275,182.488729708288,61.7772544096865,82.2838606778223,57.6768592501646,51.6437547503388,58.7562885433174,54.9942717209854,95.1284145995962,36.7865873254489,182.145630620124,86.9200713773828,61.7994403907956,60.5449402274273,54.9573986135492
49.8481172139277,49.9161291089601,58.9081041098389,51.0537759047938,179.592279563479,36.2162399351078,66.7510292401566,206.112685401603,161.295056413667,82.4713702046181,92.1893606837443,182.486342240401,61.7772544096865,82.2830523136045,57.6643179250616,51.643077069474,58.7556148116253,54.9931630214346,95.1257367059709,36.7795809387496,182.145630620124,86.9200713773828,61.7976505421987,60.5449402274273,54.9573986135492
49.8463342273437,49.9126551027175,58.9081041098389,50.8844508774102,179.5916399868,36.2162379805113,66.5675855336476,206.112376951038,161.293133005493,82.4713702046181,92.1893606837443,182.483827500747,61.7772544096865,82.281863649047,57.6643179250616,51.6429866629983,58.7556148116253,54.9917407470216,95.123961989138,36.7792839695335,182.145630620124,86.919927474378,61.7976505421987,60.5449402274273,54.9573986135492
49.8455081092941,49.8969351971161,58.9072341541373,50.8844508774102,179.591382823709,36.2156797067489,66.5675855336476,206.112246351139,161.289774981821,82.4637331293525,92.1891213141751,182.482501002802,61.7683050907881,82.27971617452,57.6623394642709,51.6408070898069,58.7531027419188,54.9917407470216,95.123961989138,36.7700213872702,182.145630620124,86.919049387277,61.7976505421987,60.5447486722283,54.9573986135492
49.8455081092941,49.8912018671106,58.9072341541373,50.7545462075734,179.588528084853,36.2110553685368,66.465012797383,206.112246351139,161.289774981821,82.4630495921865,92.189066506809,182.480667219268,61.7507942800912,82.27971617452,57.6600986987251,51.6408070898069,58.7500834710706,54.9917407470216,95.1185205304309,36.7678672406728,182.145630620124,86.919049387277,61.7976505421987,60.544543756929,54.9527267031656
49.8455081092941,49.8738386468067,58.9072341541373,50.714467557845,179.588528084853,36.2110553685368,66.2965970939558,206.1122350759,161.287844617772,82.4612481911186,92.189066506809,182.479364305526,61.7495951042627,82.2781684989454,57.6573928536545,51.6406830616058,58.7500834710706,54.9917407470216,95.1179536496818,36.7622495479859,182.143991255356,86.919049387277,61.7976505421987,60.5440775309542,54.949387102931
49.844348207047,49.8729505732269,58.9071782222393,50.6603749591304,179.588093429125,36.2110415753239,66.2965970939558,206.111902071046,161.286794259569,82.4590755515969,92.1890037550563,182.474816064451,61.7236543131391,82.2781684989454,57.6543210972081,51.6405008083095,58.7500834710706,54.9917407470216,95.1179536496818,36.7622495479859,182.143991255356,86.919049387277,61.7970707151073,60.5439191557016,54.9422035946147
49.8425971382139,49.8660643179128,58.9071782222393,50.5829142739753,179.586933430658,36.2071957756859,66.2965970939558,206.111678577903,161.286158448095,82.4590755515969,92.1890037550563,182.469079455293,61.7236543131391,82.2771204545063,57.6512561003135,51.6401971440284,58.7472021650437,54.9904670525616,95.1110665436152,36.7622495479859,182.143991255356,86.9187489682445,61.7969499070041,60.5439191557016,54.9422035946147
49.8425971382139,49.8517586656985,58.907076602761,50.5829142739753,179.586933430658,36.2051300474138,66.1056560369364,206.11139283596,161.286158448095,82.4590755515969,92.1887299743023,182.46617695643,61.7236543131391,82.2771204545063,57.6512561003135,51.639356152614,58.7461420908278,54.9904670525616,95.1110658107755,36.7615176645913,182.143991255356,86.9187489682445,61.7964559555946,60.5430592932535,54.9417688939052
49.8407668496252,49.8517586656985,58.9068528682196,50.5829142739753,179.58634826938,36.2051300474138,65.976242682983,206.111244568725,161.283350893396,82.4566958148052,92.1887299743023,182.46617695643,61.7236543131391,82.2771204545063,57.6496573010074,51.6389194756325,58.7461420908278,54.9904670525616,95.10871254784,36.7575708029358,182.14207096235,86.9185601176002,61.7958851967212,60.5430436736567,54.9381370546657
49.8407668496252,49.8517586656985,58.9056059984555,50.5100861332855,179.586103362841,36.2051300474138,65.976242682983,206.111153107541,161.283350893396,82.4530434113431,92.1887299743023,182.464625028232,61.7208968418954,82.2769906522394,57.6495252203838,51.6389194756325,58.7461420908278,54.9900837453613,95.10871254784,36.7575708029358,182.140896353955,86.9185601176002,61.7958851967212,60.5430436736567,54.9381370546657
49.8407668496252,49.8517586656985,58.9053298687616,50.5100861332855,179.585327467049,36.2051300474138,65.8068601372006,206.110818920767,161.283185227263,82.4530434113431,92.1887299743023,182.46371387409,61.7148792077212,82.2766849941129,57.6492665483497,51.6380556212218,58.7433885586386,54.989371339441,95.1066871533076,36.7575708029358,182.140896353955,86.9184767245972,61.7958851967212,60.5423983992653,54.936543892356
49.8405978510971,49.8517586656985,58.9053298687616,50.5100861332855,179.585327467049,36.2047149152563,65.8068601372006,206.110792435749,161.283185227263,82.4527908788589,92.1887299743023,182.456869180847,61.7148792077212,82.2739173466921,57.6492665483497,51.6380556212218,58.7433885586386,54.989371339441,95.1043880810166,36.7563875595208,182.140896353955,86.9184767245972,61.7958837253636,60.5423983992653,54.936543892356
49.8394606218801,49.8420761647428,58.904482828882,50.508808146634,179.585327467049,36.2047149152563,65.7205830880514,206.110444797248,161.280810507282,82.4512303927133,92.1884833119348,182.456869180847,61.7056022757702,82.2739173466921,57.6492665483497,51.6377885844349,58.7425955769672,54.9892244931082,95.0998208477088,36.7487829911627,182.140896353955,86.9184330218757,61.795578503469,60.5423983992653,54.9348591720302
49.8394606218801,49.8418225449627,58.9043542364545,50.458128912107,179.58440077224,36.2045676665246,65.7205830880514,206.110444797248,161.279505890079,82.4512303927133,92.1884833119348,182.45680932667,61.7043667803284,82.2739173466921,57.6478260568033,51.632018541801,58.7425955769672,54.9889147308779,95.0998208477088,36.7487829911627,182.140896353955,86.9184330218757,61.795578503469,60.5423983992653,54.9348591720302
49.83912571776,49.8197906692249,58.9043542364545,50.4368463441483,179.583793838351,36.2016370002821,65.7205830880514,206.110424972786,161.279505890079,82.4503341098703,92.1884833119348,182.449180352551,61.7004701021865,82.2737078913592,57.6460818641456,51.632018541801,58.7412184792972,54.9881368847093,95.0990346496619,36.7447758323517,182.140219358175,86.9183860391727,61.7955228230003,60.5422286649946,54.9348591720302
49.8385660782819,49.8197906692249,58.9043542364545,50.4368463441483,179.583793838351,36.201633076282,65.7165792496075,206.110366275863,161.279505890079,82.4485603050073,92.1884833119348,182.447898450642,61.6989801563138,82.2737078913592,57.6455526166071,51.632018541801,58.7405026818178,54.9877633776314,95.0990346496619,36.7447758323517,182.139639640618,86.9183860391727,61.7955228230003,60.5418899061601,54.9348591720302
49.8381273408638,49.8197906692249,58.9043542364545,50.4368463441483,179.583793838351,36.1995117106599,65.6679798956548,206.110366275863,161.279505890079,82.4485603050073,92.1884833119348,182.446242861127,61.6983113093213,82.2737078913592,57.6455526166071,51.632018541801,58.7402714142925,54.9877633776314,95.0986124728945,36.7431819762051,182.139210520259,86.9181047590955,61.7955228230003,60.5418899061601,54.9346424218713
49.8378593177033,49.8197906692249,58.9043542364545,50.4368463441483,179.583453913258,36.1995117106599,65.6233594061707,206.110334642972,161.279465096845,82.4482480926354,92.1884833119348,182.44553180608,61.6970274695677,82.2737078913592,57.6454690124103,51.632018541801,58.739589675642,54.9877633776314,95.0969688362411,36.7431819762051,182.139210520259,86.9179611700727,61.7954637668397,60.5418899061601,54.9338722758396
49.8372504740764,49.8173194989754,58.9038500193915,50.4212826921291,179.583453913258,36.1989669148172,65.6233594061707,206.110235684832,161.279324319506,82.4478011799235,92.1884833119348,182.442376777454,61.6970274695677,82.2736775120563,57.6451151394356,51.632018541801,58.7383289377881,54.9877633776314,95.0969688362411,36.7347263607744,182.137920092114,86.9179318327872,61.7954637668397,60.5416893535305,54.9338722758396
49.8372504740764,49.8100689049493,58.9033187629871,50.4157808045661,179.583315426091,36.1970634100298,65.6213533038858,206.110235684832,161.279029892522,82.4478011799235,92.1884513232264,182.440979836751,61.695236191581,82.2728866374102,57.644818850511,51.6301644496734,58.7380804942468,54.9875614449938,95.0959371498957,36.7347263607744,182.137164842972,86.9176352200541,61.7954637668397,60.5416893535305,54.9334864350315
49.8372273661766,49.8100689049493,58.9033187629871,50.4136779691607,179.583118752035,36.1945557919562,65.6106110845981,206.110235684832,161.279029892522,82.4466386727543,92.1884034375003,182.4392172758,61.695236191581,82.2721001739358,57.6440657417677,51.6280413551294,58.7379584811799,54.9868953949219,95.0959371498957,36.7347263607744,182.136443612199,86.9176352200541,61.795358155932,60.5416893535305,54.9334864350315
49.8365275018264,49.8100689049493,58.9015461691365,50.4089818349714,179.583023094407,36.1944974385888,65.6033240273048,206.110235684832,161.278812251869,82.4466386727543,92.1884034375003,182.4392172758,61.695236191581,82.2721001739358,57.6440657417677,51.6252936294832,58.7379584811799,54.9861963339938,95.0946006976062,36.7317990239499,182.136443612199,86.9175925616187,61.795358155932,60.5416893535305,54.9333047571108
49.8365275018264,49.801349470403,58.9005585060218,50.3993729947604,179.582724384974,36.1944974385888,65.5720550092528,206.110028387269,161.278088896215,82.4466386727543,92.1884034375003,182.438609940247,61.695236191581,82.2717463878514,57.6440657417677,51.6252936294832,58.7374070340459,54.9861963339938,95.0935893864562,36.7303137421286,182.13559864579,86.9175925616187,61.795358155932,60.5416893535305,54.9326499973652
49.8365275018264,49.7991211591168,58.8997377199628,50.3895839154357,179.582724384974,36.1944974385888,65.5672827223386,206.110028387269,161.277691619718,82.4465189301197,92.1884034375003,182.438497962123,61.695236191581,82.2713203719175,57.6440657417677,51.6244599997301,58.7374070340459,54.9861963339938,95.0935893864562,36.7300742598543,182.13559864579,86.9175358991547,61.7952733033312,60.5416893535305,54.9326499973652
49.8365275018264,49.7971427006823,58.8986558132233,50.3875280876177,179.582724384974,36.1928154002003,65.5637748639792,206.109981803607,161.277691619718,82.4453497176398,92.1884034375003,182.436686144864,61.6942405809327,82.2707512281829,57.6436050916302,51.6244599997301,58.7374070340459,54.9861659259618,95.0910954035032,36.7291835136778,182.133526830088,86.9175313419944,61.7952306310062,60.5416021673682,54.9326499973652
49.8365275018264,49.7938457111404,58.8971397545256,50.3875280876177,179.582618051772,36.1928154002003,65.5497580050398,206.109981803607,161.277691619718,82.4453497176398,92.1883590856751,182.436477132974,61.6942405809327,82.2704723532358,57.6436050916302,51.6244599997301,58.7374070340459,54.9855146408872,95.0894634975414,36.7271749071556,182.133526830088,86.9174715525603,61.7952306310062,60.5414322181464,54.932430748506
49.8360632650886,49.7903770306211,58.8967972082944,50.3875280876177,179.582529917725,36.1915407332401,65.5443378740949,206.109909802706,161.27732780204,82.4446977278465,92.1883590856751,182.43598853609,61.6937926239943,82.2704723532358,57.6436050916302,51.6236771934002,58.7371010257114,54.9853404197636,95.088590383031,36.7249069515869,182.133526830088,86.9174170013018,61.7952269085179,60.5414322181464,54.9321364929917
49.8359460626427,49.7903770306211,58.895799493346,50.3875280876177,179.582411831072,36.1904294258072,65.5443378740949,206.109909802706,161.27732780204,82.4446977278465,92.1883590856751,182.435764788911,61.6936843141834,82.2704723532358,57.6434235695856,51.6236771934002,58.7371010257114,54.9853404197636,95.0863759779206,36.7227821397676,182.133526830088,86.9174019608438,61.7952269085179,60.5414267116848,54.9321322374913
49.8357912924105,49.7844522166549,58.8952462657455,50.3752081622274,179.582411831072,36.1890506443376,65.5416337157221,206.109909802706,161.27732780204,82.4442140935821,92.1882975059557,182.434919199655,61.6928615194026,82.2704723532358,57.643242116279,51.6234693946001,58.7368718054734,54.9848228263261,95.0857845360003,36.7212759859231,182.133519358552,86.9174019608438,61.7951551571261,60.5411359110108,54.9321322374913
49.8357912924105,49.783358279994,58.8952462657455,50.3752081622274,179.582411831072,36.1890506443376,65.5416337157221,206.109909802706,161.277119092645,82.4442140935821,92.1882345079243,182.434702139137,61.6917228909449,82.2704723532358,57.643242116279,51.6234693946001,58.7368718054734,54.9848228263261,95.0857845360003,36.7212759859231,182.133121369822,86.9174019608438,61.7951513930859,60.5411359110108,54.9321322374913
49.8353183506249,49.783358279994,58.8950614244138,50.3694346735301,179.582405985241,36.1882977464477,65.5338858635669,206.109883110367,161.277081851036,82.4439628635671,92.1882345079243,182.434126810597,61.6917228909449,82.2701285355161,57.6431328564518,51.6234693946001,58.7368718054734,54.9847727280658,95.0847402313389,36.7212759859231,182.133121369822,86.9171951959088,61.7951513930859,60.5411359110108,54.9320067188555
49.8350251139364,49.783358279994,58.8950614244138,50.3668043131195,179.582148088369,36.1882977464477,65.533734052862,206.109859991962,161.276908489169,82.4435724958016,92.1882345079243,182.433900228936,61.6917228909449,82.2701285355161,57.6431328564518,51.6226636798842,58.7366729490657,54.9841619435094,95.0847402313389,36.7204540870443,182.132754194806,86.9171951959088,61.7951483653578,60.540551498982,54.9320067188555
49.8350251139364,49.783358279994,58.8946853247851,50.3614433810753,179.582148088369,36.1877819204537,65.5297101359213,206.109859991962,161.276095733088,82.4435724958016,92.1882336102194,182.433900228936,61.691639961685,82.2701285355161,57.6430145550678,51.6226636798842,58.7366729490657,54.9840717933671,95.0845729442651,36.7203508959774,182.132667246023,86.9169133199216,61.7951483653578,60.540551498982,54.931904713952
49.8350251139364,49.7816042962115,58.8946853247851,50.3614433810753,179.582148088369,36.1877739372965,65.5297101359213,206.109859991962,161.276095733088,82.4430649055168,92.1882254980662,182.433751615969,61.6915631449906,82.2701285355161,57.642928844941,51.6223648730668,58.7366729490657,54.9839430454417,95.0842443054578,36.719496120865,182.13241222821,86.9169133199216,61.7951256805818,60.540551498982,54.931904713952
49.8349721567363,49.7788867636982,58.8946853247851,50.3599304722695,179.582148088369,36.1866028925942,65.528506802076,206.109846390183,161.275005707869,82.4430649055168,92.1882254980662,182.433751615969,61.6914342452314,82.2686290454485,57.6428007110776,51.621226182609,58.7366729490657,54.9839299085133,95.0838930297298,36.719496120865,182.132321596487,86.9167935781313,61.7951256805818,60.540551498982,54.931868768989
49.834857691397,49.7769775434156,58.8946853247851,50.3599304722695,179.582099816581,36.1864167032888,65.5281101283558,206.109846390183,161.274465251797,82.4430649055168,92.1882254980662,182.433440759737,61.6914342452314,82.2681716856628,57.6427681375089,51.6202810703776,58.7366729490657,54.9834730459768,95.0838930297298,36.7194372569202,182.132321596487,86.9167935781313,61.7951179634526,60.5404903974822,54.9318103357148
49.8346988120879,49.7769775434156,58.8942906794548,50.3577637225158,179.58199240487,36.1860110199314,65.5249249073966,206.109837730978,161.274274514745,82.4425974989601,92.1881937016747,182.433440759737,61.6910607233133,82.2680639995187,57.6427535775831,51.6199786702211,58.7366078713974,54.9834730459768,95.0837348565067,36.7194372569202,182.132243119984,86.9165441312762,61.7950739797864,60.5404390752628,54.9318103357148
49.8341957050275,49.775027082153,58.8941211020242,50.3577637225158,179.58199240487,36.1855526705006,65.5236792402402,206.109822676188,161.273854676484,82.4417456264573,92.1881937016747,182.432544912781,61.6910607233133,82.2675183585663,57.6426178202278,51.6168657245471,58.7366078713974,54.9830775675414,95.083682925077,36.7192494458525,182.132111707723,86.9165433401156,61.7950739797864,60.5404390752628,54.9318103357148
49.833952692313,49.775027082153,58.8941149357111,50.3537168989078,179.581896470506,36.1846766676274,65.5212308150844,206.109818329363,161.273854676484,82.4414308325745,92.1881796715934,182.432544912781,61.6910607233133,82.2675183585663,57.6424234832807,51.6168657245471,58.7366078713974,54.9830775675414,95.0833289779248,36.7189322436184,182.132111655259,86.9165250829949,61.7950653094458,60.5404390752628,54.9317757689475
49.833923313176,49.775027082153,58.8941149357111,50.3537168989078,179.581896470506,36.1846766676274,65.520857982611,206.109818329363,161.273854676484,82.4414308325745,92.1881680288861,182.432453263472,61.6910607233133,82.2673724409055,57.6424097548247,51.6168657245471,58.7365281269565,54.9830775675414,95.0833289779248,36.7187194365158,182.131997654496,86.9164606739237,61.7950653094458,60.5399972888222,54.9317723532317
49.8327247536402,49.7736274668737,58.893851869158,50.3491744487567,179.581868088731,36.1846766676274,65.5196547181833,206.109811271011,161.273341973339,82.4411744979534,92.1881530096243,182.432286613817,61.6910607233133,82.2672885586394,57.6423993430246,51.6168657245471,58.7365281269565,54.9830775675414,95.0833289779248,36.7184128784297,182.131899026575,86.9164478034431,61.7950413603828,60.539826726957,54.9317216208608
49.8323463271167,49.7736237230124,58.893851869158,50.3491744487567,179.581841755684,36.1841387248014,65.5195659242263,206.109805911806,161.273341973339,82.4411744979534,92.1881530096243,182.432286613817,61.6910607233133,82.2670361820817,57.6423993430246,51.6166874958301,58.7364356870103,54.9830507090837,95.0833212321013,36.7184128784297,182.131899026575,86.9164377111545,61.7950390550984,60.539826726957,54.9317216208608
49.8323463271167,49.7733885022133,58.8936150271197,50.3491744487567,179.581776640202,36.1841387248014,65.5172218482326,206.109805701313,161.273341973339,82.441078237184,92.1881442748554,182.431958714562,61.6910607233133,82.2670361820817,57.6422013714664,51.6149626857666,58.736287690934,54.9830507090837,95.0833212321013,36.7184128784297,182.1318053962,86.9162424057531,61.7950311985937,60.5394271907423,54.9317216208608
49.8323463271167,49.7733885022133,58.8934653563936,50.3491744487567,179.581776640202,36.1837969627231,65.5172218482326,206.109801984268,161.273341973339,82.441078237184,92.1881255405117,182.43158580127,61.690993961317,82.2668513707197,57.6421725574201,51.6149626857666,58.7362506215786,54.9829641603519,95.0831855478013,36.7184128784297,182.1318053962,86.9161433236354,61.7950311985937,60.5394271907423,54.931721314804
49.8323463271167,49.7726446109602,58.8934653563936,50.3273837790689,179.581769815041,36.1837969627231,65.5165402290784,206.109786039715,161.272427125121,82.441078237184,92.1881042739678,182.431445503988,61.6909397546983,82.2666239195119,57.6421162625873,51.6146219741877,58.7362125513341,54.9827073487952,95.0831855478013,36.7184128784297,182.1318053962,86.9160547872623,61.7950311985937,60.5394271907423,54.9317098149645
49.8323463271167,49.7725533862663,58.8934653563936,50.3273837790689,179.581743943162,36.183558732125,65.5160448661386,206.109786039715,161.271439697631,82.4406220174274,92.1880921843956,182.431445503988,61.690899059214,82.2666239195119,57.6421162625873,51.6133832038545,58.7361348691907,54.9827073487952,95.0831855478013,36.7183691748751,182.1318053962,86.9159816030044,61.7950311985937,60.5391264779985,54.9317074424309
49.8323463271167,49.7723847026955,58.8933976616158,50.3273837790689,179.581645654918,36.183558732125,65.5144035620983,206.109786039715,161.271439697631,82.4404504610075,92.1880921843956,182.431282680195,61.6908107845741,82.266596348205,57.6421162625873,51.6115500919373,58.7361348691907,54.9827073487952,95.0831855478013,36.7181591743406,182.1318053962,86.915932419593,61.7950151926821,60.5391264779985,54.9317006344318
49.8322464665036,49.7720865657527,58.8933970381354,50.3273837790689,179.581645654918,36.183558732125,65.5144035620983,206.109786039715,161.271439697631,82.4400726887689,92.1880768010067,182.431249719723,61.6908107845741,82.2665957367526,57.6421162625873,51.6112670257551,58.7361310777724,54.9826578185948,95.0831855478013,36.7180053235747,182.1318053962,86.915932419593,61.7950151926821,60.5391264779985,54.9316943699209
49.8321190261952,49.7720850635812,58.8933777233954,50.3193741510249,179.581645654918,36.1833913998576,65.5137369194731,206.109786039715,161.271338032171,82.4397245391938,92.1880672194782,182.431175282954,61.6908107845741,82.2664169497962,57.6420722024809,51.6107322044675,58.735980036884,54.982577345869,95.083131232444,36.7179704312045,182.131655442712,86.9159239906069,61.7950151926821,60.5390934787854,54.9316879722837
49.8268148232482,49.7720850635812,58.8933777233954,50.3142930907798,179.581645654918,36.1833913998576,65.5137369194731,206.109786039715,161.271338032171,82.4397245391938,92.1880672194782,182.431115125631,61.6907678884495,82.2664169497962,57.6420722024809,51.6107322044675,58.7359434957389,54.982577345869,95.0831270935828,36.7179704312045,182.131644769715,86.9158628472851,61.7950151926821,60.5389825156888,54.9316726591039
49.8241418911405,49.7719434187779,58.8933728658528,50.3142930907798,179.581645654918,36.1833013121209,65.5131001340778,206.109786039715,161.27084321837,82.4393011040393,92.1880612093562,182.431010304058,61.6906569912644,82.2663476924731,57.642042531231,51.6094341447065,58.7358660006721,54.9825485137135,95.0831218178464,36.71786484785,182.131596779295,86.9158590489726,61.7950151926821,60.5389825156888,54.9316726591039
49.8237108896519,49.771641134354,58.893318523581,50.3142930907798,179.581645654918,36.1833013121209,65.5131001340778,206.109786039715,161.27042015672,82.4388508434815,92.1880484781282,182.431010304058,61.6906203278272,82.2663476924731,57.642042531231,51.6085987739752,58.7358660006721,54.9825485137135,95.0831218178464,36.7178642978388,182.131596779295,86.9158590489726,61.7950151926821,60.5389825156888,54.9316726591039
49.8222484863993,49.771641134354,58.893318523581,50.2869281803669,179.581645654918,36.1833013121209,65.5127848696336,206.109786039715,161.27042015672,82.4387791135173,92.1880414241677,182.430970975015,61.6905756771312,82.2663236978922,57.642042531231,51.6081419661732,58.7358358732429,54.9825485137135,95.0831176617849,36.7178642978388,182.131569457253,86.9157979841671,61.7950149237458,60.5389114523025,54.9316647297771
49.8209671969071,49.771641134354,58.893318523581,50.2869281803669,179.581623719552,36.1832934572033,65.512431210022,206.10977861022,161.27042015672,82.4387778385637,92.1880414241677,182.430931304169,61.6905756771312,82.2663236978922,57.641869970128,51.6081419661732,58.7358358732429,54.9825485137135,95.083017452994,36.7178624325693,182.131569457253,86.9157979841671,61.7950149237458,60.5388517916394,54.9316647297771
49.8206241005407,49.771641134354,58.8933157463346,50.2869281803669,179.581623719552,36.1832325030373,65.512431210022,206.10977861022,161.269806929035,82.438605408136,92.1880394760822,182.430884030769,61.6905756771312,82.2663131680474,57.641869970128,51.6081415559802,58.7357233749569,54.9825268170594,95.083017452994,36.7178248723619,182.131542682477,86.9157979841671,61.7950149237458,60.5388125185259,54.9316617871968
49.8205803502722,49.771641134354,58.8933157463346,50.2765522114814,179.581623719552,36.1829739029242,65.5120948865585,206.10977861022,161.269589670463,82.438605408136,92.1880394760822,182.430871039782,61.6905601097619,82.2662869515163,57.641869970128,51.6078278972582,58.7357233749569,54.9825180444977,95.083017452994,36.7178248723619,182.131542682477,86.9157979841671,61.7950090564291,60.5388125185259,54.9316601214921
49.8201762886652,49.7715206720343,58.8932854046152,50.2662256998497,179.58161096511,36.1829739029242,65.5120948865585,206.109778147751,161.269589670463,82.4378278256966,92.1880377465332,182.430871039782,61.6905601097619,82.2662323075074,57.6418502001052,51.6075624606231,58.7357233749569,54.9825018263218,95.0829868415738,36.7178248723619,182.131542682477,86.9157799541385,61.7950022584132,60.5387710001341,54.9316601214921
49.8195392765781,49.7714381252649,58.8932854046152,50.2483044527676,179.581602431249,36.1829707843171,65.5120948865585,206.109778147751,161.269589670463,82.4378278256966,92.1880335235355,182.430871039782,61.6905601097619,82.2662323075074,57.6418502001052,51.6075624606231,58.7357233749569,54.9825018263218,95.0829868415738,36.7178248723619,182.131475897855,86.9157638144611,61.7950022584132,60.5387699781036,54.9316601214921
49.8191334767776,49.7711622533259,58.8932475469151,50.2483044527676,179.581581325225,36.1828992920275,65.5118190947092,206.109776154815,161.269200289088,82.4375218305047,92.1880278491526,182.430871039782,61.690546758703,82.2662311966844,57.6418278567755,51.60754184751,58.7357233749569,54.9824849760168,95.0829505061533,36.7178248723619,182.131460973081,86.9157638144611,61.7949995306058,60.5387392207056,54.9316516682331
49.818752471687,49.7711622533259,58.8932475469151,50.2483044527676,179.581569607656,36.1828992920275,65.5118190947092,206.109775022106,161.268932148048,82.4373214318698,92.1880278491526,182.430871039782,61.6905404137785,82.2662051622117,57.6418278567755,51.6073754584295,58.7356335960619,54.9824849760168,95.0829505061533,36.7178102073301,182.131460973081,86.9157570902528,61.7949971944893,60.5387288302845,54.9316516682331
49.818752471687,49.7711202598264,58.8932256373014,50.2483044527676,179.581569607656,36.1828992920275,65.5118190947092,206.109772994096,161.268932148048,82.4366690594411,92.1880278491526,182.430871039782,61.6905123402194,82.2662051622117,57.6418071331141,51.6073754584295,58.7356335960619,54.9824839938215,95.0829505061533,36.7177928674832,182.131460973081,86.9157570902528,61.7949971944893,60.5386806677645,54.9316516682331
49.818654941502,49.771016374707,58.8932256373014,50.2423398061776,179.581569607656,36.1828992920275,65.5117781702963,206.109772994096,161.268750664581,82.4366410295179,92.1880269461728,182.430871039782,61.6905123402194,82.2662051622117,57.6417898394975,51.6073754584295,58.7356142933172,54.9824694213651,95.0829427325893,36.7177928674832,182.131435517004,86.9157521923435,61.7949971944893,60.5386806677645,54.9316516682331
49.8186451161218,49.7710017393624,58.8932256373014,50.2278859005328,179.581569607656,36.1828466424954,65.5109942129998,206.109772436148,161.268632352933,82.4366410295179,92.1880212258352,182.430832289027,61.6905123402194,82.2662051622117,57.6417224314296,51.6073754584295,58.7354966271514,54.9824689142424,95.0829130843999,36.7177928674832,182.131409457375,86.9157521923435,61.7949971258488,60.5386806677645,54.9316466027635
49.8186451161218,49.7710017393624,58.8932256373014,50.2278859005328,179.581569607656,36.1828466424954,65.5109942129998,206.109772228888,161.268559339717,82.4364572296543,92.1880212258352,182.430832289027,61.6905123402194,82.2661887089962,57.641718255531,51.6073754584295,58.7354966271514,54.9824689142424,95.0829130843999,36.7177840159065,182.131401117133,86.9157521923435,61.7949921575821,60.5386616327507,54.9316433779882
49.8184919368446,49.7708130923399,58.8932191919725,50.2278859005328,179.581559068793,36.1827755630738,65.5109942129998,206.109772228888,161.268429270138,82.436391612631,92.1880212258352,182.430832289027,61.6905054863125,82.2661419368426,57.6416951575084,51.607221429678,58.7354572298955,54.9824642695269,95.0829130843999,36.7177803690727,182.131360872849,86.9157521923435,61.7949921575821,60.5386616327507,54.9316433779882
49.8181962012118,49.7707211937682,58.8932191919725,50.2230680641173,179.581559068793,36.1827755630738,65.5109942129998,206.109770708131,161.268317342883,82.4362019763464,92.1880205620498,182.430803951699,61.6904777652596,82.2661419368426,57.6416951575084,51.607221429678,58.7354431908473,54.9824642695269,95.0828938198824,36.7177803690727,182.131338572901,86.9157473065343,61.7949885583259,60.538647753013,54.9316433779882
49.8181962012118,49.7707211937682,58.8932191919725,50.2105845661833,179.581558193094,36.1827755630738,65.5109639177901,206.109770448336,161.268078595401,82.4360858227201,92.1880203864046,182.430799797771,61.6904777652596,82.2661419368426,57.6416951575084,51.607126535029,58.7354121033477,54.9824520873481,95.0828938198824,36.7177672639605,182.131338572901,86.9157473065343,61.7949849778668,60.538647753013,54.9316414537138
49.8181962012118,49.7707211937682,58.8932191919725,50.2105845661833,179.581558193094,36.1827755630738,65.510918503694,206.109770448336,161.268078595401,82.4360858227201,92.1880169494152,182.430788894185,61.6904777652596,82.2661419368426,57.6416951575084,51.607126535029,58.7353711308822,54.9824520873481,95.0828938198824,36.7177672639605,182.131320130872,86.9157408722181,61.7949792101067,60.5386316994664,54.9316414537138
49.8181730911001,49.7706497067318,58.8932191919725,50.2078588091033,179.58155760947,36.1827617306644,65.5107207910553,206.109770448336,161.267884884199,82.4359688308341,92.1880158887907,182.430786253583,61.690473994553,82.266122776977,57.6416805295287,51.6070461865777,58.7353469813218,54.9824520873481,95.0828938198824,36.7177672639605,182.131320130872,86.9157404223511,61.7949738812301,60.5386186048775,54.9316414537138
49.818034533261,49.7706010452223,58.8932191919725,50.2078588091033,179.58155704082,36.1827507330165,65.5107207910553,206.109770302875,161.267841214496,82.4359688308341,92.1880158887907,182.430772948024,61.6904653536237,82.266122776977,57.6416668444676,51.6070407578184,58.7353287632573,54.9824508876372,95.0828938198824,36.7177569490057,182.131320130872,86.9157404223511,61.794971456419,60.5386171750995,54.9316414537138
49.8180135978603,49.770537448014,58.8932161742832,50.2055422227656,179.581554543116,36.182700270939,65.5107207910553,206.109770033207,161.26781327076,82.435872258332,92.1880157515086,182.430772948024,61.6904653536237,82.2661134085929,57.6416668444676,51.6069834912064,58.735323039318,54.9824487239857,95.082882817665,36.717756045133,182.131311860418,86.9157402140429,61.794971456419,60.5386065133368,54.9316414537138
49.8178603326062,49.770537448014,58.8932161742832,50.2047770368638,179.581554543116,36.182700270939,65.5107207910553,206.109770033207,161.267730999859,82.435872258332,92.1880157515086,182.430772948024,61.6904653536237,82.2661099847548,57.6416648859752,51.6069834912064,58.7353185179675,54.9824475402827,95.0828598031469,36.717756045133,182.131311860418,86.9157397318259,61.7949676077571,60.5385979741509,54.9316395506023
49.8178603326062,49.7705310911986,58.8932161742832,50.2015478529802,179.58155278624,36.182700270939,65.5106483373622,206.109770009184,161.267667929107,82.435872258332,92.1880149484718,182.430771468916,61.6904653536237,82.2660847260868,57.6416527643476,51.6069832269366,58.7352986402591,54.9824473627273,95.0828598031469,36.717756045133,182.131296742576,86.9157397318259,61.7949599205851,60.5385630339629,54.9316392906671
49.8178603326062,49.7705296824993,58.8932161742832,50.2015478529802,179.58155278624,36.182700270939,65.5106299987569,206.109769880226,161.267667929107,82.4357924360543,92.1880149484718,182.430771468916,61.6904653536237,82.2660847260868,57.6416472255405,51.6069644470413,58.7352915538725,54.9824468132963,95.0828598031469,36.7177451854716,182.131296742576,86.9157397318259,61.7949599205851,60.5385536415645,54.9316359517006
49.8178603326062,49.7704870842251,58.8932161742832,50.1917108190723,179.58155278624,36.182700270939,65.5104724257492,206.109769592225,161.267596324305,82.4357924360543,92.1880148436817,182.430763249004,61.6904653536237,82.2660524581497,57.6416472255405,51.6069335917787,58.7352848943378,54.9824468132963,95.0828598031469,36.7177451854716,182.131281495956,86.9157384548585,61.7949599205851,60.5385237932699,54.9316359517006
49.8178603326062,49.7704310494325,58.8932160277777,50.1917108190723,179.581548312377,36.182700270939,65.5104724257492,206.109769592225,161.267596324305,82.4357894160398,92.188014674653,182.430763249004,61.6904600884131,82.2660273654108,57.6416343124663,51.6069335917787,58.7352822522494,54.9824468132963,95.0828598031469,36.7177415494032,182.131281495956,86.9157378939913,61.7949599205851,60.5385237932699,54.9316359517006
49.8177947841079,49.7704310494325,58.8932119917536,50.1862521738478,179.581548131041,36.1826867327488,65.5104724257492,206.109769574819,161.267582624286,82.4357894160398,92.1880126674689,182.430759157007,61.6904600884131,82.2659627193043,57.6416343124663,51.6069233070568,58.735273888663,54.9824433880588,95.0828590076769,36.7177395146668,182.131249820199,86.9157378939913,61.7949599205851,60.5384967647381,54.9316359517006
49.8177947841079,49.7704310494325,58.8932106450618,50.1862521738478,179.581548131041,36.1826867327488,65.5104724257492,206.109769391092,161.267582624286,82.4357757624546,92.1880122685097,182.430759157007,61.6904553738639,82.2659469455828,57.6416343124663,51.6069233070568,58.735273888663,54.9824433880588,95.0828573452604,36.7177381707936,182.131236123967,86.9157378939913,61.7949599205851,60.5384967647381,54.931635579263
49.817782692568,49.7704310494325,58.8932100253598,50.1825472849941,179.581541871201,36.182684447866,65.5104541694266,206.109769391092,161.267582624286,82.4357757624546,92.1880118153892,182.430759157007,61.6904506395472,82.2659469455828,57.6416325575976,51.6069233070568,58.735273888663,54.9824433880588,95.0828550270492,36.7177381707936,182.131236123967,86.9157378939913,61.7949580524371,60.5382769724708,54.9316342556178
49.8177751459739,49.7704310494325,58.8932029683492,50.1805692821497,179.581541871201,36.182684447866,65.5103642536337,206.109769336191,161.267581971293,82.4357510557081,92.1880113722916,182.430757196087,61.6904506395472,82.2659469455828,57.6416319659156,51.606896537334,58.7352724711184,54.9824433880588,95.0828510708502,36.717736811099,182.131236123967,86.9157377779957,61.7949286925113,60.5382769724708,54.9316342556178
49.8177751459739,49.7703894443007,58.8932029683492,50.1805692821497,179.581541871201,36.1826782673597,65.5103223801677,206.109769019886,161.267581971293,82.4357434887859,92.1880110525262,182.430754669721,61.6904505215509,82.2659469455828,57.6416319659156,51.606896537334,58.7352724711184,54.9824433880588,95.0828452871683,36.717736811099,182.131232933094,86.9157361381581,61.7949280735845,60.5380906149078,54.9316339779134
49.81776610217,49.7703752649829,58.8932023090072,50.1771972792876,179.581541871201,36.1826782673597,65.5102300716535,206.109769019886,161.267581971293,82.435719130413,92.1880104848794,182.430754669721,61.6904445353478,82.2659469455828,57.6416319659156,51.606896537334,58.735270544579,54.9824433880588,95.0828452871683,36.717736785354,182.131232933094,86.9157354296897,61.7949150930333,60.5380906149078,54.9316339779134
49.8177449641544,49.7703707886099,58.8932004338196,50.1771972792876,179.581541404545,36.1826782673597,65.5101250827445,206.10976893327,161.267570075084,82.435719130413,92.1880104848794,182.430751713918,61.6904445353478,82.2659469455828,57.6416280022083,51.6068957820312,58.7352688318874,54.9824425083125,95.0828356858872,36.717736785354,182.131232933094,86.9157352247516,61.7949075916445,60.5380906149078,54.9316339779134
49.8177321856424,49.7703706002428,58.8931995726109,50.1765049294359,179.581541404545,36.1826764315942,65.5101250827445,206.10976893327,161.267535109272,82.435719130413,92.1880104848794,182.430747255564,61.6904445353478,82.2659248674006,57.6416280022083,51.6068952631167,58.7352630257674,54.9824425083125,95.0828334426756,36.717736785354,182.131232933094,86.9157347265336,61.794891322829,60.5380906149078,54.9316335270305
49.8177160237026,49.7703243802616,58.8931995726109,50.1739727253068,179.581541404545,36.1826764315942,65.5100688610601,206.109768894419,161.267535109272,82.435719130413,92.1880098520944,182.430747255564,61.6904445353478,82.2657189756972,57.6416280022083,51.6068944739368,58.7352630257674,54.9824424587346,95.0828314193523,36.7177330440525,182.131232933094,86.9157347265336,61.7948865884696,60.5380906149078,54.9316335270305
49.8177146929668,49.7703243802616,58.8931974020977,50.1739727253068,179.581541404545,36.1826764315942,65.5100688610601,206.109768894419,161.267513421712,82.435719130413,92.1880098520944,182.430747255564,61.6904445353478,82.2655957773632,57.6416280022083,51.6068944739368,58.7352630257674,54.9824421687181,95.0828314193523,36.7177322016853,182.131232933094,86.9157347265336,61.7948865884696,60.5370107997937,54.9316335270305
49.8177146929668,49.7703243802616,58.8931974020977,50.1723378979648,179.581540248908,36.182671600234,65.5099870347783,206.109768597411,161.267511877943,82.4357020956827,92.1880098520944,182.430745368191,61.6904417808362,82.2655820843277,57.6416254610058,51.6068812017834,58.7352614158563,54.9824389158528,95.0828257222663,36.7177322016853,182.131131450176,86.915733917579,61.7948865884696,60.5367110585275,54.9316335270305
49.8177125189081,49.770306021268,58.8931974020977,50.1719934368236,179.581540248908,36.182671600234,65.5099156405424,206.109768594581,161.267499982054,82.4357020956827,92.1880098055187,182.430745368191,61.6904417808362,82.2654806988844,57.6416235019385,51.6068812017834,58.7352602662534,54.9824389158528,95.0828257222663,36.7177322016853,182.131131450176,86.915733917579,61.7948865884696,60.5357783223685,54.9316335270305
49.8177043140581,49.7703050468181,58.8931972255587,50.1710560986592,179.581537554028,36.1826713862683,65.5098431385188,206.109768594581,161.267499982054,82.4357020956827,92.1880095685897,182.430745368191,61.6904388574044,82.2654698347287,57.641620624283,51.6068812017834,58.7352581173645,54.9824389158528,95.0828257222663,36.7177322016853,182.131131450176,86.915733917579,61.7948865884696,60.5357783223685,54.9316327549222
49.8177043140581,49.7702967306561,58.893196967621,50.170871900071,179.581537554028,36.1826713862683,65.5098431385188,206.109768594581,161.267499982054,82.4356990209583,92.1880095685897,182.430745368191,61.6904388574044,82.265416020768,57.6416186922499,51.6068812017834,58.7352581173645,54.9824380907032,95.0828235276076,36.7177269501153,182.131131450176,86.9157336764818,61.7948865884696,60.5357783223685,54.9316326541559
49.8177036468767,49.7702865827864,58.8931966814901,50.1699155361587,179.581537067204,36.1826684426276,65.5097394535549,206.109768568154,161.267485435075,82.4356948084667,92.1880091595747,182.430743820149,61.6904360680605,82.2653739186499,57.6416186922499,51.6068782681143,58.7352581173645,54.9824380907032,95.0828235276076,36.7177269501153,182.13074571494,86.9157336150515,61.7948865884696,60.5352919438478,54.9316326541559
49.8176978791869,49.7702852285945,58.8931966814901,50.1698590435303,179.581535485125,36.1826666749178,65.5097394535549,206.109768568154,161.267485435075,82.4356948084667,92.1880091595747,182.430743135612,61.6904356029456,82.2653739186499,57.6416178963555,51.6068729712424,58.7352574376414,54.9824379401643,95.0828235276076,36.7177269501153,182.13074571494,86.9157333834039,61.7948865884696,60.5351404100436,54.9316324565114
49.81769638375,49.7702808671854,58.8931966814901,50.1698222596488,179.581532891684,36.1826666749178,65.5096676513701,206.109768568154,161.267483084231,82.4356931392294,92.1880088193996,182.430741340949,61.6904351476398,82.26535109885,57.6416159003352,51.6068729712424,58.7352565981289,54.9824377084367,95.0828235131266,36.7177269501153,182.130702125747,86.9157332594366,61.7948865884696,60.5327218689536,54.9316310937256
49.8176942616824,49.7702808671854,58.8931966814901,50.1689665214735,179.581532891684,36.1826666749178,65.5096676513701,206.109768568154,161.267480639419,82.4356931392294,92.1880086722881,182.430738638608,61.6904351476398,82.26535109885,57.6416159003352,51.6068729712424,58.7352560114189,54.9824375943253,95.0828221538441,36.7177269501153,182.130702125747,86.915733110412,61.7948865884696,60.5322020655881,54.9316310937256
49.8176942616824,49.7702799288081,58.8931965440183,50.1689480495402,179.581530987379,36.1826663213722,65.5095946544284,206.109768568154,161.267474871086,82.4356867382894,92.1880086722881,182.430738638608,61.6904348514943,82.2653349298573,57.641614715641,51.6068708280463,58.7352560114189,54.9824367035517,95.0828221538441,36.7177225898115,182.130682245492,86.915733110412,61.7948865884696,60.5322020655881,54.9316310937256
49.8176942616824,49.7702729558728,58.893196040776,50.1687410500219,179.581530755624,36.1826658795544,65.5095946544284,206.109768568154,161.267473977833,82.4356867382894,92.1880086722881,182.430738638608,61.6904348514943,82.2653325146375,57.641613978318,51.6068708280463,58.7352560114189,54.9824363361354,95.0828221538441,36.7177225898115,182.130436669434,86.915733088804,61.7948865884696,60.5317500166555,54.9316309132903
49.8176942616824,49.7702651634586,58.893196040776,50.1684763894787,179.581530131865,36.1826654973104,65.5095186708975,206.109768568154,161.267473820605,82.4356867382894,92.188008559086,182.430738638608,61.6904344067857,82.2653245302349,57.6416132174422,51.606869259323,58.7352560114189,54.9824363361354,95.0828201461902,36.7177225898115,182.130213602093,86.9157329610709,61.7948865884696,60.5315601090251,54.9316309132903
49.8176942616824,49.7702603305192,58.8931959224883,50.1683107147937,179.581530131865,36.182665092723,65.509426158661,206.109768568154,161.267473820605,82.4356867382894,92.188008559086,182.430738638608,61.6904338840754,82.2653245302349,57.6416127339269,51.6068664532272,58.7352544206703,54.9824363361354,95.0828194290059,36.7177225898115,182.130179257898,86.9157329610709,61.7948865884696,60.5308826273279,54.9316306183773
49.8176912015599,49.7702603305192,58.8931959224883,50.1683107147937,179.581530032654,36.1826647322116,65.5092958389976,206.109768568154,161.267473820605,82.4356867382894,92.188008559086,182.430736544339,61.6904312513584,82.2653214290008,57.6416117410495,51.6068664532272,58.7352543550512,54.9824362478018,95.0828182349956,36.7177225898115,182.130179257898,86.9157329610709,61.7948865884696,60.5302471693376,54.9316306183773
49.8176912015599,49.7702587159858,58.8931958835153,50.1680959678515,179.581530032654,36.1826632676095,65.5091730471383,206.109768568154,161.267463784048,82.4356867382894,92.188008559086,182.430736544339,61.6904310099837,82.2653205494762,57.6416116087023,51.6068664532272,58.7352538864216,54.9824358433675,95.0828182349956,36.7177225898115,182.130113416183,86.9157329610709,61.7948865884696,60.5302471693376,54.9316306183773
49.8176905196942,49.7702538786591,58.89319554803,50.1679986968165,179.581529019065,36.182662819612,65.5091730471383,206.109768568154,161.26745914061,82.4356865271261,92.188008559086,182.430736544339,61.6904310099837,82.2653188332313,57.6416110653183,51.6068664532272,58.7352536843155,54.9824358433675,95.0828178718371,36.7177225613902,182.129972067564,86.9157329610709,61.7948865884696,60.5288938945607,54.9316306183773
49.8176905196942,49.7702520912105,58.89319554803,50.1676072475238,179.581529019065,36.1826626938821,65.5091730471383,206.109768568154,161.267456818772,82.4356857531502,92.188008559086,182.430736544339,61.6904305864718,82.2653160660077,57.6416110653183,51.6068664532272,58.7352525881281,54.9824358433675,95.0828178718371,36.7177225613902,182.129939995025,86.9157329610709,61.7948865884696,60.5288938945607,54.9316304280535
49.8176873633608,49.7702520912105,58.89319554803,50.1676072475238,179.581529019065,36.1826624928099,65.5091730471383,206.109768568154,161.267454395438,82.4356857531502,92.188008559086,182.430736300116,61.6904305864718,82.2653160660077,57.6416110653183,51.6068661527363,58.7352525881281,54.9824358433675,95.082817141325,36.7177225613902,182.129879918452,86.9157329610709,61.7948865884696,60.5266142358362,54.9316304280535
49.8176873633608,49.7702520912105,58.8931955277051,50.1676072475238,179.581528982059,36.1826623208133,65.5090494203002,206.109768568154,161.267454077842,82.4356857531502,92.188008559086,182.430736200956,61.6904305864718,82.2653138213332,57.6416110653183,51.6068661527363,58.7352525881281,54.9824358433675,95.0828164615505,36.7177225613902,182.129838519456,86.9157329610709,61.7948865884696,60.5266142358362,54.9316304280535
49.817685557555,49.7702520912105,58.8931954542747,50.1675532009328,179.58152873255,36.1826616291189,65.5081705907533,206.109768568154,161.267453884931,82.4356822555173,92.188008559086,182.430735714439,61.6904305864718,82.2653131326776,57.6416107205384,51.6068661527363,58.7352525881281,54.9824358241804,95.0828164615505,36.7177224253376,182.129811665547,86.9157329610709,61.7948865884696,60.5260999951784,54.9316304280535
49.817685557555,49.7702483982953,58.8931953189563,50.1675532009328,179.581528693742,36.1826616291189,65.5081705907533,206.109768568154,161.267453884931,82.4356790304171,92.188008559086,182.430735714439,61.6904305749545,82.2653126472489,57.6416097903441,51.6068659803775,58.7352524957591,54.9824358241804,95.0828164615505,36.7177212314909,182.129811665547,86.9157329610709,61.7948865884696,60.5260999951784,54.9316304280535
49.8176850439706,49.770247991723,58.8931951884588,50.1674516347409,179.581528550695,36.1826616291189,65.5081705907533,206.109768568154,161.267453884931,82.4356779954219,92.188008559086,182.430735714439,61.6904305749545,82.2653122417441,57.6416093113378,51.606865633951,58.7352524957591,54.982435603619,95.0828158988295,36.7177211395956,182.129811665547,86.9157329610709,61.7948865884696,60.5260999951784,54.9316304280535
49.8176850439706,49.770245827734,58.8931951884588,50.1674427879975,179.581528550695,36.1826613219434,65.5081705907533,206.109768568154,161.267453038832,82.4356763297942,92.188008559086,182.430735588397,61.6904302823784,82.2653122417441,57.6416091173483,51.606865633951,58.7352524957591,54.982435603619,95.0828158402471,36.7177207889779,182.129811665547,86.9157329610709,61.7948865884696,60.5256339879077,54.9316304280535
49.8176850439706,49.7702434637745,58.8931951884588,50.1673745042751,179.581528550695,36.1826613219434,65.5081705907533,206.109768568154,161.267451718003,82.4356743001883,92.188008559086,182.430735239604,61.690430126175,82.2653117377258,57.64160883058,51.6068650053619,58.7352523296502,54.982435603619,95.0828154959775,36.7177207889779,182.129811665547,86.9157329610709,61.7948865884696,60.5242715933089,54.9316304280535
49.8176850439706,49.7702433269721,58.8931951884588,50.1672648074591,179.581528484714,36.1826613219434,65.5078842386263,206.109768568154,161.267451718003,82.4356736639854,92.188008559086,182.430735239604,61.6904297067108,82.2653106440173,57.6416085400372,51.6068650053619,58.7352523296502,54.982435603619,95.0828150066038,36.7177207889779,182.129811665547,86.9157329610709,61.7948865884696,60.5227431266674,54.9316304280535
49.8176839414082,49.7702429810688,58.8931951884588,50.1672648074591,179.581528484714,36.1826610750709,65.5078842386263,206.109768568154,161.26745150067,82.4356734232706,92.188008559086,182.430735239604,61.6904296329806,82.2653103808389,57.6416085400372,51.6068644173065,58.7352523296502,54.9824354597379,95.0828144634513,36.7177207889779,182.129811665547,86.9157329610709,61.7948865884696,60.5227431266674,54.9316304280535
49.8176837399185,49.7702429810688,58.8931951884588,50.1672648074591,179.581528484714,36.1826608631129,65.5058325701859,206.109768568154,161.26745150067,82.4356729902966,92.188008559086,182.430735239604,61.6904296214284,82.2653103808389,57.6416085400372,51.6068643053256,58.7352520638055,54.9824354597379,95.0828144181623,36.7177207889779,182.129811665547,86.9157329610709,61.7948865884696,60.5225687973357,54.9316304280535
49.8176836225555,49.7702410738557,58.8931951884588,50.1672199406958,179.581528431801,36.1826607432217,65.5034337843513,206.109768568154,161.267450885407,82.4356710729314,92.188008559086,182.430735239604,61.6904289137524,82.2653103808389,57.6416081687946,51.6068641966417,58.7352520638055,54.9824354597379,95.0828143664896,36.7177207889779,182.129811665547,86.9157329610709,61.7948865884696,60.5211183031042,54.9316304280535
49.8176836225555,49.7702410738557,58.8931951884588,50.1671815855977,179.581528410917,36.1826606336849,65.5034337843513,206.109768568154,161.26745034956,82.4356710729314,92.188008559086,182.430735239604,61.6904288788583,82.2653103808389,57.6416075156012,51.6068641966417,58.7352520638055,54.9824353868635,95.0828137720791,36.7177207889779,182.129811665547,86.9157329610709,61.7948865884696,60.5211183031042,54.9316304280535
49.8176834188694,49.7702410738557,58.8931951884588,50.1671697632905,179.581528410917,36.1826603886784,65.5016393988506,206.109768568154,161.26745034956,82.4356710729314,92.188008559086,182.430735239604,61.6904288373812,82.2653103808389,57.6416075156012,51.6068641966417,58.7352519351371,54.9824353868635,95.0828137720791,36.7177207889779,182.129811665547,86.9157329610709,61.7948865884696,60.5194807819225,54.9316304280535
49.8176834188694,49.7702410738557,58.8931951884588,50.167166023703,179.581528391222,36.1826603886784,65.4994944039488,206.109768568154,161.26745034956,82.4356676530469,92.188008559086,182.430735239604,61.6904288132955,82.2653103808389,57.6416075156012,51.6068640388019,58.7352519351371,54.9824353078232,95.0828137720791,36.7177207889779,182.129811665547,86.9157329610709,61.7948865884696,60.5192427381787,54.9316304280535
49.8176834188694,49.7702402223349,58.8931951884588,50.1671166088759,179.581528244976,36.1826603886784,65.4984805631998,206.109768568154,161.267449900255,82.4356676530469,92.188008559086,182.430735239604,61.6904285465673,82.2653103808389,57.6416075156012,51.6068636321907,58.7352519351371,54.9824353078232,95.0828137086035,36.7177207889779,182.129811665547,86.9157329610709,61.7948865884696,60.5190411965934,54.9316304280535
49.8176834188694,49.7702402223349,58.8931951884588,50.1671166088759,179.581528244976,36.1826603886784,65.4981177733423,206.109768568154,161.267449900255,82.4356676530469,92.188008559086,182.430735239604,61.6904284621228,82.2653103808389,57.6416075156012,51.6068636321907,58.7352519351371,54.9824353078232,95.0828137086035,36.7177207889779,182.129811665547,86.9157329610709,61.7948865884696,60.5190411965934,54.9316304280535
49.8176834188694,49.7702402223349,58.8931951884588,50.1670956488197,179.581528244976,36.1826602171636,65.4961438739692,206.109768568154,161.267449900255,82.4356648795972,92.188008559086,182.430735239604,61.6904282184012,82.2653103808389,57.6416074940894,51.6068636321907,58.7352519351371,54.9824353078232,95.082813615621,36.7177207889779,182.129811665547,86.9157329610709,61.7948865884696,60.5188795794725,54.9316304280535
49.8176834188694,49.7702401767417,58.8931951884588,50.1670810138228,179.581528244976,36.1826602171636,65.4961438739692,206.109768568154,161.267449770617,82.4356648795972,92.188008559086,182.430735239604,61.6904279953671,82.2653103808389,57.6416074940894,51.6068636321907,58.7352519351371,54.9824353078232,95.082813615621,36.7177207889779,182.129811665547,86.9157329610709,61.7948865884696,60.5176375045335,54.9316304280535
49.8176834188694,49.7702401695005,58.8931951884588,50.1670503364419,179.581528244976,36.1826602171636,65.4957106313389,206.109768568154,161.267449354918,82.4356632755062,92.188008559086,182.430735239604,61.6904279953671,82.2653103808389,57.6416070747825,51.6068636321907,58.7352519351371,54.9824353078232,95.082813615621,36.7177207889779,182.129811665547,86.9157329610709,61.7948865884696,60.5173767783451,54.9316304280535
49.8176834188694,49.7702395159899,58.8931951884588,50.1670503364419,179.581528244976,36.1826602171636,65.4948048293902,206.109768568154,161.267448904018,82.4356632755062,92.188008559086,182.430735239604,61.6904279922755,82.2653103808389,57.6416070747825,51.6068636321907,58.7352519351371,54.9824353078232,95.082813615621,36.7177207889779,182.129811665547,86.9157329610709,61.7948865884696,60.5173767783451,54.9316304280535
49.8176834188694,49.7702395159899,58.8931951884588,50.1670486820201,179.581528244976,36.1826601133532,65.4941669644131,206.109768568154,161.267448581595,82.4356601076734,92.188008559086,182.430735239604,61.6904276949265,82.2653103808389,57.6416070747825,51.6068636321907,58.7352519351371,54.9824353078232,95.082813615621,36.7177207889779,182.129811665547,86.9157329610709,61.7948865884696,60.5168865583285,54.9316304280535
49.8176834188694,49.7702392532051,58.8931951884588,50.1670377088087,179.581528244976,36.1826601026823,65.4941669644131,206.109768568154,161.267448581595,82.4356601076734,92.188008559086,182.430735239604,61.6904276949265,82.2653103808389,57.6416070254518,51.6068636321907,58.7352519351371,54.9824353078232,95.082813615621,36.7177207889779,182.129811665547,86.9157329610709,61.7948865884696,60.5168865583285,54.9316304280535
49.8176834188694,49.7702386561537,58.8931951884588,50.1670236758885,179.581528244976,36.1826601026823,65.4941669644131,206.109768568154,161.267448581595,82.4356548027124,92.188008559086,182.430735239604,61.6904272782504,82.2653103808389,57.6416068606115,51.6068636321907,58.7352519351371,54.9824353078232,95.082813615621,36.7177207889779,182.129811665547,86.9157329610709,61.7948865884696,60.5168865583285,54.9316304280535
49.8176834188694,49.7702384716317,58.8931951884588,50.1670236758885,179.581528244976,36.1826601026823,65.4938300583838,206.109768568154,161.26744827301,82.4356548027124,92.188008559086,182.430735239604,61.6904272782504,82.2653103808389,57.6416067865775,51.6068636321907,58.7352519351371,54.9824353078232,95.082813615621,36.7177207889779,182.129811665547,86.9157329610709,61.7948865884696,60.5165542406589,54.9316304280535
49.8176834188694,49.7702382840707,58.8931951884588,50.1670236758885,179.581528244976,36.1826601026823,65.4931383328194,206.109768568154,161.26744827301,82.4356532138013,92.188008559086,182.430735239604,61.6904272782504,82.2653103808389,57.6416067488153,51.6068636321907,58.7352519351371,54.9824353078232,95.082813615621,36.7177207889779,182.129811665547,86.9157329610709,61.7948865884696,60.5161829859182,54.9316304280535
49.8176834188694,49.7702379910675,58.8931951884588,50.1670213712355,179.581528244976,36.1826601026823,65.4925346187179,206.109768568154,161.26744827301,82.4356532138013,92.188008559086,182.430735239604,61.6904272782504,82.2653103808389,57.6416066298186,51.6068636321907,58.7352519351371,54.9824353078232,95.082813615621,36.7177207889779,182.129811665547,86.9157329610709,61.7948865884696,60.5160189344674,54.9316304280535
49.8176834188694,49.7702379517818,58.8931951884588,50.1670213712355,179.581528244976,36.1826601026823,65.4925346187179,206.109768568154,161.26744827301,82.4356532138013,92.188008559086,182.430735239604,61.6904272782504,82.2653103808389,57.6416066298186,51.6068636321907,58.7352519351371,54.9824353078232,95.082813615621,36.7177207889779,182.129811665547,86.9157329610709,61.7948865884696,60.5157529938315,54.9316304280535
49.8176834188694,49.7702379517818,58.8931951884588,50.1670213712355,179.581528244976,36.1826601026823,65.4924912580743,206.109768568154,161.26744827301,82.4356532138013,92.188008559086,182.430735239604,61.6904272782504,82.2653103808389,57.6416066298186,51.6068636321907,58.7352519351371,54.9824353078232,95.082813615621,36.7177207889779,182.129811665547,86.9157329610709,61.7948865884696,60.5157529938315,54.9316304280535
49.8176834188694,49.7702377515234,58.8931951884588,50.1670208187365,179.581528244976,36.1826601026823,65.4924912580743,206.109768568154,161.26744827301,82.4356532138013,92.188008559086,182.430735239604,61.6904272782504,82.2653103808389,57.6416065249855,51.6068636321907,58.7352519351371,54.9824353078232,95.082813615621,36.7177207889779,182.129811665547,86.9157329610709,61.7948865884696,60.5156711762172,54.9316304280535
49.8176834188694,49.7702376814675,58.8931951884588,50.1670140985443,179.581528244976,36.1826601026823,65.4917955199844,206.109768568154,161.26744827301,82.4356532138013,92.188008559086,182.430735239604,61.6904272782504,82.2653103808389,57.6416065249855,51.6068636321907,58.7352519351371,54.9824353078232,95.082813615621,36.7177207889779,182.129811665547,86.9157329610709,61.7948865884696,60.5156711762172,54.9316304280535
49.8176834188694,49.7702376261959,58.8931951884588,50.1669985500055,179.581528244976,36.1826601026823,65.4908901331794,206.109768568154,161.267448138547,82.4356532138013,92.188008559086,182.430735239604,61.6904272782504,82.2653103808389,57.6416064836637,51.6068636321907,58.7352519351371,54.9824353078232,95.082813615621,36.7177207889779,182.129811665547,86.9157329610709,61.7948865884696,60.5154492932304,54.9316304280535
49.8176834188694,49.7702376261959,58.8931951884588,50.1669924048563,179.581528244976,36.1826601026823,65.4908901331794,206.109768568154,161.267448138547,82.4356532138013,92.188008559086,182.430735239604,61.6904272782504,82.2653103808389,57.6416064836637,51.6068636321907,58.7352519351371,54.9824353078232,95.082813615621,36.7177207889779,182.129811665547,86.9157329610709,61.7948865884696,60.5154492932304,54.9316304280535
49.8176834188694,49.7702374506239,58.8931951884588,50.1669801686905,179.581528244976,36.1826601026823,65.4906581386037,206.109768568154,161.267448138547,82.4356532138013,92.188008559086,182.430735239604,61.6904272782504,82.2653103808389,57.6416064836637,51.6068636321907,58.7352519351371,54.9824353078232,95.082813615621,36.7177207889779,182.129811665547,86.9157329610709,61.7948865884696,60.5153694057535,54.9316304280535
49.8176834188694,49.7702372502995,58.8931951884588,50.1669801686905,179.581528244976,36.1826601026823,65.4902776163997,206.109768568154,161.267448138547,82.4356532138013,92.188008559086,182.430735239604,61.6904272782504,82.2653103808389,57.6416064408129,51.6068636321907,58.7352519351371,54.9824353078232,95.082813615621,36.7177207889779,182.129811665547,86.9157329610709,61.7948865884696,60.5153157168595,54.9316304280535
49.8176834188694,49.7702371260289,58.8931951884588,50.1669768620789,179.581528244976,36.1826601026823,65.4899297167497,206.109768568154,161.267448138547,82.4356532138013,92.188008559086,182.430735239604,61.6904272782504,82.2653103808389,57.6416064181394,51.6068636321907,58.7352519351371,54.9824353078232,95.082813615621,36.7177207889779,182.129811665547,86.9157329610709,61.7948865884696,60.5152886732585,54.9316304280535
49.8176834188694,49.7702369797598,58.8931951884588,50.1669768620789,179.581528244976,36.1826601026823,65.4899297167497,206.109768568154,161.267448138547,82.4356532138013,92.188008559086,182.430735239604,61.6904272782504,82.2653103808389,57.6416063997922,51.6068636321907,58.7352519351371,54.9824353078232,95.082813615621,36.7177207889779,182.129811665547,86.9157329610709,61.7948865884696,60.515253789717,54.9316304280535
49.8176834188694,49.7702369797598,58.8931951884588,50.1669763761772,179.581528244976,36.1826601026823,65.4897350240947,206.109768568154,161.267448138547,82.4356532138013,92.188008559086,182.430735239604,61.6904272782504,82.2653103808389,57.6416063997922,51.6068636321907,58.7352519351371,54.9824353078232,95.082813615621,36.7177207889779,182.129811665547,86.9157329610709,61.7948865884696,60.515253789717,54.9316304280535
49.8176834188694,49.7702367626457,58.8931951884588,50.1669681380713,179.581528244976,36.1826601026823,65.4897350240947,206.109768568154,161.267448138547,82.4356532138013,92.188008559086,182.430735239604,61.6904272782504,82.2653103808389,57.6416063997922,51.6068636321907,58.7352519351371,54.9824353078232,95.082813615621,36.7177207889779,182.129811665547,86.9157329610709,61.7948865884696,60.515253789717,54.9316304280535
49.8176834188694,49.7702367229742,58.8931951884588,50.166964808697,179.581528244976,36.1826601026823,65.4896534445579,206.109768568154,161.267448138547,82.4356532138013,92.188008559086,182.430735239604,61.6904272782504,82.2653103808389,57.6416063997922,51.6068636321907,58.7352519351371,54.9824353078232,95.082813615621,36.7177207889779,182.129811665547,86.9157329610709,61.7948865884696,60.515253789717,54.9316304280535
49.8176834188694,49.770236722148,58.8931951884588,50.166964808697,179.581528244976,36.1826601026823,65.4893838556507,206.109768568154,161.267448138547,82.4356532138013,92.188008559086,182.430735239604,61.6904272782504,82.2653103808389,57.6416063997922,51.6068636321907,58.7352519351371,54.9824353078232,95.082813615621,36.7177207889779,182.129811665547,86.9157329610709,61.7948865884696,60.515253789717,54.9316304280535
49.8176834188694,49.7702365643211,58.8931951884588,50.166964808697,179.581528244976,36.1826601026823,65.4890974931714,206.109768568154,161.267448138547,82.4356532138013,92.188008559086,182.430735239604,61.6904272782504,82.2653103808389,57.6416063997922,51.6068636321907,58.7352519351371,54.9824353078232,95.082813615621,36.7177207889779,182.129811665547,86.9157329610709,61.7948865884696,60.515253789717,54.9316304280535
49.8176834188694,49.770236560543,58.8931951884588,50.166964808697,179.581528244976,36.1826601026823,65.4890341722576,206.109768568154,161.267448138547,82.4356532138013,92.188008559086,182.430735239604,61.6904272782504,82.2653103808389,57.6416063997922,51.6068636321907,58.7352519351371,54.9824353078232,95.082813615621,36.7177207889779,182.129811665547,86.9157329610709,61.7948865884696,60.515253789717,54.9316304280535
49.8176834188694,49.770236560543,58.8931951884588,50.166964808697,179.581528244976,36.1826601026823,65.4889456169622,206.109768568154,161.267448138547,82.4356532138013,92.188008559086,182.430735239604,61.6904272782504,82.2653103808389,57.6416063997922,51.6068636321907,58.7352519351371,54.9824353078232,95.082813615621,36.7177207889779,182.129811665547,86.9157329610709,61.7948865884696,60.515253789717,54.9316304280535
49.8176834188694,49.770236560543,58.8931951884588,50.166964808697,179.581528244976,36.1826601026823,65.4889456169622,206.109768568154,161.267448138547,82.4356532138013,92.188008559086,182.430735239604,61.6904272782504,82.2653103808389,57.6416063997922,51.6068636321907,58.7352519351371,54.9824353078232,95.082813615621,36.7177207889779,182.129811665547,86.9157329610709,61.7948865884696,60.515253789717,54.9316304280535
49.8176834188694,49.770236560543,58.8931951884588,50.166964808697,179.581528244976,36.1826601026823,65.488937067395,206.109768568154,161.267448138547,82.4356532138013,92.188008559086,182.430735239604,61.6904272782504,82.2653103808389,57.6416063997922,51.6068636321907,58.7352519351371,54.9824353078232,95.082813615621,36.7177207889779,182.129811665547,86.9157329610709,61.7948865884696,60.515253789717,54.9316304280535
49.8176834188694,49.7702365341099,58.8931951884588,50.166964808697,179.581528244976,36.1826601026823,65.488756647075,206.109768568154,161.267448138547,82.4356532138013,92.188008559086,182.430735239604,61.6904272782504,82.2653103808389,57.6416063997922,51.6068636321907,58.7352519351371,54.9824353078232,95.082813615621,36.7177207889779,182.129811665547,86.9157329610709,61.7948865884696,60.515253789717,54.9316304280535
49.8176834188694,49.7702365341099,58.8931951884588,50.166964808697,179.581528244976,36.1826601026823,65.4886708869788,206.109768568154,161.267448138547,82.4356532138013,92.188008559086,182.430735239604,61.6904272782504,82.2653103808389,57.6416063997922,51.6068636321907,58.7352519351371,54.9824353078232,95.082813615621,36.7177207889779,182.129811665547,86.9157329610709,61.7948865884696,60.515253789717,54.9316304280535
49.8176834188694,49.7702365341099,58.8931951884588,50.166964808697,179.581528244976,36.1826601026823,65.4886587369092,206.109768568154,161.267448138547,82.4356532138013,92.188008559086,182.430735239604,61.6904272782504,82.2653103808389,57.6416063997922,51.6068636321907,58.7352519351371,54.9824353078232,95.082813615621,36.7177207889779,182.129811665547,86.9157329610709,61.7948865884696,60.515253789717,54.9316304280535
49.8176834188694,49.7702365341099,58.8931951884588,50.166964808697,179.581528244976,36.1826601026823,65.4886236309096,206.109768568154,161.267448138547,82.4356532138013,92.188008559086,182.430735239604,61.6904272782504,82.2653103808389,57.6416063997922,51.6068636321907,58.7352519351371,54.9824353078232,95.082813615621,36.7177207889779,182.129811665547,86.9157329610709,61.7948865884696,60.515253789717,54.9316304280535
49.8176834188694,49.7702365341099,58.8931951884588,50.166964808697,179.581528244976,36.1826601026823,65.4885852031168,206.109768568154,161.267448138547,82.4356532138013,92.188008559086,182.430735239604,61.6904272782504,82.2653103808389,57.6416063997922,51.6068636321907,58.7352519351371,54.9824353078232,95.082813615621,36.7177207889779,182.129811665547,86.9157329610709,61.7948865884696,60.515253789717,54.9316304280535
49.8176834188694,49.7702365341099,58.8931951884588,50.166964808697,179.581528244976,36.1826601026823,65.4885376095808,206.109768568154,161.267448138547,82.4356532138013,92.188008559086,182.430735239604,61.6904272782504,82.2653103808389,57.6416063997922,51.6068636321907,58.7352519351371,54.9824353078232,95.082813615621,36.7177207889779,182.129811665547,86.9157329610709,61.7948865884696,60.515253789717,54.9316304280535
49.8176834188694,49.7702365341099,58.8931951884588,50.166964808697,179.581528244976,36.1826601026823,65.4885376095808,206.109768568154,161.267448138547,82.4356532138013,92.188008559086,182.430735239604,61.6904272782504,82.2653103808389,57.6416063997922,51.6068636321907,58.7352519351371,54.9824353078232,95.082813615621,36.7177207889779,182.129811665547,86.9157329610709,61.7948865884696,60.515253789717,54.9316304280535
49.8176834188694,49.7702365341099,58.8931951884588,50.166964808697,179.581528244976,36.1826601026823,65.4884997997276,206.109768568154,161.267448138547,82.4356532138013,92.188008559086,182.430735239604,61.6904272782504,82.2653103808389,57.6416063997922,51.6068636321907,58.7352519351371,54.9824353078232,95.082813615621,36.7177207889779,182.129811665547,86.9157329610709,61.7948865884696,60.515253789717,54.9316304280535
49.8176834188694,49.7702365341099,58.8931951884588,50.166964808697,179.581528244976,36.1826601026823,65.4884930903706,206.109768568154,161.267448138547,82.4356532138013,92.188008559086,182.430735239604,61.6904272782504,82.2653103808389,57.6416063997922,51.6068636321907,58.7352519351371,54.9824353078232,95.082813615621,36.7177207889779,182.129811665547,86.9157329610709,61.7948865884696,60.515253789717,54.9316304280535
49.8176834188694,49.7702365341099,58.8931951884588,50.166964808697,179.581528244976,36.1826601026823,65.4884763368987,206.109768568154,161.267448138547,82.4356532138013,92.188008559086,182.430735239604,61.6904272782504,82.2653103808389,57.6416063997922,51.6068636321907,58.7352519351371,54.9824353078232,95.082813615621,36.7177207889779,182.129811665547,86.9157329610709,61.7948865884696,60.515253789717,54.9316304280535
49.8176834188694,49.7702365341099,58.8931951884588,50.166964808697,179.581528244976,36.1826601026823,65.4884747476458,206.109768568154,161.267448138547,82.4356532138013,92.188008559086,182.430735239604,61.6904272782504,82.2653103808389,57.6416063997922,51.6068636321907,58.7352519351371,54.9824353078232,95.082813615621,36.7177207889779,182.129811665547,86.9157329610709,61.7948865884696,60.515253789717,54.9316304280535
49.8176834188694,49.7702365341099,58.8931951884588,50.166964808697,179.581528244976,36.1826601026823,65.4884543641042,206.109768568154,161.267448138547,82.4356532138013,92.188008559086,182.430735239604,61.6904272782504,82.2653103808389,57.6416063997922,51.6068636321907,58.7352519351371,54.9824353078232,95.082813615621,36.7177207889779,182.129811665547,86.9157329610709,61.7948865884696,60.515253789717,54.9316304280535
49.8176834188694,49.7702365341099,58.8931951884588,50.166964808697,179.581528244976,36.1826601026823,65.4884543641042,206.109768568154,161.267448138547,82.4356532138013,92.188008559086,182.430735239604,61.6904272782504,82.2653103808389,57.6416063997922,51.6068636321907,58.7352519351371,54.9824353078232,95.082813615621,36.7177207889779,182.129811665547,86.9157329610709,61.7948865884696,60.515253789717,54.9316304280535
49.8176834188694,49.7702365341099,58.8931951884588,50.166964808697,179.581528244976,36.1826601026823,65.4884504620716,206.109768568154,161.267448138547,82.4356532138013,92.188008559086,182.430735239604,61.6904272782504,82.2653103808389,57.6416063997922,51.6068636321907,58.7352519351371,54.9824353078232,95.082813615621,36.7177207889779,182.129811665547,86.9157329610709,61.7948865884696,60.515253789717,54.9316304280535
49.8176834188694,49.7702365341099,58.8931951884588,50.166964808697,179.581528244976,36.1826601026823,65.4884499160119,206.109768568154,161.267448138547,82.4356532138013,92.188008559086,182.430735239604,61.6904272782504,82.2653103808389,57.6416063997922,51.6068636321907,58.7352519351371,54.9824353078232,95.082813615621,36.7177207889779,182.129811665547,86.9157329610709,61.7948865884696,60.515253789717,54.9316304280535
49.8176834188694,49.7702365341099,58.8931951884588,50.166964808697,179.581528244976,36.1826601026823,65.4884462337213,206.109768568154,161.267448138547,82.4356532138013,92.188008559086,182.430735239604,61.6904272782504,82.2653103808389,57.6416063997922,51.6068636321907,58.7352519351371,54.9824353078232,95.082813615621,36.7177207889779,182.129811665547,86.9157329610709,61.7948865884696,60.515253789717,54.9316304280535
49.8176834188694,49.7702365341099,58.8931951884588,50.166964808697,179.581528244976,36.1826601026823,65.4884419628115,206.109768568154,161.267448138547,82.4356532138013,92.188008559086,182.430735239604,61.6904272782504,82.2653103808389,57.6416063997922,51.6068636321907,58.7352519351371,54.9824353078232,95.082813615621,36.7177207889779,182.129811665547,86.9157329610709,61.7948865884696,60.515253789717,54.9316304280535
49.8176834188694,49.7702365341099,58.8931951884588,50.166964808697,179.581528244976,36.1826601026823,65.4884416938601,206.109768568154,161.267448138547,82.4356532138013,92.188008559086,182.430735239604,61.6904272782504,82.2653103808389,57.6416063997922,51.6068636321907,58.7352519351371,54.9824353078232,95.082813615621,36.7177207889779,182.129811665547,86.9157329610709,61.7948865884696,60.515253789717,54.9316304280535
49.8176834188694,49.7702365341099,58.8931951884588,50.166964808697,179.581528244976,36.1826601026823,65.4884382803539,206.109768568154,161.267448138547,82.4356532138013,92.188008559086,182.430735239604,61.6904272782504,82.2653103808389,57.6416063997922,51.6068636321907,58.7352519351371,54.9824353078232,95.082813615621,36.7177207889779,182.129811665547,86.9157329610709,61.7948865884696,60.515253789717,54.9316304280535
49.8176834188694,49.7702365341099,58.8931951884588,50.166964808697,179.581528244976,36.1826601026823,65.4884356381797,206.109768568154,161.267448138547,82.4356532138013,92.188008559086,182.430735239604,61.6904272782504,82.2653103808389,57.6416063997922,51.6068636321907,58.7352519351371,54.9824353078232,95.082813615621,36.7177207889779,182.129811665547,86.9157329610709,61.7948865884696,60.515253789717,54.9316304280535
49.8176834188694,49.7702365341099,58.8931951884588,50.166964808697,179.581528244976,36.1826601026823,65.4884356381797,206.109768568154,161.267448138547,82.4356532138013,92.188008559086,182.430735239604,61.6904272782504,82.2653103808389,57.6416063997922,51.6068636321907,58.7352519351371,54.9824353078232,95.082813615621,36.7177207889779,182.129811665547,86.9157329610709,61.7948865884696,60.515253789717,54.9316304280535
49.8176834188694,49.7702365341099,58.8931951884588,50.166964808697,179.581528244976,36.1826601026823,65.4884356381797,206.109768568154,161.267448138547,82.4356532138013,92.188008559086,182.430735239604,61.6904272782504,82.2653103808389,57.6416063997922,51.6068636321907,58.7352519351371,54.9824353078232,95.082813615621,36.7177207889779,182.129811665547,86.9157329610709,61.7948865884696,60.515253789717,54.9316304280535
49.8176834188694,49.7702365341099,58.8931951884588,50.166964808697,179.581528244976,36.1826601026823,65.4884356381797,206.109768568154,161.267448138547,82.4356532138013,92.188008559086,182.430735239604,61.6904272782504,82.2653103808389,57.6416063997922,51.6068636321907,58.7352519351371,54.9824353078232,95.082813615621,36.7177207889779,182.129811665547,86.9157329610709,61.7948865884696,60.515253789717,54.9316304280535
49.8176834188694,49.7702365341099,58.8931951884588,50.166964808697,179.581528244976,36.1826601026823,65.4884356381797,206.109768568154,161.267448138547,82.4356532138013,92.188008559086,182.430735239604,61.6904272782504,82.2653103808389,57.6416063997922,51.6068636321907,58.7352519351371,54.9824353078232,95.082813615621,36.7177207889779,182.129811665547,86.9157329610709,61.7948865884696,60.515253789717,54.9316304280535
49.8176834188694,49.7702365341099,58.8931951884588,50.166964808697,179.581528244976,36.1826601026823,65.4884356381797,206.109768568154,161.267448138547,82.4356532138013,92.188008559086,182.430735239604,61.6904272782504,82.2653103808389,57.6416063997922,51.6068636321907,58.7352519351371,54.9824353078232,95.082813615621,36.7177207889779,182.129811665547,86.9157329610709,61.7948865884696,60.515253789717,54.9316304280535
49.8176834188694,49.7702365341099,58.8931951884588,50.166964808697,179.581528244976,36.1826601026823,65.4884356381797,206.109768568154,161.267448138547,82.4356532138013,92.188008559086,182.430735239604,61.6904272782504,82.2653103808389,57.6416063997922,51.6068636321907,58.7352519351371,54.9824353078232,95.082813615621,36.7177207889779,182.129811665547,86.9157329610709,61.7948865884696,60.515253789717,54.9316304280535
49.8176834188694,49.7702365341099,58.8931951884588,50.166964808697,179.581528244976,36.1826601026823,65.4884356381797,206.109768568154,161.267448138547,82.4356532138013,92.188008559086,182.430735239604,61.6904272782504,82.2653103808389,57.6416063997922,51.6068636321907,58.7352519351371,54.9824353078232,95.082813615621,36.7177207889779,182.129811665547,86.9157329610709,61.7948865884696,60.515253789717,54.9316304280535
49.8176834188694,49.7702365341099,58.8931951884588,50.166964808697,179.581528244976,36.1826601026823,65.4884356381797,206.109768568154,161.267448138547,82.4356532138013,92.188008559086,182.430735239604,61.6904272782504,82.2653103808389,57.6416063997922,51.6068636321907,58.7352519351371,54.9824353078232,95.082813615621,36.7177207889779,182.129811665547,86.9157329610709,61.7948865884696,60.515253789717,54.9316304280535
49.8176834188694,49.7702365341099,58.8931951884588,50.166964808697,179.581528244976,36.1826601026823,65.4884356381797,206.109768568154,161.267448138547,82.4356532138013,92.188008559086,182.430735239604,61.6904272782504,82.2653103808389,57.6416063997922,51.6068636321907,58.7352519351371,54.9824353078232,95.082813615621,36.7177207889779,182.129811665547,86.9157329610709,61.7948865884696,60.515253789717,54.9316304280535
49.8176834188694,49.7702365341099,58.8931951884588,50.166964808697,179.581528244976,36.1826601026823,65.4884356381797,206.109768568154,161.267448138547,82.4356532138013,92.188008559086,182.430735239604,61.6904272782504,82.2653103808389,57.6416063997922,51.6068636321907,58.7352519351371,54.9824353078232,95.082813615621,36.7177207889779,182.129811665547,86.9157329610709,61.7948865884696,60.515253789717,54.9316304280535
49.8176834188694,49.7702365341099,58.8931951884588,50.166964808697,179.581528244976,36.1826601026823,65.4884356381797,206.109768568154,161.267448138547,82.4356532138013,92.188008559086,182.430735239604,61.6904272782504,82.2653103808389,57.6416063997922,51.6068636321907,58.7352519351371,54.9824353078232,95.082813615621,36.7177207889779,182.129811665547,86.9157329610709,61.7948865884696,60.515253789717,54.9316304280535
49.8176834188694,49.7702365341099,58.8931951884588,50.166964808697,179.581528244976,36.1826601026823,65.4884356381797,206.109768568154,161.267448138547,82.4356532138013,92.188008559086,182.430735239604,61.6904272782504,82.2653103808389,57.6416063997922,51.6068636321907,58.7352519351371,54.9824353078232,95.082813615621,36.7177207889779,182.129811665547,86.9157329610709,61.7948865884696,60.515253789717,54.9316304280535
49.8176834188694,49.7702365341099,58.8931951884588,50.166964808697,179.581528244976,36.1826601026823,65.4884356381797,206.109768568154,161.267448138547,82.4356532138013,92.188008559086,182.430735239604,61.6904272782504,82.2653103808389,57.6416063997922,51.6068636321907,58.7352519351371,54.9824353078232,95.082813615621,36.7177207889779,182.129811665547,86.9157329610709,61.7948865884696,60.515253789717,54.9316304280535
49.8176834188694,49.7702365341099,58.8931951884588,50.166964808697,179.581528244976,36.1826601026823,65.4884356381797,206.109768568154,161.267448138547,82.4356532138013,92.188008559086,182.430735239604,61.6904272782504,82.2653103808389,57.6416063997922,51.6068636321907,58.7352519351371,54.9824353078232,95.082813615621,36.7177207889779,182.129811665547,86.9157329610709,61.7948865884696,60.515253789717,54.9316304280535
49.8176834188694,49.7702365341099,58.8931951884588,50.166964808697,179.581528244976,36.1826601026823,65.4884356381797,206.109768568154,161.267448138547,82.4356532138013,92.188008559086,182.430735239604,61.6904272782504,82.2653103808389,57.6416063997922,51.6068636321907,58.7352519351371,54.9824353078232,95.082813615621,36.7177207889779,182.129811665547,86.9157329610709,61.7948865884696,60.515253789717,54.9316304280535
49.8176834188694,49.7702365341099,58.8931951884588,50.166964808697,179.581528244976,36.1826601026823,65.4884356381797,206.109768568154,161.267448138547,82.4356532138013,92.188008559086,182.430735239604,61.6904272782504,82.2653103808389,57.6416063997922,51.6068636321907,58.7352519351371,54.9824353078232,95.082813615621,36.7177207889779,182.129811665547,86.9157329610709,61.7948865884696,60.515253789717,54.9316304280535
49.8176834188694,49.7702365341099,58.8931951884588,50.166964808697,179.581528244976,36.1826601026823,65.4884356381797,206.109768568154,161.267448138547,82.4356532138013,92.188008559086,182.430735239604,61.6904272782504,82.2653103808389,57.6416063997922,51.6068636321907,58.7352519351371,54.9824353078232,95.082813615621,36.7177207889779,182.129811665547,86.9157329610709,61.7948865884696,60.515253789717,54.9316304280535
49.8176834188694,49.7702365341099,58.8931951884588,50.166964808697,179.581528244976,36.1826601026823,65.4884356381797,206.109768568154,161.267448138547,82.4356532138013,92.188008559086,182.430735239604,61.6904272782504,82.2653103808389,57.6416063997922,51.6068636321907,58.7352519351371,54.9824353078232,95.082813615621,36.7177207889779,182.129811665547,86.9157329610709,61.7948865884696,60.515253789717,54.9316304280535
49.8176834188694,49.7702365341099,58.8931951884588,50.166964808697,179.581528244976,36.1826601026823,65.4884356381797,206.109768568154,161.267448138547,82.4356532138013,92.188008559086,182.430735239604,61.6904272782504,82.2653103808389,57.6416063997922,51.6068636321907,58.7352519351371,54.9824353078232,95.082813615621,36.7177207889779,182.129811665547,86.9157329610709,61.7948865884696,60.515253789717,54.9316304280535
49.8176834188694,49.7702365341099,58.8931951884588,50.166964808697,179.581528244976,36.1826601026823,65.4884356381797,206.109768568154,161.267448138547,82.4356532138013,92.188008559086,182.430735239604,61.6904272782504,82.2653103808389,57.6416063997922,51.6068636321907,58.7352519351371,54.9824353078232,95.082813615621,36.7177207889779,182.129811665547,86.9157329610709,61.7948865884696,60.515253789717,54.9316304280535
49.8176834188694,49.7702365341099,58.8931951884588,50.166964808697,179.581528244976,36.1826601026823,65.4884356381797,206.109768568154,161.267448138547,82.4356532138013,92.188008559086,182.430735239604,61.6904272782504,82.2653103808389,57.6416063997922,51.6068636321907,58.7352519351371,54.9824353078232,95.082813615621,36.7177207889779,182.129811665547,86.9157329610709,61.7948865884696,60.515253789717,54.9316304280535
49.8176834188694,49.7702365341099,58.8931951884588,50.166964808697,179.581528244976,36.1826601026823,65.4884356381797,206.109768568154,161.267448138547,82.4356532138013,92.188008559086,182.430735239604,61.6904272782504,82.2653103808389,57.6416063997922,51.6068636321907,58.7352519351371,54.9824353078232,95.082813615621,36.7177207889779,182.129811665547,86.9157329610709,61.7948865884696,60.515253789717,54.9316304280535
49.8176834188694,49.7702365341099,58.8931951884588,50.166964808697,179.581528244976,36.1826601026823,65.4884356381797,206.109768568154,161.267448138547,82.4356532138013,92.188008559086,182.430735239604,61.6904272782504,82.2653103808389,57.6416063997922,51.6068636321907,58.7352519351371,54.9824353078232,95.082813615621,36.7177207889779,182.129811665547,86.9157329610709,61.7948865884696,60.515253789717,54.9316304280535
49.8176834188694,49.7702365341099,58.8931951884588,50.166964808697,179.581528244976,36.1826601026823,65.4884356381797,206.109768568154,161.267448138547,82.4356532138013,92.188008559086,182.430735239604,61.6904272782504,82.2653103808389,57.6416063997922,51.6068636321907,58.7352519351371,54.9824353078232,95.082813615621,36.7177207889779,182.129811665547,86.9157329610709,61.7948865884696,60.515253789717,54.9316304280535
49.8176834188694,49.7702365341099,58.8931951884588,50.166964808697,179.581528244976,36.1826601026823,65.4884356381797,206.109768568154,161.267448138547,82.4356532138013,92.188008559086,182.430735239604,61.6904272782504,82.2653103808389,57.6416063997922,51.6068636321907,58.7352519351371,54.9824353078232,95.082813615621,36.7177207889779,182.129811665547,86.9157329610709,61.7948865884696,60.515253789717,54.9316304280535
49.8176834188694,49.7702365341099,58.8931951884588,50.166964808697,179.581528244976,36.1826601026823,65.4884356381797,206.109768568154,161.267448138547,82.4356532138013,92.188008559086,182.430735239604,61.6904272782504,82.2653103808389,57.6416063997922,51.6068636321907,58.7352519351371,54.9824353078232,95.082813615621,36.7177207889779,182.129811665547,86.9157329610709,61.7948865884696,60.515253789717,54.9316304280535
49.8176834188694,49.7702365341099,58.8931951884588,50.166964808697,179.581528244976,36.1826601026823,65.4884356381797,206.109768568154,161.267448138547,82.4356532138013,92.188008559086,182.430735239604,61.6904272782504,82.2653103808389,57.6416063997922,51.6068636321907,58.7352519351371,54.9824353078232,95.082813615621,36.7177207889779,182.129811665547,86.9157329610709,61.7948865884696,60.515253789717,54.9316304280535
49.8176834188694,49.7702365341099,58.8931951884588,50.166964808697,179.581528244976,36.1826601026823,65.4884356381797,206.109768568154,161.267448138547,82.4356532138013,92.188008559086,182.430735239604,61.6904272782504,82.2653103808389,57.6416063997922,51.6068636321907,58.7352519351371,54.9824353078232,95.082813615621,36.7177207889779,182.129811665547,86.9157329610709,61.7948865884696,60.515253789717,54.9316304280535
49.8176834188694,49.7702365341099,58.8931951884588,50.166964808697,179.581528244976,36.1826601026823,65.4884356381797,206.109768568154,161.267448138547,82.4356532138013,92.188008559086,182.430735239604,61.6904272782504,82.2653103808389,57.6416063997922,51.6068636321907,58.7352519351371,54.9824353078232,95.082813615621,36.7177207889779,182.129811665547,86.9157329610709,61.7948865884696,60.515253789717,54.9316304280535
49.8176834188694,49.7702365341099,58.8931951884588,50.166964808697,179.581528244976,36.1826601026823,65.4884356381797,206.109768568154,161.267448138547,82.4356532138013,92.188008559086,182.430735239604,61.6904272782504,82.2653103808389,57.6416063997922,51.6068636321907,58.7352519351371,54.9824353078232,95.082813615621,36.7177207889779,182.129811665547,86.9157329610709,61.7948865884696,60.515253789717,54.9316304280535
49.8176834188694,49.7702365341099,58.8931951884588,50.166964808697,179.581528244976,36.1826601026823,65.4884356381797,206.109768568154,161.267448138547,82.4356532138013,92.188008559086,182.430735239604,61.6904272782504,82.2653103808389,57.6416063997922,51.6068636321907,58.7352519351371,54.9824353078232,95.082813615621,36.7177207889779,182.129811665547,86.9157329610709,61.7948865884696,60.515253789717,54.9316304280535
49.8176834188694,49.7702365341099,58.8931951884588,50.166964808697,179.581528244976,36.1826601026823,65.4884356381797,206.109768568154,161.267448138547,82.4356532138013,92.188008559086,182.430735239604,61.6904272782504,82.2653103808389,57.6416063997922,51.6068636321907,58.7352519351371,54.9824353078232,95.082813615621,36.7177207889779,182.129811665547,86.9157329610709,61.7948865884696,60.515253789717,54.9316304280535
49.8176834188694,49.7702365341099,58.8931951884588,50.166964808697,179.581528244976,36.1826601026823,65.4884356381797,206.109768568154,161.267448138547,82.4356532138013,92.188008559086,182.430735239604,61.6904272782504,82.2653103808389,57.6416063997922,51.6068636321907,58.7352519351371,54.9824353078232,95.082813615621,36.7177207889779,182.129811665547,86.9157329610709,61.7948865884696,60.515253789717,54.9316304280535
49.8176834188694,49.7702365341099,58.8931951884588,50.166964808697,179.581528244976,36.1826601026823,65.4884356381797,206.109768568154,161.267448138547,82.4356532138013,92.188008559086,182.430735239604,61.6904272782504,82.2653103808389,57.6416063997922,51.6068636321907,58.7352519351371,54.9824353078232,95.082813615621,36.7177207889779,182.129811665547,86.9157329610709,61.7948865884696,60.515253789717,54.9316304280535
49.8176834188694,49.7702365341099,58.8931951884588,50.166964808697,179.581528244976,36.1826601026823,65.4884356381797,206.109768568154,161.267448138547,82.4356532138013,92.188008559086,182.430735239604,61.6904272782504,82.2653103808389,57.6416063997922,51.6068636321907,58.7352519351371,54.9824353078232,95.082813615621,36.7177207889779,182.129811665547,86.9157329610709,61.7948865884696,60.515253789717,54.9316304280535
49.8176834188694,49.7702365341099,58.8931951884588,50.166964808697,179.581528244976,36.1826601026823,65.4884356381797,206.109768568154,161.267448138547,82.4356532138013,92.188008559086,182.430735239604,61.6904272782504,82.2653103808389,57.6416063997922,51.6068636321907,58.7352519351371,54.9824353078232,95.082813615621,36.7177207889779,182.129811665547,86.9157329610709,61.7948865884696,60.515253789717,54.9316304280535
49.8176834188694,49.7702365341099,58.8931951884588,50.166964808697,179.581528244976,36.1826601026823,65.4884356381797,206.109768568154,161.267448138547,82.4356532138013,92.188008559086,182.430735239604,61.6904272782504,82.2653103808389,57.6416063997922,51.6068636321907,58.7352519351371,54.9824353078232,95.082813615621,36.7177207889779,182.129811665547,86.9157329610709,61.7948865884696,60.515253789717,54.9316304280535
49.8176834188694,49.7702365341099,58.8931951884588,50.166964808697,179.581528244976,36.1826601026823,65.4884356381797,206.109768568154,161.267448138547,82.4356532138013,92.188008559086,182.430735239604,61.6904272782504,82.2653103808389,57.6416063997922,51.6068636321907,58.7352519351371,54.9824353078232,95.082813615621,36.7177207889779,182.129811665547,86.9157329610709,61.7948865884696,60.515253789717,54.9316304280535
49.8176834188694,49.7702365341099,58.8931951884588,50.166964808697,179.581528244976,36.1826601026823,65.4884356381797,206.109768568154,161.267448138547,82.4356532138013,92.188008559086,182.430735239604,61.6904272782504,82.2653103808389,57.6416063997922,51.6068636321907,58.7352519351371,54.9824353078232,95.082813615621,36.7177207889779,182.129811665547,86.9157329610709,61.7948865884696,60.515253789717,54.9316304280535
49.8176834188694,49.7702365341099,58.8931951884588,50.166964808697,179.581528244976,36.1826601026823,65.4884356381797,206.109768568154,161.267448138547,82.4356532138013,92.188008559086,182.430735239604,61.6904272782504,82.2653103808389,57.6416063997922,51.6068636321907,58.7352519351371,54.9824353078232,95.082813615621,36.7177207889779,182.129811665547,86.9157329610709,61.7948865884696,60.515253789717,54.9316304280535
49.8176834188694,49.7702365341099,58.8931951884588,50.166964808697,179.581528244976,36.1826601026823,65.4884356381797,206.109768568154,161.267448138547,82.4356532138013,92.188008559086,182.430735239604,61.6904272782504,82.2653103808389,57.6416063997922,51.6068636321907,58.7352519351371,54.9824353078232,95.082813615621,36.7177207889779,182.129811665547,86.9157329610709,61.7948865884696,60.515253789717,54.9316304280535
49.8176834188694,49.7702365341099,58.8931951884588,50.166964808697,179.581528244976,36.1826601026823,65.4884356381797,206.109768568154,161.267448138547,82.4356532138013,92.188008559086,182.430735239604,61.6904272782504,82.2653103808389,57.6416063997922,51.6068636321907,58.7352519351371,54.9824353078232,95.082813615621,36.7177207889779,182.129811665547,86.9157329610709,61.7948865884696,60.515253789717,54.9316304280535
49.8176834188694,49.7702365341099,58.8931951884588,50.166964808697,179.581528244976,36.1826601026823,65.4884356381797,206.109768568154,161.267448138547,82.4356532138013,92.188008559086,182.430735239604,61.6904272782504,82.2653103808389,57.6416063997922,51.6068636321907,58.7352519351371,54.9824353078232,95.082813615621,36.7177207889779,182.129811665547,86.9157329610709,61.7948865884696,60.515253789717,54.9316304280535
49.8176834188694,49.7702365341099,58.8931951884588,50.166964808697,179.581528244976,36.1826601026823,65.4884356381797,206.109768568154,161.267448138547,82.4356532138013,92.188008559086,182.430735239604,61.6904272782504,82.2653103808389,57.6416063997922,51.6068636321907,58.7352519351371,54.9824353078232,95.082813615621,36.7177207889779,182.129811665547,86.9157329610709,61.7948865884696,60.515253789717,54.9316304280535
49.8176834188694,49.7702365341099,58.8931951884588,50.166964808697,179.581528244976,36.1826601026823,65.4884356381797,206.109768568154,161.267448138547,82.4356532138013,92.188008559086,182.430735239604,61.6904272782504,82.2653103808389,57.6416063997922,51.6068636321907,58.7352519351371,54.9824353078232,95.082813615621,36.7177207889779,182.129811665547,86.9157329610709,61.7948865884696,60.515253789717,54.9316304280535
49.8176834188694,49.7702365341099,58.8931951884588,50.166964808697,179.581528244976,36.1826601026823,65.4884356381797,206.109768568154,161.267448138547,82.4356532138013,92.188008559086,182.430735239604,61.6904272782504,82.2653103808389,57.6416063997922,51.6068636321907,58.7352519351371,54.9824353078232,95.082813615621,36.7177207889779,182.129811665547,86.9157329610709,61.7948865884696,60.515253789717,54.9316304280535
49.8176834188694,49.7702365341099,58.8931951884588,50.166964808697,179.581528244976,36.1826601026823,65.4884356381797,206.109768568154,161.267448138547,82.4356532138013,92.188008559086,182.430735239604,61.6904272782504,82.2653103808389,57.6416063997922,51.6068636321907,58.7352519351371,54.9824353078232,95.082813615621,36.7177207889779,182.129811665547,86.9157329610709,61.7948865884696,60.515253789717,54.9316304280535
49.8176834188694,49.7702365341099,58.8931951884588,50.166964808697,179.581528244976,36.1826601026823,65.4884356381797,206.109768568154,161.267448138547,82.4356532138013,92.188008559086,182.430735239604,61.6904272782504,82.2653103808389,57.6416063997922,51.6068636321907,58.7352519351371,54.9824353078232,95.082813615621,36.7177207889779,182.129811665547,86.9157329610709,61.7948865884696,60.515253789717,54.9316304280535
49.8176834188694,49.7702365341099,58.8931951884588,50.166964808697,179.581528244976,36.1826601026823,65.4884356381797,206.109768568154,161.267448138547,82.4356532138013,92.188008559086,182.430735239604,61.6904272782504,82.2653103808389,57.6416063997922,51.6068636321907,58.7352519351371,54.9824353078232,95.082813615621,36.7177207889779,182.129811665547,86.9157329610709,61.7948865884696,60.515253789717,54.9316304280535
49.8176834188694,49.7702365341099,58.8931951884588,50.166964808697,179.581528244976,36.1826601026823,65.4884356381797,206.109768568154,161.267448138547,82.4356532138013,92.188008559086,182.430735239604,61.6904272782504,82.2653103808389,57.6416063997922,51.6068636321907,58.7352519351371,54.9824353078232,95.082813615621,36.7177207889779,182.129811665547,86.9157329610709,61.7948865884696,60.515253789717,54.9316304280535
49.8176834188694,49.7702365341099,58.8931951884588,50.166964808697,179.581528244976,36.1826601026823,65.4884356381797,206.109768568154,161.267448138547,82.4356532138013,92.188008559086,182.430735239604,61.6904272782504,82.2653103808389,57.6416063997922,51.6068636321907,58.7352519351371,54.9824353078232,95.082813615621,36.7177207889779,182.129811665547,86.9157329610709,61.7948865884696,60.515253789717,54.9316304280535
49.8176834188694,49.7702365341099,58.8931951884588,50.166964808697,179.581528244976,36.1826601026823,65.4884356381797,206.109768568154,161.267448138547,82.4356532138013,92.188008559086,182.430735239604,61.6904272782504,82.2653103808389,57.6416063997922,51.6068636321907,58.7352519351371,54.9824353078232,95.082813615621,36.7177207889779,182.129811665547,86.9157329610709,61.7948865884696,60.515253789717,54.9316304280535
49.8176834188694,49.7702365341099,58.8931951884588,50.166964808697,179.581528244976,36.1826601026823,65.4884356381797,206.109768568154,161.267448138547,82.4356532138013,92.188008559086,182.430735239604,61.6904272782504,82.2653103808389,57.6416063997922,51.6068636321907,58.7352519351371,54.9824353078232,95.082813615621,36.7177207889779,182.129811665547,86.9157329610709,61.7948865884696,60.515253789717,54.9316304280535
49.8176834188694,49.7702365341099,58.8931951884588,50.166964808697,179.581528244976,36.1826601026823,65.4884356381797,206.109768568154,161.267448138547,82.4356532138013,92.188008559086,182.430735239604,61.6904272782504,82.2653103808389,57.6416063997922,51.6068636321907,58.7352519351371,54.9824353078232,95.082813615621,36.7177207889779,182.129811665547,86.9157329610709,61.7948865884696,60.515253789717,54.9316304280535
49.8176834188694,49.7702365341099,58.8931951884588,50.166964808697,179.581528244976,36.1826601026823,65.4884356381797,206.109768568154,161.267448138547,82.4356532138013,92.188008559086,182.430735239604,61.6904272782504,82.2653103808389,57.6416063997922,51.6068636321907,58.7352519351371,54.9824353078232,95.082813615621,36.7177207889779,182.129811665547,86.9157329610709,61.7948865884696,60.515253789717,54.9316304280535
49.8176834188694,49.7702365341099,58.8931951884588,50.166964808697,179.581528244976,36.1826601026823,65.4884356381797,206.109768568154,161.267448138547,82.4356532138013,92.188008559086,182.430735239604,61.6904272782504,82.2653103808389,57.6416063997922,51.6068636321907,58.7352519351371,54.9824353078232,95.082813615621,36.7177207889779,182.129811665547,86.9157329610709,61.7948865884696,60.515253789717,54.9316304280535
49.8176834188694,49.7702365341099,58.8931951884588,50.166964808697,179.581528244976,36.1826601026823,65.4884356381797,206.109768568154,161.267448138547,82.4356532138013,92.188008559086,182.430735239604,61.6904272782504,82.2653103808389,57.6416063997922,51.6068636321907,58.7352519351371,54.9824353078232,95.082813615621,36.7177207889779,182.129811665547,86.9157329610709,61.7948865884696,60.515253789717,54.9316304280535
49.8176834188694,49.7702365341099,58.8931951884588,50.166964808697,179.581528244976,36.1826601026823,65.4884356381797,206.109768568154,161.267448138547,82.4356532138013,92.188008559086,182.430735239604,61.6904272782504,82.2653103808389,57.6416063997922,51.6068636321907,58.7352519351371,54.9824353078232,95.082813615621,36.7177207889779,182.129811665547,86.9157329610709,61.7948865884696,60.515253789717,54.9316304280535
49.8176834188694,49.7702365341099,58.8931951884588,50.166964808697,179.581528244976,36.1826601026823,65.4884356381797,206.109768568154,161.267448138547,82.4356532138013,92.188008559086,182.430735239604,61.6904272782504,82.2653103808389,57.6416063997922,51.6068636321907,58.7352519351371,54.9824353078232,95.082813615621,36.7177207889779,182.129811665547,86.9157329610709,61.7948865884696,60.515253789717,54.9316304280535
49.8176834188694,49.7702365341099,58.8931951884588,50.166964808697,179.581528244976,36.1826601026823,65.4884356381797,206.109768568154,161.267448138547,82.4356532138013,92.188008559086,182.430735239604,61.6904272782504,82.2653103808389,57.6416063997922,51.6068636321907,58.7352519351371,54.9824353078232,95.082813615621,36.7177207889779,182.129811665547,86.9157329610709,61.7948865884696,60.515253789717,54.9316304280535
49.8176834188694,49.7702365341099,58.8931951884588,50.166964808697,179.581528244976,36.1826601026823,65.4884356381797,206.109768568154,161.267448138547,82.4356532138013,92.188008559086,182.430735239604,61.6904272782504,82.2653103808389,57.6416063997922,51.6068636321907,58.7352519351371,54.9824353078232,95.082813615621,36.7177207889779,182.129811665547,86.9157329610709,61.7948865884696,60.515253789717,54.9316304280535
49.8176834188694,49.7702365341099,58.8931951884588,50.166964808697,179.581528244976,36.1826601026823,65.4884356381797,206.109768568154,161.267448138547,82.4356532138013,92.188008559086,182.430735239604,61.6904272782504,82.2653103808389,57.6416063997922,51.6068636321907,58.7352519351371,54.9824353078232,95.082813615621,36.7177207889779,182.129811665547,86.9157329610709,61.7948865884696,60.515253789717,54.9316304280535
49.8176834188694,49.7702365341099,58.8931951884588,50.166964808697,179.581528244976,36.1826601026823,65.4884356381797,206.109768568154,161.267448138547,82.4356532138013,92.188008559086,182.430735239604,61.6904272782504,82.2653103808389,57.6416063997922,51.6068636321907,58.7352519351371,54.9824353078232,95.082813615621,36.7177207889779,182.129811665547,86.9157329610709,61.7948865884696,60.515253789717,54.9316304280535
49.8176834188694,49.7702365341099,58.8931951884588,50.166964808697,179.581528244976,36.1826601026823,65.4884356381797,206.109768568154,161.267448138547,82.4356532138013,92.188008559086,182.430735239604,61.6904272782504,82.2653103808389,57.6416063997922,51.6068636321907,58.7352519351371,54.9824353078232,95.082813615621,36.7177207889779,182.129811665547,86.9157329610709,61.7948865884696,60.515253789717,54.9316304280535
49.8176834188694,49.7702365341099,58.8931951884588,50.166964808697,179.581528244976,36.1826601026823,65.4884356381797,206.109768568154,161.267448138547,82.4356532138013,92.188008559086,182.430735239604,61.6904272782504,82.2653103808389,57.6416063997922,51.6068636321907,58.7352519351371,54.9824353078232,95.082813615621,36.7177207889779,182.129811665547,86.9157329610709,61.7948865884696,60.515253789717,54.9316304280535
49.8176834188694,49.7702365341099,58.8931951884588,50.166964808697,179.581528244976,36.1826601026823,65.4884356381797,206.109768568154,161.267448138547,82.4356532138013,92.188008559086,182.430735239604,61.6904272782504,82.2653103808389,57.6416063997922,51.6068636321907,58.7352519351371,54.9824353078232,95.082813615621,36.7177207889779,182.129811665547,86.9157329610709,61.7948865884696,60.515253789717,54.9316304280535
49.8176834188694,49.7702365341099,58.8931951884588,50.166964808697,179.581528244976,36.1826601026823,65.4884356381797,206.109768568154,161.267448138547,82.4356532138013,92.188008559086,182.430735239604,61.6904272782504,82.2653103808389,57.6416063997922,51.6068636321907,58.7352519351371,54.9824353078232,95.082813615621,36.7177207889779,182.129811665547,86.9157329610709,61.7948865884696,60.515253789717,54.9316304280535
49.8176834188694,49.7702365341099,58.8931951884588,50.166964808697,179.581528244976,36.1826601026823,65.4884356381797,206.109768568154,161.267448138547,82.4356532138013,92.188008559086,182.430735239604,61.6904272782504,82.2653103808389,57.6416063997922,51.6068636321907,58.7352519351371,54.9824353078232,95.082813615621,36.7177207889779,182.129811665547,86.9157329610709,61.7948865884696,60.515253789717,54.9316304280535
49.8176834188694,49.7702365341099,58.8931951884588,50.166964808697,179.581528244976,36.1826601026823,65.4884356381797,206.109768568154,161.267448138547,82.4356532138013,92.188008559086,182.430735239604,61.6904272782504,82.2653103808389,57.6416063997922,51.6068636321907,58.7352519351371,54.9824353078232,95.082813615621,36.7177207889779,182.129811665547,86.9157329610709,61.7948865884696,60.515253789717,54.9316304280535
49.8176834188694,49.7702365341099,58.8931951884588,50.166964808697,179.581528244976,36.1826601026823,65.4884356381797,206.109768568154,161.267448138547,82.4356532138013,92.188008559086,182.430735239604,61.6904272782504,82.2653103808389,57.6416063997922,51.6068636321907,58.7352519351371,54.9824353078232,95.082813615621,36.7177207889779,182.129811665547,86.9157329610709,61.7948865884696,60.515253789717,54.9316304280535
49.8176834188694,49.7702365341099,58.8931951884588,50.166964808697,179.581528244976,36.1826601026823,65.4884356381797,206.109768568154,161.267448138547,82.4356532138013,92.188008559086,182.430735239604,61.6904272782504,82.2653103808389,57.6416063997922,51.6068636321907,58.7352519351371,54.9824353078232,95.082813615621,36.7177207889779,182.129811665547,86.9157329610709,61.7948865884696,60.515253789717,54.9316304280535
49.8176834188694,49.7702365341099,58.8931951884588,50.166964808697,179.581528244976,36.1826601026823,65.4884356381797,206.109768568154,161.267448138547,82.4356532138013,92.188008559086,182.430735239604,61.6904272782504,82.2653103808389,57.6416063997922,51.6068636321907,58.7352519351371,54.9824353078232,95.082813615621,36.7177207889779,182.129811665547,86.9157329610709,61.7948865884696,60.515253789717,54.9316304280535
49.8176834188694,49.7702365341099,58.8931951884588,50.166964808697,179.581528244976,36.1826601026823,65.4884356381797,206.109768568154,161.267448138547,82.4356532138013,92.188008559086,182.430735239604,61.6904272782504,82.2653103808389,57.6416063997922,51.6068636321907,58.7352519351371,54.9824353078232,95.082813615621,36.7177207889779,182.129811665547,86.9157329610709,61.7948865884696,60.515253789717,54.9316304280535
49.8176834188694,49.7702365341099,58.8931951884588,50.166964808697,179.581528244976,36.1826601026823,65.4884356381797,206.109768568154,161.267448138547,82.4356532138013,92.188008559086,182.430735239604,61.6904272782504,82.2653103808389,57.6416063997922,51.6068636321907,58.7352519351371,54.9824353078232,95.082813615621,36.7177207889779,182.129811665547,86.9157329610709,61.7948865884696,60.515253789717,54.9316304280535
49.8176834188694,49.7702365341099,58.8931951884588,50.166964808697,179.581528244976,36.1826601026823,65.4884356381797,206.109768568154,161.267448138547,82.4356532138013,92.188008559086,182.430735239604,61.6904272782504,82.2653103808389,57.6416063997922,51.6068636321907,58.7352519351371,54.9824353078232,95.082813615621,36.7177207889779,182.129811665547,86.9157329610709,61.7948865884696,60.515253789717,54.9316304280535
49.8176834188694,49.7702365341099,58.8931951884588,50.166964808697,179.581528244976,36.1826601026823,65.4884356381797,206.109768568154,161.267448138547,82.4356532138013,92.188008559086,182.430735239604,61.6904272782504,82.2653103808389,57.6416063997922,51.6068636321907,58.7352519351371,54.9824353078232,95.082813615621,36.7177207889779,182.129811665547,86.9157329610709,61.7948865884696,60.515253789717,54.9316304280535
49.8176834188694,49.7702365341099,58.8931951884588,50.166964808697,179.581528244976,36.1826601026823,65.4884356381797,206.109768568154,161.267448138547,82.4356532138013,92.188008559086,182.430735239604,61.6904272782504,82.2653103808389,57.6416063997922,51.6068636321907,58.7352519351371,54.9824353078232,95.082813615621,36.7177207889779,182.129811665547,86.9157329610709,61.7948865884696,60.515253789717,54.9316304280535
49.8176834188694,49.7702365341099,58.8931951884588,50.166964808697,179.581528244976,36.1826601026823,65.4884356381797,206.109768568154,161.267448138547,82.4356532138013,92.188008559086,182.430735239604,61.6904272782504,82.2653103808389,57.6416063997922,51.6068636321907,58.7352519351371,54.9824353078232,95.082813615621,36.7177207889779,182.129811665547,86.9157329610709,61.7948865884696,60.515253789717,54.9316304280535
49.8176834188694,49.7702365341099,58.8931951884588,50.166964808697,179.581528244976,36.1826601026823,65.4884356381797,206.109768568154,161.267448138547,82.4356532138013,92.188008559086,182.430735239604,61.6904272782504,82.2653103808389,57.6416063997922,51.6068636321907,58.7352519351371,54.9824353078232,95.082813615621,36.7177207889779,182.129811665547,86.9157329610709,61.7948865884696,60.515253789717,54.9316304280535
49.8176834188694,49.7702365341099,58.8931951884588,50.166964808697,179.581528244976,36.1826601026823,65.4884356381797,206.109768568154,161.267448138547,82.4356532138013,92.188008559086,182.430735239604,61.6904272782504,82.2653103808389,57.6416063997922,51.6068636321907,58.7352519351371,54.9824353078232,95.082813615621,36.7177207889779,182.129811665547,86.9157329610709,61.7948865884696,60.515253789717,54.9316304280535
49.8176834188694,49.7702365341099,58.8931951884588,50.166964808697,179.581528244976,36.1826601026823,65.4884356381797,206.109768568154,161.267448138547,82.4356532138013,92.188008559086,182.430735239604,61.6904272782504,82.2653103808389,57.6416063997922,51.6068636321907,58.7352519351371,54.9824353078232,95.082813615621,36.7177207889779,182.129811665547,86.9157329610709,61.7948865884696,60.515253789717,54.9316304280535
49.8176834188694,49.7702365341099,58.8931951884588,50.166964808697,179.581528244976,36.1826601026823,65.4884356381797,206.109768568154,161.267448138547,82.4356532138013,92.188008559086,182.430735239604,61.6904272782504,82.2653103808389,57.6416063997922,51.6068636321907,58.7352519351371,54.9824353078232,95.082813615621,36.7177207889779,182.129811665547,86.9157329610709,61.7948865884696,60.515253789717,54.9316304280535
49.8176834188694,49.7702365341099,58.8931951884588,50.166964808697,179.581528244976,36.1826601026823,65.4884356381797,206.109768568154,161.267448138547,82.4356532138013,92.188008559086,182.430735239604,61.6904272782504,82.2653103808389,57.6416063997922,51.6068636321907,58.7352519351371,54.9824353078232,95.082813615621,36.7177207889779,182.129811665547,86.9157329610709,61.7948865884696,60.515253789717,54.9316304280535
49.8176834188694,49.7702365341099,58.8931951884588,50.166964808697,179.581528244976,36.1826601026823,65.4884356381797,206.109768568154,161.267448138547,82.4356532138013,92.188008559086,182.430735239604,61.6904272782504,82.2653103808389,57.6416063997922,51.6068636321907,58.7352519351371,54.9824353078232,95.082813615621,36.7177207889779,182.129811665547,86.9157329610709,61.7948865884696,60.515253789717,54.9316304280535
49.8176834188694,49.7702365341099,58.8931951884588,50.166964808697,179.581528244976,36.1826601026823,65.4884356381797,206.109768568154,161.267448138547,82.4356532138013,92.188008559086,182.430735239604,61.6904272782504,82.2653103808389,57.6416063997922,51.6068636321907,58.7352519351371,54.9824353078232,95.082813615621,36.7177207889779,182.129811665547,86.9157329610709,61.7948865884696,60.515253789717,54.9316304280535
49.8176834188694,49.7702365341099,58.8931951884588,50.166964808697,179.581528244976,36.1826601026823,65.4884356381797,206.109768568154,161.267448138547,82.4356532138013,92.188008559086,182.430735239604,61.6904272782504,82.2653103808389,57.6416063997922,51.6068636321907,58.7352519351371,54.9824353078232,95.082813615621,36.7177207889779,182.129811665547,86.9157329610709,61.7948865884696,60.515253789717,54.9316304280535
49.8176834188694,49.7702365341099,58.8931951884588,50.166964808697,179.581528244976,36.1826601026823,65.4884356381797,206.109768568154,161.267448138547,82.4356532138013,92.188008559086,182.430735239604,61.6904272782504,82.2653103808389,57.6416063997922,51.6068636321907,58.7352519351371,54.9824353078232,95.082813615621,36.7177207889779,182.129811665547,86.9157329610709,61.7948865884696,60.515253789717,54.9316304280535
49.8176834188694,49.7702365341099,58.8931951884588,50.166964808697,179.581528244976,36.1826601026823,65.4884356381797,206.109768568154,161.267448138547,82.4356532138013,92.188008559086,182.430735239604,61.6904272782504,82.2653103808389,57.6416063997922,51.6068636321907,58.7352519351371,54.9824353078232,95.082813615621,36.7177207889779,182.129811665547,86.9157329610709,61.7948865884696,60.515253789717,54.9316304280535
49.8176834188694,49.7702365341099,58.8931951884588,50.166964808697,179.581528244976,36.1826601026823,65.4884356381797,206.109768568154,161.267448138547,82.4356532138013,92.188008559086,182.430735239604,61.6904272782504,82.2653103808389,57.6416063997922,51.6068636321907,58.7352519351371,54.9824353078232,95.082813615621,36.7177207889779,182.129811665547,86.9157329610709,61.7948865884696,60.515253789717,54.9316304280535
49.8176834188694,49.7702365341099,58.8931951884588,50.166964808697,179.581528244976,36.1826601026823,65.4884356381797,206.109768568154,161.267448138547,82.4356532138013,92.188008559086,182.430735239604,61.6904272782504,82.2653103808389,57.6416063997922,51.6068636321907,58.7352519351371,54.9824353078232,95.082813615621,36.7177207889779,182.129811665547,86.9157329610709,61.7948865884696,60.515253789717,54.9316304280535
49.8176834188694,49.7702365341099,58.8931951884588,50.166964808697,179.581528244976,36.1826601026823,65.4884356381797,206.109768568154,161.267448138547,82.4356532138013,92.188008559086,182.430735239604,61.6904272782504,82.2653103808389,57.6416063997922,51.6068636321907,58.7352519351371,54.9824353078232,95.082813615621,36.7177207889779,182.129811665547,86.9157329610709,61.7948865884696,60.515253789717,54.9316304280535
49.8176834188694,49.7702365341099,58.8931951884588,50.166964808697,179.581528244976,36.1826601026823,65.4884356381797,206.109768568154,161.267448138547,82.4356532138013,92.188008559086,182.430735239604,61.6904272782504,82.2653103808389,57.6416063997922,51.6068636321907,58.7352519351371,54.9824353078232,95.082813615621,36.7177207889779,182.129811665547,86.9157329610709,61.7948865884696,60.515253789717,54.9316304280535
49.8176834188694,49.7702365341099,58.8931951884588,50.166964808697,179.581528244976,36.1826601026823,65.4884356381797,206.109768568154,161.267448138547,82.4356532138013,92.188008559086,182.430735239604,61.6904272782504,82.2653103808389,57.6416063997922,51.6068636321907,58.7352519351371,54.9824353078232,95.082813615621,36.7177207889779,182.129811665547,86.9157329610709,61.7948865884696,60.515253789717,54.9316304280535
49.8176834188694,49.7702365341099,58.8931951884588,50.166964808697,179.581528244976,36.1826601026823,65.4884356381797,206.109768568154,161.267448138547,82.4356532138013,92.188008559086,182.430735239604,61.6904272782504,82.2653103808389,57.6416063997922,51.6068636321907,58.7352519351371,54.9824353078232,95.082813615621,36.7177207889779,182.129811665547,86.9157329610709,61.7948865884696,60.515253789717,54.9316304280535
49.8176834188694,49.7702365341099,58.8931951884588,50.166964808697,179.581528244976,36.1826601026823,65.4884356381797,206.109768568154,161.267448138547,82.4356532138013,92.188008559086,182.430735239604,61.6904272782504,82.2653103808389,57.6416063997922,51.6068636321907,58.7352519351371,54.9824353078232,95.082813615621,36.7177207889779,182.129811665547,86.9157329610709,61.7948865884696,60.515253789717,54.9316304280535
49.8176834188694,49.7702365341099,58.8931951884588,50.166964808697,179.581528244976,36.1826601026823,65.4884356381797,206.109768568154,161.267448138547,82.4356532138013,92.188008559086,182.430735239604,61.6904272782504,82.2653103808389,57.6416063997922,51.6068636321907,58.7352519351371,54.9824353078232,95.082813615621,36.7177207889779,182.129811665547,86.9157329610709,61.7948865884696,60.515253789717,54.9316304280535
49.8176834188694,49.7702365341099,58.8931951884588,50.166964808697,179.581528244976,36.1826601026823,65.4884356381797,206.109768568154,161.267448138547,82.4356532138013,92.188008559086,182.430735239604,61.6904272782504,82.2653103808389,57.6416063997922,51.6068636321907,58.7352519351371,54.9824353078232,95.082813615621,36.7177207889779,182.129811665547,86.9157329610709,61.7948865884696,60.515253789717,54.9316304280535
49.8176834188694,49.7702365341099,58.8931951884588,50.166964808697,179.581528244976,36.1826601026823,65.4884356381797,206.109768568154,161.267448138547,82.4356532138013,92.188008559086,182.430735239604,61.6904272782504,82.2653103808389,57.6416063997922,51.6068636321907,58.7352519351371,54.9824353078232,95.082813615621,36.7177207889779,182.129811665547,86.9157329610709,61.7948865884696,60.515253789717,54.9316304280535
49.8176834188694,49.7702365341099,58.8931951884588,50.166964808697,179.581528244976,36.1826601026823,65.4884356381797,206.109768568154,161.267448138547,82.4356532138013,92.188008559086,182.430735239604,61.6904272782504,82.2653103808389,57.6416063997922,51.6068636321907,58.7352519351371,54.9824353078232,95.082813615621,36.7177207889779,182.129811665547,86.9157329610709,61.7948865884696,60.515253789717,54.9316304280535
49.8176834188694,49.7702365341099,58.8931951884588,50.166964808697,179.581528244976,36.1826601026823,65.4884356381797,206.109768568154,161.267448138547,82.4356532138013,92.188008559086,182.430735239604,61.6904272782504,82.2653103808389,57.6416063997922,51.6068636321907,58.7352519351371,54.9824353078232,95.082813615621,36.7177207889779,182.129811665547,86.9157329610709,61.7948865884696,60.515253789717,54.9316304280535
49.8176834188694,49.7702365341099,58.8931951884588,50.166964808697,179.581528244976,36.1826601026823,65.4884356381797,206.109768568154,161.267448138547,82.4356532138013,92.188008559086,182.430735239604,61.6904272782504,82.2653103808389,57.6416063997922,51.6068636321907,58.7352519351371,54.9824353078232,95.082813615621,36.7177207889779,182.129811665547,86.9157329610709,61.7948865884696,60.515253789717,54.9316304280535
49.8176834188694,49.7702365341099,58.8931951884588,50.166964808697,179.581528244976,36.1826601026823,65.4884356381797,206.109768568154,161.267448138547,82.4356532138013,92.188008559086,182.430735239604,61.6904272782504,82.2653103808389,57.6416063997922,51.6068636321907,58.7352519351371,54.9824353078232,95.082813615621,36.7177207889779,182.129811665547,86.9157329610709,61.7948865884696,60.515253789717,54.9316304280535
49.8176834188694,49.7702365341099,58.8931951884588,50.166964808697,179.581528244976,36.1826601026823,65.4884356381797,206.109768568154,161.267448138547,82.4356532138013,92.188008559086,182.430735239604,61.6904272782504,82.2653103808389,57.6416063997922,51.6068636321907,58.7352519351371,54.9824353078232,95.082813615621,36.7177207889779,182.129811665547,86.9157329610709,61.7948865884696,60.515253789717,54.9316304280535
49.8176834188694,49.7702365341099,58.8931951884588,50.166964808697,179.581528244976,36.1826601026823,65.4884356381797,206.109768568154,161.267448138547,82.4356532138013,92.188008559086,182.430735239604,61.6904272782504,82.2653103808389,57.6416063997922,51.6068636321907,58.7352519351371,54.9824353078232,95.082813615621,36.7177207889779,182.129811665547,86.9157329610709,61.7948865884696,60.515253789717,54.9316304280535
49.8176834188694,49.7702365341099,58.8931951884588,50.166964808697,179.581528244976,36.1826601026823,65.4884356381797,206.109768568154,161.267448138547,82.4356532138013,92.188008559086,182.430735239604,61.6904272782504,82.2653103808389,57.6416063997922,51.6068636321907,58.7352519351371,54.9824353078232,95.082813615621,36.7177207889779,182.129811665547,86.9157329610709,61.7948865884696,60.515253789717,54.9316304280535
49.8176834188694,49.7702365341099,58.8931951884588,50.166964808697,179.581528244976,36.1826601026823,65.4884356381797,206.109768568154,161.267448138547,82.4356532138013,92.188008559086,182.430735239604,61.6904272782504,82.2653103808389,57.6416063997922,51.6068636321907,58.7352519351371,54.9824353078232,95.082813615621,36.7177207889779,182.129811665547,86.9157329610709,61.7948865884696,60.515253789717,54.9316304280535
49.8176834188694,49.7702365341099,58.8931951884588,50.166964808697,179.581528244976,36.1826601026823,65.4884356381797,206.109768568154,161.267448138547,82.4356532138013,92.188008559086,182.430735239604,61.6904272782504,82.2653103808389,57.6416063997922,51.6068636321907,58.7352519351371,54.9824353078232,95.082813615621,36.7177207889779,182.129811665547,86.9157329610709,61.7948865884696,60.515253789717,54.9316304280535
49.8176834188694,49.7702365341099,58.8931951884588,50.166964808697,179.581528244976,36.1826601026823,65.4884356381797,206.109768568154,161.267448138547,82.4356532138013,92.188008559086,182.430735239604,61.6904272782504,82.2653103808389,57.6416063997922,51.6068636321907,58.7352519351371,54.9824353078232,95.082813615621,36.7177207889779,182.129811665547,86.9157329610709,61.7948865884696,60.515253789717,54.9316304280535
49.8176834188694,49.7702365341099,58.8931951884588,50.166964808697,179.581528244976,36.1826601026823,65.4884356381797,206.109768568154,161.267448138547,82.4356532138013,92.188008559086,182.430735239604,61.6904272782504,82.2653103808389,57.6416063997922,51.6068636321907,58.7352519351371,54.9824353078232,95.082813615621,36.7177207889779,182.129811665547,86.9157329610709,61.7948865884696,60.515253789717,54.9316304280535
49.8176834188694,49.7702365341099,58.8931951884588,50.166964808697,179.581528244976,36.1826601026823,65.4884356381797,206.109768568154,161.267448138547,82.4356532138013,92.188008559086,182.430735239604,61.6904272782504,82.2653103808389,57.6416063997922,51.6068636321907,58.7352519351371,54.9824353078232,95.082813615621,36.7177207889779,182.129811665547,86.9157329610709,61.7948865884696,60.515253789717,54.9316304280535
49.8176834188694,49.7702365341099,58.8931951884588,50.166964808697,179.581528244976,36.1826601026823,65.4884356381797,206.109768568154,161.267448138547,82.4356532138013,92.188008559086,182.430735239604,61.6904272782504,82.2653103808389,57.6416063997922,51.6068636321907,58.7352519351371,54.9824353078232,95.082813615621,36.7177207889779,182.129811665547,86.9157329610709,61.7948865884696,60.515253789717,54.9316304280535
49.8176834188694,49.7702365341099,58.8931951884588,50.166964808697,179.581528244976,36.1826601026823,65.4884356381797,206.109768568154,161.267448138547,82.4356532138013,92.188008559086,182.430735239604,61.6904272782504,82.2653103808389,57.6416063997922,51.6068636321907,58.7352519351371,54.9824353078232,95.082813615621,36.7177207889779,182.129811665547,86.9157329610709,61.7948865884696,60.515253789717,54.9316304280535
49.8176834188694,49.7702365341099,58.8931951884588,50.166964808697,179.581528244976,36.1826601026823,65.4884356381797,206.109768568154,161.267448138547,82.4356532138013,92.188008559086,182.430735239604,61.6904272782504,82.2653103808389,57.6416063997922,51.6068636321907,58.7352519351371,54.9824353078232,95.082813615621,36.7177207889779,182.129811665547,86.9157329610709,61.7948865884696,60.515253789717,54.9316304280535
49.8176834188694,49.7702365341099,58.8931951884588,50.166964808697,179.581528244976,36.1826601026823,65.4884356381797,206.109768568154,161.267448138547,82.4356532138013,92.188008559086,182.430735239604,61.6904272782504,82.2653103808389,57.6416063997922,51.6068636321907,58.7352519351371,54.9824353078232,95.082813615621,36.7177207889779,182.129811665547,86.9157329610709,61.7948865884696,60.515253789717,54.9316304280535
49.8176834188694,49.7702365341099,58.8931951884588,50.166964808697,179.581528244976,36.1826601026823,65.4884356381797,206.109768568154,161.267448138547,82.4356532138013,92.188008559086,182.430735239604,61.6904272782504,82.2653103808389,57.6416063997922,51.6068636321907,58.7352519351371,54.9824353078232,95.082813615621,36.7177207889779,182.129811665547,86.9157329610709,61.7948865884696,60.515253789717,54.9316304280535
49.8176834188694,49.7702365341099,58.8931951884588,50.166964808697,179.581528244976,36.1826601026823,65.4884356381797,206.109768568154,161.267448138547,82.4356532138013,92.188008559086,182.430735239604,61.6904272782504,82.2653103808389,57.6416063997922,51.6068636321907,58.7352519351371,54.9824353078232,95.082813615621,36.7177207889779,182.129811665547,86.9157329610709,61.7948865884696,60.515253789717,54.9316304280535
49.8176834188694,49.7702365341099,58.8931951884588,50.166964808697,179.581528244976,36.1826601026823,65.4884356381797,206.109768568154,161.267448138547,82.4356532138013,92.188008559086,182.430735239604,61.6904272782504,82.2653103808389,57.6416063997922,51.6068636321907,58.7352519351371,54.9824353078232,95.082813615621,36.7177207889779,182.129811665547,86.9157329610709,61.7948865884696,60.515253789717,54.9316304280535
49.8176834188694,49.7702365341099,58.8931951884588,50.166964808697,179.581528244976,36.1826601026823,65.4884356381797,206.109768568154,161.267448138547,82.4356532138013,92.188008559086,182.430735239604,61.6904272782504,82.2653103808389,57.6416063997922,51.6068636321907,58.7352519351371,54.9824353078232,95.082813615621,36.7177207889779,182.129811665547,86.9157329610709,61.7948865884696,60.515253789717,54.9316304280535
49.8176834188694,49.7702365341099,58.8931951884588,50.166964808697,179.581528244976,36.1826601026823,65.4884356381797,206.109768568154,161.267448138547,82.4356532138013,92.188008559086,182.430735239604,61.6904272782504,82.2653103808389,57.6416063997922,51.6068636321907,58.7352519351371,54.9824353078232,95.082813615621,36.7177207889779,182.129811665547,86.9157329610709,61.7948865884696,60.515253789717,54.9316304280535
49.8176834188694,49.7702365341099,58.8931951884588,50.166964808697,179.581528244976,36.1826601026823,65.4884356381797,206.109768568154,161.267448138547,82.4356532138013,92.188008559086,182.430735239604,61.6904272782504,82.2653103808389,57.6416063997922,51.6068636321907,58.7352519351371,54.9824353078232,95.082813615621,36.7177207889779,182.129811665547,86.9157329610709,61.7948865884696,60.515253789717,54.9316304280535
49.8176834188694,49.7702365341099,58.8931951884588,50.166964808697,179.581528244976,36.1826601026823,65.4884356381797,206.109768568154,161.267448138547,82.4356532138013,92.188008559086,182.430735239604,61.6904272782504,82.2653103808389,57.6416063997922,51.6068636321907,58.7352519351371,54.9824353078232,95.082813615621,36.7177207889779,182.129811665547,86.9157329610709,61.7948865884696,60.515253789717,54.9316304280535
49.8176834188694,49.7702365341099,58.8931951884588,50.166964808697,179.581528244976,36.1826601026823,65.4884356381797,206.109768568154,161.267448138547,82.4356532138013,92.188008559086,182.430735239604,61.6904272782504,82.2653103808389,57.6416063997922,51.6068636321907,58.7352519351371,54.9824353078232,95.082813615621,36.7177207889779,182.129811665547,86.9157329610709,61.7948865884696,60.515253789717,54.9316304280535
49.8176834188694,49.7702365341099,58.8931951884588,50.166964808697,179.581528244976,36.1826601026823,65.4884356381797,206.109768568154,161.267448138547,82.4356532138013,92.188008559086,182.430735239604,61.6904272782504,82.2653103808389,57.6416063997922,51.6068636321907,58.7352519351371,54.9824353078232,95.082813615621,36.7177207889779,182.129811665547,86.9157329610709,61.7948865884696,60.515253789717,54.9316304280535
49.8176834188694,49.7702365341099,58.8931951884588,50.166964808697,179.581528244976,36.1826601026823,65.4884356381797,206.109768568154,161.267448138547,82.4356532138013,92.188008559086,182.430735239604,61.6904272782504,82.2653103808389,57.6416063997922,51.6068636321907,58.7352519351371,54.9824353078232,95.082813615621,36.7177207889779,182.129811665547,86.9157329610709,61.7948865884696,60.515253789717,54.9316304280535
49.8176834188694,49.7702365341099,58.8931951884588,50.166964808697,179.581528244976,36.1826601026823,65.4884356381797,206.109768568154,161.267448138547,82.4356532138013,92.188008559086,182.430735239604,61.6904272782504,82.2653103808389,57.6416063997922,51.6068636321907,58.7352519351371,54.9824353078232,95.082813615621,36.7177207889779,182.129811665547,86.9157329610709,61.7948865884696,60.515253789717,54.9316304280535
49.8176834188694,49.7702365341099,58.8931951884588,50.166964808697,179.581528244976,36.1826601026823,65.4884356381797,206.109768568154,161.267448138547,82.4356532138013,92.188008559086,182.430735239604,61.6904272782504,82.2653103808389,57.6416063997922,51.6068636321907,58.7352519351371,54.9824353078232,95.082813615621,36.7177207889779,182.129811665547,86.9157329610709,61.7948865884696,60.515253789717,54.9316304280535
49.8176834188694,49.7702365341099,58.8931951884588,50.166964808697,179.581528244976,36.1826601026823,65.4884356381797,206.109768568154,161.267448138547,82.4356532138013,92.188008559086,182.430735239604,61.6904272782504,82.2653103808389,57.6416063997922,51.6068636321907,58.7352519351371,54.9824353078232,95.082813615621,36.7177207889779,182.129811665547,86.9157329610709,61.7948865884696,60.515253789717,54.9316304280535
49.8176834188694,49.7702365341099,58.8931951884588,50.166964808697,179.581528244976,36.1826601026823,65.4884356381797,206.109768568154,161.267448138547,82.4356532138013,92.188008559086,182.430735239604,61.6904272782504,82.2653103808389,57.6416063997922,51.6068636321907,58.7352519351371,54.9824353078232,95.082813615621,36.7177207889779,182.129811665547,86.9157329610709,61.7948865884696,60.515253789717,54.9316304280535
49.8176834188694,49.7702365341099,58.8931951884588,50.166964808697,179.581528244976,36.1826601026823,65.4884356381797,206.109768568154,161.267448138547,82.4356532138013,92.188008559086,182.430735239604,61.6904272782504,82.2653103808389,57.6416063997922,51.6068636321907,58.7352519351371,54.9824353078232,95.082813615621,36.7177207889779,182.129811665547,86.9157329610709,61.7948865884696,60.515253789717,54.9316304280535
49.8176834188694,49.7702365341099,58.8931951884588,50.166964808697,179.581528244976,36.1826601026823,65.4884356381797,206.109768568154,161.267448138547,82.4356532138013,92.188008559086,182.430735239604,61.6904272782504,82.2653103808389,57.6416063997922,51.6068636321907,58.7352519351371,54.9824353078232,95.082813615621,36.7177207889779,182.129811665547,86.9157329610709,61.7948865884696,60.515253789717,54.9316304280535
49.8176834188694,49.7702365341099,58.8931951884588,50.166964808697,179.581528244976,36.1826601026823,65.4884356381797,206.109768568154,161.267448138547,82.4356532138013,92.188008559086,182.430735239604,61.6904272782504,82.2653103808389,57.6416063997922,51.6068636321907,58.7352519351371,54.9824353078232,95.082813615621,36.7177207889779,182.129811665547,86.9157329610709,61.7948865884696,60.515253789717,54.9316304280535
49.8176834188694,49.7702365341099,58.8931951884588,50.166964808697,179.581528244976,36.1826601026823,65.4884356381797,206.109768568154,161.267448138547,82.4356532138013,92.188008559086,182.430735239604,61.6904272782504,82.2653103808389,57.6416063997922,51.6068636321907,58.7352519351371,54.9824353078232,95.082813615621,36.7177207889779,182.129811665547,86.9157329610709,61.7948865884696,60.515253789717,54.9316304280535
49.8176834188694,49.7702365341099,58.8931951884588,50.166964808697,179.581528244976,36.1826601026823,65.4884356381797,206.109768568154,161.267448138547,82.4356532138013,92.188008559086,182.430735239604,61.6904272782504,82.2653103808389,57.6416063997922,51.6068636321907,58.7352519351371,54.9824353078232,95.082813615621,36.7177207889779,182.129811665547,86.9157329610709,61.7948865884696,60.515253789717,54.9316304280535
49.8176834188694,49.7702365341099,58.8931951884588,50.166964808697,179.581528244976,36.1826601026823,65.4884356381797,206.109768568154,161.267448138547,82.4356532138013,92.188008559086,182.430735239604,61.6904272782504,82.2653103808389,57.6416063997922,51.6068636321907,58.7352519351371,54.9824353078232,95.082813615621,36.7177207889779,182.129811665547,86.9157329610709,61.7948865884696,60.515253789717,54.9316304280535
49.8176834188694,49.7702365341099,58.8931951884588,50.166964808697,179.581528244976,36.1826601026823,65.4884356381797,206.109768568154,161.267448138547,82.4356532138013,92.188008559086,182.430735239604,61.6904272782504,82.2653103808389,57.6416063997922,51.6068636321907,58.7352519351371,54.9824353078232,95.082813615621,36.7177207889779,182.129811665547,86.9157329610709,61.7948865884696,60.515253789717,54.9316304280535
49.8176834188694,49.7702365341099,58.8931951884588,50.166964808697,179.581528244976,36.1826601026823,65.4884356381797,206.109768568154,161.267448138547,82.4356532138013,92.188008559086,182.430735239604,61.6904272782504,82.2653103808389,57.6416063997922,51.6068636321907,58.7352519351371,54.9824353078232,95.082813615621,36.7177207889779,182.129811665547,86.9157329610709,61.7948865884696,60.515253789717,54.9316304280535
49.8176834188694,49.7702365341099,58.8931951884588,50.166964808697,179.581528244976,36.1826601026823,65.4884356381797,206.109768568154,161.267448138547,82.4356532138013,92.188008559086,182.430735239604,61.6904272782504,82.2653103808389,57.6416063997922,51.6068636321907,58.7352519351371,54.9824353078232,95.082813615621,36.7177207889779,182.129811665547,86.9157329610709,61.7948865884696,60.515253789717,54.9316304280535
49.8176834188694,49.7702365341099,58.8931951884588,50.166964808697,179.581528244976,36.1826601026823,65.4884356381797,206.109768568154,161.267448138547,82.4356532138013,92.188008559086,182.430735239604,61.6904272782504,82.2653103808389,57.6416063997922,51.6068636321907,58.7352519351371,54.9824353078232,95.082813615621,36.7177207889779,182.129811665547,86.9157329610709,61.7948865884696,60.515253789717,54.9316304280535
49.8176834188694,49.7702365341099,58.8931951884588,50.166964808697,179.581528244976,36.1826601026823,65.4884356381797,206.109768568154,161.267448138547,82.4356532138013,92.188008559086,182.430735239604,61.6904272782504,82.2653103808389,57.6416063997922,51.6068636321907,58.7352519351371,54.9824353078232,95.082813615621,36.7177207889779,182.129811665547,86.9157329610709,61.7948865884696,60.515253789717,54.9316304280535
49.8176834188694,49.7702365341099,58.8931951884588,50.166964808697,179.581528244976,36.1826601026823,65.4884356381797,206.109768568154,161.267448138547,82.4356532138013,92.188008559086,182.430735239604,61.6904272782504,82.2653103808389,57.6416063997922,51.6068636321907,58.7352519351371,54.9824353078232,95.082813615621,36.7177207889779,182.129811665547,86.9157329610709,61.7948865884696,60.515253789717,54.9316304280535
49.8176834188694,49.7702365341099,58.8931951884588,50.166964808697,179.581528244976,36.1826601026823,65.4884356381797,206.109768568154,161.267448138547,82.4356532138013,92.188008559086,182.430735239604,61.6904272782504,82.2653103808389,57.6416063997922,51.6068636321907,58.7352519351371,54.9824353078232,95.082813615621,36.7177207889779,182.129811665547,86.9157329610709,61.7948865884696,60.515253789717,54.9316304280535
49.8176834188694,49.7702365341099,58.8931951884588,50.166964808697,179.581528244976,36.1826601026823,65.4884356381797,206.109768568154,161.267448138547,82.4356532138013,92.188008559086,182.430735239604,61.6904272782504,82.2653103808389,57.6416063997922,51.6068636321907,58.7352519351371,54.9824353078232,95.082813615621,36.7177207889779,182.129811665547,86.9157329610709,61.7948865884696,60.515253789717,54.9316304280535
49.8176834188694,49.7702365341099,58.8931951884588,50.166964808697,179.581528244976,36.1826601026823,65.4884356381797,206.109768568154,161.267448138547,82.4356532138013,92.188008559086,182.430735239604,61.6904272782504,82.2653103808389,57.6416063997922,51.6068636321907,58.7352519351371,54.9824353078232,95.082813615621,36.7177207889779,182.129811665547,86.9157329610709,61.7948865884696,60.515253789717,54.9316304280535
49.8176834188694,49.7702365341099,58.8931951884588,50.166964808697,179.581528244976,36.1826601026823,65.4884356381797,206.109768568154,161.267448138547,82.4356532138013,92.188008559086,182.430735239604,61.6904272782504,82.2653103808389,57.6416063997922,51.6068636321907,58.7352519351371,54.9824353078232,95.082813615621,36.7177207889779,182.129811665547,86.9157329610709,61.7948865884696,60.515253789717,54.9316304280535
49.8176834188694,49.7702365341099,58.8931951884588,50.166964808697,179.581528244976,36.1826601026823,65.4884356381797,206.109768568154,161.267448138547,82.4356532138013,92.188008559086,182.430735239604,61.6904272782504,82.2653103808389,57.6416063997922,51.6068636321907,58.7352519351371,54.9824353078232,95.082813615621,36.7177207889779,182.129811665547,86.9157329610709,61.7948865884696,60.515253789717,54.9316304280535
49.8176834188694,49.7702365341099,58.8931951884588,50.166964808697,179.581528244976,36.1826601026823,65.4884356381797,206.109768568154,161.267448138547,82.4356532138013,92.188008559086,182.430735239604,61.6904272782504,82.2653103808389,57.6416063997922,51.6068636321907,58.7352519351371,54.9824353078232,95.082813615621,36.7177207889779,182.129811665547,86.9157329610709,61.7948865884696,60.515253789717,54.9316304280535
49.8176834188694,49.7702365341099,58.8931951884588,50.166964808697,179.581528244976,36.1826601026823,65.4884356381797,206.109768568154,161.267448138547,82.4356532138013,92.188008559086,182.430735239604,61.6904272782504,82.2653103808389,57.6416063997922,51.6068636321907,58.7352519351371,54.9824353078232,95.082813615621,36.7177207889779,182.129811665547,86.9157329610709,61.7948865884696,60.515253789717,54.9316304280535
49.8176834188694,49.7702365341099,58.8931951884588,50.166964808697,179.581528244976,36.1826601026823,65.4884356381797,206.109768568154,161.267448138547,82.4356532138013,92.188008559086,182.430735239604,61.6904272782504,82.2653103808389,57.6416063997922,51.6068636321907,58.7352519351371,54.9824353078232,95.082813615621,36.7177207889779,182.129811665547,86.9157329610709,61.7948865884696,60.515253789717,54.9316304280535
49.8176834188694,49.7702365341099,58.8931951884588,50.166964808697,179.581528244976,36.1826601026823,65.4884356381797,206.109768568154,161.267448138547,82.4356532138013,92.188008559086,182.430735239604,61.6904272782504,82.2653103808389,57.6416063997922,51.6068636321907,58.7352519351371,54.9824353078232,95.082813615621,36.7177207889779,182.129811665547,86.9157329610709,61.7948865884696,60.515253789717,54.9316304280535
49.8176834188694,49.7702365341099,58.8931951884588,50.166964808697,179.581528244976,36.1826601026823,65.4884356381797,206.109768568154,161.267448138547,82.4356532138013,92.188008559086,182.430735239604,61.6904272782504,82.2653103808389,57.6416063997922,51.6068636321907,58.7352519351371,54.9824353078232,95.082813615621,36.7177207889779,182.129811665547,86.9157329610709,61.7948865884696,60.515253789717,54.9316304280535
49.8176834188694,49.7702365341099,58.8931951884588,50.166964808697,179.581528244976,36.1826601026823,65.4884356381797,206.109768568154,161.267448138547,82.4356532138013,92.188008559086,182.430735239604,61.6904272782504,82.2653103808389,57.6416063997922,51.6068636321907,58.7352519351371,54.9824353078232,95.082813615621,36.7177207889779,182.129811665547,86.9157329610709,61.7948865884696,60.515253789717,54.9316304280535
49.8176834188694,49.7702365341099,58.8931951884588,50.166964808697,179.581528244976,36.1826601026823,65.4884356381797,206.109768568154,161.267448138547,82.4356532138013,92.188008559086,182.430735239604,61.6904272782504,82.2653103808389,57.6416063997922,51.6068636321907,58.7352519351371,54.9824353078232,95.082813615621,36.7177207889779,182.129811665547,86.9157329610709,61.7948865884696,60.515253789717,54.9316304280535
49.8176834188694,49.7702365341099,58.8931951884588,50.166964808697,179.581528244976,36.1826601026823,65.4884356381797,206.109768568154,161.267448138547,82.4356532138013,92.188008559086,182.430735239604,61.6904272782504,82.2653103808389,57.6416063997922,51.6068636321907,58.7352519351371,54.9824353078232,95.082813615621,36.7177207889779,182.129811665547,86.9157329610709,61.7948865884696,60.515253789717,54.9316304280535
49.8176834188694,49.7702365341099,58.8931951884588,50.166964808697,179.581528244976,36.1826601026823,65.4884356381797,206.109768568154,161.267448138547,82.4356532138013,92.188008559086,182.430735239604,61.6904272782504,82.2653103808389,57.6416063997922,51.6068636321907,58.7352519351371,54.9824353078232,95.082813615621,36.7177207889779,182.129811665547,86.9157329610709,61.7948865884696,60.515253789717,54.9316304280535
49.8176834188694,49.7702365341099,58.8931951884588,50.166964808697,179.581528244976,36.1826601026823,65.4884356381797,206.109768568154,161.267448138547,82.4356532138013,92.188008559086,182.430735239604,61.6904272782504,82.2653103808389,57.6416063997922,51.6068636321907,58.7352519351371,54.9824353078232,95.082813615621,36.7177207889779,182.129811665547,86.9157329610709,61.7948865884696,60.515253789717,54.9316304280535
49.8176834188694,49.7702365341099,58.8931951884588,50.166964808697,179.581528244976,36.1826601026823,65.4884356381797,206.109768568154,161.267448138547,82.4356532138013,92.188008559086,182.430735239604,61.6904272782504,82.2653103808389,57.6416063997922,51.6068636321907,58.7352519351371,54.9824353078232,95.082813615621,36.7177207889779,182.129811665547,86.9157329610709,61.7948865884696,60.515253789717,54.9316304280535
49.8176834188694,49.7702365341099,58.8931951884588,50.166964808697,179.581528244976,36.1826601026823,65.4884356381797,206.109768568154,161.267448138547,82.4356532138013,92.188008559086,182.430735239604,61.6904272782504,82.2653103808389,57.6416063997922,51.6068636321907,58.7352519351371,54.9824353078232,95.082813615621,36.7177207889779,182.129811665547,86.9157329610709,61.7948865884696,60.515253789717,54.9316304280535
49.8176834188694,49.7702365341099,58.8931951884588,50.166964808697,179.581528244976,36.1826601026823,65.4884356381797,206.109768568154,161.267448138547,82.4356532138013,92.188008559086,182.430735239604,61.6904272782504,82.2653103808389,57.6416063997922,51.6068636321907,58.7352519351371,54.9824353078232,95.082813615621,36.7177207889779,182.129811665547,86.9157329610709,61.7948865884696,60.515253789717,54.9316304280535
49.8176834188694,49.7702365341099,58.8931951884588,50.166964808697,179.581528244976,36.1826601026823,65.4884356381797,206.109768568154,161.267448138547,82.4356532138013,92.188008559086,182.430735239604,61.6904272782504,82.2653103808389,57.6416063997922,51.6068636321907,58.7352519351371,54.9824353078232,95.082813615621,36.7177207889779,182.129811665547,86.9157329610709,61.7948865884696,60.515253789717,54.9316304280535
49.8176834188694,49.7702365341099,58.8931951884588,50.166964808697,179.581528244976,36.1826601026823,65.4884356381797,206.109768568154,161.267448138547,82.4356532138013,92.188008559086,182.430735239604,61.6904272782504,82.2653103808389,57.6416063997922,51.6068636321907,58.7352519351371,54.9824353078232,95.082813615621,36.7177207889779,182.129811665547,86.9157329610709,61.7948865884696,60.515253789717,54.9316304280535
49.8176834188694,49.7702365341099,58.8931951884588,50.166964808697,179.581528244976,36.1826601026823,65.4884356381797,206.109768568154,161.267448138547,82.4356532138013,92.188008559086,182.430735239604,61.6904272782504,82.2653103808389,57.6416063997922,51.6068636321907,58.7352519351371,54.9824353078232,95.082813615621,36.7177207889779,182.129811665547,86.9157329610709,61.7948865884696,60.515253789717,54.9316304280535
49.8176834188694,49.7702365341099,58.8931951884588,50.166964808697,179.581528244976,36.1826601026823,65.4884356381797,206.109768568154,161.267448138547,82.4356532138013,92.188008559086,182.430735239604,61.6904272782504,82.2653103808389,57.6416063997922,51.6068636321907,58.7352519351371,54.9824353078232,95.082813615621,36.7177207889779,182.129811665547,86.9157329610709,61.7948865884696,60.515253789717,54.9316304280535
49.8176834188694,49.7702365341099,58.8931951884588,50.166964808697,179.581528244976,36.1826601026823,65.4884356381797,206.109768568154,161.267448138547,82.4356532138013,92.188008559086,182.430735239604,61.6904272782504,82.2653103808389,57.6416063997922,51.6068636321907,58.7352519351371,54.9824353078232,95.082813615621,36.7177207889779,182.129811665547,86.9157329610709,61.7948865884696,60.515253789717,54.9316304280535
49.8176834188694,49.7702365341099,58.8931951884588,50.166964808697,179.581528244976,36.1826601026823,65.4884356381797,206.109768568154,161.267448138547,82.4356532138013,92.188008559086,182.430735239604,61.6904272782504,82.2653103808389,57.6416063997922,51.6068636321907,58.7352519351371,54.9824353078232,95.082813615621,36.7177207889779,182.129811665547,86.9157329610709,61.7948865884696,60.515253789717,54.9316304280535
49.8176834188694,49.7702365341099,58.8931951884588,50.166964808697,179.581528244976,36.1826601026823,65.4884356381797,206.109768568154,161.267448138547,82.4356532138013,92.188008559086,182.430735239604,61.6904272782504,82.2653103808389,57.6416063997922,51.6068636321907,58.7352519351371,54.9824353078232,95.082813615621,36.7177207889779,182.129811665547,86.9157329610709,61.7948865884696,60.515253789717,54.9316304280535
49.8176834188694,49.7702365341099,58.8931951884588,50.166964808697,179.581528244976,36.1826601026823,65.4884356381797,206.109768568154,161.267448138547,82.4356532138013,92.188008559086,182.430735239604,61.6904272782504,82.2653103808389,57.6416063997922,51.6068636321907,58.7352519351371,54.9824353078232,95.082813615621,36.7177207889779,182.129811665547,86.9157329610709,61.7948865884696,60.515253789717,54.9316304280535
49.8176834188694,49.7702365341099,58.8931951884588,50.166964808697,179.581528244976,36.1826601026823,65.4884356381797,206.109768568154,161.267448138547,82.4356532138013,92.188008559086,182.430735239604,61.6904272782504,82.2653103808389,57.6416063997922,51.6068636321907,58.7352519351371,54.9824353078232,95.082813615621,36.7177207889779,182.129811665547,86.9157329610709,61.7948865884696,60.515253789717,54.9316304280535
49.8176834188694,49.7702365341099,58.8931951884588,50.166964808697,179.581528244976,36.1826601026823,65.4884356381797,206.109768568154,161.267448138547,82.4356532138013,92.188008559086,182.430735239604,61.6904272782504,82.2653103808389,57.6416063997922,51.6068636321907,58.7352519351371,54.9824353078232,95.082813615621,36.7177207889779,182.129811665547,86.9157329610709,61.7948865884696,60.515253789717,54.9316304280535
49.8176834188694,49.7702365341099,58.8931951884588,50.166964808697,179.581528244976,36.1826601026823,65.4884356381797,206.109768568154,161.267448138547,82.4356532138013,92.188008559086,182.430735239604,61.6904272782504,82.2653103808389,57.6416063997922,51.6068636321907,58.7352519351371,54.9824353078232,95.082813615621,36.7177207889779,182.129811665547,86.9157329610709,61.7948865884696,60.515253789717,54.9316304280535
49.8176834188694,49.7702365341099,58.8931951884588,50.166964808697,179.581528244976,36.1826601026823,65.4884356381797,206.109768568154,161.267448138547,82.4356532138013,92.188008559086,182.430735239604,61.6904272782504,82.2653103808389,57.6416063997922,51.6068636321907,58.7352519351371,54.9824353078232,95.082813615621,36.7177207889779,182.129811665547,86.9157329610709,61.7948865884696,60.515253789717,54.9316304280535
49.8176834188694,49.7702365341099,58.8931951884588,50.166964808697,179.581528244976,36.1826601026823,65.4884356381797,206.109768568154,161.267448138547,82.4356532138013,92.188008559086,182.430735239604,61.6904272782504,82.2653103808389,57.6416063997922,51.6068636321907,58.7352519351371,54.9824353078232,95.082813615621,36.7177207889779,182.129811665547,86.9157329610709,61.7948865884696,60.515253789717,54.9316304280535
49.8176834188694,49.7702365341099,58.8931951884588,50.166964808697,179.581528244976,36.1826601026823,65.4884356381797,206.109768568154,161.267448138547,82.4356532138013,92.188008559086,182.430735239604,61.6904272782504,82.2653103808389,57.6416063997922,51.6068636321907,58.7352519351371,54.9824353078232,95.082813615621,36.7177207889779,182.129811665547,86.9157329610709,61.7948865884696,60.515253789717,54.9316304280535
49.8176834188694,49.7702365341099,58.8931951884588,50.166964808697,179.581528244976,36.1826601026823,65.4884356381797,206.109768568154,161.267448138547,82.4356532138013,92.188008559086,182.430735239604,61.6904272782504,82.2653103808389,57.6416063997922,51.6068636321907,58.7352519351371,54.9824353078232,95.082813615621,36.7177207889779,182.129811665547,86.9157329610709,61.7948865884696,60.515253789717,54.9316304280535
49.8176834188694,49.7702365341099,58.8931951884588,50.166964808697,179.581528244976,36.1826601026823,65.4884356381797,206.109768568154,161.267448138547,82.4356532138013,92.188008559086,182.430735239604,61.6904272782504,82.2653103808389,57.6416063997922,51.6068636321907,58.7352519351371,54.9824353078232,95.082813615621,36.7177207889779,182.129811665547,86.9157329610709,61.7948865884696,60.515253789717,54.9316304280535
49.8176834188694,49.7702365341099,58.8931951884588,50.166964808697,179.581528244976,36.1826601026823,65.4884356381797,206.109768568154,161.267448138547,82.4356532138013,92.188008559086,182.430735239604,61.6904272782504,82.2653103808389,57.6416063997922,51.6068636321907,58.7352519351371,54.9824353078232,95.082813615621,36.7177207889779,182.129811665547,86.9157329610709,61.7948865884696,60.515253789717,54.9316304280535
49.8176834188694,49.7702365341099,58.8931951884588,50.166964808697,179.581528244976,36.1826601026823,65.4884356381797,206.109768568154,161.267448138547,82.4356532138013,92.188008559086,182.430735239604,61.6904272782504,82.2653103808389,57.6416063997922,51.6068636321907,58.7352519351371,54.9824353078232,95.082813615621,36.7177207889779,182.129811665547,86.9157329610709,61.7948865884696,60.515253789717,54.9316304280535
49.8176834188694,49.7702365341099,58.8931951884588,50.166964808697,179.581528244976,36.1826601026823,65.4884356381797,206.109768568154,161.267448138547,82.4356532138013,92.188008559086,182.430735239604,61.6904272782504,82.2653103808389,57.6416063997922,51.6068636321907,58.7352519351371,54.9824353078232,95.082813615621,36.7177207889779,182.129811665547,86.9157329610709,61.7948865884696,60.515253789717,54.9316304280535
49.8176834188694,49.7702365341099,58.8931951884588,50.166964808697,179.581528244976,36.1826601026823,65.4884356381797,206.109768568154,161.267448138547,82.4356532138013,92.188008559086,182.430735239604,61.6904272782504,82.2653103808389,57.6416063997922,51.6068636321907,58.7352519351371,54.9824353078232,95.082813615621,36.7177207889779,182.129811665547,86.9157329610709,61.7948865884696,60.515253789717,54.9316304280535
49.8176834188694,49.7702365341099,58.8931951884588,50.166964808697,179.581528244976,36.1826601026823,65.4884356381797,206.109768568154,161.267448138547,82.4356532138013,92.188008559086,182.430735239604,61.6904272782504,82.2653103808389,57.6416063997922,51.6068636321907,58.7352519351371,54.9824353078232,95.082813615621,36.7177207889779,182.129811665547,86.9157329610709,61.7948865884696,60.515253789717,54.9316304280535
49.8176834188694,49.7702365341099,58.8931951884588,50.166964808697,179.581528244976,36.1826601026823,65.4884356381797,206.109768568154,161.267448138547,82.4356532138013,92.188008559086,182.430735239604,61.6904272782504,82.2653103808389,57.6416063997922,51.6068636321907,58.7352519351371,54.9824353078232,95.082813615621,36.7177207889779,182.129811665547,86.9157329610709,61.7948865884696,60.515253789717,54.9316304280535
49.8176834188694,49.7702365341099,58.8931951884588,50.166964808697,179.581528244976,36.1826601026823,65.4884356381797,206.109768568154,161.267448138547,82.4356532138013,92.188008559086,182.430735239604,61.6904272782504,82.2653103808389,57.6416063997922,51.6068636321907,58.7352519351371,54.9824353078232,95.082813615621,36.7177207889779,182.129811665547,86.9157329610709,61.7948865884696,60.515253789717,54.9316304280535
49.8176834188694,49.7702365341099,58.8931951884588,50.166964808697,179.581528244976,36.1826601026823,65.4884356381797,206.109768568154,161.267448138547,82.4356532138013,92.188008559086,182.430735239604,61.6904272782504,82.2653103808389,57.6416063997922,51.6068636321907,58.7352519351371,54.9824353078232,95.082813615621,36.7177207889779,182.129811665547,86.9157329610709,61.7948865884696,60.515253789717,54.9316304280535
49.8176834188694,49.7702365341099,58.8931951884588,50.166964808697,179.581528244976,36.1826601026823,65.4884356381797,206.109768568154,161.267448138547,82.4356532138013,92.188008559086,182.430735239604,61.6904272782504,82.2653103808389,57.6416063997922,51.6068636321907,58.7352519351371,54.9824353078232,95.082813615621,36.7177207889779,182.129811665547,86.9157329610709,61.7948865884696,60.515253789717,54.9316304280535
49.8176834188694,49.7702365341099,58.8931951884588,50.166964808697,179.581528244976,36.1826601026823,65.4884356381797,206.109768568154,161.267448138547,82.4356532138013,92.188008559086,182.430735239604,61.6904272782504,82.2653103808389,57.6416063997922,51.6068636321907,58.7352519351371,54.9824353078232,95.082813615621,36.7177207889779,182.129811665547,86.9157329610709,61.7948865884696,60.515253789717,54.9316304280535
49.8176834188694,49.7702365341099,58.8931951884588,50.166964808697,179.581528244976,36.1826601026823,65.4884356381797,206.109768568154,161.267448138547,82.4356532138013,92.188008559086,182.430735239604,61.6904272782504,82.2653103808389,57.6416063997922,51.6068636321907,58.7352519351371,54.9824353078232,95.082813615621,36.7177207889779,182.129811665547,86.9157329610709,61.7948865884696,60.515253789717,54.9316304280535
49.8176834188694,49.7702365341099,58.8931951884588,50.166964808697,179.581528244976,36.1826601026823,65.4884356381797,206.109768568154,161.267448138547,82.4356532138013,92.188008559086,182.430735239604,61.6904272782504,82.2653103808389,57.6416063997922,51.6068636321907,58.7352519351371,54.9824353078232,95.082813615621,36.7177207889779,182.129811665547,86.9157329610709,61.7948865884696,60.515253789717,54.9316304280535
49.8176834188694,49.7702365341099,58.8931951884588,50.166964808697,179.581528244976,36.1826601026823,65.4884356381797,206.109768568154,161.267448138547,82.4356532138013,92.188008559086,182.430735239604,61.6904272782504,82.2653103808389,57.6416063997922,51.6068636321907,58.7352519351371,54.9824353078232,95.082813615621,36.7177207889779,182.129811665547,86.9157329610709,61.7948865884696,60.515253789717,54.9316304280535
49.8176834188694,49.7702365341099,58.8931951884588,50.166964808697,179.581528244976,36.1826601026823,65.4884356381797,206.109768568154,161.267448138547,82.4356532138013,92.188008559086,182.430735239604,61.6904272782504,82.2653103808389,57.6416063997922,51.6068636321907,58.7352519351371,54.9824353078232,95.082813615621,36.7177207889779,182.129811665547,86.9157329610709,61.7948865884696,60.515253789717,54.9316304280535
49.8176834188694,49.7702365341099,58.8931951884588,50.166964808697,179.581528244976,36.1826601026823,65.4884356381797,206.109768568154,161.267448138547,82.4356532138013,92.188008559086,182.430735239604,61.6904272782504,82.2653103808389,57.6416063997922,51.6068636321907,58.7352519351371,54.9824353078232,95.082813615621,36.7177207889779,182.129811665547,86.9157329610709,61.7948865884696,60.515253789717,54.9316304280535
49.8176834188694,49.7702365341099,58.8931951884588,50.166964808697,179.581528244976,36.1826601026823,65.4884356381797,206.109768568154,161.267448138547,82.4356532138013,92.188008559086,182.430735239604,61.6904272782504,82.2653103808389,57.6416063997922,51.6068636321907,58.7352519351371,54.9824353078232,95.082813615621,36.7177207889779,182.129811665547,86.9157329610709,61.7948865884696,60.515253789717,54.9316304280535
49.8176834188694,49.7702365341099,58.8931951884588,50.166964808697,179.581528244976,36.1826601026823,65.4884356381797,206.109768568154,161.267448138547,82.4356532138013,92.188008559086,182.430735239604,61.6904272782504,82.2653103808389,57.6416063997922,51.6068636321907,58.7352519351371,54.9824353078232,95.082813615621,36.7177207889779,182.129811665547,86.9157329610709,61.7948865884696,60.515253789717,54.9316304280535
49.8176834188694,49.7702365341099,58.8931951884588,50.166964808697,179.581528244976,36.1826601026823,65.4884356381797,206.109768568154,161.267448138547,82.4356532138013,92.188008559086,182.430735239604,61.6904272782504,82.2653103808389,57.6416063997922,51.6068636321907,58.7352519351371,54.9824353078232,95.082813615621,36.7177207889779,182.129811665547,86.9157329610709,61.7948865884696,60.515253789717,54.9316304280535
49.8176834188694,49.7702365341099,58.8931951884588,50.166964808697,179.581528244976,36.1826601026823,65.4884356381797,206.109768568154,161.267448138547,82.4356532138013,92.188008559086,182.430735239604,61.6904272782504,82.2653103808389,57.6416063997922,51.6068636321907,58.7352519351371,54.9824353078232,95.082813615621,36.7177207889779,182.129811665547,86.9157329610709,61.7948865884696,60.515253789717,54.9316304280535
49.8176834188694,49.7702365341099,58.8931951884588,50.166964808697,179.581528244976,36.1826601026823,65.4884356381797,206.109768568154,161.267448138547,82.4356532138013,92.188008559086,182.430735239604,61.6904272782504,82.2653103808389,57.6416063997922,51.6068636321907,58.7352519351371,54.9824353078232,95.082813615621,36.7177207889779,182.129811665547,86.9157329610709,61.7948865884696,60.515253789717,54.9316304280535
49.8176834188694,49.7702365341099,58.8931951884588,50.166964808697,179.581528244976,36.1826601026823,65.4884356381797,206.109768568154,161.267448138547,82.4356532138013,92.188008559086,182.430735239604,61.6904272782504,82.2653103808389,57.6416063997922,51.6068636321907,58.7352519351371,54.9824353078232,95.082813615621,36.7177207889779,182.129811665547,86.9157329610709,61.7948865884696,60.515253789717,54.9316304280535
49.8176834188694,49.7702365341099,58.8931951884588,50.166964808697,179.581528244976,36.1826601026823,65.4884356381797,206.109768568154,161.267448138547,82.4356532138013,92.188008559086,182.430735239604,61.6904272782504,82.2653103808389,57.6416063997922,51.6068636321907,58.7352519351371,54.9824353078232,95.082813615621,36.7177207889779,182.129811665547,86.9157329610709,61.7948865884696,60.515253789717,54.9316304280535
49.8176834188694,49.7702365341099,58.8931951884588,50.166964808697,179.581528244976,36.1826601026823,65.4884356381797,206.109768568154,161.267448138547,82.4356532138013,92.188008559086,182.430735239604,61.6904272782504,82.2653103808389,57.6416063997922,51.6068636321907,58.7352519351371,54.9824353078232,95.082813615621,36.7177207889779,182.129811665547,86.9157329610709,61.7948865884696,60.515253789717,54.9316304280535
49.8176834188694,49.7702365341099,58.8931951884588,50.166964808697,179.581528244976,36.1826601026823,65.4884356381797,206.109768568154,161.267448138547,82.4356532138013,92.188008559086,182.430735239604,61.6904272782504,82.2653103808389,57.6416063997922,51.6068636321907,58.7352519351371,54.9824353078232,95.082813615621,36.7177207889779,182.129811665547,86.9157329610709,61.7948865884696,60.515253789717,54.9316304280535
49.8176834188694,49.7702365341099,58.8931951884588,50.166964808697,179.581528244976,36.1826601026823,65.4884356381797,206.109768568154,161.267448138547,82.4356532138013,92.188008559086,182.430735239604,61.6904272782504,82.2653103808389,57.6416063997922,51.6068636321907,58.7352519351371,54.9824353078232,95.082813615621,36.7177207889779,182.129811665547,86.9157329610709,61.7948865884696,60.515253789717,54.9316304280535
49.8176834188694,49.7702365341099,58.8931951884588,50.166964808697,179.581528244976,36.1826601026823,65.4884356381797,206.109768568154,161.267448138547,82.4356532138013,92.188008559086,182.430735239604,61.6904272782504,82.2653103808389,57.6416063997922,51.6068636321907,58.7352519351371,54.9824353078232,95.082813615621,36.7177207889779,182.129811665547,86.9157329610709,61.7948865884696,60.515253789717,54.9316304280535
49.8176834188694,49.7702365341099,58.8931951884588,50.166964808697,179.581528244976,36.1826601026823,65.4884356381797,206.109768568154,161.267448138547,82.4356532138013,92.188008559086,182.430735239604,61.6904272782504,82.2653103808389,57.6416063997922,51.6068636321907,58.7352519351371,54.9824353078232,95.082813615621,36.7177207889779,182.129811665547,86.9157329610709,61.7948865884696,60.515253789717,54.9316304280535
49.8176834188694,49.7702365341099,58.8931951884588,50.166964808697,179.581528244976,36.1826601026823,65.4884356381797,206.109768568154,161.267448138547,82.4356532138013,92.188008559086,182.430735239604,61.6904272782504,82.2653103808389,57.6416063997922,51.6068636321907,58.7352519351371,54.9824353078232,95.082813615621,36.7177207889779,182.129811665547,86.9157329610709,61.7948865884696,60.515253789717,54.9316304280535
49.8176834188694,49.7702365341099,58.8931951884588,50.166964808697,179.581528244976,36.1826601026823,65.4884356381797,206.109768568154,161.267448138547,82.4356532138013,92.188008559086,182.430735239604,61.6904272782504,82.2653103808389,57.6416063997922,51.6068636321907,58.7352519351371,54.9824353078232,95.082813615621,36.7177207889779,182.129811665547,86.9157329610709,61.7948865884696,60.515253789717,54.9316304280535
49.8176834188694,49.7702365341099,58.8931951884588,50.166964808697,179.581528244976,36.1826601026823,65.4884356381797,206.109768568154,161.267448138547,82.4356532138013,92.188008559086,182.430735239604,61.6904272782504,82.2653103808389,57.6416063997922,51.6068636321907,58.7352519351371,54.9824353078232,95.082813615621,36.7177207889779,182.129811665547,86.9157329610709,61.7948865884696,60.515253789717,54.9316304280535
49.8176834188694,49.7702365341099,58.8931951884588,50.166964808697,179.581528244976,36.1826601026823,65.4884356381797,206.109768568154,161.267448138547,82.4356532138013,92.188008559086,182.430735239604,61.6904272782504,82.2653103808389,57.6416063997922,51.6068636321907,58.7352519351371,54.9824353078232,95.082813615621,36.7177207889779,182.129811665547,86.9157329610709,61.7948865884696,60.515253789717,54.9316304280535
49.8176834188694,49.7702365341099,58.8931951884588,50.166964808697,179.581528244976,36.1826601026823,65.4884356381797,206.109768568154,161.267448138547,82.4356532138013,92.188008559086,182.430735239604,61.6904272782504,82.2653103808389,57.6416063997922,51.6068636321907,58.7352519351371,54.9824353078232,95.082813615621,36.7177207889779,182.129811665547,86.9157329610709,61.7948865884696,60.515253789717,54.9316304280535
49.8176834188694,49.7702365341099,58.8931951884588,50.166964808697,179.581528244976,36.1826601026823,65.4884356381797,206.109768568154,161.267448138547,82.4356532138013,92.188008559086,182.430735239604,61.6904272782504,82.2653103808389,57.6416063997922,51.6068636321907,58.7352519351371,54.9824353078232,95.082813615621,36.7177207889779,182.129811665547,86.9157329610709,61.7948865884696,60.515253789717,54.9316304280535
49.8176834188694,49.7702365341099,58.8931951884588,50.166964808697,179.581528244976,36.1826601026823,65.4884356381797,206.109768568154,161.267448138547,82.4356532138013,92.188008559086,182.430735239604,61.6904272782504,82.2653103808389,57.6416063997922,51.6068636321907,58.7352519351371,54.9824353078232,95.082813615621,36.7177207889779,182.129811665547,86.9157329610709,61.7948865884696,60.515253789717,54.9316304280535
49.8176834188694,49.7702365341099,58.8931951884588,50.166964808697,179.581528244976,36.1826601026823,65.4884356381797,206.109768568154,161.267448138547,82.4356532138013,92.188008559086,182.430735239604,61.6904272782504,82.2653103808389,57.6416063997922,51.6068636321907,58.7352519351371,54.9824353078232,95.082813615621,36.7177207889779,182.129811665547,86.9157329610709,61.7948865884696,60.515253789717,54.9316304280535
49.8176834188694,49.7702365341099,58.8931951884588,50.166964808697,179.581528244976,36.1826601026823,65.4884356381797,206.109768568154,161.267448138547,82.4356532138013,92.188008559086,182.430735239604,61.6904272782504,82.2653103808389,57.6416063997922,51.6068636321907,58.7352519351371,54.9824353078232,95.082813615621,36.7177207889779,182.129811665547,86.9157329610709,61.7948865884696,60.515253789717,54.9316304280535
49.8176834188694,49.7702365341099,58.8931951884588,50.166964808697,179.581528244976,36.1826601026823,65.4884356381797,206.109768568154,161.267448138547,82.4356532138013,92.188008559086,182.430735239604,61.6904272782504,82.2653103808389,57.6416063997922,51.6068636321907,58.7352519351371,54.9824353078232,95.082813615621,36.7177207889779,182.129811665547,86.9157329610709,61.7948865884696,60.515253789717,54.9316304280535
49.8176834188694,49.7702365341099,58.8931951884588,50.166964808697,179.581528244976,36.1826601026823,65.4884356381797,206.109768568154,161.267448138547,82.4356532138013,92.188008559086,182.430735239604,61.6904272782504,82.2653103808389,57.6416063997922,51.6068636321907,58.7352519351371,54.9824353078232,95.082813615621,36.7177207889779,182.129811665547,86.9157329610709,61.7948865884696,60.515253789717,54.9316304280535
49.8176834188694,49.7702365341099,58.8931951884588,50.166964808697,179.581528244976,36.1826601026823,65.4884356381797,206.109768568154,161.267448138547,82.4356532138013,92.188008559086,182.430735239604,61.6904272782504,82.2653103808389,57.6416063997922,51.6068636321907,58.7352519351371,54.9824353078232,95.082813615621,36.7177207889779,182.129811665547,86.9157329610709,61.7948865884696,60.515253789717,54.9316304280535
49.8176834188694,49.7702365341099,58.8931951884588,50.166964808697,179.581528244976,36.1826601026823,65.4884356381797,206.109768568154,161.267448138547,82.4356532138013,92.188008559086,182.430735239604,61.6904272782504,82.2653103808389,57.6416063997922,51.6068636321907,58.7352519351371,54.9824353078232,95.082813615621,36.7177207889779,182.129811665547,86.9157329610709,61.7948865884696,60.515253789717,54.9316304280535
49.8176834188694,49.7702365341099,58.8931951884588,50.166964808697,179.581528244976,36.1826601026823,65.4884356381797,206.109768568154,161.267448138547,82.4356532138013,92.188008559086,182.430735239604,61.6904272782504,82.2653103808389,57.6416063997922,51.6068636321907,58.7352519351371,54.9824353078232,95.082813615621,36.7177207889779,182.129811665547,86.9157329610709,61.7948865884696,60.515253789717,54.9316304280535
49.8176834188694,49.7702365341099,58.8931951884588,50.166964808697,179.581528244976,36.1826601026823,65.4884356381797,206.109768568154,161.267448138547,82.4356532138013,92.188008559086,182.430735239604,61.6904272782504,82.2653103808389,57.6416063997922,51.6068636321907,58.7352519351371,54.9824353078232,95.082813615621,36.7177207889779,182.129811665547,86.9157329610709,61.7948865884696,60.515253789717,54.9316304280535
49.8176834188694,49.7702365341099,58.8931951884588,50.166964808697,179.581528244976,36.1826601026823,65.4884356381797,206.109768568154,161.267448138547,82.4356532138013,92.188008559086,182.430735239604,61.6904272782504,82.2653103808389,57.6416063997922,51.6068636321907,58.7352519351371,54.9824353078232,95.082813615621,36.7177207889779,182.129811665547,86.9157329610709,61.7948865884696,60.515253789717,54.9316304280535
49.8176834188694,49.7702365341099,58.8931951884588,50.166964808697,179.581528244976,36.1826601026823,65.4884356381797,206.109768568154,161.267448138547,82.4356532138013,92.188008559086,182.430735239604,61.6904272782504,82.2653103808389,57.6416063997922,51.6068636321907,58.7352519351371,54.9824353078232,95.082813615621,36.7177207889779,182.129811665547,86.9157329610709,61.7948865884696,60.515253789717,54.9316304280535
49.8176834188694,49.7702365341099,58.8931951884588,50.166964808697,179.581528244976,36.1826601026823,65.4884356381797,206.109768568154,161.267448138547,82.4356532138013,92.188008559086,182.430735239604,61.6904272782504,82.2653103808389,57.6416063997922,51.6068636321907,58.7352519351371,54.9824353078232,95.082813615621,36.7177207889779,182.129811665547,86.9157329610709,61.7948865884696,60.515253789717,54.9316304280535
49.8176834188694,49.7702365341099,58.8931951884588,50.166964808697,179.581528244976,36.1826601026823,65.4884356381797,206.109768568154,161.267448138547,82.4356532138013,92.188008559086,182.430735239604,61.6904272782504,82.2653103808389,57.6416063997922,51.6068636321907,58.7352519351371,54.9824353078232,95.082813615621,36.7177207889779,182.129811665547,86.9157329610709,61.7948865884696,60.515253789717,54.9316304280535
49.8176834188694,49.7702365341099,58.8931951884588,50.166964808697,179.581528244976,36.1826601026823,65.4884356381797,206.109768568154,161.267448138547,82.4356532138013,92.188008559086,182.430735239604,61.6904272782504,82.2653103808389,57.6416063997922,51.6068636321907,58.7352519351371,54.9824353078232,95.082813615621,36.7177207889779,182.129811665547,86.9157329610709,61.7948865884696,60.515253789717,54.9316304280535
49.8176834188694,49.7702365341099,58.8931951884588,50.166964808697,179.581528244976,36.1826601026823,65.4884356381797,206.109768568154,161.267448138547,82.4356532138013,92.188008559086,182.430735239604,61.6904272782504,82.2653103808389,57.6416063997922,51.6068636321907,58.7352519351371,54.9824353078232,95.082813615621,36.7177207889779,182.129811665547,86.9157329610709,61.7948865884696,60.515253789717,54.9316304280535
49.8176834188694,49.7702365341099,58.8931951884588,50.166964808697,179.581528244976,36.1826601026823,65.4884356381797,206.109768568154,161.267448138547,82.4356532138013,92.188008559086,182.430735239604,61.6904272782504,82.2653103808389,57.6416063997922,51.6068636321907,58.7352519351371,54.9824353078232,95.082813615621,36.7177207889779,182.129811665547,86.9157329610709,61.7948865884696,60.515253789717,54.9316304280535
49.8176834188694,49.7702365341099,58.8931951884588,50.166964808697,179.581528244976,36.1826601026823,65.4884356381797,206.109768568154,161.267448138547,82.4356532138013,92.188008559086,182.430735239604,61.6904272782504,82.2653103808389,57.6416063997922,51.6068636321907,58.7352519351371,54.9824353078232,95.082813615621,36.7177207889779,182.129811665547,86.9157329610709,61.7948865884696,60.515253789717,54.9316304280535
49.8176834188694,49.7702365341099,58.8931951884588,50.166964808697,179.581528244976,36.1826601026823,65.4884356381797,206.109768568154,161.267448138547,82.4356532138013,92.188008559086,182.430735239604,61.6904272782504,82.2653103808389,57.6416063997922,51.6068636321907,58.7352519351371,54.9824353078232,95.082813615621,36.7177207889779,182.129811665547,86.9157329610709,61.7948865884696,60.515253789717,54.9316304280535
49.8176834188694,49.7702365341099,58.8931951884588,50.166964808697,179.581528244976,36.1826601026823,65.4884356381797,206.109768568154,161.267448138547,82.4356532138013,92.188008559086,182.430735239604,61.6904272782504,82.2653103808389,57.6416063997922,51.6068636321907,58.7352519351371,54.9824353078232,95.082813615621,36.7177207889779,182.129811665547,86.9157329610709,61.7948865884696,60.515253789717,54.9316304280535
49.8176834188694,49.7702365341099,58.8931951884588,50.166964808697,179.581528244976,36.1826601026823,65.4884356381797,206.109768568154,161.267448138547,82.4356532138013,92.188008559086,182.430735239604,61.6904272782504,82.2653103808389,57.6416063997922,51.6068636321907,58.7352519351371,54.9824353078232,95.082813615621,36.7177207889779,182.129811665547,86.9157329610709,61.7948865884696,60.515253789717,54.9316304280535
49.8176834188694,49.7702365341099,58.8931951884588,50.166964808697,179.581528244976,36.1826601026823,65.4884356381797,206.109768568154,161.267448138547,82.4356532138013,92.188008559086,182.430735239604,61.6904272782504,82.2653103808389,57.6416063997922,51.6068636321907,58.7352519351371,54.9824353078232,95.082813615621,36.7177207889779,182.129811665547,86.9157329610709,61.7948865884696,60.515253789717,54.9316304280535
49.8176834188694,49.7702365341099,58.8931951884588,50.166964808697,179.581528244976,36.1826601026823,65.4884356381797,206.109768568154,161.267448138547,82.4356532138013,92.188008559086,182.430735239604,61.6904272782504,82.2653103808389,57.6416063997922,51.6068636321907,58.7352519351371,54.9824353078232,95.082813615621,36.7177207889779,182.129811665547,86.9157329610709,61.7948865884696,60.515253789717,54.9316304280535
49.8176834188694,49.7702365341099,58.8931951884588,50.166964808697,179.581528244976,36.1826601026823,65.4884356381797,206.109768568154,161.267448138547,82.4356532138013,92.188008559086,182.430735239604,61.6904272782504,82.2653103808389,57.6416063997922,51.6068636321907,58.7352519351371,54.9824353078232,95.082813615621,36.7177207889779,182.129811665547,86.9157329610709,61.7948865884696,60.515253789717,54.9316304280535
49.8176834188694,49.7702365341099,58.8931951884588,50.166964808697,179.581528244976,36.1826601026823,65.4884356381797,206.109768568154,161.267448138547,82.4356532138013,92.188008559086,182.430735239604,61.6904272782504,82.2653103808389,57.6416063997922,51.6068636321907,58.7352519351371,54.9824353078232,95.082813615621,36.7177207889779,182.129811665547,86.9157329610709,61.7948865884696,60.515253789717,54.9316304280535
49.8176834188694,49.7702365341099,58.8931951884588,50.166964808697,179.581528244976,36.1826601026823,65.4884356381797,206.109768568154,161.267448138547,82.4356532138013,92.188008559086,182.430735239604,61.6904272782504,82.2653103808389,57.6416063997922,51.6068636321907,58.7352519351371,54.9824353078232,95.082813615621,36.7177207889779,182.129811665547,86.9157329610709,61.7948865884696,60.515253789717,54.9316304280535
49.8176834188694,49.7702365341099,58.8931951884588,50.166964808697,179.581528244976,36.1826601026823,65.4884356381797,206.109768568154,161.267448138547,82.4356532138013,92.188008559086,182.430735239604,61.6904272782504,82.2653103808389,57.6416063997922,51.6068636321907,58.7352519351371,54.9824353078232,95.082813615621,36.7177207889779,182.129811665547,86.9157329610709,61.7948865884696,60.515253789717,54.9316304280535
49.8176834188694,49.7702365341099,58.8931951884588,50.166964808697,179.581528244976,36.1826601026823,65.4884356381797,206.109768568154,161.267448138547,82.4356532138013,92.188008559086,182.430735239604,61.6904272782504,82.2653103808389,57.6416063997922,51.6068636321907,58.7352519351371,54.9824353078232,95.082813615621,36.7177207889779,182.129811665547,86.9157329610709,61.7948865884696,60.515253789717,54.9316304280535
49.8176834188694,49.7702365341099,58.8931951884588,50.166964808697,179.581528244976,36.1826601026823,65.4884356381797,206.109768568154,161.267448138547,82.4356532138013,92.188008559086,182.430735239604,61.6904272782504,82.2653103808389,57.6416063997922,51.6068636321907,58.7352519351371,54.9824353078232,95.082813615621,36.7177207889779,182.129811665547,86.9157329610709,61.7948865884696,60.515253789717,54.9316304280535
49.8176834188694,49.7702365341099,58.8931951884588,50.166964808697,179.581528244976,36.1826601026823,65.4884356381797,206.109768568154,161.267448138547,82.4356532138013,92.188008559086,182.430735239604,61.6904272782504,82.2653103808389,57.6416063997922,51.6068636321907,58.7352519351371,54.9824353078232,95.082813615621,36.7177207889779,182.129811665547,86.9157329610709,61.7948865884696,60.515253789717,54.9316304280535
49.8176834188694,49.7702365341099,58.8931951884588,50.166964808697,179.581528244976,36.1826601026823,65.4884356381797,206.109768568154,161.267448138547,82.4356532138013,92.188008559086,182.430735239604,61.6904272782504,82.2653103808389,57.6416063997922,51.6068636321907,58.7352519351371,54.9824353078232,95.082813615621,36.7177207889779,182.129811665547,86.9157329610709,61.7948865884696,60.515253789717,54.9316304280535
49.8176834188694,49.7702365341099,58.8931951884588,50.166964808697,179.581528244976,36.1826601026823,65.4884356381797,206.109768568154,161.267448138547,82.4356532138013,92.188008559086,182.430735239604,61.6904272782504,82.2653103808389,57.6416063997922,51.6068636321907,58.7352519351371,54.9824353078232,95.082813615621,36.7177207889779,182.129811665547,86.9157329610709,61.7948865884696,60.515253789717,54.9316304280535
49.8176834188694,49.7702365341099,58.8931951884588,50.166964808697,179.581528244976,36.1826601026823,65.4884356381797,206.109768568154,161.267448138547,82.4356532138013,92.188008559086,182.430735239604,61.6904272782504,82.2653103808389,57.6416063997922,51.6068636321907,58.7352519351371,54.9824353078232,95.082813615621,36.7177207889779,182.129811665547,86.9157329610709,61.7948865884696,60.515253789717,54.9316304280535
49.8176834188694,49.7702365341099,58.8931951884588,50.166964808697,179.581528244976,36.1826601026823,65.4884356381797,206.109768568154,161.267448138547,82.4356532138013,92.188008559086,182.430735239604,61.6904272782504,82.2653103808389,57.6416063997922,51.6068636321907,58.7352519351371,54.9824353078232,95.082813615621,36.7177207889779,182.129811665547,86.9157329610709,61.7948865884696,60.515253789717,54.9316304280535
49.8176834188694,49.7702365341099,58.8931951884588,50.166964808697,179.581528244976,36.1826601026823,65.4884356381797,206.109768568154,161.267448138547,82.4356532138013,92.188008559086,182.430735239604,61.6904272782504,82.2653103808389,57.6416063997922,51.6068636321907,58.7352519351371,54.9824353078232,95.082813615621,36.7177207889779,182.129811665547,86.9157329610709,61.7948865884696,60.515253789717,54.9316304280535
49.8176834188694,49.7702365341099,58.8931951884588,50.166964808697,179.581528244976,36.1826601026823,65.4884356381797,206.109768568154,161.267448138547,82.4356532138013,92.188008559086,182.430735239604,61.6904272782504,82.2653103808389,57.6416063997922,51.6068636321907,58.7352519351371,54.9824353078232,95.082813615621,36.7177207889779,182.129811665547,86.9157329610709,61.7948865884696,60.515253789717,54.9316304280535
49.8176834188694,49.7702365341099,58.8931951884588,50.166964808697,179.581528244976,36.1826601026823,65.4884356381797,206.109768568154,161.267448138547,82.4356532138013,92.188008559086,182.430735239604,61.6904272782504,82.2653103808389,57.6416063997922,51.6068636321907,58.7352519351371,54.9824353078232,95.082813615621,36.7177207889779,182.129811665547,86.9157329610709,61.7948865884696,60.515253789717,54.9316304280535
49.8176834188694,49.7702365341099,58.8931951884588,50.166964808697,179.581528244976,36.1826601026823,65.4884356381797,206.109768568154,161.267448138547,82.4356532138013,92.188008559086,182.430735239604,61.6904272782504,82.2653103808389,57.6416063997922,51.6068636321907,58.7352519351371,54.9824353078232,95.082813615621,36.7177207889779,182.129811665547,86.9157329610709,61.7948865884696,60.515253789717,54.9316304280535
49.8176834188694,49.7702365341099,58.8931951884588,50.166964808697,179.581528244976,36.1826601026823,65.4884356381797,206.109768568154,161.267448138547,82.4356532138013,92.188008559086,182.430735239604,61.6904272782504,82.2653103808389,57.6416063997922,51.6068636321907,58.7352519351371,54.9824353078232,95.082813615621,36.7177207889779,182.129811665547,86.9157329610709,61.7948865884696,60.515253789717,54.9316304280535
49.8176834188694,49.7702365341099,58.8931951884588,50.166964808697,179.581528244976,36.1826601026823,65.4884356381797,206.109768568154,161.267448138547,82.4356532138013,92.188008559086,182.430735239604,61.6904272782504,82.2653103808389,57.6416063997922,51.6068636321907,58.7352519351371,54.9824353078232,95.082813615621,36.7177207889779,182.129811665547,86.9157329610709,61.7948865884696,60.515253789717,54.9316304280535
49.8176834188694,49.7702365341099,58.8931951884588,50.166964808697,179.581528244976,36.1826601026823,65.4884356381797,206.109768568154,161.267448138547,82.4356532138013,92.188008559086,182.430735239604,61.6904272782504,82.2653103808389,57.6416063997922,51.6068636321907,58.7352519351371,54.9824353078232,95.082813615621,36.7177207889779,182.129811665547,86.9157329610709,61.7948865884696,60.515253789717,54.9316304280535
49.8176834188694,49.7702365341099,58.8931951884588,50.166964808697,179.581528244976,36.1826601026823,65.4884356381797,206.109768568154,161.267448138547,82.4356532138013,92.188008559086,182.430735239604,61.6904272782504,82.2653103808389,57.6416063997922,51.6068636321907,58.7352519351371,54.9824353078232,95.082813615621,36.7177207889779,182.129811665547,86.9157329610709,61.7948865884696,60.515253789717,54.9316304280535
49.8176834188694,49.7702365341099,58.8931951884588,50.166964808697,179.581528244976,36.1826601026823,65.4884356381797,206.109768568154,161.267448138547,82.4356532138013,92.188008559086,182.430735239604,61.6904272782504,82.2653103808389,57.6416063997922,51.6068636321907,58.7352519351371,54.9824353078232,95.082813615621,36.7177207889779,182.129811665547,86.9157329610709,61.7948865884696,60.515253789717,54.9316304280535
49.8176834188694,49.7702365341099,58.8931951884588,50.166964808697,179.581528244976,36.1826601026823,65.4884356381797,206.109768568154,161.267448138547,82.4356532138013,92.188008559086,182.430735239604,61.6904272782504,82.2653103808389,57.6416063997922,51.6068636321907,58.7352519351371,54.9824353078232,95.082813615621,36.7177207889779,182.129811665547,86.9157329610709,61.7948865884696,60.515253789717,54.9316304280535
49.8176834188694,49.7702365341099,58.8931951884588,50.166964808697,179.581528244976,36.1826601026823,65.4884356381797,206.109768568154,161.267448138547,82.4356532138013,92.188008559086,182.430735239604,61.6904272782504,82.2653103808389,57.6416063997922,51.6068636321907,58.7352519351371,54.9824353078232,95.082813615621,36.7177207889779,182.129811665547,86.9157329610709,61.7948865884696,60.515253789717,54.9316304280535
49.8176834188694,49.7702365341099,58.8931951884588,50.166964808697,179.581528244976,36.1826601026823,65.4884356381797,206.109768568154,161.267448138547,82.4356532138013,92.188008559086,182.430735239604,61.6904272782504,82.2653103808389,57.6416063997922,51.6068636321907,58.7352519351371,54.9824353078232,95.082813615621,36.7177207889779,182.129811665547,86.9157329610709,61.7948865884696,60.515253789717,54.9316304280535
49.8176834188694,49.7702365341099,58.8931951884588,50.166964808697,179.581528244976,36.1826601026823,65.4884356381797,206.109768568154,161.267448138547,82.4356532138013,92.188008559086,182.430735239604,61.6904272782504,82.2653103808389,57.6416063997922,51.6068636321907,58.7352519351371,54.9824353078232,95.082813615621,36.7177207889779,182.129811665547,86.9157329610709,61.7948865884696,60.515253789717,54.9316304280535
49.8176834188694,49.7702365341099,58.8931951884588,50.166964808697,179.581528244976,36.1826601026823,65.4884356381797,206.109768568154,161.267448138547,82.4356532138013,92.188008559086,182.430735239604,61.6904272782504,82.2653103808389,57.6416063997922,51.6068636321907,58.7352519351371,54.9824353078232,95.082813615621,36.7177207889779,182.129811665547,86.9157329610709,61.7948865884696,60.515253789717,54.9316304280535
49.8176834188694,49.7702365341099,58.8931951884588,50.166964808697,179.581528244976,36.1826601026823,65.4884356381797,206.109768568154,161.267448138547,82.4356532138013,92.188008559086,182.430735239604,61.6904272782504,82.2653103808389,57.6416063997922,51.6068636321907,58.7352519351371,54.9824353078232,95.082813615621,36.7177207889779,182.129811665547,86.9157329610709,61.7948865884696,60.515253789717,54.9316304280535
49.8176834188694,49.7702365341099,58.8931951884588,50.166964808697,179.581528244976,36.1826601026823,65.4884356381797,206.109768568154,161.267448138547,82.4356532138013,92.188008559086,182.430735239604,61.6904272782504,82.2653103808389,57.6416063997922,51.6068636321907,58.7352519351371,54.9824353078232,95.082813615621,36.7177207889779,182.129811665547,86.9157329610709,61.7948865884696,60.515253789717,54.9316304280535
49.8176834188694,49.7702365341099,58.8931951884588,50.166964808697,179.581528244976,36.1826601026823,65.4884356381797,206.109768568154,161.267448138547,82.4356532138013,92.188008559086,182.430735239604,61.6904272782504,82.2653103808389,57.6416063997922,51.6068636321907,58.7352519351371,54.9824353078232,95.082813615621,36.7177207889779,182.129811665547,86.9157329610709,61.7948865884696,60.515253789717,54.9316304280535
49.8176834188694,49.7702365341099,58.8931951884588,50.166964808697,179.581528244976,36.1826601026823,65.4884356381797,206.109768568154,161.267448138547,82.4356532138013,92.188008559086,182.430735239604,61.6904272782504,82.2653103808389,57.6416063997922,51.6068636321907,58.7352519351371,54.9824353078232,95.082813615621,36.7177207889779,182.129811665547,86.9157329610709,61.7948865884696,60.515253789717,54.9316304280535
49.8176834188694,49.7702365341099,58.8931951884588,50.166964808697,179.581528244976,36.1826601026823,65.4884356381797,206.109768568154,161.267448138547,82.4356532138013,92.188008559086,182.430735239604,61.6904272782504,82.2653103808389,57.6416063997922,51.6068636321907,58.7352519351371,54.9824353078232,95.082813615621,36.7177207889779,182.129811665547,86.9157329610709,61.7948865884696,60.515253789717,54.9316304280535
49.8176834188694,49.7702365341099,58.8931951884588,50.166964808697,179.581528244976,36.1826601026823,65.4884356381797,206.109768568154,161.267448138547,82.4356532138013,92.188008559086,182.430735239604,61.6904272782504,82.2653103808389,57.6416063997922,51.6068636321907,58.7352519351371,54.9824353078232,95.082813615621,36.7177207889779,182.129811665547,86.9157329610709,61.7948865884696,60.515253789717,54.9316304280535
49.8176834188694,49.7702365341099,58.8931951884588,50.166964808697,179.581528244976,36.1826601026823,65.4884356381797,206.109768568154,161.267448138547,82.4356532138013,92.188008559086,182.430735239604,61.6904272782504,82.2653103808389,57.6416063997922,51.6068636321907,58.7352519351371,54.9824353078232,95.082813615621,36.7177207889779,182.129811665547,86.9157329610709,61.7948865884696,60.515253789717,54.9316304280535
49.8176834188694,49.7702365341099,58.8931951884588,50.166964808697,179.581528244976,36.1826601026823,65.4884356381797,206.109768568154,161.267448138547,82.4356532138013,92.188008559086,182.430735239604,61.6904272782504,82.2653103808389,57.6416063997922,51.6068636321907,58.7352519351371,54.9824353078232,95.082813615621,36.7177207889779,182.129811665547,86.9157329610709,61.7948865884696,60.515253789717,54.9316304280535
49.8176834188694,49.7702365341099,58.8931951884588,50.166964808697,179.581528244976,36.1826601026823,65.4884356381797,206.109768568154,161.267448138547,82.4356532138013,92.188008559086,182.430735239604,61.6904272782504,82.2653103808389,57.6416063997922,51.6068636321907,58.7352519351371,54.9824353078232,95.082813615621,36.7177207889779,182.129811665547,86.9157329610709,61.7948865884696,60.515253789717,54.9316304280535
49.8176834188694,49.7702365341099,58.8931951884588,50.166964808697,179.581528244976,36.1826601026823,65.4884356381797,206.109768568154,161.267448138547,82.4356532138013,92.188008559086,182.430735239604,61.6904272782504,82.2653103808389,57.6416063997922,51.6068636321907,58.7352519351371,54.9824353078232,95.082813615621,36.7177207889779,182.129811665547,86.9157329610709,61.7948865884696,60.515253789717,54.9316304280535
49.8176834188694,49.7702365341099,58.8931951884588,50.166964808697,179.581528244976,36.1826601026823,65.4884356381797,206.109768568154,161.267448138547,82.4356532138013,92.188008559086,182.430735239604,61.6904272782504,82.2653103808389,57.6416063997922,51.6068636321907,58.7352519351371,54.9824353078232,95.082813615621,36.7177207889779,182.129811665547,86.9157329610709,61.7948865884696,60.515253789717,54.9316304280535
49.8176834188694,49.7702365341099,58.8931951884588,50.166964808697,179.581528244976,36.1826601026823,65.4884356381797,206.109768568154,161.267448138547,82.4356532138013,92.188008559086,182.430735239604,61.6904272782504,82.2653103808389,57.6416063997922,51.6068636321907,58.7352519351371,54.9824353078232,95.082813615621,36.7177207889779,182.129811665547,86.9157329610709,61.7948865884696,60.515253789717,54.9316304280535
49.8176834188694,49.7702365341099,58.8931951884588,50.166964808697,179.581528244976,36.1826601026823,65.4884356381797,206.109768568154,161.267448138547,82.4356532138013,92.188008559086,182.430735239604,61.6904272782504,82.2653103808389,57.6416063997922,51.6068636321907,58.7352519351371,54.9824353078232,95.082813615621,36.7177207889779,182.129811665547,86.9157329610709,61.7948865884696,60.515253789717,54.9316304280535
49.8176834188694,49.7702365341099,58.8931951884588,50.166964808697,179.581528244976,36.1826601026823,65.4884356381797,206.109768568154,161.267448138547,82.4356532138013,92.188008559086,182.430735239604,61.6904272782504,82.2653103808389,57.6416063997922,51.6068636321907,58.7352519351371,54.9824353078232,95.082813615621,36.7177207889779,182.129811665547,86.9157329610709,61.7948865884696,60.515253789717,54.9316304280535
49.8176834188694,49.7702365341099,58.8931951884588,50.166964808697,179.581528244976,36.1826601026823,65.4884356381797,206.109768568154,161.267448138547,82.4356532138013,92.188008559086,182.430735239604,61.6904272782504,82.2653103808389,57.6416063997922,51.6068636321907,58.7352519351371,54.9824353078232,95.082813615621,36.7177207889779,182.129811665547,86.9157329610709,61.7948865884696,60.515253789717,54.9316304280535
49.8176834188694,49.7702365341099,58.8931951884588,50.166964808697,179.581528244976,36.1826601026823,65.4884356381797,206.109768568154,161.267448138547,82.4356532138013,92.188008559086,182.430735239604,61.6904272782504,82.2653103808389,57.6416063997922,51.6068636321907,58.7352519351371,54.9824353078232,95.082813615621,36.7177207889779,182.129811665547,86.9157329610709,61.7948865884696,60.515253789717,54.9316304280535
49.8176834188694,49.7702365341099,58.8931951884588,50.166964808697,179.581528244976,36.1826601026823,65.4884356381797,206.109768568154,161.267448138547,82.4356532138013,92.188008559086,182.430735239604,61.6904272782504,82.2653103808389,57.6416063997922,51.6068636321907,58.7352519351371,54.9824353078232,95.082813615621,36.7177207889779,182.129811665547,86.9157329610709,61.7948865884696,60.515253789717,54.9316304280535
49.8176834188694,49.7702365341099,58.8931951884588,50.166964808697,179.581528244976,36.1826601026823,65.4884356381797,206.109768568154,161.267448138547,82.4356532138013,92.188008559086,182.430735239604,61.6904272782504,82.2653103808389,57.6416063997922,51.6068636321907,58.7352519351371,54.9824353078232,95.082813615621,36.7177207889779,182.129811665547,86.9157329610709,61.7948865884696,60.515253789717,54.9316304280535
49.8176834188694,49.7702365341099,58.8931951884588,50.166964808697,179.581528244976,36.1826601026823,65.4884356381797,206.109768568154,161.267448138547,82.4356532138013,92.188008559086,182.430735239604,61.6904272782504,82.2653103808389,57.6416063997922,51.6068636321907,58.7352519351371,54.9824353078232,95.082813615621,36.7177207889779,182.129811665547,86.9157329610709,61.7948865884696,60.515253789717,54.9316304280535
49.8176834188694,49.7702365341099,58.8931951884588,50.166964808697,179.581528244976,36.1826601026823,65.4884356381797,206.109768568154,161.267448138547,82.4356532138013,92.188008559086,182.430735239604,61.6904272782504,82.2653103808389,57.6416063997922,51.6068636321907,58.7352519351371,54.9824353078232,95.082813615621,36.7177207889779,182.129811665547,86.9157329610709,61.7948865884696,60.515253789717,54.9316304280535
49.8176834188694,49.7702365341099,58.8931951884588,50.166964808697,179.581528244976,36.1826601026823,65.4884356381797,206.109768568154,161.267448138547,82.4356532138013,92.188008559086,182.430735239604,61.6904272782504,82.2653103808389,57.6416063997922,51.6068636321907,58.7352519351371,54.9824353078232,95.082813615621,36.7177207889779,182.129811665547,86.9157329610709,61.7948865884696,60.515253789717,54.9316304280535
49.8176834188694,49.7702365341099,58.8931951884588,50.166964808697,179.581528244976,36.1826601026823,65.4884356381797,206.109768568154,161.267448138547,82.4356532138013,92.188008559086,182.430735239604,61.6904272782504,82.2653103808389,57.6416063997922,51.6068636321907,58.7352519351371,54.9824353078232,95.082813615621,36.7177207889779,182.129811665547,86.9157329610709,61.7948865884696,60.515253789717,54.9316304280535
49.8176834188694,49.7702365341099,58.8931951884588,50.166964808697,179.581528244976,36.1826601026823,65.4884356381797,206.109768568154,161.267448138547,82.4356532138013,92.188008559086,182.430735239604,61.6904272782504,82.2653103808389,57.6416063997922,51.6068636321907,58.7352519351371,54.9824353078232,95.082813615621,36.7177207889779,182.129811665547,86.9157329610709,61.7948865884696,60.515253789717,54.9316304280535
49.8176834188694,49.7702365341099,58.8931951884588,50.166964808697,179.581528244976,36.1826601026823,65.4884356381797,206.109768568154,161.267448138547,82.4356532138013,92.188008559086,182.430735239604,61.6904272782504,82.2653103808389,57.6416063997922,51.6068636321907,58.7352519351371,54.9824353078232,95.082813615621,36.7177207889779,182.129811665547,86.9157329610709,61.7948865884696,60.515253789717,54.9316304280535
49.8176834188694,49.7702365341099,58.8931951884588,50.166964808697,179.581528244976,36.1826601026823,65.4884356381797,206.109768568154,161.267448138547,82.4356532138013,92.188008559086,182.430735239604,61.6904272782504,82.2653103808389,57.6416063997922,51.6068636321907,58.7352519351371,54.9824353078232,95.082813615621,36.7177207889779,182.129811665547,86.9157329610709,61.7948865884696,60.515253789717,54.9316304280535
49.8176834188694,49.7702365341099,58.8931951884588,50.166964808697,179.581528244976,36.1826601026823,65.4884356381797,206.109768568154,161.267448138547,82.4356532138013,92.188008559086,182.430735239604,61.6904272782504,82.2653103808389,57.6416063997922,51.6068636321907,58.7352519351371,54.9824353078232,95.082813615621,36.7177207889779,182.129811665547,86.9157329610709,61.7948865884696,60.515253789717,54.9316304280535
49.8176834188694,49.7702365341099,58.8931951884588,50.166964808697,179.581528244976,36.1826601026823,65.4884356381797,206.109768568154,161.267448138547,82.4356532138013,92.188008559086,182.430735239604,61.6904272782504,82.2653103808389,57.6416063997922,51.6068636321907,58.7352519351371,54.9824353078232,95.082813615621,36.7177207889779,182.129811665547,86.9157329610709,61.7948865884696,60.515253789717,54.9316304280535
49.8176834188694,49.7702365341099,58.8931951884588,50.166964808697,179.581528244976,36.1826601026823,65.4884356381797,206.109768568154,161.267448138547,82.4356532138013,92.188008559086,182.430735239604,61.6904272782504,82.2653103808389,57.6416063997922,51.6068636321907,58.7352519351371,54.9824353078232,95.082813615621,36.7177207889779,182.129811665547,86.9157329610709,61.7948865884696,60.515253789717,54.9316304280535
49.8176834188694,49.7702365341099,58.8931951884588,50.166964808697,179.581528244976,36.1826601026823,65.4884356381797,206.109768568154,161.267448138547,82.4356532138013,92.188008559086,182.430735239604,61.6904272782504,82.2653103808389,57.6416063997922,51.6068636321907,58.7352519351371,54.9824353078232,95.082813615621,36.7177207889779,182.129811665547,86.9157329610709,61.7948865884696,60.515253789717,54.9316304280535
49.8176834188694,49.7702365341099,58.8931951884588,50.166964808697,179.581528244976,36.1826601026823,65.4884356381797,206.109768568154,161.267448138547,82.4356532138013,92.188008559086,182.430735239604,61.6904272782504,82.2653103808389,57.6416063997922,51.6068636321907,58.7352519351371,54.9824353078232,95.082813615621,36.7177207889779,182.129811665547,86.9157329610709,61.7948865884696,60.515253789717,54.9316304280535
49.8176834188694,49.7702365341099,58.8931951884588,50.166964808697,179.581528244976,36.1826601026823,65.4884356381797,206.109768568154,161.267448138547,82.4356532138013,92.188008559086,182.430735239604,61.6904272782504,82.2653103808389,57.6416063997922,51.6068636321907,58.7352519351371,54.9824353078232,95.082813615621,36.7177207889779,182.129811665547,86.9157329610709,61.7948865884696,60.515253789717,54.9316304280535
49.8176834188694,49.7702365341099,58.8931951884588,50.166964808697,179.581528244976,36.1826601026823,65.4884356381797,206.109768568154,161.267448138547,82.4356532138013,92.188008559086,182.430735239604,61.6904272782504,82.2653103808389,57.6416063997922,51.6068636321907,58.7352519351371,54.9824353078232,95.082813615621,36.7177207889779,182.129811665547,86.9157329610709,61.7948865884696,60.515253789717,54.9316304280535
49.8176834188694,49.7702365341099,58.8931951884588,50.166964808697,179.581528244976,36.1826601026823,65.4884356381797,206.109768568154,161.267448138547,82.4356532138013,92.188008559086,182.430735239604,61.6904272782504,82.2653103808389,57.6416063997922,51.6068636321907,58.7352519351371,54.9824353078232,95.082813615621,36.7177207889779,182.129811665547,86.9157329610709,61.7948865884696,60.515253789717,54.9316304280535
49.8176834188694,49.7702365341099,58.8931951884588,50.166964808697,179.581528244976,36.1826601026823,65.4884356381797,206.109768568154,161.267448138547,82.4356532138013,92.188008559086,182.430735239604,61.6904272782504,82.2653103808389,57.6416063997922,51.6068636321907,58.7352519351371,54.9824353078232,95.082813615621,36.7177207889779,182.129811665547,86.9157329610709,61.7948865884696,60.515253789717,54.9316304280535
49.8176834188694,49.7702365341099,58.8931951884588,50.166964808697,179.581528244976,36.1826601026823,65.4884356381797,206.109768568154,161.267448138547,82.4356532138013,92.188008559086,182.430735239604,61.6904272782504,82.2653103808389,57.6416063997922,51.6068636321907,58.7352519351371,54.9824353078232,95.082813615621,36.7177207889779,182.129811665547,86.9157329610709,61.7948865884696,60.515253789717,54.9316304280535
49.8176834188694,49.7702365341099,58.8931951884588,50.166964808697,179.581528244976,36.1826601026823,65.4884356381797,206.109768568154,161.267448138547,82.4356532138013,92.188008559086,182.430735239604,61.6904272782504,82.2653103808389,57.6416063997922,51.6068636321907,58.7352519351371,54.9824353078232,95.082813615621,36.7177207889779,182.129811665547,86.9157329610709,61.7948865884696,60.515253789717,54.9316304280535
49.8176834188694,49.7702365341099,58.8931951884588,50.166964808697,179.581528244976,36.1826601026823,65.4884356381797,206.109768568154,161.267448138547,82.4356532138013,92.188008559086,182.430735239604,61.6904272782504,82.2653103808389,57.6416063997922,51.6068636321907,58.7352519351371,54.9824353078232,95.082813615621,36.7177207889779,182.129811665547,86.9157329610709,61.7948865884696,60.515253789717,54.9316304280535
49.8176834188694,49.7702365341099,58.8931951884588,50.166964808697,179.581528244976,36.1826601026823,65.4884356381797,206.109768568154,161.267448138547,82.4356532138013,92.188008559086,182.430735239604,61.6904272782504,82.2653103808389,57.6416063997922,51.6068636321907,58.7352519351371,54.9824353078232,95.082813615621,36.7177207889779,182.129811665547,86.9157329610709,61.7948865884696,60.515253789717,54.9316304280535
49.8176834188694,49.7702365341099,58.8931951884588,50.166964808697,179.581528244976,36.1826601026823,65.4884356381797,206.109768568154,161.267448138547,82.4356532138013,92.188008559086,182.430735239604,61.6904272782504,82.2653103808389,57.6416063997922,51.6068636321907,58.7352519351371,54.9824353078232,95.082813615621,36.7177207889779,182.129811665547,86.9157329610709,61.7948865884696,60.515253789717,54.9316304280535
49.8176834188694,49.7702365341099,58.8931951884588,50.166964808697,179.581528244976,36.1826601026823,65.4884356381797,206.109768568154,161.267448138547,82.4356532138013,92.188008559086,182.430735239604,61.6904272782504,82.2653103808389,57.6416063997922,51.6068636321907,58.7352519351371,54.9824353078232,95.082813615621,36.7177207889779,182.129811665547,86.9157329610709,61.7948865884696,60.515253789717,54.9316304280535
49.8176834188694,49.7702365341099,58.8931951884588,50.166964808697,179.581528244976,36.1826601026823,65.4884356381797,206.109768568154,161.267448138547,82.4356532138013,92.188008559086,182.430735239604,61.6904272782504,82.2653103808389,57.6416063997922,51.6068636321907,58.7352519351371,54.9824353078232,95.082813615621,36.7177207889779,182.129811665547,86.9157329610709,61.7948865884696,60.515253789717,54.9316304280535
49.8176834188694,49.7702365341099,58.8931951884588,50.166964808697,179.581528244976,36.1826601026823,65.4884356381797,206.109768568154,161.267448138547,82.4356532138013,92.188008559086,182.430735239604,61.6904272782504,82.2653103808389,57.6416063997922,51.6068636321907,58.7352519351371,54.9824353078232,95.082813615621,36.7177207889779,182.129811665547,86.9157329610709,61.7948865884696,60.515253789717,54.9316304280535
49.8176834188694,49.7702365341099,58.8931951884588,50.166964808697,179.581528244976,36.1826601026823,65.4884356381797,206.109768568154,161.267448138547,82.4356532138013,92.188008559086,182.430735239604,61.6904272782504,82.2653103808389,57.6416063997922,51.6068636321907,58.7352519351371,54.9824353078232,95.082813615621,36.7177207889779,182.129811665547,86.9157329610709,61.7948865884696,60.515253789717,54.9316304280535
49.8176834188694,49.7702365341099,58.8931951884588,50.166964808697,179.581528244976,36.1826601026823,65.4884356381797,206.109768568154,161.267448138547,82.4356532138013,92.188008559086,182.430735239604,61.6904272782504,82.2653103808389,57.6416063997922,51.6068636321907,58.7352519351371,54.9824353078232,95.082813615621,36.7177207889779,182.129811665547,86.9157329610709,61.7948865884696,60.515253789717,54.9316304280535
49.8176834188694,49.7702365341099,58.8931951884588,50.166964808697,179.581528244976,36.1826601026823,65.4884356381797,206.109768568154,161.267448138547,82.4356532138013,92.188008559086,182.430735239604,61.6904272782504,82.2653103808389,57.6416063997922,51.6068636321907,58.7352519351371,54.9824353078232,95.082813615621,36.7177207889779,182.129811665547,86.9157329610709,61.7948865884696,60.515253789717,54.9316304280535
49.8176834188694,49.7702365341099,58.8931951884588,50.166964808697,179.581528244976,36.1826601026823,65.4884356381797,206.109768568154,161.267448138547,82.4356532138013,92.188008559086,182.430735239604,61.6904272782504,82.2653103808389,57.6416063997922,51.6068636321907,58.7352519351371,54.9824353078232,95.082813615621,36.7177207889779,182.129811665547,86.9157329610709,61.7948865884696,60.515253789717,54.9316304280535
49.8176834188694,49.7702365341099,58.8931951884588,50.166964808697,179.581528244976,36.1826601026823,65.4884356381797,206.109768568154,161.267448138547,82.4356532138013,92.188008559086,182.430735239604,61.6904272782504,82.2653103808389,57.6416063997922,51.6068636321907,58.7352519351371,54.9824353078232,95.082813615621,36.7177207889779,182.129811665547,86.9157329610709,61.7948865884696,60.515253789717,54.9316304280535
49.8176834188694,49.7702365341099,58.8931951884588,50.166964808697,179.581528244976,36.1826601026823,65.4884356381797,206.109768568154,161.267448138547,82.4356532138013,92.188008559086,182.430735239604,61.6904272782504,82.2653103808389,57.6416063997922,51.6068636321907,58.7352519351371,54.9824353078232,95.082813615621,36.7177207889779,182.129811665547,86.9157329610709,61.7948865884696,60.515253789717,54.9316304280535
49.8176834188694,49.7702365341099,58.8931951884588,50.166964808697,179.581528244976,36.1826601026823,65.4884356381797,206.109768568154,161.267448138547,82.4356532138013,92.188008559086,182.430735239604,61.6904272782504,82.2653103808389,57.6416063997922,51.6068636321907,58.7352519351371,54.9824353078232,95.082813615621,36.7177207889779,182.129811665547,86.9157329610709,61.7948865884696,60.515253789717,54.9316304280535
49.8176834188694,49.7702365341099,58.8931951884588,50.166964808697,179.581528244976,36.1826601026823,65.4884356381797,206.109768568154,161.267448138547,82.4356532138013,92.188008559086,182.430735239604,61.6904272782504,82.2653103808389,57.6416063997922,51.6068636321907,58.7352519351371,54.9824353078232,95.082813615621,36.7177207889779,182.129811665547,86.9157329610709,61.7948865884696,60.515253789717,54.9316304280535
49.8176834188694,49.7702365341099,58.8931951884588,50.166964808697,179.581528244976,36.1826601026823,65.4884356381797,206.109768568154,161.267448138547,82.4356532138013,92.188008559086,182.430735239604,61.6904272782504,82.2653103808389,57.6416063997922,51.6068636321907,58.7352519351371,54.9824353078232,95.082813615621,36.7177207889779,182.129811665547,86.9157329610709,61.7948865884696,60.515253789717,54.9316304280535
49.8176834188694,49.7702365341099,58.8931951884588,50.166964808697,179.581528244976,36.1826601026823,65.4884356381797,206.109768568154,161.267448138547,82.4356532138013,92.188008559086,182.430735239604,61.6904272782504,82.2653103808389,57.6416063997922,51.6068636321907,58.7352519351371,54.9824353078232,95.082813615621,36.7177207889779,182.129811665547,86.9157329610709,61.7948865884696,60.515253789717,54.9316304280535
49.8176834188694,49.7702365341099,58.8931951884588,50.166964808697,179.581528244976,36.1826601026823,65.4884356381797,206.109768568154,161.267448138547,82.4356532138013,92.188008559086,182.430735239604,61.6904272782504,82.2653103808389,57.6416063997922,51.6068636321907,58.7352519351371,54.9824353078232,95.082813615621,36.7177207889779,182.129811665547,86.9157329610709,61.7948865884696,60.515253789717,54.9316304280535
49.8176834188694,49.7702365341099,58.8931951884588,50.166964808697,179.581528244976,36.1826601026823,65.4884356381797,206.109768568154,161.267448138547,82.4356532138013,92.188008559086,182.430735239604,61.6904272782504,82.2653103808389,57.6416063997922,51.6068636321907,58.7352519351371,54.9824353078232,95.082813615621,36.7177207889779,182.129811665547,86.9157329610709,61.7948865884696,60.515253789717,54.9316304280535
49.8176834188694,49.7702365341099,58.8931951884588,50.166964808697,179.581528244976,36.1826601026823,65.4884356381797,206.109768568154,161.267448138547,82.4356532138013,92.188008559086,182.430735239604,61.6904272782504,82.2653103808389,57.6416063997922,51.6068636321907,58.7352519351371,54.9824353078232,95.082813615621,36.7177207889779,182.129811665547,86.9157329610709,61.7948865884696,60.515253789717,54.9316304280535
49.8176834188694,49.7702365341099,58.8931951884588,50.166964808697,179.581528244976,36.1826601026823,65.4884356381797,206.109768568154,161.267448138547,82.4356532138013,92.188008559086,182.430735239604,61.6904272782504,82.2653103808389,57.6416063997922,51.6068636321907,58.7352519351371,54.9824353078232,95.082813615621,36.7177207889779,182.129811665547,86.9157329610709,61.7948865884696,60.515253789717,54.9316304280535
49.8176834188694,49.7702365341099,58.8931951884588,50.166964808697,179.581528244976,36.1826601026823,65.4884356381797,206.109768568154,161.267448138547,82.4356532138013,92.188008559086,182.430735239604,61.6904272782504,82.2653103808389,57.6416063997922,51.6068636321907,58.7352519351371,54.9824353078232,95.082813615621,36.7177207889779,182.129811665547,86.9157329610709,61.7948865884696,60.515253789717,54.9316304280535
49.8176834188694,49.7702365341099,58.8931951884588,50.166964808697,179.581528244976,36.1826601026823,65.4884356381797,206.109768568154,161.267448138547,82.4356532138013,92.188008559086,182.430735239604,61.6904272782504,82.2653103808389,57.6416063997922,51.6068636321907,58.7352519351371,54.9824353078232,95.082813615621,36.7177207889779,182.129811665547,86.9157329610709,61.7948865884696,60.515253789717,54.9316304280535
49.8176834188694,49.7702365341099,58.8931951884588,50.166964808697,179.581528244976,36.1826601026823,65.4884356381797,206.109768568154,161.267448138547,82.4356532138013,92.188008559086,182.430735239604,61.6904272782504,82.2653103808389,57.6416063997922,51.6068636321907,58.7352519351371,54.9824353078232,95.082813615621,36.7177207889779,182.129811665547,86.9157329610709,61.7948865884696,60.515253789717,54.9316304280535
49.8176834188694,49.7702365341099,58.8931951884588,50.166964808697,179.581528244976,36.1826601026823,65.4884356381797,206.109768568154,161.267448138547,82.4356532138013,92.188008559086,182.430735239604,61.6904272782504,82.2653103808389,57.6416063997922,51.6068636321907,58.7352519351371,54.9824353078232,95.082813615621,36.7177207889779,182.129811665547,86.9157329610709,61.7948865884696,60.515253789717,54.9316304280535
49.8176834188694,49.7702365341099,58.8931951884588,50.166964808697,179.581528244976,36.1826601026823,65.4884356381797,206.109768568154,161.267448138547,82.4356532138013,92.188008559086,182.430735239604,61.6904272782504,82.2653103808389,57.6416063997922,51.6068636321907,58.7352519351371,54.9824353078232,95.082813615621,36.7177207889779,182.129811665547,86.9157329610709,61.7948865884696,60.515253789717,54.9316304280535
49.8176834188694,49.7702365341099,58.8931951884588,50.166964808697,179.581528244976,36.1826601026823,65.4884356381797,206.109768568154,161.267448138547,82.4356532138013,92.188008559086,182.430735239604,61.6904272782504,82.2653103808389,57.6416063997922,51.6068636321907,58.7352519351371,54.9824353078232,95.082813615621,36.7177207889779,182.129811665547,86.9157329610709,61.7948865884696,60.515253789717,54.9316304280535
49.8176834188694,49.7702365341099,58.8931951884588,50.166964808697,179.581528244976,36.1826601026823,65.4884356381797,206.109768568154,161.267448138547,82.4356532138013,92.188008559086,182.430735239604,61.6904272782504,82.2653103808389,57.6416063997922,51.6068636321907,58.7352519351371,54.9824353078232,95.082813615621,36.7177207889779,182.129811665547,86.9157329610709,61.7948865884696,60.515253789717,54.9316304280535
49.8176834188694,49.7702365341099,58.8931951884588,50.166964808697,179.581528244976,36.1826601026823,65.4884356381797,206.109768568154,161.267448138547,82.4356532138013,92.188008559086,182.430735239604,61.6904272782504,82.2653103808389,57.6416063997922,51.6068636321907,58.7352519351371,54.9824353078232,95.082813615621,36.7177207889779,182.129811665547,86.9157329610709,61.7948865884696,60.515253789717,54.9316304280535
49.8176834188694,49.7702365341099,58.8931951884588,50.166964808697,179.581528244976,36.1826601026823,65.4884356381797,206.109768568154,161.267448138547,82.4356532138013,92.188008559086,182.430735239604,61.6904272782504,82.2653103808389,57.6416063997922,51.6068636321907,58.7352519351371,54.9824353078232,95.082813615621,36.7177207889779,182.129811665547,86.9157329610709,61.7948865884696,60.515253789717,54.9316304280535
49.8176834188694,49.7702365341099,58.8931951884588,50.166964808697,179.581528244976,36.1826601026823,65.4884356381797,206.109768568154,161.267448138547,82.4356532138013,92.188008559086,182.430735239604,61.6904272782504,82.2653103808389,57.6416063997922,51.6068636321907,58.7352519351371,54.9824353078232,95.082813615621,36.7177207889779,182.129811665547,86.9157329610709,61.7948865884696,60.515253789717,54.9316304280535
49.8176834188694,49.7702365341099,58.8931951884588,50.166964808697,179.581528244976,36.1826601026823,65.4884356381797,206.109768568154,161.267448138547,82.4356532138013,92.188008559086,182.430735239604,61.6904272782504,82.2653103808389,57.6416063997922,51.6068636321907,58.7352519351371,54.9824353078232,95.082813615621,36.7177207889779,182.129811665547,86.9157329610709,61.7948865884696,60.515253789717,54.9316304280535
49.8176834188694,49.7702365341099,58.8931951884588,50.166964808697,179.581528244976,36.1826601026823,65.4884356381797,206.109768568154,161.267448138547,82.4356532138013,92.188008559086,182.430735239604,61.6904272782504,82.2653103808389,57.6416063997922,51.6068636321907,58.7352519351371,54.9824353078232,95.082813615621,36.7177207889779,182.129811665547,86.9157329610709,61.7948865884696,60.515253789717,54.9316304280535
49.8176834188694,49.7702365341099,58.8931951884588,50.166964808697,179.581528244976,36.1826601026823,65.4884356381797,206.109768568154,161.267448138547,82.4356532138013,92.188008559086,182.430735239604,61.6904272782504,82.2653103808389,57.6416063997922,51.6068636321907,58.7352519351371,54.9824353078232,95.082813615621,36.7177207889779,182.129811665547,86.9157329610709,61.7948865884696,60.515253789717,54.9316304280535
49.8176834188694,49.7702365341099,58.8931951884588,50.166964808697,179.581528244976,36.1826601026823,65.4884356381797,206.109768568154,161.267448138547,82.4356532138013,92.188008559086,182.430735239604,61.6904272782504,82.2653103808389,57.6416063997922,51.6068636321907,58.7352519351371,54.9824353078232,95.082813615621,36.7177207889779,182.129811665547,86.9157329610709,61.7948865884696,60.515253789717,54.9316304280535
49.8176834188694,49.7702365341099,58.8931951884588,50.166964808697,179.581528244976,36.1826601026823,65.4884356381797,206.109768568154,161.267448138547,82.4356532138013,92.188008559086,182.430735239604,61.6904272782504,82.2653103808389,57.6416063997922,51.6068636321907,58.7352519351371,54.9824353078232,95.082813615621,36.7177207889779,182.129811665547,86.9157329610709,61.7948865884696,60.515253789717,54.9316304280535
49.8176834188694,49.7702365341099,58.8931951884588,50.166964808697,179.581528244976,36.1826601026823,65.4884356381797,206.109768568154,161.267448138547,82.4356532138013,92.188008559086,182.430735239604,61.6904272782504,82.2653103808389,57.6416063997922,51.6068636321907,58.7352519351371,54.9824353078232,95.082813615621,36.7177207889779,182.129811665547,86.9157329610709,61.7948865884696,60.515253789717,54.9316304280535
49.8176834188694,49.7702365341099,58.8931951884588,50.166964808697,179.581528244976,36.1826601026823,65.4884356381797,206.109768568154,161.267448138547,82.4356532138013,92.188008559086,182.430735239604,61.6904272782504,82.2653103808389,57.6416063997922,51.6068636321907,58.7352519351371,54.9824353078232,95.082813615621,36.7177207889779,182.129811665547,86.9157329610709,61.7948865884696,60.515253789717,54.9316304280535
49.8176834188694,49.7702365341099,58.8931951884588,50.166964808697,179.581528244976,36.1826601026823,65.4884356381797,206.109768568154,161.267448138547,82.4356532138013,92.188008559086,182.430735239604,61.6904272782504,82.2653103808389,57.6416063997922,51.6068636321907,58.7352519351371,54.9824353078232,95.082813615621,36.7177207889779,182.129811665547,86.9157329610709,61.7948865884696,60.515253789717,54.9316304280535
49.8176834188694,49.7702365341099,58.8931951884588,50.166964808697,179.581528244976,36.1826601026823,65.4884356381797,206.109768568154,161.267448138547,82.4356532138013,92.188008559086,182.430735239604,61.6904272782504,82.2653103808389,57.6416063997922,51.6068636321907,58.7352519351371,54.9824353078232,95.082813615621,36.7177207889779,182.129811665547,86.9157329610709,61.7948865884696,60.515253789717,54.9316304280535
49.8176834188694,49.7702365341099,58.8931951884588,50.166964808697,179.581528244976,36.1826601026823,65.4884356381797,206.109768568154,161.267448138547,82.4356532138013,92.188008559086,182.430735239604,61.6904272782504,82.2653103808389,57.6416063997922,51.6068636321907,58.7352519351371,54.9824353078232,95.082813615621,36.7177207889779,182.129811665547,86.9157329610709,61.7948865884696,60.515253789717,54.9316304280535
49.8176834188694,49.7702365341099,58.8931951884588,50.166964808697,179.581528244976,36.1826601026823,65.4884356381797,206.109768568154,161.267448138547,82.4356532138013,92.188008559086,182.430735239604,61.6904272782504,82.2653103808389,57.6416063997922,51.6068636321907,58.7352519351371,54.9824353078232,95.082813615621,36.7177207889779,182.129811665547,86.9157329610709,61.7948865884696,60.515253789717,54.9316304280535
49.8176834188694,49.7702365341099,58.8931951884588,50.166964808697,179.581528244976,36.1826601026823,65.4884356381797,206.109768568154,161.267448138547,82.4356532138013,92.188008559086,182.430735239604,61.6904272782504,82.2653103808389,57.6416063997922,51.6068636321907,58.7352519351371,54.9824353078232,95.082813615621,36.7177207889779,182.129811665547,86.9157329610709,61.7948865884696,60.515253789717,54.9316304280535
49.8176834188694,49.7702365341099,58.8931951884588,50.166964808697,179.581528244976,36.1826601026823,65.4884356381797,206.109768568154,161.267448138547,82.4356532138013,92.188008559086,182.430735239604,61.6904272782504,82.2653103808389,57.6416063997922,51.6068636321907,58.7352519351371,54.9824353078232,95.082813615621,36.7177207889779,182.129811665547,86.9157329610709,61.7948865884696,60.515253789717,54.9316304280535
49.8176834188694,49.7702365341099,58.8931951884588,50.166964808697,179.581528244976,36.1826601026823,65.4884356381797,206.109768568154,161.267448138547,82.4356532138013,92.188008559086,182.430735239604,61.6904272782504,82.2653103808389,57.6416063997922,51.6068636321907,58.7352519351371,54.9824353078232,95.082813615621,36.7177207889779,182.129811665547,86.9157329610709,61.7948865884696,60.515253789717,54.9316304280535
49.8176834188694,49.7702365341099,58.8931951884588,50.166964808697,179.581528244976,36.1826601026823,65.4884356381797,206.109768568154,161.267448138547,82.4356532138013,92.188008559086,182.430735239604,61.6904272782504,82.2653103808389,57.6416063997922,51.6068636321907,58.7352519351371,54.9824353078232,95.082813615621,36.7177207889779,182.129811665547,86.9157329610709,61.7948865884696,60.515253789717,54.9316304280535
49.8176834188694,49.7702365341099,58.8931951884588,50.166964808697,179.581528244976,36.1826601026823,65.4884356381797,206.109768568154,161.267448138547,82.4356532138013,92.188008559086,182.430735239604,61.6904272782504,82.2653103808389,57.6416063997922,51.6068636321907,58.7352519351371,54.9824353078232,95.082813615621,36.7177207889779,182.129811665547,86.9157329610709,61.7948865884696,60.515253789717,54.9316304280535
49.8176834188694,49.7702365341099,58.8931951884588,50.166964808697,179.581528244976,36.1826601026823,65.4884356381797,206.109768568154,161.267448138547,82.4356532138013,92.188008559086,182.430735239604,61.6904272782504,82.2653103808389,57.6416063997922,51.6068636321907,58.7352519351371,54.9824353078232,95.082813615621,36.7177207889779,182.129811665547,86.9157329610709,61.7948865884696,60.515253789717,54.9316304280535
49.8176834188694,49.7702365341099,58.8931951884588,50.166964808697,179.581528244976,36.1826601026823,65.4884356381797,206.109768568154,161.267448138547,82.4356532138013,92.188008559086,182.430735239604,61.6904272782504,82.2653103808389,57.6416063997922,51.6068636321907,58.7352519351371,54.9824353078232,95.082813615621,36.7177207889779,182.129811665547,86.9157329610709,61.7948865884696,60.515253789717,54.9316304280535
49.8176834188694,49.7702365341099,58.8931951884588,50.166964808697,179.581528244976,36.1826601026823,65.4884356381797,206.109768568154,161.267448138547,82.4356532138013,92.188008559086,182.430735239604,61.6904272782504,82.2653103808389,57.6416063997922,51.6068636321907,58.7352519351371,54.9824353078232,95.082813615621,36.7177207889779,182.129811665547,86.9157329610709,61.7948865884696,60.515253789717,54.9316304280535
49.8176834188694,49.7702365341099,58.8931951884588,50.166964808697,179.581528244976,36.1826601026823,65.4884356381797,206.109768568154,161.267448138547,82.4356532138013,92.188008559086,182.430735239604,61.6904272782504,82.2653103808389,57.6416063997922,51.6068636321907,58.7352519351371,54.9824353078232,95.082813615621,36.7177207889779,182.129811665547,86.9157329610709,61.7948865884696,60.515253789717,54.9316304280535
49.8176834188694,49.7702365341099,58.8931951884588,50.166964808697,179.581528244976,36.1826601026823,65.4884356381797,206.109768568154,161.267448138547,82.4356532138013,92.188008559086,182.430735239604,61.6904272782504,82.2653103808389,57.6416063997922,51.6068636321907,58.7352519351371,54.9824353078232,95.082813615621,36.7177207889779,182.129811665547,86.9157329610709,61.7948865884696,60.515253789717,54.9316304280535
49.8176834188694,49.7702365341099,58.8931951884588,50.166964808697,179.581528244976,36.1826601026823,65.4884356381797,206.109768568154,161.267448138547,82.4356532138013,92.188008559086,182.430735239604,61.6904272782504,82.2653103808389,57.6416063997922,51.6068636321907,58.7352519351371,54.9824353078232,95.082813615621,36.7177207889779,182.129811665547,86.9157329610709,61.7948865884696,60.515253789717,54.9316304280535
49.8176834188694,49.7702365341099,58.8931951884588,50.166964808697,179.581528244976,36.1826601026823,65.4884356381797,206.109768568154,161.267448138547,82.4356532138013,92.188008559086,182.430735239604,61.6904272782504,82.2653103808389,57.6416063997922,51.6068636321907,58.7352519351371,54.9824353078232,95.082813615621,36.7177207889779,182.129811665547,86.9157329610709,61.7948865884696,60.515253789717,54.9316304280535
49.8176834188694,49.7702365341099,58.8931951884588,50.166964808697,179.581528244976,36.1826601026823,65.4884356381797,206.109768568154,161.267448138547,82.4356532138013,92.188008559086,182.430735239604,61.6904272782504,82.2653103808389,57.6416063997922,51.6068636321907,58.7352519351371,54.9824353078232,95.082813615621,36.7177207889779,182.129811665547,86.9157329610709,61.7948865884696,60.515253789717,54.9316304280535
49.8176834188694,49.7702365341099,58.8931951884588,50.166964808697,179.581528244976,36.1826601026823,65.4884356381797,206.109768568154,161.267448138547,82.4356532138013,92.188008559086,182.430735239604,61.6904272782504,82.2653103808389,57.6416063997922,51.6068636321907,58.7352519351371,54.9824353078232,95.082813615621,36.7177207889779,182.129811665547,86.9157329610709,61.7948865884696,60.515253789717,54.9316304280535
49.8176834188694,49.7702365341099,58.8931951884588,50.166964808697,179.581528244976,36.1826601026823,65.4884356381797,206.109768568154,161.267448138547,82.4356532138013,92.188008559086,182.430735239604,61.6904272782504,82.2653103808389,57.6416063997922,51.6068636321907,58.7352519351371,54.9824353078232,95.082813615621,36.7177207889779,182.129811665547,86.9157329610709,61.7948865884696,60.515253789717,54.9316304280535
49.8176834188694,49.7702365341099,58.8931951884588,50.166964808697,179.581528244976,36.1826601026823,65.4884356381797,206.109768568154,161.267448138547,82.4356532138013,92.188008559086,182.430735239604,61.6904272782504,82.2653103808389,57.6416063997922,51.6068636321907,58.7352519351371,54.9824353078232,95.082813615621,36.7177207889779,182.129811665547,86.9157329610709,61.7948865884696,60.515253789717,54.9316304280535
49.8176834188694,49.7702365341099,58.8931951884588,50.166964808697,179.581528244976,36.1826601026823,65.4884356381797,206.109768568154,161.267448138547,82.4356532138013,92.188008559086,182.430735239604,61.6904272782504,82.2653103808389,57.6416063997922,51.6068636321907,58.7352519351371,54.9824353078232,95.082813615621,36.7177207889779,182.129811665547,86.9157329610709,61.7948865884696,60.515253789717,54.9316304280535
49.8176834188694,49.7702365341099,58.8931951884588,50.166964808697,179.581528244976,36.1826601026823,65.4884356381797,206.109768568154,161.267448138547,82.4356532138013,92.188008559086,182.430735239604,61.6904272782504,82.2653103808389,57.6416063997922,51.6068636321907,58.7352519351371,54.9824353078232,95.082813615621,36.7177207889779,182.129811665547,86.9157329610709,61.7948865884696,60.515253789717,54.9316304280535
49.8176834188694,49.7702365341099,58.8931951884588,50.166964808697,179.581528244976,36.1826601026823,65.4884356381797,206.109768568154,161.267448138547,82.4356532138013,92.188008559086,182.430735239604,61.6904272782504,82.2653103808389,57.6416063997922,51.6068636321907,58.7352519351371,54.9824353078232,95.082813615621,36.7177207889779,182.129811665547,86.9157329610709,61.7948865884696,60.515253789717,54.9316304280535
49.8176834188694,49.7702365341099,58.8931951884588,50.166964808697,179.581528244976,36.1826601026823,65.4884356381797,206.109768568154,161.267448138547,82.4356532138013,92.188008559086,182.430735239604,61.6904272782504,82.2653103808389,57.6416063997922,51.6068636321907,58.7352519351371,54.9824353078232,95.082813615621,36.7177207889779,182.129811665547,86.9157329610709,61.7948865884696,60.515253789717,54.9316304280535
49.8176834188694,49.7702365341099,58.8931951884588,50.166964808697,179.581528244976,36.1826601026823,65.4884356381797,206.109768568154,161.267448138547,82.4356532138013,92.188008559086,182.430735239604,61.6904272782504,82.2653103808389,57.6416063997922,51.6068636321907,58.7352519351371,54.9824353078232,95.082813615621,36.7177207889779,182.129811665547,86.9157329610709,61.7948865884696,60.515253789717,54.9316304280535
49.8176834188694,49.7702365341099,58.8931951884588,50.166964808697,179.581528244976,36.1826601026823,65.4884356381797,206.109768568154,161.267448138547,82.4356532138013,92.188008559086,182.430735239604,61.6904272782504,82.2653103808389,57.6416063997922,51.6068636321907,58.7352519351371,54.9824353078232,95.082813615621,36.7177207889779,182.129811665547,86.9157329610709,61.7948865884696,60.515253789717,54.9316304280535
49.8176834188694,49.7702365341099,58.8931951884588,50.166964808697,179.581528244976,36.1826601026823,65.4884356381797,206.109768568154,161.267448138547,82.4356532138013,92.188008559086,182.430735239604,61.6904272782504,82.2653103808389,57.6416063997922,51.6068636321907,58.7352519351371,54.9824353078232,95.082813615621,36.7177207889779,182.129811665547,86.9157329610709,61.7948865884696,60.515253789717,54.9316304280535
49.8176834188694,49.7702365341099,58.8931951884588,50.166964808697,179.581528244976,36.1826601026823,65.4884356381797,206.109768568154,161.267448138547,82.4356532138013,92.188008559086,182.430735239604,61.6904272782504,82.2653103808389,57.6416063997922,51.6068636321907,58.7352519351371,54.9824353078232,95.082813615621,36.7177207889779,182.129811665547,86.9157329610709,61.7948865884696,60.515253789717,54.9316304280535
49.8176834188694,49.7702365341099,58.8931951884588,50.166964808697,179.581528244976,36.1826601026823,65.4884356381797,206.109768568154,161.267448138547,82.4356532138013,92.188008559086,182.430735239604,61.6904272782504,82.2653103808389,57.6416063997922,51.6068636321907,58.7352519351371,54.9824353078232,95.082813615621,36.7177207889779,182.129811665547,86.9157329610709,61.7948865884696,60.515253789717,54.9316304280535
49.8176834188694,49.7702365341099,58.8931951884588,50.166964808697,179.581528244976,36.1826601026823,65.4884356381797,206.109768568154,161.267448138547,82.4356532138013,92.188008559086,182.430735239604,61.6904272782504,82.2653103808389,57.6416063997922,51.6068636321907,58.7352519351371,54.9824353078232,95.082813615621,36.7177207889779,182.129811665547,86.9157329610709,61.7948865884696,60.515253789717,54.9316304280535
49.8176834188694,49.7702365341099,58.8931951884588,50.166964808697,179.581528244976,36.1826601026823,65.4884356381797,206.109768568154,161.267448138547,82.4356532138013,92.188008559086,182.430735239604,61.6904272782504,82.2653103808389,57.6416063997922,51.6068636321907,58.7352519351371,54.9824353078232,95.082813615621,36.7177207889779,182.129811665547,86.9157329610709,61.7948865884696,60.515253789717,54.9316304280535
49.8176834188694,49.7702365341099,58.8931951884588,50.166964808697,179.581528244976,36.1826601026823,65.4884356381797,206.109768568154,161.267448138547,82.4356532138013,92.188008559086,182.430735239604,61.6904272782504,82.2653103808389,57.6416063997922,51.6068636321907,58.7352519351371,54.9824353078232,95.082813615621,36.7177207889779,182.129811665547,86.9157329610709,61.7948865884696,60.515253789717,54.9316304280535
49.8176834188694,49.7702365341099,58.8931951884588,50.166964808697,179.581528244976,36.1826601026823,65.4884356381797,206.109768568154,161.267448138547,82.4356532138013,92.188008559086,182.430735239604,61.6904272782504,82.2653103808389,57.6416063997922,51.6068636321907,58.7352519351371,54.9824353078232,95.082813615621,36.7177207889779,182.129811665547,86.9157329610709,61.7948865884696,60.515253789717,54.9316304280535
49.8176834188694,49.7702365341099,58.8931951884588,50.166964808697,179.581528244976,36.1826601026823,65.4884356381797,206.109768568154,161.267448138547,82.4356532138013,92.188008559086,182.430735239604,61.6904272782504,82.2653103808389,57.6416063997922,51.6068636321907,58.7352519351371,54.9824353078232,95.082813615621,36.7177207889779,182.129811665547,86.9157329610709,61.7948865884696,60.515253789717,54.9316304280535
49.8176834188694,49.7702365341099,58.8931951884588,50.166964808697,179.581528244976,36.1826601026823,65.4884356381797,206.109768568154,161.267448138547,82.4356532138013,92.188008559086,182.430735239604,61.6904272782504,82.2653103808389,57.6416063997922,51.6068636321907,58.7352519351371,54.9824353078232,95.082813615621,36.7177207889779,182.129811665547,86.9157329610709,61.7948865884696,60.515253789717,54.9316304280535
49.8176834188694,49.7702365341099,58.8931951884588,50.166964808697,179.581528244976,36.1826601026823,65.4884356381797,206.109768568154,161.267448138547,82.4356532138013,92.188008559086,182.430735239604,61.6904272782504,82.2653103808389,57.6416063997922,51.6068636321907,58.7352519351371,54.9824353078232,95.082813615621,36.7177207889779,182.129811665547,86.9157329610709,61.7948865884696,60.515253789717,54.9316304280535
49.8176834188694,49.7702365341099,58.8931951884588,50.166964808697,179.581528244976,36.1826601026823,65.4884356381797,206.109768568154,161.267448138547,82.4356532138013,92.188008559086,182.430735239604,61.6904272782504,82.2653103808389,57.6416063997922,51.6068636321907,58.7352519351371,54.9824353078232,95.082813615621,36.7177207889779,182.129811665547,86.9157329610709,61.7948865884696,60.515253789717,54.9316304280535
49.8176834188694,49.7702365341099,58.8931951884588,50.166964808697,179.581528244976,36.1826601026823,65.4884356381797,206.109768568154,161.267448138547,82.4356532138013,92.188008559086,182.430735239604,61.6904272782504,82.2653103808389,57.6416063997922,51.6068636321907,58.7352519351371,54.9824353078232,95.082813615621,36.7177207889779,182.129811665547,86.9157329610709,61.7948865884696,60.515253789717,54.9316304280535
49.8176834188694,49.7702365341099,58.8931951884588,50.166964808697,179.581528244976,36.1826601026823,65.4884356381797,206.109768568154,161.267448138547,82.4356532138013,92.188008559086,182.430735239604,61.6904272782504,82.2653103808389,57.6416063997922,51.6068636321907,58.7352519351371,54.9824353078232,95.082813615621,36.7177207889779,182.129811665547,86.9157329610709,61.7948865884696,60.515253789717,54.9316304280535
49.8176834188694,49.7702365341099,58.8931951884588,50.166964808697,179.581528244976,36.1826601026823,65.4884356381797,206.109768568154,161.267448138547,82.4356532138013,92.188008559086,182.430735239604,61.6904272782504,82.2653103808389,57.6416063997922,51.6068636321907,58.7352519351371,54.9824353078232,95.082813615621,36.7177207889779,182.129811665547,86.9157329610709,61.7948865884696,60.515253789717,54.9316304280535
49.8176834188694,49.7702365341099,58.8931951884588,50.166964808697,179.581528244976,36.1826601026823,65.4884356381797,206.109768568154,161.267448138547,82.4356532138013,92.188008559086,182.430735239604,61.6904272782504,82.2653103808389,57.6416063997922,51.6068636321907,58.7352519351371,54.9824353078232,95.082813615621,36.7177207889779,182.129811665547,86.9157329610709,61.7948865884696,60.515253789717,54.9316304280535
49.8176834188694,49.7702365341099,58.8931951884588,50.166964808697,179.581528244976,36.1826601026823,65.4884356381797,206.109768568154,161.267448138547,82.4356532138013,92.188008559086,182.430735239604,61.6904272782504,82.2653103808389,57.6416063997922,51.6068636321907,58.7352519351371,54.9824353078232,95.082813615621,36.7177207889779,182.129811665547,86.9157329610709,61.7948865884696,60.515253789717,54.9316304280535
49.8176834188694,49.7702365341099,58.8931951884588,50.166964808697,179.581528244976,36.1826601026823,65.4884356381797,206.109768568154,161.267448138547,82.4356532138013,92.188008559086,182.430735239604,61.6904272782504,82.2653103808389,57.6416063997922,51.6068636321907,58.7352519351371,54.9824353078232,95.082813615621,36.7177207889779,182.129811665547,86.9157329610709,61.7948865884696,60.515253789717,54.9316304280535
49.8176834188694,49.7702365341099,58.8931951884588,50.166964808697,179.581528244976,36.1826601026823,65.4884356381797,206.109768568154,161.267448138547,82.4356532138013,92.188008559086,182.430735239604,61.6904272782504,82.2653103808389,57.6416063997922,51.6068636321907,58.7352519351371,54.9824353078232,95.082813615621,36.7177207889779,182.129811665547,86.9157329610709,61.7948865884696,60.515253789717,54.9316304280535
49.8176834188694,49.7702365341099,58.8931951884588,50.166964808697,179.581528244976,36.1826601026823,65.4884356381797,206.109768568154,161.267448138547,82.4356532138013,92.188008559086,182.430735239604,61.6904272782504,82.2653103808389,57.6416063997922,51.6068636321907,58.7352519351371,54.9824353078232,95.082813615621,36.7177207889779,182.129811665547,86.9157329610709,61.7948865884696,60.515253789717,54.9316304280535
49.8176834188694,49.7702365341099,58.8931951884588,50.166964808697,179.581528244976,36.1826601026823,65.4884356381797,206.109768568154,161.267448138547,82.4356532138013,92.188008559086,182.430735239604,61.6904272782504,82.2653103808389,57.6416063997922,51.6068636321907,58.7352519351371,54.9824353078232,95.082813615621,36.7177207889779,182.129811665547,86.9157329610709,61.7948865884696,60.515253789717,54.9316304280535
49.8176834188694,49.7702365341099,58.8931951884588,50.166964808697,179.581528244976,36.1826601026823,65.4884356381797,206.109768568154,161.267448138547,82.4356532138013,92.188008559086,182.430735239604,61.6904272782504,82.2653103808389,57.6416063997922,51.6068636321907,58.7352519351371,54.9824353078232,95.082813615621,36.7177207889779,182.129811665547,86.9157329610709,61.7948865884696,60.515253789717,54.9316304280535
49.8176834188694,49.7702365341099,58.8931951884588,50.166964808697,179.581528244976,36.1826601026823,65.4884356381797,206.109768568154,161.267448138547,82.4356532138013,92.188008559086,182.430735239604,61.6904272782504,82.2653103808389,57.6416063997922,51.6068636321907,58.7352519351371,54.9824353078232,95.082813615621,36.7177207889779,182.129811665547,86.9157329610709,61.7948865884696,60.515253789717,54.9316304280535
49.8176834188694,49.7702365341099,58.8931951884588,50.166964808697,179.581528244976,36.1826601026823,65.4884356381797,206.109768568154,161.267448138547,82.4356532138013,92.188008559086,182.430735239604,61.6904272782504,82.2653103808389,57.6416063997922,51.6068636321907,58.7352519351371,54.9824353078232,95.082813615621,36.7177207889779,182.129811665547,86.9157329610709,61.7948865884696,60.515253789717,54.9316304280535
49.8176834188694,49.7702365341099,58.8931951884588,50.166964808697,179.581528244976,36.1826601026823,65.4884356381797,206.109768568154,161.267448138547,82.4356532138013,92.188008559086,182.430735239604,61.6904272782504,82.2653103808389,57.6416063997922,51.6068636321907,58.7352519351371,54.9824353078232,95.082813615621,36.7177207889779,182.129811665547,86.9157329610709,61.7948865884696,60.515253789717,54.9316304280535
49.8176834188694,49.7702365341099,58.8931951884588,50.166964808697,179.581528244976,36.1826601026823,65.4884356381797,206.109768568154,161.267448138547,82.4356532138013,92.188008559086,182.430735239604,61.6904272782504,82.2653103808389,57.6416063997922,51.6068636321907,58.7352519351371,54.9824353078232,95.082813615621,36.7177207889779,182.129811665547,86.9157329610709,61.7948865884696,60.515253789717,54.9316304280535
49.8176834188694,49.7702365341099,58.8931951884588,50.166964808697,179.581528244976,36.1826601026823,65.4884356381797,206.109768568154,161.267448138547,82.4356532138013,92.188008559086,182.430735239604,61.6904272782504,82.2653103808389,57.6416063997922,51.6068636321907,58.7352519351371,54.9824353078232,95.082813615621,36.7177207889779,182.129811665547,86.9157329610709,61.7948865884696,60.515253789717,54.9316304280535
49.8176834188694,49.7702365341099,58.8931951884588,50.166964808697,179.581528244976,36.1826601026823,65.4884356381797,206.109768568154,161.267448138547,82.4356532138013,92.188008559086,182.430735239604,61.6904272782504,82.2653103808389,57.6416063997922,51.6068636321907,58.7352519351371,54.9824353078232,95.082813615621,36.7177207889779,182.129811665547,86.9157329610709,61.7948865884696,60.515253789717,54.9316304280535
49.8176834188694,49.7702365341099,58.8931951884588,50.166964808697,179.581528244976,36.1826601026823,65.4884356381797,206.109768568154,161.267448138547,82.4356532138013,92.188008559086,182.430735239604,61.6904272782504,82.2653103808389,57.6416063997922,51.6068636321907,58.7352519351371,54.9824353078232,95.082813615621,36.7177207889779,182.129811665547,86.9157329610709,61.7948865884696,60.515253789717,54.9316304280535
49.8176834188694,49.7702365341099,58.8931951884588,50.166964808697,179.581528244976,36.1826601026823,65.4884356381797,206.109768568154,161.267448138547,82.4356532138013,92.188008559086,182.430735239604,61.6904272782504,82.2653103808389,57.6416063997922,51.6068636321907,58.7352519351371,54.9824353078232,95.082813615621,36.7177207889779,182.129811665547,86.9157329610709,61.7948865884696,60.515253789717,54.9316304280535
49.8176834188694,49.7702365341099,58.8931951884588,50.166964808697,179.581528244976,36.1826601026823,65.4884356381797,206.109768568154,161.267448138547,82.4356532138013,92.188008559086,182.430735239604,61.6904272782504,82.2653103808389,57.6416063997922,51.6068636321907,58.7352519351371,54.9824353078232,95.082813615621,36.7177207889779,182.129811665547,86.9157329610709,61.7948865884696,60.515253789717,54.9316304280535
49.8176834188694,49.7702365341099,58.8931951884588,50.166964808697,179.581528244976,36.1826601026823,65.4884356381797,206.109768568154,161.267448138547,82.4356532138013,92.188008559086,182.430735239604,61.6904272782504,82.2653103808389,57.6416063997922,51.6068636321907,58.7352519351371,54.9824353078232,95.082813615621,36.7177207889779,182.129811665547,86.9157329610709,61.7948865884696,60.515253789717,54.9316304280535
49.8176834188694,49.7702365341099,58.8931951884588,50.166964808697,179.581528244976,36.1826601026823,65.4884356381797,206.109768568154,161.267448138547,82.4356532138013,92.188008559086,182.430735239604,61.6904272782504,82.2653103808389,57.6416063997922,51.6068636321907,58.7352519351371,54.9824353078232,95.082813615621,36.7177207889779,182.129811665547,86.9157329610709,61.7948865884696,60.515253789717,54.9316304280535
49.8176834188694,49.7702365341099,58.8931951884588,50.166964808697,179.581528244976,36.1826601026823,65.4884356381797,206.109768568154,161.267448138547,82.4356532138013,92.188008559086,182.430735239604,61.6904272782504,82.2653103808389,57.6416063997922,51.6068636321907,58.7352519351371,54.9824353078232,95.082813615621,36.7177207889779,182.129811665547,86.9157329610709,61.7948865884696,60.515253789717,54.9316304280535
49.8176834188694,49.7702365341099,58.8931951884588,50.166964808697,179.581528244976,36.1826601026823,65.4884356381797,206.109768568154,161.267448138547,82.4356532138013,92.188008559086,182.430735239604,61.6904272782504,82.2653103808389,57.6416063997922,51.6068636321907,58.7352519351371,54.9824353078232,95.082813615621,36.7177207889779,182.129811665547,86.9157329610709,61.7948865884696,60.515253789717,54.9316304280535
49.8176834188694,49.7702365341099,58.8931951884588,50.166964808697,179.581528244976,36.1826601026823,65.4884356381797,206.109768568154,161.267448138547,82.4356532138013,92.188008559086,182.430735239604,61.6904272782504,82.2653103808389,57.6416063997922,51.6068636321907,58.7352519351371,54.9824353078232,95.082813615621,36.7177207889779,182.129811665547,86.9157329610709,61.7948865884696,60.515253789717,54.9316304280535
49.8176834188694,49.7702365341099,58.8931951884588,50.166964808697,179.581528244976,36.1826601026823,65.4884356381797,206.109768568154,161.267448138547,82.4356532138013,92.188008559086,182.430735239604,61.6904272782504,82.2653103808389,57.6416063997922,51.6068636321907,58.7352519351371,54.9824353078232,95.082813615621,36.7177207889779,182.129811665547,86.9157329610709,61.7948865884696,60.515253789717,54.9316304280535
49.8176834188694,49.7702365341099,58.8931951884588,50.166964808697,179.581528244976,36.1826601026823,65.4884356381797,206.109768568154,161.267448138547,82.4356532138013,92.188008559086,182.430735239604,61.6904272782504,82.2653103808389,57.6416063997922,51.6068636321907,58.7352519351371,54.9824353078232,95.082813615621,36.7177207889779,182.129811665547,86.9157329610709,61.7948865884696,60.515253789717,54.9316304280535
49.8176834188694,49.7702365341099,58.8931951884588,50.166964808697,179.581528244976,36.1826601026823,65.4884356381797,206.109768568154,161.267448138547,82.4356532138013,92.188008559086,182.430735239604,61.6904272782504,82.2653103808389,57.6416063997922,51.6068636321907,58.7352519351371,54.9824353078232,95.082813615621,36.7177207889779,182.129811665547,86.9157329610709,61.7948865884696,60.515253789717,54.9316304280535
49.8176834188694,49.7702365341099,58.8931951884588,50.166964808697,179.581528244976,36.1826601026823,65.4884356381797,206.109768568154,161.267448138547,82.4356532138013,92.188008559086,182.430735239604,61.6904272782504,82.2653103808389,57.6416063997922,51.6068636321907,58.7352519351371,54.9824353078232,95.082813615621,36.7177207889779,182.129811665547,86.9157329610709,61.7948865884696,60.515253789717,54.9316304280535
49.8176834188694,49.7702365341099,58.8931951884588,50.166964808697,179.581528244976,36.1826601026823,65.4884356381797,206.109768568154,161.267448138547,82.4356532138013,92.188008559086,182.430735239604,61.6904272782504,82.2653103808389,57.6416063997922,51.6068636321907,58.7352519351371,54.9824353078232,95.082813615621,36.7177207889779,182.129811665547,86.9157329610709,61.7948865884696,60.515253789717,54.9316304280535
49.8176834188694,49.7702365341099,58.8931951884588,50.166964808697,179.581528244976,36.1826601026823,65.4884356381797,206.109768568154,161.267448138547,82.4356532138013,92.188008559086,182.430735239604,61.6904272782504,82.2653103808389,57.6416063997922,51.6068636321907,58.7352519351371,54.9824353078232,95.082813615621,36.7177207889779,182.129811665547,86.9157329610709,61.7948865884696,60.515253789717,54.9316304280535
49.8176834188694,49.7702365341099,58.8931951884588,50.166964808697,179.581528244976,36.1826601026823,65.4884356381797,206.109768568154,161.267448138547,82.4356532138013,92.188008559086,182.430735239604,61.6904272782504,82.2653103808389,57.6416063997922,51.6068636321907,58.7352519351371,54.9824353078232,95.082813615621,36.7177207889779,182.129811665547,86.9157329610709,61.7948865884696,60.515253789717,54.9316304280535
49.8176834188694,49.7702365341099,58.8931951884588,50.166964808697,179.581528244976,36.1826601026823,65.4884356381797,206.109768568154,161.267448138547,82.4356532138013,92.188008559086,182.430735239604,61.6904272782504,82.2653103808389,57.6416063997922,51.6068636321907,58.7352519351371,54.9824353078232,95.082813615621,36.7177207889779,182.129811665547,86.9157329610709,61.7948865884696,60.515253789717,54.9316304280535
49.8176834188694,49.7702365341099,58.8931951884588,50.166964808697,179.581528244976,36.1826601026823,65.4884356381797,206.109768568154,161.267448138547,82.4356532138013,92.188008559086,182.430735239604,61.6904272782504,82.2653103808389,57.6416063997922,51.6068636321907,58.7352519351371,54.9824353078232,95.082813615621,36.7177207889779,182.129811665547,86.9157329610709,61.7948865884696,60.515253789717,54.9316304280535
49.8176834188694,49.7702365341099,58.8931951884588,50.166964808697,179.581528244976,36.1826601026823,65.4884356381797,206.109768568154,161.267448138547,82.4356532138013,92.188008559086,182.430735239604,61.6904272782504,82.2653103808389,57.6416063997922,51.6068636321907,58.7352519351371,54.9824353078232,95.082813615621,36.7177207889779,182.129811665547,86.9157329610709,61.7948865884696,60.515253789717,54.9316304280535
49.8176834188694,49.7702365341099,58.8931951884588,50.166964808697,179.581528244976,36.1826601026823,65.4884356381797,206.109768568154,161.267448138547,82.4356532138013,92.188008559086,182.430735239604,61.6904272782504,82.2653103808389,57.6416063997922,51.6068636321907,58.7352519351371,54.9824353078232,95.082813615621,36.7177207889779,182.129811665547,86.9157329610709,61.7948865884696,60.515253789717,54.9316304280535
49.8176834188694,49.7702365341099,58.8931951884588,50.166964808697,179.581528244976,36.1826601026823,65.4884356381797,206.109768568154,161.267448138547,82.4356532138013,92.188008559086,182.430735239604,61.6904272782504,82.2653103808389,57.6416063997922,51.6068636321907,58.7352519351371,54.9824353078232,95.082813615621,36.7177207889779,182.129811665547,86.9157329610709,61.7948865884696,60.515253789717,54.9316304280535
49.8176834188694,49.7702365341099,58.8931951884588,50.166964808697,179.581528244976,36.1826601026823,65.4884356381797,206.109768568154,161.267448138547,82.4356532138013,92.188008559086,182.430735239604,61.6904272782504,82.2653103808389,57.6416063997922,51.6068636321907,58.7352519351371,54.9824353078232,95.082813615621,36.7177207889779,182.129811665547,86.9157329610709,61.7948865884696,60.515253789717,54.9316304280535
49.8176834188694,49.7702365341099,58.8931951884588,50.166964808697,179.581528244976,36.1826601026823,65.4884356381797,206.109768568154,161.267448138547,82.4356532138013,92.188008559086,182.430735239604,61.6904272782504,82.2653103808389,57.6416063997922,51.6068636321907,58.7352519351371,54.9824353078232,95.082813615621,36.7177207889779,182.129811665547,86.9157329610709,61.7948865884696,60.515253789717,54.9316304280535
49.8176834188694,49.7702365341099,58.8931951884588,50.166964808697,179.581528244976,36.1826601026823,65.4884356381797,206.109768568154,161.267448138547,82.4356532138013,92.188008559086,182.430735239604,61.6904272782504,82.2653103808389,57.6416063997922,51.6068636321907,58.7352519351371,54.9824353078232,95.082813615621,36.7177207889779,182.129811665547,86.9157329610709,61.7948865884696,60.515253789717,54.9316304280535
49.8176834188694,49.7702365341099,58.8931951884588,50.166964808697,179.581528244976,36.1826601026823,65.4884356381797,206.109768568154,161.267448138547,82.4356532138013,92.188008559086,182.430735239604,61.6904272782504,82.2653103808389,57.6416063997922,51.6068636321907,58.7352519351371,54.9824353078232,95.082813615621,36.7177207889779,182.129811665547,86.9157329610709,61.7948865884696,60.515253789717,54.9316304280535
49.8176834188694,49.7702365341099,58.8931951884588,50.166964808697,179.581528244976,36.1826601026823,65.4884356381797,206.109768568154,161.267448138547,82.4356532138013,92.188008559086,182.430735239604,61.6904272782504,82.2653103808389,57.6416063997922,51.6068636321907,58.7352519351371,54.9824353078232,95.082813615621,36.7177207889779,182.129811665547,86.9157329610709,61.7948865884696,60.515253789717,54.9316304280535
49.8176834188694,49.7702365341099,58.8931951884588,50.166964808697,179.581528244976,36.1826601026823,65.4884356381797,206.109768568154,161.267448138547,82.4356532138013,92.188008559086,182.430735239604,61.6904272782504,82.2653103808389,57.6416063997922,51.6068636321907,58.7352519351371,54.9824353078232,95.082813615621,36.7177207889779,182.129811665547,86.9157329610709,61.7948865884696,60.515253789717,54.9316304280535
49.8176834188694,49.7702365341099,58.8931951884588,50.166964808697,179.581528244976,36.1826601026823,65.4884356381797,206.109768568154,161.267448138547,82.4356532138013,92.188008559086,182.430735239604,61.6904272782504,82.2653103808389,57.6416063997922,51.6068636321907,58.7352519351371,54.9824353078232,95.082813615621,36.7177207889779,182.129811665547,86.9157329610709,61.7948865884696,60.515253789717,54.9316304280535
49.8176834188694,49.7702365341099,58.8931951884588,50.166964808697,179.581528244976,36.1826601026823,65.4884356381797,206.109768568154,161.267448138547,82.4356532138013,92.188008559086,182.430735239604,61.6904272782504,82.2653103808389,57.6416063997922,51.6068636321907,58.7352519351371,54.9824353078232,95.082813615621,36.7177207889779,182.129811665547,86.9157329610709,61.7948865884696,60.515253789717,54.9316304280535
49.8176834188694,49.7702365341099,58.8931951884588,50.166964808697,179.581528244976,36.1826601026823,65.4884356381797,206.109768568154,161.267448138547,82.4356532138013,92.188008559086,182.430735239604,61.6904272782504,82.2653103808389,57.6416063997922,51.6068636321907,58.7352519351371,54.9824353078232,95.082813615621,36.7177207889779,182.129811665547,86.9157329610709,61.7948865884696,60.515253789717,54.9316304280535
49.8176834188694,49.7702365341099,58.8931951884588,50.166964808697,179.581528244976,36.1826601026823,65.4884356381797,206.109768568154,161.267448138547,82.4356532138013,92.188008559086,182.430735239604,61.6904272782504,82.2653103808389,57.6416063997922,51.6068636321907,58.7352519351371,54.9824353078232,95.082813615621,36.7177207889779,182.129811665547,86.9157329610709,61.7948865884696,60.515253789717,54.9316304280535
49.8176834188694,49.7702365341099,58.8931951884588,50.166964808697,179.581528244976,36.1826601026823,65.4884356381797,206.109768568154,161.267448138547,82.4356532138013,92.188008559086,182.430735239604,61.6904272782504,82.2653103808389,57.6416063997922,51.6068636321907,58.7352519351371,54.9824353078232,95.082813615621,36.7177207889779,182.129811665547,86.9157329610709,61.7948865884696,60.515253789717,54.9316304280535
49.8176834188694,49.7702365341099,58.8931951884588,50.166964808697,179.581528244976,36.1826601026823,65.4884356381797,206.109768568154,161.267448138547,82.4356532138013,92.188008559086,182.430735239604,61.6904272782504,82.2653103808389,57.6416063997922,51.6068636321907,58.7352519351371,54.9824353078232,95.082813615621,36.7177207889779,182.129811665547,86.9157329610709,61.7948865884696,60.515253789717,54.9316304280535
49.8176834188694,49.7702365341099,58.8931951884588,50.166964808697,179.581528244976,36.1826601026823,65.4884356381797,206.109768568154,161.267448138547,82.4356532138013,92.188008559086,182.430735239604,61.6904272782504,82.2653103808389,57.6416063997922,51.6068636321907,58.7352519351371,54.9824353078232,95.082813615621,36.7177207889779,182.129811665547,86.9157329610709,61.7948865884696,60.515253789717,54.9316304280535
49.8176834188694,49.7702365341099,58.8931951884588,50.166964808697,179.581528244976,36.1826601026823,65.4884356381797,206.109768568154,161.267448138547,82.4356532138013,92.188008559086,182.430735239604,61.6904272782504,82.2653103808389,57.6416063997922,51.6068636321907,58.7352519351371,54.9824353078232,95.082813615621,36.7177207889779,182.129811665547,86.9157329610709,61.7948865884696,60.515253789717,54.9316304280535
49.8176834188694,49.7702365341099,58.8931951884588,50.166964808697,179.581528244976,36.1826601026823,65.4884356381797,206.109768568154,161.267448138547,82.4356532138013,92.188008559086,182.430735239604,61.6904272782504,82.2653103808389,57.6416063997922,51.6068636321907,58.7352519351371,54.9824353078232,95.082813615621,36.7177207889779,182.129811665547,86.9157329610709,61.7948865884696,60.515253789717,54.9316304280535
49.8176834188694,49.7702365341099,58.8931951884588,50.166964808697,179.581528244976,36.1826601026823,65.4884356381797,206.109768568154,161.267448138547,82.4356532138013,92.188008559086,182.430735239604,61.6904272782504,82.2653103808389,57.6416063997922,51.6068636321907,58.7352519351371,54.9824353078232,95.082813615621,36.7177207889779,182.129811665547,86.9157329610709,61.7948865884696,60.515253789717,54.9316304280535
49.8176834188694,49.7702365341099,58.8931951884588,50.166964808697,179.581528244976,36.1826601026823,65.4884356381797,206.109768568154,161.267448138547,82.4356532138013,92.188008559086,182.430735239604,61.6904272782504,82.2653103808389,57.6416063997922,51.6068636321907,58.7352519351371,54.9824353078232,95.082813615621,36.7177207889779,182.129811665547,86.9157329610709,61.7948865884696,60.515253789717,54.9316304280535
49.8176834188694,49.7702365341099,58.8931951884588,50.166964808697,179.581528244976,36.1826601026823,65.4884356381797,206.109768568154,161.267448138547,82.4356532138013,92.188008559086,182.430735239604,61.6904272782504,82.2653103808389,57.6416063997922,51.6068636321907,58.7352519351371,54.9824353078232,95.082813615621,36.7177207889779,182.129811665547,86.9157329610709,61.7948865884696,60.515253789717,54.9316304280535
49.8176834188694,49.7702365341099,58.8931951884588,50.166964808697,179.581528244976,36.1826601026823,65.4884356381797,206.109768568154,161.267448138547,82.4356532138013,92.188008559086,182.430735239604,61.6904272782504,82.2653103808389,57.6416063997922,51.6068636321907,58.7352519351371,54.9824353078232,95.082813615621,36.7177207889779,182.129811665547,86.9157329610709,61.7948865884696,60.515253789717,54.9316304280535
49.8176834188694,49.7702365341099,58.8931951884588,50.166964808697,179.581528244976,36.1826601026823,65.4884356381797,206.109768568154,161.267448138547,82.4356532138013,92.188008559086,182.430735239604,61.6904272782504,82.2653103808389,57.6416063997922,51.6068636321907,58.7352519351371,54.9824353078232,95.082813615621,36.7177207889779,182.129811665547,86.9157329610709,61.7948865884696,60.515253789717,54.9316304280535
49.8176834188694,49.7702365341099,58.8931951884588,50.166964808697,179.581528244976,36.1826601026823,65.4884356381797,206.109768568154,161.267448138547,82.4356532138013,92.188008559086,182.430735239604,61.6904272782504,82.2653103808389,57.6416063997922,51.6068636321907,58.7352519351371,54.9824353078232,95.082813615621,36.7177207889779,182.129811665547,86.9157329610709,61.7948865884696,60.515253789717,54.9316304280535
49.8176834188694,49.7702365341099,58.8931951884588,50.166964808697,179.581528244976,36.1826601026823,65.4884356381797,206.109768568154,161.267448138547,82.4356532138013,92.188008559086,182.430735239604,61.6904272782504,82.2653103808389,57.6416063997922,51.6068636321907,58.7352519351371,54.9824353078232,95.082813615621,36.7177207889779,182.129811665547,86.9157329610709,61.7948865884696,60.515253789717,54.9316304280535
49.8176834188694,49.7702365341099,58.8931951884588,50.166964808697,179.581528244976,36.1826601026823,65.4884356381797,206.109768568154,161.267448138547,82.4356532138013,92.188008559086,182.430735239604,61.6904272782504,82.2653103808389,57.6416063997922,51.6068636321907,58.7352519351371,54.9824353078232,95.082813615621,36.7177207889779,182.129811665547,86.9157329610709,61.7948865884696,60.515253789717,54.9316304280535
49.8176834188694,49.7702365341099,58.8931951884588,50.166964808697,179.581528244976,36.1826601026823,65.4884356381797,206.109768568154,161.267448138547,82.4356532138013,92.188008559086,182.430735239604,61.6904272782504,82.2653103808389,57.6416063997922,51.6068636321907,58.7352519351371,54.9824353078232,95.082813615621,36.7177207889779,182.129811665547,86.9157329610709,61.7948865884696,60.515253789717,54.9316304280535
49.8176834188694,49.7702365341099,58.8931951884588,50.166964808697,179.581528244976,36.1826601026823,65.4884356381797,206.109768568154,161.267448138547,82.4356532138013,92.188008559086,182.430735239604,61.6904272782504,82.2653103808389,57.6416063997922,51.6068636321907,58.7352519351371,54.9824353078232,95.082813615621,36.7177207889779,182.129811665547,86.9157329610709,61.7948865884696,60.515253789717,54.9316304280535
49.8176834188694,49.7702365341099,58.8931951884588,50.166964808697,179.581528244976,36.1826601026823,65.4884356381797,206.109768568154,161.267448138547,82.4356532138013,92.188008559086,182.430735239604,61.6904272782504,82.2653103808389,57.6416063997922,51.6068636321907,58.7352519351371,54.9824353078232,95.082813615621,36.7177207889779,182.129811665547,86.9157329610709,61.7948865884696,60.515253789717,54.9316304280535
49.8176834188694,49.7702365341099,58.8931951884588,50.166964808697,179.581528244976,36.1826601026823,65.4884356381797,206.109768568154,161.267448138547,82.4356532138013,92.188008559086,182.430735239604,61.6904272782504,82.2653103808389,57.6416063997922,51.6068636321907,58.7352519351371,54.9824353078232,95.082813615621,36.7177207889779,182.129811665547,86.9157329610709,61.7948865884696,60.515253789717,54.9316304280535
49.8176834188694,49.7702365341099,58.8931951884588,50.166964808697,179.581528244976,36.1826601026823,65.4884356381797,206.109768568154,161.267448138547,82.4356532138013,92.188008559086,182.430735239604,61.6904272782504,82.2653103808389,57.6416063997922,51.6068636321907,58.7352519351371,54.9824353078232,95.082813615621,36.7177207889779,182.129811665547,86.9157329610709,61.7948865884696,60.515253789717,54.9316304280535
49.8176834188694,49.7702365341099,58.8931951884588,50.166964808697,179.581528244976,36.1826601026823,65.4884356381797,206.109768568154,161.267448138547,82.4356532138013,92.188008559086,182.430735239604,61.6904272782504,82.2653103808389,57.6416063997922,51.6068636321907,58.7352519351371,54.9824353078232,95.082813615621,36.7177207889779,182.129811665547,86.9157329610709,61.7948865884696,60.515253789717,54.9316304280535
49.8176834188694,49.7702365341099,58.8931951884588,50.166964808697,179.581528244976,36.1826601026823,65.4884356381797,206.109768568154,161.267448138547,82.4356532138013,92.188008559086,182.430735239604,61.6904272782504,82.2653103808389,57.6416063997922,51.6068636321907,58.7352519351371,54.9824353078232,95.082813615621,36.7177207889779,182.129811665547,86.9157329610709,61.7948865884696,60.515253789717,54.9316304280535
49.8176834188694,49.7702365341099,58.8931951884588,50.166964808697,179.581528244976,36.1826601026823,65.4884356381797,206.109768568154,161.267448138547,82.4356532138013,92.188008559086,182.430735239604,61.6904272782504,82.2653103808389,57.6416063997922,51.6068636321907,58.7352519351371,54.9824353078232,95.082813615621,36.7177207889779,182.129811665547,86.9157329610709,61.7948865884696,60.515253789717,54.9316304280535
49.8176834188694,49.7702365341099,58.8931951884588,50.166964808697,179.581528244976,36.1826601026823,65.4884356381797,206.109768568154,161.267448138547,82.4356532138013,92.188008559086,182.430735239604,61.6904272782504,82.2653103808389,57.6416063997922,51.6068636321907,58.7352519351371,54.9824353078232,95.082813615621,36.7177207889779,182.129811665547,86.9157329610709,61.7948865884696,60.515253789717,54.9316304280535
49.8176834188694,49.7702365341099,58.8931951884588,50.166964808697,179.581528244976,36.1826601026823,65.4884356381797,206.109768568154,161.267448138547,82.4356532138013,92.188008559086,182.430735239604,61.6904272782504,82.2653103808389,57.6416063997922,51.6068636321907,58.7352519351371,54.9824353078232,95.082813615621,36.7177207889779,182.129811665547,86.9157329610709,61.7948865884696,60.515253789717,54.9316304280535
49.8176834188694,49.7702365341099,58.8931951884588,50.166964808697,179.581528244976,36.1826601026823,65.4884356381797,206.109768568154,161.267448138547,82.4356532138013,92.188008559086,182.430735239604,61.6904272782504,82.2653103808389,57.6416063997922,51.6068636321907,58.7352519351371,54.9824353078232,95.082813615621,36.7177207889779,182.129811665547,86.9157329610709,61.7948865884696,60.515253789717,54.9316304280535
49.8176834188694,49.7702365341099,58.8931951884588,50.166964808697,179.581528244976,36.1826601026823,65.4884356381797,206.109768568154,161.267448138547,82.4356532138013,92.188008559086,182.430735239604,61.6904272782504,82.2653103808389,57.6416063997922,51.6068636321907,58.7352519351371,54.9824353078232,95.082813615621,36.7177207889779,182.129811665547,86.9157329610709,61.7948865884696,60.515253789717,54.9316304280535
49.8176834188694,49.7702365341099,58.8931951884588,50.166964808697,179.581528244976,36.1826601026823,65.4884356381797,206.109768568154,161.267448138547,82.4356532138013,92.188008559086,182.430735239604,61.6904272782504,82.2653103808389,57.6416063997922,51.6068636321907,58.7352519351371,54.9824353078232,95.082813615621,36.7177207889779,182.129811665547,86.9157329610709,61.7948865884696,60.515253789717,54.9316304280535
49.8176834188694,49.7702365341099,58.8931951884588,50.166964808697,179.581528244976,36.1826601026823,65.4884356381797,206.109768568154,161.267448138547,82.4356532138013,92.188008559086,182.430735239604,61.6904272782504,82.2653103808389,57.6416063997922,51.6068636321907,58.7352519351371,54.9824353078232,95.082813615621,36.7177207889779,182.129811665547,86.9157329610709,61.7948865884696,60.515253789717,54.9316304280535
49.8176834188694,49.7702365341099,58.8931951884588,50.166964808697,179.581528244976,36.1826601026823,65.4884356381797,206.109768568154,161.267448138547,82.4356532138013,92.188008559086,182.430735239604,61.6904272782504,82.2653103808389,57.6416063997922,51.6068636321907,58.7352519351371,54.9824353078232,95.082813615621,36.7177207889779,182.129811665547,86.9157329610709,61.7948865884696,60.515253789717,54.9316304280535
49.8176834188694,49.7702365341099,58.8931951884588,50.166964808697,179.581528244976,36.1826601026823,65.4884356381797,206.109768568154,161.267448138547,82.4356532138013,92.188008559086,182.430735239604,61.6904272782504,82.2653103808389,57.6416063997922,51.6068636321907,58.7352519351371,54.9824353078232,95.082813615621,36.7177207889779,182.129811665547,86.9157329610709,61.7948865884696,60.515253789717,54.9316304280535
49.8176834188694,49.7702365341099,58.8931951884588,50.166964808697,179.581528244976,36.1826601026823,65.4884356381797,206.109768568154,161.267448138547,82.4356532138013,92.188008559086,182.430735239604,61.6904272782504,82.2653103808389,57.6416063997922,51.6068636321907,58.7352519351371,54.9824353078232,95.082813615621,36.7177207889779,182.129811665547,86.9157329610709,61.7948865884696,60.515253789717,54.9316304280535
49.8176834188694,49.7702365341099,58.8931951884588,50.166964808697,179.581528244976,36.1826601026823,65.4884356381797,206.109768568154,161.267448138547,82.4356532138013,92.188008559086,182.430735239604,61.6904272782504,82.2653103808389,57.6416063997922,51.6068636321907,58.7352519351371,54.9824353078232,95.082813615621,36.7177207889779,182.129811665547,86.9157329610709,61.7948865884696,60.515253789717,54.9316304280535
49.8176834188694,49.7702365341099,58.8931951884588,50.166964808697,179.581528244976,36.1826601026823,65.4884356381797,206.109768568154,161.267448138547,82.4356532138013,92.188008559086,182.430735239604,61.6904272782504,82.2653103808389,57.6416063997922,51.6068636321907,58.7352519351371,54.9824353078232,95.082813615621,36.7177207889779,182.129811665547,86.9157329610709,61.7948865884696,60.515253789717,54.9316304280535
49.8176834188694,49.7702365341099,58.8931951884588,50.166964808697,179.581528244976,36.1826601026823,65.4884356381797,206.109768568154,161.267448138547,82.4356532138013,92.188008559086,182.430735239604,61.6904272782504,82.2653103808389,57.6416063997922,51.6068636321907,58.7352519351371,54.9824353078232,95.082813615621,36.7177207889779,182.129811665547,86.9157329610709,61.7948865884696,60.515253789717,54.9316304280535
49.8176834188694,49.7702365341099,58.8931951884588,50.166964808697,179.581528244976,36.1826601026823,65.4884356381797,206.109768568154,161.267448138547,82.4356532138013,92.188008559086,182.430735239604,61.6904272782504,82.2653103808389,57.6416063997922,51.6068636321907,58.7352519351371,54.9824353078232,95.082813615621,36.7177207889779,182.129811665547,86.9157329610709,61.7948865884696,60.515253789717,54.9316304280535
49.8176834188694,49.7702365341099,58.8931951884588,50.166964808697,179.581528244976,36.1826601026823,65.4884356381797,206.109768568154,161.267448138547,82.4356532138013,92.188008559086,182.430735239604,61.6904272782504,82.2653103808389,57.6416063997922,51.6068636321907,58.7352519351371,54.9824353078232,95.082813615621,36.7177207889779,182.129811665547,86.9157329610709,61.7948865884696,60.515253789717,54.9316304280535
49.8176834188694,49.7702365341099,58.8931951884588,50.166964808697,179.581528244976,36.1826601026823,65.4884356381797,206.109768568154,161.267448138547,82.4356532138013,92.188008559086,182.430735239604,61.6904272782504,82.2653103808389,57.6416063997922,51.6068636321907,58.7352519351371,54.9824353078232,95.082813615621,36.7177207889779,182.129811665547,86.9157329610709,61.7948865884696,60.515253789717,54.9316304280535
49.8176834188694,49.7702365341099,58.8931951884588,50.166964808697,179.581528244976,36.1826601026823,65.4884356381797,206.109768568154,161.267448138547,82.4356532138013,92.188008559086,182.430735239604,61.6904272782504,82.2653103808389,57.6416063997922,51.6068636321907,58.7352519351371,54.9824353078232,95.082813615621,36.7177207889779,182.129811665547,86.9157329610709,61.7948865884696,60.515253789717,54.9316304280535
49.8176834188694,49.7702365341099,58.8931951884588,50.166964808697,179.581528244976,36.1826601026823,65.4884356381797,206.109768568154,161.267448138547,82.4356532138013,92.188008559086,182.430735239604,61.6904272782504,82.2653103808389,57.6416063997922,51.6068636321907,58.7352519351371,54.9824353078232,95.082813615621,36.7177207889779,182.129811665547,86.9157329610709,61.7948865884696,60.515253789717,54.9316304280535
49.8176834188694,49.7702365341099,58.8931951884588,50.166964808697,179.581528244976,36.1826601026823,65.4884356381797,206.109768568154,161.267448138547,82.4356532138013,92.188008559086,182.430735239604,61.6904272782504,82.2653103808389,57.6416063997922,51.6068636321907,58.7352519351371,54.9824353078232,95.082813615621,36.7177207889779,182.129811665547,86.9157329610709,61.7948865884696,60.515253789717,54.9316304280535
49.8176834188694,49.7702365341099,58.8931951884588,50.166964808697,179.581528244976,36.1826601026823,65.4884356381797,206.109768568154,161.267448138547,82.4356532138013,92.188008559086,182.430735239604,61.6904272782504,82.2653103808389,57.6416063997922,51.6068636321907,58.7352519351371,54.9824353078232,95.082813615621,36.7177207889779,182.129811665547,86.9157329610709,61.7948865884696,60.515253789717,54.9316304280535
49.8176834188694,49.7702365341099,58.8931951884588,50.166964808697,179.581528244976,36.1826601026823,65.4884356381797,206.109768568154,161.267448138547,82.4356532138013,92.188008559086,182.430735239604,61.6904272782504,82.2653103808389,57.6416063997922,51.6068636321907,58.7352519351371,54.9824353078232,95.082813615621,36.7177207889779,182.129811665547,86.9157329610709,61.7948865884696,60.515253789717,54.9316304280535
49.8176834188694,49.7702365341099,58.8931951884588,50.166964808697,179.581528244976,36.1826601026823,65.4884356381797,206.109768568154,161.267448138547,82.4356532138013,92.188008559086,182.430735239604,61.6904272782504,82.2653103808389,57.6416063997922,51.6068636321907,58.7352519351371,54.9824353078232,95.082813615621,36.7177207889779,182.129811665547,86.9157329610709,61.7948865884696,60.515253789717,54.9316304280535
49.8176834188694,49.7702365341099,58.8931951884588,50.166964808697,179.581528244976,36.1826601026823,65.4884356381797,206.109768568154,161.267448138547,82.4356532138013,92.188008559086,182.430735239604,61.6904272782504,82.2653103808389,57.6416063997922,51.6068636321907,58.7352519351371,54.9824353078232,95.082813615621,36.7177207889779,182.129811665547,86.9157329610709,61.7948865884696,60.515253789717,54.9316304280535
49.8176834188694,49.7702365341099,58.8931951884588,50.166964808697,179.581528244976,36.1826601026823,65.4884356381797,206.109768568154,161.267448138547,82.4356532138013,92.188008559086,182.430735239604,61.6904272782504,82.2653103808389,57.6416063997922,51.6068636321907,58.7352519351371,54.9824353078232,95.082813615621,36.7177207889779,182.129811665547,86.9157329610709,61.7948865884696,60.515253789717,54.9316304280535
49.8176834188694,49.7702365341099,58.8931951884588,50.166964808697,179.581528244976,36.1826601026823,65.4884356381797,206.109768568154,161.267448138547,82.4356532138013,92.188008559086,182.430735239604,61.6904272782504,82.2653103808389,57.6416063997922,51.6068636321907,58.7352519351371,54.9824353078232,95.082813615621,36.7177207889779,182.129811665547,86.9157329610709,61.7948865884696,60.515253789717,54.9316304280535
49.8176834188694,49.7702365341099,58.8931951884588,50.166964808697,179.581528244976,36.1826601026823,65.4884356381797,206.109768568154,161.267448138547,82.4356532138013,92.188008559086,182.430735239604,61.6904272782504,82.2653103808389,57.6416063997922,51.6068636321907,58.7352519351371,54.9824353078232,95.082813615621,36.7177207889779,182.129811665547,86.9157329610709,61.7948865884696,60.515253789717,54.9316304280535
49.8176834188694,49.7702365341099,58.8931951884588,50.166964808697,179.581528244976,36.1826601026823,65.4884356381797,206.109768568154,161.267448138547,82.4356532138013,92.188008559086,182.430735239604,61.6904272782504,82.2653103808389,57.6416063997922,51.6068636321907,58.7352519351371,54.9824353078232,95.082813615621,36.7177207889779,182.129811665547,86.9157329610709,61.7948865884696,60.515253789717,54.9316304280535
49.8176834188694,49.7702365341099,58.8931951884588,50.166964808697,179.581528244976,36.1826601026823,65.4884356381797,206.109768568154,161.267448138547,82.4356532138013,92.188008559086,182.430735239604,61.6904272782504,82.2653103808389,57.6416063997922,51.6068636321907,58.7352519351371,54.9824353078232,95.082813615621,36.7177207889779,182.129811665547,86.9157329610709,61.7948865884696,60.515253789717,54.9316304280535
49.8176834188694,49.7702365341099,58.8931951884588,50.166964808697,179.581528244976,36.1826601026823,65.4884356381797,206.109768568154,161.267448138547,82.4356532138013,92.188008559086,182.430735239604,61.6904272782504,82.2653103808389,57.6416063997922,51.6068636321907,58.7352519351371,54.9824353078232,95.082813615621,36.7177207889779,182.129811665547,86.9157329610709,61.7948865884696,60.515253789717,54.9316304280535
49.8176834188694,49.7702365341099,58.8931951884588,50.166964808697,179.581528244976,36.1826601026823,65.4884356381797,206.109768568154,161.267448138547,82.4356532138013,92.188008559086,182.430735239604,61.6904272782504,82.2653103808389,57.6416063997922,51.6068636321907,58.7352519351371,54.9824353078232,95.082813615621,36.7177207889779,182.129811665547,86.9157329610709,61.7948865884696,60.515253789717,54.9316304280535
49.8176834188694,49.7702365341099,58.8931951884588,50.166964808697,179.581528244976,36.1826601026823,65.4884356381797,206.109768568154,161.267448138547,82.4356532138013,92.188008559086,182.430735239604,61.6904272782504,82.2653103808389,57.6416063997922,51.6068636321907,58.7352519351371,54.9824353078232,95.082813615621,36.7177207889779,182.129811665547,86.9157329610709,61.7948865884696,60.515253789717,54.9316304280535
49.8176834188694,49.7702365341099,58.8931951884588,50.166964808697,179.581528244976,36.1826601026823,65.4884356381797,206.109768568154,161.267448138547,82.4356532138013,92.188008559086,182.430735239604,61.6904272782504,82.2653103808389,57.6416063997922,51.6068636321907,58.7352519351371,54.9824353078232,95.082813615621,36.7177207889779,182.129811665547,86.9157329610709,61.7948865884696,60.515253789717,54.9316304280535
49.8176834188694,49.7702365341099,58.8931951884588,50.166964808697,179.581528244976,36.1826601026823,65.4884356381797,206.109768568154,161.267448138547,82.4356532138013,92.188008559086,182.430735239604,61.6904272782504,82.2653103808389,57.6416063997922,51.6068636321907,58.7352519351371,54.9824353078232,95.082813615621,36.7177207889779,182.129811665547,86.9157329610709,61.7948865884696,60.515253789717,54.9316304280535
49.8176834188694,49.7702365341099,58.8931951884588,50.166964808697,179.581528244976,36.1826601026823,65.4884356381797,206.109768568154,161.267448138547,82.4356532138013,92.188008559086,182.430735239604,61.6904272782504,82.2653103808389,57.6416063997922,51.6068636321907,58.7352519351371,54.9824353078232,95.082813615621,36.7177207889779,182.129811665547,86.9157329610709,61.7948865884696,60.515253789717,54.9316304280535
49.8176834188694,49.7702365341099,58.8931951884588,50.166964808697,179.581528244976,36.1826601026823,65.4884356381797,206.109768568154,161.267448138547,82.4356532138013,92.188008559086,182.430735239604,61.6904272782504,82.2653103808389,57.6416063997922,51.6068636321907,58.7352519351371,54.9824353078232,95.082813615621,36.7177207889779,182.129811665547,86.9157329610709,61.7948865884696,60.515253789717,54.9316304280535
49.8176834188694,49.7702365341099,58.8931951884588,50.166964808697,179.581528244976,36.1826601026823,65.4884356381797,206.109768568154,161.267448138547,82.4356532138013,92.188008559086,182.430735239604,61.6904272782504,82.2653103808389,57.6416063997922,51.6068636321907,58.7352519351371,54.9824353078232,95.082813615621,36.7177207889779,182.129811665547,86.9157329610709,61.7948865884696,60.515253789717,54.9316304280535
49.8176834188694,49.7702365341099,58.8931951884588,50.166964808697,179.581528244976,36.1826601026823,65.4884356381797,206.109768568154,161.267448138547,82.4356532138013,92.188008559086,182.430735239604,61.6904272782504,82.2653103808389,57.6416063997922,51.6068636321907,58.7352519351371,54.9824353078232,95.082813615621,36.7177207889779,182.129811665547,86.9157329610709,61.7948865884696,60.515253789717,54.9316304280535
49.8176834188694,49.7702365341099,58.8931951884588,50.166964808697,179.581528244976,36.1826601026823,65.4884356381797,206.109768568154,161.267448138547,82.4356532138013,92.188008559086,182.430735239604,61.6904272782504,82.2653103808389,57.6416063997922,51.6068636321907,58.7352519351371,54.9824353078232,95.082813615621,36.7177207889779,182.129811665547,86.9157329610709,61.7948865884696,60.515253789717,54.9316304280535
49.8176834188694,49.7702365341099,58.8931951884588,50.166964808697,179.581528244976,36.1826601026823,65.4884356381797,206.109768568154,161.267448138547,82.4356532138013,92.188008559086,182.430735239604,61.6904272782504,82.2653103808389,57.6416063997922,51.6068636321907,58.7352519351371,54.9824353078232,95.082813615621,36.7177207889779,182.129811665547,86.9157329610709,61.7948865884696,60.515253789717,54.9316304280535
49.8176834188694,49.7702365341099,58.8931951884588,50.166964808697,179.581528244976,36.1826601026823,65.4884356381797,206.109768568154,161.267448138547,82.4356532138013,92.188008559086,182.430735239604,61.6904272782504,82.2653103808389,57.6416063997922,51.6068636321907,58.7352519351371,54.9824353078232,95.082813615621,36.7177207889779,182.129811665547,86.9157329610709,61.7948865884696,60.515253789717,54.9316304280535
49.8176834188694,49.7702365341099,58.8931951884588,50.166964808697,179.581528244976,36.1826601026823,65.4884356381797,206.109768568154,161.267448138547,82.4356532138013,92.188008559086,182.430735239604,61.6904272782504,82.2653103808389,57.6416063997922,51.6068636321907,58.7352519351371,54.9824353078232,95.082813615621,36.7177207889779,182.129811665547,86.9157329610709,61.7948865884696,60.515253789717,54.9316304280535
49.8176834188694,49.7702365341099,58.8931951884588,50.166964808697,179.581528244976,36.1826601026823,65.4884356381797,206.109768568154,161.267448138547,82.4356532138013,92.188008559086,182.430735239604,61.6904272782504,82.2653103808389,57.6416063997922,51.6068636321907,58.7352519351371,54.9824353078232,95.082813615621,36.7177207889779,182.129811665547,86.9157329610709,61.7948865884696,60.515253789717,54.9316304280535
49.8176834188694,49.7702365341099,58.8931951884588,50.166964808697,179.581528244976,36.1826601026823,65.4884356381797,206.109768568154,161.267448138547,82.4356532138013,92.188008559086,182.430735239604,61.6904272782504,82.2653103808389,57.6416063997922,51.6068636321907,58.7352519351371,54.9824353078232,95.082813615621,36.7177207889779,182.129811665547,86.9157329610709,61.7948865884696,60.515253789717,54.9316304280535
49.8176834188694,49.7702365341099,58.8931951884588,50.166964808697,179.581528244976,36.1826601026823,65.4884356381797,206.109768568154,161.267448138547,82.4356532138013,92.188008559086,182.430735239604,61.6904272782504,82.2653103808389,57.6416063997922,51.6068636321907,58.7352519351371,54.9824353078232,95.082813615621,36.7177207889779,182.129811665547,86.9157329610709,61.7948865884696,60.515253789717,54.9316304280535
49.8176834188694,49.7702365341099,58.8931951884588,50.166964808697,179.581528244976,36.1826601026823,65.4884356381797,206.109768568154,161.267448138547,82.4356532138013,92.188008559086,182.430735239604,61.6904272782504,82.2653103808389,57.6416063997922,51.6068636321907,58.7352519351371,54.9824353078232,95.082813615621,36.7177207889779,182.129811665547,86.9157329610709,61.7948865884696,60.515253789717,54.9316304280535
49.8176834188694,49.7702365341099,58.8931951884588,50.166964808697,179.581528244976,36.1826601026823,65.4884356381797,206.109768568154,161.267448138547,82.4356532138013,92.188008559086,182.430735239604,61.6904272782504,82.2653103808389,57.6416063997922,51.6068636321907,58.7352519351371,54.9824353078232,95.082813615621,36.7177207889779,182.129811665547,86.9157329610709,61.7948865884696,60.515253789717,54.9316304280535
49.8176834188694,49.7702365341099,58.8931951884588,50.166964808697,179.581528244976,36.1826601026823,65.4884356381797,206.109768568154,161.267448138547,82.4356532138013,92.188008559086,182.430735239604,61.6904272782504,82.2653103808389,57.6416063997922,51.6068636321907,58.7352519351371,54.9824353078232,95.082813615621,36.7177207889779,182.129811665547,86.9157329610709,61.7948865884696,60.515253789717,54.9316304280535
49.8176834188694,49.7702365341099,58.8931951884588,50.166964808697,179.581528244976,36.1826601026823,65.4884356381797,206.109768568154,161.267448138547,82.4356532138013,92.188008559086,182.430735239604,61.6904272782504,82.2653103808389,57.6416063997922,51.6068636321907,58.7352519351371,54.9824353078232,95.082813615621,36.7177207889779,182.129811665547,86.9157329610709,61.7948865884696,60.515253789717,54.9316304280535
49.8176834188694,49.7702365341099,58.8931951884588,50.166964808697,179.581528244976,36.1826601026823,65.4884356381797,206.109768568154,161.267448138547,82.4356532138013,92.188008559086,182.430735239604,61.6904272782504,82.2653103808389,57.6416063997922,51.6068636321907,58.7352519351371,54.9824353078232,95.082813615621,36.7177207889779,182.129811665547,86.9157329610709,61.7948865884696,60.515253789717,54.9316304280535
49.8176834188694,49.7702365341099,58.8931951884588,50.166964808697,179.581528244976,36.1826601026823,65.4884356381797,206.109768568154,161.267448138547,82.4356532138013,92.188008559086,182.430735239604,61.6904272782504,82.2653103808389,57.6416063997922,51.6068636321907,58.7352519351371,54.9824353078232,95.082813615621,36.7177207889779,182.129811665547,86.9157329610709,61.7948865884696,60.515253789717,54.9316304280535
49.8176834188694,49.7702365341099,58.8931951884588,50.166964808697,179.581528244976,36.1826601026823,65.4884356381797,206.109768568154,161.267448138547,82.4356532138013,92.188008559086,182.430735239604,61.6904272782504,82.2653103808389,57.6416063997922,51.6068636321907,58.7352519351371,54.9824353078232,95.082813615621,36.7177207889779,182.129811665547,86.9157329610709,61.7948865884696,60.515253789717,54.9316304280535
49.8176834188694,49.7702365341099,58.8931951884588,50.166964808697,179.581528244976,36.1826601026823,65.4884356381797,206.109768568154,161.267448138547,82.4356532138013,92.188008559086,182.430735239604,61.6904272782504,82.2653103808389,57.6416063997922,51.6068636321907,58.7352519351371,54.9824353078232,95.082813615621,36.7177207889779,182.129811665547,86.9157329610709,61.7948865884696,60.515253789717,54.9316304280535
49.8176834188694,49.7702365341099,58.8931951884588,50.166964808697,179.581528244976,36.1826601026823,65.4884356381797,206.109768568154,161.267448138547,82.4356532138013,92.188008559086,182.430735239604,61.6904272782504,82.2653103808389,57.6416063997922,51.6068636321907,58.7352519351371,54.9824353078232,95.082813615621,36.7177207889779,182.129811665547,86.9157329610709,61.7948865884696,60.515253789717,54.9316304280535
49.8176834188694,49.7702365341099,58.8931951884588,50.166964808697,179.581528244976,36.1826601026823,65.4884356381797,206.109768568154,161.267448138547,82.4356532138013,92.188008559086,182.430735239604,61.6904272782504,82.2653103808389,57.6416063997922,51.6068636321907,58.7352519351371,54.9824353078232,95.082813615621,36.7177207889779,182.129811665547,86.9157329610709,61.7948865884696,60.515253789717,54.9316304280535
49.8176834188694,49.7702365341099,58.8931951884588,50.166964808697,179.581528244976,36.1826601026823,65.4884356381797,206.109768568154,161.267448138547,82.4356532138013,92.188008559086,182.430735239604,61.6904272782504,82.2653103808389,57.6416063997922,51.6068636321907,58.7352519351371,54.9824353078232,95.082813615621,36.7177207889779,182.129811665547,86.9157329610709,61.7948865884696,60.515253789717,54.9316304280535
49.8176834188694,49.7702365341099,58.8931951884588,50.166964808697,179.581528244976,36.1826601026823,65.4884356381797,206.109768568154,161.267448138547,82.4356532138013,92.188008559086,182.430735239604,61.6904272782504,82.2653103808389,57.6416063997922,51.6068636321907,58.7352519351371,54.9824353078232,95.082813615621,36.7177207889779,182.129811665547,86.9157329610709,61.7948865884696,60.515253789717,54.9316304280535
49.8176834188694,49.7702365341099,58.8931951884588,50.166964808697,179.581528244976,36.1826601026823,65.4884356381797,206.109768568154,161.267448138547,82.4356532138013,92.188008559086,182.430735239604,61.6904272782504,82.2653103808389,57.6416063997922,51.6068636321907,58.7352519351371,54.9824353078232,95.082813615621,36.7177207889779,182.129811665547,86.9157329610709,61.7948865884696,60.515253789717,54.9316304280535
49.8176834188694,49.7702365341099,58.8931951884588,50.166964808697,179.581528244976,36.1826601026823,65.4884356381797,206.109768568154,161.267448138547,82.4356532138013,92.188008559086,182.430735239604,61.6904272782504,82.2653103808389,57.6416063997922,51.6068636321907,58.7352519351371,54.9824353078232,95.082813615621,36.7177207889779,182.129811665547,86.9157329610709,61.7948865884696,60.515253789717,54.9316304280535
49.8176834188694,49.7702365341099,58.8931951884588,50.166964808697,179.581528244976,36.1826601026823,65.4884356381797,206.109768568154,161.267448138547,82.4356532138013,92.188008559086,182.430735239604,61.6904272782504,82.2653103808389,57.6416063997922,51.6068636321907,58.7352519351371,54.9824353078232,95.082813615621,36.7177207889779,182.129811665547,86.9157329610709,61.7948865884696,60.515253789717,54.9316304280535
49.8176834188694,49.7702365341099,58.8931951884588,50.166964808697,179.581528244976,36.1826601026823,65.4884356381797,206.109768568154,161.267448138547,82.4356532138013,92.188008559086,182.430735239604,61.6904272782504,82.2653103808389,57.6416063997922,51.6068636321907,58.7352519351371,54.9824353078232,95.082813615621,36.7177207889779,182.129811665547,86.9157329610709,61.7948865884696,60.515253789717,54.9316304280535
49.8176834188694,49.7702365341099,58.8931951884588,50.166964808697,179.581528244976,36.1826601026823,65.4884356381797,206.109768568154,161.267448138547,82.4356532138013,92.188008559086,182.430735239604,61.6904272782504,82.2653103808389,57.6416063997922,51.6068636321907,58.7352519351371,54.9824353078232,95.082813615621,36.7177207889779,182.129811665547,86.9157329610709,61.7948865884696,60.515253789717,54.9316304280535
49.8176834188694,49.7702365341099,58.8931951884588,50.166964808697,179.581528244976,36.1826601026823,65.4884356381797,206.109768568154,161.267448138547,82.4356532138013,92.188008559086,182.430735239604,61.6904272782504,82.2653103808389,57.6416063997922,51.6068636321907,58.7352519351371,54.9824353078232,95.082813615621,36.7177207889779,182.129811665547,86.9157329610709,61.7948865884696,60.515253789717,54.9316304280535
49.8176834188694,49.7702365341099,58.8931951884588,50.166964808697,179.581528244976,36.1826601026823,65.4884356381797,206.109768568154,161.267448138547,82.4356532138013,92.188008559086,182.430735239604,61.6904272782504,82.2653103808389,57.6416063997922,51.6068636321907,58.7352519351371,54.9824353078232,95.082813615621,36.7177207889779,182.129811665547,86.9157329610709,61.7948865884696,60.515253789717,54.9316304280535
49.8176834188694,49.7702365341099,58.8931951884588,50.166964808697,179.581528244976,36.1826601026823,65.4884356381797,206.109768568154,161.267448138547,82.4356532138013,92.188008559086,182.430735239604,61.6904272782504,82.2653103808389,57.6416063997922,51.6068636321907,58.7352519351371,54.9824353078232,95.082813615621,36.7177207889779,182.129811665547,86.9157329610709,61.7948865884696,60.515253789717,54.9316304280535
49.8176834188694,49.7702365341099,58.8931951884588,50.166964808697,179.581528244976,36.1826601026823,65.4884356381797,206.109768568154,161.267448138547,82.4356532138013,92.188008559086,182.430735239604,61.6904272782504,82.2653103808389,57.6416063997922,51.6068636321907,58.7352519351371,54.9824353078232,95.082813615621,36.7177207889779,182.129811665547,86.9157329610709,61.7948865884696,60.515253789717,54.9316304280535
49.8176834188694,49.7702365341099,58.8931951884588,50.166964808697,179.581528244976,36.1826601026823,65.4884356381797,206.109768568154,161.267448138547,82.4356532138013,92.188008559086,182.430735239604,61.6904272782504,82.2653103808389,57.6416063997922,51.6068636321907,58.7352519351371,54.9824353078232,95.082813615621,36.7177207889779,182.129811665547,86.9157329610709,61.7948865884696,60.515253789717,54.9316304280535
49.8176834188694,49.7702365341099,58.8931951884588,50.166964808697,179.581528244976,36.1826601026823,65.4884356381797,206.109768568154,161.267448138547,82.4356532138013,92.188008559086,182.430735239604,61.6904272782504,82.2653103808389,57.6416063997922,51.6068636321907,58.7352519351371,54.9824353078232,95.082813615621,36.7177207889779,182.129811665547,86.9157329610709,61.7948865884696,60.515253789717,54.9316304280535
49.8176834188694,49.7702365341099,58.8931951884588,50.166964808697,179.581528244976,36.1826601026823,65.4884356381797,206.109768568154,161.267448138547,82.4356532138013,92.188008559086,182.430735239604,61.6904272782504,82.2653103808389,57.6416063997922,51.6068636321907,58.7352519351371,54.9824353078232,95.082813615621,36.7177207889779,182.129811665547,86.9157329610709,61.7948865884696,60.515253789717,54.9316304280535
49.8176834188694,49.7702365341099,58.8931951884588,50.166964808697,179.581528244976,36.1826601026823,65.4884356381797,206.109768568154,161.267448138547,82.4356532138013,92.188008559086,182.430735239604,61.6904272782504,82.2653103808389,57.6416063997922,51.6068636321907,58.7352519351371,54.9824353078232,95.082813615621,36.7177207889779,182.129811665547,86.9157329610709,61.7948865884696,60.515253789717,54.9316304280535
49.8176834188694,49.7702365341099,58.8931951884588,50.166964808697,179.581528244976,36.1826601026823,65.4884356381797,206.109768568154,161.267448138547,82.4356532138013,92.188008559086,182.430735239604,61.6904272782504,82.2653103808389,57.6416063997922,51.6068636321907,58.7352519351371,54.9824353078232,95.082813615621,36.7177207889779,182.129811665547,86.9157329610709,61.7948865884696,60.515253789717,54.9316304280535
49.8176834188694,49.7702365341099,58.8931951884588,50.166964808697,179.581528244976,36.1826601026823,65.4884356381797,206.109768568154,161.267448138547,82.4356532138013,92.188008559086,182.430735239604,61.6904272782504,82.2653103808389,57.6416063997922,51.6068636321907,58.7352519351371,54.9824353078232,95.082813615621,36.7177207889779,182.129811665547,86.9157329610709,61.7948865884696,60.515253789717,54.9316304280535
49.8176834188694,49.7702365341099,58.8931951884588,50.166964808697,179.581528244976,36.1826601026823,65.4884356381797,206.109768568154,161.267448138547,82.4356532138013,92.188008559086,182.430735239604,61.6904272782504,82.2653103808389,57.6416063997922,51.6068636321907,58.7352519351371,54.9824353078232,95.082813615621,36.7177207889779,182.129811665547,86.9157329610709,61.7948865884696,60.515253789717,54.9316304280535
49.8176834188694,49.7702365341099,58.8931951884588,50.166964808697,179.581528244976,36.1826601026823,65.4884356381797,206.109768568154,161.267448138547,82.4356532138013,92.188008559086,182.430735239604,61.6904272782504,82.2653103808389,57.6416063997922,51.6068636321907,58.7352519351371,54.9824353078232,95.082813615621,36.7177207889779,182.129811665547,86.9157329610709,61.7948865884696,60.515253789717,54.9316304280535
49.8176834188694,49.7702365341099,58.8931951884588,50.166964808697,179.581528244976,36.1826601026823,65.4884356381797,206.109768568154,161.267448138547,82.4356532138013,92.188008559086,182.430735239604,61.6904272782504,82.2653103808389,57.6416063997922,51.6068636321907,58.7352519351371,54.9824353078232,95.082813615621,36.7177207889779,182.129811665547,86.9157329610709,61.7948865884696,60.515253789717,54.9316304280535
49.8176834188694,49.7702365341099,58.8931951884588,50.166964808697,179.581528244976,36.1826601026823,65.4884356381797,206.109768568154,161.267448138547,82.4356532138013,92.188008559086,182.430735239604,61.6904272782504,82.2653103808389,57.6416063997922,51.6068636321907,58.7352519351371,54.9824353078232,95.082813615621,36.7177207889779,182.129811665547,86.9157329610709,61.7948865884696,60.515253789717,54.9316304280535
49.8176834188694,49.7702365341099,58.8931951884588,50.166964808697,179.581528244976,36.1826601026823,65.4884356381797,206.109768568154,161.267448138547,82.4356532138013,92.188008559086,182.430735239604,61.6904272782504,82.2653103808389,57.6416063997922,51.6068636321907,58.7352519351371,54.9824353078232,95.082813615621,36.7177207889779,182.129811665547,86.9157329610709,61.7948865884696,60.515253789717,54.9316304280535
49.8176834188694,49.7702365341099,58.8931951884588,50.166964808697,179.581528244976,36.1826601026823,65.4884356381797,206.109768568154,161.267448138547,82.4356532138013,92.188008559086,182.430735239604,61.6904272782504,82.2653103808389,57.6416063997922,51.6068636321907,58.7352519351371,54.9824353078232,95.082813615621,36.7177207889779,182.129811665547,86.9157329610709,61.7948865884696,60.515253789717,54.9316304280535
49.8176834188694,49.7702365341099,58.8931951884588,50.166964808697,179.581528244976,36.1826601026823,65.4884356381797,206.109768568154,161.267448138547,82.4356532138013,92.188008559086,182.430735239604,61.6904272782504,82.2653103808389,57.6416063997922,51.6068636321907,58.7352519351371,54.9824353078232,95.082813615621,36.7177207889779,182.129811665547,86.9157329610709,61.7948865884696,60.515253789717,54.9316304280535
49.8176834188694,49.7702365341099,58.8931951884588,50.166964808697,179.581528244976,36.1826601026823,65.4884356381797,206.109768568154,161.267448138547,82.4356532138013,92.188008559086,182.430735239604,61.6904272782504,82.2653103808389,57.6416063997922,51.6068636321907,58.7352519351371,54.9824353078232,95.082813615621,36.7177207889779,182.129811665547,86.9157329610709,61.7948865884696,60.515253789717,54.9316304280535
49.8176834188694,49.7702365341099,58.8931951884588,50.166964808697,179.581528244976,36.1826601026823,65.4884356381797,206.109768568154,161.267448138547,82.4356532138013,92.188008559086,182.430735239604,61.6904272782504,82.2653103808389,57.6416063997922,51.6068636321907,58.7352519351371,54.9824353078232,95.082813615621,36.7177207889779,182.129811665547,86.9157329610709,61.7948865884696,60.515253789717,54.9316304280535
49.8176834188694,49.7702365341099,58.8931951884588,50.166964808697,179.581528244976,36.1826601026823,65.4884356381797,206.109768568154,161.267448138547,82.4356532138013,92.188008559086,182.430735239604,61.6904272782504,82.2653103808389,57.6416063997922,51.6068636321907,58.7352519351371,54.9824353078232,95.082813615621,36.7177207889779,182.129811665547,86.9157329610709,61.7948865884696,60.515253789717,54.9316304280535
49.8176834188694,49.7702365341099,58.8931951884588,50.166964808697,179.581528244976,36.1826601026823,65.4884356381797,206.109768568154,161.267448138547,82.4356532138013,92.188008559086,182.430735239604,61.6904272782504,82.2653103808389,57.6416063997922,51.6068636321907,58.7352519351371,54.9824353078232,95.082813615621,36.7177207889779,182.129811665547,86.9157329610709,61.7948865884696,60.515253789717,54.9316304280535
49.8176834188694,49.7702365341099,58.8931951884588,50.166964808697,179.581528244976,36.1826601026823,65.4884356381797,206.109768568154,161.267448138547,82.4356532138013,92.188008559086,182.430735239604,61.6904272782504,82.2653103808389,57.6416063997922,51.6068636321907,58.7352519351371,54.9824353078232,95.082813615621,36.7177207889779,182.129811665547,86.9157329610709,61.7948865884696,60.515253789717,54.9316304280535
49.8176834188694,49.7702365341099,58.8931951884588,50.166964808697,179.581528244976,36.1826601026823,65.4884356381797,206.109768568154,161.267448138547,82.4356532138013,92.188008559086,182.430735239604,61.6904272782504,82.2653103808389,57.6416063997922,51.6068636321907,58.7352519351371,54.9824353078232,95.082813615621,36.7177207889779,182.129811665547,86.9157329610709,61.7948865884696,60.515253789717,54.9316304280535
49.8176834188694,49.7702365341099,58.8931951884588,50.166964808697,179.581528244976,36.1826601026823,65.4884356381797,206.109768568154,161.267448138547,82.4356532138013,92.188008559086,182.430735239604,61.6904272782504,82.2653103808389,57.6416063997922,51.6068636321907,58.7352519351371,54.9824353078232,95.082813615621,36.7177207889779,182.129811665547,86.9157329610709,61.7948865884696,60.515253789717,54.9316304280535
49.8176834188694,49.7702365341099,58.8931951884588,50.166964808697,179.581528244976,36.1826601026823,65.4884356381797,206.109768568154,161.267448138547,82.4356532138013,92.188008559086,182.430735239604,61.6904272782504,82.2653103808389,57.6416063997922,51.6068636321907,58.7352519351371,54.9824353078232,95.082813615621,36.7177207889779,182.129811665547,86.9157329610709,61.7948865884696,60.515253789717,54.9316304280535
49.8176834188694,49.7702365341099,58.8931951884588,50.166964808697,179.581528244976,36.1826601026823,65.4884356381797,206.109768568154,161.267448138547,82.4356532138013,92.188008559086,182.430735239604,61.6904272782504,82.2653103808389,57.6416063997922,51.6068636321907,58.7352519351371,54.9824353078232,95.082813615621,36.7177207889779,182.129811665547,86.9157329610709,61.7948865884696,60.515253789717,54.9316304280535
49.8176834188694,49.7702365341099,58.8931951884588,50.166964808697,179.581528244976,36.1826601026823,65.4884356381797,206.109768568154,161.267448138547,82.4356532138013,92.188008559086,182.430735239604,61.6904272782504,82.2653103808389,57.6416063997922,51.6068636321907,58.7352519351371,54.9824353078232,95.082813615621,36.7177207889779,182.129811665547,86.9157329610709,61.7948865884696,60.515253789717,54.9316304280535
49.8176834188694,49.7702365341099,58.8931951884588,50.166964808697,179.581528244976,36.1826601026823,65.4884356381797,206.109768568154,161.267448138547,82.4356532138013,92.188008559086,182.430735239604,61.6904272782504,82.2653103808389,57.6416063997922,51.6068636321907,58.7352519351371,54.9824353078232,95.082813615621,36.7177207889779,182.129811665547,86.9157329610709,61.7948865884696,60.515253789717,54.9316304280535
49.8176834188694,49.7702365341099,58.8931951884588,50.166964808697,179.581528244976,36.1826601026823,65.4884356381797,206.109768568154,161.267448138547,82.4356532138013,92.188008559086,182.430735239604,61.6904272782504,82.2653103808389,57.6416063997922,51.6068636321907,58.7352519351371,54.9824353078232,95.082813615621,36.7177207889779,182.129811665547,86.9157329610709,61.7948865884696,60.515253789717,54.9316304280535
49.8176834188694,49.7702365341099,58.8931951884588,50.166964808697,179.581528244976,36.1826601026823,65.4884356381797,206.109768568154,161.267448138547,82.4356532138013,92.188008559086,182.430735239604,61.6904272782504,82.2653103808389,57.6416063997922,51.6068636321907,58.7352519351371,54.9824353078232,95.082813615621,36.7177207889779,182.129811665547,86.9157329610709,61.7948865884696,60.515253789717,54.9316304280535
49.8176834188694,49.7702365341099,58.8931951884588,50.166964808697,179.581528244976,36.1826601026823,65.4884356381797,206.109768568154,161.267448138547,82.4356532138013,92.188008559086,182.430735239604,61.6904272782504,82.2653103808389,57.6416063997922,51.6068636321907,58.7352519351371,54.9824353078232,95.082813615621,36.7177207889779,182.129811665547,86.9157329610709,61.7948865884696,60.515253789717,54.9316304280535
49.8176834188694,49.7702365341099,58.8931951884588,50.166964808697,179.581528244976,36.1826601026823,65.4884356381797,206.109768568154,161.267448138547,82.4356532138013,92.188008559086,182.430735239604,61.6904272782504,82.2653103808389,57.6416063997922,51.6068636321907,58.7352519351371,54.9824353078232,95.082813615621,36.7177207889779,182.129811665547,86.9157329610709,61.7948865884696,60.515253789717,54.9316304280535
49.8176834188694,49.7702365341099,58.8931951884588,50.166964808697,179.581528244976,36.1826601026823,65.4884356381797,206.109768568154,161.267448138547,82.4356532138013,92.188008559086,182.430735239604,61.6904272782504,82.2653103808389,57.6416063997922,51.6068636321907,58.7352519351371,54.9824353078232,95.082813615621,36.7177207889779,182.129811665547,86.9157329610709,61.7948865884696,60.515253789717,54.9316304280535
49.8176834188694,49.7702365341099,58.8931951884588,50.166964808697,179.581528244976,36.1826601026823,65.4884356381797,206.109768568154,161.267448138547,82.4356532138013,92.188008559086,182.430735239604,61.6904272782504,82.2653103808389,57.6416063997922,51.6068636321907,58.7352519351371,54.9824353078232,95.082813615621,36.7177207889779,182.129811665547,86.9157329610709,61.7948865884696,60.515253789717,54.9316304280535
49.8176834188694,49.7702365341099,58.8931951884588,50.166964808697,179.581528244976,36.1826601026823,65.4884356381797,206.109768568154,161.267448138547,82.4356532138013,92.188008559086,182.430735239604,61.6904272782504,82.2653103808389,57.6416063997922,51.6068636321907,58.7352519351371,54.9824353078232,95.082813615621,36.7177207889779,182.129811665547,86.9157329610709,61.7948865884696,60.515253789717,54.9316304280535
49.8176834188694,49.7702365341099,58.8931951884588,50.166964808697,179.581528244976,36.1826601026823,65.4884356381797,206.109768568154,161.267448138547,82.4356532138013,92.188008559086,182.430735239604,61.6904272782504,82.2653103808389,57.6416063997922,51.6068636321907,58.7352519351371,54.9824353078232,95.082813615621,36.7177207889779,182.129811665547,86.9157329610709,61.7948865884696,60.515253789717,54.9316304280535
49.8176834188694,49.7702365341099,58.8931951884588,50.166964808697,179.581528244976,36.1826601026823,65.4884356381797,206.109768568154,161.267448138547,82.4356532138013,92.188008559086,182.430735239604,61.6904272782504,82.2653103808389,57.6416063997922,51.6068636321907,58.7352519351371,54.9824353078232,95.082813615621,36.7177207889779,182.129811665547,86.9157329610709,61.7948865884696,60.515253789717,54.9316304280535
49.8176834188694,49.7702365341099,58.8931951884588,50.166964808697,179.581528244976,36.1826601026823,65.4884356381797,206.109768568154,161.267448138547,82.4356532138013,92.188008559086,182.430735239604,61.6904272782504,82.2653103808389,57.6416063997922,51.6068636321907,58.7352519351371,54.9824353078232,95.082813615621,36.7177207889779,182.129811665547,86.9157329610709,61.7948865884696,60.515253789717,54.9316304280535
49.8176834188694,49.7702365341099,58.8931951884588,50.166964808697,179.581528244976,36.1826601026823,65.4884356381797,206.109768568154,161.267448138547,82.4356532138013,92.188008559086,182.430735239604,61.6904272782504,82.2653103808389,57.6416063997922,51.6068636321907,58.7352519351371,54.9824353078232,95.082813615621,36.7177207889779,182.129811665547,86.9157329610709,61.7948865884696,60.515253789717,54.9316304280535
49.8176834188694,49.7702365341099,58.8931951884588,50.166964808697,179.581528244976,36.1826601026823,65.4884356381797,206.109768568154,161.267448138547,82.4356532138013,92.188008559086,182.430735239604,61.6904272782504,82.2653103808389,57.6416063997922,51.6068636321907,58.7352519351371,54.9824353078232,95.082813615621,36.7177207889779,182.129811665547,86.9157329610709,61.7948865884696,60.515253789717,54.9316304280535
49.8176834188694,49.7702365341099,58.8931951884588,50.166964808697,179.581528244976,36.1826601026823,65.4884356381797,206.109768568154,161.267448138547,82.4356532138013,92.188008559086,182.430735239604,61.6904272782504,82.2653103808389,57.6416063997922,51.6068636321907,58.7352519351371,54.9824353078232,95.082813615621,36.7177207889779,182.129811665547,86.9157329610709,61.7948865884696,60.515253789717,54.9316304280535
49.8176834188694,49.7702365341099,58.8931951884588,50.166964808697,179.581528244976,36.1826601026823,65.4884356381797,206.109768568154,161.267448138547,82.4356532138013,92.188008559086,182.430735239604,61.6904272782504,82.2653103808389,57.6416063997922,51.6068636321907,58.7352519351371,54.9824353078232,95.082813615621,36.7177207889779,182.129811665547,86.9157329610709,61.7948865884696,60.515253789717,54.9316304280535
49.8176834188694,49.7702365341099,58.8931951884588,50.166964808697,179.581528244976,36.1826601026823,65.4884356381797,206.109768568154,161.267448138547,82.4356532138013,92.188008559086,182.430735239604,61.6904272782504,82.2653103808389,57.6416063997922,51.6068636321907,58.7352519351371,54.9824353078232,95.082813615621,36.7177207889779,182.129811665547,86.9157329610709,61.7948865884696,60.515253789717,54.9316304280535
49.8176834188694,49.7702365341099,58.8931951884588,50.166964808697,179.581528244976,36.1826601026823,65.4884356381797,206.109768568154,161.267448138547,82.4356532138013,92.188008559086,182.430735239604,61.6904272782504,82.2653103808389,57.6416063997922,51.6068636321907,58.7352519351371,54.9824353078232,95.082813615621,36.7177207889779,182.129811665547,86.9157329610709,61.7948865884696,60.515253789717,54.9316304280535
49.8176834188694,49.7702365341099,58.8931951884588,50.166964808697,179.581528244976,36.1826601026823,65.4884356381797,206.109768568154,161.267448138547,82.4356532138013,92.188008559086,182.430735239604,61.6904272782504,82.2653103808389,57.6416063997922,51.6068636321907,58.7352519351371,54.9824353078232,95.082813615621,36.7177207889779,182.129811665547,86.9157329610709,61.7948865884696,60.515253789717,54.9316304280535
49.8176834188694,49.7702365341099,58.8931951884588,50.166964808697,179.581528244976,36.1826601026823,65.4884356381797,206.109768568154,161.267448138547,82.4356532138013,92.188008559086,182.430735239604,61.6904272782504,82.2653103808389,57.6416063997922,51.6068636321907,58.7352519351371,54.9824353078232,95.082813615621,36.7177207889779,182.129811665547,86.9157329610709,61.7948865884696,60.515253789717,54.9316304280535
49.8176834188694,49.7702365341099,58.8931951884588,50.166964808697,179.581528244976,36.1826601026823,65.4884356381797,206.109768568154,161.267448138547,82.4356532138013,92.188008559086,182.430735239604,61.6904272782504,82.2653103808389,57.6416063997922,51.6068636321907,58.7352519351371,54.9824353078232,95.082813615621,36.7177207889779,182.129811665547,86.9157329610709,61.7948865884696,60.515253789717,54.9316304280535
49.8176834188694,49.7702365341099,58.8931951884588,50.166964808697,179.581528244976,36.1826601026823,65.4884356381797,206.109768568154,161.267448138547,82.4356532138013,92.188008559086,182.430735239604,61.6904272782504,82.2653103808389,57.6416063997922,51.6068636321907,58.7352519351371,54.9824353078232,95.082813615621,36.7177207889779,182.129811665547,86.9157329610709,61.7948865884696,60.515253789717,54.9316304280535
49.8176834188694,49.7702365341099,58.8931951884588,50.166964808697,179.581528244976,36.1826601026823,65.4884356381797,206.109768568154,161.267448138547,82.4356532138013,92.188008559086,182.430735239604,61.6904272782504,82.2653103808389,57.6416063997922,51.6068636321907,58.7352519351371,54.9824353078232,95.082813615621,36.7177207889779,182.129811665547,86.9157329610709,61.7948865884696,60.515253789717,54.9316304280535
49.8176834188694,49.7702365341099,58.8931951884588,50.166964808697,179.581528244976,36.1826601026823,65.4884356381797,206.109768568154,161.267448138547,82.4356532138013,92.188008559086,182.430735239604,61.6904272782504,82.2653103808389,57.6416063997922,51.6068636321907,58.7352519351371,54.9824353078232,95.082813615621,36.7177207889779,182.129811665547,86.9157329610709,61.7948865884696,60.515253789717,54.9316304280535
49.8176834188694,49.7702365341099,58.8931951884588,50.166964808697,179.581528244976,36.1826601026823,65.4884356381797,206.109768568154,161.267448138547,82.4356532138013,92.188008559086,182.430735239604,61.6904272782504,82.2653103808389,57.6416063997922,51.6068636321907,58.7352519351371,54.9824353078232,95.082813615621,36.7177207889779,182.129811665547,86.9157329610709,61.7948865884696,60.515253789717,54.9316304280535
49.8176834188694,49.7702365341099,58.8931951884588,50.166964808697,179.581528244976,36.1826601026823,65.4884356381797,206.109768568154,161.267448138547,82.4356532138013,92.188008559086,182.430735239604,61.6904272782504,82.2653103808389,57.6416063997922,51.6068636321907,58.7352519351371,54.9824353078232,95.082813615621,36.7177207889779,182.129811665547,86.9157329610709,61.7948865884696,60.515253789717,54.9316304280535
49.8176834188694,49.7702365341099,58.8931951884588,50.166964808697,179.581528244976,36.1826601026823,65.4884356381797,206.109768568154,161.267448138547,82.4356532138013,92.188008559086,182.430735239604,61.6904272782504,82.2653103808389,57.6416063997922,51.6068636321907,58.7352519351371,54.9824353078232,95.082813615621,36.7177207889779,182.129811665547,86.9157329610709,61.7948865884696,60.515253789717,54.9316304280535
49.8176834188694,49.7702365341099,58.8931951884588,50.166964808697,179.581528244976,36.1826601026823,65.4884356381797,206.109768568154,161.267448138547,82.4356532138013,92.188008559086,182.430735239604,61.6904272782504,82.2653103808389,57.6416063997922,51.6068636321907,58.7352519351371,54.9824353078232,95.082813615621,36.7177207889779,182.129811665547,86.9157329610709,61.7948865884696,60.515253789717,54.9316304280535
49.8176834188694,49.7702365341099,58.8931951884588,50.166964808697,179.581528244976,36.1826601026823,65.4884356381797,206.109768568154,161.267448138547,82.4356532138013,92.188008559086,182.430735239604,61.6904272782504,82.2653103808389,57.6416063997922,51.6068636321907,58.7352519351371,54.9824353078232,95.082813615621,36.7177207889779,182.129811665547,86.9157329610709,61.7948865884696,60.515253789717,54.9316304280535
49.8176834188694,49.7702365341099,58.8931951884588,50.166964808697,179.581528244976,36.1826601026823,65.4884356381797,206.109768568154,161.267448138547,82.4356532138013,92.188008559086,182.430735239604,61.6904272782504,82.2653103808389,57.6416063997922,51.6068636321907,58.7352519351371,54.9824353078232,95.082813615621,36.7177207889779,182.129811665547,86.9157329610709,61.7948865884696,60.515253789717,54.9316304280535
49.8176834188694,49.7702365341099,58.8931951884588,50.166964808697,179.581528244976,36.1826601026823,65.4884356381797,206.109768568154,161.267448138547,82.4356532138013,92.188008559086,182.430735239604,61.6904272782504,82.2653103808389,57.6416063997922,51.6068636321907,58.7352519351371,54.9824353078232,95.082813615621,36.7177207889779,182.129811665547,86.9157329610709,61.7948865884696,60.515253789717,54.9316304280535
49.8176834188694,49.7702365341099,58.8931951884588,50.166964808697,179.581528244976,36.1826601026823,65.4884356381797,206.109768568154,161.267448138547,82.4356532138013,92.188008559086,182.430735239604,61.6904272782504,82.2653103808389,57.6416063997922,51.6068636321907,58.7352519351371,54.9824353078232,95.082813615621,36.7177207889779,182.129811665547,86.9157329610709,61.7948865884696,60.515253789717,54.9316304280535
49.8176834188694,49.7702365341099,58.8931951884588,50.166964808697,179.581528244976,36.1826601026823,65.4884356381797,206.109768568154,161.267448138547,82.4356532138013,92.188008559086,182.430735239604,61.6904272782504,82.2653103808389,57.6416063997922,51.6068636321907,58.7352519351371,54.9824353078232,95.082813615621,36.7177207889779,182.129811665547,86.9157329610709,61.7948865884696,60.515253789717,54.9316304280535
49.8176834188694,49.7702365341099,58.8931951884588,50.166964808697,179.581528244976,36.1826601026823,65.4884356381797,206.109768568154,161.267448138547,82.4356532138013,92.188008559086,182.430735239604,61.6904272782504,82.2653103808389,57.6416063997922,51.6068636321907,58.7352519351371,54.9824353078232,95.082813615621,36.7177207889779,182.129811665547,86.9157329610709,61.7948865884696,60.515253789717,54.9316304280535
49.8176834188694,49.7702365341099,58.8931951884588,50.166964808697,179.581528244976,36.1826601026823,65.4884356381797,206.109768568154,161.267448138547,82.4356532138013,92.188008559086,182.430735239604,61.6904272782504,82.2653103808389,57.6416063997922,51.6068636321907,58.7352519351371,54.9824353078232,95.082813615621,36.7177207889779,182.129811665547,86.9157329610709,61.7948865884696,60.515253789717,54.9316304280535
49.8176834188694,49.7702365341099,58.8931951884588,50.166964808697,179.581528244976,36.1826601026823,65.4884356381797,206.109768568154,161.267448138547,82.4356532138013,92.188008559086,182.430735239604,61.6904272782504,82.2653103808389,57.6416063997922,51.6068636321907,58.7352519351371,54.9824353078232,95.082813615621,36.7177207889779,182.129811665547,86.9157329610709,61.7948865884696,60.515253789717,54.9316304280535
49.8176834188694,49.7702365341099,58.8931951884588,50.166964808697,179.581528244976,36.1826601026823,65.4884356381797,206.109768568154,161.267448138547,82.4356532138013,92.188008559086,182.430735239604,61.6904272782504,82.2653103808389,57.6416063997922,51.6068636321907,58.7352519351371,54.9824353078232,95.082813615621,36.7177207889779,182.129811665547,86.9157329610709,61.7948865884696,60.515253789717,54.9316304280535
49.8176834188694,49.7702365341099,58.8931951884588,50.166964808697,179.581528244976,36.1826601026823,65.4884356381797,206.109768568154,161.267448138547,82.4356532138013,92.188008559086,182.430735239604,61.6904272782504,82.2653103808389,57.6416063997922,51.6068636321907,58.7352519351371,54.9824353078232,95.082813615621,36.7177207889779,182.129811665547,86.9157329610709,61.7948865884696,60.515253789717,54.9316304280535
49.8176834188694,49.7702365341099,58.8931951884588,50.166964808697,179.581528244976,36.1826601026823,65.4884356381797,206.109768568154,161.267448138547,82.4356532138013,92.188008559086,182.430735239604,61.6904272782504,82.2653103808389,57.6416063997922,51.6068636321907,58.7352519351371,54.9824353078232,95.082813615621,36.7177207889779,182.129811665547,86.9157329610709,61.7948865884696,60.515253789717,54.9316304280535
49.8176834188694,49.7702365341099,58.8931951884588,50.166964808697,179.581528244976,36.1826601026823,65.4884356381797,206.109768568154,161.267448138547,82.4356532138013,92.188008559086,182.430735239604,61.6904272782504,82.2653103808389,57.6416063997922,51.6068636321907,58.7352519351371,54.9824353078232,95.082813615621,36.7177207889779,182.129811665547,86.9157329610709,61.7948865884696,60.515253789717,54.9316304280535
49.8176834188694,49.7702365341099,58.8931951884588,50.166964808697,179.581528244976,36.1826601026823,65.4884356381797,206.109768568154,161.267448138547,82.4356532138013,92.188008559086,182.430735239604,61.6904272782504,82.2653103808389,57.6416063997922,51.6068636321907,58.7352519351371,54.9824353078232,95.082813615621,36.7177207889779,182.129811665547,86.9157329610709,61.7948865884696,60.515253789717,54.9316304280535
49.8176834188694,49.7702365341099,58.8931951884588,50.166964808697,179.581528244976,36.1826601026823,65.4884356381797,206.109768568154,161.267448138547,82.4356532138013,92.188008559086,182.430735239604,61.6904272782504,82.2653103808389,57.6416063997922,51.6068636321907,58.7352519351371,54.9824353078232,95.082813615621,36.7177207889779,182.129811665547,86.9157329610709,61.7948865884696,60.515253789717,54.9316304280535
49.8176834188694,49.7702365341099,58.8931951884588,50.166964808697,179.581528244976,36.1826601026823,65.4884356381797,206.109768568154,161.267448138547,82.4356532138013,92.188008559086,182.430735239604,61.6904272782504,82.2653103808389,57.6416063997922,51.6068636321907,58.7352519351371,54.9824353078232,95.082813615621,36.7177207889779,182.129811665547,86.9157329610709,61.7948865884696,60.515253789717,54.9316304280535
49.8176834188694,49.7702365341099,58.8931951884588,50.166964808697,179.581528244976,36.1826601026823,65.4884356381797,206.109768568154,161.267448138547,82.4356532138013,92.188008559086,182.430735239604,61.6904272782504,82.2653103808389,57.6416063997922,51.6068636321907,58.7352519351371,54.9824353078232,95.082813615621,36.7177207889779,182.129811665547,86.9157329610709,61.7948865884696,60.515253789717,54.9316304280535
49.8176834188694,49.7702365341099,58.8931951884588,50.166964808697,179.581528244976,36.1826601026823,65.4884356381797,206.109768568154,161.267448138547,82.4356532138013,92.188008559086,182.430735239604,61.6904272782504,82.2653103808389,57.6416063997922,51.6068636321907,58.7352519351371,54.9824353078232,95.082813615621,36.7177207889779,182.129811665547,86.9157329610709,61.7948865884696,60.515253789717,54.9316304280535
49.8176834188694,49.7702365341099,58.8931951884588,50.166964808697,179.581528244976,36.1826601026823,65.4884356381797,206.109768568154,161.267448138547,82.4356532138013,92.188008559086,182.430735239604,61.6904272782504,82.2653103808389,57.6416063997922,51.6068636321907,58.7352519351371,54.9824353078232,95.082813615621,36.7177207889779,182.129811665547,86.9157329610709,61.7948865884696,60.515253789717,54.9316304280535
49.8176834188694,49.7702365341099,58.8931951884588,50.166964808697,179.581528244976,36.1826601026823,65.4884356381797,206.109768568154,161.267448138547,82.4356532138013,92.188008559086,182.430735239604,61.6904272782504,82.2653103808389,57.6416063997922,51.6068636321907,58.7352519351371,54.9824353078232,95.082813615621,36.7177207889779,182.129811665547,86.9157329610709,61.7948865884696,60.515253789717,54.9316304280535
49.8176834188694,49.7702365341099,58.8931951884588,50.166964808697,179.581528244976,36.1826601026823,65.4884356381797,206.109768568154,161.267448138547,82.4356532138013,92.188008559086,182.430735239604,61.6904272782504,82.2653103808389,57.6416063997922,51.6068636321907,58.7352519351371,54.9824353078232,95.082813615621,36.7177207889779,182.129811665547,86.9157329610709,61.7948865884696,60.515253789717,54.9316304280535
49.8176834188694,49.7702365341099,58.8931951884588,50.166964808697,179.581528244976,36.1826601026823,65.4884356381797,206.109768568154,161.267448138547,82.4356532138013,92.188008559086,182.430735239604,61.6904272782504,82.2653103808389,57.6416063997922,51.6068636321907,58.7352519351371,54.9824353078232,95.082813615621,36.7177207889779,182.129811665547,86.9157329610709,61.7948865884696,60.515253789717,54.9316304280535
49.8176834188694,49.7702365341099,58.8931951884588,50.166964808697,179.581528244976,36.1826601026823,65.4884356381797,206.109768568154,161.267448138547,82.4356532138013,92.188008559086,182.430735239604,61.6904272782504,82.2653103808389,57.6416063997922,51.6068636321907,58.7352519351371,54.9824353078232,95.082813615621,36.7177207889779,182.129811665547,86.9157329610709,61.7948865884696,60.515253789717,54.9316304280535
49.8176834188694,49.7702365341099,58.8931951884588,50.166964808697,179.581528244976,36.1826601026823,65.4884356381797,206.109768568154,161.267448138547,82.4356532138013,92.188008559086,182.430735239604,61.6904272782504,82.2653103808389,57.6416063997922,51.6068636321907,58.7352519351371,54.9824353078232,95.082813615621,36.7177207889779,182.129811665547,86.9157329610709,61.7948865884696,60.515253789717,54.9316304280535
49.8176834188694,49.7702365341099,58.8931951884588,50.166964808697,179.581528244976,36.1826601026823,65.4884356381797,206.109768568154,161.267448138547,82.4356532138013,92.188008559086,182.430735239604,61.6904272782504,82.2653103808389,57.6416063997922,51.6068636321907,58.7352519351371,54.9824353078232,95.082813615621,36.7177207889779,182.129811665547,86.9157329610709,61.7948865884696,60.515253789717,54.9316304280535
49.8176834188694,49.7702365341099,58.8931951884588,50.166964808697,179.581528244976,36.1826601026823,65.4884356381797,206.109768568154,161.267448138547,82.4356532138013,92.188008559086,182.430735239604,61.6904272782504,82.2653103808389,57.6416063997922,51.6068636321907,58.7352519351371,54.9824353078232,95.082813615621,36.7177207889779,182.129811665547,86.9157329610709,61.7948865884696,60.515253789717,54.9316304280535
49.8176834188694,49.7702365341099,58.8931951884588,50.166964808697,179.581528244976,36.1826601026823,65.4884356381797,206.109768568154,161.267448138547,82.4356532138013,92.188008559086,182.430735239604,61.6904272782504,82.2653103808389,57.6416063997922,51.6068636321907,58.7352519351371,54.9824353078232,95.082813615621,36.7177207889779,182.129811665547,86.9157329610709,61.7948865884696,60.515253789717,54.9316304280535
49.8176834188694,49.7702365341099,58.8931951884588,50.166964808697,179.581528244976,36.1826601026823,65.4884356381797,206.109768568154,161.267448138547,82.4356532138013,92.188008559086,182.430735239604,61.6904272782504,82.2653103808389,57.6416063997922,51.6068636321907,58.7352519351371,54.9824353078232,95.082813615621,36.7177207889779,182.129811665547,86.9157329610709,61.7948865884696,60.515253789717,54.9316304280535
49.8176834188694,49.7702365341099,58.8931951884588,50.166964808697,179.581528244976,36.1826601026823,65.4884356381797,206.109768568154,161.267448138547,82.4356532138013,92.188008559086,182.430735239604,61.6904272782504,82.2653103808389,57.6416063997922,51.6068636321907,58.7352519351371,54.9824353078232,95.082813615621,36.7177207889779,182.129811665547,86.9157329610709,61.7948865884696,60.515253789717,54.9316304280535
49.8176834188694,49.7702365341099,58.8931951884588,50.166964808697,179.581528244976,36.1826601026823,65.4884356381797,206.109768568154,161.267448138547,82.4356532138013,92.188008559086,182.430735239604,61.6904272782504,82.2653103808389,57.6416063997922,51.6068636321907,58.7352519351371,54.9824353078232,95.082813615621,36.7177207889779,182.129811665547,86.9157329610709,61.7948865884696,60.515253789717,54.9316304280535
49.8176834188694,49.7702365341099,58.8931951884588,50.166964808697,179.581528244976,36.1826601026823,65.4884356381797,206.109768568154,161.267448138547,82.4356532138013,92.188008559086,182.430735239604,61.6904272782504,82.2653103808389,57.6416063997922,51.6068636321907,58.7352519351371,54.9824353078232,95.082813615621,36.7177207889779,182.129811665547,86.9157329610709,61.7948865884696,60.515253789717,54.9316304280535
49.8176834188694,49.7702365341099,58.8931951884588,50.166964808697,179.581528244976,36.1826601026823,65.4884356381797,206.109768568154,161.267448138547,82.4356532138013,92.188008559086,182.430735239604,61.6904272782504,82.2653103808389,57.6416063997922,51.6068636321907,58.7352519351371,54.9824353078232,95.082813615621,36.7177207889779,182.129811665547,86.9157329610709,61.7948865884696,60.515253789717,54.9316304280535
49.8176834188694,49.7702365341099,58.8931951884588,50.166964808697,179.581528244976,36.1826601026823,65.4884356381797,206.109768568154,161.267448138547,82.4356532138013,92.188008559086,182.430735239604,61.6904272782504,82.2653103808389,57.6416063997922,51.6068636321907,58.7352519351371,54.9824353078232,95.082813615621,36.7177207889779,182.129811665547,86.9157329610709,61.7948865884696,60.515253789717,54.9316304280535
49.8176834188694,49.7702365341099,58.8931951884588,50.166964808697,179.581528244976,36.1826601026823,65.4884356381797,206.109768568154,161.267448138547,82.4356532138013,92.188008559086,182.430735239604,61.6904272782504,82.2653103808389,57.6416063997922,51.6068636321907,58.7352519351371,54.9824353078232,95.082813615621,36.7177207889779,182.129811665547,86.9157329610709,61.7948865884696,60.515253789717,54.9316304280535
49.8176834188694,49.7702365341099,58.8931951884588,50.166964808697,179.581528244976,36.1826601026823,65.4884356381797,206.109768568154,161.267448138547,82.4356532138013,92.188008559086,182.430735239604,61.6904272782504,82.2653103808389,57.6416063997922,51.6068636321907,58.7352519351371,54.9824353078232,95.082813615621,36.7177207889779,182.129811665547,86.9157329610709,61.7948865884696,60.515253789717,54.9316304280535
49.8176834188694,49.7702365341099,58.8931951884588,50.166964808697,179.581528244976,36.1826601026823,65.4884356381797,206.109768568154,161.267448138547,82.4356532138013,92.188008559086,182.430735239604,61.6904272782504,82.2653103808389,57.6416063997922,51.6068636321907,58.7352519351371,54.9824353078232,95.082813615621,36.7177207889779,182.129811665547,86.9157329610709,61.7948865884696,60.515253789717,54.9316304280535
49.8176834188694,49.7702365341099,58.8931951884588,50.166964808697,179.581528244976,36.1826601026823,65.4884356381797,206.109768568154,161.267448138547,82.4356532138013,92.188008559086,182.430735239604,61.6904272782504,82.2653103808389,57.6416063997922,51.6068636321907,58.7352519351371,54.9824353078232,95.082813615621,36.7177207889779,182.129811665547,86.9157329610709,61.7948865884696,60.515253789717,54.9316304280535
49.8176834188694,49.7702365341099,58.8931951884588,50.166964808697,179.581528244976,36.1826601026823,65.4884356381797,206.109768568154,161.267448138547,82.4356532138013,92.188008559086,182.430735239604,61.6904272782504,82.2653103808389,57.6416063997922,51.6068636321907,58.7352519351371,54.9824353078232,95.082813615621,36.7177207889779,182.129811665547,86.9157329610709,61.7948865884696,60.515253789717,54.9316304280535
49.8176834188694,49.7702365341099,58.8931951884588,50.166964808697,179.581528244976,36.1826601026823,65.4884356381797,206.109768568154,161.267448138547,82.4356532138013,92.188008559086,182.430735239604,61.6904272782504,82.2653103808389,57.6416063997922,51.6068636321907,58.7352519351371,54.9824353078232,95.082813615621,36.7177207889779,182.129811665547,86.9157329610709,61.7948865884696,60.515253789717,54.9316304280535
49.8176834188694,49.7702365341099,58.8931951884588,50.166964808697,179.581528244976,36.1826601026823,65.4884356381797,206.109768568154,161.267448138547,82.4356532138013,92.188008559086,182.430735239604,61.6904272782504,82.2653103808389,57.6416063997922,51.6068636321907,58.7352519351371,54.9824353078232,95.082813615621,36.7177207889779,182.129811665547,86.9157329610709,61.7948865884696,60.515253789717,54.9316304280535
49.8176834188694,49.7702365341099,58.8931951884588,50.166964808697,179.581528244976,36.1826601026823,65.4884356381797,206.109768568154,161.267448138547,82.4356532138013,92.188008559086,182.430735239604,61.6904272782504,82.2653103808389,57.6416063997922,51.6068636321907,58.7352519351371,54.9824353078232,95.082813615621,36.7177207889779,182.129811665547,86.9157329610709,61.7948865884696,60.515253789717,54.9316304280535
49.8176834188694,49.7702365341099,58.8931951884588,50.166964808697,179.581528244976,36.1826601026823,65.4884356381797,206.109768568154,161.267448138547,82.4356532138013,92.188008559086,182.430735239604,61.6904272782504,82.2653103808389,57.6416063997922,51.6068636321907,58.7352519351371,54.9824353078232,95.082813615621,36.7177207889779,182.129811665547,86.9157329610709,61.7948865884696,60.515253789717,54.9316304280535
49.8176834188694,49.7702365341099,58.8931951884588,50.166964808697,179.581528244976,36.1826601026823,65.4884356381797,206.109768568154,161.267448138547,82.4356532138013,92.188008559086,182.430735239604,61.6904272782504,82.2653103808389,57.6416063997922,51.6068636321907,58.7352519351371,54.9824353078232,95.082813615621,36.7177207889779,182.129811665547,86.9157329610709,61.7948865884696,60.515253789717,54.9316304280535
49.8176834188694,49.7702365341099,58.8931951884588,50.166964808697,179.581528244976,36.1826601026823,65.4884356381797,206.109768568154,161.267448138547,82.4356532138013,92.188008559086,182.430735239604,61.6904272782504,82.2653103808389,57.6416063997922,51.6068636321907,58.7352519351371,54.9824353078232,95.082813615621,36.7177207889779,182.129811665547,86.9157329610709,61.7948865884696,60.515253789717,54.9316304280535
49.8176834188694,49.7702365341099,58.8931951884588,50.166964808697,179.581528244976,36.1826601026823,65.4884356381797,206.109768568154,161.267448138547,82.4356532138013,92.188008559086,182.430735239604,61.6904272782504,82.2653103808389,57.6416063997922,51.6068636321907,58.7352519351371,54.9824353078232,95.082813615621,36.7177207889779,182.129811665547,86.9157329610709,61.7948865884696,60.515253789717,54.9316304280535
49.8176834188694,49.7702365341099,58.8931951884588,50.166964808697,179.581528244976,36.1826601026823,65.4884356381797,206.109768568154,161.267448138547,82.4356532138013,92.188008559086,182.430735239604,61.6904272782504,82.2653103808389,57.6416063997922,51.6068636321907,58.7352519351371,54.9824353078232,95.082813615621,36.7177207889779,182.129811665547,86.9157329610709,61.7948865884696,60.515253789717,54.9316304280535
49.8176834188694,49.7702365341099,58.8931951884588,50.166964808697,179.581528244976,36.1826601026823,65.4884356381797,206.109768568154,161.267448138547,82.4356532138013,92.188008559086,182.430735239604,61.6904272782504,82.2653103808389,57.6416063997922,51.6068636321907,58.7352519351371,54.9824353078232,95.082813615621,36.7177207889779,182.129811665547,86.9157329610709,61.7948865884696,60.515253789717,54.9316304280535
49.8176834188694,49.7702365341099,58.8931951884588,50.166964808697,179.581528244976,36.1826601026823,65.4884356381797,206.109768568154,161.267448138547,82.4356532138013,92.188008559086,182.430735239604,61.6904272782504,82.2653103808389,57.6416063997922,51.6068636321907,58.7352519351371,54.9824353078232,95.082813615621,36.7177207889779,182.129811665547,86.9157329610709,61.7948865884696,60.515253789717,54.9316304280535
49.8176834188694,49.7702365341099,58.8931951884588,50.166964808697,179.581528244976,36.1826601026823,65.4884356381797,206.109768568154,161.267448138547,82.4356532138013,92.188008559086,182.430735239604,61.6904272782504,82.2653103808389,57.6416063997922,51.6068636321907,58.7352519351371,54.9824353078232,95.082813615621,36.7177207889779,182.129811665547,86.9157329610709,61.7948865884696,60.515253789717,54.9316304280535
49.8176834188694,49.7702365341099,58.8931951884588,50.166964808697,179.581528244976,36.1826601026823,65.4884356381797,206.109768568154,161.267448138547,82.4356532138013,92.188008559086,182.430735239604,61.6904272782504,82.2653103808389,57.6416063997922,51.6068636321907,58.7352519351371,54.9824353078232,95.082813615621,36.7177207889779,182.129811665547,86.9157329610709,61.7948865884696,60.515253789717,54.9316304280535
49.8176834188694,49.7702365341099,58.8931951884588,50.166964808697,179.581528244976,36.1826601026823,65.4884356381797,206.109768568154,161.267448138547,82.4356532138013,92.188008559086,182.430735239604,61.6904272782504,82.2653103808389,57.6416063997922,51.6068636321907,58.7352519351371,54.9824353078232,95.082813615621,36.7177207889779,182.129811665547,86.9157329610709,61.7948865884696,60.515253789717,54.9316304280535
49.8176834188694,49.7702365341099,58.8931951884588,50.166964808697,179.581528244976,36.1826601026823,65.4884356381797,206.109768568154,161.267448138547,82.4356532138013,92.188008559086,182.430735239604,61.6904272782504,82.2653103808389,57.6416063997922,51.6068636321907,58.7352519351371,54.9824353078232,95.082813615621,36.7177207889779,182.129811665547,86.9157329610709,61.7948865884696,60.515253789717,54.9316304280535
49.8176834188694,49.7702365341099,58.8931951884588,50.166964808697,179.581528244976,36.1826601026823,65.4884356381797,206.109768568154,161.267448138547,82.4356532138013,92.188008559086,182.430735239604,61.6904272782504,82.2653103808389,57.6416063997922,51.6068636321907,58.7352519351371,54.9824353078232,95.082813615621,36.7177207889779,182.129811665547,86.9157329610709,61.7948865884696,60.515253789717,54.9316304280535
49.8176834188694,49.7702365341099,58.8931951884588,50.166964808697,179.581528244976,36.1826601026823,65.4884356381797,206.109768568154,161.267448138547,82.4356532138013,92.188008559086,182.430735239604,61.6904272782504,82.2653103808389,57.6416063997922,51.6068636321907,58.7352519351371,54.9824353078232,95.082813615621,36.7177207889779,182.129811665547,86.9157329610709,61.7948865884696,60.515253789717,54.9316304280535
49.8176834188694,49.7702365341099,58.8931951884588,50.166964808697,179.581528244976,36.1826601026823,65.4884356381797,206.109768568154,161.267448138547,82.4356532138013,92.188008559086,182.430735239604,61.6904272782504,82.2653103808389,57.6416063997922,51.6068636321907,58.7352519351371,54.9824353078232,95.082813615621,36.7177207889779,182.129811665547,86.9157329610709,61.7948865884696,60.515253789717,54.9316304280535
49.8176834188694,49.7702365341099,58.8931951884588,50.166964808697,179.581528244976,36.1826601026823,65.4884356381797,206.109768568154,161.267448138547,82.4356532138013,92.188008559086,182.430735239604,61.6904272782504,82.2653103808389,57.6416063997922,51.6068636321907,58.7352519351371,54.9824353078232,95.082813615621,36.7177207889779,182.129811665547,86.9157329610709,61.7948865884696,60.515253789717,54.9316304280535
49.8176834188694,49.7702365341099,58.8931951884588,50.166964808697,179.581528244976,36.1826601026823,65.4884356381797,206.109768568154,161.267448138547,82.4356532138013,92.188008559086,182.430735239604,61.6904272782504,82.2653103808389,57.6416063997922,51.6068636321907,58.7352519351371,54.9824353078232,95.082813615621,36.7177207889779,182.129811665547,86.9157329610709,61.7948865884696,60.515253789717,54.9316304280535
49.8176834188694,49.7702365341099,58.8931951884588,50.166964808697,179.581528244976,36.1826601026823,65.4884356381797,206.109768568154,161.267448138547,82.4356532138013,92.188008559086,182.430735239604,61.6904272782504,82.2653103808389,57.6416063997922,51.6068636321907,58.7352519351371,54.9824353078232,95.082813615621,36.7177207889779,182.129811665547,86.9157329610709,61.7948865884696,60.515253789717,54.9316304280535
49.8176834188694,49.7702365341099,58.8931951884588,50.166964808697,179.581528244976,36.1826601026823,65.4884356381797,206.109768568154,161.267448138547,82.4356532138013,92.188008559086,182.430735239604,61.6904272782504,82.2653103808389,57.6416063997922,51.6068636321907,58.7352519351371,54.9824353078232,95.082813615621,36.7177207889779,182.129811665547,86.9157329610709,61.7948865884696,60.515253789717,54.9316304280535
49.8176834188694,49.7702365341099,58.8931951884588,50.166964808697,179.581528244976,36.1826601026823,65.4884356381797,206.109768568154,161.267448138547,82.4356532138013,92.188008559086,182.430735239604,61.6904272782504,82.2653103808389,57.6416063997922,51.6068636321907,58.7352519351371,54.9824353078232,95.082813615621,36.7177207889779,182.129811665547,86.9157329610709,61.7948865884696,60.515253789717,54.9316304280535
49.8176834188694,49.7702365341099,58.8931951884588,50.166964808697,179.581528244976,36.1826601026823,65.4884356381797,206.109768568154,161.267448138547,82.4356532138013,92.188008559086,182.430735239604,61.6904272782504,82.2653103808389,57.6416063997922,51.6068636321907,58.7352519351371,54.9824353078232,95.082813615621,36.7177207889779,182.129811665547,86.9157329610709,61.7948865884696,60.515253789717,54.9316304280535
49.8176834188694,49.7702365341099,58.8931951884588,50.166964808697,179.581528244976,36.1826601026823,65.4884356381797,206.109768568154,161.267448138547,82.4356532138013,92.188008559086,182.430735239604,61.6904272782504,82.2653103808389,57.6416063997922,51.6068636321907,58.7352519351371,54.9824353078232,95.082813615621,36.7177207889779,182.129811665547,86.9157329610709,61.7948865884696,60.515253789717,54.9316304280535
49.8176834188694,49.7702365341099,58.8931951884588,50.166964808697,179.581528244976,36.1826601026823,65.4884356381797,206.109768568154,161.267448138547,82.4356532138013,92.188008559086,182.430735239604,61.6904272782504,82.2653103808389,57.6416063997922,51.6068636321907,58.7352519351371,54.9824353078232,95.082813615621,36.7177207889779,182.129811665547,86.9157329610709,61.7948865884696,60.515253789717,54.9316304280535
49.8176834188694,49.7702365341099,58.8931951884588,50.166964808697,179.581528244976,36.1826601026823,65.4884356381797,206.109768568154,161.267448138547,82.4356532138013,92.188008559086,182.430735239604,61.6904272782504,82.2653103808389,57.6416063997922,51.6068636321907,58.7352519351371,54.9824353078232,95.082813615621,36.7177207889779,182.129811665547,86.9157329610709,61.7948865884696,60.515253789717,54.9316304280535
49.8176834188694,49.7702365341099,58.8931951884588,50.166964808697,179.581528244976,36.1826601026823,65.4884356381797,206.109768568154,161.267448138547,82.4356532138013,92.188008559086,182.430735239604,61.6904272782504,82.2653103808389,57.6416063997922,51.6068636321907,58.7352519351371,54.9824353078232,95.082813615621,36.7177207889779,182.129811665547,86.9157329610709,61.7948865884696,60.515253789717,54.9316304280535
49.8176834188694,49.7702365341099,58.8931951884588,50.166964808697,179.581528244976,36.1826601026823,65.4884356381797,206.109768568154,161.267448138547,82.4356532138013,92.188008559086,182.430735239604,61.6904272782504,82.2653103808389,57.6416063997922,51.6068636321907,58.7352519351371,54.9824353078232,95.082813615621,36.7177207889779,182.129811665547,86.9157329610709,61.7948865884696,60.515253789717,54.9316304280535
49.8176834188694,49.7702365341099,58.8931951884588,50.166964808697,179.581528244976,36.1826601026823,65.4884356381797,206.109768568154,161.267448138547,82.4356532138013,92.188008559086,182.430735239604,61.6904272782504,82.2653103808389,57.6416063997922,51.6068636321907,58.7352519351371,54.9824353078232,95.082813615621,36.7177207889779,182.129811665547,86.9157329610709,61.7948865884696,60.515253789717,54.9316304280535
49.8176834188694,49.7702365341099,58.8931951884588,50.166964808697,179.581528244976,36.1826601026823,65.4884356381797,206.109768568154,161.267448138547,82.4356532138013,92.188008559086,182.430735239604,61.6904272782504,82.2653103808389,57.6416063997922,51.6068636321907,58.7352519351371,54.9824353078232,95.082813615621,36.7177207889779,182.129811665547,86.9157329610709,61.7948865884696,60.515253789717,54.9316304280535
49.8176834188694,49.7702365341099,58.8931951884588,50.166964808697,179.581528244976,36.1826601026823,65.4884356381797,206.109768568154,161.267448138547,82.4356532138013,92.188008559086,182.430735239604,61.6904272782504,82.2653103808389,57.6416063997922,51.6068636321907,58.7352519351371,54.9824353078232,95.082813615621,36.7177207889779,182.129811665547,86.9157329610709,61.7948865884696,60.515253789717,54.9316304280535
49.8176834188694,49.7702365341099,58.8931951884588,50.166964808697,179.581528244976,36.1826601026823,65.4884356381797,206.109768568154,161.267448138547,82.4356532138013,92.188008559086,182.430735239604,61.6904272782504,82.2653103808389,57.6416063997922,51.6068636321907,58.7352519351371,54.9824353078232,95.082813615621,36.7177207889779,182.129811665547,86.9157329610709,61.7948865884696,60.515253789717,54.9316304280535
49.8176834188694,49.7702365341099,58.8931951884588,50.166964808697,179.581528244976,36.1826601026823,65.4884356381797,206.109768568154,161.267448138547,82.4356532138013,92.188008559086,182.430735239604,61.6904272782504,82.2653103808389,57.6416063997922,51.6068636321907,58.7352519351371,54.9824353078232,95.082813615621,36.7177207889779,182.129811665547,86.9157329610709,61.7948865884696,60.515253789717,54.9316304280535
49.8176834188694,49.7702365341099,58.8931951884588,50.166964808697,179.581528244976,36.1826601026823,65.4884356381797,206.109768568154,161.267448138547,82.4356532138013,92.188008559086,182.430735239604,61.6904272782504,82.2653103808389,57.6416063997922,51.6068636321907,58.7352519351371,54.9824353078232,95.082813615621,36.7177207889779,182.129811665547,86.9157329610709,61.7948865884696,60.515253789717,54.9316304280535
49.8176834188694,49.7702365341099,58.8931951884588,50.166964808697,179.581528244976,36.1826601026823,65.4884356381797,206.109768568154,161.267448138547,82.4356532138013,92.188008559086,182.430735239604,61.6904272782504,82.2653103808389,57.6416063997922,51.6068636321907,58.7352519351371,54.9824353078232,95.082813615621,36.7177207889779,182.129811665547,86.9157329610709,61.7948865884696,60.515253789717,54.9316304280535
49.8176834188694,49.7702365341099,58.8931951884588,50.166964808697,179.581528244976,36.1826601026823,65.4884356381797,206.109768568154,161.267448138547,82.4356532138013,92.188008559086,182.430735239604,61.6904272782504,82.2653103808389,57.6416063997922,51.6068636321907,58.7352519351371,54.9824353078232,95.082813615621,36.7177207889779,182.129811665547,86.9157329610709,61.7948865884696,60.515253789717,54.9316304280535
49.8176834188694,49.7702365341099,58.8931951884588,50.166964808697,179.581528244976,36.1826601026823,65.4884356381797,206.109768568154,161.267448138547,82.4356532138013,92.188008559086,182.430735239604,61.6904272782504,82.2653103808389,57.6416063997922,51.6068636321907,58.7352519351371,54.9824353078232,95.082813615621,36.7177207889779,182.129811665547,86.9157329610709,61.7948865884696,60.515253789717,54.9316304280535
49.8176834188694,49.7702365341099,58.8931951884588,50.166964808697,179.581528244976,36.1826601026823,65.4884356381797,206.109768568154,161.267448138547,82.4356532138013,92.188008559086,182.430735239604,61.6904272782504,82.2653103808389,57.6416063997922,51.6068636321907,58.7352519351371,54.9824353078232,95.082813615621,36.7177207889779,182.129811665547,86.9157329610709,61.7948865884696,60.515253789717,54.9316304280535
49.8176834188694,49.7702365341099,58.8931951884588,50.166964808697,179.581528244976,36.1826601026823,65.4884356381797,206.109768568154,161.267448138547,82.4356532138013,92.188008559086,182.430735239604,61.6904272782504,82.2653103808389,57.6416063997922,51.6068636321907,58.7352519351371,54.9824353078232,95.082813615621,36.7177207889779,182.129811665547,86.9157329610709,61.7948865884696,60.515253789717,54.9316304280535
49.8176834188694,49.7702365341099,58.8931951884588,50.166964808697,179.581528244976,36.1826601026823,65.4884356381797,206.109768568154,161.267448138547,82.4356532138013,92.188008559086,182.430735239604,61.6904272782504,82.2653103808389,57.6416063997922,51.6068636321907,58.7352519351371,54.9824353078232,95.082813615621,36.7177207889779,182.129811665547,86.9157329610709,61.7948865884696,60.515253789717,54.9316304280535
49.8176834188694,49.7702365341099,58.8931951884588,50.166964808697,179.581528244976,36.1826601026823,65.4884356381797,206.109768568154,161.267448138547,82.4356532138013,92.188008559086,182.430735239604,61.6904272782504,82.2653103808389,57.6416063997922,51.6068636321907,58.7352519351371,54.9824353078232,95.082813615621,36.7177207889779,182.129811665547,86.9157329610709,61.7948865884696,60.515253789717,54.9316304280535
49.8176834188694,49.7702365341099,58.8931951884588,50.166964808697,179.581528244976,36.1826601026823,65.4884356381797,206.109768568154,161.267448138547,82.4356532138013,92.188008559086,182.430735239604,61.6904272782504,82.2653103808389,57.6416063997922,51.6068636321907,58.7352519351371,54.9824353078232,95.082813615621,36.7177207889779,182.129811665547,86.9157329610709,61.7948865884696,60.515253789717,54.9316304280535
49.8176834188694,49.7702365341099,58.8931951884588,50.166964808697,179.581528244976,36.1826601026823,65.4884356381797,206.109768568154,161.267448138547,82.4356532138013,92.188008559086,182.430735239604,61.6904272782504,82.2653103808389,57.6416063997922,51.6068636321907,58.7352519351371,54.9824353078232,95.082813615621,36.7177207889779,182.129811665547,86.9157329610709,61.7948865884696,60.515253789717,54.9316304280535
49.8176834188694,49.7702365341099,58.8931951884588,50.166964808697,179.581528244976,36.1826601026823,65.4884356381797,206.109768568154,161.267448138547,82.4356532138013,92.188008559086,182.430735239604,61.6904272782504,82.2653103808389,57.6416063997922,51.6068636321907,58.7352519351371,54.9824353078232,95.082813615621,36.7177207889779,182.129811665547,86.9157329610709,61.7948865884696,60.515253789717,54.9316304280535
49.8176834188694,49.7702365341099,58.8931951884588,50.166964808697,179.581528244976,36.1826601026823,65.4884356381797,206.109768568154,161.267448138547,82.4356532138013,92.188008559086,182.430735239604,61.6904272782504,82.2653103808389,57.6416063997922,51.6068636321907,58.7352519351371,54.9824353078232,95.082813615621,36.7177207889779,182.129811665547,86.9157329610709,61.7948865884696,60.515253789717,54.9316304280535
49.8176834188694,49.7702365341099,58.8931951884588,50.166964808697,179.581528244976,36.1826601026823,65.4884356381797,206.109768568154,161.267448138547,82.4356532138013,92.188008559086,182.430735239604,61.6904272782504,82.2653103808389,57.6416063997922,51.6068636321907,58.7352519351371,54.9824353078232,95.082813615621,36.7177207889779,182.129811665547,86.9157329610709,61.7948865884696,60.515253789717,54.9316304280535
49.8176834188694,49.7702365341099,58.8931951884588,50.166964808697,179.581528244976,36.1826601026823,65.4884356381797,206.109768568154,161.267448138547,82.4356532138013,92.188008559086,182.430735239604,61.6904272782504,82.2653103808389,57.6416063997922,51.6068636321907,58.7352519351371,54.9824353078232,95.082813615621,36.7177207889779,182.129811665547,86.9157329610709,61.7948865884696,60.515253789717,54.9316304280535
49.8176834188694,49.7702365341099,58.8931951884588,50.166964808697,179.581528244976,36.1826601026823,65.4884356381797,206.109768568154,161.267448138547,82.4356532138013,92.188008559086,182.430735239604,61.6904272782504,82.2653103808389,57.6416063997922,51.6068636321907,58.7352519351371,54.9824353078232,95.082813615621,36.7177207889779,182.129811665547,86.9157329610709,61.7948865884696,60.515253789717,54.9316304280535
49.8176834188694,49.7702365341099,58.8931951884588,50.166964808697,179.581528244976,36.1826601026823,65.4884356381797,206.109768568154,161.267448138547,82.4356532138013,92.188008559086,182.430735239604,61.6904272782504,82.2653103808389,57.6416063997922,51.6068636321907,58.7352519351371,54.9824353078232,95.082813615621,36.7177207889779,182.129811665547,86.9157329610709,61.7948865884696,60.515253789717,54.9316304280535
49.8176834188694,49.7702365341099,58.8931951884588,50.166964808697,179.581528244976,36.1826601026823,65.4884356381797,206.109768568154,161.267448138547,82.4356532138013,92.188008559086,182.430735239604,61.6904272782504,82.2653103808389,57.6416063997922,51.6068636321907,58.7352519351371,54.9824353078232,95.082813615621,36.7177207889779,182.129811665547,86.9157329610709,61.7948865884696,60.515253789717,54.9316304280535
49.8176834188694,49.7702365341099,58.8931951884588,50.166964808697,179.581528244976,36.1826601026823,65.4884356381797,206.109768568154,161.267448138547,82.4356532138013,92.188008559086,182.430735239604,61.6904272782504,82.2653103808389,57.6416063997922,51.6068636321907,58.7352519351371,54.9824353078232,95.082813615621,36.7177207889779,182.129811665547,86.9157329610709,61.7948865884696,60.515253789717,54.9316304280535
49.8176834188694,49.7702365341099,58.8931951884588,50.166964808697,179.581528244976,36.1826601026823,65.4884356381797,206.109768568154,161.267448138547,82.4356532138013,92.188008559086,182.430735239604,61.6904272782504,82.2653103808389,57.6416063997922,51.6068636321907,58.7352519351371,54.9824353078232,95.082813615621,36.7177207889779,182.129811665547,86.9157329610709,61.7948865884696,60.515253789717,54.9316304280535
49.8176834188694,49.7702365341099,58.8931951884588,50.166964808697,179.581528244976,36.1826601026823,65.4884356381797,206.109768568154,161.267448138547,82.4356532138013,92.188008559086,182.430735239604,61.6904272782504,82.2653103808389,57.6416063997922,51.6068636321907,58.7352519351371,54.9824353078232,95.082813615621,36.7177207889779,182.129811665547,86.9157329610709,61.7948865884696,60.515253789717,54.9316304280535
49.8176834188694,49.7702365341099,58.8931951884588,50.166964808697,179.581528244976,36.1826601026823,65.4884356381797,206.109768568154,161.267448138547,82.4356532138013,92.188008559086,182.430735239604,61.6904272782504,82.2653103808389,57.6416063997922,51.6068636321907,58.7352519351371,54.9824353078232,95.082813615621,36.7177207889779,182.129811665547,86.9157329610709,61.7948865884696,60.515253789717,54.9316304280535
49.8176834188694,49.7702365341099,58.8931951884588,50.166964808697,179.581528244976,36.1826601026823,65.4884356381797,206.109768568154,161.267448138547,82.4356532138013,92.188008559086,182.430735239604,61.6904272782504,82.2653103808389,57.6416063997922,51.6068636321907,58.7352519351371,54.9824353078232,95.082813615621,36.7177207889779,182.129811665547,86.9157329610709,61.7948865884696,60.515253789717,54.9316304280535
49.8176834188694,49.7702365341099,58.8931951884588,50.166964808697,179.581528244976,36.1826601026823,65.4884356381797,206.109768568154,161.267448138547,82.4356532138013,92.188008559086,182.430735239604,61.6904272782504,82.2653103808389,57.6416063997922,51.6068636321907,58.7352519351371,54.9824353078232,95.082813615621,36.7177207889779,182.129811665547,86.9157329610709,61.7948865884696,60.515253789717,54.9316304280535
49.8176834188694,49.7702365341099,58.8931951884588,50.166964808697,179.581528244976,36.1826601026823,65.4884356381797,206.109768568154,161.267448138547,82.4356532138013,92.188008559086,182.430735239604,61.6904272782504,82.2653103808389,57.6416063997922,51.6068636321907,58.7352519351371,54.9824353078232,95.082813615621,36.7177207889779,182.129811665547,86.9157329610709,61.7948865884696,60.515253789717,54.9316304280535
49.8176834188694,49.7702365341099,58.8931951884588,50.166964808697,179.581528244976,36.1826601026823,65.4884356381797,206.109768568154,161.267448138547,82.4356532138013,92.188008559086,182.430735239604,61.6904272782504,82.2653103808389,57.6416063997922,51.6068636321907,58.7352519351371,54.9824353078232,95.082813615621,36.7177207889779,182.129811665547,86.9157329610709,61.7948865884696,60.515253789717,54.9316304280535
49.8176834188694,49.7702365341099,58.8931951884588,50.166964808697,179.581528244976,36.1826601026823,65.4884356381797,206.109768568154,161.267448138547,82.4356532138013,92.188008559086,182.430735239604,61.6904272782504,82.2653103808389,57.6416063997922,51.6068636321907,58.7352519351371,54.9824353078232,95.082813615621,36.7177207889779,182.129811665547,86.9157329610709,61.7948865884696,60.515253789717,54.9316304280535
49.8176834188694,49.7702365341099,58.8931951884588,50.166964808697,179.581528244976,36.1826601026823,65.4884356381797,206.109768568154,161.267448138547,82.4356532138013,92.188008559086,182.430735239604,61.6904272782504,82.2653103808389,57.6416063997922,51.6068636321907,58.7352519351371,54.9824353078232,95.082813615621,36.7177207889779,182.129811665547,86.9157329610709,61.7948865884696,60.515253789717,54.9316304280535
49.8176834188694,49.7702365341099,58.8931951884588,50.166964808697,179.581528244976,36.1826601026823,65.4884356381797,206.109768568154,161.267448138547,82.4356532138013,92.188008559086,182.430735239604,61.6904272782504,82.2653103808389,57.6416063997922,51.6068636321907,58.7352519351371,54.9824353078232,95.082813615621,36.7177207889779,182.129811665547,86.9157329610709,61.7948865884696,60.515253789717,54.9316304280535
49.8176834188694,49.7702365341099,58.8931951884588,50.166964808697,179.581528244976,36.1826601026823,65.4884356381797,206.109768568154,161.267448138547,82.4356532138013,92.188008559086,182.430735239604,61.6904272782504,82.2653103808389,57.6416063997922,51.6068636321907,58.7352519351371,54.9824353078232,95.082813615621,36.7177207889779,182.129811665547,86.9157329610709,61.7948865884696,60.515253789717,54.9316304280535
49.8176834188694,49.7702365341099,58.8931951884588,50.166964808697,179.581528244976,36.1826601026823,65.4884356381797,206.109768568154,161.267448138547,82.4356532138013,92.188008559086,182.430735239604,61.6904272782504,82.2653103808389,57.6416063997922,51.6068636321907,58.7352519351371,54.9824353078232,95.082813615621,36.7177207889779,182.129811665547,86.9157329610709,61.7948865884696,60.515253789717,54.9316304280535
49.8176834188694,49.7702365341099,58.8931951884588,50.166964808697,179.581528244976,36.1826601026823,65.4884356381797,206.109768568154,161.267448138547,82.4356532138013,92.188008559086,182.430735239604,61.6904272782504,82.2653103808389,57.6416063997922,51.6068636321907,58.7352519351371,54.9824353078232,95.082813615621,36.7177207889779,182.129811665547,86.9157329610709,61.7948865884696,60.515253789717,54.9316304280535
49.8176834188694,49.7702365341099,58.8931951884588,50.166964808697,179.581528244976,36.1826601026823,65.4884356381797,206.109768568154,161.267448138547,82.4356532138013,92.188008559086,182.430735239604,61.6904272782504,82.2653103808389,57.6416063997922,51.6068636321907,58.7352519351371,54.9824353078232,95.082813615621,36.7177207889779,182.129811665547,86.9157329610709,61.7948865884696,60.515253789717,54.9316304280535
49.8176834188694,49.7702365341099,58.8931951884588,50.166964808697,179.581528244976,36.1826601026823,65.4884356381797,206.109768568154,161.267448138547,82.4356532138013,92.188008559086,182.430735239604,61.6904272782504,82.2653103808389,57.6416063997922,51.6068636321907,58.7352519351371,54.9824353078232,95.082813615621,36.7177207889779,182.129811665547,86.9157329610709,61.7948865884696,60.515253789717,54.9316304280535
49.8176834188694,49.7702365341099,58.8931951884588,50.166964808697,179.581528244976,36.1826601026823,65.4884356381797,206.109768568154,161.267448138547,82.4356532138013,92.188008559086,182.430735239604,61.6904272782504,82.2653103808389,57.6416063997922,51.6068636321907,58.7352519351371,54.9824353078232,95.082813615621,36.7177207889779,182.129811665547,86.9157329610709,61.7948865884696,60.515253789717,54.9316304280535
49.8176834188694,49.7702365341099,58.8931951884588,50.166964808697,179.581528244976,36.1826601026823,65.4884356381797,206.109768568154,161.267448138547,82.4356532138013,92.188008559086,182.430735239604,61.6904272782504,82.2653103808389,57.6416063997922,51.6068636321907,58.7352519351371,54.9824353078232,95.082813615621,36.7177207889779,182.129811665547,86.9157329610709,61.7948865884696,60.515253789717,54.9316304280535
49.8176834188694,49.7702365341099,58.8931951884588,50.166964808697,179.581528244976,36.1826601026823,65.4884356381797,206.109768568154,161.267448138547,82.4356532138013,92.188008559086,182.430735239604,61.6904272782504,82.2653103808389,57.6416063997922,51.6068636321907,58.7352519351371,54.9824353078232,95.082813615621,36.7177207889779,182.129811665547,86.9157329610709,61.7948865884696,60.515253789717,54.9316304280535
49.8176834188694,49.7702365341099,58.8931951884588,50.166964808697,179.581528244976,36.1826601026823,65.4884356381797,206.109768568154,161.267448138547,82.4356532138013,92.188008559086,182.430735239604,61.6904272782504,82.2653103808389,57.6416063997922,51.6068636321907,58.7352519351371,54.9824353078232,95.082813615621,36.7177207889779,182.129811665547,86.9157329610709,61.7948865884696,60.515253789717,54.9316304280535
49.8176834188694,49.7702365341099,58.8931951884588,50.166964808697,179.581528244976,36.1826601026823,65.4884356381797,206.109768568154,161.267448138547,82.4356532138013,92.188008559086,182.430735239604,61.6904272782504,82.2653103808389,57.6416063997922,51.6068636321907,58.7352519351371,54.9824353078232,95.082813615621,36.7177207889779,182.129811665547,86.9157329610709,61.7948865884696,60.515253789717,54.9316304280535
49.8176834188694,49.7702365341099,58.8931951884588,50.166964808697,179.581528244976,36.1826601026823,65.4884356381797,206.109768568154,161.267448138547,82.4356532138013,92.188008559086,182.430735239604,61.6904272782504,82.2653103808389,57.6416063997922,51.6068636321907,58.7352519351371,54.9824353078232,95.082813615621,36.7177207889779,182.129811665547,86.9157329610709,61.7948865884696,60.515253789717,54.9316304280535
49.8176834188694,49.7702365341099,58.8931951884588,50.166964808697,179.581528244976,36.1826601026823,65.4884356381797,206.109768568154,161.267448138547,82.4356532138013,92.188008559086,182.430735239604,61.6904272782504,82.2653103808389,57.6416063997922,51.6068636321907,58.7352519351371,54.9824353078232,95.082813615621,36.7177207889779,182.129811665547,86.9157329610709,61.7948865884696,60.515253789717,54.9316304280535
49.8176834188694,49.7702365341099,58.8931951884588,50.166964808697,179.581528244976,36.1826601026823,65.4884356381797,206.109768568154,161.267448138547,82.4356532138013,92.188008559086,182.430735239604,61.6904272782504,82.2653103808389,57.6416063997922,51.6068636321907,58.7352519351371,54.9824353078232,95.082813615621,36.7177207889779,182.129811665547,86.9157329610709,61.7948865884696,60.515253789717,54.9316304280535
49.8176834188694,49.7702365341099,58.8931951884588,50.166964808697,179.581528244976,36.1826601026823,65.4884356381797,206.109768568154,161.267448138547,82.4356532138013,92.188008559086,182.430735239604,61.6904272782504,82.2653103808389,57.6416063997922,51.6068636321907,58.7352519351371,54.9824353078232,95.082813615621,36.7177207889779,182.129811665547,86.9157329610709,61.7948865884696,60.515253789717,54.9316304280535
49.8176834188694,49.7702365341099,58.8931951884588,50.166964808697,179.581528244976,36.1826601026823,65.4884356381797,206.109768568154,161.267448138547,82.4356532138013,92.188008559086,182.430735239604,61.6904272782504,82.2653103808389,57.6416063997922,51.6068636321907,58.7352519351371,54.9824353078232,95.082813615621,36.7177207889779,182.129811665547,86.9157329610709,61.7948865884696,60.515253789717,54.9316304280535
49.8176834188694,49.7702365341099,58.8931951884588,50.166964808697,179.581528244976,36.1826601026823,65.4884356381797,206.109768568154,161.267448138547,82.4356532138013,92.188008559086,182.430735239604,61.6904272782504,82.2653103808389,57.6416063997922,51.6068636321907,58.7352519351371,54.9824353078232,95.082813615621,36.7177207889779,182.129811665547,86.9157329610709,61.7948865884696,60.515253789717,54.9316304280535
49.8176834188694,49.7702365341099,58.8931951884588,50.166964808697,179.581528244976,36.1826601026823,65.4884356381797,206.109768568154,161.267448138547,82.4356532138013,92.188008559086,182.430735239604,61.6904272782504,82.2653103808389,57.6416063997922,51.6068636321907,58.7352519351371,54.9824353078232,95.082813615621,36.7177207889779,182.129811665547,86.9157329610709,61.7948865884696,60.515253789717,54.9316304280535
49.8176834188694,49.7702365341099,58.8931951884588,50.166964808697,179.581528244976,36.1826601026823,65.4884356381797,206.109768568154,161.267448138547,82.4356532138013,92.188008559086,182.430735239604,61.6904272782504,82.2653103808389,57.6416063997922,51.6068636321907,58.7352519351371,54.9824353078232,95.082813615621,36.7177207889779,182.129811665547,86.9157329610709,61.7948865884696,60.515253789717,54.9316304280535
49.8176834188694,49.7702365341099,58.8931951884588,50.166964808697,179.581528244976,36.1826601026823,65.4884356381797,206.109768568154,161.267448138547,82.4356532138013,92.188008559086,182.430735239604,61.6904272782504,82.2653103808389,57.6416063997922,51.6068636321907,58.7352519351371,54.9824353078232,95.082813615621,36.7177207889779,182.129811665547,86.9157329610709,61.7948865884696,60.515253789717,54.9316304280535
49.8176834188694,49.7702365341099,58.8931951884588,50.166964808697,179.581528244976,36.1826601026823,65.4884356381797,206.109768568154,161.267448138547,82.4356532138013,92.188008559086,182.430735239604,61.6904272782504,82.2653103808389,57.6416063997922,51.6068636321907,58.7352519351371,54.9824353078232,95.082813615621,36.7177207889779,182.129811665547,86.9157329610709,61.7948865884696,60.515253789717,54.9316304280535
49.8176834188694,49.7702365341099,58.8931951884588,50.166964808697,179.581528244976,36.1826601026823,65.4884356381797,206.109768568154,161.267448138547,82.4356532138013,92.188008559086,182.430735239604,61.6904272782504,82.2653103808389,57.6416063997922,51.6068636321907,58.7352519351371,54.9824353078232,95.082813615621,36.7177207889779,182.129811665547,86.9157329610709,61.7948865884696,60.515253789717,54.9316304280535
49.8176834188694,49.7702365341099,58.8931951884588,50.166964808697,179.581528244976,36.1826601026823,65.4884356381797,206.109768568154,161.267448138547,82.4356532138013,92.188008559086,182.430735239604,61.6904272782504,82.2653103808389,57.6416063997922,51.6068636321907,58.7352519351371,54.9824353078232,95.082813615621,36.7177207889779,182.129811665547,86.9157329610709,61.7948865884696,60.515253789717,54.9316304280535
49.8176834188694,49.7702365341099,58.8931951884588,50.166964808697,179.581528244976,36.1826601026823,65.4884356381797,206.109768568154,161.267448138547,82.4356532138013,92.188008559086,182.430735239604,61.6904272782504,82.2653103808389,57.6416063997922,51.6068636321907,58.7352519351371,54.9824353078232,95.082813615621,36.7177207889779,182.129811665547,86.9157329610709,61.7948865884696,60.515253789717,54.9316304280535
49.8176834188694,49.7702365341099,58.8931951884588,50.166964808697,179.581528244976,36.1826601026823,65.4884356381797,206.109768568154,161.267448138547,82.4356532138013,92.188008559086,182.430735239604,61.6904272782504,82.2653103808389,57.6416063997922,51.6068636321907,58.7352519351371,54.9824353078232,95.082813615621,36.7177207889779,182.129811665547,86.9157329610709,61.7948865884696,60.515253789717,54.9316304280535
49.8176834188694,49.7702365341099,58.8931951884588,50.166964808697,179.581528244976,36.1826601026823,65.4884356381797,206.109768568154,161.267448138547,82.4356532138013,92.188008559086,182.430735239604,61.6904272782504,82.2653103808389,57.6416063997922,51.6068636321907,58.7352519351371,54.9824353078232,95.082813615621,36.7177207889779,182.129811665547,86.9157329610709,61.7948865884696,60.515253789717,54.9316304280535
49.8176834188694,49.7702365341099,58.8931951884588,50.166964808697,179.581528244976,36.1826601026823,65.4884356381797,206.109768568154,161.267448138547,82.4356532138013,92.188008559086,182.430735239604,61.6904272782504,82.2653103808389,57.6416063997922,51.6068636321907,58.7352519351371,54.9824353078232,95.082813615621,36.7177207889779,182.129811665547,86.9157329610709,61.7948865884696,60.515253789717,54.9316304280535
49.8176834188694,49.7702365341099,58.8931951884588,50.166964808697,179.581528244976,36.1826601026823,65.4884356381797,206.109768568154,161.267448138547,82.4356532138013,92.188008559086,182.430735239604,61.6904272782504,82.2653103808389,57.6416063997922,51.6068636321907,58.7352519351371,54.9824353078232,95.082813615621,36.7177207889779,182.129811665547,86.9157329610709,61.7948865884696,60.515253789717,54.9316304280535
49.8176834188694,49.7702365341099,58.8931951884588,50.166964808697,179.581528244976,36.1826601026823,65.4884356381797,206.109768568154,161.267448138547,82.4356532138013,92.188008559086,182.430735239604,61.6904272782504,82.2653103808389,57.6416063997922,51.6068636321907,58.7352519351371,54.9824353078232,95.082813615621,36.7177207889779,182.129811665547,86.9157329610709,61.7948865884696,60.515253789717,54.9316304280535
49.8176834188694,49.7702365341099,58.8931951884588,50.166964808697,179.581528244976,36.1826601026823,65.4884356381797,206.109768568154,161.267448138547,82.4356532138013,92.188008559086,182.430735239604,61.6904272782504,82.2653103808389,57.6416063997922,51.6068636321907,58.7352519351371,54.9824353078232,95.082813615621,36.7177207889779,182.129811665547,86.9157329610709,61.7948865884696,60.515253789717,54.9316304280535
49.8176834188694,49.7702365341099,58.8931951884588,50.166964808697,179.581528244976,36.1826601026823,65.4884356381797,206.109768568154,161.267448138547,82.4356532138013,92.188008559086,182.430735239604,61.6904272782504,82.2653103808389,57.6416063997922,51.6068636321907,58.7352519351371,54.9824353078232,95.082813615621,36.7177207889779,182.129811665547,86.9157329610709,61.7948865884696,60.515253789717,54.9316304280535
49.8176834188694,49.7702365341099,58.8931951884588,50.166964808697,179.581528244976,36.1826601026823,65.4884356381797,206.109768568154,161.267448138547,82.4356532138013,92.188008559086,182.430735239604,61.6904272782504,82.2653103808389,57.6416063997922,51.6068636321907,58.7352519351371,54.9824353078232,95.082813615621,36.7177207889779,182.129811665547,86.9157329610709,61.7948865884696,60.515253789717,54.9316304280535
49.8176834188694,49.7702365341099,58.8931951884588,50.166964808697,179.581528244976,36.1826601026823,65.4884356381797,206.109768568154,161.267448138547,82.4356532138013,92.188008559086,182.430735239604,61.6904272782504,82.2653103808389,57.6416063997922,51.6068636321907,58.7352519351371,54.9824353078232,95.082813615621,36.7177207889779,182.129811665547,86.9157329610709,61.7948865884696,60.515253789717,54.9316304280535
49.8176834188694,49.7702365341099,58.8931951884588,50.166964808697,179.581528244976,36.1826601026823,65.4884356381797,206.109768568154,161.267448138547,82.4356532138013,92.188008559086,182.430735239604,61.6904272782504,82.2653103808389,57.6416063997922,51.6068636321907,58.7352519351371,54.9824353078232,95.082813615621,36.7177207889779,182.129811665547,86.9157329610709,61.7948865884696,60.515253789717,54.9316304280535
49.8176834188694,49.7702365341099,58.8931951884588,50.166964808697,179.581528244976,36.1826601026823,65.4884356381797,206.109768568154,161.267448138547,82.4356532138013,92.188008559086,182.430735239604,61.6904272782504,82.2653103808389,57.6416063997922,51.6068636321907,58.7352519351371,54.9824353078232,95.082813615621,36.7177207889779,182.129811665547,86.9157329610709,61.7948865884696,60.515253789717,54.9316304280535
49.8176834188694,49.7702365341099,58.8931951884588,50.166964808697,179.581528244976,36.1826601026823,65.4884356381797,206.109768568154,161.267448138547,82.4356532138013,92.188008559086,182.430735239604,61.6904272782504,82.2653103808389,57.6416063997922,51.6068636321907,58.7352519351371,54.9824353078232,95.082813615621,36.7177207889779,182.129811665547,86.9157329610709,61.7948865884696,60.515253789717,54.9316304280535
49.8176834188694,49.7702365341099,58.8931951884588,50.166964808697,179.581528244976,36.1826601026823,65.4884356381797,206.109768568154,161.267448138547,82.4356532138013,92.188008559086,182.430735239604,61.6904272782504,82.2653103808389,57.6416063997922,51.6068636321907,58.7352519351371,54.9824353078232,95.082813615621,36.7177207889779,182.129811665547,86.9157329610709,61.7948865884696,60.515253789717,54.9316304280535
49.8176834188694,49.7702365341099,58.8931951884588,50.166964808697,179.581528244976,36.1826601026823,65.4884356381797,206.109768568154,161.267448138547,82.4356532138013,92.188008559086,182.430735239604,61.6904272782504,82.2653103808389,57.6416063997922,51.6068636321907,58.7352519351371,54.9824353078232,95.082813615621,36.7177207889779,182.129811665547,86.9157329610709,61.7948865884696,60.515253789717,54.9316304280535
49.8176834188694,49.7702365341099,58.8931951884588,50.166964808697,179.581528244976,36.1826601026823,65.4884356381797,206.109768568154,161.267448138547,82.4356532138013,92.188008559086,182.430735239604,61.6904272782504,82.2653103808389,57.6416063997922,51.6068636321907,58.7352519351371,54.9824353078232,95.082813615621,36.7177207889779,182.129811665547,86.9157329610709,61.7948865884696,60.515253789717,54.9316304280535
49.8176834188694,49.7702365341099,58.8931951884588,50.166964808697,179.581528244976,36.1826601026823,65.4884356381797,206.109768568154,161.267448138547,82.4356532138013,92.188008559086,182.430735239604,61.6904272782504,82.2653103808389,57.6416063997922,51.6068636321907,58.7352519351371,54.9824353078232,95.082813615621,36.7177207889779,182.129811665547,86.9157329610709,61.7948865884696,60.515253789717,54.9316304280535
49.8176834188694,49.7702365341099,58.8931951884588,50.166964808697,179.581528244976,36.1826601026823,65.4884356381797,206.109768568154,161.267448138547,82.4356532138013,92.188008559086,182.430735239604,61.6904272782504,82.2653103808389,57.6416063997922,51.6068636321907,58.7352519351371,54.9824353078232,95.082813615621,36.7177207889779,182.129811665547,86.9157329610709,61.7948865884696,60.515253789717,54.9316304280535
49.8176834188694,49.7702365341099,58.8931951884588,50.166964808697,179.581528244976,36.1826601026823,65.4884356381797,206.109768568154,161.267448138547,82.4356532138013,92.188008559086,182.430735239604,61.6904272782504,82.2653103808389,57.6416063997922,51.6068636321907,58.7352519351371,54.9824353078232,95.082813615621,36.7177207889779,182.129811665547,86.9157329610709,61.7948865884696,60.515253789717,54.9316304280535
49.8176834188694,49.7702365341099,58.8931951884588,50.166964808697,179.581528244976,36.1826601026823,65.4884356381797,206.109768568154,161.267448138547,82.4356532138013,92.188008559086,182.430735239604,61.6904272782504,82.2653103808389,57.6416063997922,51.6068636321907,58.7352519351371,54.9824353078232,95.082813615621,36.7177207889779,182.129811665547,86.9157329610709,61.7948865884696,60.515253789717,54.9316304280535
49.8176834188694,49.7702365341099,58.8931951884588,50.166964808697,179.581528244976,36.1826601026823,65.4884356381797,206.109768568154,161.267448138547,82.4356532138013,92.188008559086,182.430735239604,61.6904272782504,82.2653103808389,57.6416063997922,51.6068636321907,58.7352519351371,54.9824353078232,95.082813615621,36.7177207889779,182.129811665547,86.9157329610709,61.7948865884696,60.515253789717,54.9316304280535
49.8176834188694,49.7702365341099,58.8931951884588,50.166964808697,179.581528244976,36.1826601026823,65.4884356381797,206.109768568154,161.267448138547,82.4356532138013,92.188008559086,182.430735239604,61.6904272782504,82.2653103808389,57.6416063997922,51.6068636321907,58.7352519351371,54.9824353078232,95.082813615621,36.7177207889779,182.129811665547,86.9157329610709,61.7948865884696,60.515253789717,54.9316304280535
