12902951838.4535,6723121911.55624,3961437450.64336,6124171282.20782,5857659307.48013,5708100876.10639,3241416621.19194,5358714559.22518,2936360573.05973,7613559392.5196,1483622327.84601,10724679748.1355,2606838378.39413,6096620007.23876,3312707817.43061,3482114917.6603,6804818854.08453,9868162599.53401,3939401431.41566,10620023595.3222,7718646872.4735,5863563444.81258,4072427379.82686,5137734530.48407,8148445267.66013
12902951838.4535,6723121911.55624,3961437450.64336,6124171282.20782,5857659307.48013,5708100876.10639,3241416621.19194,5358714559.22518,2936360573.05973,7613559392.5196,1483622327.84601,10724679748.1355,2606838378.39413,6096620007.23876,3312707817.43061,3482114917.6603,6804818854.08453,9868162599.53401,3939401431.41566,10620023595.3222,7718646872.4735,5863563444.81258,4072427379.82686,5137734530.48407,8148445267.66013
12902951838.4535,6723121911.55624,3961437450.64336,6124171282.20782,5857659307.48013,5708100876.10639,3241416621.19194,5358714559.22518,2936360573.05973,7613559392.5196,1483622327.84601,10724679748.1355,2606838378.39413,6096620007.23876,3312707817.43061,2864383528.69485,3419341795.34802,9868162599.53401,2230867506.99139,10620023595.3222,7718646872.4735,5863563444.81258,4072427379.82686,5137734530.48407,8148445267.66013
8807189538.47617,2393017052.98668,3961437450.64336,4887959415.55349,5857659307.48013,5708100876.10639,3241416621.19194,1475326351.84488,2936360573.05973,7203096976.89281,1483622327.84601,6203040211.84194,2606838378.39413,6096620007.23876,3312707817.43061,2255052955.83255,2634217276.98698,2521185522.43903,1408125515.14957,3726391874.80134,7189004147.4624,5863563444.81258,4072427379.82686,4456764520.45404,4871430093.76499
8807189538.47617,2393017052.98668,3961437450.64336,2555025171.39729,2463520198.04372,4077108985.83775,3241416621.19194,1475326351.84488,2936360573.05973,7203096976.89281,1483622327.84601,4089088949.27413,2606838378.39413,3668614712.49706,3312707817.43061,2255052955.83255,2379102767.20373,2460680916.94891,1408125515.14957,3726391874.80134,7189004147.4624,5731176424.54317,4072427379.82686,4456764520.45404,4871430093.76499
8406103545.12727,2393017052.98668,3961437450.64336,2555025171.39729,2463520198.04372,4077108985.83775,3241416621.19194,1475326351.84488,2936360573.05973,7203096976.89281,1483622327.84601,4089088949.27413,2606838378.39413,3668614712.49706,3312707817.43061,2255052955.83255,2379102767.20373,2460680916.94891,1408125515.14957,3726391874.80134,7189004147.4624,5731176424.54317,4072427379.82686,4456764520.45404,4871430093.76499
8406103545.12727,2393017052.98668,3961437450.64336,2555025171.39729,2463520198.04372,4077108985.83775,3241416621.19194,1475326351.84488,2936360573.05973,7203096976.89281,1483622327.84601,4089088949.27413,2606838378.39413,3668614712.49706,3312707817.43061,2255052955.83255,2379102767.20373,2460680916.94891,1408125515.14957,3726391874.80134,7189004147.4624,2974285257.21868,4072427379.82686,4456764520.45404,4871430093.76499
8406103545.12727,2393017052.98668,3961437450.64336,2555025171.39729,2463520198.04372,4077108985.83775,3241416621.19194,1475326351.84488,1449976334.62271,6668005083.53943,1483622327.84601,4089088949.27413,2606838378.39413,3668614712.49706,3312707817.43061,2255052955.83255,2379102767.20373,2460680916.94891,1408125515.14957,3726391874.80134,7189004147.4624,2974285257.21868,4072427379.82686,4456764520.45404,4871430093.76499
8406103545.12727,1716684465.03409,3961437450.64336,2513871627.27129,2463520198.04372,4077108985.83775,3241416621.19194,1475326351.84488,1405326637.30567,917873179.504929,1483622327.84601,4089088949.27413,2606838378.39413,2043665253.39465,3312707817.43061,2255052955.83255,2379102767.20373,2460680916.94891,1408125515.14957,2262397584.07263,1741994411.28851,2731446729.81727,4072427379.82686,4456764520.45404,4871430093.76499
3380585773.0685,1716684465.03409,3961437450.64336,1635780360.5675,2463520198.04372,4077108985.83775,3241416621.19194,1234416669.66072,1405326637.30567,917873179.504929,1483622327.84601,4089088949.27413,2606838378.39413,1138387200.16744,3312707817.43061,2255052955.83255,2379102767.20373,799337151.567372,1408125515.14957,587111046.890625,1741994411.28851,2731446729.81727,3649705719.64602,4456764520.45404,3096318367.321
1927418110.42491,1716684465.03409,3386832880.58159,1462588197.7949,2463520198.04372,663175865.232357,2418987655.24248,1158406200.15432,1175532413.42972,917873179.504929,1483622327.84601,685570511.902985,2606838378.39413,1138387200.16744,569872097.605992,2255052955.83255,1521260963.36784,799337151.567372,1408125515.14957,587111046.890625,1741994411.28851,1227452546.1294,1406699201.24968,1385157734.12593,1083261973.38972
1343738170.59496,1210917364.10344,3291553880.67169,964118020.448834,2100836796.24644,663175865.232357,706419037.923091,90519227.9445749,1123369712.52075,700812994.585865,736270747.012373,342163138.87868,1563120312.46429,1039436593.66039,569872097.605992,817688149.153997,1085377971.36666,278158470.17821,1408125515.14957,280420136.102139,1339757653.64031,566960174.759835,231094299.642345,1385157734.12593,1083261973.38972
1031725308.53366,684087130.943022,1968609901.54316,658500865.203399,949131933.815985,663175865.232357,706419037.923091,90519227.9445749,880490845.127779,421681542.663596,687606719.200003,342163138.87868,390388950.675064,1039436593.66039,569872097.605992,817688149.153997,525244588.234773,278158470.17821,758399210.436999,145893034.822837,675425370.368484,149283988.587238,231094299.642345,1385157734.12593,1083261973.38972
935083276.778014,500473710.757194,861868954.670602,645619285.089862,235737335.833765,382424875.551832,586569961.804173,90519227.9445749,369057518.18152,50742052.2474317,687606719.200003,342163138.87868,390388950.675064,1039436593.66039,569872097.605992,343404080.244381,491598310.612015,241195880.410398,758399210.436999,145893034.822837,675425370.368484,149283988.587238,231094299.642345,832559908.150291,632292099.784169
802039390.025726,500473710.757194,861868954.670602,257241732.505474,235737335.833765,328925254.763058,548128676.701903,90519227.9445749,369057518.18152,50742052.2474317,199673532.900893,342163138.87868,390388950.675064,612215082.661298,537197072.130618,343404080.244381,265800433.421341,241195880.410398,699603304.765237,145893034.822837,345448252.170186,149283988.587238,231094299.642345,832559908.150291,632292099.784169
90938637.0960187,489912432.217478,590325108.419335,257241732.505474,235737335.833765,328925254.763058,358822691.54468,90519227.9445749,249523394.657453,50742052.2474317,199673532.900893,342163138.87868,390388950.675064,330633178.464177,458060817.556059,195167315.615581,265800433.421341,216149367.024883,399923439.226898,145893034.822837,212643190.196572,149283988.587238,231094299.642345,584576613.164816,632292099.784169
90938637.0960187,489912432.217478,590325108.419335,257241732.505474,235737335.833765,166896549.562958,136062326.199997,27889995.2486068,201157924.107612,50742052.2474317,199673532.900893,69356590.1252252,81474057.6238447,330633178.464177,360022853.000349,195167315.615581,265800433.421341,216149367.024883,238542884.745477,140071232.650258,212643190.196572,149283988.587238,231094299.642345,144502269.345743,289055444.589878
90938637.0960187,366141677.843735,574874767.061884,243280832.763177,235737335.833765,166896549.562958,123452738.415719,27889995.2486068,175315786.218572,50742052.2474317,199673532.900893,69356590.1252252,81474057.6238447,277441026.460356,109307225.420366,195167315.615581,265800433.421341,48828417.8004518,238542884.745477,140071232.650258,212643190.196572,138882117.940006,231094299.642345,144502269.345743,167892382.115726
90938637.0960187,256851031.780115,574874767.061884,135985219.267803,235737335.833765,130679840.525101,123452738.415719,27889995.2486068,175315786.218572,50742052.2474317,199673532.900893,69356590.1252252,81474057.6238447,277441026.460356,109307225.420366,144289584.972288,265800433.421341,48828417.8004518,238542884.745477,83394401.9597793,202246086.176836,138882117.940006,231094299.642345,142558826.194435,100920664.221529
12171614.2111062,178875095.679184,483314547.888778,135985219.267803,235737335.833765,130679840.525101,123452738.415719,27889995.2486068,111882625.338436,13332840.512549,148392289.103781,69356590.1252252,81474057.6238447,144313214.205079,109307225.420366,144289584.972288,213143771.896888,46881690.9557731,238542884.745477,83394401.9597793,202246086.176836,138882117.940006,156004055.449993,139484745.481817,62317633.1213804
12171614.2111062,49443525.312136,483314547.888778,124137469.589892,106799641.019435,62628558.1580167,111923502.813032,27889995.2486068,101735965.594583,13332840.512549,148392289.103781,69356590.1252252,81474057.6238447,144313214.205079,109307225.420366,113941836.794024,94659167.1588765,46881690.9557731,238542884.745477,83394401.9597793,28838821.412291,138882117.940006,104042111.688617,139484745.481817,43614107.5231406
12171614.2111062,49443525.312136,86350492.4865658,25254296.7144185,95274775.9395763,33452424.3960623,66566420.4468525,27889995.2486068,101735965.594583,13332840.512549,128599626.543869,42044819.6190924,81474057.6238447,57267768.8788943,50411331.4157164,113941836.794024,72859097.9351836,20857262.6838278,84072036.3833848,76549565.4839922,28838821.412291,70324502.2989421,95172804.8501171,68706465.7678158,43614107.5231406
12171614.2111062,49443525.312136,66233480.9759705,25254296.7144185,95274775.9395763,33452424.3960623,66566420.4468525,27889995.2486068,63104619.584538,13332840.512549,32603011.5520773,42044819.6190924,81474057.6238447,57267768.8788943,50411331.4157164,92962157.7670947,72859097.9351836,20857262.6838278,84072036.3833848,46619433.8522513,28838821.412291,70324502.2989421,95172804.8501171,68706465.7678158,43614107.5231406
12171614.2111062,49443525.312136,66233480.9759705,25254296.7144185,95274775.9395763,19910044.2920437,56081339.4252281,27889995.2486068,63104619.584538,13332840.512549,32603011.5520773,42044819.6190924,72496585.0687634,53532419.6395137,29684901.5302581,54476794.899719,51040129.9690126,12358101.3142202,84072036.3833848,46619433.8522513,28838821.412291,70324502.2989421,88296719.4091492,60107544.1190904,33603716.8902201
12171614.2111062,49443525.312136,64016075.1322169,25254296.7144185,82619317.339764,19910044.2920437,56081339.4252281,26485980.6027977,39635240.7797826,13332840.512549,31651701.8223648,29217596.3801569,72496585.0687634,38512237.7917328,21888347.4608884,44191582.5177769,51040129.9690126,12358101.3142202,84072036.3833848,46619433.8522513,28838821.412291,22855922.5062689,62235025.5556618,60107544.1190904,29474310.7756229
10078989.7926198,49443525.312136,45561250.9432815,25254296.7144185,74620345.2165531,2711181.3739451,34556322.1449427,5504596.03229074,30389112.8158765,13332840.512549,21179822.7868865,23985177.8354645,68388352.528436,38512237.7917328,17318369.0890416,14561658.0142317,41725160.2559681,12358101.3142202,78495915.5958789,27324083.9784486,28838821.412291,18104741.6405028,47297325.7296857,14491265.2619821,20310670.9481784
8208846.66258072,22436116.0121248,18841804.0971556,25254296.7144185,64099055.0949274,2711181.3739451,18648199.1052586,5504596.03229074,24697039.2838908,13332840.512549,21179822.7868865,23985177.8354645,68388352.528436,38512237.7917328,17318369.0890416,14561658.0142317,41725160.2559681,12358101.3142202,78495915.5958789,27324083.9784486,28838821.412291,18104741.6405028,35260041.5128141,14491265.2619821,16962077.7036533
8208846.66258072,22233076.7020868,14986852.6034706,25254296.7144185,64099055.0949274,2711181.3739451,15400236.5823658,5504596.03229074,24697039.2838908,13332840.512549,21179822.7868865,15186232.5795279,12754405.7555278,38512237.7917328,12934306.7072927,14561658.0142317,32898433.8486426,12358101.3142202,46917003.2898857,14956390.5454512,6341725.10865513,18104741.6405028,30250279.3496078,14491265.2619821,16962077.7036533
8208846.66258072,22233076.7020868,14986852.6034706,24168082.826476,38704041.1611689,2711181.3739451,15400236.5823658,5376286.6013441,18754514.7910908,13332840.512549,15528138.3232447,10624143.5551897,12754405.7555278,38512237.7917328,12934306.7072927,14561658.0142317,27996252.693904,12358101.3142202,46917003.2898857,14956390.5454512,6341725.10865513,18104741.6405028,19041591.5387965,14491265.2619821,16246163.2789488
8208846.66258072,15428444.8691122,14974337.6058223,12835167.9326307,24476491.16283,2711181.3739451,15400236.5823658,5376286.6013441,18754514.7910908,6257682.47556683,10054708.0094201,10624143.5551897,12754405.7555278,38512237.7917328,12934306.7072927,10964671.8338896,12212224.0139013,10958871.0453804,23246755.5342415,9148791.57758425,6341725.10865513,12709719.6800268,12160275.40217,14491265.2619821,16246163.2789488
8208846.66258072,15428444.8691122,14974337.6058223,5975677.08289224,24476491.16283,2711181.3739451,15400236.5823658,2237187.32486114,15450948.6009012,6257682.47556683,10054708.0094201,10624143.5551897,12754405.7555278,38512237.7917328,12934306.7072927,10964671.8338896,12212224.0139013,8066770.44042028,21202954.0532854,6465799.50483879,6341725.10865513,12709719.6800268,11634157.7492233,14491265.2619821,15868148.1363995
8208846.66258072,6021313.07198664,11032996.1162406,5975677.08289224,13893975.7837925,2711181.3739451,15400236.5823658,2237187.32486114,10614807.2705619,6257682.47556683,10054708.0094201,4581189.46553881,12754405.7555278,24822900.5128655,12934306.7072927,9326832.74629388,12212224.0139013,8066770.44042028,9787956.21613642,6465799.50483879,6341725.10865513,12709719.6800268,6344722.097915,11506773.1865491,6563373.8640346
8208846.66258072,6021313.07198664,3819406.30874815,5975677.08289224,6975142.05096749,2711181.3739451,14966170.2241597,2237187.32486114,6682903.47987746,6257682.47556683,10054708.0094201,4581189.46553881,12754405.7555278,14538885.5639274,7838706.58492506,9326832.74629388,12212224.0139013,3770488.89578107,9787956.21613642,6465799.50483879,6341725.10865513,12709719.6800268,4754895.25735057,10067425.5938283,2154654.89260864
8208846.66258072,6021313.07198664,3819406.30874815,5152713.85982056,6975142.05096749,2711181.3739451,14966170.2241597,1516831.43856346,4339319.49946866,2371492.11989886,8649987.62197084,4581189.46553881,12754405.7555278,14538885.5639274,5950502.73276121,9326832.74629388,12212224.0139013,3770488.89578107,9787956.21613642,6465799.50483879,6190961.95217667,3988888.33300479,4754895.25735057,10067425.5938283,2154654.89260864
8208846.66258072,6021313.07198664,3819406.30874815,5152713.85982056,6975142.05096749,2711181.3739451,14966170.2241597,1516831.43856346,2114415.14515781,2371492.11989886,6546677.96765578,4581189.46553881,8189389.95095753,12726329.0208243,5950502.73276121,7160833.04116317,10237319.8215176,3770488.89578107,9787956.21613642,6465799.50483879,4803508.39514658,3092622.51637681,4126034.86005603,10067425.5938283,2154654.89260864
8208846.66258072,3641634.09239605,3819406.30874815,5152713.85982056,6975142.05096749,2246296.08416023,6755908.47856325,1158639.75932511,2114415.14515781,2371492.11989886,6298815.09956826,4581189.46553881,8189389.95095753,11966873.617568,5950502.73276121,4898329.69375209,10237319.8215176,2322781.96332294,9787956.21613642,6465799.50483879,4803508.39514658,3092622.51637681,4126034.86005603,6231560.94759976,856388.764245102
6889167.38890975,3641634.09239605,3224846.73659786,5152713.85982056,6975142.05096749,2246296.08416023,6755908.47856325,1158639.75932511,2114415.14515781,2371492.11989886,6298815.09956826,3558282.31640501,5153033.48087459,2735186.2188985,5349135.0766268,3328716.6130467,10237319.8215176,2322781.96332294,9787956.21613642,6465799.50483879,4259134.06076145,3092622.51637681,3680123.88258763,2374624.00716648,856388.764245102
6889167.38890975,3641634.09239605,3224846.73659786,5044476.36683351,4201737.33414117,1541784.57330482,6755908.47856325,762816.54712886,2114415.14515781,2351211.73283413,6298815.09956826,3110502.24303777,3803578.00007886,2735186.2188985,2339324.67871608,3328716.6130467,3065871.15325219,2322781.96332294,6707759.05823778,6465799.50483879,4259134.06076145,3092622.51637681,3299410.82307187,2374624.00716648,856388.764245102
3884210.699519,3641634.09239605,2631181.53309768,3332628.98572627,4201737.33414117,1541784.57330482,5190698.31457092,738085.45250695,2114415.14515781,2238215.31467607,3720499.35607957,1698003.83315367,3803578.00007886,2735186.2188985,2339324.67871608,3328716.6130467,3065871.15325219,2322781.96332294,6707759.05823778,6465799.50483879,3978004.52371072,3092622.51637681,3299410.82307187,2374624.00716648,607398.637500052
1783553.79502925,2911394.15598475,2631181.53309768,2700171.7014814,2913119.28145215,1349001.37694205,2384477.2781997,738085.45250695,2087082.12526556,1851026.60819477,2869527.72163679,1698003.83315367,3803578.00007886,2735186.2188985,2339324.67871608,3328716.6130467,3065871.15325219,1464811.17697622,6707759.05823778,3150809.07676083,2889770.31868655,3092622.51637681,2485864.91028782,2374624.00716648,607398.637500052
387337.122566346,2911394.15598475,2631181.53309768,744780.192060875,2913119.28145215,1349001.37694205,2384477.2781997,680788.549271355,2087082.12526556,1508499.31990226,2869527.72163679,1698003.83315367,3803578.00007886,2735186.2188985,2339324.67871608,3295687.11448946,1999264.87088351,1248755.45726447,3443244.99814196,3150809.07676083,1734738.34933815,2431387.13139113,1857153.3619893,1750819.8578871,607398.637500052
387337.122566346,2615593.24529494,1913419.26223886,744780.192060875,2058297.29399361,671114.11995867,2238780.93203384,664685.517026677,1445209.65821895,1271904.85125286,2091845.34948896,1698003.83315367,3803578.00007886,2735186.2188985,2339324.67871608,1748160.67762298,1999264.87088351,1248755.45726447,3443244.99814196,1969280.32060275,1193033.54354443,1934054.25948915,1857153.3619893,1750819.8578871,607398.637500052
387337.122566346,1592344.35623616,762450.516489519,744780.192060875,2058297.29399361,671114.11995867,1728190.85040928,445172.333606844,1215530.64792059,1154486.1936866,2091845.34948896,1113337.01059805,3239396.68154969,2735186.2188985,2339324.67871608,1748160.67762298,1999264.87088351,1200778.80342709,3443244.99814196,1969280.32060275,1193033.54354443,1934054.25948915,733067.729331157,1750819.8578871,607398.637500052
387337.122566346,1538576.44473594,762450.516489519,744780.192060875,1481823.17509518,671114.11995867,1015952.88805397,367767.248279875,1215530.64792059,663876.776423729,2091845.34948896,1113337.01059805,2199562.03704993,2735186.2188985,2339324.67871608,1748160.67762298,1300319.81237543,879488.302758135,1631660.46186517,1468933.86933078,941325.296579248,1934054.25948915,733067.729331157,1750819.8578871,607398.637500052
387337.122566346,1305958.874029,762450.516489519,744780.192060875,1470806.38139425,671114.11995867,286809.083606877,367767.248279875,813413.871197217,663876.776423729,2091845.34948896,1113337.01059805,2199562.03704993,2735186.2188985,2339324.67871608,1748160.67762298,1300319.81237543,824938.634632456,1631660.46186517,1468933.86933078,941325.296579248,1451432.72725575,733067.729331157,1750819.8578871,511938.117559538
387337.122566346,1249042.33165209,485145.69778681,744780.192060875,1470806.38139425,627720.634987396,286809.083606877,357191.295159667,780754.318523891,663876.776423729,1632677.75312857,1113337.01059805,881889.268599138,1808040.06667261,1468593.34629096,1748160.67762298,1300319.81237543,492836.867752532,1631660.46186517,553720.875032471,799081.938118467,736849.489600303,685586.636408456,1750819.8578871,511938.117559538
387337.122566346,928446.643041775,485145.69778681,744780.192060875,684318.146936689,627720.634987396,286809.083606877,269798.20389532,625677.19853594,288485.682162085,1632677.75312857,1113337.01059805,881889.268599138,1808040.06667261,896511.637520923,400723.479283465,901261.625705666,477009.090079945,1631660.46186517,553720.875032471,451803.232355545,736849.489600303,685586.636408456,1750819.8578871,511938.117559538
387337.122566346,619048.475350708,328641.772268661,625226.479876644,582897.438305735,377765.071519196,286809.083606877,269798.20389532,223442.380112315,288485.682162085,1632677.75312857,1113337.01059805,881889.268599138,1013216.2963272,660842.845369833,400723.479283465,733985.557464034,477009.090079945,1631660.46186517,553720.875032471,451803.232355545,606494.675494446,357594.267975404,643683.57208917,511938.117559538
387337.122566346,619048.475350708,328641.772268661,543224.649519722,582897.438305735,377765.071519196,208992.25226122,269798.20389532,223442.380112315,288485.682162085,1497371.71547859,1113337.01059805,881889.268599138,1013216.2963272,660842.845369833,400723.479283465,711442.29967824,426169.863715228,1495748.16871921,168747.015047756,451803.232355545,606494.675494446,357594.267975404,643683.57208917,364451.870615443
241287.488434895,464646.83347742,287646.912681326,543224.649519722,582897.438305735,371802.480605391,189063.630567263,243549.119951404,193082.515221578,288485.682162085,517591.954134698,1048802.63564997,855223.703303199,1013216.2963272,411624.610999619,400723.479283465,445881.589277589,282644.247523308,1087269.98287881,168747.015047756,451803.232355545,606494.675494446,357594.267975404,569404.261217422,364451.870615443
241287.488434895,464646.83347742,287646.912681326,464634.04202446,582897.438305735,371802.480605391,189063.630567263,204173.886487195,193082.515221578,269884.812120802,475137.213762715,1048802.63564997,855223.703303199,1013216.2963272,411624.610999619,400723.479283465,445881.589277589,282644.247523308,1087269.98287881,168747.015047756,451803.232355545,411424.279605825,330584.88997211,569404.261217422,364451.870615443
241287.488434895,412031.886265645,287646.912681326,323731.981873414,553187.55591601,365280.369314119,111281.344775227,204173.886487195,193082.515221578,264327.010681933,260559.008440689,542777.995842844,633456.817013631,916504.972895903,376944.462029101,400723.479283465,445881.589277589,257195.711041813,1087269.98287881,145698.14700846,414876.300089342,370460.573567988,330584.88997211,256228.063488753,364451.870615443
241287.488434895,412031.886265645,222952.932488781,158521.325896158,532485.905585376,196826.994099995,111281.344775227,204173.886487195,193082.515221578,233204.875813372,260559.008440689,364432.199012521,596853.543712466,870831.671872254,376944.462029101,400723.479283465,445881.589277589,257195.711041813,1087269.98287881,145698.14700846,301968.084867348,370460.573567988,330584.88997211,256228.063488753,188164.472806961
185778.475053822,245650.287679906,222952.932488781,158521.325896158,532485.905585376,196826.994099995,111281.344775227,136449.759144943,193082.515221578,233204.875813372,260559.008440689,364432.199012521,187893.729756565,549767.26330947,190869.010230808,281214.790168662,362598.209514058,210544.523550588,292811.81538014,97524.6933308015,301968.084867348,163354.64513242,330584.88997211,256228.063488753,188164.472806961
153632.890561134,245650.287679906,222952.932488781,158521.325896158,446398.366812661,186024.06313792,88813.1114831772,136449.759144943,193082.515221578,233204.875813372,260559.008440689,364432.199012521,187893.729756565,546544.57046825,190869.010230808,281214.790168662,362598.209514058,210544.523550588,292811.81538014,97524.6933308015,301968.084867348,163354.64513242,330584.88997211,190737.171442478,188164.472806961
153632.890561134,237523.525246773,222952.932488781,158521.325896158,292438.994517545,176111.085156043,88813.1114831772,114000.107783441,136520.27098531,211466.955191196,182564.665417463,198275.247379325,187893.729756565,434939.03964185,121377.53399969,281214.790168662,147948.325886145,210544.523550588,292811.81538014,97524.6933308015,258419.454397197,163354.64513242,330584.88997211,190737.171442478,151967.117402506
153632.890561134,175723.174722806,212275.694250666,158521.325896158,253268.407978264,176111.085156043,88813.1114831772,109528.22107979,136520.27098531,202394.169615695,180177.662966707,198275.247379325,187893.729756565,392657.337480579,94735.1960976786,281214.790168662,147948.325886145,210544.523550588,292811.81538014,97524.6933308015,210686.259694546,159512.668478341,305074.570322347,190737.171442478,90009.1546351165
127867.655692519,136921.678391869,170601.962584699,154718.518864024,253268.407978264,126705.906969965,53229.7567497326,94180.9223089915,65021.987592164,191012.66159629,123926.948290343,198275.247379325,187893.729756565,392657.337480579,69742.1867012501,162537.214880626,147948.325886145,191583.458699568,292811.81538014,52286.4755682621,210686.259694546,159512.668478341,221681.354536116,68128.890993745,90009.1546351165
69590.1298604132,136921.678391869,170601.962584699,154718.518864024,224731.925942777,126705.906969965,53229.7567497326,94180.9223089915,65021.987592164,131436.752318512,115306.524050416,198275.247379325,167743.728204879,392657.337480579,64477.5483861075,128803.175127976,147948.325886145,81366.1465859362,292811.81538014,45275.9326345079,210686.259694546,159512.668478341,168687.041365575,68128.890993745,90009.1546351165
69590.1298604132,133162.603009192,170601.962584699,154718.518864024,208793.937280863,84705.4082607211,53229.7567497326,86366.2268465453,64140.302147561,122575.17705959,115306.524050416,198275.247379325,167743.728204879,288697.150382436,57456.8816254971,128803.175127976,100158.322575671,81366.1465859362,292811.81538014,45275.9326345079,119664.711300861,89784.8250990768,168687.041365575,68128.890993745,90009.1546351165
69590.1298604132,104641.596783307,165947.113096511,110527.468385515,144116.905222658,84705.4082607211,53229.7567497326,70329.389014316,64140.302147561,83064.5618450891,115306.524050416,198275.247379325,151115.37324525,288697.150382436,54668.8095986308,72629.5166992487,100158.322575671,81366.1465859362,110317.404149963,45275.9326345079,109993.617786826,89784.8250990768,151045.866261818,68128.890993745,90009.1546351165
69590.1298604132,104641.596783307,165947.113096511,110527.468385515,144116.905222658,84705.4082607211,52206.337772287,51328.5339471551,64140.302147561,61449.4452374221,115306.524050416,113681.644884914,127979.498232664,288697.150382436,47547.0096921259,72629.5166992487,81114.3253854807,81366.1465859362,110317.404149963,42217.8501895953,109993.617786826,89784.8250990768,151045.866261818,68128.890993745,52916.2517561968
69590.1298604132,104641.596783307,152996.431953594,81690.8961529306,105953.658085207,84705.4082607211,35000.2538504634,51328.5339471551,64140.302147561,61449.4452374221,96697.8650420232,91620.2926559839,127979.498232664,255675.821441749,39321.0374443545,72629.5166992487,72198.7976011128,67950.0349813006,85139.9580617943,37138.5297530437,109993.617786826,88444.4132635701,151045.866261818,68128.890993745,52916.2517561968
69590.1298604132,81597.2624965251,103065.708739392,81690.8961529306,85153.8894354389,76445.1203870203,30004.4421164525,31520.1493965391,43075.2278842262,61449.4452374221,86875.9440054906,91620.2926559839,96028.4929453972,238480.9933134,39321.0374443545,66048.4654177102,72198.7976011128,49770.2192871129,85139.9580617943,27108.8594871016,83895.6077790624,88444.4132635701,90244.7040948189,33011.9556532348,52916.2517561968
60813.0010649008,81597.2624965251,98461.0304979902,81690.8961529306,85153.8894354389,69050.9072957367,27809.0826281516,31520.1493965391,24460.787729346,51212.9774394055,86875.9440054906,91620.2926559839,67312.5782775654,142579.186143294,39321.0374443545,66048.4654177102,70851.3743754917,49770.2192871129,85139.9580617943,26791.6616730305,72006.4578348409,51883.8103185397,90244.7040948189,33011.9556532348,52916.2517561968
60813.0010649008,76264.1253690988,98461.0304979902,81690.8961529306,43054.982577093,49078.8111987827,21903.2862480234,31520.1493965391,24460.787729346,43488.6187895954,85422.3734837383,91620.2926559839,44077.835626351,118314.356216103,22624.3856385552,65401.6700501966,60595.090365813,47251.9594742946,50130.8772710728,23309.092009953,72006.4578348409,51883.8103185397,90244.7040948189,33011.9556532348,52916.2517561968
53445.5759225878,64926.3514005195,98461.0304979902,81690.8961529306,43054.982577093,39041.8682761125,18950.6571560077,31520.1493965391,24460.787729346,34943.8753535753,73989.1100262905,70060.184904852,44077.835626351,118314.356216103,22624.3856385552,65401.6700501966,60595.090365813,47251.9594742946,42180.373235385,23309.092009953,68222.9849719363,50090.4409286178,66354.133713859,32089.4524613592,52916.2517561968
42772.1279691311,57351.8087770493,59677.8862469556,81690.8961529306,43054.982577093,39041.8682761125,18950.6571560077,31520.1493965391,24460.787729346,34943.8753535753,62840.0443941586,70060.184904852,44077.835626351,85999.9054547987,21021.2832198877,46993.9423766992,42276.9979249302,39022.1185154781,21755.8779056643,22078.6403164017,44051.4274873448,50090.4409286178,64243.004675851,32089.4524613592,32465.5673899605
42772.1279691311,54667.582002829,59677.8862469556,55658.0761472892,34439.6505887692,39041.8682761125,16958.6011447065,29041.6917668614,24460.787729346,34858.8866882392,58946.3934694383,70060.184904852,44077.835626351,85999.9054547987,21021.2832198877,35014.4968268778,42276.9979249302,36510.9364627106,21755.8779056643,15365.4599588779,44051.4274873448,50090.4409286178,63797.18319298,32089.4524613592,32465.5673899605
36456.6621211593,40083.8215548677,59677.8862469556,50194.2427197895,33842.6190204684,39041.8682761125,15200.1715686194,17516.0830838636,23238.4685028534,24000.7873437321,50259.1037210029,50903.1673334524,31451.3542446914,77173.065665393,21021.2832198877,27215.1455542505,42276.9979249302,29631.3828369836,21755.8779056643,15365.4599588779,25148.8847880452,41659.854000698,63797.18319298,32089.4524613592,32465.5673899605
36456.6621211593,40083.8215548677,45676.4065018301,38482.2601563578,19750.0833003754,36446.8456112836,15200.1715686194,17516.0830838636,23123.5575581246,24000.7873437321,43543.1093966379,50903.1673334524,31451.3542446914,56222.7836927223,21021.2832198877,27215.1455542505,30769.2509456235,16636.5407816789,21755.8779056643,15365.4599588779,25148.8847880452,30944.6304517431,63797.18319298,32089.4524613592,32465.5673899605
33831.926254511,34529.1164876389,33313.6382555224,38482.2601563578,19750.0833003754,34829.0867161947,15200.1715686194,14683.42535199,21782.936586571,24000.7873437321,31579.1305331237,48498.1292455613,27398.4516187889,55912.2235494647,16381.5173747903,27215.1455542505,30769.2509456235,11404.4242578782,13347.9970481538,13129.5242679511,25148.8847880452,30944.6304517431,48923.2155794634,27337.1844054752,18294.3607853081
28851.1697319192,27189.2770887518,33313.6382555224,38482.2601563578,19750.0833003754,25016.0547619272,10857.8033268467,14683.42535199,19382.3183074665,21899.8714369198,31579.1305331237,41515.2966130921,27398.4516187889,49826.1475895332,16381.5173747903,27215.1455542505,30769.2509456235,11404.4242578782,13347.9970481538,13129.5242679511,25148.8847880452,28450.6918312906,46157.3911461734,22481.3482138171,18294.3607853081
25325.1104053791,27189.2770887518,33313.6382555224,33528.1939335219,11607.0055564506,24833.1405494848,10857.8033268467,14683.42535199,18220.5999132152,21899.8714369198,26398.7363610692,39297.2926140956,27398.4516187889,39788.9672684864,15134.2365637428,26578.2632624817,26873.03339679,11404.4242578782,13347.9970481538,13129.5242679511,25148.8847880452,21980.5963917124,30722.0643058773,16768.6221504438,18294.3607853081
25325.1104053791,27189.2770887518,33313.6382555224,27969.3804924341,11607.0055564506,24833.1405494848,10857.8033268467,13723.8719664164,18220.5999132152,16549.8811951565,26398.7363610692,29702.9317368681,22570.3755116335,39788.9672684864,13096.9139987712,24909.5367407335,26873.03339679,11404.4242578782,13347.9970481538,13129.5242679511,20452.0396436676,21980.5963917124,30722.0643058773,16768.6221504438,18294.3607853081
21546.3889945385,21954.0601836749,33313.6382555224,27288.8728142777,11607.0055564506,21108.1562050512,8352.48744788764,13723.8719664164,16691.6230557452,16549.8811951565,18089.888491062,27605.6823000147,22557.5401680219,39788.9672684864,10928.6088123152,18891.6873479126,24076.8125059534,11404.4242578782,13347.9970481538,13129.5242679511,14993.9470400966,19552.7425371792,30722.0643058773,16768.6221504438,15950.6450180068
21546.3889945385,19094.461036281,31499.7541923892,26511.6234995405,11607.0055564506,21108.1562050512,8352.48744788764,8416.55258733315,16691.6230557452,16549.8811951565,18089.888491062,18562.779737858,22557.5401680219,20204.0658938706,10928.6088123152,18891.6873479126,24076.8125059534,10499.3783711771,13347.9970481538,12455.8533693729,14993.9470400966,19552.7425371792,30722.0643058773,13995.6857023424,15950.6450180068
16236.2631966941,18554.5044240713,27033.5820439324,23299.0216560697,11083.8525429948,19941.8640656669,7494.49846171187,8416.55258733315,15460.8115264123,15562.3611545479,18089.888491062,18562.779737858,16550.3978591413,20204.0658938706,9381.73267241012,16476.0261078092,20244.0906364274,10499.3783711771,11714.9176298867,10742.5352192459,14993.9470400966,19552.7425371792,30722.0643058773,9413.24258588151,15598.0357523463
16236.2631966941,15074.537674383,22938.6038941738,23299.0216560697,11083.8525429948,18535.0956718758,6853.9351858466,8416.55258733315,15460.8115264123,15562.3611545479,18089.888491062,18562.779737858,13653.6402309097,20204.0658938706,9381.73267241012,16476.0261078092,17201.597482782,9452.28844155019,11714.9176298867,10451.8915109305,9221.78927055741,15311.234404947,27312.1219015064,9413.24258588151,15598.0357523463
16236.2631966941,13856.74843396,17429.8654298363,20992.4194699607,11083.8525429948,17266.4904215602,5926.98961669457,8416.55258733315,14061.2326569077,11257.7412077182,18089.888491062,18562.779737858,11316.4807544027,20204.0658938706,9381.73267241012,16476.0261078092,17201.597482782,9269.71823051528,8616.94656610821,9818.06066882341,9221.78927055741,10635.7458276306,23877.4723214374,9413.24258588151,12542.714281837
16236.2631966941,13303.1939646245,17429.8654298363,20992.4194699607,6832.56373758001,17266.4904215602,5926.98961669457,8064.01554927416,14061.2326569077,10873.2287195937,14053.9868321825,18562.779737858,11316.4807544027,16307.5754654195,8598.54852543579,10991.8914470668,16625.2063405659,7782.13341430887,7064.79421830835,9635.99319624209,9221.78927055741,8689.69002842306,21245.5617513978,9386.88777582695,12525.367886237
16236.2631966941,10226.7142105275,8268.79008178885,15883.0707547575,6832.56373758001,17266.4904215602,4496.50830122276,8064.01554927416,13419.978386576,10217.0836922486,14053.9868321825,13654.2119652376,11316.4807544027,13340.9232392539,6872.53150116174,10991.8914470668,15754.0874489156,7160.45388426859,7064.79421830835,8354.00058582138,7456.88194441069,8689.69002842306,21245.5617513978,9146.76853325934,11941.0080016553
16236.2631966941,10226.7142105275,8268.79008178885,14391.8888718736,6832.56373758001,17266.4904215602,4496.50830122276,7669.39759791743,13419.978386576,8708.65562148637,14053.9868321825,13654.2119652376,11218.1347001271,13340.9232392539,6872.53150116174,10991.8914470668,13664.4095440926,6968.99639524031,6125.11455781639,8230.71796866979,7311.9411396928,8689.69002842306,20104.8468862675,8077.21636057514,10334.6137189199
13008.1486003435,8122.5448521342,8268.79008178885,11516.0280358504,6832.56373758001,12596.8155512137,4496.50830122276,7669.39759791743,12722.7660544709,8242.05977806455,14053.9868321825,11850.1697169754,8130.14547458423,12632.8799197414,6531.78802720215,10991.8914470668,12604.4399998042,6314.30262841696,5869.50881086411,7700.29926702139,4107.56997831156,8075.60515940141,16548.3003703524,8077.21636057514,10151.3938719918
13008.1486003435,8122.5448521342,8268.79008178885,11516.0280358504,5196.27414868395,12596.8155512137,4455.83135353415,7543.27060274873,12458.8608465632,8242.05977806455,12981.9807945138,11850.1697169754,8130.14547458423,10025.310004144,5339.18673677215,8571.92098612609,11926.2514158124,5551.63906217669,4453.34422564079,7658.68093597039,4107.56997831156,6545.37513835483,14790.1890211728,7530.8235706242,9291.27716120668
11811.877916819,6418.8292789882,8207.50523656781,11516.0280358504,4861.84841201967,11926.7356790878,3485.40800496727,7543.27060274873,12391.1294320103,7864.28255540245,11338.0215162042,9246.98526381232,7066.94718540717,8131.31124761768,5339.18673677215,8045.1851322622,9981.90511022639,5276.84938663825,4453.34422564079,6696.83746717568,4107.56997831156,5800.23424318139,12188.5274470611,6598.98375648638,9045.61633294032
11811.877916819,6418.8292789882,8207.50523656781,10889.8343214503,4861.84841201967,11926.7356790878,2779.96163531252,5420.75214054085,12129.4285112657,7336.14725701965,11257.6760402948,8875.30588839215,7066.94718540717,8131.31124761768,5339.18673677215,8045.1851322622,9981.90511022639,5276.84938663825,3928.17746052637,5976.61464191583,4107.56997831156,5800.23424318139,10830.1374587684,6598.98375648638,9045.61633294032
11811.877916819,6418.8292789882,7353.52228451664,10889.8343214503,4206.1273774096,11050.1002391621,2779.96163531252,5420.75214054085,12020.0053415152,7336.14725701965,10987.877351014,7387.01613815813,6256.4318177259,6103.11898556546,5339.18673677215,8045.1851322622,9288.45439662723,5276.84938663825,3420.78899799555,5976.61464191583,4107.56997831156,5587.02712574976,10830.1374587684,6243.05323517155,8211.86616532783
10905.1247330499,6418.8292789882,5711.37930888981,10562.0247736788,3986.17954691817,11050.1002391621,2274.06957327208,5415.60056139815,11999.5881468626,7219.84225372609,9445.79939683529,7387.01613815813,4956.8036712688,6103.11898556546,5207.36421368072,8045.1851322622,8911.33444046654,5276.84938663825,2405.15071849395,5976.61464191583,4107.56997831156,5187.30983728625,10830.1374587684,6063.86300272194,8183.43523250103
9317.44115277691,6203.62852227655,5711.37930888981,10562.0247736788,3986.17954691817,10888.1696074058,1851.30334245487,5415.60056139815,11132.0934697564,6297.77553289594,9445.79939683529,2650.31892974295,4505.19944157101,5211.83522293116,4028.47257822855,8045.1851322622,6068.17541249107,4732.80756215039,2372.02717213514,5727.60672627104,3400.84376649638,4420.82523527829,8366.96925136579,5678.96006652553,8183.43523250103
9317.44115277691,4734.30027002107,5711.37930888981,9384.35575932353,3986.17954691817,10164.3576882498,1851.30334245487,5006.70061830462,11132.0934697564,6297.77553289594,9445.79939683529,2650.31892974295,3819.17922719256,5211.83522293116,3908.96761209666,7935.64669119257,5212.98629567349,4732.80756215039,1360.3679247832,5005.81610361312,3299.39268886702,4420.82523527829,8366.96925136579,5662.24966974102,6762.55311784425
9160.57413871633,4557.97506560969,5711.37930888981,8180.98029301676,3986.17954691817,10046.3982467377,1851.30334245487,5006.70061830462,11132.0934697564,6297.77553289594,9445.79939683529,2650.31892974295,3245.41112443172,3812.50247316383,3673.31956019831,7935.64669119257,4487.91719121341,4716.93888970421,1360.3679247832,5005.81610361312,3299.39268886702,4336.58097388258,7982.65912665645,4915.95656984529,6218.77699153166
8805.53331332716,4168.12021486052,4304.89335899385,7543.20972912504,3454.251340935,10046.3982467377,1851.30334245487,4685.24524165129,11132.0934697564,6267.72261052102,8999.25495822952,2650.31892974295,3245.41112443172,3812.50247316383,3322.65083580511,7935.64669119257,4487.91719121341,4716.93888970421,1360.3679247832,4741.1241935821,3299.39268886702,3514.38155858327,6915.87976567373,4059.51118677568,6218.77699153166
8320.44681205233,3958.59525464797,3803.36691781432,7469.32145857621,3454.251340935,8487.23888063818,1754.11659696823,3898.01563858184,10866.1480507108,6267.72261052102,7961.91540558765,2650.31892974295,3245.41112443172,3812.50247316383,3322.65083580511,7935.64669119257,2684.54523814051,4476.22408980255,1360.3679247832,4741.1241935821,2696.51373197797,3514.38155858327,6915.87976567373,4059.51118677568,6213.69309709622
7740.67401082808,3854.67110059192,3461.29289760011,7469.32145857621,3265.34319342423,8487.23888063818,1443.56333938709,3898.01563858184,10727.2928984984,6267.72261052102,7936.15616903404,2650.31892974295,3245.41112443172,3812.50247316383,3148.11436094113,6808.42668726926,2684.54523814051,4241.15999317421,1172.46677444773,4641.34796210806,1863.99180182385,3514.38155858327,6915.87976567373,4059.51118677568,5645.89016092191
6816.97668275739,3684.88808224906,3461.29289760011,6553.16196948259,2774.92618362018,8091.81463221688,1042.33389349401,3898.01563858184,10657.8359879587,5837.80159038142,7117.60178665366,2650.31892974295,3056.26607830348,3484.81548570429,3000.43886609239,6808.42668726926,2684.54523814051,4241.15999317421,938.709188563193,4303.40361108367,1496.95171259716,2982.539352945,6915.87976567373,3366.54238325226,5645.89016092191
6816.97668275739,3046.78039976395,3160.83118824936,6319.09479335404,2774.92618362018,7734.3765763965,975.646459053854,3898.01563858184,10471.7746692917,5755.81973414598,6489.98495890939,2650.31892974295,1883.87313050634,3399.80503530652,3000.43886609239,6225.321217335,2684.54523814051,4138.02723399481,938.709188563193,4303.40361108367,1496.95171259716,2982.539352945,6166.60700805557,3039.54872594972,5583.46570137017
6137.36224193489,3046.78039976395,3160.83118824936,6319.09479335404,2455.26949759445,6644.85273185832,975.646459053854,3898.01563858184,10274.8047715553,5432.40419951113,6171.0842404018,2650.31892974295,1883.87313050634,3399.80503530652,2807.39884905928,5726.9245563779,2547.56264563774,4061.83741764881,803.58105340298,4046.39124933643,1110.74675587331,2949.11792830122,5378.8064664974,3039.54872594972,5277.817458961
6137.36224193489,2955.71362847631,3050.40141878031,6130.56063650823,2455.26949759445,6644.85273185832,975.646459053854,3898.01563858184,9988.29141727316,5432.40419951113,6120.27777520632,2650.31892974295,1748.57561242207,3399.80503530652,2807.39884905928,5726.9245563779,2419.91540623709,3794.91315036446,696.994175008975,3856.93728370046,1110.74675587331,2731.64556384154,5378.8064664974,2719.80284573234,5277.817458961
6063.23599329311,2797.95296443402,3050.40141878031,5432.75889891529,1809.66637207542,6644.85273185832,899.526291068785,3580.10190319911,9651.41020809471,5260.3474778313,4855.82366827982,1694.16845804229,1519.78035701934,3399.80503530652,2372.77832086469,5726.9245563779,2282.71424866461,3794.91315036446,658.890575411718,3574.60547009936,1110.74675587331,2645.3999793721,5078.3596375275,2012.19135896458,5004.45319104408
5351.79366582265,2797.95296443402,2744.81969284903,5432.75889891529,1809.66637207542,6136.42138566199,899.526291068785,3324.06900122428,8731.52570732834,4827.84354640057,4855.82366827982,1694.16845804229,1519.78035701934,1658.09409150256,2260.43787449016,5726.9245563779,1928.49234943,3606.28125799718,606.272286909513,3404.0464192046,1110.74675587331,2508.26219019595,4132.7174162539,2012.19135896458,5004.45319104408
5159.77551060331,2672.39261855015,2744.81969284903,5180.8619622647,1809.66637207542,5659.15587086236,829.205660479575,3244.36780128809,8731.52570732834,4656.38820767963,4089.4917170801,1655.9992720018,1210.87229457018,1658.09409150256,2047.42099899988,5577.70691143499,1712.02176699366,3505.29928618388,606.272286909513,2875.88012542833,914.699339533568,2443.2876287659,3565.9487176992,1803.95734047473,4469.15830696699
4867.96889651451,2672.39261855015,2744.81969284903,5029.80437923068,1809.66637207542,5659.15587086236,785.923262591364,3004.16176342177,8731.52570732834,4209.53834833651,3555.53003654601,1655.9992720018,1163.61607845599,1658.09409150256,1547.36186077801,5577.70691143499,1511.41033005339,3505.29928618388,453.980520849567,2243.78168228546,914.699339533568,2243.40574354736,3565.9487176992,1780.26937881769,4469.15830696699
4610.67956933447,2672.39261855015,2744.81969284903,4413.90668046046,1512.30751669145,4520.38970002351,732.795169959401,3004.16176342177,6601.75812515035,3523.51603425814,3555.53003654601,1443.98939339453,840.919159172023,1658.09409150256,1547.36186077801,5144.35171642496,1511.41033005339,3140.40998806977,453.980520849567,2164.30682115923,914.699339533568,2232.39015158459,3565.9487176992,1315.0260696947,4162.27141693977
4246.55697661056,2431.27487557378,2648.87749052474,4413.90668046046,1512.30751669145,3438.25553315651,684.735965146252,2406.14368355042,5841.56783604793,2967.38075208503,3458.37088601562,856.587163256493,840.919159172023,1658.09409150256,1547.36186077801,4860.37598816813,1511.41033005339,3140.40998806977,379.79353096171,2164.30682115923,914.699339533568,2143.3878817845,3565.9487176992,972.750947122243,4162.27141693977
2719.55697494381,2390.60125689826,2421.48193050614,4005.14584221493,1512.30751669145,2541.86886918226,550.24551429419,2220.14691031533,5841.56783604793,2051.77024471461,3159.72168337675,856.587163256493,667.651812133859,1266.58072702746,1547.36186077801,4860.37598816813,1251.52908519768,2883.87808434525,379.79353096171,1726.00668509226,619.811727920386,1745.20346678288,3536.44516288813,651.329031369753,3676.17548703792
2719.55697494381,2226.33701555558,2362.13459286034,4005.14584221493,1512.30751669145,2541.86886918226,550.24551429419,1598.50069114241,4911.94960684196,1609.20442899448,2900.42606203069,720.736673591039,601.030957844298,1266.58072702746,1435.88144485966,4741.51289927053,1251.52908519768,2228.07485112437,379.79353096171,1554.34600059077,554.276296942147,1745.20346678288,2623.93226689921,651.329031369753,3676.17548703792
2345.72112463441,1754.42513251089,2331.29452167062,3694.9437908295,1372.11882421218,2421.47810710868,538.306389303139,1598.50069114241,4258.58243280216,1224.52468896309,2900.42606203069,407.651254524322,601.030957844298,990.239554014233,1156.10783902274,4055.98412503536,1235.72291613261,2228.07485112437,366.452791590295,738.339647655536,541.945822005583,1464.78496301632,2623.93226689921,651.329031369753,3292.06545290757
2279.74408965958,1630.02554100072,2035.30831758493,3694.9437908295,1185.83132132254,1517.78957334678,538.306389303139,1598.50069114241,4258.58243280216,1224.52468896309,2360.41969326498,407.651254524322,469.251721092832,990.239554014233,1156.10783902274,4055.98412503536,1219.21336526688,1915.20296397562,366.452791590295,738.339647655536,519.826122888104,1358.08440822443,2623.93226689921,651.329031369753,3199.46969641045
2089.77254371104,1535.22898417344,1765.90699158483,2329.08008794308,1087.64768393425,886.184860917343,433.801971958737,1482.66838830954,4258.58243280216,719.263917651951,2316.60023673237,407.651254524322,469.251721092832,990.239554014233,1156.10783902274,3859.83938954816,1071.58662374808,1742.46659474901,275.097952379088,738.339647655536,393.535429248949,966.748638813887,2397.472516754,651.329031369753,3085.48512468278
1692.75007123879,1395.72352849858,1765.90699158483,1849.64267024094,946.371956788472,886.184860917343,433.801971958737,1482.66838830954,3498.35172676305,719.263917651951,2268.82960854415,404.465847049409,392.185416685809,990.239554014233,988.599548051263,3367.66950665968,1065.74520968753,1501.2453818484,258.351951021091,501.918766099691,326.062597436231,966.748638813887,2397.472516754,651.329031369753,2814.06111311519
1685.9178354949,933.055566546645,1648.3203851049,1820.0530894368,730.192241152266,711.037370822079,424.637844756445,892.13063362704,2942.10596925165,352.436718005295,2177.07240443961,347.221608886942,392.185416685809,990.239554014233,779.628602126697,3028.72688055021,1001.47088942304,1200.63149509199,208.524748241753,377.360776376652,326.062597436231,636.819309174027,2284.57026097127,364.738295754044,2339.60672997405
1624.32135458188,933.055566546645,1602.44130413602,1820.0530894368,730.192241152266,711.037370822079,349.710397044924,892.13063362704,2053.24822724808,352.436718005295,1560.0075829865,347.221608886942,392.185416685809,990.239554014233,692.00054801267,3028.72688055021,889.66000685331,1119.0526872795,208.524748241753,377.360776376652,326.062597436231,636.819309174027,2284.57026097127,261.431526833775,2321.70613804191
1015.93627703723,929.752303989325,1389.18141009704,1503.2684601723,594.815270784733,362.962339974889,317.102989679436,590.229954836881,2026.93306248086,352.436718005295,1280.75228223991,347.221608886942,392.185416685809,598.112948559988,658.447637652916,2310.59274836486,803.365859213653,965.781573905808,208.524748241753,377.360776376652,293.533641087573,636.819309174027,2259.80589281173,261.431526833775,1625.41562720233
1015.93627703723,656.917575794838,1389.18141009704,1503.2684601723,548.400640692405,362.962339974889,286.981259175981,590.229954836881,1961.6706380003,352.436718005295,1280.75228223991,264.462712145343,376.399199983392,411.334089490856,658.447637652916,2310.59274836486,743.37374259523,965.781573905808,208.524748241753,377.360776376652,293.533641087573,636.819309174027,1922.07398726284,261.431526833775,1625.41562720233
845.873079112814,598.667708241923,1059.56295378764,1327.93273505717,319.488770917458,362.962339974889,260.416575453841,589.723246480415,1961.6706380003,352.436718005295,1184.6663300663,264.462712145343,318.460407944329,411.334089490856,492.776434911996,2063.38035553464,574.279228295818,724.153843084002,188.428080044087,358.359202969105,251.629557315323,635.518878176347,1774.95645012075,209.564919093173,1137.48398760753
845.873079112814,598.667708241923,1059.56295378764,1327.93273505717,319.488770917458,315.222846999234,260.416575453841,589.723246480415,1961.6706380003,246.955205463786,958.702551824667,264.462712145343,311.95757022162,411.334089490856,415.021255159063,1418.01166997259,462.743759172423,717.066845975431,188.428080044087,323.655866502018,251.629557315323,452.359765408984,1774.95645012075,209.564919093173,1113.37456752746
845.873079112814,507.211532186087,1057.5900760354,1122.40974327897,319.488770917458,299.557709366986,248.630621721087,420.718133530406,708.795489961653,246.955205463786,645.85819132515,264.462712145343,311.95757022162,411.334089490856,415.021255159063,1418.01166997259,462.743759172423,429.749414325201,184.850710338103,279.032557354886,220.703565997851,265.832683821897,1742.19552840649,209.564919093173,1113.37456752746
560.903033074472,470.560267076578,1057.5900760354,1027.9118235225,319.488770917458,299.557709366986,238.124578099332,420.718133530406,708.795489961653,180.237171664959,613.948646510569,248.907271717821,311.95757022162,411.334089490856,415.021255159063,816.107009059607,423.87389825879,429.749414325201,175.886281473881,268.837684183388,220.703565997851,257.767887955159,1228.68511660209,209.564919093173,856.907807937916
557.627345069482,380.185641381722,1006.65830748527,787.312010927427,309.96382491656,237.21428585523,221.762162259263,277.296012728078,708.795489961653,177.077590805833,325.325638362146,235.959798801242,311.95757022162,411.334089490856,284.447667550686,707.568581264645,423.87389825879,429.749414325201,169.60002570712,233.844439239791,200.266955827244,257.767887955159,1228.68511660209,209.564919093173,621.293968546653
515.626111597967,191.419818482771,563.388896235567,787.312010927427,309.96382491656,237.21428585523,207.467032846312,176.330589010363,708.795489961653,177.077590805833,325.325638362146,235.959798801242,290.205897425388,411.334089490856,284.447667550686,596.385066589518,423.87389825879,330.023653882429,165.629695639566,233.844439239791,200.266955827244,257.767887955159,998.891138573025,195.179445041365,487.567346804341
515.626111597967,191.419818482771,378.697796546404,787.312010927427,237.738892670327,237.21428585523,196.014602742405,176.330589010363,708.795489961653,171.097969833758,325.325638362146,216.141986779448,286.679553072213,353.446762668878,214.137297422246,357.715258406854,356.096154183445,251.187920109791,165.629695639566,206.703420964876,200.266955827244,143.454574591734,983.358663172055,183.748948515472,487.567346804341
515.626111597967,191.419818482771,378.697796546404,787.312010927427,237.738892670327,237.21428585523,182.134106993176,176.330589010363,533.563224165442,157.829208344669,325.325638362146,197.799880724846,286.679553072213,353.446762668878,214.137297422246,357.715258406854,233.642254156549,251.187920109791,156.826826035523,206.703420964876,200.266955827244,143.454574591734,982.439571478505,177.98414180349,342.142622023249
435.365762292025,191.419818482771,341.579308198619,416.75800828683,221.405209530339,237.21428585523,145.145496523296,165.761659009274,306.883181780297,157.829208344669,279.010745902395,197.799880724846,286.679553072213,260.918045006809,214.137297422246,357.715258406854,233.642254156549,251.187920109791,152.729111112193,188.282680510976,183.843683459047,124.165609324331,763.384423412628,147.964677808844,342.142622023249
310.181220055264,191.419818482771,341.579308198619,416.75800828683,213.028411649353,229.484695067524,145.145496523296,165.761659009274,306.883181780297,156.654988686638,279.010745902395,197.799880724846,279.306992842929,260.918045006809,214.137297422246,357.715258406854,233.642254156549,251.187920109791,152.729111112193,188.282680510976,183.843683459047,124.165609324331,763.384423412628,147.964677808844,342.142622023249
310.181220055264,191.419818482771,216.251833371879,416.75800828683,185.15678561136,229.484695067524,145.145496523296,165.761659009274,306.883181780297,156.654988686638,279.010745902395,147.582755846366,279.19252632666,260.918045006809,204.07295699885,357.715258406854,213.984781364645,214.376306428788,147.4870291851,182.604655049121,178.321727722089,124.165609324331,644.951165503479,144.56539657759,331.442006607363
310.181220055264,166.223964238251,216.251833371879,355.285608797319,175.595266108686,229.484695067524,145.145496523296,165.761659009274,306.425281172272,155.749971112974,216.784330671974,147.582755846366,271.828255330088,260.918045006809,199.917661786037,357.715258406854,213.984781364645,211.919673388265,147.4870291851,182.604655049121,178.321727722089,124.165609324331,511.549123949489,144.56539657759,319.714354243923
218.691678011813,166.223964238251,179.740343880023,355.285608797319,148.891435131743,196.860395635356,145.145496523296,165.761659009274,194.71400197921,148.521967022322,216.784330671974,147.582755846366,264.919574048695,260.918045006809,199.917661786037,335.26337556077,213.984781364645,197.41383000199,147.442673319753,164.086591865658,174.949191029861,124.165609324331,452.522190841109,144.56539657759,261.972403810689
218.691678011813,140.679817567599,179.740343880023,355.285608797319,117.35272137774,196.860395635356,145.145496523296,165.761659009274,194.71400197921,144.309409481595,216.784330671974,147.582755846366,254.95072320283,260.918045006809,188.293864419578,287.161314075956,213.984781364645,191.761901184681,138.18139840248,164.086591865658,174.949191029861,112.944152033022,452.522190841109,144.56539657759,261.972403810689
218.691678011813,133.201291912043,179.740343880023,235.376627144621,117.35272137774,196.130501715355,143.43865331775,165.761659009274,194.71400197921,135.761456935279,216.784330671974,145.997700608312,251.672946653098,260.918045006809,174.538685106822,287.161314075956,213.984781364645,191.761901184681,125.352218319228,164.086591865658,171.27276611065,112.944152033022,418.796192055403,144.56539657759,244.474713056919
218.691678011813,131.845115899783,179.740343880023,235.376627144621,117.35272137774,167.197117268757,139.534284229167,152.698675900838,163.713587333335,135.761456935279,216.784330671974,145.997700608312,251.672946653098,260.918045006809,160.294895623529,287.161314075956,213.984781364645,186.79090587364,125.352218319228,155.774080633758,170.313238740684,112.944152033022,319.455583947884,137.940991581713,239.223259975788
198.689604219033,122.75732049724,170.338987039801,189.60850214909,117.35272137774,162.268462402127,134.501290174624,152.698675900838,156.763227213861,135.761456935279,216.784330671974,143.591749029264,251.621684787477,230.616358024816,156.109140964651,275.479241762086,197.00426563062,170.166372091647,125.352218319228,155.774080633758,166.304874283147,112.944152033022,288.632355672662,131.550423972546,213.95657248188
198.689604219033,113.625918104152,170.338987039801,189.60850214909,114.237604937359,162.268462402127,127.016116534158,152.698675900838,156.763227213861,135.761456935279,200.543718954202,143.591749029264,248.463807367599,215.882746006204,156.109140964651,269.884736149406,197.00426563062,170.166372091647,125.352218319228,147.596269501154,161.58667766237,109.611075572228,288.632355672662,123.354480328726,206.544086895008
194.896837418333,103.267804006606,150.531885212605,189.60850214909,114.237604937359,162.268462402127,123.855232943493,135.702601318934,154.134168324304,134.709847338632,188.386901261503,123.164567018623,243.143171546621,199.481603357194,153.12878456632,269.884736149406,175.411520107129,169.956719271709,125.352218319228,142.511333187618,159.717832385143,109.611075572228,274.9147091776,118.954681969027,197.048511646163
163.068112025464,103.267804006606,150.531885212605,189.60850214909,108.080206258629,162.141722245847,123.855232943493,135.702601318934,150.318559413556,130.324760611792,188.386901261503,123.164567018623,239.568270018824,191.111907669852,153.12878456632,269.700986695806,175.411520107129,167.720048352521,125.352218319228,139.882894797496,159.717832385143,108.616989346786,249.304383317098,112.69195215165,186.235765232164
163.068112025464,96.0461333596479,150.531885212605,189.60850214909,108.080206258629,155.968993758374,119.27976629314,129.499401681115,138.402543579871,130.324760611792,169.132823128545,114.247280946034,239.568270018824,187.410217266417,145.204143875026,250.799684005494,167.700158105127,164.225131492921,125.352218319228,139.735970617491,159.717832385143,104.605403927371,249.304383317098,111.915245350445,186.235765232164
163.068112025464,96.0461333596479,136.502888625399,151.111522580678,108.080206258629,149.863890493616,113.551042883957,126.993330303397,138.402543579871,127.599837192305,164.949330709544,114.247280946034,235.89569380694,187.410217266417,144.185883923124,250.799684005494,160.115361613789,159.24253176346,125.352218319228,137.985910921334,157.198565365769,104.605403927371,241.080012150116,111.11732717108,186.235765232164
144.854068539963,96.0376394521415,136.502888625399,151.111522580678,101.315781685038,146.93843554432,111.318055149017,121.576375676375,138.402543579871,127.599837192305,164.949330709544,113.166409003448,234.990276218408,183.624697782293,144.185883923124,236.509488783534,150.339140514769,156.174694555985,122.104224557695,132.56196545724,156.958389697114,103.958620953945,237.156319090516,106.299349009367,186.235765232164
144.854068539963,91.9540756516772,132.72493608638,151.111522580678,99.3734926657016,146.93843554432,111.318055149017,121.576375676375,138.402543579871,127.599837192305,156.457148608453,109.724801799466,228.096402941298,176.097698265276,144.185883923124,234.728555676589,150.339140514769,152.996841916447,122.104224557695,109.805419976685,156.377304476009,100.143423817199,237.156319090516,100.990883680521,186.235765232164
139.901822154444,91.3723567012153,122.695639376084,137.472077844071,97.3038889564907,146.93843554432,111.318055149017,116.129959929558,123.950212078696,124.552874711071,147.982186293933,92.2482063990383,227.733120357358,154.601699338667,135.444612333089,227.833603957716,150.339140514769,152.368132628937,121.521372227065,109.805419976685,154.936433142147,98.5217301007863,222.673382683388,100.071355824104,186.235765232164
137.145882842099,91.3723567012153,120.271342904475,129.916564286578,97.3038889564907,146.441251664663,105.141107263589,116.129959929558,123.950212078696,124.552874711071,147.314812018428,92.2482063990383,217.568120570429,154.601699338667,135.444612333089,227.833603957716,150.339140514769,147.929121931638,121.521372227065,109.805419976685,152.393947696517,98.1503959794395,203.514613065909,98.2064832282035,186.235765232164
131.562329358849,87.4605475613698,120.271342904475,129.916564286578,97.2174563926351,143.240759406606,102.546631254466,113.175359458352,123.950212078696,121.900057875394,143.914747819998,92.2482063990383,210.584066743059,154.601699338667,128.913084270453,214.913478634826,148.61970439918,137.09740270655,114.94584011762,109.805419976685,144.249216168102,98.1503959794395,188.820369622559,92.3503908717398,178.218678382721
121.717844214156,87.4605475613698,117.427861943172,129.916564286578,96.2266158915736,140.585956133301,101.582384570973,113.175359458352,122.915119770759,119.564650487143,143.914747819998,92.2482063990383,210.391920826944,148.459529770879,128.913084270453,214.913478634826,148.61970439918,137.09740270655,113.448587700593,109.805419976685,144.249216168102,94.8912677604055,188.820369622559,92.3503908717398,178.218678382721
121.717844214156,87.3755319644699,101.804188058758,126.348097743639,95.4740563893599,137.617524456865,97.8446470873541,112.21119095759,120.348817209373,119.564650487143,140.356707251157,92.2482063990383,203.319498379563,148.459529770879,124.860170417146,206.555469073105,148.61970439918,128.059905697633,111.634928368147,99.0553399933822,144.249216168102,92.2187965607186,185.521239790773,90.0989315849233,174.946530803728
120.080734532084,86.4617662529038,101.804188058758,126.348097743639,95.4740563893599,136.219769948958,95.1236561215626,112.21119095759,114.26308823982,119.564650487143,138.673024818665,92.2482063990383,203.319498379563,148.459529770879,113.890516628965,206.555469073105,148.61970439918,128.059905697633,111.634928368147,96.0557840801607,138.205498315944,87.408510901806,180.4215867664,90.0989315849233,173.211056762681
117.738788429912,84.3739434131803,101.804188058758,126.348097743639,93.1599894271453,134.263048392088,94.3330756029391,108.980388383971,113.314557737432,118.271286284663,137.372433836314,85.5374277466963,198.549890201491,137.419904178795,112.803797128743,190.227391191705,144.002489757793,125.963605628208,110.368901102131,96.0557840801607,138.205498315944,82.0663374042367,174.223697142339,85.2657214103467,163.267609660697
114.224637829739,84.3739434131803,89.2690706667354,126.348097743639,90.0068560352172,134.263048392088,94.3330756029391,108.980388383971,109.410433316063,117.098856984043,135.233445520002,85.5374277466963,194.580049377459,137.419904178795,112.803797128743,190.227391191705,139.512146337987,125.963605628208,110.368901102131,96.0557840801607,138.205498315944,82.0663374042367,167.720262554007,85.2657214103467,160.905710976218
105.964534024575,83.4950441794463,89.2690706667354,114.833726663252,90.0068560352172,133.794796282619,94.063095297455,107.163427026238,109.410433316063,116.175061896578,131.65582212414,84.6776846104246,194.580049377459,131.632892348412,110.856577413764,190.227391191705,136.562726213319,121.469806935612,107.217815353271,87.8475674137474,138.205498315944,77.975523591298,160.88210029799,85.2657214103467,156.551928904551
105.964534024575,83.4950441794463,87.0366473131353,114.833726663252,90.0068560352172,133.000434087142,91.0590873156054,105.987796690171,109.410433316063,116.175061896578,131.65582212414,83.3720970922775,193.754373325223,130.946041157988,110.856577413764,190.227391191705,136.562726213319,110.110001190544,106.013108084019,87.8475674137474,135.516831855336,73.9920516376574,160.88210029799,85.2657214103467,156.551928904551
105.964534024575,83.4950441794463,74.3881385240056,114.833726663252,88.9855677733758,131.70026568808,90.5314210573008,105.987796690171,109.163004323845,113.838786513273,131.65582212414,82.2808412947745,193.047285649269,130.946041157988,110.856577413764,187.146898027739,136.0147434709,110.110001190544,106.013108084019,87.8475674137474,133.814499651338,73.5658223067917,160.88210029799,84.5340496871236,153.218895987668
99.1976439446735,82.3279505758501,74.3881385240056,114.833726663252,88.9661001440452,131.70026568808,86.9362579925885,105.987796690171,106.733773683257,113.838786513273,129.534530295417,82.2808412947745,190.462920569945,130.946041157988,110.275700487269,181.732906516082,134.311232289469,110.110001190544,105.410709763316,87.8475674137474,133.027220045304,73.5658223067917,154.387521495092,84.5340496871236,146.338997803113
99.1976439446735,82.3279505758501,74.3881385240056,100.580511232085,86.0964156624452,130.563041736694,86.9362579925885,105.401439969422,106.733773683257,113.838786513273,128.26703594865,81.1270903893148,184.956040317814,128.390023005149,106.237112531715,181.732906516082,133.212324301552,109.827832393712,104.587443967651,85.1473628868466,132.130151802443,70.331665968351,147.154034534589,81.1019967689715,143.386531772224
97.1166072981498,82.3279505758501,74.3881385240056,100.580511232085,86.0642644141528,129.590319298889,86.9362579925885,105.077949080166,106.148378469611,110.522356823061,128.26703594865,78.2140741695198,184.921768889053,125.317256827489,103.458058894369,180.439247311862,133.149298153705,100.156307317027,104.587443967651,84.7679860546359,132.130151802443,70.331665968351,146.742304522386,81.1019967689715,139.922442715894
94.6305822228721,82.3279505758501,70.200396622748,100.580511232085,85.3386847870515,128.77635553861,86.9362579925885,104.554272655713,104.157121952526,110.522356823061,128.26703594865,78.2140741695198,184.921768889053,122.742996904677,102.552679711225,173.859413112664,129.698528112695,100.156307317027,104.587443967651,84.7679860546359,129.864343081854,70.331665968351,146.742304522386,81.1019967689715,139.922442715894
92.6649926946877,82.3279505758501,70.200396622748,98.2196398005792,85.3386847870515,127.585119018242,86.9362579925885,103.850807532933,103.465326115002,110.522356823061,125.71393707927,78.2140741695198,183.91880962321,122.383025324747,102.552679711225,173.859413112664,128.996204329982,100.156307317027,104.587443967651,84.0464601349684,129.301397563499,70.331665968351,146.742304522386,80.7173604583522,137.438397143386
91.1082762152821,81.5966407963356,63.0499580545966,94.0350559692613,85.3386847870515,127.076508995914,86.9362579925885,102.793301210489,102.990118089009,110.522356823061,125.71393707927,78.0561843537403,181.210014504836,121.089191549093,100.2171968635,173.859413112664,128.996204329982,94.4064408609934,104.587443967651,82.5365756452297,128.930814165848,68.8774014691994,146.418784051936,78.8298438008776,137.438397143386
90.8714778306025,81.5966407963356,62.0261363775398,93.0878562213177,85.3188136927574,127.076508995914,86.9362579925885,102.74338398952,101.278169649529,110.099351284481,125.71393707927,78.0561843537403,180.06373380214,121.089191549093,100.2171968635,171.147782960558,128.996204329982,94.4064408609934,104.587443967651,82.5365756452297,126.914852467986,68.8774014691994,144.047055451542,78.8298438008776,137.438397143386
89.7662587240147,80.4316855355985,53.3118681328895,93.0878562213177,84.295230012782,127.076508995914,85.3332706075889,101.93034423321,101.278169649529,107.853048485998,124.43287565894,78.0561843537403,180.06373380214,121.089191549093,100.2171968635,171.147782960558,128.996204329982,94.2815249555015,103.195641080046,81.1157770907769,125.930266347391,66.1868232009931,143.592689555604,78.5523194743653,136.573536672955
89.7662587240147,80.4316855355985,52.0650712326797,91.5483433696661,83.0487668695962,127.076508995914,85.3332706075889,101.547738503116,101.278169649529,107.304750318808,124.43287565894,78.0561843537403,179.130604052609,121.089191549093,100.10812760658,170.434609053596,127.908472899312,94.2815249555015,103.195641080046,79.9478247873262,125.930266347391,66.1868232009931,141.135437764945,78.5523194743653,136.573536672955
88.7286265300556,80.4316855355985,52.0650712326797,88.4058839102872,83.0487668695962,126.90305597646,85.3332706075889,100.446895879769,101.209519095502,107.211584386351,122.833738348237,77.6440524346069,179.130604052609,120.614848903945,100.050523383967,170.003403159779,127.908472899312,92.9566133815235,103.194625089918,79.9478247873262,125.119112994276,66.1868232009931,138.164522931157,77.5936882616184,135.250356209797
88.1251950720248,80.2727696099246,52.0650712326797,87.2550839677585,82.9874145466613,126.331029089516,85.3332706075889,100.446895879769,100.359103236654,105.61266536109,122.833738348237,76.962262610333,176.988528207233,120.614848903945,99.9262109001527,170.003403159779,127.481382738445,92.9566133815235,102.884093147976,79.9478247873262,125.119112994276,66.1868232009931,138.164522931157,77.5936882616184,135.250356209797
86.8594133524248,80.2096344617371,52.0650712326797,86.6312103031412,82.9874145466613,126.257680683631,85.3332706075889,100.446895879769,99.151287470123,105.348760446152,122.292897520382,76.0564185165092,176.988528207233,119.639221755954,98.4733694429369,168.12274591558,127.481382738445,91.1147614803413,102.679233824122,79.9478247873262,121.308823633132,65.6004787297791,138.048718062423,76.799723667674,135.250356209797
86.8594133524248,80.2096344617371,51.0303209183078,85.3700592913124,82.8388711835314,126.257680683631,85.3332706075889,100.446895879769,99.151287470123,104.999367180103,121.290064334585,76.0564185165092,176.548146225469,119.639221755954,98.4733694429369,166.595633782962,127.041386847424,91.1147614803413,102.679233824122,79.9478247873262,121.308823633132,64.1746243878415,136.016177181635,76.799723667674,134.850173130884
86.226539874446,80.2096344617371,50.1194349308394,83.580007745805,82.8388711835314,125.572067726415,85.0962432770591,100.446895879769,99.151287470123,102.942466833586,119.731366901165,75.9683040316329,176.462017382361,119.293530749156,98.4733694429369,165.106646960917,126.037310426632,89.581858668394,101.560407294201,79.2242945471803,121.308823633132,64.1746243878415,135.905013212214,76.799723667674,134.673382441172
86.226539874446,80.2096344617371,50.1194349308394,83.580007745805,82.7448327575453,125.572067726415,85.0962432770591,100.328903569264,99.151287470123,102.368117297141,119.731366901165,75.9683040316329,176.462017382361,118.902849603867,97.7429827967376,165.106646960917,126.037310426632,89.3923310787804,101.560407294201,79.2242945471803,121.308823633132,64.1746243878415,135.905013212214,76.799723667674,132.784220296601
85.997467292819,80.2096344617371,48.5614207061792,83.580007745805,82.5374591772493,125.572067726415,85.0962432770591,100.328903569264,99.151287470123,102.368117297141,119.731366901165,75.8137806741634,175.475398504772,118.164846537483,97.7429827967376,165.106646960917,126.037310426632,89.3923310787804,100.927243049499,79.2242945471803,121.308823633132,63.9900486191566,135.905013212214,76.799723667674,132.784220296601
85.423607844207,80.205138298483,48.4461796939033,83.580007745805,82.3334271343024,125.572067726415,85.0962432770591,100.128609097063,99.151287470123,102.368117297141,119.731366901165,75.6551168387136,174.173465590725,118.164846537483,97.5800054824665,165.106646960917,126.037310426632,89.3923310787804,100.927243049499,79.2242945471803,121.308823633132,63.843038393632,131.996203137259,76.799723667674,132.784220296601
85.423607844207,80.205138298483,47.1845741071213,81.9532208835176,82.3334271343024,125.572067726415,84.5712908311032,100.128609097063,99.151287470123,99.2668013020868,118.931288841157,75.6551168387136,173.589940057589,118.164846537483,97.5800054824665,165.106646960917,126.037310426632,88.6091917053393,100.927243049499,79.019171191432,120.643304745067,63.843038393632,129.060316101113,76.799723667674,132.687425021002
84.9079829374775,79.6181364911229,47.1845741071213,81.9532208835176,82.3334271343024,125.572067726415,83.7383129165355,99.5671813669662,98.967406727133,99.2668013020868,118.931288841157,75.3900887591617,173.589940057589,117.109123671087,96.6070824357687,164.507140931339,126.037310426632,88.5127783338819,100.927243049499,79.019171191432,120.027193676073,63.5169431327643,129.060316101113,76.799723667674,132.687425021002
83.7871978999094,79.1630104341523,47.1845741071213,81.0957688077228,82.301283991013,125.572067726415,83.7383129165355,99.5671813669662,97.0773848643901,99.2668013020868,118.931288841157,75.1866407047319,173.527220545592,117.109123671087,96.6070824357687,164.216137566218,126.037310426632,87.3537294043026,100.927243049499,78.1711079694692,118.307770428765,62.8737268028067,129.060316101113,76.799723667674,132.687425021002
83.7871978999094,79.1630104341523,46.8704881837391,81.0957688077228,82.1167006740764,125.572067726415,83.7383129165355,99.5671813669662,97.0773848643901,99.2668013020868,118.629707654924,75.1866407047319,173.527220545592,117.109123671087,96.6070824357687,163.302539505848,126.037310426632,87.3537294043026,100.927243049499,78.1711079694692,118.307770428765,62.8737268028067,129.060316101113,76.5519868418305,132.687425021002
83.7871978999094,79.078035682639,46.8704881837391,80.9231169806526,82.1167006740764,125.572067726415,83.7383129165355,99.5671813669662,97.0773848643901,99.2668013020868,118.629707654924,75.1866407047319,173.527220545592,117.109123671087,96.6070824357687,162.519310272932,126.037310426632,87.3537294043026,100.927243049499,78.1711079694692,118.307770428765,62.8737268028067,128.842650484935,76.5512800862025,131.717935797661
83.7871978999094,78.7779842643649,46.2844857215218,80.9231169806526,82.1167006740764,125.572067726415,83.7383129165355,99.5153126375712,97.0773848643901,99.2668013020868,118.62437253485,75.0985384569194,173.527220545592,117.109123671087,96.6070824357687,162.519310272932,126.037310426632,87.3537294043026,100.927243049499,78.1711079694692,118.307770428765,62.359540196559,127.507608223554,76.4043028881138,131.717935797661
83.7871978999094,78.7616307812177,45.2248964335674,80.5695659717003,82.0290844298909,125.572067726415,83.7383129165355,99.5094846243137,96.4509765229286,99.2668013020868,118.42269834656,75.0451538172213,173.527220545592,116.447810641294,96.4499320308007,162.519310272932,125.765895445401,87.3537294043026,100.626402538424,78.1711079694692,118.307770428765,62.04889312314,127.507608223554,76.3394342421911,131.517910967864
83.7871978999094,78.7616307812177,44.4697989032209,80.5695659717003,82.0290844298909,125.572067726415,83.3208702029149,99.1403744335933,96.2934447176597,99.2668013020868,118.42269834656,75.0387431331594,173.527220545592,116.447810641294,96.4499320308007,162.169292980561,125.724527996046,86.6981504680541,100.626402538424,78.1711079694692,118.307770428765,62.04889312314,127.507608223554,76.2741705972358,131.49160491207
83.1618450293536,78.7554124963006,44.4697989032209,79.8693523247102,81.9577039665817,125.391470538467,82.6936752381764,99.1403744335933,96.2934447176597,99.2668013020868,118.42269834656,75.0387431331594,173.527220545592,116.447810641294,96.4499320308007,161.956172323224,125.668473393663,86.6300600609868,100.516760779943,78.000483569157,117.969550983004,62.0166834955214,126.795516026846,76.1318487276221,131.49160491207
83.1618450293536,78.7214294371745,44.4535668524834,79.8693523247102,81.9480124497684,124.990069928433,82.6936752381764,99.1403744335933,96.2934447176597,99.2668013020868,118.42269834656,74.8160460838401,173.527220545592,116.331707118231,96.4499320308007,161.956172323224,125.656582730877,85.9310778052047,100.37449797548,78.000483569157,117.612633531936,61.9894127481014,126.795516026846,76.1318487276221,131.49160491207
83.1618450293536,78.5085992083482,44.1322943667867,79.8693523247102,81.7838815023888,124.964298689304,82.6936752381764,99.1403744335933,96.2934447176597,99.2668013020868,118.056439091296,74.8018657875828,173.527220545592,115.633611977241,96.4499320308007,161.901695504718,125.570512804544,85.8688469996021,100.37449797548,77.9658142681167,117.547683803283,61.5545713599524,125.918545463172,76.0566627900519,131.49160491207
83.0716291857314,78.5003329883041,44.1322943667867,79.8693523247102,81.7838815023888,124.964298689304,82.6936752381764,99.0967187974991,96.2934447176597,99.2668013020868,117.921740111132,74.8018657875828,173.527220545592,115.633611977241,96.4499320308007,161.610599906722,125.570512804544,85.7355675825372,100.37449797548,77.9658142681167,117.401528339455,61.5545713599524,125.918545463172,76.0530026594474,131.444223969456
82.9562167526694,78.2934032008184,43.5922696399502,79.734740114689,81.7684965313397,124.880963133702,82.6936752381764,99.0967187974991,96.2934447176597,99.2668013020868,117.884078006056,74.7642080821286,173.152265004362,115.633611977241,96.4461669956261,161.610599906722,125.423915861964,85.7355675825372,100.37449797548,77.9658142681167,116.594797263756,61.456312764298,125.918545463172,75.8491862064373,131.444223969456
82.6563011222634,78.2675156652492,43.5922696399502,79.734740114689,81.754355860445,124.880963133702,82.6936752381764,99.0368890205655,95.5940600496551,99.2668013020868,117.767997246882,74.7328909138164,173.037874355812,115.633611977241,96.4461669956261,161.610599906722,125.423915861964,85.5561544458508,100.37449797548,77.9658142681167,116.594797263756,61.2551450182425,125.918545463172,75.8491862064373,131.444223969456
82.6563011222634,78.0806822118439,43.5922696399502,79.3861746349908,81.754355860445,124.880963133702,82.6936752381764,98.9163024625905,95.5940600496551,99.2668013020868,117.550835356878,74.6278434524554,172.498498547313,115.490654398438,96.2050208316446,161.610599906722,125.254432135108,85.5561544458508,99.8706235211625,77.9389790251457,116.594797263756,61.2551450182425,125.918545463172,75.8491862064373,131.444223969456
82.5909569115161,78.0806822118439,43.2918714899313,79.344221436927,81.754355860445,124.880963133702,82.6936752381764,98.9163024625905,95.2563229720085,99.2668013020868,117.550835356878,74.6278434524554,172.122928819071,115.490654398438,96.2050208316446,161.610599906722,125.254432135108,85.4852553858143,99.8706235211625,77.8028145919588,116.594797263756,61.0615742168009,125.918545463172,75.8491862064373,131.444223969456
82.5909569115161,77.9529571045787,43.2109953645979,79.2764351345591,81.754355860445,124.880963133702,82.3326733606477,98.9163024625905,95.2563229720085,99.2668013020868,117.537521400946,74.6278434524554,172.122928819071,114.981306393481,96.2050208316446,161.423960170242,125.204344255896,85.4852553858143,99.8706235211625,77.7502334592862,116.343126577121,60.9480333556487,125.918545463172,75.7738352403924,131.34982335062
82.5127083328862,77.9050185543731,43.0382499374857,79.2764351345591,81.7432057105068,124.813052709575,82.3326733606477,98.9123080111176,94.7208041114225,99.0677473764163,117.397668763002,74.6201478306048,172.122928819071,114.981306393481,96.2050208316446,161.423960170242,125.204344255896,85.2369848430781,99.8095356918357,77.6811772518793,115.457065727843,60.8929100995285,125.597762271954,75.7738352403924,130.988327583844
82.406269659981,77.7631083805868,42.9496743769525,79.2764351345591,81.6251827477572,124.730972234248,82.3326733606477,98.9123080111176,94.0598086124401,99.0114099789207,117.397668763002,74.5303446548858,171.761568445621,114.981306393481,95.7896308744071,161.32270916814,125.022992445549,85.2369848430781,99.7344830575041,77.6586436722412,115.428070177388,60.8473230722166,125.303727891813,75.7738352403924,130.940059791747
82.406269659981,77.7631083805868,42.9496743769525,79.2764351345591,81.5919990005516,124.697950172493,82.3326733606477,98.8626284670356,94.0598086124401,98.658289869692,117.347232267731,74.5156988699875,171.680037816139,114.981306393481,95.7590725100483,161.32270916814,125.022992445549,85.2284068457757,99.7344830575041,77.6586436722412,115.428070177388,60.803447358853,125.303727891813,75.7738352403924,130.673142592733
82.349523836665,77.6502571700187,42.9196936217254,79.2410947253925,81.5919990005516,124.630550775677,82.3326733606477,98.8626284670356,94.0598086124401,98.658289869692,117.347232267731,74.5118774667967,171.680037816139,114.935479599092,95.6858768149791,161.289367208447,124.967361987412,84.9969491232705,99.5696045129318,77.6210530716135,115.428070177388,60.803447358853,125.025429450944,75.7738352403924,130.475194187746
82.3104893847078,77.6502571700187,42.9196936217254,79.2410947253925,81.5919990005516,124.518810997792,82.2283569245833,98.8626284670356,94.0598086124401,98.658289869692,117.347232267731,74.4656572316107,171.680037816139,114.76297366548,95.650270582312,161.289367208447,124.950708775811,84.9969491232705,99.4394105592398,77.6210530716135,115.281343199837,60.7156500418687,125.025429450944,75.7706757225458,130.475194187746
82.3000931669253,77.6502571700187,42.89772256267,79.0508389508059,81.5690787533176,124.518810997792,82.0596671033447,98.8626284670356,93.6330077350658,98.658289869692,117.347232267731,74.4656572316107,171.680037816139,114.571806904004,95.4965108327106,161.209452588806,124.914180897389,84.9969491232705,99.4346346292252,77.6210530716135,115.281343199837,60.6266225930926,125.025429450944,75.7459188347175,130.475194187746
82.3000931669253,77.6445199470256,42.8474440874513,79.0508389508059,81.5441881459151,124.518810997792,82.026047930764,98.8176811742742,93.6330077350658,98.658289869692,117.316208230899,74.4248990440133,171.526402180895,114.571806904004,95.4965108327106,161.209452588806,124.905451687135,84.9969491232705,99.2793830177668,77.6210530716135,115.281343199837,60.6266225930926,125.025429450944,75.7283762997563,130.475194187746
82.2153175416415,77.6334444340075,42.8145756950821,79.0508389508059,81.5321642323279,124.518810997792,82.026047930764,98.7846806463488,93.6330077350658,98.658289869692,117.308621886939,74.4248990440133,171.526402180895,114.571684728021,95.4965108327106,161.209452588806,124.877824247786,84.9969491232705,99.2793830177668,77.5702385009511,114.990069534411,60.4781259744966,125.025429450944,75.689257885871,130.176352413855
82.2153175416415,77.6303545243261,42.8012310048045,79.0508389508059,81.506286843731,124.454857341309,82.026047930764,98.7014290119837,93.6330077350658,98.5023729972436,117.308621886939,74.4248990440133,171.526402180895,114.512822374625,95.4965108327106,161.209452588806,124.841680125462,84.9969491232705,99.2793830177668,77.5702385009511,114.990069534411,60.4754346321556,125.025429450944,75.689257885871,130.176352413855
82.2027042835118,77.5693577139334,42.8012310048045,79.0508389508059,81.506286843731,124.385794257927,81.9221331963679,98.7014290119837,93.6330077350658,98.5023729972436,117.228175158455,74.4248990440133,171.465711126762,114.512822374625,95.3886454602778,161.11698097618,124.840262075553,84.9969491232705,99.2793830177668,77.5702385009511,114.990069534411,60.4754346321556,125.025429450944,75.689257885871,130.176352413855
82.2027042835118,77.5667157656833,42.7996287955282,79.0508389508059,81.4600672748077,124.385794257927,81.9221331963679,98.7014290119837,93.6330077350658,98.5023729972436,117.220458859826,74.3768797327543,171.419909033193,114.512822374625,95.3674971314856,160.932813638498,124.820676416341,84.8773527885132,99.2755620244025,77.5702385009511,114.913769401808,60.4754346321556,125.025429450944,75.689257885871,130.176352413855
82.0996497383601,77.5514254197954,42.7649845271835,79.0508389508059,81.4506891586825,124.385794257927,81.8140106198969,98.7014290119837,93.6330077350658,98.5023729972436,117.213139968878,74.3318379434011,171.419909033193,114.383619963417,95.3674971314856,160.811001711634,124.809818308847,84.8773527885132,99.0742471304732,77.5702385009511,114.875894185323,60.4754346321556,124.815501603597,75.689257885871,130.176352413855
82.0996497383601,77.5362973454414,42.7649845271835,79.0508389508059,81.4397048454775,124.366572552735,81.7899154166876,98.635223795138,93.6330077350658,98.5023729972436,117.213139968878,74.3318379434011,171.404327420906,114.383619963417,95.3059012256956,160.811001711634,124.809818308847,84.8773527885132,98.9451492433896,77.5702385009511,114.874209170908,60.4754346321556,124.815501603597,75.6812030583433,130.176352413855
82.0996497383601,77.4832714810473,42.7649845271835,79.0508389508059,81.4028740425833,124.339974649852,81.7337520148315,98.635223795138,93.4100063480253,97.834770034646,117.210943271352,74.3143583610449,171.333150127153,114.166522919536,95.1885361275572,160.811001711634,124.803986378306,84.819523834653,98.8269954481866,77.5363860003392,114.796257154279,60.395387921033,124.815501603597,75.6729378906791,130.176352413855
81.9917576429921,77.4832714810473,42.7483837695131,79.0508389508059,81.4028740425833,124.31776133957,81.6852813300563,98.635223795138,93.4100063480253,97.834770034646,117.210943271352,74.3143583610449,171.234904567871,114.166522919536,95.1885361275572,160.80270409245,124.803986378306,84.7477735844598,98.8269954481866,77.4804141695986,114.74795218634,60.395387921033,124.815501603597,75.6541749685803,130.176352413855
81.9917576429921,77.4461571402589,42.7186859827739,78.9562053183395,81.3871505777192,124.306522281318,81.6151091329705,98.5891979090204,93.2666966373984,97.834770034646,117.210943271352,74.3143583610449,171.184330905874,114.166522919536,95.1482342254008,160.80270409245,124.785778793578,84.7477735844598,98.7628240195438,77.4804141695986,114.726185418552,60.395387921033,124.350228316987,75.6347091837592,130.176352413855
81.9917576429921,77.4461571402589,42.7186859827739,78.8661683173732,81.376506426262,124.277230021179,81.6151091329705,98.5301017450483,93.2666966373984,97.834770034646,117.189168149458,74.3143583610449,171.164123118896,114.166522919536,95.1262388570433,160.80270409245,124.780432315243,84.7345033236104,98.7628240195438,77.4804141695986,114.659080663519,60.3223759094064,124.350228316987,75.626846065979,130.176352413855
81.9136620183715,77.4461571402589,42.6935749053002,78.8661683173732,81.371688621558,124.247989621369,81.5325476189435,98.5301017450483,93.1955025807224,97.834770034646,117.142950670195,74.289885981465,171.118162230948,114.166522919536,95.0561893997171,160.80270409245,124.757772099631,84.6780937985866,98.6521239033946,77.4804141695986,114.659080663519,60.318777917096,124.350228316987,75.626846065979,129.798564926903
81.7501993579394,77.4461571402589,42.6697214411975,78.8661683173732,81.3614554801511,124.247553197488,81.5325476189435,98.5301017450483,92.8931073325627,97.834770034646,117.142950670195,74.2814250776607,171.106910960061,114.166522919536,95.0319759053441,160.638935370477,124.757772099631,84.6780937985866,98.6043269167576,77.4514613548301,114.659080663519,60.318777917096,124.350228316987,75.6065051367298,129.798564926903
81.7501993579394,77.4027287583222,42.6240838736528,78.7984243951407,81.3151494017825,124.19612431286,81.482214344046,98.4919070327392,92.8092543986095,97.7060190897578,117.121646155758,74.2608959677339,171.021457792282,114.166522919536,94.8903059098311,160.599400008437,124.757772099631,84.6572598301491,98.5883026932738,77.4233583723935,114.64889382419,60.2923084230954,124.350228316987,75.6065051367298,129.798564926903
81.7501993579394,77.4027287583222,42.6240838736528,78.7858097434782,81.282322812672,124.19612431286,81.482214344046,98.4241353538218,92.6450854383154,97.7060190897578,117.111957522343,74.2608959677339,171.018751868421,114.140273452182,94.8903059098311,160.599400008437,124.757772099631,84.6572598301491,98.4774403274503,77.4233583723935,114.604422255315,60.2724460271581,124.350228316987,75.6065051367298,129.798564926903
81.6981332847811,77.4027287583222,42.6240838736528,78.6784062280515,81.2720951383421,124.19612431286,81.439353652562,98.4080647374076,92.6015804103479,97.7060190897578,117.094545181313,74.2420147810042,170.991593004415,114.057884398891,94.8477115967339,160.556838388227,124.740825560884,84.6298417875532,98.4405130384648,77.4104921028065,114.604422255315,60.2724460271581,124.082278956621,75.6003579515102,129.798564926903
81.5845284920094,77.4027287583222,42.6240838736528,78.5950482171095,81.2720951383421,124.19612431286,81.439353652562,98.4080647374076,92.6015804103479,97.6312605044125,117.094545181313,74.2272878323702,170.973674196438,113.994261333723,94.8477115967339,160.501000654607,124.740825560884,84.6037106726794,98.39054912608,77.4097716042911,114.604422255315,60.2724460271581,123.802002084239,75.6003579515102,129.798564926903
81.5845284920094,77.3870555287131,42.6002905226571,78.5667632702102,81.2570141901156,124.19612431286,81.439353652562,98.3639612690383,92.5355104894081,97.559178839432,117.072474310366,74.2109365418301,170.960931566725,113.923385343379,94.8477115967339,160.359270195645,124.740825560884,84.5567257812845,98.39054912608,77.3774160650696,114.549211911856,60.2695704115008,123.802002084239,75.5937661350717,129.798564926903
81.5845284920094,77.3771008765139,42.6002905226571,78.4225812321511,81.2562911453729,124.19612431286,81.4354761205338,98.3639612690383,92.4426899383918,97.559178839432,117.056976477395,74.2079949393117,170.959361520756,113.923385343379,94.792504933713,160.359270195645,124.740825560884,84.5567257812845,98.3842230791961,77.3774160650696,114.54808765143,60.2517213793396,123.788938301497,75.5895759087418,129.798564926903
81.5196259255617,77.3629740235017,42.6002905226571,78.4225812321511,81.2443287948493,124.17139596377,81.3982506339487,98.3232503006739,92.1753463058408,97.5499019150382,117.056976477395,74.1937203977341,170.959361520756,113.901772175813,94.6986548796172,160.359270195645,124.740825560884,84.5179137940618,98.29995741277,77.3760791250404,114.540766845128,60.2463066064913,123.590936307392,75.5826235680136,129.321456715518
81.5196259255617,77.3586744548754,42.5993752666436,78.4225812321511,81.2294955989205,124.160199294852,81.3982506339487,98.2954885337533,92.1753463058408,97.190033141258,117.056976477395,74.1697942982266,170.93944863256,113.901772175813,94.6986548796172,160.350954048236,124.740825560884,84.50638661365,98.29995741277,77.3760791250404,114.540766845128,60.2392962266701,123.590936307392,75.5826235680136,129.321456715518
81.39088019871,77.3585218112657,42.5982402984355,78.3431327224234,81.2294955989205,124.160199294852,81.3812930590282,98.2778189542971,92.0755148019718,97.190033141258,117.056774882024,74.1697942982266,170.910334137272,113.871040171832,94.5839295060989,160.350954048236,124.740825560884,84.4760063195017,98.2711455200151,77.3641914659406,114.496277444879,60.2163004260856,123.491833203149,75.5800793342471,129.321456715518
81.3642815587359,77.3445685882348,42.5982402984355,78.3431327224234,81.2292987768033,124.156434595478,81.3812930590282,98.2664121358678,92.0755148019718,97.190033141258,117.056774882024,74.1697942982266,170.864270347032,113.850848377268,94.5452014026594,160.293360469723,124.730321905785,84.4760063195017,98.262012423894,77.3537539781496,114.496277444879,60.2163004260856,123.491833203149,75.5800793342471,129.321456715518
81.3642815587359,77.3385827749548,42.5873372137544,78.3431327224234,81.2292987768033,124.156434595478,81.3681455030974,98.2664121358678,92.0755148019718,97.1036660256266,117.040830249986,74.1697942982266,170.864270347032,113.828140015796,94.5059756644089,160.237155867482,124.730321905785,84.4491084395138,98.262012423894,77.3537539781496,114.466120094587,60.2074153678393,123.491833203149,75.5800574571551,129.063411790207
81.3406163787865,77.3385827749548,42.5732107390907,78.3287110071226,81.2292987768033,124.15276916336,81.3470664263175,98.2664121358678,92.0755148019718,97.1036660256266,117.034781577123,74.1697942982266,170.864270347032,113.827910729625,94.5059756644089,160.216770521206,124.730321905785,84.4405274263156,98.2201653620498,77.3537539781496,114.466120094587,60.20645084445,123.476881079703,75.5756773666146,128.969407094211
81.3103649677598,77.3304412871394,42.568568819752,78.319692857656,81.2285971601575,124.145577632315,81.3470664263175,98.2664121358678,91.9557164906919,97.1036660256266,117.034781577123,74.1697942982266,170.827448434065,113.827910729625,94.4866557441242,160.216770521206,124.730004143,84.4251120197328,98.1224261216394,77.3537539781496,114.422845132821,60.1937426596023,123.476881079703,75.5740195165242,128.969407094211
81.3021146688868,77.3304412871394,42.568568819752,78.3160443097795,81.2185475482336,124.145577632315,81.3338476518131,98.2664121358678,91.8506768038305,97.1036660256266,117.033579709784,74.160057730176,170.818890462434,113.810744364426,94.3712149005546,160.216770521206,124.730004143,84.4251120197328,98.1224261216394,77.3423900103871,114.422845132821,60.1937426596023,123.398741324479,75.5694773718408,128.969407094211
81.3005764272425,77.3304412871394,42.568568819752,78.2379569672526,81.218098623048,124.145577632315,81.311332347,98.2547436340622,91.8506768038305,97.0338182591929,117.018734466444,74.160057730176,170.790898056945,113.799334077534,94.3592106950998,160.197086742857,124.729578092733,84.3847264313165,98.1103584757377,77.3423900103871,114.422845132821,60.18196219628,123.398741324479,75.5634411463091,128.969407094211
81.3005764272425,77.3292312491992,42.568568819752,78.2270710165649,81.2147380074093,124.143838189221,81.3016019911829,98.2547436340622,91.8506768038305,97.0338182591929,117.018734466444,74.160057730176,170.78259699151,113.789223597217,94.3037141437583,160.186136790177,124.724017866318,84.3847264313165,98.1103584757377,77.3423900103871,114.422845132821,60.1778822807119,123.398741324479,75.5634411463091,128.938274664637
81.2897445447247,77.3178685335399,42.5596245018939,78.1656511327856,81.2147380074093,124.143838189221,81.3016019911829,98.2342356671704,91.8182291841081,97.0117522906444,117.009108424785,74.1520008451312,170.756030623613,113.779305975212,94.3037141437583,160.14427798744,124.724017866318,84.3847264313165,98.080491109446,77.3423900103871,114.414195009254,60.1739793401023,123.313209451905,75.5634411463091,128.679824757904
81.2836890293684,77.3178685335399,42.5561241303667,78.1423983290979,81.2125245175716,124.143838189221,81.2959064086217,98.2342356671704,91.8182291841081,96.864771678554,116.999639733277,74.1488331583851,170.756030623613,113.763309489522,94.3037141437583,160.12691309274,124.722920746966,84.3847264313165,98.080491109446,77.3423900103871,114.414195009254,60.173679370354,123.2912660759,75.5634411463091,128.659100141419
81.2710709621249,77.3178685335399,42.5561241303667,78.1096958698347,81.2110491121546,124.143838189221,81.2959064086217,98.2269090167706,91.7698666696097,96.864771678554,116.999639733277,74.1463819766975,170.756030623613,113.760763027985,94.2462496506685,160.12691309274,124.721952466809,84.3701365540014,98.0561023945404,77.3423900103871,114.401547014881,60.156222155091,123.24111918487,75.5599497415246,128.645177979848
81.2710709621249,77.3178685335399,42.5549870260147,78.1096958698347,81.2076283598096,124.143838189221,81.2959064086217,98.2269090167706,91.7337525609225,96.864771678554,116.999639733277,74.1463819766975,170.740582112583,113.760763027985,94.1941380254518,160.095863950334,124.71816239275,84.3701365540014,98.0490146544071,77.3423900103871,114.396996616166,60.1538099850989,123.233688241106,75.5599497415246,128.392440774095
81.2710709621249,77.3178685335399,42.5528057456206,78.1096958698347,81.201713014985,124.143362461851,81.2759803508111,98.2269090167706,91.7267807879114,96.864771678554,116.998414085834,74.1429078492997,170.738071743218,113.760763027985,94.1457733119139,160.095863950334,124.710507566869,84.3555231720568,98.0358401179956,77.3423900103871,114.384392488871,60.1538099850989,123.166492720179,75.5597270780377,128.389076478983
81.2614899195794,77.3152041183782,42.5493797188358,78.1005338441701,81.201713014985,124.132669217602,81.2752999214692,98.2132717227757,91.7072880514809,96.864771678554,116.998414085834,74.1428287429935,170.738071743218,113.760763027985,94.1382590432877,160.095863950334,124.710507566869,84.3413918671442,98.0329309470476,77.3423900103871,114.384392488871,60.1538099850989,123.166492720179,75.5565959050789,128.321440978972
81.2545245101062,77.3152041183782,42.5460516904295,78.0660815805834,81.201713014985,124.128013879358,81.2701926192769,98.2132717227757,91.6937772926372,96.8300914756153,116.993622437672,74.1381852713093,170.714695153701,113.758911830392,94.1038170547308,160.086380743179,124.710507566869,84.3393817353797,98.0194506413268,77.3423900103871,114.374157232626,60.1490475203177,123.144742299109,75.5565959050789,128.321440978972
81.2545245101062,77.3152041183782,42.5416484212883,78.0647342936645,81.201713014985,124.12365799069,81.2630731904028,98.2132717227757,91.6601644377736,96.8174068303692,116.993622437672,74.1351143296881,170.714695153701,113.754474921724,94.1038170547308,160.073760068913,124.710507566869,84.3254264625884,98.0184320695612,77.3423900103871,114.374157232626,60.1490475203177,123.103198524972,75.5554136344369,128.321440978972
81.2455665694665,77.3152041183782,42.5416484212883,78.0647342936645,81.1998581301787,124.12365799069,81.2612117066631,98.2108344183534,91.6435249210433,96.7343447974285,116.989743419092,74.1351143296881,170.714695153701,113.739807360395,94.0812969687513,160.073760068913,124.710112880517,84.3055985910441,97.9963350870937,77.3397337362694,114.361930874481,60.1483506068882,123.103198524972,75.5541649540942,128.321440978972
81.2455665694665,77.3148522284389,42.5416484212883,78.0607654172031,81.1998581301787,124.12365799069,81.2585575632725,98.2108344183534,91.612265320771,96.7343447974285,116.989743419092,74.1309588713414,170.714695153701,113.739807360395,94.0715073069184,160.073760068913,124.709527325441,84.3021406153516,97.9963350870937,77.3397337362694,114.354875060342,60.1483506068882,123.095794046896,75.5541649540942,128.271374495833
81.2445538463539,77.3142033900012,42.540287188498,78.0525698681315,81.1969227004963,124.119711629034,81.2541081216773,98.1991655220954,91.5910138797747,96.7343447974285,116.989743419092,74.1309588713414,170.714695153701,113.727599627797,94.0554554430739,160.072785218129,124.706198714919,84.3021406153516,97.9942358480414,77.339657425327,114.354875060342,60.1483506068882,123.058856882671,75.5532507308578,128.23266675893
81.2443138020101,77.3139190068489,42.540287188498,78.0525698681315,81.1915311664598,124.119711629034,81.2541081216773,98.1991655220954,91.5874355785497,96.7343447974285,116.989743419092,74.1309588713414,170.696212168885,113.727599627797,94.0554554430739,160.072785218129,124.706198714919,84.2858009871761,97.9784046635966,77.3369935367834,114.354875060342,60.1483506068882,123.058856882671,75.5518979777073,128.23266675893
81.2415379285123,77.3139190068489,42.5384366133633,78.0417498512741,81.1915311664598,124.119711629034,81.2466815010926,98.1991655220954,91.576206035435,96.7343447974285,116.989743419092,74.1300110041234,170.686002661721,113.727599627797,94.0087648729598,160.071243027784,124.706198714919,84.2802936027206,97.9732035039422,77.3349766276515,114.354875060342,60.1480114796445,123.049039541766,75.5518554840587,128.23266675893
81.2404701326861,77.3139190068489,42.5369586233412,78.0371994477496,81.1915311664598,124.117000400896,81.2377880748813,98.1991655220954,91.5558266242674,96.7164833251502,116.989733307689,74.1300110041234,170.677526264754,113.727599627797,94.0087648729598,160.071243027784,124.706198714919,84.2802936027206,97.9732035039422,77.3349766276515,114.354875060342,60.1455164546317,123.049039541766,75.5518554840587,128.211761843909
81.2378156987345,77.3129021191339,42.5369586233412,78.0290287897958,81.1915311664598,124.116424597395,81.2377880748813,98.1969331758999,91.5558266242674,96.6604487375769,116.984082997489,74.1257213098058,170.669933607806,113.727599627797,94.0087648729598,160.071243027784,124.705183855327,84.2748262138584,97.9703898998343,77.3349766276515,114.354765434862,60.1448026320618,123.049039541766,75.5503594479489,128.202549095407
81.2378156987345,77.3129021191339,42.5352373861429,78.0237890906328,81.1915311664598,124.116424597395,81.2377880748813,98.1829654451381,91.5443173394258,96.6310004422323,116.983648829837,74.1257213098058,170.669933607806,113.727599627797,94.0087648729598,160.071243027784,124.702340321363,84.267823897284,97.9647479988187,77.3316284353259,114.353180005881,60.1436181961624,123.049039541766,75.5503594479489,128.149428186114
81.234342861793,77.3129021191339,42.5321269462927,78.0202385575394,81.1915311664598,124.108928463405,81.232580884634,98.1829654451381,91.5443173394258,96.6310004422323,116.983648829837,74.1251059164758,170.669933607806,113.727599627797,94.0087648729598,160.062021643274,124.701860026927,84.2645130802091,97.9585256468736,77.3296160286995,114.351829135408,60.1418264357956,123.024306004963,75.5503594479489,128.118381405092
81.234342861793,77.3123655867689,42.5321269462927,78.0138581619972,81.1915311664598,124.106658825728,81.2291268460447,98.1829654451381,91.5354940332709,96.6239561743434,116.983648829837,74.1251059164758,170.64606345219,113.727599627797,94.0002586798653,160.062021643274,124.701860026927,84.2645130802091,97.9585256468736,77.3296160286995,114.346974154815,60.1418264357956,123.024306004963,75.5498956154697,128.116640399629
81.2320157687391,77.3108584320996,42.5310895487662,78.0138581619972,81.1915311664598,124.106658825728,81.2291268460447,98.1829654451381,91.5269675116567,96.5876789287493,116.982871798183,74.1246258628867,170.64606345219,113.72732138193,94.0002586798653,160.058020297032,124.698032143165,84.2601547559154,97.9585256468736,77.3296160286995,114.346974154815,60.140352359582,123.024306004963,75.5477087240358,128.064255421645
81.2320157687391,77.3108584320996,42.5309705632319,78.0105204093802,81.1915311664598,124.106658825728,81.2291268460447,98.1815590532601,91.5230074709725,96.5691862916408,116.981454199799,74.1242157079957,170.643919595295,113.72732138193,93.9897598877128,160.05284864644,124.698032143165,84.2601547559154,97.9585256468736,77.3296160286995,114.346974154815,60.140352359582,123.017413341003,75.5477087240358,128.059959721733
81.2300782763273,77.3085691494189,42.5291775294816,78.0068422096551,81.1915311664598,124.106658825728,81.2222049056186,98.1815590532601,91.5230074709725,96.563604108339,116.981454199799,74.1225346859108,170.643919595295,113.723641969388,93.980913558416,160.050345476372,124.698032143165,84.2601547559154,97.9585256468736,77.3285929637116,114.342356126235,60.140352359582,123.00563926597,75.5477087240358,128.056079567559
81.2300782763273,77.3085691494189,42.5291775294816,78.0068422096551,81.1915311664598,124.106658825728,81.2222049056186,98.1815590532601,91.5230074709725,96.563604108339,116.981454199799,74.1225346859108,170.643919595295,113.723641969388,93.9768397492783,160.043127412839,124.698032143165,84.2601547559154,97.9585256468736,77.3285929637116,114.341672944801,60.1398833263474,122.996772402373,75.5469312711493,128.032945839896
81.2300782763273,77.3085691494189,42.5290444348766,78.0057669321545,81.1915311664598,124.106658825728,81.2222049056186,98.1815590532601,91.5230074709725,96.5219251837264,116.979179110796,74.1216971601218,170.640747036454,113.723641969388,93.9686356403488,160.040826978536,124.695507776899,84.2512301849356,97.9543774246185,77.3274320332582,114.33975962413,60.1393944602992,122.996772402373,75.5469312711493,128.032945839896
81.2300782763273,77.3084234210139,42.5290444348766,78.0054019374934,81.1915311664598,124.106658825728,81.2222049056186,98.1815590532601,91.5132065503176,96.5219251837264,116.979179110796,74.1216453721922,170.640747036454,113.723641969388,93.9620941281114,160.040826978536,124.693758824931,84.2512301849356,97.9543774246185,77.3274320332582,114.339435681275,60.1387458477791,122.996772402373,75.5469312711493,128.032945839896
81.2298631377928,77.3082139132798,42.5290444348766,78.0035875458616,81.1900065242191,124.106658825728,81.2210607918396,98.1815590532601,91.5098939512845,96.5093971148194,116.979179110796,74.1204764852339,170.638118956944,113.723641969388,93.9620941281114,160.040826978536,124.693758824931,84.2505009925039,97.9543774246185,77.3274320332582,114.339042927429,60.1379283204972,122.996772402373,75.5469312711493,128.019221612688
81.2298631377928,77.3082139132798,42.5290444348766,78.0035875458616,81.1900065242191,124.104253731203,81.2193060410432,98.1815590532601,91.5073438828952,96.5093971148194,116.979179110796,74.1204154305312,170.637003324478,113.723641969388,93.9620941281114,160.040826978536,124.693115761644,84.2448012784878,97.9543774246185,77.3269207933381,114.334279056708,60.1379283204972,122.996772402373,75.546669328068,128.015346061126
81.2298254681439,77.3077757559245,42.5276139668749,78.0035875458616,81.1900065242191,124.101466344513,81.2186907037599,98.1815590532601,91.4979430227047,96.5080628138435,116.977137137056,74.1204154305312,170.632894317085,113.721100491152,93.9620941281114,160.040826978536,124.691696344642,84.2431263999449,97.9543774246185,77.3268520955594,114.334279056708,60.1374270497276,122.9914807944,75.5464183630431,128.014472055747
81.2298254681439,77.3077757559245,42.5275466170071,78.0035875458616,81.1898420667515,124.097287899041,81.2186907037599,98.1815590532601,91.4979430227047,96.4765812187868,116.976813922809,74.1201049945205,170.632894317085,113.719882658476,93.9587623105224,160.040826978536,124.690981755544,84.2412509494948,97.9543774246185,77.3258029011315,114.334279056708,60.1374270497276,122.9914807944,75.5464183630431,127.966402518991
81.2298072400886,77.3072488514388,42.5275466170071,78.0035875458616,81.1898420667515,124.097287899041,81.218246295884,98.1815590532601,91.4979430227047,96.4754394002953,116.976813922809,74.1201049945205,170.630602255103,113.719882658476,93.9534513779954,160.039621514869,124.690981755544,84.2325274245229,97.9534877135993,77.3252113368962,114.330280204288,60.1366748170763,122.991313483249,75.5457597337395,127.966402518991
81.2296129577601,77.3072488514388,42.5275466170071,78.002532776504,81.1886355469444,124.097287899041,81.218246295884,98.1815590532601,91.4979430227047,96.4754394002953,116.976813922809,74.1195545198798,170.630306547794,113.719882658476,93.9534513779954,160.039621514869,124.690981755544,84.2325274245229,97.9534877135993,77.324354922971,114.330280204288,60.1366748170763,122.991313483249,75.5457597337395,127.966402518991
81.2287390702475,77.3064993289559,42.5274558064114,78.0002252830186,81.1867069498969,124.095679731691,81.2160301350395,98.1815590532601,91.4934905610653,96.4667790807532,116.976649021407,74.1179008257202,170.623921057632,113.719882658476,93.9481568079357,160.037592047751,124.690981755544,84.2325274245229,97.9522585321247,77.3242494213061,114.330280204288,60.1366748170763,122.979121054494,75.5457395967105,127.966402518991
81.2265218507594,77.3064993289559,42.5274558064114,78.0002252830186,81.1867069498969,124.095679731691,81.2160301350395,98.1815590532601,91.4882646241736,96.4636294122067,116.976649021407,74.1179008257202,170.623921057632,113.719882658476,93.9481568079357,160.037443300535,124.690981755544,84.2325274245229,97.9522585321247,77.3242494213061,114.330280204288,60.1366748170763,122.972714028905,75.545368095592,127.963015451308
81.2265218507594,77.3064138682216,42.5269623556001,77.9970147818271,81.1860294265605,124.095121482056,81.2160301350395,98.1815590532601,91.4823815436766,96.4536875453314,116.976649021407,74.1179008257202,170.623921057632,113.71856850209,93.9474131252186,160.035900350723,124.690981755544,84.2292769742169,97.9522585321247,77.3236686559953,114.330280204288,60.1366748170763,122.969626521951,75.545368095592,127.94617925193
81.2265218507594,77.3060982139973,42.5269623556001,77.9970147818271,81.1855908895266,124.094691583504,81.2160301350395,98.1815590532601,91.4800825394634,96.4536875453314,116.975904796988,74.1179008257202,170.623921057632,113.71856850209,93.9473233790695,160.035900350723,124.690981755544,84.2276518417964,97.9522585321247,77.3236167742602,114.330280204288,60.1361351214005,122.965282066327,75.545368095592,127.94407284215
81.2265218507594,77.3060045078498,42.5269564388752,77.9970147818271,81.1855908895266,124.094691583504,81.2160301350395,98.1815590532601,91.4758924103066,96.4536875453314,116.975904796988,74.1179008257202,170.623921057632,113.714311812256,93.9465379000528,160.03440979056,124.690981755544,84.2276518417964,97.9522585321247,77.3230979364455,114.327883775939,60.1359883504886,122.964443526949,75.545368095592,127.929387436873
81.2256210758824,77.3060045078498,42.5269564388752,77.9970147818271,81.1855908895266,124.092749628909,81.2160301350395,98.1815590532601,91.4758924103066,96.450728769642,116.975904796988,74.1179008257202,170.623921057632,113.714311812256,93.9431786964246,160.03440979056,124.690981755544,84.2276518417964,97.9522585321247,77.3230979364455,114.327883775939,60.1358073713452,122.959631831816,75.545368095592,127.926156819701
81.2240797914046,77.3060045078498,42.5265316777277,77.9970147818271,81.1850689203441,124.092749628909,81.2160301350395,98.1815590532601,91.4723116894363,96.4487996784962,116.975619114331,74.1179008257202,170.623921057632,113.714311812256,93.9425123011526,160.03440979056,124.690981755544,84.2266976524122,97.9522585321247,77.3230979364455,114.327210131993,60.1358073713452,122.959631831816,75.5453063243842,127.917795970322
81.2240797914046,77.3055084696819,42.5265316777277,77.9970147818271,81.1850613182178,124.092749628909,81.2160301350395,98.1815590532601,91.4723116894363,96.446945699839,116.974842979612,74.1179008257202,170.623921057632,113.714311812256,93.9425123011526,160.03440979056,124.690981755544,84.2246000867053,97.9513432970252,77.3216788090028,114.327210131993,60.1352911446925,122.959631831816,75.5453063243842,127.917795970322
81.2240797914046,77.3055084696819,42.5265316777277,77.9949565122931,81.1846165011693,124.092749628909,81.2160301350395,98.1815590532601,91.4723116894363,96.4354146585476,116.974842979612,74.1179008257202,170.623921057632,113.713733759999,93.9377696232013,160.032889996179,124.690981755544,84.2223389427259,97.9505474826205,77.3216788090028,114.327210131993,60.1352911446925,122.959631831816,75.5450192149808,127.917795970322
81.2240797914046,77.3055084696819,42.5265316777277,77.9949565122931,81.1846165011693,124.092749628909,81.2160301350395,98.1815590532601,91.4723116894363,96.4266798892322,116.97477717215,74.1174742837322,170.621214887396,113.713733759999,93.9377696232013,160.032889996179,124.690981755544,84.2223389427259,97.9498323966013,77.3216788090028,114.327210131993,60.1349754383903,122.959631831816,75.5450192149808,127.916981172299
81.2240760814445,77.305501557903,42.5259750080049,77.9907097034202,81.1843513037065,124.092000373274,81.2157967721519,98.1815590532601,91.4671680127353,96.4266798892322,116.97477717215,74.1174742837322,170.621214887396,113.713733759999,93.9377696232013,160.032889996179,124.690981755544,84.2223389427259,97.9498323966013,77.3216788090028,114.327210131993,60.1346413310916,122.959631831816,75.5450192149808,127.916981172299
81.2240760814445,77.3054661033627,42.5259750080049,77.9907097034202,81.1838831130126,124.092000373274,81.2154479385752,98.1815590532601,91.4664956323115,96.4224613958067,116.974599609393,74.1174202930183,170.621214887396,113.713107603665,93.9377696232013,160.032889996179,124.690981755544,84.2206925468374,97.9495505444377,77.3211543736431,114.327210131993,60.1346413310916,122.959631831816,75.5450192149808,127.916981172299
81.2240760814445,77.3052030852559,42.5257082960024,77.9907097034202,81.1837667401755,124.090497265616,81.215252019181,98.1815590532601,91.4664956323115,96.4224613958067,116.974599609393,74.1174202930183,170.620726676617,113.713107603665,93.9377696232013,160.032587270943,124.690981755544,84.2206925468374,97.9494249107086,77.3211543736431,114.327210131993,60.1346413310916,122.958240375521,75.5448431024088,127.912910897408
81.2238088084862,77.3051779034329,42.5253743989415,77.9907097034202,81.1837667401755,124.090497265616,81.215252019181,98.1815590532601,91.4664956323115,96.420679214586,116.974599609393,74.1174202930183,170.619877172877,113.711272442582,93.9377696232013,160.032587270943,124.690981755544,84.2192269967459,97.9475462535729,77.3211543736431,114.326813898091,60.1343971580641,122.958240375521,75.5448431024088,127.908332007125
81.2238088084862,77.3051779034329,42.5253743989415,77.9907097034202,81.1834275371557,124.090390859946,81.215252019181,98.1815590532601,91.4649242422097,96.4200871520711,116.97419418979,74.1164420287212,170.619877172877,113.711272442582,93.9377696232013,160.031913690948,124.690981755544,84.2192269967459,97.9475462535729,77.3207492117499,114.326248226951,60.1340773324889,122.95576203847,75.5448431024088,127.904629349054
81.2236115388214,77.3051779034329,42.5253743989415,77.9907097034202,81.183259516562,124.090390859946,81.2146060556749,98.1815590532601,91.4649242422097,96.4159100525314,116.97301214092,74.1164420287212,170.619877172877,113.711272442582,93.9367401514314,160.031913690948,124.690981755544,84.2192269967459,97.9475462535729,77.3207492117499,114.32533214901,60.1340773324889,122.95576203847,75.5448431024088,127.892431955479
81.2235842081764,77.3050446186451,42.5253743989415,77.9905705319138,81.1830184654639,124.090390859946,81.2146060556749,98.1815590532601,91.4623468065108,96.4122685429661,116.97301214092,74.1164420287212,170.619270148659,113.711272442582,93.9367401514314,160.031913690948,124.690981755544,84.2192269967459,97.9475462535729,77.3207492117499,114.324950178448,60.13362599575,122.955664260921,75.5446972398645,127.892431955479
81.2232641503999,77.3050424226692,42.525297709406,77.9889295905882,81.1830184654639,124.090292129975,81.2141061860109,98.1815590532601,91.4621917293218,96.4122685429661,116.97301214092,74.1154397693331,170.618881486418,113.711221540032,93.9365995932214,160.031433321906,124.690981755544,84.2192269967459,97.9470307180941,77.3204562902367,114.324950178448,60.13362599575,122.955324852424,75.5446295424781,127.892431955479
81.2230968860658,77.3050424226692,42.5252336184999,77.9882903562998,81.1826092227325,124.087736520182,81.2136263166169,98.1815590532601,91.4615979236269,96.4030147766487,116.97301214092,74.1154397693331,170.618881486418,113.711066120542,93.9349163102113,160.03091089411,124.690981755544,84.2173378954401,97.9470307180941,77.3204562902367,114.324473425957,60.13362599575,122.955324852424,75.5445777418568,127.892431955479
81.2229872241198,77.3050424226692,42.5251352870014,77.9882903562998,81.1826092227325,124.087736520182,81.2131629165003,98.1815590532601,91.4615979236269,96.4030147766487,116.97301214092,74.1143723893338,170.61807023331,113.711066120542,93.9349163102113,160.03091089411,124.690981755544,84.2172816622272,97.9467877184463,77.3204562902367,114.324473425957,60.13362599575,122.955324852424,75.5445777418568,127.892431955479
81.2229128456033,77.305005631732,42.5250498376663,77.9882903562998,81.1826092227325,124.087736520182,81.2131517844869,98.1815590532601,91.4615979236269,96.4030147766487,116.97301214092,74.1143723893338,170.617627770766,113.710444632263,93.9342259696339,160.030640042589,124.690981755544,84.2162391393697,97.9459579322486,77.3203023437979,114.324286078148,60.13362599575,122.953503765034,75.5445777418568,127.888574469802
81.2229128456033,77.3049505185288,42.5249184070472,77.9882903562998,81.1824929532738,124.087736520182,81.2128209213117,98.1815590532601,91.4615979236269,96.4030147766487,116.97301214092,74.1143723893338,170.617436543622,113.710444632263,93.9342259696339,160.030640042589,124.690981755544,84.2158445109885,97.9459579322486,77.3203023437979,114.323491697627,60.13362599575,122.952338764211,75.5444344460814,127.888574469802
81.2226042221864,77.3049505185288,42.5249184070472,77.9882903562998,81.1824929532738,124.08757676534,81.2128209213117,98.1815590532601,91.4613961947432,96.4030147766487,116.97301214092,74.1141570618063,170.616275122564,113.710444632263,93.9341965990702,160.028968378549,124.690981755544,84.2158445109885,97.9442621885833,77.3203023437979,114.323442520898,60.13362599575,122.952338764211,75.5444344460814,127.888574469802
81.2220269724501,77.3049505185288,42.5249184070472,77.9871744321981,81.1824929532738,124.085841542129,81.2128209213117,98.1815590532601,91.460521689803,96.4030147766487,116.97301214092,74.1141570618063,170.616275122564,113.710444632263,93.9340628839777,160.028968378549,124.690981755544,84.2143186425053,97.9442621885833,77.3203023437979,114.322320309488,60.1331855711524,122.952338764211,75.5444344460814,127.888574469802
81.2220269724501,77.3047222531955,42.5245386747984,77.9871744321981,81.1824929532738,124.085287309968,81.2126764301565,98.1815590532601,91.4588529298187,96.4030147766487,116.97301214092,74.1141570618063,170.616275122564,113.710406573442,93.9325950863624,160.028968378549,124.690981755544,84.2140722577192,97.9442621885833,77.3202723162874,114.321610253791,60.1331855711524,122.952338764211,75.5443760767823,127.888574469802
81.2220269724501,77.3047222531955,42.5245386747984,77.9871744321981,81.1824929532738,124.084077665485,81.2126029860146,98.1815590532601,91.4588529298187,96.4030147766487,116.97301214092,74.1141570618063,170.616275122564,113.710406573442,93.9325950863624,160.028019514392,124.690981755544,84.213636017289,97.9442621885833,77.3202723162874,114.321610253791,60.1331855711524,122.952338764211,75.5442584528118,127.888033449615
81.2220269724501,77.3047125425494,42.5242490069729,77.9871744321981,81.1823518234376,124.083698179088,81.2125281609058,98.1815590532601,91.4588529298187,96.4030147766487,116.97301214092,74.1141570618063,170.616189478007,113.710362027715,93.9325950863624,160.028019514392,124.690981755544,84.213636017289,97.9442621885833,77.3202723162874,114.321610253791,60.1331855711524,122.952338764211,75.5441954505225,127.888033449615
81.2220269724501,77.3047125425494,42.5242490069729,77.9871744321981,81.1822530368581,124.083698179088,81.2124567076798,98.1815590532601,91.4588529298187,96.4007787559376,116.97301214092,74.1141570618063,170.616025559252,113.709954999727,93.9324162895416,160.028019514392,124.690981755544,84.213636017289,97.9442621885833,77.3197348520059,114.321610253791,60.1331641368452,122.951502455475,75.5441954505225,127.887402498028
81.2220269724501,77.3046827584201,42.5242490069729,77.9864158501814,81.1821007646404,124.083698179088,81.2121620129544,98.1815590532601,91.4583502817277,96.3986160770487,116.972268767781,74.1141570618063,170.616025559252,113.709954999727,93.9322426916588,160.028019514392,124.690981755544,84.213636017289,97.9442298013328,77.3197348520059,114.321038859705,60.1331641368452,122.951502455475,75.5441954505225,127.886468560002
81.2220269724501,77.3045079662493,42.5238175119387,77.9864158501814,81.1820091681109,124.083698179088,81.2121620129544,98.1815590532601,91.4583502817277,96.3986160770487,116.972268767781,74.1141570618063,170.616025559252,113.709954999727,93.9315015591408,160.028019514392,124.690981755544,84.213636017289,97.9442298013328,77.3197348520059,114.321038859705,60.1329907789207,122.951502455475,75.5441954505225,127.886468560002
81.2220269724501,77.3045079662493,42.5238175119387,77.9864158501814,81.1820091681109,124.083698179088,81.2121305537642,98.1815590532601,91.4575962684412,96.3986160770487,116.972268767781,74.1141570618063,170.615220650313,113.709406354904,93.9315015591408,160.027819932212,124.690981755544,84.213636017289,97.9442298013328,77.3197348520059,114.321038859705,60.1329907789207,122.951464885806,75.5441848422854,127.886468560002
81.2219432681402,77.3045079662493,42.5238175119387,77.9864158501814,81.1820091681109,124.083698179088,81.2121305537642,98.1815590532601,91.4575697778359,96.3986160770487,116.972268767781,74.1141570618063,170.615220650313,113.709406354904,93.9315015591408,160.027478475758,124.690981755544,84.213636017289,97.9442298013328,77.3197348520059,114.321038859705,60.1329907789207,122.951464885806,75.5439858131608,127.886468560002
81.2218627743989,77.3045079662493,42.5238175119387,77.9864158501814,81.1820091681109,124.083698179088,81.2116937330175,98.1815590532601,91.4575697778359,96.3955238303874,116.972268767781,74.1141570618063,170.615220650313,113.709406354904,93.9315015591408,160.027478475758,124.690981755544,84.213636017289,97.9441467301315,77.3197348520059,114.320826140603,60.1329907789207,122.951431224707,75.5439858131608,127.886376672493
81.2218627743989,77.3045079662493,42.5238175119387,77.9864158501814,81.1820091681109,124.083698179088,81.2116937330175,98.1815590532601,91.4575697778359,96.3955238303874,116.972268767781,74.1141570618063,170.615220650313,113.709406354904,93.9315015591408,160.027407564176,124.690981755544,84.213636017289,97.9441467301315,77.3195434845964,114.320539102277,60.1329907789207,122.951146967692,75.5439858131608,127.886376672493
81.2218627743989,77.304500162086,42.5238175119387,77.9864158501814,81.1820091681109,124.083698179088,81.2116937330175,98.1815590532601,91.4575697778359,96.394827543565,116.972268767781,74.1141570618063,170.615220650313,113.709406354904,93.9312146569955,160.027050992663,124.690981755544,84.213636017289,97.9433397776677,77.3195434845964,114.320539102277,60.1329185688187,122.951146967692,75.5439858131608,127.886376672493
81.2218627743989,77.304500162086,42.5238175119387,77.9864158501814,81.1820091681109,124.083698179088,81.2116937330175,98.1815590532601,91.4575697778359,96.394827543565,116.972268767781,74.1141570618063,170.615220650313,113.709406354904,93.931189621766,160.026898963196,124.690981755544,84.213636017289,97.9433397776677,77.3195434845964,114.320539102277,60.1328730221392,122.950524084429,75.5439858131608,127.885582130979
81.2217417325492,77.3044789672706,42.5238067742234,77.9864158501814,81.1819551862484,124.083698179088,81.2116937330175,98.1815590532601,91.4575697778359,96.3945310628292,116.972240061723,74.1141570618063,170.615220650313,113.709406354904,93.9310219737849,160.026898963196,124.690981755544,84.213636017289,97.9433397776677,77.3194560106206,114.320322541512,60.1328730221392,122.950524084429,75.5439858131608,127.884799719018
81.2217417325492,77.3044647369434,42.5236641426591,77.9864158501814,81.1818532855843,124.083698179088,81.2116937330175,98.1815590532601,91.4575697778359,96.3910356070151,116.972240061723,74.1141570618063,170.615220650313,113.709406354904,93.9303233775584,160.026898963196,124.690981755544,84.213636017289,97.9433397776677,77.3194560106206,114.320206213932,60.1328088711928,122.950350407557,75.5439858131608,127.88366378492
81.2217417325492,77.3043553261166,42.5236389459367,77.9864158501814,81.1818532855843,124.083698179088,81.2116937330175,98.1815590532601,91.4575697778359,96.3910356070151,116.972240061723,74.1141570618063,170.615201014986,113.709406354904,93.9303233775584,160.026898963196,124.690981755544,84.213636017289,97.9433397776677,77.3194213839936,114.319953923548,60.1326906125973,122.950350407557,75.5439858131608,127.882372932059
81.2216774312872,77.3043553261166,42.5236389459367,77.9864158501814,81.1818532855843,124.083698179088,81.2116937330175,98.1815590532601,91.4575697778359,96.3910356070151,116.972240061723,74.1141570618063,170.615075405259,113.709406354904,93.9303233775584,160.026898963196,124.690981755544,84.213636017289,97.9433397776677,77.3193264645718,114.319953923548,60.1326906125973,122.950350407557,75.543978063231,127.882372932059
81.2216774312872,77.3043553261166,42.5234899310658,77.9864158501814,81.1816829797901,124.083698179088,81.2116937330175,98.1815590532601,91.4575697778359,96.3910356070151,116.972226889289,74.1141570618063,170.614767935216,113.709406354904,93.9303233775584,160.02679697296,124.690981755544,84.213636017289,97.9433213371838,77.3192318269771,114.319953923548,60.1326906125973,122.949714272711,75.543978063231,127.882238710642
81.2216426334264,77.304195010149,42.5234899310658,77.9864158501814,81.1816829797901,124.083698179088,81.2116937330175,98.1815590532601,91.4575697778359,96.3910356070151,116.972226889289,74.1141570618063,170.614712805026,113.709368250038,93.9303233775584,160.026744001312,124.690981755544,84.213636017289,97.9429560766207,77.3192318269771,114.319953923548,60.1326821323833,122.94970457627,75.5439357555226,127.881467243133
81.2214876311452,77.304195010149,42.5234899310658,77.9864158501814,81.1816829797901,124.083698179088,81.2116937330175,98.1815590532601,91.4575697778359,96.3904181690611,116.972070759627,74.1141570618063,170.614712805026,113.709368250038,93.9303214657477,160.02644975527,124.690981755544,84.213636017289,97.9429560766207,77.3191826492223,114.319828542551,60.1326066266954,122.94970457627,75.5439288211123,127.881467243133
81.2214876311452,77.304195010149,42.5234899310658,77.9864158501814,81.1816829797901,124.083698179088,81.2116568174704,98.1815590532601,91.4575697778359,96.3904181690611,116.972070759627,74.1141570618063,170.614666853698,113.709204814239,93.9303214657477,160.025819396723,124.690981755544,84.213636017289,97.9429560766207,77.3191826492223,114.319828542551,60.1326066266954,122.94970457627,75.5439141548766,127.881467243133
81.2214876311452,77.304195010149,42.5234664101404,77.9864158501814,81.1816829797901,124.083698179088,81.2116568174704,98.1815590532601,91.4575697778359,96.3904181690611,116.972070759627,74.1141570618063,170.614364006467,113.709204814239,93.9303214657477,160.025819396723,124.690981755544,84.213636017289,97.9428776609798,77.3191704732585,114.319828542551,60.1325464937383,122.94970457627,75.5439141548766,127.880675783362
81.2214876311452,77.304195010149,42.5234664101404,77.9864158501814,81.1816829797901,124.083698179088,81.2116568174704,98.1815590532601,91.4575697778359,96.3904181690611,116.97198393827,74.1141570618063,170.614364006467,113.709204814239,93.9300469161567,160.025819396723,124.690981755544,84.213636017289,97.9428776609798,77.3191472354567,114.319731482508,60.1325464937383,122.94966844426,75.5438971852091,127.880675783362
81.2214876311452,77.304195010149,42.5234664101404,77.9864158501814,81.1816829797901,124.083698179088,81.2115057091912,98.1815590532601,91.4575697778359,96.3904181690611,116.971970129729,74.1141570618063,170.61426862664,113.709204814239,93.9299527654189,160.025819396723,124.690981755544,84.213636017289,97.9428667071038,77.3190214610722,114.31946092401,60.1325464937383,122.94966844426,75.5438875297198,127.880675783362
81.2214876311452,77.304195010149,42.5234664101404,77.9864158501814,81.1816829797901,124.083698179088,81.211287525289,98.1815590532601,91.4575697778359,96.3904181690611,116.971970129729,74.1141570618063,170.614125194405,113.709204814239,93.9299527654189,160.025819396723,124.690981755544,84.213636017289,97.9428667071038,77.3190214610722,114.31946092401,60.1325464937383,122.949610423165,75.5438735281841,127.880675783362
81.2214876311452,77.304195010149,42.5234664101404,77.9864158501814,81.1816829797901,124.083698179088,81.211287525289,98.1815590532601,91.4575697778359,96.3904181690611,116.971970129729,74.1141570618063,170.614125194405,113.709145884475,93.9299527654189,160.025659321308,124.690981755544,84.213636017289,97.9428137159466,77.3190214610722,114.31946092401,60.1325464937383,122.949506126756,75.5438735281841,127.880132900929
81.2214876311452,77.304195010149,42.5234664101404,77.9864158501814,81.1816829797901,124.083698179088,81.211287525289,98.1815590532601,91.4575697778359,96.3904181690611,116.971872908234,74.1141570618063,170.614085408974,113.709145884475,93.9299527654189,160.025659321308,124.690981755544,84.213636017289,97.9428113246149,77.3190214610722,114.31946092401,60.1325464937383,122.949300762626,75.5438735281841,127.87940915703
81.2214876311452,77.304195010149,42.5234664101404,77.9864158501814,81.1816191895759,124.083698179088,81.2112288122632,98.1815590532601,91.4575697778359,96.3904181690611,116.971872908234,74.1141570618063,170.614032632787,113.709145884475,93.9298686189209,160.025659321308,124.690981755544,84.213636017289,97.9425275932776,77.3190214610722,114.31946092401,60.1325464937383,122.949194906252,75.5438679970066,127.87940915703
81.2214752985587,77.304195010149,42.5234664101404,77.9864158501814,81.1815721059588,124.083698179088,81.2111261867794,98.1815590532601,91.4575697778359,96.3904181690611,116.971872908234,74.1141570618063,170.614032632787,113.709120245853,93.9297518344015,160.025659321308,124.690981755544,84.213636017289,97.9425275932776,77.3190022016502,114.31946092401,60.1325464937383,122.949194906252,75.5438668759198,127.87940915703
81.2214588603636,77.304195010149,42.5234664101404,77.9864158501814,81.1815721059588,124.083698179088,81.2111261867794,98.1815590532601,91.4575697778359,96.3904181690611,116.971872908234,74.1141570618063,170.614032632787,113.709058010093,93.9297518344015,160.025659321308,124.690981755544,84.213636017289,97.9425128321814,77.3190022016502,114.31946092401,60.1325464937383,122.949194906252,75.5438668759198,127.87940915703
81.2214534051502,77.304195010149,42.5234664101404,77.9864158501814,81.1815721059588,124.083698179088,81.2111261867794,98.1815590532601,91.4575697778359,96.3904181690611,116.971872908234,74.1141570618063,170.614032632787,113.709058010093,93.929727603311,160.025659321308,124.690981755544,84.213636017289,97.9425128321814,77.3188957193763,114.31946092401,60.132532123702,122.949037645445,75.5438668759198,127.87940915703
81.2214430349879,77.304195010149,42.5234664101404,77.9864158501814,81.1815721059588,124.083698179088,81.2111261867794,98.1815590532601,91.4575697778359,96.3904181690611,116.971872908234,74.1141570618063,170.614032632787,113.709058010093,93.929638268557,160.025659321308,124.690981755544,84.213636017289,97.9425128321814,77.3188957193763,114.31946092401,60.1325284718407,122.949037645445,75.5438584441949,127.87940915703
81.2214153645391,77.304195010149,42.5234664101404,77.9864158501814,81.1815721059588,124.083698179088,81.2111261867794,98.1815590532601,91.4575697778359,96.3904181690611,116.971872908234,74.1141570618063,170.614032632787,113.709058010093,93.929638268557,160.025659321308,124.690981755544,84.213636017289,97.9425128321814,77.3188957193763,114.31946092401,60.1324998472667,122.949011394636,75.5438537771868,127.879256944565
81.2214153645391,77.304195010149,42.5234664101404,77.9864158501814,81.1815721059588,124.083698179088,81.2111261867794,98.1815590532601,91.4575697778359,96.3904181690611,116.971872908234,74.1141570618063,170.614032632787,113.709058010093,93.929638268557,160.025659321308,124.690981755544,84.213636017289,97.9423984323416,77.3188957193763,114.31946092401,60.1324998472667,122.949011394636,75.5438491845123,127.879019161817
81.2214153645391,77.304195010149,42.5234664101404,77.9864158501814,81.1815547992601,124.083698179088,81.211046408966,98.1815590532601,91.4575697778359,96.3904181690611,116.971872908234,74.1141570618063,170.614032632787,113.709058010093,93.9294661222184,160.025659321308,124.690981755544,84.213636017289,97.9423984323416,77.3188957193763,114.31946092401,60.1324985228491,122.948925068034,75.5438373485626,127.879019161817
81.2214153645391,77.304195010149,42.5234664101404,77.9864158501814,81.1815234965866,124.083698179088,81.2110415792274,98.1815590532601,91.4575697778359,96.3904181690611,116.971872908234,74.1141570618063,170.614032632787,113.709058010093,93.9294661222184,160.025659321308,124.690981755544,84.213636017289,97.942349988389,77.3188957193763,114.31946092401,60.132463675496,122.948925068034,75.5438234125986,127.878992306266
81.2214153645391,77.304195010149,42.5234664101404,77.9864158501814,81.1815234965866,124.083698179088,81.2110415792274,98.1815590532601,91.4575697778359,96.3904181690611,116.971872908234,74.1141570618063,170.614032632787,113.708986450723,93.9294661222184,160.025659321308,124.690981755544,84.213636017289,97.942335335764,77.3188957193763,114.31946092401,60.132463675496,122.948896025428,75.5438234125986,127.87803703013
81.2214153645391,77.304195010149,42.5234664101404,77.9864158501814,81.1815234965866,124.083698179088,81.2109808994855,98.1815590532601,91.4575697778359,96.3904181690611,116.971872908234,74.1141570618063,170.614032632787,113.708986450723,93.9294661222184,160.025659321308,124.690981755544,84.213636017289,97.942323629562,77.3188957193763,114.31946092401,60.1324549261867,122.948774935545,75.5438214042847,127.87803703013
81.2214153645391,77.304195010149,42.5234664101404,77.9864158501814,81.1815208869589,124.083698179088,81.2109575206368,98.1815590532601,91.4575697778359,96.3904181690611,116.971872908234,74.1141570618063,170.614032632787,113.708919883447,93.9294661222184,160.025659321308,124.690981755544,84.213636017289,97.9423153266987,77.3188957193763,114.31946092401,60.1324420222759,122.948774935545,75.5438214042847,127.87803703013
81.2214153645391,77.304195010149,42.5234664101404,77.9864158501814,81.1815068127769,124.083698179088,81.2109575206368,98.1815590532601,91.4575697778359,96.3904181690611,116.971872908234,74.1141570618063,170.614032632787,113.708577220144,93.9293876667182,160.025659321308,124.690981755544,84.213636017289,97.9422357364001,77.3188809218912,114.31946092401,60.1324333533214,122.948774935545,75.5438214042847,127.87803703013
81.2214153645391,77.304195010149,42.5234664101404,77.9864158501814,81.1814872800792,124.083698179088,81.2109575206368,98.1815590532601,91.4575697778359,96.3904181690611,116.971872908234,74.1141570618063,170.614032632787,113.708577220144,93.9293876667182,160.025659321308,124.690981755544,84.213636017289,97.9421617955122,77.3188809218912,114.31946092401,60.1324333533214,122.948774935545,75.5438214042847,127.87803703013
81.2214153645391,77.304195010149,42.5234664101404,77.9864158501814,81.1814872800792,124.083698179088,81.2108631818405,98.1815590532601,91.4575697778359,96.3904181690611,116.971872908234,74.1141570618063,170.614032632787,113.708577220144,93.929372351874,160.025659321308,124.690981755544,84.213636017289,97.9421617955122,77.318869838067,114.31946092401,60.1324117846425,122.948677951321,75.5438214042847,127.87803703013
81.2214153645391,77.304195010149,42.5234664101404,77.9864158501814,81.1814783774601,124.083698179088,81.2108603231013,98.1815590532601,91.4575697778359,96.3904181690611,116.971872908234,74.1141570618063,170.614032632787,113.708577220144,93.929372351874,160.025659321308,124.690981755544,84.213636017289,97.9421555955125,77.3188685116834,114.31946092401,60.1324117846425,122.948677951321,75.5438214042847,127.87803703013
81.2214153645391,77.304195010149,42.5234664101404,77.9864158501814,81.1814760149721,124.083698179088,81.2108603231013,98.1815590532601,91.4575697778359,96.3904181690611,116.971872908234,74.1141570618063,170.614032632787,113.708525295571,93.929372351874,160.025659321308,124.690981755544,84.213636017289,97.9421365932776,77.3188416676931,114.31946092401,60.1324117846425,122.948588299103,75.5438214042847,127.87803703013
81.2214153645391,77.304195010149,42.5234664101404,77.9864158501814,81.1814760149721,124.083698179088,81.2108603231013,98.1815590532601,91.4575697778359,96.3904181690611,116.971872908234,74.1141570618063,170.614032632787,113.708525295571,93.929372351874,160.025659321308,124.690981755544,84.213636017289,97.9421310320693,77.3188416676931,114.31946092401,60.1324117846425,122.948588299103,75.5438214042847,127.87803703013
81.2214153645391,77.304195010149,42.5234664101404,77.9864158501814,81.1814760149721,124.083698179088,81.2108603231013,98.1815590532601,91.4575697778359,96.3904181690611,116.971872908234,74.1141570618063,170.614032632787,113.708525295571,93.929372351874,160.025659321308,124.690981755544,84.213636017289,97.9421170164765,77.3188416676931,114.31946092401,60.1324117846425,122.948588299103,75.5438214042847,127.87803703013
81.2214153645391,77.304195010149,42.5234664101404,77.9864158501814,81.1814760149721,124.083698179088,81.210858587177,98.1815590532601,91.4575697778359,96.3904181690611,116.971872908234,74.1141570618063,170.614032632787,113.708525295571,93.929372351874,160.025659321308,124.690981755544,84.213636017289,97.9421170164765,77.3188416676931,114.31946092401,60.1324117846425,122.948588299103,75.5438214042847,127.87803703013
81.2214153645391,77.304195010149,42.5234664101404,77.9864158501814,81.1814760149721,124.083698179088,81.2107632639295,98.1815590532601,91.4575697778359,96.3904181690611,116.971872908234,74.1141570618063,170.614032632787,113.708525295571,93.9293469613337,160.025659321308,124.690981755544,84.213636017289,97.9421133352589,77.3188416676931,114.31946092401,60.1324117846425,122.948588299103,75.5438214042847,127.87803703013
81.2214153645391,77.304195010149,42.5234664101404,77.9864158501814,81.1814760149721,124.083698179088,81.2107632639295,98.1815590532601,91.4575697778359,96.3904181690611,116.971872908234,74.1141570618063,170.614032632787,113.708476014486,93.9293469613337,160.025659321308,124.690981755544,84.213636017289,97.9421133352589,77.3188416676931,114.31946092401,60.1324117846425,122.948588299103,75.5438214042847,127.877350926449
81.2214153645391,77.304195010149,42.5234664101404,77.9864158501814,81.1814760149721,124.083698179088,81.2107632639295,98.1815590532601,91.4575697778359,96.3904181690611,116.971872908234,74.1141570618063,170.614032632787,113.708476014486,93.9293346516988,160.025659321308,124.690981755544,84.213636017289,97.9421072924026,77.3188416676931,114.31946092401,60.1324117846425,122.948583242241,75.5438214042847,127.877350926449
81.2214153645391,77.304195010149,42.5234664101404,77.9864158501814,81.1814760149721,124.083698179088,81.2107632639295,98.1815590532601,91.4575697778359,96.3904181690611,116.971872908234,74.1141570618063,170.614032632787,113.708433712728,93.9293229903342,160.025659321308,124.690981755544,84.213636017289,97.9421072924026,77.3188416676931,114.31946092401,60.1324117846425,122.948542728959,75.5438214042847,127.877350926449
81.2214153645391,77.304195010149,42.5234664101404,77.9864158501814,81.1814760149721,124.083698179088,81.2107632639295,98.1815590532601,91.4575697778359,96.3904181690611,116.971872908234,74.1141570618063,170.614032632787,113.708290581313,93.9293229903342,160.025659321308,124.690981755544,84.213636017289,97.9421072924026,77.3188416676931,114.31946092401,60.1324117846425,122.948501587009,75.5438214042847,127.877350926449
81.2214153645391,77.304195010149,42.5234664101404,77.9864158501814,81.1814760149721,124.083698179088,81.2107632639295,98.1815590532601,91.4575697778359,96.3904181690611,116.971872908234,74.1141570618063,170.614032632787,113.708290581313,93.9293229903342,160.025659321308,124.690981755544,84.213636017289,97.9421072924026,77.3188416676931,114.31946092401,60.1324117846425,122.948501587009,75.5438214042847,127.877350926449
81.2214153645391,77.304195010149,42.5234664101404,77.9864158501814,81.1814760149721,124.083698179088,81.2107100618011,98.1815590532601,91.4575697778359,96.3904181690611,116.971872908234,74.1141570618063,170.614032632787,113.70822862741,93.9293229903342,160.025659321308,124.690981755544,84.213636017289,97.9420829984419,77.3188231828833,114.31946092401,60.1324117846425,122.948468161783,75.5438214042847,127.877350926449
81.2214153645391,77.304195010149,42.5234664101404,77.9864158501814,81.1814760149721,124.083698179088,81.2107100618011,98.1815590532601,91.4575697778359,96.3904181690611,116.971872908234,74.1141570618063,170.614032632787,113.70822862741,93.9293210450833,160.025659321308,124.690981755544,84.213636017289,97.9420829984419,77.3188231828833,114.31946092401,60.1324117846425,122.948468161783,75.5438214042847,127.877350926449
81.2214153645391,77.304195010149,42.5234664101404,77.9864158501814,81.1814760149721,124.083698179088,81.2106943626254,98.1815590532601,91.4575697778359,96.3904181690611,116.971872908234,74.1141570618063,170.614032632787,113.70822862741,93.9292831191735,160.025659321308,124.690981755544,84.213636017289,97.9420486093886,77.3188231828833,114.31946092401,60.1324117846425,122.948468161783,75.5438214042847,127.877350926449
81.2214153645391,77.304195010149,42.5234664101404,77.9864158501814,81.1814760149721,124.083698179088,81.2106943626254,98.1815590532601,91.4575697778359,96.3904181690611,116.971872908234,74.1141570618063,170.614032632787,113.70822862741,93.9292717019084,160.025659321308,124.690981755544,84.213636017289,97.9420276257274,77.3188231828833,114.31946092401,60.1324117846425,122.948468161783,75.5438214042847,127.877295338008
81.2214153645391,77.304195010149,42.5234664101404,77.9864158501814,81.1814760149721,124.083698179088,81.2106943626254,98.1815590532601,91.4575697778359,96.3904181690611,116.971872908234,74.1141570618063,170.614032632787,113.7081896888,93.9292529566737,160.025659321308,124.690981755544,84.213636017289,97.9420276257274,77.3188084106901,114.31946092401,60.1324117846425,122.948468161783,75.5438214042847,127.877170782362
81.2214153645391,77.304195010149,42.5234664101404,77.9864158501814,81.1814760149721,124.083698179088,81.2106943626254,98.1815590532601,91.4575697778359,96.3904181690611,116.971872908234,74.1141570618063,170.614032632787,113.7081896888,93.9292412391312,160.025659321308,124.690981755544,84.213636017289,97.9420276257274,77.3188084106901,114.31946092401,60.1324117846425,122.948468161783,75.5438214042847,127.877170782362
81.2214153645391,77.304195010149,42.5234664101404,77.9864158501814,81.1814760149721,124.083698179088,81.2106943626254,98.1815590532601,91.4575697778359,96.3904181690611,116.971872908234,74.1141570618063,170.614032632787,113.7081896888,93.9292412391312,160.025659321308,124.690981755544,84.213636017289,97.9420276257274,77.3188084106901,114.31946092401,60.1324117846425,122.948438471555,75.5438214042847,127.877170782362
81.2214153645391,77.304195010149,42.5234664101404,77.9864158501814,81.1814760149721,124.083698179088,81.2106943626254,98.1815590532601,91.4575697778359,96.3904181690611,116.971872908234,74.1141570618063,170.614032632787,113.708134304999,93.9292412391312,160.025659321308,124.690981755544,84.213636017289,97.9420114117936,77.3188084106901,114.31946092401,60.1324117846425,122.948438471555,75.5438214042847,127.877106314189
81.2214153645391,77.304195010149,42.5234664101404,77.9864158501814,81.1814760149721,124.083698179088,81.2106943626254,98.1815590532601,91.4575697778359,96.3904181690611,116.971872908234,74.1141570618063,170.614032632787,113.70811025102,93.9292412391312,160.025659321308,124.690981755544,84.213636017289,97.9420114117936,77.3188084106901,114.31946092401,60.1324117846425,122.948438471555,75.5438214042847,127.876996775929
81.2214153645391,77.304195010149,42.5234664101404,77.9864158501814,81.1814760149721,124.083698179088,81.2106943626254,98.1815590532601,91.4575697778359,96.3904181690611,116.971872908234,74.1141570618063,170.614032632787,113.70811025102,93.9292412391312,160.025659321308,124.690981755544,84.213636017289,97.9420114117936,77.3188084106901,114.31946092401,60.1324117846425,122.948438471555,75.5438214042847,127.876903900077
81.2214153645391,77.304195010149,42.5234664101404,77.9864158501814,81.1814760149721,124.083698179088,81.2106943626254,98.1815590532601,91.4575697778359,96.3904181690611,116.971872908234,74.1141570618063,170.614032632787,113.70811025102,93.929215129102,160.025659321308,124.690981755544,84.213636017289,97.9420114117936,77.3188084106901,114.31946092401,60.1324117846425,122.948429539419,75.5438214042847,127.876903900077
81.2214153645391,77.304195010149,42.5234664101404,77.9864158501814,81.1814760149721,124.083698179088,81.2106943626254,98.1815590532601,91.4575697778359,96.3904181690611,116.971872908234,74.1141570618063,170.614032632787,113.70811025102,93.929215129102,160.025659321308,124.690981755544,84.213636017289,97.9419957843627,77.3188084106901,114.31946092401,60.1324117846425,122.94842869354,75.5438214042847,127.876903900077
81.2214153645391,77.304195010149,42.5234664101404,77.9864158501814,81.1814760149721,124.083698179088,81.2106943626254,98.1815590532601,91.4575697778359,96.3904181690611,116.971872908234,74.1141570618063,170.614032632787,113.70811025102,93.929215129102,160.025659321308,124.690981755544,84.213636017289,97.9419957843627,77.3188084106901,114.31946092401,60.1324117846425,122.948408721713,75.5438214042847,127.876745956291
81.2214153645391,77.304195010149,42.5234664101404,77.9864158501814,81.1814760149721,124.083698179088,81.2106943626254,98.1815590532601,91.4575697778359,96.3904181690611,116.971872908234,74.1141570618063,170.614032632787,113.70811025102,93.929215129102,160.025659321308,124.690981755544,84.213636017289,97.9419957843627,77.3188084106901,114.31946092401,60.1324117846425,122.948408721713,75.5438214042847,127.876745956291
81.2214153645391,77.304195010149,42.5234664101404,77.9864158501814,81.1814760149721,124.083698179088,81.2106943626254,98.1815590532601,91.4575697778359,96.3904181690611,116.971872908234,74.1141570618063,170.614032632787,113.70811025102,93.9292126810883,160.025659321308,124.690981755544,84.213636017289,97.9419957843627,77.3188084106901,114.31946092401,60.1324117846425,122.948408721713,75.5438214042847,127.876745956291
81.2214153645391,77.304195010149,42.5234664101404,77.9864158501814,81.1814760149721,124.083698179088,81.2106943626254,98.1815590532601,91.4575697778359,96.3904181690611,116.971872908234,74.1141570618063,170.614032632787,113.70811025102,93.9292126810883,160.025659321308,124.690981755544,84.213636017289,97.9419635395043,77.3188084106901,114.31946092401,60.1324117846425,122.948407995714,75.5438214042847,127.876641652314
81.2214153645391,77.304195010149,42.5234664101404,77.9864158501814,81.1814760149721,124.083698179088,81.2106943626254,98.1815590532601,91.4575697778359,96.3904181690611,116.971872908234,74.1141570618063,170.614032632787,113.70811025102,93.9292025748846,160.025659321308,124.690981755544,84.213636017289,97.9419635395043,77.3188084106901,114.31946092401,60.1324117846425,122.948407995714,75.5438214042847,127.876641652314
81.2214153645391,77.304195010149,42.5234664101404,77.9864158501814,81.1814760149721,124.083698179088,81.2106943626254,98.1815590532601,91.4575697778359,96.3904181690611,116.971872908234,74.1141570618063,170.614032632787,113.70811025102,93.929200478899,160.025659321308,124.690981755544,84.213636017289,97.9419635395043,77.3188084106901,114.31946092401,60.1324117846425,122.948403767093,75.5438214042847,127.876604253903
81.2214153645391,77.304195010149,42.5234664101404,77.9864158501814,81.1814760149721,124.083698179088,81.2106943626254,98.1815590532601,91.4575697778359,96.3904181690611,116.971872908234,74.1141570618063,170.614032632787,113.70811025102,93.9291988708142,160.025659321308,124.690981755544,84.213636017289,97.9419635395043,77.3188084106901,114.31946092401,60.1324117846425,122.948400121501,75.5438214042847,127.87656535016
81.2214153645391,77.304195010149,42.5234664101404,77.9864158501814,81.1814760149721,124.083698179088,81.2106943626254,98.1815590532601,91.4575697778359,96.3904181690611,116.971872908234,74.1141570618063,170.614032632787,113.70811025102,93.9291948753119,160.025659321308,124.690981755544,84.213636017289,97.9419635395043,77.3188084106901,114.31946092401,60.1324117846425,122.948400121501,75.5438214042847,127.87656535016
81.2214153645391,77.304195010149,42.5234664101404,77.9864158501814,81.1814760149721,124.083698179088,81.2106943626254,98.1815590532601,91.4575697778359,96.3904181690611,116.971872908234,74.1141570618063,170.614032632787,113.70811025102,93.9291872646972,160.025659321308,124.690981755544,84.213636017289,97.9419635395043,77.3188084106901,114.31946092401,60.1324117846425,122.948400121501,75.5438214042847,127.87640706817
81.2214153645391,77.304195010149,42.5234664101404,77.9864158501814,81.1814760149721,124.083698179088,81.2106943626254,98.1815590532601,91.4575697778359,96.3904181690611,116.971872908234,74.1141570618063,170.614032632787,113.70811025102,93.9291851595453,160.025659321308,124.690981755544,84.213636017289,97.9419635395043,77.3188084106901,114.31946092401,60.1324117846425,122.948387539651,75.5438214042847,127.87640706817
81.2214153645391,77.304195010149,42.5234664101404,77.9864158501814,81.1814760149721,124.083698179088,81.2106943626254,98.1815590532601,91.4575697778359,96.3904181690611,116.971872908234,74.1141570618063,170.614032632787,113.70811025102,93.9291851595453,160.025659321308,124.690981755544,84.213636017289,97.9419635395043,77.3188084106901,114.31946092401,60.1324117846425,122.948387539651,75.5438214042847,127.87640706817
81.2214153645391,77.304195010149,42.5234664101404,77.9864158501814,81.1814760149721,124.083698179088,81.2106943626254,98.1815590532601,91.4575697778359,96.3904181690611,116.971872908234,74.1141570618063,170.614032632787,113.70811025102,93.9291851595453,160.025659321308,124.690981755544,84.213636017289,97.9419635395043,77.3188084106901,114.31946092401,60.1324117846425,122.948387539651,75.5438214042847,127.87640706817
81.2214153645391,77.304195010149,42.5234664101404,77.9864158501814,81.1814760149721,124.083698179088,81.2106943626254,98.1815590532601,91.4575697778359,96.3904181690611,116.971872908234,74.1141570618063,170.614032632787,113.70811025102,93.9291836665006,160.025659321308,124.690981755544,84.213636017289,97.9419635395043,77.3188084106901,114.31946092401,60.1324117846425,122.948387373184,75.5438214042847,127.87640706817
81.2214153645391,77.304195010149,42.5234664101404,77.9864158501814,81.1814760149721,124.083698179088,81.2106943626254,98.1815590532601,91.4575697778359,96.3904181690611,116.971872908234,74.1141570618063,170.614032632787,113.70811025102,93.9291836665006,160.025659321308,124.690981755544,84.213636017289,97.9419635395043,77.3188084106901,114.31946092401,60.1324117846425,122.948374254656,75.5438214042847,127.87640706817
81.2214153645391,77.304195010149,42.5234664101404,77.9864158501814,81.1814760149721,124.083698179088,81.2106943626254,98.1815590532601,91.4575697778359,96.3904181690611,116.971872908234,74.1141570618063,170.614032632787,113.70811025102,93.9291824808217,160.025659321308,124.690981755544,84.213636017289,97.9419635395043,77.3188084106901,114.31946092401,60.1324117846425,122.948374254656,75.5438214042847,127.87640706817
81.2214153645391,77.304195010149,42.5234664101404,77.9864158501814,81.1814760149721,124.083698179088,81.2106943626254,98.1815590532601,91.4575697778359,96.3904181690611,116.971872908234,74.1141570618063,170.614032632787,113.70811025102,93.9291824808217,160.025659321308,124.690981755544,84.213636017289,97.9419635395043,77.3188084106901,114.31946092401,60.1324117846425,122.948373368913,75.5438214042847,127.87640706817
81.2214153645391,77.304195010149,42.5234664101404,77.9864158501814,81.1814760149721,124.083698179088,81.2106943626254,98.1815590532601,91.4575697778359,96.3904181690611,116.971872908234,74.1141570618063,170.614032632787,113.70811025102,93.9291796965799,160.025659321308,124.690981755544,84.213636017289,97.9419635395043,77.3188084106901,114.31946092401,60.1324117846425,122.948373368913,75.5438214042847,127.87640706817
81.2214153645391,77.304195010149,42.5234664101404,77.9864158501814,81.1814760149721,124.083698179088,81.2106943626254,98.1815590532601,91.4575697778359,96.3904181690611,116.971872908234,74.1141570618063,170.614032632787,113.70811025102,93.9291778382822,160.025659321308,124.690981755544,84.213636017289,97.9419635395043,77.3188084106901,114.31946092401,60.1324117846425,122.948367295666,75.5438214042847,127.87640706817
81.2214153645391,77.304195010149,42.5234664101404,77.9864158501814,81.1814760149721,124.083698179088,81.2106943626254,98.1815590532601,91.4575697778359,96.3904181690611,116.971872908234,74.1141570618063,170.614032632787,113.70811025102,93.9291734193259,160.025659321308,124.690981755544,84.213636017289,97.9419635395043,77.3188084106901,114.31946092401,60.1324117846425,122.948367295666,75.5438214042847,127.87640706817
81.2214153645391,77.304195010149,42.5234664101404,77.9864158501814,81.1814760149721,124.083698179088,81.2106943626254,98.1815590532601,91.4575697778359,96.3904181690611,116.971872908234,74.1141570618063,170.614032632787,113.70811025102,93.9291734193259,160.025659321308,124.690981755544,84.213636017289,97.9419635395043,77.3188084106901,114.31946092401,60.1324117846425,122.948364911473,75.5438214042847,127.87640706817
81.2214153645391,77.304195010149,42.5234664101404,77.9864158501814,81.1814760149721,124.083698179088,81.2106943626254,98.1815590532601,91.4575697778359,96.3904181690611,116.971872908234,74.1141570618063,170.614032632787,113.70811025102,93.9291726339777,160.025659321308,124.690981755544,84.213636017289,97.9419635395043,77.3188084106901,114.31946092401,60.1324117846425,122.948359212988,75.5438214042847,127.87640706817
81.2214153645391,77.304195010149,42.5234664101404,77.9864158501814,81.1814760149721,124.083698179088,81.2106943626254,98.1815590532601,91.4575697778359,96.3904181690611,116.971872908234,74.1141570618063,170.614032632787,113.70811025102,93.9291709579536,160.025659321308,124.690981755544,84.213636017289,97.9419635395043,77.3188084106901,114.31946092401,60.1324117846425,122.948359212988,75.5438214042847,127.87640706817
81.2214153645391,77.304195010149,42.5234664101404,77.9864158501814,81.1814760149721,124.083698179088,81.2106943626254,98.1815590532601,91.4575697778359,96.3904181690611,116.971872908234,74.1141570618063,170.614032632787,113.70811025102,93.9291592709269,160.025659321308,124.690981755544,84.213636017289,97.9419635395043,77.3188084106901,114.31946092401,60.1324117846425,122.948359212988,75.5438214042847,127.87640706817
81.2214153645391,77.304195010149,42.5234664101404,77.9864158501814,81.1814760149721,124.083698179088,81.2106943626254,98.1815590532601,91.4575697778359,96.3904181690611,116.971872908234,74.1141570618063,170.614032632787,113.70811025102,93.929155531685,160.025659321308,124.690981755544,84.213636017289,97.9419635395043,77.3188084106901,114.31946092401,60.1324117846425,122.948359212988,75.5438214042847,127.87640706817
81.2214153645391,77.304195010149,42.5234664101404,77.9864158501814,81.1814760149721,124.083698179088,81.2106943626254,98.1815590532601,91.4575697778359,96.3904181690611,116.971872908234,74.1141570618063,170.614032632787,113.70811025102,93.929155531685,160.025659321308,124.690981755544,84.213636017289,97.9419635395043,77.3188084106901,114.31946092401,60.1324117846425,122.948359212988,75.5438214042847,127.87640706817
81.2214153645391,77.304195010149,42.5234664101404,77.9864158501814,81.1814760149721,124.083698179088,81.2106943626254,98.1815590532601,91.4575697778359,96.3904181690611,116.971872908234,74.1141570618063,170.614032632787,113.70811025102,93.9291519745898,160.025659321308,124.690981755544,84.213636017289,97.9419635395043,77.3188084106901,114.31946092401,60.1324117846425,122.948359212988,75.5438214042847,127.87640706817
81.2214153645391,77.304195010149,42.5234664101404,77.9864158501814,81.1814760149721,124.083698179088,81.2106943626254,98.1815590532601,91.4575697778359,96.3904181690611,116.971872908234,74.1141570618063,170.614032632787,113.70811025102,93.9291519745898,160.025659321308,124.690981755544,84.213636017289,97.9419635395043,77.3188084106901,114.31946092401,60.1324117846425,122.948359212988,75.5438214042847,127.87640706817
81.2214153645391,77.304195010149,42.5234664101404,77.9864158501814,81.1814760149721,124.083698179088,81.2106943626254,98.1815590532601,91.4575697778359,96.3904181690611,116.971872908234,74.1141570618063,170.614032632787,113.70811025102,93.9291512001942,160.025659321308,124.690981755544,84.213636017289,97.9419635395043,77.3188084106901,114.31946092401,60.1324117846425,122.948359212988,75.5438214042847,127.87640706817
81.2214153645391,77.304195010149,42.5234664101404,77.9864158501814,81.1814760149721,124.083698179088,81.2106943626254,98.1815590532601,91.4575697778359,96.3904181690611,116.971872908234,74.1141570618063,170.614032632787,113.70811025102,93.9291483710754,160.025659321308,124.690981755544,84.213636017289,97.9419635395043,77.3188084106901,114.31946092401,60.1324117846425,122.948359212988,75.5438214042847,127.87640706817
81.2214153645391,77.304195010149,42.5234664101404,77.9864158501814,81.1814760149721,124.083698179088,81.2106943626254,98.1815590532601,91.4575697778359,96.3904181690611,116.971872908234,74.1141570618063,170.614032632787,113.70811025102,93.9291483710754,160.025659321308,124.690981755544,84.213636017289,97.9419635395043,77.3188084106901,114.31946092401,60.1324117846425,122.948354535499,75.5438214042847,127.87640706817
81.2214153645391,77.304195010149,42.5234664101404,77.9864158501814,81.1814760149721,124.083698179088,81.2106943626254,98.1815590532601,91.4575697778359,96.3904181690611,116.971872908234,74.1141570618063,170.614032632787,113.70811025102,93.9291483710754,160.025659321308,124.690981755544,84.213636017289,97.9419635395043,77.3188084106901,114.31946092401,60.1324117846425,122.948354535499,75.5438214042847,127.87640706817
81.2214153645391,77.304195010149,42.5234664101404,77.9864158501814,81.1814760149721,124.083698179088,81.2106943626254,98.1815590532601,91.4575697778359,96.3904181690611,116.971872908234,74.1141570618063,170.614032632787,113.70811025102,93.9291483710754,160.025659321308,124.690981755544,84.213636017289,97.9419635395043,77.3188084106901,114.31946092401,60.1324117846425,122.948354535499,75.5438214042847,127.87640706817
81.2214153645391,77.304195010149,42.5234664101404,77.9864158501814,81.1814760149721,124.083698179088,81.2106943626254,98.1815590532601,91.4575697778359,96.3904181690611,116.971872908234,74.1141570618063,170.614032632787,113.70811025102,93.9291483710754,160.025659321308,124.690981755544,84.213636017289,97.9419635395043,77.3188084106901,114.31946092401,60.1324117846425,122.948354535499,75.5438214042847,127.87640706817
81.2214153645391,77.304195010149,42.5234664101404,77.9864158501814,81.1814760149721,124.083698179088,81.2106943626254,98.1815590532601,91.4575697778359,96.3904181690611,116.971872908234,74.1141570618063,170.614032632787,113.70811025102,93.9291483710754,160.025659321308,124.690981755544,84.213636017289,97.9419635395043,77.3188084106901,114.31946092401,60.1324117846425,122.948354535499,75.5438214042847,127.87640706817
81.2214153645391,77.304195010149,42.5234664101404,77.9864158501814,81.1814760149721,124.083698179088,81.2106943626254,98.1815590532601,91.4575697778359,96.3904181690611,116.971872908234,74.1141570618063,170.614032632787,113.70811025102,93.9291483710754,160.025659321308,124.690981755544,84.213636017289,97.9419635395043,77.3188084106901,114.31946092401,60.1324117846425,122.948352637321,75.5438214042847,127.87640706817
81.2214153645391,77.304195010149,42.5234664101404,77.9864158501814,81.1814760149721,124.083698179088,81.2106943626254,98.1815590532601,91.4575697778359,96.3904181690611,116.971872908234,74.1141570618063,170.614032632787,113.70811025102,93.9291483710754,160.025659321308,124.690981755544,84.213636017289,97.9419635395043,77.3188084106901,114.31946092401,60.1324117846425,122.948352637321,75.5438214042847,127.87640706817
81.2214153645391,77.304195010149,42.5234664101404,77.9864158501814,81.1814760149721,124.083698179088,81.2106943626254,98.1815590532601,91.4575697778359,96.3904181690611,116.971872908234,74.1141570618063,170.614032632787,113.70811025102,93.9291483710754,160.025659321308,124.690981755544,84.213636017289,97.9419635395043,77.3188084106901,114.31946092401,60.1324117846425,122.948352458414,75.5438214042847,127.87640706817
81.2214153645391,77.304195010149,42.5234664101404,77.9864158501814,81.1814760149721,124.083698179088,81.2106943626254,98.1815590532601,91.4575697778359,96.3904181690611,116.971872908234,74.1141570618063,170.614032632787,113.70811025102,93.9291483710754,160.025659321308,124.690981755544,84.213636017289,97.9419635395043,77.3188084106901,114.31946092401,60.1324117846425,122.948352236395,75.5438214042847,127.87640706817
81.2214153645391,77.304195010149,42.5234664101404,77.9864158501814,81.1814760149721,124.083698179088,81.2106943626254,98.1815590532601,91.4575697778359,96.3904181690611,116.971872908234,74.1141570618063,170.614032632787,113.70811025102,93.9291483710754,160.025659321308,124.690981755544,84.213636017289,97.9419635395043,77.3188084106901,114.31946092401,60.1324117846425,122.948351273796,75.5438214042847,127.87640706817
81.2214153645391,77.304195010149,42.5234664101404,77.9864158501814,81.1814760149721,124.083698179088,81.2106943626254,98.1815590532601,91.4575697778359,96.3904181690611,116.971872908234,74.1141570618063,170.614032632787,113.70811025102,93.9291483710754,160.025659321308,124.690981755544,84.213636017289,97.9419635395043,77.3188084106901,114.31946092401,60.1324117846425,122.948350643223,75.5438214042847,127.87640706817
81.2214153645391,77.304195010149,42.5234664101404,77.9864158501814,81.1814760149721,124.083698179088,81.2106943626254,98.1815590532601,91.4575697778359,96.3904181690611,116.971872908234,74.1141570618063,170.614032632787,113.70811025102,93.9291483710754,160.025659321308,124.690981755544,84.213636017289,97.9419635395043,77.3188084106901,114.31946092401,60.1324117846425,122.948350643223,75.5438214042847,127.87640706817
81.2214153645391,77.304195010149,42.5234664101404,77.9864158501814,81.1814760149721,124.083698179088,81.2106943626254,98.1815590532601,91.4575697778359,96.3904181690611,116.971872908234,74.1141570618063,170.614032632787,113.70811025102,93.9291483710754,160.025659321308,124.690981755544,84.213636017289,97.9419635395043,77.3188084106901,114.31946092401,60.1324117846425,122.948350643223,75.5438214042847,127.87640706817
81.2214153645391,77.304195010149,42.5234664101404,77.9864158501814,81.1814760149721,124.083698179088,81.2106943626254,98.1815590532601,91.4575697778359,96.3904181690611,116.971872908234,74.1141570618063,170.614032632787,113.70811025102,93.9291483710754,160.025659321308,124.690981755544,84.213636017289,97.9419635395043,77.3188084106901,114.31946092401,60.1324117846425,122.948350643223,75.5438214042847,127.87640706817
81.2214153645391,77.304195010149,42.5234664101404,77.9864158501814,81.1814760149721,124.083698179088,81.2106943626254,98.1815590532601,91.4575697778359,96.3904181690611,116.971872908234,74.1141570618063,170.614032632787,113.70811025102,93.9291483710754,160.025659321308,124.690981755544,84.213636017289,97.9419635395043,77.3188084106901,114.31946092401,60.1324117846425,122.948350643223,75.5438214042847,127.87640706817
81.2214153645391,77.304195010149,42.5234664101404,77.9864158501814,81.1814760149721,124.083698179088,81.2106943626254,98.1815590532601,91.4575697778359,96.3904181690611,116.971872908234,74.1141570618063,170.614032632787,113.70811025102,93.9291483710754,160.025659321308,124.690981755544,84.213636017289,97.9419635395043,77.3188084106901,114.31946092401,60.1324117846425,122.948350643223,75.5438214042847,127.87640706817
81.2214153645391,77.304195010149,42.5234664101404,77.9864158501814,81.1814760149721,124.083698179088,81.2106943626254,98.1815590532601,91.4575697778359,96.3904181690611,116.971872908234,74.1141570618063,170.614032632787,113.70811025102,93.9291483710754,160.025659321308,124.690981755544,84.213636017289,97.9419635395043,77.3188084106901,114.31946092401,60.1324117846425,122.948350643223,75.5438214042847,127.87640706817
81.2214153645391,77.304195010149,42.5234664101404,77.9864158501814,81.1814760149721,124.083698179088,81.2106943626254,98.1815590532601,91.4575697778359,96.3904181690611,116.971872908234,74.1141570618063,170.614032632787,113.70811025102,93.9291483710754,160.025659321308,124.690981755544,84.213636017289,97.9419635395043,77.3188084106901,114.31946092401,60.1324117846425,122.948350643223,75.5438214042847,127.87640706817
81.2214153645391,77.304195010149,42.5234664101404,77.9864158501814,81.1814760149721,124.083698179088,81.2106943626254,98.1815590532601,91.4575697778359,96.3904181690611,116.971872908234,74.1141570618063,170.614032632787,113.70811025102,93.9291483710754,160.025659321308,124.690981755544,84.213636017289,97.9419635395043,77.3188084106901,114.31946092401,60.1324117846425,122.948350643223,75.5438214042847,127.87640706817
81.2214153645391,77.304195010149,42.5234664101404,77.9864158501814,81.1814760149721,124.083698179088,81.2106943626254,98.1815590532601,91.4575697778359,96.3904181690611,116.971872908234,74.1141570618063,170.614032632787,113.70811025102,93.9291483710754,160.025659321308,124.690981755544,84.213636017289,97.9419635395043,77.3188084106901,114.31946092401,60.1324117846425,122.948350643223,75.5438214042847,127.87640706817
81.2214153645391,77.304195010149,42.5234664101404,77.9864158501814,81.1814760149721,124.083698179088,81.2106943626254,98.1815590532601,91.4575697778359,96.3904181690611,116.971872908234,74.1141570618063,170.614032632787,113.70811025102,93.9291483710754,160.025659321308,124.690981755544,84.213636017289,97.9419635395043,77.3188084106901,114.31946092401,60.1324117846425,122.948350643223,75.5438214042847,127.87640706817
81.2214153645391,77.304195010149,42.5234664101404,77.9864158501814,81.1814760149721,124.083698179088,81.2106943626254,98.1815590532601,91.4575697778359,96.3904181690611,116.971872908234,74.1141570618063,170.614032632787,113.70811025102,93.9291483710754,160.025659321308,124.690981755544,84.213636017289,97.9419635395043,77.3188084106901,114.31946092401,60.1324117846425,122.948350643223,75.5438214042847,127.87640706817
81.2214153645391,77.304195010149,42.5234664101404,77.9864158501814,81.1814760149721,124.083698179088,81.2106943626254,98.1815590532601,91.4575697778359,96.3904181690611,116.971872908234,74.1141570618063,170.614032632787,113.70811025102,93.9291483710754,160.025659321308,124.690981755544,84.213636017289,97.9419635395043,77.3188084106901,114.31946092401,60.1324117846425,122.948350643223,75.5438214042847,127.87640706817
81.2214153645391,77.304195010149,42.5234664101404,77.9864158501814,81.1814760149721,124.083698179088,81.2106943626254,98.1815590532601,91.4575697778359,96.3904181690611,116.971872908234,74.1141570618063,170.614032632787,113.70811025102,93.9291483710754,160.025659321308,124.690981755544,84.213636017289,97.9419635395043,77.3188084106901,114.31946092401,60.1324117846425,122.948350643223,75.5438214042847,127.87640706817
81.2214153645391,77.304195010149,42.5234664101404,77.9864158501814,81.1814760149721,124.083698179088,81.2106943626254,98.1815590532601,91.4575697778359,96.3904181690611,116.971872908234,74.1141570618063,170.614032632787,113.70811025102,93.9291483710754,160.025659321308,124.690981755544,84.213636017289,97.9419635395043,77.3188084106901,114.31946092401,60.1324117846425,122.948350643223,75.5438214042847,127.87640706817
81.2214153645391,77.304195010149,42.5234664101404,77.9864158501814,81.1814760149721,124.083698179088,81.2106943626254,98.1815590532601,91.4575697778359,96.3904181690611,116.971872908234,74.1141570618063,170.614032632787,113.70811025102,93.9291483710754,160.025659321308,124.690981755544,84.213636017289,97.9419635395043,77.3188084106901,114.31946092401,60.1324117846425,122.948350643223,75.5438214042847,127.87640706817
81.2214153645391,77.304195010149,42.5234664101404,77.9864158501814,81.1814760149721,124.083698179088,81.2106943626254,98.1815590532601,91.4575697778359,96.3904181690611,116.971872908234,74.1141570618063,170.614032632787,113.70811025102,93.9291483710754,160.025659321308,124.690981755544,84.213636017289,97.9419635395043,77.3188084106901,114.31946092401,60.1324117846425,122.948350643223,75.5438214042847,127.87640706817
81.2214153645391,77.304195010149,42.5234664101404,77.9864158501814,81.1814760149721,124.083698179088,81.2106943626254,98.1815590532601,91.4575697778359,96.3904181690611,116.971872908234,74.1141570618063,170.614032632787,113.70811025102,93.9291483710754,160.025659321308,124.690981755544,84.213636017289,97.9419635395043,77.3188084106901,114.31946092401,60.1324117846425,122.948350643223,75.5438214042847,127.87640706817
81.2214153645391,77.304195010149,42.5234664101404,77.9864158501814,81.1814760149721,124.083698179088,81.2106943626254,98.1815590532601,91.4575697778359,96.3904181690611,116.971872908234,74.1141570618063,170.614032632787,113.70811025102,93.9291483710754,160.025659321308,124.690981755544,84.213636017289,97.9419635395043,77.3188084106901,114.31946092401,60.1324117846425,122.948350643223,75.5438214042847,127.87640706817
81.2214153645391,77.304195010149,42.5234664101404,77.9864158501814,81.1814760149721,124.083698179088,81.2106943626254,98.1815590532601,91.4575697778359,96.3904181690611,116.971872908234,74.1141570618063,170.614032632787,113.70811025102,93.9291483710754,160.025659321308,124.690981755544,84.213636017289,97.9419635395043,77.3188084106901,114.31946092401,60.1324117846425,122.948350643223,75.5438214042847,127.87640706817
81.2214153645391,77.304195010149,42.5234664101404,77.9864158501814,81.1814760149721,124.083698179088,81.2106943626254,98.1815590532601,91.4575697778359,96.3904181690611,116.971872908234,74.1141570618063,170.614032632787,113.70811025102,93.9291483710754,160.025659321308,124.690981755544,84.213636017289,97.9419635395043,77.3188084106901,114.31946092401,60.1324117846425,122.948350643223,75.5438214042847,127.87640706817
81.2214153645391,77.304195010149,42.5234664101404,77.9864158501814,81.1814760149721,124.083698179088,81.2106943626254,98.1815590532601,91.4575697778359,96.3904181690611,116.971872908234,74.1141570618063,170.614032632787,113.70811025102,93.9291483710754,160.025659321308,124.690981755544,84.213636017289,97.9419635395043,77.3188084106901,114.31946092401,60.1324117846425,122.948350643223,75.5438214042847,127.87640706817
81.2214153645391,77.304195010149,42.5234664101404,77.9864158501814,81.1814760149721,124.083698179088,81.2106943626254,98.1815590532601,91.4575697778359,96.3904181690611,116.971872908234,74.1141570618063,170.614032632787,113.70811025102,93.9291483710754,160.025659321308,124.690981755544,84.213636017289,97.9419635395043,77.3188084106901,114.31946092401,60.1324117846425,122.948350643223,75.5438214042847,127.87640706817
81.2214153645391,77.304195010149,42.5234664101404,77.9864158501814,81.1814760149721,124.083698179088,81.2106943626254,98.1815590532601,91.4575697778359,96.3904181690611,116.971872908234,74.1141570618063,170.614032632787,113.70811025102,93.9291483710754,160.025659321308,124.690981755544,84.213636017289,97.9419635395043,77.3188084106901,114.31946092401,60.1324117846425,122.948350643223,75.5438214042847,127.87640706817
81.2214153645391,77.304195010149,42.5234664101404,77.9864158501814,81.1814760149721,124.083698179088,81.2106943626254,98.1815590532601,91.4575697778359,96.3904181690611,116.971872908234,74.1141570618063,170.614032632787,113.70811025102,93.9291483710754,160.025659321308,124.690981755544,84.213636017289,97.9419635395043,77.3188084106901,114.31946092401,60.1324117846425,122.948350643223,75.5438214042847,127.87640706817
81.2214153645391,77.304195010149,42.5234664101404,77.9864158501814,81.1814760149721,124.083698179088,81.2106943626254,98.1815590532601,91.4575697778359,96.3904181690611,116.971872908234,74.1141570618063,170.614032632787,113.70811025102,93.9291483710754,160.025659321308,124.690981755544,84.213636017289,97.9419635395043,77.3188084106901,114.31946092401,60.1324117846425,122.948350643223,75.5438214042847,127.87640706817
81.2214153645391,77.304195010149,42.5234664101404,77.9864158501814,81.1814760149721,124.083698179088,81.2106943626254,98.1815590532601,91.4575697778359,96.3904181690611,116.971872908234,74.1141570618063,170.614032632787,113.70811025102,93.9291483710754,160.025659321308,124.690981755544,84.213636017289,97.9419635395043,77.3188084106901,114.31946092401,60.1324117846425,122.948350643223,75.5438214042847,127.87640706817
81.2214153645391,77.304195010149,42.5234664101404,77.9864158501814,81.1814760149721,124.083698179088,81.2106943626254,98.1815590532601,91.4575697778359,96.3904181690611,116.971872908234,74.1141570618063,170.614032632787,113.70811025102,93.9291483710754,160.025659321308,124.690981755544,84.213636017289,97.9419635395043,77.3188084106901,114.31946092401,60.1324117846425,122.948350643223,75.5438214042847,127.87640706817
81.2214153645391,77.304195010149,42.5234664101404,77.9864158501814,81.1814760149721,124.083698179088,81.2106943626254,98.1815590532601,91.4575697778359,96.3904181690611,116.971872908234,74.1141570618063,170.614032632787,113.70811025102,93.9291483710754,160.025659321308,124.690981755544,84.213636017289,97.9419635395043,77.3188084106901,114.31946092401,60.1324117846425,122.948350643223,75.5438214042847,127.87640706817
81.2214153645391,77.304195010149,42.5234664101404,77.9864158501814,81.1814760149721,124.083698179088,81.2106943626254,98.1815590532601,91.4575697778359,96.3904181690611,116.971872908234,74.1141570618063,170.614032632787,113.70811025102,93.9291483710754,160.025659321308,124.690981755544,84.213636017289,97.9419635395043,77.3188084106901,114.31946092401,60.1324117846425,122.948350643223,75.5438214042847,127.87640706817
81.2214153645391,77.304195010149,42.5234664101404,77.9864158501814,81.1814760149721,124.083698179088,81.2106943626254,98.1815590532601,91.4575697778359,96.3904181690611,116.971872908234,74.1141570618063,170.614032632787,113.70811025102,93.9291483710754,160.025659321308,124.690981755544,84.213636017289,97.9419635395043,77.3188084106901,114.31946092401,60.1324117846425,122.948350643223,75.5438214042847,127.87640706817
81.2214153645391,77.304195010149,42.5234664101404,77.9864158501814,81.1814760149721,124.083698179088,81.2106943626254,98.1815590532601,91.4575697778359,96.3904181690611,116.971872908234,74.1141570618063,170.614032632787,113.70811025102,93.9291483710754,160.025659321308,124.690981755544,84.213636017289,97.9419635395043,77.3188084106901,114.31946092401,60.1324117846425,122.948350643223,75.5438214042847,127.87640706817
81.2214153645391,77.304195010149,42.5234664101404,77.9864158501814,81.1814760149721,124.083698179088,81.2106943626254,98.1815590532601,91.4575697778359,96.3904181690611,116.971872908234,74.1141570618063,170.614032632787,113.70811025102,93.9291483710754,160.025659321308,124.690981755544,84.213636017289,97.9419635395043,77.3188084106901,114.31946092401,60.1324117846425,122.948350643223,75.5438214042847,127.87640706817
81.2214153645391,77.304195010149,42.5234664101404,77.9864158501814,81.1814760149721,124.083698179088,81.2106943626254,98.1815590532601,91.4575697778359,96.3904181690611,116.971872908234,74.1141570618063,170.614032632787,113.70811025102,93.9291483710754,160.025659321308,124.690981755544,84.213636017289,97.9419635395043,77.3188084106901,114.31946092401,60.1324117846425,122.948350643223,75.5438214042847,127.87640706817
81.2214153645391,77.304195010149,42.5234664101404,77.9864158501814,81.1814760149721,124.083698179088,81.2106943626254,98.1815590532601,91.4575697778359,96.3904181690611,116.971872908234,74.1141570618063,170.614032632787,113.70811025102,93.9291483710754,160.025659321308,124.690981755544,84.213636017289,97.9419635395043,77.3188084106901,114.31946092401,60.1324117846425,122.948350643223,75.5438214042847,127.87640706817
81.2214153645391,77.304195010149,42.5234664101404,77.9864158501814,81.1814760149721,124.083698179088,81.2106943626254,98.1815590532601,91.4575697778359,96.3904181690611,116.971872908234,74.1141570618063,170.614032632787,113.70811025102,93.9291483710754,160.025659321308,124.690981755544,84.213636017289,97.9419635395043,77.3188084106901,114.31946092401,60.1324117846425,122.948350643223,75.5438214042847,127.87640706817
81.2214153645391,77.304195010149,42.5234664101404,77.9864158501814,81.1814760149721,124.083698179088,81.2106943626254,98.1815590532601,91.4575697778359,96.3904181690611,116.971872908234,74.1141570618063,170.614032632787,113.70811025102,93.9291483710754,160.025659321308,124.690981755544,84.213636017289,97.9419635395043,77.3188084106901,114.31946092401,60.1324117846425,122.948350643223,75.5438214042847,127.87640706817
81.2214153645391,77.304195010149,42.5234664101404,77.9864158501814,81.1814760149721,124.083698179088,81.2106943626254,98.1815590532601,91.4575697778359,96.3904181690611,116.971872908234,74.1141570618063,170.614032632787,113.70811025102,93.9291483710754,160.025659321308,124.690981755544,84.213636017289,97.9419635395043,77.3188084106901,114.31946092401,60.1324117846425,122.948350643223,75.5438214042847,127.87640706817
81.2214153645391,77.304195010149,42.5234664101404,77.9864158501814,81.1814760149721,124.083698179088,81.2106943626254,98.1815590532601,91.4575697778359,96.3904181690611,116.971872908234,74.1141570618063,170.614032632787,113.70811025102,93.9291483710754,160.025659321308,124.690981755544,84.213636017289,97.9419635395043,77.3188084106901,114.31946092401,60.1324117846425,122.948350643223,75.5438214042847,127.87640706817
81.2214153645391,77.304195010149,42.5234664101404,77.9864158501814,81.1814760149721,124.083698179088,81.2106943626254,98.1815590532601,91.4575697778359,96.3904181690611,116.971872908234,74.1141570618063,170.614032632787,113.70811025102,93.9291483710754,160.025659321308,124.690981755544,84.213636017289,97.9419635395043,77.3188084106901,114.31946092401,60.1324117846425,122.948350643223,75.5438214042847,127.87640706817
81.2214153645391,77.304195010149,42.5234664101404,77.9864158501814,81.1814760149721,124.083698179088,81.2106943626254,98.1815590532601,91.4575697778359,96.3904181690611,116.971872908234,74.1141570618063,170.614032632787,113.70811025102,93.9291483710754,160.025659321308,124.690981755544,84.213636017289,97.9419635395043,77.3188084106901,114.31946092401,60.1324117846425,122.948350643223,75.5438214042847,127.87640706817
81.2214153645391,77.304195010149,42.5234664101404,77.9864158501814,81.1814760149721,124.083698179088,81.2106943626254,98.1815590532601,91.4575697778359,96.3904181690611,116.971872908234,74.1141570618063,170.614032632787,113.70811025102,93.9291483710754,160.025659321308,124.690981755544,84.213636017289,97.9419635395043,77.3188084106901,114.31946092401,60.1324117846425,122.948350643223,75.5438214042847,127.87640706817
81.2214153645391,77.304195010149,42.5234664101404,77.9864158501814,81.1814760149721,124.083698179088,81.2106943626254,98.1815590532601,91.4575697778359,96.3904181690611,116.971872908234,74.1141570618063,170.614032632787,113.70811025102,93.9291483710754,160.025659321308,124.690981755544,84.213636017289,97.9419635395043,77.3188084106901,114.31946092401,60.1324117846425,122.948350643223,75.5438214042847,127.87640706817
81.2214153645391,77.304195010149,42.5234664101404,77.9864158501814,81.1814760149721,124.083698179088,81.2106943626254,98.1815590532601,91.4575697778359,96.3904181690611,116.971872908234,74.1141570618063,170.614032632787,113.70811025102,93.9291483710754,160.025659321308,124.690981755544,84.213636017289,97.9419635395043,77.3188084106901,114.31946092401,60.1324117846425,122.948350643223,75.5438214042847,127.87640706817
81.2214153645391,77.304195010149,42.5234664101404,77.9864158501814,81.1814760149721,124.083698179088,81.2106943626254,98.1815590532601,91.4575697778359,96.3904181690611,116.971872908234,74.1141570618063,170.614032632787,113.70811025102,93.9291483710754,160.025659321308,124.690981755544,84.213636017289,97.9419635395043,77.3188084106901,114.31946092401,60.1324117846425,122.948350643223,75.5438214042847,127.87640706817
81.2214153645391,77.304195010149,42.5234664101404,77.9864158501814,81.1814760149721,124.083698179088,81.2106943626254,98.1815590532601,91.4575697778359,96.3904181690611,116.971872908234,74.1141570618063,170.614032632787,113.70811025102,93.9291483710754,160.025659321308,124.690981755544,84.213636017289,97.9419635395043,77.3188084106901,114.31946092401,60.1324117846425,122.948350643223,75.5438214042847,127.87640706817
81.2214153645391,77.304195010149,42.5234664101404,77.9864158501814,81.1814760149721,124.083698179088,81.2106943626254,98.1815590532601,91.4575697778359,96.3904181690611,116.971872908234,74.1141570618063,170.614032632787,113.70811025102,93.9291483710754,160.025659321308,124.690981755544,84.213636017289,97.9419635395043,77.3188084106901,114.31946092401,60.1324117846425,122.948350643223,75.5438214042847,127.87640706817
81.2214153645391,77.304195010149,42.5234664101404,77.9864158501814,81.1814760149721,124.083698179088,81.2106943626254,98.1815590532601,91.4575697778359,96.3904181690611,116.971872908234,74.1141570618063,170.614032632787,113.70811025102,93.9291483710754,160.025659321308,124.690981755544,84.213636017289,97.9419635395043,77.3188084106901,114.31946092401,60.1324117846425,122.948350643223,75.5438214042847,127.87640706817
81.2214153645391,77.304195010149,42.5234664101404,77.9864158501814,81.1814760149721,124.083698179088,81.2106943626254,98.1815590532601,91.4575697778359,96.3904181690611,116.971872908234,74.1141570618063,170.614032632787,113.70811025102,93.9291483710754,160.025659321308,124.690981755544,84.213636017289,97.9419635395043,77.3188084106901,114.31946092401,60.1324117846425,122.948350643223,75.5438214042847,127.87640706817
81.2214153645391,77.304195010149,42.5234664101404,77.9864158501814,81.1814760149721,124.083698179088,81.2106943626254,98.1815590532601,91.4575697778359,96.3904181690611,116.971872908234,74.1141570618063,170.614032632787,113.70811025102,93.9291483710754,160.025659321308,124.690981755544,84.213636017289,97.9419635395043,77.3188084106901,114.31946092401,60.1324117846425,122.948350643223,75.5438214042847,127.87640706817
81.2214153645391,77.304195010149,42.5234664101404,77.9864158501814,81.1814760149721,124.083698179088,81.2106943626254,98.1815590532601,91.4575697778359,96.3904181690611,116.971872908234,74.1141570618063,170.614032632787,113.70811025102,93.9291483710754,160.025659321308,124.690981755544,84.213636017289,97.9419635395043,77.3188084106901,114.31946092401,60.1324117846425,122.948350643223,75.5438214042847,127.87640706817
81.2214153645391,77.304195010149,42.5234664101404,77.9864158501814,81.1814760149721,124.083698179088,81.2106943626254,98.1815590532601,91.4575697778359,96.3904181690611,116.971872908234,74.1141570618063,170.614032632787,113.70811025102,93.9291483710754,160.025659321308,124.690981755544,84.213636017289,97.9419635395043,77.3188084106901,114.31946092401,60.1324117846425,122.948350643223,75.5438214042847,127.87640706817
81.2214153645391,77.304195010149,42.5234664101404,77.9864158501814,81.1814760149721,124.083698179088,81.2106943626254,98.1815590532601,91.4575697778359,96.3904181690611,116.971872908234,74.1141570618063,170.614032632787,113.70811025102,93.9291483710754,160.025659321308,124.690981755544,84.213636017289,97.9419635395043,77.3188084106901,114.31946092401,60.1324117846425,122.948350643223,75.5438214042847,127.87640706817
81.2214153645391,77.304195010149,42.5234664101404,77.9864158501814,81.1814760149721,124.083698179088,81.2106943626254,98.1815590532601,91.4575697778359,96.3904181690611,116.971872908234,74.1141570618063,170.614032632787,113.70811025102,93.9291483710754,160.025659321308,124.690981755544,84.213636017289,97.9419635395043,77.3188084106901,114.31946092401,60.1324117846425,122.948350643223,75.5438214042847,127.87640706817
81.2214153645391,77.304195010149,42.5234664101404,77.9864158501814,81.1814760149721,124.083698179088,81.2106943626254,98.1815590532601,91.4575697778359,96.3904181690611,116.971872908234,74.1141570618063,170.614032632787,113.70811025102,93.9291483710754,160.025659321308,124.690981755544,84.213636017289,97.9419635395043,77.3188084106901,114.31946092401,60.1324117846425,122.948350643223,75.5438214042847,127.87640706817
81.2214153645391,77.304195010149,42.5234664101404,77.9864158501814,81.1814760149721,124.083698179088,81.2106943626254,98.1815590532601,91.4575697778359,96.3904181690611,116.971872908234,74.1141570618063,170.614032632787,113.70811025102,93.9291483710754,160.025659321308,124.690981755544,84.213636017289,97.9419635395043,77.3188084106901,114.31946092401,60.1324117846425,122.948350643223,75.5438214042847,127.87640706817
81.2214153645391,77.304195010149,42.5234664101404,77.9864158501814,81.1814760149721,124.083698179088,81.2106943626254,98.1815590532601,91.4575697778359,96.3904181690611,116.971872908234,74.1141570618063,170.614032632787,113.70811025102,93.9291483710754,160.025659321308,124.690981755544,84.213636017289,97.9419635395043,77.3188084106901,114.31946092401,60.1324117846425,122.948350643223,75.5438214042847,127.87640706817
81.2214153645391,77.304195010149,42.5234664101404,77.9864158501814,81.1814760149721,124.083698179088,81.2106943626254,98.1815590532601,91.4575697778359,96.3904181690611,116.971872908234,74.1141570618063,170.614032632787,113.70811025102,93.9291483710754,160.025659321308,124.690981755544,84.213636017289,97.9419635395043,77.3188084106901,114.31946092401,60.1324117846425,122.948350643223,75.5438214042847,127.87640706817
81.2214153645391,77.304195010149,42.5234664101404,77.9864158501814,81.1814760149721,124.083698179088,81.2106943626254,98.1815590532601,91.4575697778359,96.3904181690611,116.971872908234,74.1141570618063,170.614032632787,113.70811025102,93.9291483710754,160.025659321308,124.690981755544,84.213636017289,97.9419635395043,77.3188084106901,114.31946092401,60.1324117846425,122.948350643223,75.5438214042847,127.87640706817
81.2214153645391,77.304195010149,42.5234664101404,77.9864158501814,81.1814760149721,124.083698179088,81.2106943626254,98.1815590532601,91.4575697778359,96.3904181690611,116.971872908234,74.1141570618063,170.614032632787,113.70811025102,93.9291483710754,160.025659321308,124.690981755544,84.213636017289,97.9419635395043,77.3188084106901,114.31946092401,60.1324117846425,122.948350643223,75.5438214042847,127.87640706817
81.2214153645391,77.304195010149,42.5234664101404,77.9864158501814,81.1814760149721,124.083698179088,81.2106943626254,98.1815590532601,91.4575697778359,96.3904181690611,116.971872908234,74.1141570618063,170.614032632787,113.70811025102,93.9291483710754,160.025659321308,124.690981755544,84.213636017289,97.9419635395043,77.3188084106901,114.31946092401,60.1324117846425,122.948350643223,75.5438214042847,127.87640706817
81.2214153645391,77.304195010149,42.5234664101404,77.9864158501814,81.1814760149721,124.083698179088,81.2106943626254,98.1815590532601,91.4575697778359,96.3904181690611,116.971872908234,74.1141570618063,170.614032632787,113.70811025102,93.9291483710754,160.025659321308,124.690981755544,84.213636017289,97.9419635395043,77.3188084106901,114.31946092401,60.1324117846425,122.948350643223,75.5438214042847,127.87640706817
81.2214153645391,77.304195010149,42.5234664101404,77.9864158501814,81.1814760149721,124.083698179088,81.2106943626254,98.1815590532601,91.4575697778359,96.3904181690611,116.971872908234,74.1141570618063,170.614032632787,113.70811025102,93.9291483710754,160.025659321308,124.690981755544,84.213636017289,97.9419635395043,77.3188084106901,114.31946092401,60.1324117846425,122.948350643223,75.5438214042847,127.87640706817
81.2214153645391,77.304195010149,42.5234664101404,77.9864158501814,81.1814760149721,124.083698179088,81.2106943626254,98.1815590532601,91.4575697778359,96.3904181690611,116.971872908234,74.1141570618063,170.614032632787,113.70811025102,93.9291483710754,160.025659321308,124.690981755544,84.213636017289,97.9419635395043,77.3188084106901,114.31946092401,60.1324117846425,122.948350643223,75.5438214042847,127.87640706817
81.2214153645391,77.304195010149,42.5234664101404,77.9864158501814,81.1814760149721,124.083698179088,81.2106943626254,98.1815590532601,91.4575697778359,96.3904181690611,116.971872908234,74.1141570618063,170.614032632787,113.70811025102,93.9291483710754,160.025659321308,124.690981755544,84.213636017289,97.9419635395043,77.3188084106901,114.31946092401,60.1324117846425,122.948350643223,75.5438214042847,127.87640706817
81.2214153645391,77.304195010149,42.5234664101404,77.9864158501814,81.1814760149721,124.083698179088,81.2106943626254,98.1815590532601,91.4575697778359,96.3904181690611,116.971872908234,74.1141570618063,170.614032632787,113.70811025102,93.9291483710754,160.025659321308,124.690981755544,84.213636017289,97.9419635395043,77.3188084106901,114.31946092401,60.1324117846425,122.948350643223,75.5438214042847,127.87640706817
81.2214153645391,77.304195010149,42.5234664101404,77.9864158501814,81.1814760149721,124.083698179088,81.2106943626254,98.1815590532601,91.4575697778359,96.3904181690611,116.971872908234,74.1141570618063,170.614032632787,113.70811025102,93.9291483710754,160.025659321308,124.690981755544,84.213636017289,97.9419635395043,77.3188084106901,114.31946092401,60.1324117846425,122.948350643223,75.5438214042847,127.87640706817
81.2214153645391,77.304195010149,42.5234664101404,77.9864158501814,81.1814760149721,124.083698179088,81.2106943626254,98.1815590532601,91.4575697778359,96.3904181690611,116.971872908234,74.1141570618063,170.614032632787,113.70811025102,93.9291483710754,160.025659321308,124.690981755544,84.213636017289,97.9419635395043,77.3188084106901,114.31946092401,60.1324117846425,122.948350643223,75.5438214042847,127.87640706817
81.2214153645391,77.304195010149,42.5234664101404,77.9864158501814,81.1814760149721,124.083698179088,81.2106943626254,98.1815590532601,91.4575697778359,96.3904181690611,116.971872908234,74.1141570618063,170.614032632787,113.70811025102,93.9291483710754,160.025659321308,124.690981755544,84.213636017289,97.9419635395043,77.3188084106901,114.31946092401,60.1324117846425,122.948350643223,75.5438214042847,127.87640706817
81.2214153645391,77.304195010149,42.5234664101404,77.9864158501814,81.1814760149721,124.083698179088,81.2106943626254,98.1815590532601,91.4575697778359,96.3904181690611,116.971872908234,74.1141570618063,170.614032632787,113.70811025102,93.9291483710754,160.025659321308,124.690981755544,84.213636017289,97.9419635395043,77.3188084106901,114.31946092401,60.1324117846425,122.948350643223,75.5438214042847,127.87640706817
81.2214153645391,77.304195010149,42.5234664101404,77.9864158501814,81.1814760149721,124.083698179088,81.2106943626254,98.1815590532601,91.4575697778359,96.3904181690611,116.971872908234,74.1141570618063,170.614032632787,113.70811025102,93.9291483710754,160.025659321308,124.690981755544,84.213636017289,97.9419635395043,77.3188084106901,114.31946092401,60.1324117846425,122.948350643223,75.5438214042847,127.87640706817
81.2214153645391,77.304195010149,42.5234664101404,77.9864158501814,81.1814760149721,124.083698179088,81.2106943626254,98.1815590532601,91.4575697778359,96.3904181690611,116.971872908234,74.1141570618063,170.614032632787,113.70811025102,93.9291483710754,160.025659321308,124.690981755544,84.213636017289,97.9419635395043,77.3188084106901,114.31946092401,60.1324117846425,122.948350643223,75.5438214042847,127.87640706817
81.2214153645391,77.304195010149,42.5234664101404,77.9864158501814,81.1814760149721,124.083698179088,81.2106943626254,98.1815590532601,91.4575697778359,96.3904181690611,116.971872908234,74.1141570618063,170.614032632787,113.70811025102,93.9291483710754,160.025659321308,124.690981755544,84.213636017289,97.9419635395043,77.3188084106901,114.31946092401,60.1324117846425,122.948350643223,75.5438214042847,127.87640706817
81.2214153645391,77.304195010149,42.5234664101404,77.9864158501814,81.1814760149721,124.083698179088,81.2106943626254,98.1815590532601,91.4575697778359,96.3904181690611,116.971872908234,74.1141570618063,170.614032632787,113.70811025102,93.9291483710754,160.025659321308,124.690981755544,84.213636017289,97.9419635395043,77.3188084106901,114.31946092401,60.1324117846425,122.948350643223,75.5438214042847,127.87640706817
81.2214153645391,77.304195010149,42.5234664101404,77.9864158501814,81.1814760149721,124.083698179088,81.2106943626254,98.1815590532601,91.4575697778359,96.3904181690611,116.971872908234,74.1141570618063,170.614032632787,113.70811025102,93.9291483710754,160.025659321308,124.690981755544,84.213636017289,97.9419635395043,77.3188084106901,114.31946092401,60.1324117846425,122.948350643223,75.5438214042847,127.87640706817
81.2214153645391,77.304195010149,42.5234664101404,77.9864158501814,81.1814760149721,124.083698179088,81.2106943626254,98.1815590532601,91.4575697778359,96.3904181690611,116.971872908234,74.1141570618063,170.614032632787,113.70811025102,93.9291483710754,160.025659321308,124.690981755544,84.213636017289,97.9419635395043,77.3188084106901,114.31946092401,60.1324117846425,122.948350643223,75.5438214042847,127.87640706817
81.2214153645391,77.304195010149,42.5234664101404,77.9864158501814,81.1814760149721,124.083698179088,81.2106943626254,98.1815590532601,91.4575697778359,96.3904181690611,116.971872908234,74.1141570618063,170.614032632787,113.70811025102,93.9291483710754,160.025659321308,124.690981755544,84.213636017289,97.9419635395043,77.3188084106901,114.31946092401,60.1324117846425,122.948350643223,75.5438214042847,127.87640706817
81.2214153645391,77.304195010149,42.5234664101404,77.9864158501814,81.1814760149721,124.083698179088,81.2106943626254,98.1815590532601,91.4575697778359,96.3904181690611,116.971872908234,74.1141570618063,170.614032632787,113.70811025102,93.9291483710754,160.025659321308,124.690981755544,84.213636017289,97.9419635395043,77.3188084106901,114.31946092401,60.1324117846425,122.948350643223,75.5438214042847,127.87640706817
81.2214153645391,77.304195010149,42.5234664101404,77.9864158501814,81.1814760149721,124.083698179088,81.2106943626254,98.1815590532601,91.4575697778359,96.3904181690611,116.971872908234,74.1141570618063,170.614032632787,113.70811025102,93.9291483710754,160.025659321308,124.690981755544,84.213636017289,97.9419635395043,77.3188084106901,114.31946092401,60.1324117846425,122.948350643223,75.5438214042847,127.87640706817
81.2214153645391,77.304195010149,42.5234664101404,77.9864158501814,81.1814760149721,124.083698179088,81.2106943626254,98.1815590532601,91.4575697778359,96.3904181690611,116.971872908234,74.1141570618063,170.614032632787,113.70811025102,93.9291483710754,160.025659321308,124.690981755544,84.213636017289,97.9419635395043,77.3188084106901,114.31946092401,60.1324117846425,122.948350643223,75.5438214042847,127.87640706817
81.2214153645391,77.304195010149,42.5234664101404,77.9864158501814,81.1814760149721,124.083698179088,81.2106943626254,98.1815590532601,91.4575697778359,96.3904181690611,116.971872908234,74.1141570618063,170.614032632787,113.70811025102,93.9291483710754,160.025659321308,124.690981755544,84.213636017289,97.9419635395043,77.3188084106901,114.31946092401,60.1324117846425,122.948350643223,75.5438214042847,127.87640706817
81.2214153645391,77.304195010149,42.5234664101404,77.9864158501814,81.1814760149721,124.083698179088,81.2106943626254,98.1815590532601,91.4575697778359,96.3904181690611,116.971872908234,74.1141570618063,170.614032632787,113.70811025102,93.9291483710754,160.025659321308,124.690981755544,84.213636017289,97.9419635395043,77.3188084106901,114.31946092401,60.1324117846425,122.948350643223,75.5438214042847,127.87640706817
81.2214153645391,77.304195010149,42.5234664101404,77.9864158501814,81.1814760149721,124.083698179088,81.2106943626254,98.1815590532601,91.4575697778359,96.3904181690611,116.971872908234,74.1141570618063,170.614032632787,113.70811025102,93.9291483710754,160.025659321308,124.690981755544,84.213636017289,97.9419635395043,77.3188084106901,114.31946092401,60.1324117846425,122.948350643223,75.5438214042847,127.87640706817
81.2214153645391,77.304195010149,42.5234664101404,77.9864158501814,81.1814760149721,124.083698179088,81.2106943626254,98.1815590532601,91.4575697778359,96.3904181690611,116.971872908234,74.1141570618063,170.614032632787,113.70811025102,93.9291483710754,160.025659321308,124.690981755544,84.213636017289,97.9419635395043,77.3188084106901,114.31946092401,60.1324117846425,122.948350643223,75.5438214042847,127.87640706817
81.2214153645391,77.304195010149,42.5234664101404,77.9864158501814,81.1814760149721,124.083698179088,81.2106943626254,98.1815590532601,91.4575697778359,96.3904181690611,116.971872908234,74.1141570618063,170.614032632787,113.70811025102,93.9291483710754,160.025659321308,124.690981755544,84.213636017289,97.9419635395043,77.3188084106901,114.31946092401,60.1324117846425,122.948350643223,75.5438214042847,127.87640706817
81.2214153645391,77.304195010149,42.5234664101404,77.9864158501814,81.1814760149721,124.083698179088,81.2106943626254,98.1815590532601,91.4575697778359,96.3904181690611,116.971872908234,74.1141570618063,170.614032632787,113.70811025102,93.9291483710754,160.025659321308,124.690981755544,84.213636017289,97.9419635395043,77.3188084106901,114.31946092401,60.1324117846425,122.948350643223,75.5438214042847,127.87640706817
81.2214153645391,77.304195010149,42.5234664101404,77.9864158501814,81.1814760149721,124.083698179088,81.2106943626254,98.1815590532601,91.4575697778359,96.3904181690611,116.971872908234,74.1141570618063,170.614032632787,113.70811025102,93.9291483710754,160.025659321308,124.690981755544,84.213636017289,97.9419635395043,77.3188084106901,114.31946092401,60.1324117846425,122.948350643223,75.5438214042847,127.87640706817
81.2214153645391,77.304195010149,42.5234664101404,77.9864158501814,81.1814760149721,124.083698179088,81.2106943626254,98.1815590532601,91.4575697778359,96.3904181690611,116.971872908234,74.1141570618063,170.614032632787,113.70811025102,93.9291483710754,160.025659321308,124.690981755544,84.213636017289,97.9419635395043,77.3188084106901,114.31946092401,60.1324117846425,122.948350643223,75.5438214042847,127.87640706817
81.2214153645391,77.304195010149,42.5234664101404,77.9864158501814,81.1814760149721,124.083698179088,81.2106943626254,98.1815590532601,91.4575697778359,96.3904181690611,116.971872908234,74.1141570618063,170.614032632787,113.70811025102,93.9291483710754,160.025659321308,124.690981755544,84.213636017289,97.9419635395043,77.3188084106901,114.31946092401,60.1324117846425,122.948350643223,75.5438214042847,127.87640706817
81.2214153645391,77.304195010149,42.5234664101404,77.9864158501814,81.1814760149721,124.083698179088,81.2106943626254,98.1815590532601,91.4575697778359,96.3904181690611,116.971872908234,74.1141570618063,170.614032632787,113.70811025102,93.9291483710754,160.025659321308,124.690981755544,84.213636017289,97.9419635395043,77.3188084106901,114.31946092401,60.1324117846425,122.948350643223,75.5438214042847,127.87640706817
81.2214153645391,77.304195010149,42.5234664101404,77.9864158501814,81.1814760149721,124.083698179088,81.2106943626254,98.1815590532601,91.4575697778359,96.3904181690611,116.971872908234,74.1141570618063,170.614032632787,113.70811025102,93.9291483710754,160.025659321308,124.690981755544,84.213636017289,97.9419635395043,77.3188084106901,114.31946092401,60.1324117846425,122.948350643223,75.5438214042847,127.87640706817
81.2214153645391,77.304195010149,42.5234664101404,77.9864158501814,81.1814760149721,124.083698179088,81.2106943626254,98.1815590532601,91.4575697778359,96.3904181690611,116.971872908234,74.1141570618063,170.614032632787,113.70811025102,93.9291483710754,160.025659321308,124.690981755544,84.213636017289,97.9419635395043,77.3188084106901,114.31946092401,60.1324117846425,122.948350643223,75.5438214042847,127.87640706817
81.2214153645391,77.304195010149,42.5234664101404,77.9864158501814,81.1814760149721,124.083698179088,81.2106943626254,98.1815590532601,91.4575697778359,96.3904181690611,116.971872908234,74.1141570618063,170.614032632787,113.70811025102,93.9291483710754,160.025659321308,124.690981755544,84.213636017289,97.9419635395043,77.3188084106901,114.31946092401,60.1324117846425,122.948350643223,75.5438214042847,127.87640706817
81.2214153645391,77.304195010149,42.5234664101404,77.9864158501814,81.1814760149721,124.083698179088,81.2106943626254,98.1815590532601,91.4575697778359,96.3904181690611,116.971872908234,74.1141570618063,170.614032632787,113.70811025102,93.9291483710754,160.025659321308,124.690981755544,84.213636017289,97.9419635395043,77.3188084106901,114.31946092401,60.1324117846425,122.948350643223,75.5438214042847,127.87640706817
81.2214153645391,77.304195010149,42.5234664101404,77.9864158501814,81.1814760149721,124.083698179088,81.2106943626254,98.1815590532601,91.4575697778359,96.3904181690611,116.971872908234,74.1141570618063,170.614032632787,113.70811025102,93.9291483710754,160.025659321308,124.690981755544,84.213636017289,97.9419635395043,77.3188084106901,114.31946092401,60.1324117846425,122.948350643223,75.5438214042847,127.87640706817
81.2214153645391,77.304195010149,42.5234664101404,77.9864158501814,81.1814760149721,124.083698179088,81.2106943626254,98.1815590532601,91.4575697778359,96.3904181690611,116.971872908234,74.1141570618063,170.614032632787,113.70811025102,93.9291483710754,160.025659321308,124.690981755544,84.213636017289,97.9419635395043,77.3188084106901,114.31946092401,60.1324117846425,122.948350643223,75.5438214042847,127.87640706817
81.2214153645391,77.304195010149,42.5234664101404,77.9864158501814,81.1814760149721,124.083698179088,81.2106943626254,98.1815590532601,91.4575697778359,96.3904181690611,116.971872908234,74.1141570618063,170.614032632787,113.70811025102,93.9291483710754,160.025659321308,124.690981755544,84.213636017289,97.9419635395043,77.3188084106901,114.31946092401,60.1324117846425,122.948350643223,75.5438214042847,127.87640706817
81.2214153645391,77.304195010149,42.5234664101404,77.9864158501814,81.1814760149721,124.083698179088,81.2106943626254,98.1815590532601,91.4575697778359,96.3904181690611,116.971872908234,74.1141570618063,170.614032632787,113.70811025102,93.9291483710754,160.025659321308,124.690981755544,84.213636017289,97.9419635395043,77.3188084106901,114.31946092401,60.1324117846425,122.948350643223,75.5438214042847,127.87640706817
81.2214153645391,77.304195010149,42.5234664101404,77.9864158501814,81.1814760149721,124.083698179088,81.2106943626254,98.1815590532601,91.4575697778359,96.3904181690611,116.971872908234,74.1141570618063,170.614032632787,113.70811025102,93.9291483710754,160.025659321308,124.690981755544,84.213636017289,97.9419635395043,77.3188084106901,114.31946092401,60.1324117846425,122.948350643223,75.5438214042847,127.87640706817
81.2214153645391,77.304195010149,42.5234664101404,77.9864158501814,81.1814760149721,124.083698179088,81.2106943626254,98.1815590532601,91.4575697778359,96.3904181690611,116.971872908234,74.1141570618063,170.614032632787,113.70811025102,93.9291483710754,160.025659321308,124.690981755544,84.213636017289,97.9419635395043,77.3188084106901,114.31946092401,60.1324117846425,122.948350643223,75.5438214042847,127.87640706817
81.2214153645391,77.304195010149,42.5234664101404,77.9864158501814,81.1814760149721,124.083698179088,81.2106943626254,98.1815590532601,91.4575697778359,96.3904181690611,116.971872908234,74.1141570618063,170.614032632787,113.70811025102,93.9291483710754,160.025659321308,124.690981755544,84.213636017289,97.9419635395043,77.3188084106901,114.31946092401,60.1324117846425,122.948350643223,75.5438214042847,127.87640706817
81.2214153645391,77.304195010149,42.5234664101404,77.9864158501814,81.1814760149721,124.083698179088,81.2106943626254,98.1815590532601,91.4575697778359,96.3904181690611,116.971872908234,74.1141570618063,170.614032632787,113.70811025102,93.9291483710754,160.025659321308,124.690981755544,84.213636017289,97.9419635395043,77.3188084106901,114.31946092401,60.1324117846425,122.948350643223,75.5438214042847,127.87640706817
81.2214153645391,77.304195010149,42.5234664101404,77.9864158501814,81.1814760149721,124.083698179088,81.2106943626254,98.1815590532601,91.4575697778359,96.3904181690611,116.971872908234,74.1141570618063,170.614032632787,113.70811025102,93.9291483710754,160.025659321308,124.690981755544,84.213636017289,97.9419635395043,77.3188084106901,114.31946092401,60.1324117846425,122.948350643223,75.5438214042847,127.87640706817
81.2214153645391,77.304195010149,42.5234664101404,77.9864158501814,81.1814760149721,124.083698179088,81.2106943626254,98.1815590532601,91.4575697778359,96.3904181690611,116.971872908234,74.1141570618063,170.614032632787,113.70811025102,93.9291483710754,160.025659321308,124.690981755544,84.213636017289,97.9419635395043,77.3188084106901,114.31946092401,60.1324117846425,122.948350643223,75.5438214042847,127.87640706817
81.2214153645391,77.304195010149,42.5234664101404,77.9864158501814,81.1814760149721,124.083698179088,81.2106943626254,98.1815590532601,91.4575697778359,96.3904181690611,116.971872908234,74.1141570618063,170.614032632787,113.70811025102,93.9291483710754,160.025659321308,124.690981755544,84.213636017289,97.9419635395043,77.3188084106901,114.31946092401,60.1324117846425,122.948350643223,75.5438214042847,127.87640706817
81.2214153645391,77.304195010149,42.5234664101404,77.9864158501814,81.1814760149721,124.083698179088,81.2106943626254,98.1815590532601,91.4575697778359,96.3904181690611,116.971872908234,74.1141570618063,170.614032632787,113.70811025102,93.9291483710754,160.025659321308,124.690981755544,84.213636017289,97.9419635395043,77.3188084106901,114.31946092401,60.1324117846425,122.948350643223,75.5438214042847,127.87640706817
81.2214153645391,77.304195010149,42.5234664101404,77.9864158501814,81.1814760149721,124.083698179088,81.2106943626254,98.1815590532601,91.4575697778359,96.3904181690611,116.971872908234,74.1141570618063,170.614032632787,113.70811025102,93.9291483710754,160.025659321308,124.690981755544,84.213636017289,97.9419635395043,77.3188084106901,114.31946092401,60.1324117846425,122.948350643223,75.5438214042847,127.87640706817
81.2214153645391,77.304195010149,42.5234664101404,77.9864158501814,81.1814760149721,124.083698179088,81.2106943626254,98.1815590532601,91.4575697778359,96.3904181690611,116.971872908234,74.1141570618063,170.614032632787,113.70811025102,93.9291483710754,160.025659321308,124.690981755544,84.213636017289,97.9419635395043,77.3188084106901,114.31946092401,60.1324117846425,122.948350643223,75.5438214042847,127.87640706817
81.2214153645391,77.304195010149,42.5234664101404,77.9864158501814,81.1814760149721,124.083698179088,81.2106943626254,98.1815590532601,91.4575697778359,96.3904181690611,116.971872908234,74.1141570618063,170.614032632787,113.70811025102,93.9291483710754,160.025659321308,124.690981755544,84.213636017289,97.9419635395043,77.3188084106901,114.31946092401,60.1324117846425,122.948350643223,75.5438214042847,127.87640706817
81.2214153645391,77.304195010149,42.5234664101404,77.9864158501814,81.1814760149721,124.083698179088,81.2106943626254,98.1815590532601,91.4575697778359,96.3904181690611,116.971872908234,74.1141570618063,170.614032632787,113.70811025102,93.9291483710754,160.025659321308,124.690981755544,84.213636017289,97.9419635395043,77.3188084106901,114.31946092401,60.1324117846425,122.948350643223,75.5438214042847,127.87640706817
81.2214153645391,77.304195010149,42.5234664101404,77.9864158501814,81.1814760149721,124.083698179088,81.2106943626254,98.1815590532601,91.4575697778359,96.3904181690611,116.971872908234,74.1141570618063,170.614032632787,113.70811025102,93.9291483710754,160.025659321308,124.690981755544,84.213636017289,97.9419635395043,77.3188084106901,114.31946092401,60.1324117846425,122.948350643223,75.5438214042847,127.87640706817
81.2214153645391,77.304195010149,42.5234664101404,77.9864158501814,81.1814760149721,124.083698179088,81.2106943626254,98.1815590532601,91.4575697778359,96.3904181690611,116.971872908234,74.1141570618063,170.614032632787,113.70811025102,93.9291483710754,160.025659321308,124.690981755544,84.213636017289,97.9419635395043,77.3188084106901,114.31946092401,60.1324117846425,122.948350643223,75.5438214042847,127.87640706817
81.2214153645391,77.304195010149,42.5234664101404,77.9864158501814,81.1814760149721,124.083698179088,81.2106943626254,98.1815590532601,91.4575697778359,96.3904181690611,116.971872908234,74.1141570618063,170.614032632787,113.70811025102,93.9291483710754,160.025659321308,124.690981755544,84.213636017289,97.9419635395043,77.3188084106901,114.31946092401,60.1324117846425,122.948350643223,75.5438214042847,127.87640706817
81.2214153645391,77.304195010149,42.5234664101404,77.9864158501814,81.1814760149721,124.083698179088,81.2106943626254,98.1815590532601,91.4575697778359,96.3904181690611,116.971872908234,74.1141570618063,170.614032632787,113.70811025102,93.9291483710754,160.025659321308,124.690981755544,84.213636017289,97.9419635395043,77.3188084106901,114.31946092401,60.1324117846425,122.948350643223,75.5438214042847,127.87640706817
81.2214153645391,77.304195010149,42.5234664101404,77.9864158501814,81.1814760149721,124.083698179088,81.2106943626254,98.1815590532601,91.4575697778359,96.3904181690611,116.971872908234,74.1141570618063,170.614032632787,113.70811025102,93.9291483710754,160.025659321308,124.690981755544,84.213636017289,97.9419635395043,77.3188084106901,114.31946092401,60.1324117846425,122.948350643223,75.5438214042847,127.87640706817
81.2214153645391,77.304195010149,42.5234664101404,77.9864158501814,81.1814760149721,124.083698179088,81.2106943626254,98.1815590532601,91.4575697778359,96.3904181690611,116.971872908234,74.1141570618063,170.614032632787,113.70811025102,93.9291483710754,160.025659321308,124.690981755544,84.213636017289,97.9419635395043,77.3188084106901,114.31946092401,60.1324117846425,122.948350643223,75.5438214042847,127.87640706817
81.2214153645391,77.304195010149,42.5234664101404,77.9864158501814,81.1814760149721,124.083698179088,81.2106943626254,98.1815590532601,91.4575697778359,96.3904181690611,116.971872908234,74.1141570618063,170.614032632787,113.70811025102,93.9291483710754,160.025659321308,124.690981755544,84.213636017289,97.9419635395043,77.3188084106901,114.31946092401,60.1324117846425,122.948350643223,75.5438214042847,127.87640706817
81.2214153645391,77.304195010149,42.5234664101404,77.9864158501814,81.1814760149721,124.083698179088,81.2106943626254,98.1815590532601,91.4575697778359,96.3904181690611,116.971872908234,74.1141570618063,170.614032632787,113.70811025102,93.9291483710754,160.025659321308,124.690981755544,84.213636017289,97.9419635395043,77.3188084106901,114.31946092401,60.1324117846425,122.948350643223,75.5438214042847,127.87640706817
81.2214153645391,77.304195010149,42.5234664101404,77.9864158501814,81.1814760149721,124.083698179088,81.2106943626254,98.1815590532601,91.4575697778359,96.3904181690611,116.971872908234,74.1141570618063,170.614032632787,113.70811025102,93.9291483710754,160.025659321308,124.690981755544,84.213636017289,97.9419635395043,77.3188084106901,114.31946092401,60.1324117846425,122.948350643223,75.5438214042847,127.87640706817
81.2214153645391,77.304195010149,42.5234664101404,77.9864158501814,81.1814760149721,124.083698179088,81.2106943626254,98.1815590532601,91.4575697778359,96.3904181690611,116.971872908234,74.1141570618063,170.614032632787,113.70811025102,93.9291483710754,160.025659321308,124.690981755544,84.213636017289,97.9419635395043,77.3188084106901,114.31946092401,60.1324117846425,122.948350643223,75.5438214042847,127.87640706817
81.2214153645391,77.304195010149,42.5234664101404,77.9864158501814,81.1814760149721,124.083698179088,81.2106943626254,98.1815590532601,91.4575697778359,96.3904181690611,116.971872908234,74.1141570618063,170.614032632787,113.70811025102,93.9291483710754,160.025659321308,124.690981755544,84.213636017289,97.9419635395043,77.3188084106901,114.31946092401,60.1324117846425,122.948350643223,75.5438214042847,127.87640706817
81.2214153645391,77.304195010149,42.5234664101404,77.9864158501814,81.1814760149721,124.083698179088,81.2106943626254,98.1815590532601,91.4575697778359,96.3904181690611,116.971872908234,74.1141570618063,170.614032632787,113.70811025102,93.9291483710754,160.025659321308,124.690981755544,84.213636017289,97.9419635395043,77.3188084106901,114.31946092401,60.1324117846425,122.948350643223,75.5438214042847,127.87640706817
81.2214153645391,77.304195010149,42.5234664101404,77.9864158501814,81.1814760149721,124.083698179088,81.2106943626254,98.1815590532601,91.4575697778359,96.3904181690611,116.971872908234,74.1141570618063,170.614032632787,113.70811025102,93.9291483710754,160.025659321308,124.690981755544,84.213636017289,97.9419635395043,77.3188084106901,114.31946092401,60.1324117846425,122.948350643223,75.5438214042847,127.87640706817
81.2214153645391,77.304195010149,42.5234664101404,77.9864158501814,81.1814760149721,124.083698179088,81.2106943626254,98.1815590532601,91.4575697778359,96.3904181690611,116.971872908234,74.1141570618063,170.614032632787,113.70811025102,93.9291483710754,160.025659321308,124.690981755544,84.213636017289,97.9419635395043,77.3188084106901,114.31946092401,60.1324117846425,122.948350643223,75.5438214042847,127.87640706817
81.2214153645391,77.304195010149,42.5234664101404,77.9864158501814,81.1814760149721,124.083698179088,81.2106943626254,98.1815590532601,91.4575697778359,96.3904181690611,116.971872908234,74.1141570618063,170.614032632787,113.70811025102,93.9291483710754,160.025659321308,124.690981755544,84.213636017289,97.9419635395043,77.3188084106901,114.31946092401,60.1324117846425,122.948350643223,75.5438214042847,127.87640706817
81.2214153645391,77.304195010149,42.5234664101404,77.9864158501814,81.1814760149721,124.083698179088,81.2106943626254,98.1815590532601,91.4575697778359,96.3904181690611,116.971872908234,74.1141570618063,170.614032632787,113.70811025102,93.9291483710754,160.025659321308,124.690981755544,84.213636017289,97.9419635395043,77.3188084106901,114.31946092401,60.1324117846425,122.948350643223,75.5438214042847,127.87640706817
81.2214153645391,77.304195010149,42.5234664101404,77.9864158501814,81.1814760149721,124.083698179088,81.2106943626254,98.1815590532601,91.4575697778359,96.3904181690611,116.971872908234,74.1141570618063,170.614032632787,113.70811025102,93.9291483710754,160.025659321308,124.690981755544,84.213636017289,97.9419635395043,77.3188084106901,114.31946092401,60.1324117846425,122.948350643223,75.5438214042847,127.87640706817
81.2214153645391,77.304195010149,42.5234664101404,77.9864158501814,81.1814760149721,124.083698179088,81.2106943626254,98.1815590532601,91.4575697778359,96.3904181690611,116.971872908234,74.1141570618063,170.614032632787,113.70811025102,93.9291483710754,160.025659321308,124.690981755544,84.213636017289,97.9419635395043,77.3188084106901,114.31946092401,60.1324117846425,122.948350643223,75.5438214042847,127.87640706817
81.2214153645391,77.304195010149,42.5234664101404,77.9864158501814,81.1814760149721,124.083698179088,81.2106943626254,98.1815590532601,91.4575697778359,96.3904181690611,116.971872908234,74.1141570618063,170.614032632787,113.70811025102,93.9291483710754,160.025659321308,124.690981755544,84.213636017289,97.9419635395043,77.3188084106901,114.31946092401,60.1324117846425,122.948350643223,75.5438214042847,127.87640706817
81.2214153645391,77.304195010149,42.5234664101404,77.9864158501814,81.1814760149721,124.083698179088,81.2106943626254,98.1815590532601,91.4575697778359,96.3904181690611,116.971872908234,74.1141570618063,170.614032632787,113.70811025102,93.9291483710754,160.025659321308,124.690981755544,84.213636017289,97.9419635395043,77.3188084106901,114.31946092401,60.1324117846425,122.948350643223,75.5438214042847,127.87640706817
81.2214153645391,77.304195010149,42.5234664101404,77.9864158501814,81.1814760149721,124.083698179088,81.2106943626254,98.1815590532601,91.4575697778359,96.3904181690611,116.971872908234,74.1141570618063,170.614032632787,113.70811025102,93.9291483710754,160.025659321308,124.690981755544,84.213636017289,97.9419635395043,77.3188084106901,114.31946092401,60.1324117846425,122.948350643223,75.5438214042847,127.87640706817
81.2214153645391,77.304195010149,42.5234664101404,77.9864158501814,81.1814760149721,124.083698179088,81.2106943626254,98.1815590532601,91.4575697778359,96.3904181690611,116.971872908234,74.1141570618063,170.614032632787,113.70811025102,93.9291483710754,160.025659321308,124.690981755544,84.213636017289,97.9419635395043,77.3188084106901,114.31946092401,60.1324117846425,122.948350643223,75.5438214042847,127.87640706817
81.2214153645391,77.304195010149,42.5234664101404,77.9864158501814,81.1814760149721,124.083698179088,81.2106943626254,98.1815590532601,91.4575697778359,96.3904181690611,116.971872908234,74.1141570618063,170.614032632787,113.70811025102,93.9291483710754,160.025659321308,124.690981755544,84.213636017289,97.9419635395043,77.3188084106901,114.31946092401,60.1324117846425,122.948350643223,75.5438214042847,127.87640706817
81.2214153645391,77.304195010149,42.5234664101404,77.9864158501814,81.1814760149721,124.083698179088,81.2106943626254,98.1815590532601,91.4575697778359,96.3904181690611,116.971872908234,74.1141570618063,170.614032632787,113.70811025102,93.9291483710754,160.025659321308,124.690981755544,84.213636017289,97.9419635395043,77.3188084106901,114.31946092401,60.1324117846425,122.948350643223,75.5438214042847,127.87640706817
81.2214153645391,77.304195010149,42.5234664101404,77.9864158501814,81.1814760149721,124.083698179088,81.2106943626254,98.1815590532601,91.4575697778359,96.3904181690611,116.971872908234,74.1141570618063,170.614032632787,113.70811025102,93.9291483710754,160.025659321308,124.690981755544,84.213636017289,97.9419635395043,77.3188084106901,114.31946092401,60.1324117846425,122.948350643223,75.5438214042847,127.87640706817
81.2214153645391,77.304195010149,42.5234664101404,77.9864158501814,81.1814760149721,124.083698179088,81.2106943626254,98.1815590532601,91.4575697778359,96.3904181690611,116.971872908234,74.1141570618063,170.614032632787,113.70811025102,93.9291483710754,160.025659321308,124.690981755544,84.213636017289,97.9419635395043,77.3188084106901,114.31946092401,60.1324117846425,122.948350643223,75.5438214042847,127.87640706817
81.2214153645391,77.304195010149,42.5234664101404,77.9864158501814,81.1814760149721,124.083698179088,81.2106943626254,98.1815590532601,91.4575697778359,96.3904181690611,116.971872908234,74.1141570618063,170.614032632787,113.70811025102,93.9291483710754,160.025659321308,124.690981755544,84.213636017289,97.9419635395043,77.3188084106901,114.31946092401,60.1324117846425,122.948350643223,75.5438214042847,127.87640706817
81.2214153645391,77.304195010149,42.5234664101404,77.9864158501814,81.1814760149721,124.083698179088,81.2106943626254,98.1815590532601,91.4575697778359,96.3904181690611,116.971872908234,74.1141570618063,170.614032632787,113.70811025102,93.9291483710754,160.025659321308,124.690981755544,84.213636017289,97.9419635395043,77.3188084106901,114.31946092401,60.1324117846425,122.948350643223,75.5438214042847,127.87640706817
81.2214153645391,77.304195010149,42.5234664101404,77.9864158501814,81.1814760149721,124.083698179088,81.2106943626254,98.1815590532601,91.4575697778359,96.3904181690611,116.971872908234,74.1141570618063,170.614032632787,113.70811025102,93.9291483710754,160.025659321308,124.690981755544,84.213636017289,97.9419635395043,77.3188084106901,114.31946092401,60.1324117846425,122.948350643223,75.5438214042847,127.87640706817
81.2214153645391,77.304195010149,42.5234664101404,77.9864158501814,81.1814760149721,124.083698179088,81.2106943626254,98.1815590532601,91.4575697778359,96.3904181690611,116.971872908234,74.1141570618063,170.614032632787,113.70811025102,93.9291483710754,160.025659321308,124.690981755544,84.213636017289,97.9419635395043,77.3188084106901,114.31946092401,60.1324117846425,122.948350643223,75.5438214042847,127.87640706817
81.2214153645391,77.304195010149,42.5234664101404,77.9864158501814,81.1814760149721,124.083698179088,81.2106943626254,98.1815590532601,91.4575697778359,96.3904181690611,116.971872908234,74.1141570618063,170.614032632787,113.70811025102,93.9291483710754,160.025659321308,124.690981755544,84.213636017289,97.9419635395043,77.3188084106901,114.31946092401,60.1324117846425,122.948350643223,75.5438214042847,127.87640706817
81.2214153645391,77.304195010149,42.5234664101404,77.9864158501814,81.1814760149721,124.083698179088,81.2106943626254,98.1815590532601,91.4575697778359,96.3904181690611,116.971872908234,74.1141570618063,170.614032632787,113.70811025102,93.9291483710754,160.025659321308,124.690981755544,84.213636017289,97.9419635395043,77.3188084106901,114.31946092401,60.1324117846425,122.948350643223,75.5438214042847,127.87640706817
81.2214153645391,77.304195010149,42.5234664101404,77.9864158501814,81.1814760149721,124.083698179088,81.2106943626254,98.1815590532601,91.4575697778359,96.3904181690611,116.971872908234,74.1141570618063,170.614032632787,113.70811025102,93.9291483710754,160.025659321308,124.690981755544,84.213636017289,97.9419635395043,77.3188084106901,114.31946092401,60.1324117846425,122.948350643223,75.5438214042847,127.87640706817
81.2214153645391,77.304195010149,42.5234664101404,77.9864158501814,81.1814760149721,124.083698179088,81.2106943626254,98.1815590532601,91.4575697778359,96.3904181690611,116.971872908234,74.1141570618063,170.614032632787,113.70811025102,93.9291483710754,160.025659321308,124.690981755544,84.213636017289,97.9419635395043,77.3188084106901,114.31946092401,60.1324117846425,122.948350643223,75.5438214042847,127.87640706817
81.2214153645391,77.304195010149,42.5234664101404,77.9864158501814,81.1814760149721,124.083698179088,81.2106943626254,98.1815590532601,91.4575697778359,96.3904181690611,116.971872908234,74.1141570618063,170.614032632787,113.70811025102,93.9291483710754,160.025659321308,124.690981755544,84.213636017289,97.9419635395043,77.3188084106901,114.31946092401,60.1324117846425,122.948350643223,75.5438214042847,127.87640706817
81.2214153645391,77.304195010149,42.5234664101404,77.9864158501814,81.1814760149721,124.083698179088,81.2106943626254,98.1815590532601,91.4575697778359,96.3904181690611,116.971872908234,74.1141570618063,170.614032632787,113.70811025102,93.9291483710754,160.025659321308,124.690981755544,84.213636017289,97.9419635395043,77.3188084106901,114.31946092401,60.1324117846425,122.948350643223,75.5438214042847,127.87640706817
81.2214153645391,77.304195010149,42.5234664101404,77.9864158501814,81.1814760149721,124.083698179088,81.2106943626254,98.1815590532601,91.4575697778359,96.3904181690611,116.971872908234,74.1141570618063,170.614032632787,113.70811025102,93.9291483710754,160.025659321308,124.690981755544,84.213636017289,97.9419635395043,77.3188084106901,114.31946092401,60.1324117846425,122.948350643223,75.5438214042847,127.87640706817
81.2214153645391,77.304195010149,42.5234664101404,77.9864158501814,81.1814760149721,124.083698179088,81.2106943626254,98.1815590532601,91.4575697778359,96.3904181690611,116.971872908234,74.1141570618063,170.614032632787,113.70811025102,93.9291483710754,160.025659321308,124.690981755544,84.213636017289,97.9419635395043,77.3188084106901,114.31946092401,60.1324117846425,122.948350643223,75.5438214042847,127.87640706817
81.2214153645391,77.304195010149,42.5234664101404,77.9864158501814,81.1814760149721,124.083698179088,81.2106943626254,98.1815590532601,91.4575697778359,96.3904181690611,116.971872908234,74.1141570618063,170.614032632787,113.70811025102,93.9291483710754,160.025659321308,124.690981755544,84.213636017289,97.9419635395043,77.3188084106901,114.31946092401,60.1324117846425,122.948350643223,75.5438214042847,127.87640706817
81.2214153645391,77.304195010149,42.5234664101404,77.9864158501814,81.1814760149721,124.083698179088,81.2106943626254,98.1815590532601,91.4575697778359,96.3904181690611,116.971872908234,74.1141570618063,170.614032632787,113.70811025102,93.9291483710754,160.025659321308,124.690981755544,84.213636017289,97.9419635395043,77.3188084106901,114.31946092401,60.1324117846425,122.948350643223,75.5438214042847,127.87640706817
81.2214153645391,77.304195010149,42.5234664101404,77.9864158501814,81.1814760149721,124.083698179088,81.2106943626254,98.1815590532601,91.4575697778359,96.3904181690611,116.971872908234,74.1141570618063,170.614032632787,113.70811025102,93.9291483710754,160.025659321308,124.690981755544,84.213636017289,97.9419635395043,77.3188084106901,114.31946092401,60.1324117846425,122.948350643223,75.5438214042847,127.87640706817
81.2214153645391,77.304195010149,42.5234664101404,77.9864158501814,81.1814760149721,124.083698179088,81.2106943626254,98.1815590532601,91.4575697778359,96.3904181690611,116.971872908234,74.1141570618063,170.614032632787,113.70811025102,93.9291483710754,160.025659321308,124.690981755544,84.213636017289,97.9419635395043,77.3188084106901,114.31946092401,60.1324117846425,122.948350643223,75.5438214042847,127.87640706817
81.2214153645391,77.304195010149,42.5234664101404,77.9864158501814,81.1814760149721,124.083698179088,81.2106943626254,98.1815590532601,91.4575697778359,96.3904181690611,116.971872908234,74.1141570618063,170.614032632787,113.70811025102,93.9291483710754,160.025659321308,124.690981755544,84.213636017289,97.9419635395043,77.3188084106901,114.31946092401,60.1324117846425,122.948350643223,75.5438214042847,127.87640706817
81.2214153645391,77.304195010149,42.5234664101404,77.9864158501814,81.1814760149721,124.083698179088,81.2106943626254,98.1815590532601,91.4575697778359,96.3904181690611,116.971872908234,74.1141570618063,170.614032632787,113.70811025102,93.9291483710754,160.025659321308,124.690981755544,84.213636017289,97.9419635395043,77.3188084106901,114.31946092401,60.1324117846425,122.948350643223,75.5438214042847,127.87640706817
81.2214153645391,77.304195010149,42.5234664101404,77.9864158501814,81.1814760149721,124.083698179088,81.2106943626254,98.1815590532601,91.4575697778359,96.3904181690611,116.971872908234,74.1141570618063,170.614032632787,113.70811025102,93.9291483710754,160.025659321308,124.690981755544,84.213636017289,97.9419635395043,77.3188084106901,114.31946092401,60.1324117846425,122.948350643223,75.5438214042847,127.87640706817
81.2214153645391,77.304195010149,42.5234664101404,77.9864158501814,81.1814760149721,124.083698179088,81.2106943626254,98.1815590532601,91.4575697778359,96.3904181690611,116.971872908234,74.1141570618063,170.614032632787,113.70811025102,93.9291483710754,160.025659321308,124.690981755544,84.213636017289,97.9419635395043,77.3188084106901,114.31946092401,60.1324117846425,122.948350643223,75.5438214042847,127.87640706817
81.2214153645391,77.304195010149,42.5234664101404,77.9864158501814,81.1814760149721,124.083698179088,81.2106943626254,98.1815590532601,91.4575697778359,96.3904181690611,116.971872908234,74.1141570618063,170.614032632787,113.70811025102,93.9291483710754,160.025659321308,124.690981755544,84.213636017289,97.9419635395043,77.3188084106901,114.31946092401,60.1324117846425,122.948350643223,75.5438214042847,127.87640706817
81.2214153645391,77.304195010149,42.5234664101404,77.9864158501814,81.1814760149721,124.083698179088,81.2106943626254,98.1815590532601,91.4575697778359,96.3904181690611,116.971872908234,74.1141570618063,170.614032632787,113.70811025102,93.9291483710754,160.025659321308,124.690981755544,84.213636017289,97.9419635395043,77.3188084106901,114.31946092401,60.1324117846425,122.948350643223,75.5438214042847,127.87640706817
81.2214153645391,77.304195010149,42.5234664101404,77.9864158501814,81.1814760149721,124.083698179088,81.2106943626254,98.1815590532601,91.4575697778359,96.3904181690611,116.971872908234,74.1141570618063,170.614032632787,113.70811025102,93.9291483710754,160.025659321308,124.690981755544,84.213636017289,97.9419635395043,77.3188084106901,114.31946092401,60.1324117846425,122.948350643223,75.5438214042847,127.87640706817
81.2214153645391,77.304195010149,42.5234664101404,77.9864158501814,81.1814760149721,124.083698179088,81.2106943626254,98.1815590532601,91.4575697778359,96.3904181690611,116.971872908234,74.1141570618063,170.614032632787,113.70811025102,93.9291483710754,160.025659321308,124.690981755544,84.213636017289,97.9419635395043,77.3188084106901,114.31946092401,60.1324117846425,122.948350643223,75.5438214042847,127.87640706817
81.2214153645391,77.304195010149,42.5234664101404,77.9864158501814,81.1814760149721,124.083698179088,81.2106943626254,98.1815590532601,91.4575697778359,96.3904181690611,116.971872908234,74.1141570618063,170.614032632787,113.70811025102,93.9291483710754,160.025659321308,124.690981755544,84.213636017289,97.9419635395043,77.3188084106901,114.31946092401,60.1324117846425,122.948350643223,75.5438214042847,127.87640706817
81.2214153645391,77.304195010149,42.5234664101404,77.9864158501814,81.1814760149721,124.083698179088,81.2106943626254,98.1815590532601,91.4575697778359,96.3904181690611,116.971872908234,74.1141570618063,170.614032632787,113.70811025102,93.9291483710754,160.025659321308,124.690981755544,84.213636017289,97.9419635395043,77.3188084106901,114.31946092401,60.1324117846425,122.948350643223,75.5438214042847,127.87640706817
81.2214153645391,77.304195010149,42.5234664101404,77.9864158501814,81.1814760149721,124.083698179088,81.2106943626254,98.1815590532601,91.4575697778359,96.3904181690611,116.971872908234,74.1141570618063,170.614032632787,113.70811025102,93.9291483710754,160.025659321308,124.690981755544,84.213636017289,97.9419635395043,77.3188084106901,114.31946092401,60.1324117846425,122.948350643223,75.5438214042847,127.87640706817
81.2214153645391,77.304195010149,42.5234664101404,77.9864158501814,81.1814760149721,124.083698179088,81.2106943626254,98.1815590532601,91.4575697778359,96.3904181690611,116.971872908234,74.1141570618063,170.614032632787,113.70811025102,93.9291483710754,160.025659321308,124.690981755544,84.213636017289,97.9419635395043,77.3188084106901,114.31946092401,60.1324117846425,122.948350643223,75.5438214042847,127.87640706817
81.2214153645391,77.304195010149,42.5234664101404,77.9864158501814,81.1814760149721,124.083698179088,81.2106943626254,98.1815590532601,91.4575697778359,96.3904181690611,116.971872908234,74.1141570618063,170.614032632787,113.70811025102,93.9291483710754,160.025659321308,124.690981755544,84.213636017289,97.9419635395043,77.3188084106901,114.31946092401,60.1324117846425,122.948350643223,75.5438214042847,127.87640706817
81.2214153645391,77.304195010149,42.5234664101404,77.9864158501814,81.1814760149721,124.083698179088,81.2106943626254,98.1815590532601,91.4575697778359,96.3904181690611,116.971872908234,74.1141570618063,170.614032632787,113.70811025102,93.9291483710754,160.025659321308,124.690981755544,84.213636017289,97.9419635395043,77.3188084106901,114.31946092401,60.1324117846425,122.948350643223,75.5438214042847,127.87640706817
81.2214153645391,77.304195010149,42.5234664101404,77.9864158501814,81.1814760149721,124.083698179088,81.2106943626254,98.1815590532601,91.4575697778359,96.3904181690611,116.971872908234,74.1141570618063,170.614032632787,113.70811025102,93.9291483710754,160.025659321308,124.690981755544,84.213636017289,97.9419635395043,77.3188084106901,114.31946092401,60.1324117846425,122.948350643223,75.5438214042847,127.87640706817
81.2214153645391,77.304195010149,42.5234664101404,77.9864158501814,81.1814760149721,124.083698179088,81.2106943626254,98.1815590532601,91.4575697778359,96.3904181690611,116.971872908234,74.1141570618063,170.614032632787,113.70811025102,93.9291483710754,160.025659321308,124.690981755544,84.213636017289,97.9419635395043,77.3188084106901,114.31946092401,60.1324117846425,122.948350643223,75.5438214042847,127.87640706817
81.2214153645391,77.304195010149,42.5234664101404,77.9864158501814,81.1814760149721,124.083698179088,81.2106943626254,98.1815590532601,91.4575697778359,96.3904181690611,116.971872908234,74.1141570618063,170.614032632787,113.70811025102,93.9291483710754,160.025659321308,124.690981755544,84.213636017289,97.9419635395043,77.3188084106901,114.31946092401,60.1324117846425,122.948350643223,75.5438214042847,127.87640706817
81.2214153645391,77.304195010149,42.5234664101404,77.9864158501814,81.1814760149721,124.083698179088,81.2106943626254,98.1815590532601,91.4575697778359,96.3904181690611,116.971872908234,74.1141570618063,170.614032632787,113.70811025102,93.9291483710754,160.025659321308,124.690981755544,84.213636017289,97.9419635395043,77.3188084106901,114.31946092401,60.1324117846425,122.948350643223,75.5438214042847,127.87640706817
81.2214153645391,77.304195010149,42.5234664101404,77.9864158501814,81.1814760149721,124.083698179088,81.2106943626254,98.1815590532601,91.4575697778359,96.3904181690611,116.971872908234,74.1141570618063,170.614032632787,113.70811025102,93.9291483710754,160.025659321308,124.690981755544,84.213636017289,97.9419635395043,77.3188084106901,114.31946092401,60.1324117846425,122.948350643223,75.5438214042847,127.87640706817
81.2214153645391,77.304195010149,42.5234664101404,77.9864158501814,81.1814760149721,124.083698179088,81.2106943626254,98.1815590532601,91.4575697778359,96.3904181690611,116.971872908234,74.1141570618063,170.614032632787,113.70811025102,93.9291483710754,160.025659321308,124.690981755544,84.213636017289,97.9419635395043,77.3188084106901,114.31946092401,60.1324117846425,122.948350643223,75.5438214042847,127.87640706817
81.2214153645391,77.304195010149,42.5234664101404,77.9864158501814,81.1814760149721,124.083698179088,81.2106943626254,98.1815590532601,91.4575697778359,96.3904181690611,116.971872908234,74.1141570618063,170.614032632787,113.70811025102,93.9291483710754,160.025659321308,124.690981755544,84.213636017289,97.9419635395043,77.3188084106901,114.31946092401,60.1324117846425,122.948350643223,75.5438214042847,127.87640706817
81.2214153645391,77.304195010149,42.5234664101404,77.9864158501814,81.1814760149721,124.083698179088,81.2106943626254,98.1815590532601,91.4575697778359,96.3904181690611,116.971872908234,74.1141570618063,170.614032632787,113.70811025102,93.9291483710754,160.025659321308,124.690981755544,84.213636017289,97.9419635395043,77.3188084106901,114.31946092401,60.1324117846425,122.948350643223,75.5438214042847,127.87640706817
81.2214153645391,77.304195010149,42.5234664101404,77.9864158501814,81.1814760149721,124.083698179088,81.2106943626254,98.1815590532601,91.4575697778359,96.3904181690611,116.971872908234,74.1141570618063,170.614032632787,113.70811025102,93.9291483710754,160.025659321308,124.690981755544,84.213636017289,97.9419635395043,77.3188084106901,114.31946092401,60.1324117846425,122.948350643223,75.5438214042847,127.87640706817
81.2214153645391,77.304195010149,42.5234664101404,77.9864158501814,81.1814760149721,124.083698179088,81.2106943626254,98.1815590532601,91.4575697778359,96.3904181690611,116.971872908234,74.1141570618063,170.614032632787,113.70811025102,93.9291483710754,160.025659321308,124.690981755544,84.213636017289,97.9419635395043,77.3188084106901,114.31946092401,60.1324117846425,122.948350643223,75.5438214042847,127.87640706817
81.2214153645391,77.304195010149,42.5234664101404,77.9864158501814,81.1814760149721,124.083698179088,81.2106943626254,98.1815590532601,91.4575697778359,96.3904181690611,116.971872908234,74.1141570618063,170.614032632787,113.70811025102,93.9291483710754,160.025659321308,124.690981755544,84.213636017289,97.9419635395043,77.3188084106901,114.31946092401,60.1324117846425,122.948350643223,75.5438214042847,127.87640706817
81.2214153645391,77.304195010149,42.5234664101404,77.9864158501814,81.1814760149721,124.083698179088,81.2106943626254,98.1815590532601,91.4575697778359,96.3904181690611,116.971872908234,74.1141570618063,170.614032632787,113.70811025102,93.9291483710754,160.025659321308,124.690981755544,84.213636017289,97.9419635395043,77.3188084106901,114.31946092401,60.1324117846425,122.948350643223,75.5438214042847,127.87640706817
81.2214153645391,77.304195010149,42.5234664101404,77.9864158501814,81.1814760149721,124.083698179088,81.2106943626254,98.1815590532601,91.4575697778359,96.3904181690611,116.971872908234,74.1141570618063,170.614032632787,113.70811025102,93.9291483710754,160.025659321308,124.690981755544,84.213636017289,97.9419635395043,77.3188084106901,114.31946092401,60.1324117846425,122.948350643223,75.5438214042847,127.87640706817
81.2214153645391,77.304195010149,42.5234664101404,77.9864158501814,81.1814760149721,124.083698179088,81.2106943626254,98.1815590532601,91.4575697778359,96.3904181690611,116.971872908234,74.1141570618063,170.614032632787,113.70811025102,93.9291483710754,160.025659321308,124.690981755544,84.213636017289,97.9419635395043,77.3188084106901,114.31946092401,60.1324117846425,122.948350643223,75.5438214042847,127.87640706817
81.2214153645391,77.304195010149,42.5234664101404,77.9864158501814,81.1814760149721,124.083698179088,81.2106943626254,98.1815590532601,91.4575697778359,96.3904181690611,116.971872908234,74.1141570618063,170.614032632787,113.70811025102,93.9291483710754,160.025659321308,124.690981755544,84.213636017289,97.9419635395043,77.3188084106901,114.31946092401,60.1324117846425,122.948350643223,75.5438214042847,127.87640706817
81.2214153645391,77.304195010149,42.5234664101404,77.9864158501814,81.1814760149721,124.083698179088,81.2106943626254,98.1815590532601,91.4575697778359,96.3904181690611,116.971872908234,74.1141570618063,170.614032632787,113.70811025102,93.9291483710754,160.025659321308,124.690981755544,84.213636017289,97.9419635395043,77.3188084106901,114.31946092401,60.1324117846425,122.948350643223,75.5438214042847,127.87640706817
81.2214153645391,77.304195010149,42.5234664101404,77.9864158501814,81.1814760149721,124.083698179088,81.2106943626254,98.1815590532601,91.4575697778359,96.3904181690611,116.971872908234,74.1141570618063,170.614032632787,113.70811025102,93.9291483710754,160.025659321308,124.690981755544,84.213636017289,97.9419635395043,77.3188084106901,114.31946092401,60.1324117846425,122.948350643223,75.5438214042847,127.87640706817
81.2214153645391,77.304195010149,42.5234664101404,77.9864158501814,81.1814760149721,124.083698179088,81.2106943626254,98.1815590532601,91.4575697778359,96.3904181690611,116.971872908234,74.1141570618063,170.614032632787,113.70811025102,93.9291483710754,160.025659321308,124.690981755544,84.213636017289,97.9419635395043,77.3188084106901,114.31946092401,60.1324117846425,122.948350643223,75.5438214042847,127.87640706817
81.2214153645391,77.304195010149,42.5234664101404,77.9864158501814,81.1814760149721,124.083698179088,81.2106943626254,98.1815590532601,91.4575697778359,96.3904181690611,116.971872908234,74.1141570618063,170.614032632787,113.70811025102,93.9291483710754,160.025659321308,124.690981755544,84.213636017289,97.9419635395043,77.3188084106901,114.31946092401,60.1324117846425,122.948350643223,75.5438214042847,127.87640706817
81.2214153645391,77.304195010149,42.5234664101404,77.9864158501814,81.1814760149721,124.083698179088,81.2106943626254,98.1815590532601,91.4575697778359,96.3904181690611,116.971872908234,74.1141570618063,170.614032632787,113.70811025102,93.9291483710754,160.025659321308,124.690981755544,84.213636017289,97.9419635395043,77.3188084106901,114.31946092401,60.1324117846425,122.948350643223,75.5438214042847,127.87640706817
81.2214153645391,77.304195010149,42.5234664101404,77.9864158501814,81.1814760149721,124.083698179088,81.2106943626254,98.1815590532601,91.4575697778359,96.3904181690611,116.971872908234,74.1141570618063,170.614032632787,113.70811025102,93.9291483710754,160.025659321308,124.690981755544,84.213636017289,97.9419635395043,77.3188084106901,114.31946092401,60.1324117846425,122.948350643223,75.5438214042847,127.87640706817
81.2214153645391,77.304195010149,42.5234664101404,77.9864158501814,81.1814760149721,124.083698179088,81.2106943626254,98.1815590532601,91.4575697778359,96.3904181690611,116.971872908234,74.1141570618063,170.614032632787,113.70811025102,93.9291483710754,160.025659321308,124.690981755544,84.213636017289,97.9419635395043,77.3188084106901,114.31946092401,60.1324117846425,122.948350643223,75.5438214042847,127.87640706817
81.2214153645391,77.304195010149,42.5234664101404,77.9864158501814,81.1814760149721,124.083698179088,81.2106943626254,98.1815590532601,91.4575697778359,96.3904181690611,116.971872908234,74.1141570618063,170.614032632787,113.70811025102,93.9291483710754,160.025659321308,124.690981755544,84.213636017289,97.9419635395043,77.3188084106901,114.31946092401,60.1324117846425,122.948350643223,75.5438214042847,127.87640706817
81.2214153645391,77.304195010149,42.5234664101404,77.9864158501814,81.1814760149721,124.083698179088,81.2106943626254,98.1815590532601,91.4575697778359,96.3904181690611,116.971872908234,74.1141570618063,170.614032632787,113.70811025102,93.9291483710754,160.025659321308,124.690981755544,84.213636017289,97.9419635395043,77.3188084106901,114.31946092401,60.1324117846425,122.948350643223,75.5438214042847,127.87640706817
81.2214153645391,77.304195010149,42.5234664101404,77.9864158501814,81.1814760149721,124.083698179088,81.2106943626254,98.1815590532601,91.4575697778359,96.3904181690611,116.971872908234,74.1141570618063,170.614032632787,113.70811025102,93.9291483710754,160.025659321308,124.690981755544,84.213636017289,97.9419635395043,77.3188084106901,114.31946092401,60.1324117846425,122.948350643223,75.5438214042847,127.87640706817
81.2214153645391,77.304195010149,42.5234664101404,77.9864158501814,81.1814760149721,124.083698179088,81.2106943626254,98.1815590532601,91.4575697778359,96.3904181690611,116.971872908234,74.1141570618063,170.614032632787,113.70811025102,93.9291483710754,160.025659321308,124.690981755544,84.213636017289,97.9419635395043,77.3188084106901,114.31946092401,60.1324117846425,122.948350643223,75.5438214042847,127.87640706817
81.2214153645391,77.304195010149,42.5234664101404,77.9864158501814,81.1814760149721,124.083698179088,81.2106943626254,98.1815590532601,91.4575697778359,96.3904181690611,116.971872908234,74.1141570618063,170.614032632787,113.70811025102,93.9291483710754,160.025659321308,124.690981755544,84.213636017289,97.9419635395043,77.3188084106901,114.31946092401,60.1324117846425,122.948350643223,75.5438214042847,127.87640706817
81.2214153645391,77.304195010149,42.5234664101404,77.9864158501814,81.1814760149721,124.083698179088,81.2106943626254,98.1815590532601,91.4575697778359,96.3904181690611,116.971872908234,74.1141570618063,170.614032632787,113.70811025102,93.9291483710754,160.025659321308,124.690981755544,84.213636017289,97.9419635395043,77.3188084106901,114.31946092401,60.1324117846425,122.948350643223,75.5438214042847,127.87640706817
81.2214153645391,77.304195010149,42.5234664101404,77.9864158501814,81.1814760149721,124.083698179088,81.2106943626254,98.1815590532601,91.4575697778359,96.3904181690611,116.971872908234,74.1141570618063,170.614032632787,113.70811025102,93.9291483710754,160.025659321308,124.690981755544,84.213636017289,97.9419635395043,77.3188084106901,114.31946092401,60.1324117846425,122.948350643223,75.5438214042847,127.87640706817
81.2214153645391,77.304195010149,42.5234664101404,77.9864158501814,81.1814760149721,124.083698179088,81.2106943626254,98.1815590532601,91.4575697778359,96.3904181690611,116.971872908234,74.1141570618063,170.614032632787,113.70811025102,93.9291483710754,160.025659321308,124.690981755544,84.213636017289,97.9419635395043,77.3188084106901,114.31946092401,60.1324117846425,122.948350643223,75.5438214042847,127.87640706817
81.2214153645391,77.304195010149,42.5234664101404,77.9864158501814,81.1814760149721,124.083698179088,81.2106943626254,98.1815590532601,91.4575697778359,96.3904181690611,116.971872908234,74.1141570618063,170.614032632787,113.70811025102,93.9291483710754,160.025659321308,124.690981755544,84.213636017289,97.9419635395043,77.3188084106901,114.31946092401,60.1324117846425,122.948350643223,75.5438214042847,127.87640706817
81.2214153645391,77.304195010149,42.5234664101404,77.9864158501814,81.1814760149721,124.083698179088,81.2106943626254,98.1815590532601,91.4575697778359,96.3904181690611,116.971872908234,74.1141570618063,170.614032632787,113.70811025102,93.9291483710754,160.025659321308,124.690981755544,84.213636017289,97.9419635395043,77.3188084106901,114.31946092401,60.1324117846425,122.948350643223,75.5438214042847,127.87640706817
81.2214153645391,77.304195010149,42.5234664101404,77.9864158501814,81.1814760149721,124.083698179088,81.2106943626254,98.1815590532601,91.4575697778359,96.3904181690611,116.971872908234,74.1141570618063,170.614032632787,113.70811025102,93.9291483710754,160.025659321308,124.690981755544,84.213636017289,97.9419635395043,77.3188084106901,114.31946092401,60.1324117846425,122.948350643223,75.5438214042847,127.87640706817
81.2214153645391,77.304195010149,42.5234664101404,77.9864158501814,81.1814760149721,124.083698179088,81.2106943626254,98.1815590532601,91.4575697778359,96.3904181690611,116.971872908234,74.1141570618063,170.614032632787,113.70811025102,93.9291483710754,160.025659321308,124.690981755544,84.213636017289,97.9419635395043,77.3188084106901,114.31946092401,60.1324117846425,122.948350643223,75.5438214042847,127.87640706817
81.2214153645391,77.304195010149,42.5234664101404,77.9864158501814,81.1814760149721,124.083698179088,81.2106943626254,98.1815590532601,91.4575697778359,96.3904181690611,116.971872908234,74.1141570618063,170.614032632787,113.70811025102,93.9291483710754,160.025659321308,124.690981755544,84.213636017289,97.9419635395043,77.3188084106901,114.31946092401,60.1324117846425,122.948350643223,75.5438214042847,127.87640706817
81.2214153645391,77.304195010149,42.5234664101404,77.9864158501814,81.1814760149721,124.083698179088,81.2106943626254,98.1815590532601,91.4575697778359,96.3904181690611,116.971872908234,74.1141570618063,170.614032632787,113.70811025102,93.9291483710754,160.025659321308,124.690981755544,84.213636017289,97.9419635395043,77.3188084106901,114.31946092401,60.1324117846425,122.948350643223,75.5438214042847,127.87640706817
81.2214153645391,77.304195010149,42.5234664101404,77.9864158501814,81.1814760149721,124.083698179088,81.2106943626254,98.1815590532601,91.4575697778359,96.3904181690611,116.971872908234,74.1141570618063,170.614032632787,113.70811025102,93.9291483710754,160.025659321308,124.690981755544,84.213636017289,97.9419635395043,77.3188084106901,114.31946092401,60.1324117846425,122.948350643223,75.5438214042847,127.87640706817
81.2214153645391,77.304195010149,42.5234664101404,77.9864158501814,81.1814760149721,124.083698179088,81.2106943626254,98.1815590532601,91.4575697778359,96.3904181690611,116.971872908234,74.1141570618063,170.614032632787,113.70811025102,93.9291483710754,160.025659321308,124.690981755544,84.213636017289,97.9419635395043,77.3188084106901,114.31946092401,60.1324117846425,122.948350643223,75.5438214042847,127.87640706817
81.2214153645391,77.304195010149,42.5234664101404,77.9864158501814,81.1814760149721,124.083698179088,81.2106943626254,98.1815590532601,91.4575697778359,96.3904181690611,116.971872908234,74.1141570618063,170.614032632787,113.70811025102,93.9291483710754,160.025659321308,124.690981755544,84.213636017289,97.9419635395043,77.3188084106901,114.31946092401,60.1324117846425,122.948350643223,75.5438214042847,127.87640706817
81.2214153645391,77.304195010149,42.5234664101404,77.9864158501814,81.1814760149721,124.083698179088,81.2106943626254,98.1815590532601,91.4575697778359,96.3904181690611,116.971872908234,74.1141570618063,170.614032632787,113.70811025102,93.9291483710754,160.025659321308,124.690981755544,84.213636017289,97.9419635395043,77.3188084106901,114.31946092401,60.1324117846425,122.948350643223,75.5438214042847,127.87640706817
81.2214153645391,77.304195010149,42.5234664101404,77.9864158501814,81.1814760149721,124.083698179088,81.2106943626254,98.1815590532601,91.4575697778359,96.3904181690611,116.971872908234,74.1141570618063,170.614032632787,113.70811025102,93.9291483710754,160.025659321308,124.690981755544,84.213636017289,97.9419635395043,77.3188084106901,114.31946092401,60.1324117846425,122.948350643223,75.5438214042847,127.87640706817
81.2214153645391,77.304195010149,42.5234664101404,77.9864158501814,81.1814760149721,124.083698179088,81.2106943626254,98.1815590532601,91.4575697778359,96.3904181690611,116.971872908234,74.1141570618063,170.614032632787,113.70811025102,93.9291483710754,160.025659321308,124.690981755544,84.213636017289,97.9419635395043,77.3188084106901,114.31946092401,60.1324117846425,122.948350643223,75.5438214042847,127.87640706817
81.2214153645391,77.304195010149,42.5234664101404,77.9864158501814,81.1814760149721,124.083698179088,81.2106943626254,98.1815590532601,91.4575697778359,96.3904181690611,116.971872908234,74.1141570618063,170.614032632787,113.70811025102,93.9291483710754,160.025659321308,124.690981755544,84.213636017289,97.9419635395043,77.3188084106901,114.31946092401,60.1324117846425,122.948350643223,75.5438214042847,127.87640706817
81.2214153645391,77.304195010149,42.5234664101404,77.9864158501814,81.1814760149721,124.083698179088,81.2106943626254,98.1815590532601,91.4575697778359,96.3904181690611,116.971872908234,74.1141570618063,170.614032632787,113.70811025102,93.9291483710754,160.025659321308,124.690981755544,84.213636017289,97.9419635395043,77.3188084106901,114.31946092401,60.1324117846425,122.948350643223,75.5438214042847,127.87640706817
81.2214153645391,77.304195010149,42.5234664101404,77.9864158501814,81.1814760149721,124.083698179088,81.2106943626254,98.1815590532601,91.4575697778359,96.3904181690611,116.971872908234,74.1141570618063,170.614032632787,113.70811025102,93.9291483710754,160.025659321308,124.690981755544,84.213636017289,97.9419635395043,77.3188084106901,114.31946092401,60.1324117846425,122.948350643223,75.5438214042847,127.87640706817
81.2214153645391,77.304195010149,42.5234664101404,77.9864158501814,81.1814760149721,124.083698179088,81.2106943626254,98.1815590532601,91.4575697778359,96.3904181690611,116.971872908234,74.1141570618063,170.614032632787,113.70811025102,93.9291483710754,160.025659321308,124.690981755544,84.213636017289,97.9419635395043,77.3188084106901,114.31946092401,60.1324117846425,122.948350643223,75.5438214042847,127.87640706817
81.2214153645391,77.304195010149,42.5234664101404,77.9864158501814,81.1814760149721,124.083698179088,81.2106943626254,98.1815590532601,91.4575697778359,96.3904181690611,116.971872908234,74.1141570618063,170.614032632787,113.70811025102,93.9291483710754,160.025659321308,124.690981755544,84.213636017289,97.9419635395043,77.3188084106901,114.31946092401,60.1324117846425,122.948350643223,75.5438214042847,127.87640706817
81.2214153645391,77.304195010149,42.5234664101404,77.9864158501814,81.1814760149721,124.083698179088,81.2106943626254,98.1815590532601,91.4575697778359,96.3904181690611,116.971872908234,74.1141570618063,170.614032632787,113.70811025102,93.9291483710754,160.025659321308,124.690981755544,84.213636017289,97.9419635395043,77.3188084106901,114.31946092401,60.1324117846425,122.948350643223,75.5438214042847,127.87640706817
81.2214153645391,77.304195010149,42.5234664101404,77.9864158501814,81.1814760149721,124.083698179088,81.2106943626254,98.1815590532601,91.4575697778359,96.3904181690611,116.971872908234,74.1141570618063,170.614032632787,113.70811025102,93.9291483710754,160.025659321308,124.690981755544,84.213636017289,97.9419635395043,77.3188084106901,114.31946092401,60.1324117846425,122.948350643223,75.5438214042847,127.87640706817
81.2214153645391,77.304195010149,42.5234664101404,77.9864158501814,81.1814760149721,124.083698179088,81.2106943626254,98.1815590532601,91.4575697778359,96.3904181690611,116.971872908234,74.1141570618063,170.614032632787,113.70811025102,93.9291483710754,160.025659321308,124.690981755544,84.213636017289,97.9419635395043,77.3188084106901,114.31946092401,60.1324117846425,122.948350643223,75.5438214042847,127.87640706817
81.2214153645391,77.304195010149,42.5234664101404,77.9864158501814,81.1814760149721,124.083698179088,81.2106943626254,98.1815590532601,91.4575697778359,96.3904181690611,116.971872908234,74.1141570618063,170.614032632787,113.70811025102,93.9291483710754,160.025659321308,124.690981755544,84.213636017289,97.9419635395043,77.3188084106901,114.31946092401,60.1324117846425,122.948350643223,75.5438214042847,127.87640706817
81.2214153645391,77.304195010149,42.5234664101404,77.9864158501814,81.1814760149721,124.083698179088,81.2106943626254,98.1815590532601,91.4575697778359,96.3904181690611,116.971872908234,74.1141570618063,170.614032632787,113.70811025102,93.9291483710754,160.025659321308,124.690981755544,84.213636017289,97.9419635395043,77.3188084106901,114.31946092401,60.1324117846425,122.948350643223,75.5438214042847,127.87640706817
81.2214153645391,77.304195010149,42.5234664101404,77.9864158501814,81.1814760149721,124.083698179088,81.2106943626254,98.1815590532601,91.4575697778359,96.3904181690611,116.971872908234,74.1141570618063,170.614032632787,113.70811025102,93.9291483710754,160.025659321308,124.690981755544,84.213636017289,97.9419635395043,77.3188084106901,114.31946092401,60.1324117846425,122.948350643223,75.5438214042847,127.87640706817
81.2214153645391,77.304195010149,42.5234664101404,77.9864158501814,81.1814760149721,124.083698179088,81.2106943626254,98.1815590532601,91.4575697778359,96.3904181690611,116.971872908234,74.1141570618063,170.614032632787,113.70811025102,93.9291483710754,160.025659321308,124.690981755544,84.213636017289,97.9419635395043,77.3188084106901,114.31946092401,60.1324117846425,122.948350643223,75.5438214042847,127.87640706817
81.2214153645391,77.304195010149,42.5234664101404,77.9864158501814,81.1814760149721,124.083698179088,81.2106943626254,98.1815590532601,91.4575697778359,96.3904181690611,116.971872908234,74.1141570618063,170.614032632787,113.70811025102,93.9291483710754,160.025659321308,124.690981755544,84.213636017289,97.9419635395043,77.3188084106901,114.31946092401,60.1324117846425,122.948350643223,75.5438214042847,127.87640706817
81.2214153645391,77.304195010149,42.5234664101404,77.9864158501814,81.1814760149721,124.083698179088,81.2106943626254,98.1815590532601,91.4575697778359,96.3904181690611,116.971872908234,74.1141570618063,170.614032632787,113.70811025102,93.9291483710754,160.025659321308,124.690981755544,84.213636017289,97.9419635395043,77.3188084106901,114.31946092401,60.1324117846425,122.948350643223,75.5438214042847,127.87640706817
81.2214153645391,77.304195010149,42.5234664101404,77.9864158501814,81.1814760149721,124.083698179088,81.2106943626254,98.1815590532601,91.4575697778359,96.3904181690611,116.971872908234,74.1141570618063,170.614032632787,113.70811025102,93.9291483710754,160.025659321308,124.690981755544,84.213636017289,97.9419635395043,77.3188084106901,114.31946092401,60.1324117846425,122.948350643223,75.5438214042847,127.87640706817
81.2214153645391,77.304195010149,42.5234664101404,77.9864158501814,81.1814760149721,124.083698179088,81.2106943626254,98.1815590532601,91.4575697778359,96.3904181690611,116.971872908234,74.1141570618063,170.614032632787,113.70811025102,93.9291483710754,160.025659321308,124.690981755544,84.213636017289,97.9419635395043,77.3188084106901,114.31946092401,60.1324117846425,122.948350643223,75.5438214042847,127.87640706817
81.2214153645391,77.304195010149,42.5234664101404,77.9864158501814,81.1814760149721,124.083698179088,81.2106943626254,98.1815590532601,91.4575697778359,96.3904181690611,116.971872908234,74.1141570618063,170.614032632787,113.70811025102,93.9291483710754,160.025659321308,124.690981755544,84.213636017289,97.9419635395043,77.3188084106901,114.31946092401,60.1324117846425,122.948350643223,75.5438214042847,127.87640706817
81.2214153645391,77.304195010149,42.5234664101404,77.9864158501814,81.1814760149721,124.083698179088,81.2106943626254,98.1815590532601,91.4575697778359,96.3904181690611,116.971872908234,74.1141570618063,170.614032632787,113.70811025102,93.9291483710754,160.025659321308,124.690981755544,84.213636017289,97.9419635395043,77.3188084106901,114.31946092401,60.1324117846425,122.948350643223,75.5438214042847,127.87640706817
81.2214153645391,77.304195010149,42.5234664101404,77.9864158501814,81.1814760149721,124.083698179088,81.2106943626254,98.1815590532601,91.4575697778359,96.3904181690611,116.971872908234,74.1141570618063,170.614032632787,113.70811025102,93.9291483710754,160.025659321308,124.690981755544,84.213636017289,97.9419635395043,77.3188084106901,114.31946092401,60.1324117846425,122.948350643223,75.5438214042847,127.87640706817
81.2214153645391,77.304195010149,42.5234664101404,77.9864158501814,81.1814760149721,124.083698179088,81.2106943626254,98.1815590532601,91.4575697778359,96.3904181690611,116.971872908234,74.1141570618063,170.614032632787,113.70811025102,93.9291483710754,160.025659321308,124.690981755544,84.213636017289,97.9419635395043,77.3188084106901,114.31946092401,60.1324117846425,122.948350643223,75.5438214042847,127.87640706817
81.2214153645391,77.304195010149,42.5234664101404,77.9864158501814,81.1814760149721,124.083698179088,81.2106943626254,98.1815590532601,91.4575697778359,96.3904181690611,116.971872908234,74.1141570618063,170.614032632787,113.70811025102,93.9291483710754,160.025659321308,124.690981755544,84.213636017289,97.9419635395043,77.3188084106901,114.31946092401,60.1324117846425,122.948350643223,75.5438214042847,127.87640706817
81.2214153645391,77.304195010149,42.5234664101404,77.9864158501814,81.1814760149721,124.083698179088,81.2106943626254,98.1815590532601,91.4575697778359,96.3904181690611,116.971872908234,74.1141570618063,170.614032632787,113.70811025102,93.9291483710754,160.025659321308,124.690981755544,84.213636017289,97.9419635395043,77.3188084106901,114.31946092401,60.1324117846425,122.948350643223,75.5438214042847,127.87640706817
81.2214153645391,77.304195010149,42.5234664101404,77.9864158501814,81.1814760149721,124.083698179088,81.2106943626254,98.1815590532601,91.4575697778359,96.3904181690611,116.971872908234,74.1141570618063,170.614032632787,113.70811025102,93.9291483710754,160.025659321308,124.690981755544,84.213636017289,97.9419635395043,77.3188084106901,114.31946092401,60.1324117846425,122.948350643223,75.5438214042847,127.87640706817
81.2214153645391,77.304195010149,42.5234664101404,77.9864158501814,81.1814760149721,124.083698179088,81.2106943626254,98.1815590532601,91.4575697778359,96.3904181690611,116.971872908234,74.1141570618063,170.614032632787,113.70811025102,93.9291483710754,160.025659321308,124.690981755544,84.213636017289,97.9419635395043,77.3188084106901,114.31946092401,60.1324117846425,122.948350643223,75.5438214042847,127.87640706817
81.2214153645391,77.304195010149,42.5234664101404,77.9864158501814,81.1814760149721,124.083698179088,81.2106943626254,98.1815590532601,91.4575697778359,96.3904181690611,116.971872908234,74.1141570618063,170.614032632787,113.70811025102,93.9291483710754,160.025659321308,124.690981755544,84.213636017289,97.9419635395043,77.3188084106901,114.31946092401,60.1324117846425,122.948350643223,75.5438214042847,127.87640706817
81.2214153645391,77.304195010149,42.5234664101404,77.9864158501814,81.1814760149721,124.083698179088,81.2106943626254,98.1815590532601,91.4575697778359,96.3904181690611,116.971872908234,74.1141570618063,170.614032632787,113.70811025102,93.9291483710754,160.025659321308,124.690981755544,84.213636017289,97.9419635395043,77.3188084106901,114.31946092401,60.1324117846425,122.948350643223,75.5438214042847,127.87640706817
81.2214153645391,77.304195010149,42.5234664101404,77.9864158501814,81.1814760149721,124.083698179088,81.2106943626254,98.1815590532601,91.4575697778359,96.3904181690611,116.971872908234,74.1141570618063,170.614032632787,113.70811025102,93.9291483710754,160.025659321308,124.690981755544,84.213636017289,97.9419635395043,77.3188084106901,114.31946092401,60.1324117846425,122.948350643223,75.5438214042847,127.87640706817
81.2214153645391,77.304195010149,42.5234664101404,77.9864158501814,81.1814760149721,124.083698179088,81.2106943626254,98.1815590532601,91.4575697778359,96.3904181690611,116.971872908234,74.1141570618063,170.614032632787,113.70811025102,93.9291483710754,160.025659321308,124.690981755544,84.213636017289,97.9419635395043,77.3188084106901,114.31946092401,60.1324117846425,122.948350643223,75.5438214042847,127.87640706817
81.2214153645391,77.304195010149,42.5234664101404,77.9864158501814,81.1814760149721,124.083698179088,81.2106943626254,98.1815590532601,91.4575697778359,96.3904181690611,116.971872908234,74.1141570618063,170.614032632787,113.70811025102,93.9291483710754,160.025659321308,124.690981755544,84.213636017289,97.9419635395043,77.3188084106901,114.31946092401,60.1324117846425,122.948350643223,75.5438214042847,127.87640706817
81.2214153645391,77.304195010149,42.5234664101404,77.9864158501814,81.1814760149721,124.083698179088,81.2106943626254,98.1815590532601,91.4575697778359,96.3904181690611,116.971872908234,74.1141570618063,170.614032632787,113.70811025102,93.9291483710754,160.025659321308,124.690981755544,84.213636017289,97.9419635395043,77.3188084106901,114.31946092401,60.1324117846425,122.948350643223,75.5438214042847,127.87640706817
81.2214153645391,77.304195010149,42.5234664101404,77.9864158501814,81.1814760149721,124.083698179088,81.2106943626254,98.1815590532601,91.4575697778359,96.3904181690611,116.971872908234,74.1141570618063,170.614032632787,113.70811025102,93.9291483710754,160.025659321308,124.690981755544,84.213636017289,97.9419635395043,77.3188084106901,114.31946092401,60.1324117846425,122.948350643223,75.5438214042847,127.87640706817
81.2214153645391,77.304195010149,42.5234664101404,77.9864158501814,81.1814760149721,124.083698179088,81.2106943626254,98.1815590532601,91.4575697778359,96.3904181690611,116.971872908234,74.1141570618063,170.614032632787,113.70811025102,93.9291483710754,160.025659321308,124.690981755544,84.213636017289,97.9419635395043,77.3188084106901,114.31946092401,60.1324117846425,122.948350643223,75.5438214042847,127.87640706817
81.2214153645391,77.304195010149,42.5234664101404,77.9864158501814,81.1814760149721,124.083698179088,81.2106943626254,98.1815590532601,91.4575697778359,96.3904181690611,116.971872908234,74.1141570618063,170.614032632787,113.70811025102,93.9291483710754,160.025659321308,124.690981755544,84.213636017289,97.9419635395043,77.3188084106901,114.31946092401,60.1324117846425,122.948350643223,75.5438214042847,127.87640706817
81.2214153645391,77.304195010149,42.5234664101404,77.9864158501814,81.1814760149721,124.083698179088,81.2106943626254,98.1815590532601,91.4575697778359,96.3904181690611,116.971872908234,74.1141570618063,170.614032632787,113.70811025102,93.9291483710754,160.025659321308,124.690981755544,84.213636017289,97.9419635395043,77.3188084106901,114.31946092401,60.1324117846425,122.948350643223,75.5438214042847,127.87640706817
81.2214153645391,77.304195010149,42.5234664101404,77.9864158501814,81.1814760149721,124.083698179088,81.2106943626254,98.1815590532601,91.4575697778359,96.3904181690611,116.971872908234,74.1141570618063,170.614032632787,113.70811025102,93.9291483710754,160.025659321308,124.690981755544,84.213636017289,97.9419635395043,77.3188084106901,114.31946092401,60.1324117846425,122.948350643223,75.5438214042847,127.87640706817
81.2214153645391,77.304195010149,42.5234664101404,77.9864158501814,81.1814760149721,124.083698179088,81.2106943626254,98.1815590532601,91.4575697778359,96.3904181690611,116.971872908234,74.1141570618063,170.614032632787,113.70811025102,93.9291483710754,160.025659321308,124.690981755544,84.213636017289,97.9419635395043,77.3188084106901,114.31946092401,60.1324117846425,122.948350643223,75.5438214042847,127.87640706817
81.2214153645391,77.304195010149,42.5234664101404,77.9864158501814,81.1814760149721,124.083698179088,81.2106943626254,98.1815590532601,91.4575697778359,96.3904181690611,116.971872908234,74.1141570618063,170.614032632787,113.70811025102,93.9291483710754,160.025659321308,124.690981755544,84.213636017289,97.9419635395043,77.3188084106901,114.31946092401,60.1324117846425,122.948350643223,75.5438214042847,127.87640706817
81.2214153645391,77.304195010149,42.5234664101404,77.9864158501814,81.1814760149721,124.083698179088,81.2106943626254,98.1815590532601,91.4575697778359,96.3904181690611,116.971872908234,74.1141570618063,170.614032632787,113.70811025102,93.9291483710754,160.025659321308,124.690981755544,84.213636017289,97.9419635395043,77.3188084106901,114.31946092401,60.1324117846425,122.948350643223,75.5438214042847,127.87640706817
81.2214153645391,77.304195010149,42.5234664101404,77.9864158501814,81.1814760149721,124.083698179088,81.2106943626254,98.1815590532601,91.4575697778359,96.3904181690611,116.971872908234,74.1141570618063,170.614032632787,113.70811025102,93.9291483710754,160.025659321308,124.690981755544,84.213636017289,97.9419635395043,77.3188084106901,114.31946092401,60.1324117846425,122.948350643223,75.5438214042847,127.87640706817
81.2214153645391,77.304195010149,42.5234664101404,77.9864158501814,81.1814760149721,124.083698179088,81.2106943626254,98.1815590532601,91.4575697778359,96.3904181690611,116.971872908234,74.1141570618063,170.614032632787,113.70811025102,93.9291483710754,160.025659321308,124.690981755544,84.213636017289,97.9419635395043,77.3188084106901,114.31946092401,60.1324117846425,122.948350643223,75.5438214042847,127.87640706817
81.2214153645391,77.304195010149,42.5234664101404,77.9864158501814,81.1814760149721,124.083698179088,81.2106943626254,98.1815590532601,91.4575697778359,96.3904181690611,116.971872908234,74.1141570618063,170.614032632787,113.70811025102,93.9291483710754,160.025659321308,124.690981755544,84.213636017289,97.9419635395043,77.3188084106901,114.31946092401,60.1324117846425,122.948350643223,75.5438214042847,127.87640706817
81.2214153645391,77.304195010149,42.5234664101404,77.9864158501814,81.1814760149721,124.083698179088,81.2106943626254,98.1815590532601,91.4575697778359,96.3904181690611,116.971872908234,74.1141570618063,170.614032632787,113.70811025102,93.9291483710754,160.025659321308,124.690981755544,84.213636017289,97.9419635395043,77.3188084106901,114.31946092401,60.1324117846425,122.948350643223,75.5438214042847,127.87640706817
81.2214153645391,77.304195010149,42.5234664101404,77.9864158501814,81.1814760149721,124.083698179088,81.2106943626254,98.1815590532601,91.4575697778359,96.3904181690611,116.971872908234,74.1141570618063,170.614032632787,113.70811025102,93.9291483710754,160.025659321308,124.690981755544,84.213636017289,97.9419635395043,77.3188084106901,114.31946092401,60.1324117846425,122.948350643223,75.5438214042847,127.87640706817
81.2214153645391,77.304195010149,42.5234664101404,77.9864158501814,81.1814760149721,124.083698179088,81.2106943626254,98.1815590532601,91.4575697778359,96.3904181690611,116.971872908234,74.1141570618063,170.614032632787,113.70811025102,93.9291483710754,160.025659321308,124.690981755544,84.213636017289,97.9419635395043,77.3188084106901,114.31946092401,60.1324117846425,122.948350643223,75.5438214042847,127.87640706817
81.2214153645391,77.304195010149,42.5234664101404,77.9864158501814,81.1814760149721,124.083698179088,81.2106943626254,98.1815590532601,91.4575697778359,96.3904181690611,116.971872908234,74.1141570618063,170.614032632787,113.70811025102,93.9291483710754,160.025659321308,124.690981755544,84.213636017289,97.9419635395043,77.3188084106901,114.31946092401,60.1324117846425,122.948350643223,75.5438214042847,127.87640706817
81.2214153645391,77.304195010149,42.5234664101404,77.9864158501814,81.1814760149721,124.083698179088,81.2106943626254,98.1815590532601,91.4575697778359,96.3904181690611,116.971872908234,74.1141570618063,170.614032632787,113.70811025102,93.9291483710754,160.025659321308,124.690981755544,84.213636017289,97.9419635395043,77.3188084106901,114.31946092401,60.1324117846425,122.948350643223,75.5438214042847,127.87640706817
81.2214153645391,77.304195010149,42.5234664101404,77.9864158501814,81.1814760149721,124.083698179088,81.2106943626254,98.1815590532601,91.4575697778359,96.3904181690611,116.971872908234,74.1141570618063,170.614032632787,113.70811025102,93.9291483710754,160.025659321308,124.690981755544,84.213636017289,97.9419635395043,77.3188084106901,114.31946092401,60.1324117846425,122.948350643223,75.5438214042847,127.87640706817
81.2214153645391,77.304195010149,42.5234664101404,77.9864158501814,81.1814760149721,124.083698179088,81.2106943626254,98.1815590532601,91.4575697778359,96.3904181690611,116.971872908234,74.1141570618063,170.614032632787,113.70811025102,93.9291483710754,160.025659321308,124.690981755544,84.213636017289,97.9419635395043,77.3188084106901,114.31946092401,60.1324117846425,122.948350643223,75.5438214042847,127.87640706817
81.2214153645391,77.304195010149,42.5234664101404,77.9864158501814,81.1814760149721,124.083698179088,81.2106943626254,98.1815590532601,91.4575697778359,96.3904181690611,116.971872908234,74.1141570618063,170.614032632787,113.70811025102,93.9291483710754,160.025659321308,124.690981755544,84.213636017289,97.9419635395043,77.3188084106901,114.31946092401,60.1324117846425,122.948350643223,75.5438214042847,127.87640706817
81.2214153645391,77.304195010149,42.5234664101404,77.9864158501814,81.1814760149721,124.083698179088,81.2106943626254,98.1815590532601,91.4575697778359,96.3904181690611,116.971872908234,74.1141570618063,170.614032632787,113.70811025102,93.9291483710754,160.025659321308,124.690981755544,84.213636017289,97.9419635395043,77.3188084106901,114.31946092401,60.1324117846425,122.948350643223,75.5438214042847,127.87640706817
81.2214153645391,77.304195010149,42.5234664101404,77.9864158501814,81.1814760149721,124.083698179088,81.2106943626254,98.1815590532601,91.4575697778359,96.3904181690611,116.971872908234,74.1141570618063,170.614032632787,113.70811025102,93.9291483710754,160.025659321308,124.690981755544,84.213636017289,97.9419635395043,77.3188084106901,114.31946092401,60.1324117846425,122.948350643223,75.5438214042847,127.87640706817
81.2214153645391,77.304195010149,42.5234664101404,77.9864158501814,81.1814760149721,124.083698179088,81.2106943626254,98.1815590532601,91.4575697778359,96.3904181690611,116.971872908234,74.1141570618063,170.614032632787,113.70811025102,93.9291483710754,160.025659321308,124.690981755544,84.213636017289,97.9419635395043,77.3188084106901,114.31946092401,60.1324117846425,122.948350643223,75.5438214042847,127.87640706817
81.2214153645391,77.304195010149,42.5234664101404,77.9864158501814,81.1814760149721,124.083698179088,81.2106943626254,98.1815590532601,91.4575697778359,96.3904181690611,116.971872908234,74.1141570618063,170.614032632787,113.70811025102,93.9291483710754,160.025659321308,124.690981755544,84.213636017289,97.9419635395043,77.3188084106901,114.31946092401,60.1324117846425,122.948350643223,75.5438214042847,127.87640706817
81.2214153645391,77.304195010149,42.5234664101404,77.9864158501814,81.1814760149721,124.083698179088,81.2106943626254,98.1815590532601,91.4575697778359,96.3904181690611,116.971872908234,74.1141570618063,170.614032632787,113.70811025102,93.9291483710754,160.025659321308,124.690981755544,84.213636017289,97.9419635395043,77.3188084106901,114.31946092401,60.1324117846425,122.948350643223,75.5438214042847,127.87640706817
81.2214153645391,77.304195010149,42.5234664101404,77.9864158501814,81.1814760149721,124.083698179088,81.2106943626254,98.1815590532601,91.4575697778359,96.3904181690611,116.971872908234,74.1141570618063,170.614032632787,113.70811025102,93.9291483710754,160.025659321308,124.690981755544,84.213636017289,97.9419635395043,77.3188084106901,114.31946092401,60.1324117846425,122.948350643223,75.5438214042847,127.87640706817
81.2214153645391,77.304195010149,42.5234664101404,77.9864158501814,81.1814760149721,124.083698179088,81.2106943626254,98.1815590532601,91.4575697778359,96.3904181690611,116.971872908234,74.1141570618063,170.614032632787,113.70811025102,93.9291483710754,160.025659321308,124.690981755544,84.213636017289,97.9419635395043,77.3188084106901,114.31946092401,60.1324117846425,122.948350643223,75.5438214042847,127.87640706817
81.2214153645391,77.304195010149,42.5234664101404,77.9864158501814,81.1814760149721,124.083698179088,81.2106943626254,98.1815590532601,91.4575697778359,96.3904181690611,116.971872908234,74.1141570618063,170.614032632787,113.70811025102,93.9291483710754,160.025659321308,124.690981755544,84.213636017289,97.9419635395043,77.3188084106901,114.31946092401,60.1324117846425,122.948350643223,75.5438214042847,127.87640706817
81.2214153645391,77.304195010149,42.5234664101404,77.9864158501814,81.1814760149721,124.083698179088,81.2106943626254,98.1815590532601,91.4575697778359,96.3904181690611,116.971872908234,74.1141570618063,170.614032632787,113.70811025102,93.9291483710754,160.025659321308,124.690981755544,84.213636017289,97.9419635395043,77.3188084106901,114.31946092401,60.1324117846425,122.948350643223,75.5438214042847,127.87640706817
81.2214153645391,77.304195010149,42.5234664101404,77.9864158501814,81.1814760149721,124.083698179088,81.2106943626254,98.1815590532601,91.4575697778359,96.3904181690611,116.971872908234,74.1141570618063,170.614032632787,113.70811025102,93.9291483710754,160.025659321308,124.690981755544,84.213636017289,97.9419635395043,77.3188084106901,114.31946092401,60.1324117846425,122.948350643223,75.5438214042847,127.87640706817
81.2214153645391,77.304195010149,42.5234664101404,77.9864158501814,81.1814760149721,124.083698179088,81.2106943626254,98.1815590532601,91.4575697778359,96.3904181690611,116.971872908234,74.1141570618063,170.614032632787,113.70811025102,93.9291483710754,160.025659321308,124.690981755544,84.213636017289,97.9419635395043,77.3188084106901,114.31946092401,60.1324117846425,122.948350643223,75.5438214042847,127.87640706817
81.2214153645391,77.304195010149,42.5234664101404,77.9864158501814,81.1814760149721,124.083698179088,81.2106943626254,98.1815590532601,91.4575697778359,96.3904181690611,116.971872908234,74.1141570618063,170.614032632787,113.70811025102,93.9291483710754,160.025659321308,124.690981755544,84.213636017289,97.9419635395043,77.3188084106901,114.31946092401,60.1324117846425,122.948350643223,75.5438214042847,127.87640706817
81.2214153645391,77.304195010149,42.5234664101404,77.9864158501814,81.1814760149721,124.083698179088,81.2106943626254,98.1815590532601,91.4575697778359,96.3904181690611,116.971872908234,74.1141570618063,170.614032632787,113.70811025102,93.9291483710754,160.025659321308,124.690981755544,84.213636017289,97.9419635395043,77.3188084106901,114.31946092401,60.1324117846425,122.948350643223,75.5438214042847,127.87640706817
81.2214153645391,77.304195010149,42.5234664101404,77.9864158501814,81.1814760149721,124.083698179088,81.2106943626254,98.1815590532601,91.4575697778359,96.3904181690611,116.971872908234,74.1141570618063,170.614032632787,113.70811025102,93.9291483710754,160.025659321308,124.690981755544,84.213636017289,97.9419635395043,77.3188084106901,114.31946092401,60.1324117846425,122.948350643223,75.5438214042847,127.87640706817
81.2214153645391,77.304195010149,42.5234664101404,77.9864158501814,81.1814760149721,124.083698179088,81.2106943626254,98.1815590532601,91.4575697778359,96.3904181690611,116.971872908234,74.1141570618063,170.614032632787,113.70811025102,93.9291483710754,160.025659321308,124.690981755544,84.213636017289,97.9419635395043,77.3188084106901,114.31946092401,60.1324117846425,122.948350643223,75.5438214042847,127.87640706817
81.2214153645391,77.304195010149,42.5234664101404,77.9864158501814,81.1814760149721,124.083698179088,81.2106943626254,98.1815590532601,91.4575697778359,96.3904181690611,116.971872908234,74.1141570618063,170.614032632787,113.70811025102,93.9291483710754,160.025659321308,124.690981755544,84.213636017289,97.9419635395043,77.3188084106901,114.31946092401,60.1324117846425,122.948350643223,75.5438214042847,127.87640706817
81.2214153645391,77.304195010149,42.5234664101404,77.9864158501814,81.1814760149721,124.083698179088,81.2106943626254,98.1815590532601,91.4575697778359,96.3904181690611,116.971872908234,74.1141570618063,170.614032632787,113.70811025102,93.9291483710754,160.025659321308,124.690981755544,84.213636017289,97.9419635395043,77.3188084106901,114.31946092401,60.1324117846425,122.948350643223,75.5438214042847,127.87640706817
81.2214153645391,77.304195010149,42.5234664101404,77.9864158501814,81.1814760149721,124.083698179088,81.2106943626254,98.1815590532601,91.4575697778359,96.3904181690611,116.971872908234,74.1141570618063,170.614032632787,113.70811025102,93.9291483710754,160.025659321308,124.690981755544,84.213636017289,97.9419635395043,77.3188084106901,114.31946092401,60.1324117846425,122.948350643223,75.5438214042847,127.87640706817
81.2214153645391,77.304195010149,42.5234664101404,77.9864158501814,81.1814760149721,124.083698179088,81.2106943626254,98.1815590532601,91.4575697778359,96.3904181690611,116.971872908234,74.1141570618063,170.614032632787,113.70811025102,93.9291483710754,160.025659321308,124.690981755544,84.213636017289,97.9419635395043,77.3188084106901,114.31946092401,60.1324117846425,122.948350643223,75.5438214042847,127.87640706817
81.2214153645391,77.304195010149,42.5234664101404,77.9864158501814,81.1814760149721,124.083698179088,81.2106943626254,98.1815590532601,91.4575697778359,96.3904181690611,116.971872908234,74.1141570618063,170.614032632787,113.70811025102,93.9291483710754,160.025659321308,124.690981755544,84.213636017289,97.9419635395043,77.3188084106901,114.31946092401,60.1324117846425,122.948350643223,75.5438214042847,127.87640706817
81.2214153645391,77.304195010149,42.5234664101404,77.9864158501814,81.1814760149721,124.083698179088,81.2106943626254,98.1815590532601,91.4575697778359,96.3904181690611,116.971872908234,74.1141570618063,170.614032632787,113.70811025102,93.9291483710754,160.025659321308,124.690981755544,84.213636017289,97.9419635395043,77.3188084106901,114.31946092401,60.1324117846425,122.948350643223,75.5438214042847,127.87640706817
81.2214153645391,77.304195010149,42.5234664101404,77.9864158501814,81.1814760149721,124.083698179088,81.2106943626254,98.1815590532601,91.4575697778359,96.3904181690611,116.971872908234,74.1141570618063,170.614032632787,113.70811025102,93.9291483710754,160.025659321308,124.690981755544,84.213636017289,97.9419635395043,77.3188084106901,114.31946092401,60.1324117846425,122.948350643223,75.5438214042847,127.87640706817
81.2214153645391,77.304195010149,42.5234664101404,77.9864158501814,81.1814760149721,124.083698179088,81.2106943626254,98.1815590532601,91.4575697778359,96.3904181690611,116.971872908234,74.1141570618063,170.614032632787,113.70811025102,93.9291483710754,160.025659321308,124.690981755544,84.213636017289,97.9419635395043,77.3188084106901,114.31946092401,60.1324117846425,122.948350643223,75.5438214042847,127.87640706817
81.2214153645391,77.304195010149,42.5234664101404,77.9864158501814,81.1814760149721,124.083698179088,81.2106943626254,98.1815590532601,91.4575697778359,96.3904181690611,116.971872908234,74.1141570618063,170.614032632787,113.70811025102,93.9291483710754,160.025659321308,124.690981755544,84.213636017289,97.9419635395043,77.3188084106901,114.31946092401,60.1324117846425,122.948350643223,75.5438214042847,127.87640706817
81.2214153645391,77.304195010149,42.5234664101404,77.9864158501814,81.1814760149721,124.083698179088,81.2106943626254,98.1815590532601,91.4575697778359,96.3904181690611,116.971872908234,74.1141570618063,170.614032632787,113.70811025102,93.9291483710754,160.025659321308,124.690981755544,84.213636017289,97.9419635395043,77.3188084106901,114.31946092401,60.1324117846425,122.948350643223,75.5438214042847,127.87640706817
81.2214153645391,77.304195010149,42.5234664101404,77.9864158501814,81.1814760149721,124.083698179088,81.2106943626254,98.1815590532601,91.4575697778359,96.3904181690611,116.971872908234,74.1141570618063,170.614032632787,113.70811025102,93.9291483710754,160.025659321308,124.690981755544,84.213636017289,97.9419635395043,77.3188084106901,114.31946092401,60.1324117846425,122.948350643223,75.5438214042847,127.87640706817
81.2214153645391,77.304195010149,42.5234664101404,77.9864158501814,81.1814760149721,124.083698179088,81.2106943626254,98.1815590532601,91.4575697778359,96.3904181690611,116.971872908234,74.1141570618063,170.614032632787,113.70811025102,93.9291483710754,160.025659321308,124.690981755544,84.213636017289,97.9419635395043,77.3188084106901,114.31946092401,60.1324117846425,122.948350643223,75.5438214042847,127.87640706817
81.2214153645391,77.304195010149,42.5234664101404,77.9864158501814,81.1814760149721,124.083698179088,81.2106943626254,98.1815590532601,91.4575697778359,96.3904181690611,116.971872908234,74.1141570618063,170.614032632787,113.70811025102,93.9291483710754,160.025659321308,124.690981755544,84.213636017289,97.9419635395043,77.3188084106901,114.31946092401,60.1324117846425,122.948350643223,75.5438214042847,127.87640706817
81.2214153645391,77.304195010149,42.5234664101404,77.9864158501814,81.1814760149721,124.083698179088,81.2106943626254,98.1815590532601,91.4575697778359,96.3904181690611,116.971872908234,74.1141570618063,170.614032632787,113.70811025102,93.9291483710754,160.025659321308,124.690981755544,84.213636017289,97.9419635395043,77.3188084106901,114.31946092401,60.1324117846425,122.948350643223,75.5438214042847,127.87640706817
81.2214153645391,77.304195010149,42.5234664101404,77.9864158501814,81.1814760149721,124.083698179088,81.2106943626254,98.1815590532601,91.4575697778359,96.3904181690611,116.971872908234,74.1141570618063,170.614032632787,113.70811025102,93.9291483710754,160.025659321308,124.690981755544,84.213636017289,97.9419635395043,77.3188084106901,114.31946092401,60.1324117846425,122.948350643223,75.5438214042847,127.87640706817
81.2214153645391,77.304195010149,42.5234664101404,77.9864158501814,81.1814760149721,124.083698179088,81.2106943626254,98.1815590532601,91.4575697778359,96.3904181690611,116.971872908234,74.1141570618063,170.614032632787,113.70811025102,93.9291483710754,160.025659321308,124.690981755544,84.213636017289,97.9419635395043,77.3188084106901,114.31946092401,60.1324117846425,122.948350643223,75.5438214042847,127.87640706817
81.2214153645391,77.304195010149,42.5234664101404,77.9864158501814,81.1814760149721,124.083698179088,81.2106943626254,98.1815590532601,91.4575697778359,96.3904181690611,116.971872908234,74.1141570618063,170.614032632787,113.70811025102,93.9291483710754,160.025659321308,124.690981755544,84.213636017289,97.9419635395043,77.3188084106901,114.31946092401,60.1324117846425,122.948350643223,75.5438214042847,127.87640706817
81.2214153645391,77.304195010149,42.5234664101404,77.9864158501814,81.1814760149721,124.083698179088,81.2106943626254,98.1815590532601,91.4575697778359,96.3904181690611,116.971872908234,74.1141570618063,170.614032632787,113.70811025102,93.9291483710754,160.025659321308,124.690981755544,84.213636017289,97.9419635395043,77.3188084106901,114.31946092401,60.1324117846425,122.948350643223,75.5438214042847,127.87640706817
81.2214153645391,77.304195010149,42.5234664101404,77.9864158501814,81.1814760149721,124.083698179088,81.2106943626254,98.1815590532601,91.4575697778359,96.3904181690611,116.971872908234,74.1141570618063,170.614032632787,113.70811025102,93.9291483710754,160.025659321308,124.690981755544,84.213636017289,97.9419635395043,77.3188084106901,114.31946092401,60.1324117846425,122.948350643223,75.5438214042847,127.87640706817
81.2214153645391,77.304195010149,42.5234664101404,77.9864158501814,81.1814760149721,124.083698179088,81.2106943626254,98.1815590532601,91.4575697778359,96.3904181690611,116.971872908234,74.1141570618063,170.614032632787,113.70811025102,93.9291483710754,160.025659321308,124.690981755544,84.213636017289,97.9419635395043,77.3188084106901,114.31946092401,60.1324117846425,122.948350643223,75.5438214042847,127.87640706817
81.2214153645391,77.304195010149,42.5234664101404,77.9864158501814,81.1814760149721,124.083698179088,81.2106943626254,98.1815590532601,91.4575697778359,96.3904181690611,116.971872908234,74.1141570618063,170.614032632787,113.70811025102,93.9291483710754,160.025659321308,124.690981755544,84.213636017289,97.9419635395043,77.3188084106901,114.31946092401,60.1324117846425,122.948350643223,75.5438214042847,127.87640706817
81.2214153645391,77.304195010149,42.5234664101404,77.9864158501814,81.1814760149721,124.083698179088,81.2106943626254,98.1815590532601,91.4575697778359,96.3904181690611,116.971872908234,74.1141570618063,170.614032632787,113.70811025102,93.9291483710754,160.025659321308,124.690981755544,84.213636017289,97.9419635395043,77.3188084106901,114.31946092401,60.1324117846425,122.948350643223,75.5438214042847,127.87640706817
81.2214153645391,77.304195010149,42.5234664101404,77.9864158501814,81.1814760149721,124.083698179088,81.2106943626254,98.1815590532601,91.4575697778359,96.3904181690611,116.971872908234,74.1141570618063,170.614032632787,113.70811025102,93.9291483710754,160.025659321308,124.690981755544,84.213636017289,97.9419635395043,77.3188084106901,114.31946092401,60.1324117846425,122.948350643223,75.5438214042847,127.87640706817
81.2214153645391,77.304195010149,42.5234664101404,77.9864158501814,81.1814760149721,124.083698179088,81.2106943626254,98.1815590532601,91.4575697778359,96.3904181690611,116.971872908234,74.1141570618063,170.614032632787,113.70811025102,93.9291483710754,160.025659321308,124.690981755544,84.213636017289,97.9419635395043,77.3188084106901,114.31946092401,60.1324117846425,122.948350643223,75.5438214042847,127.87640706817
81.2214153645391,77.304195010149,42.5234664101404,77.9864158501814,81.1814760149721,124.083698179088,81.2106943626254,98.1815590532601,91.4575697778359,96.3904181690611,116.971872908234,74.1141570618063,170.614032632787,113.70811025102,93.9291483710754,160.025659321308,124.690981755544,84.213636017289,97.9419635395043,77.3188084106901,114.31946092401,60.1324117846425,122.948350643223,75.5438214042847,127.87640706817
81.2214153645391,77.304195010149,42.5234664101404,77.9864158501814,81.1814760149721,124.083698179088,81.2106943626254,98.1815590532601,91.4575697778359,96.3904181690611,116.971872908234,74.1141570618063,170.614032632787,113.70811025102,93.9291483710754,160.025659321308,124.690981755544,84.213636017289,97.9419635395043,77.3188084106901,114.31946092401,60.1324117846425,122.948350643223,75.5438214042847,127.87640706817
81.2214153645391,77.304195010149,42.5234664101404,77.9864158501814,81.1814760149721,124.083698179088,81.2106943626254,98.1815590532601,91.4575697778359,96.3904181690611,116.971872908234,74.1141570618063,170.614032632787,113.70811025102,93.9291483710754,160.025659321308,124.690981755544,84.213636017289,97.9419635395043,77.3188084106901,114.31946092401,60.1324117846425,122.948350643223,75.5438214042847,127.87640706817
81.2214153645391,77.304195010149,42.5234664101404,77.9864158501814,81.1814760149721,124.083698179088,81.2106943626254,98.1815590532601,91.4575697778359,96.3904181690611,116.971872908234,74.1141570618063,170.614032632787,113.70811025102,93.9291483710754,160.025659321308,124.690981755544,84.213636017289,97.9419635395043,77.3188084106901,114.31946092401,60.1324117846425,122.948350643223,75.5438214042847,127.87640706817
81.2214153645391,77.304195010149,42.5234664101404,77.9864158501814,81.1814760149721,124.083698179088,81.2106943626254,98.1815590532601,91.4575697778359,96.3904181690611,116.971872908234,74.1141570618063,170.614032632787,113.70811025102,93.9291483710754,160.025659321308,124.690981755544,84.213636017289,97.9419635395043,77.3188084106901,114.31946092401,60.1324117846425,122.948350643223,75.5438214042847,127.87640706817
81.2214153645391,77.304195010149,42.5234664101404,77.9864158501814,81.1814760149721,124.083698179088,81.2106943626254,98.1815590532601,91.4575697778359,96.3904181690611,116.971872908234,74.1141570618063,170.614032632787,113.70811025102,93.9291483710754,160.025659321308,124.690981755544,84.213636017289,97.9419635395043,77.3188084106901,114.31946092401,60.1324117846425,122.948350643223,75.5438214042847,127.87640706817
81.2214153645391,77.304195010149,42.5234664101404,77.9864158501814,81.1814760149721,124.083698179088,81.2106943626254,98.1815590532601,91.4575697778359,96.3904181690611,116.971872908234,74.1141570618063,170.614032632787,113.70811025102,93.9291483710754,160.025659321308,124.690981755544,84.213636017289,97.9419635395043,77.3188084106901,114.31946092401,60.1324117846425,122.948350643223,75.5438214042847,127.87640706817
81.2214153645391,77.304195010149,42.5234664101404,77.9864158501814,81.1814760149721,124.083698179088,81.2106943626254,98.1815590532601,91.4575697778359,96.3904181690611,116.971872908234,74.1141570618063,170.614032632787,113.70811025102,93.9291483710754,160.025659321308,124.690981755544,84.213636017289,97.9419635395043,77.3188084106901,114.31946092401,60.1324117846425,122.948350643223,75.5438214042847,127.87640706817
81.2214153645391,77.304195010149,42.5234664101404,77.9864158501814,81.1814760149721,124.083698179088,81.2106943626254,98.1815590532601,91.4575697778359,96.3904181690611,116.971872908234,74.1141570618063,170.614032632787,113.70811025102,93.9291483710754,160.025659321308,124.690981755544,84.213636017289,97.9419635395043,77.3188084106901,114.31946092401,60.1324117846425,122.948350643223,75.5438214042847,127.87640706817
81.2214153645391,77.304195010149,42.5234664101404,77.9864158501814,81.1814760149721,124.083698179088,81.2106943626254,98.1815590532601,91.4575697778359,96.3904181690611,116.971872908234,74.1141570618063,170.614032632787,113.70811025102,93.9291483710754,160.025659321308,124.690981755544,84.213636017289,97.9419635395043,77.3188084106901,114.31946092401,60.1324117846425,122.948350643223,75.5438214042847,127.87640706817
81.2214153645391,77.304195010149,42.5234664101404,77.9864158501814,81.1814760149721,124.083698179088,81.2106943626254,98.1815590532601,91.4575697778359,96.3904181690611,116.971872908234,74.1141570618063,170.614032632787,113.70811025102,93.9291483710754,160.025659321308,124.690981755544,84.213636017289,97.9419635395043,77.3188084106901,114.31946092401,60.1324117846425,122.948350643223,75.5438214042847,127.87640706817
81.2214153645391,77.304195010149,42.5234664101404,77.9864158501814,81.1814760149721,124.083698179088,81.2106943626254,98.1815590532601,91.4575697778359,96.3904181690611,116.971872908234,74.1141570618063,170.614032632787,113.70811025102,93.9291483710754,160.025659321308,124.690981755544,84.213636017289,97.9419635395043,77.3188084106901,114.31946092401,60.1324117846425,122.948350643223,75.5438214042847,127.87640706817
81.2214153645391,77.304195010149,42.5234664101404,77.9864158501814,81.1814760149721,124.083698179088,81.2106943626254,98.1815590532601,91.4575697778359,96.3904181690611,116.971872908234,74.1141570618063,170.614032632787,113.70811025102,93.9291483710754,160.025659321308,124.690981755544,84.213636017289,97.9419635395043,77.3188084106901,114.31946092401,60.1324117846425,122.948350643223,75.5438214042847,127.87640706817
81.2214153645391,77.304195010149,42.5234664101404,77.9864158501814,81.1814760149721,124.083698179088,81.2106943626254,98.1815590532601,91.4575697778359,96.3904181690611,116.971872908234,74.1141570618063,170.614032632787,113.70811025102,93.9291483710754,160.025659321308,124.690981755544,84.213636017289,97.9419635395043,77.3188084106901,114.31946092401,60.1324117846425,122.948350643223,75.5438214042847,127.87640706817
81.2214153645391,77.304195010149,42.5234664101404,77.9864158501814,81.1814760149721,124.083698179088,81.2106943626254,98.1815590532601,91.4575697778359,96.3904181690611,116.971872908234,74.1141570618063,170.614032632787,113.70811025102,93.9291483710754,160.025659321308,124.690981755544,84.213636017289,97.9419635395043,77.3188084106901,114.31946092401,60.1324117846425,122.948350643223,75.5438214042847,127.87640706817
81.2214153645391,77.304195010149,42.5234664101404,77.9864158501814,81.1814760149721,124.083698179088,81.2106943626254,98.1815590532601,91.4575697778359,96.3904181690611,116.971872908234,74.1141570618063,170.614032632787,113.70811025102,93.9291483710754,160.025659321308,124.690981755544,84.213636017289,97.9419635395043,77.3188084106901,114.31946092401,60.1324117846425,122.948350643223,75.5438214042847,127.87640706817
81.2214153645391,77.304195010149,42.5234664101404,77.9864158501814,81.1814760149721,124.083698179088,81.2106943626254,98.1815590532601,91.4575697778359,96.3904181690611,116.971872908234,74.1141570618063,170.614032632787,113.70811025102,93.9291483710754,160.025659321308,124.690981755544,84.213636017289,97.9419635395043,77.3188084106901,114.31946092401,60.1324117846425,122.948350643223,75.5438214042847,127.87640706817
81.2214153645391,77.304195010149,42.5234664101404,77.9864158501814,81.1814760149721,124.083698179088,81.2106943626254,98.1815590532601,91.4575697778359,96.3904181690611,116.971872908234,74.1141570618063,170.614032632787,113.70811025102,93.9291483710754,160.025659321308,124.690981755544,84.213636017289,97.9419635395043,77.3188084106901,114.31946092401,60.1324117846425,122.948350643223,75.5438214042847,127.87640706817
81.2214153645391,77.304195010149,42.5234664101404,77.9864158501814,81.1814760149721,124.083698179088,81.2106943626254,98.1815590532601,91.4575697778359,96.3904181690611,116.971872908234,74.1141570618063,170.614032632787,113.70811025102,93.9291483710754,160.025659321308,124.690981755544,84.213636017289,97.9419635395043,77.3188084106901,114.31946092401,60.1324117846425,122.948350643223,75.5438214042847,127.87640706817
81.2214153645391,77.304195010149,42.5234664101404,77.9864158501814,81.1814760149721,124.083698179088,81.2106943626254,98.1815590532601,91.4575697778359,96.3904181690611,116.971872908234,74.1141570618063,170.614032632787,113.70811025102,93.9291483710754,160.025659321308,124.690981755544,84.213636017289,97.9419635395043,77.3188084106901,114.31946092401,60.1324117846425,122.948350643223,75.5438214042847,127.87640706817
81.2214153645391,77.304195010149,42.5234664101404,77.9864158501814,81.1814760149721,124.083698179088,81.2106943626254,98.1815590532601,91.4575697778359,96.3904181690611,116.971872908234,74.1141570618063,170.614032632787,113.70811025102,93.9291483710754,160.025659321308,124.690981755544,84.213636017289,97.9419635395043,77.3188084106901,114.31946092401,60.1324117846425,122.948350643223,75.5438214042847,127.87640706817
81.2214153645391,77.304195010149,42.5234664101404,77.9864158501814,81.1814760149721,124.083698179088,81.2106943626254,98.1815590532601,91.4575697778359,96.3904181690611,116.971872908234,74.1141570618063,170.614032632787,113.70811025102,93.9291483710754,160.025659321308,124.690981755544,84.213636017289,97.9419635395043,77.3188084106901,114.31946092401,60.1324117846425,122.948350643223,75.5438214042847,127.87640706817
81.2214153645391,77.304195010149,42.5234664101404,77.9864158501814,81.1814760149721,124.083698179088,81.2106943626254,98.1815590532601,91.4575697778359,96.3904181690611,116.971872908234,74.1141570618063,170.614032632787,113.70811025102,93.9291483710754,160.025659321308,124.690981755544,84.213636017289,97.9419635395043,77.3188084106901,114.31946092401,60.1324117846425,122.948350643223,75.5438214042847,127.87640706817
81.2214153645391,77.304195010149,42.5234664101404,77.9864158501814,81.1814760149721,124.083698179088,81.2106943626254,98.1815590532601,91.4575697778359,96.3904181690611,116.971872908234,74.1141570618063,170.614032632787,113.70811025102,93.9291483710754,160.025659321308,124.690981755544,84.213636017289,97.9419635395043,77.3188084106901,114.31946092401,60.1324117846425,122.948350643223,75.5438214042847,127.87640706817
81.2214153645391,77.304195010149,42.5234664101404,77.9864158501814,81.1814760149721,124.083698179088,81.2106943626254,98.1815590532601,91.4575697778359,96.3904181690611,116.971872908234,74.1141570618063,170.614032632787,113.70811025102,93.9291483710754,160.025659321308,124.690981755544,84.213636017289,97.9419635395043,77.3188084106901,114.31946092401,60.1324117846425,122.948350643223,75.5438214042847,127.87640706817
81.2214153645391,77.304195010149,42.5234664101404,77.9864158501814,81.1814760149721,124.083698179088,81.2106943626254,98.1815590532601,91.4575697778359,96.3904181690611,116.971872908234,74.1141570618063,170.614032632787,113.70811025102,93.9291483710754,160.025659321308,124.690981755544,84.213636017289,97.9419635395043,77.3188084106901,114.31946092401,60.1324117846425,122.948350643223,75.5438214042847,127.87640706817
81.2214153645391,77.304195010149,42.5234664101404,77.9864158501814,81.1814760149721,124.083698179088,81.2106943626254,98.1815590532601,91.4575697778359,96.3904181690611,116.971872908234,74.1141570618063,170.614032632787,113.70811025102,93.9291483710754,160.025659321308,124.690981755544,84.213636017289,97.9419635395043,77.3188084106901,114.31946092401,60.1324117846425,122.948350643223,75.5438214042847,127.87640706817
81.2214153645391,77.304195010149,42.5234664101404,77.9864158501814,81.1814760149721,124.083698179088,81.2106943626254,98.1815590532601,91.4575697778359,96.3904181690611,116.971872908234,74.1141570618063,170.614032632787,113.70811025102,93.9291483710754,160.025659321308,124.690981755544,84.213636017289,97.9419635395043,77.3188084106901,114.31946092401,60.1324117846425,122.948350643223,75.5438214042847,127.87640706817
81.2214153645391,77.304195010149,42.5234664101404,77.9864158501814,81.1814760149721,124.083698179088,81.2106943626254,98.1815590532601,91.4575697778359,96.3904181690611,116.971872908234,74.1141570618063,170.614032632787,113.70811025102,93.9291483710754,160.025659321308,124.690981755544,84.213636017289,97.9419635395043,77.3188084106901,114.31946092401,60.1324117846425,122.948350643223,75.5438214042847,127.87640706817
81.2214153645391,77.304195010149,42.5234664101404,77.9864158501814,81.1814760149721,124.083698179088,81.2106943626254,98.1815590532601,91.4575697778359,96.3904181690611,116.971872908234,74.1141570618063,170.614032632787,113.70811025102,93.9291483710754,160.025659321308,124.690981755544,84.213636017289,97.9419635395043,77.3188084106901,114.31946092401,60.1324117846425,122.948350643223,75.5438214042847,127.87640706817
81.2214153645391,77.304195010149,42.5234664101404,77.9864158501814,81.1814760149721,124.083698179088,81.2106943626254,98.1815590532601,91.4575697778359,96.3904181690611,116.971872908234,74.1141570618063,170.614032632787,113.70811025102,93.9291483710754,160.025659321308,124.690981755544,84.213636017289,97.9419635395043,77.3188084106901,114.31946092401,60.1324117846425,122.948350643223,75.5438214042847,127.87640706817
81.2214153645391,77.304195010149,42.5234664101404,77.9864158501814,81.1814760149721,124.083698179088,81.2106943626254,98.1815590532601,91.4575697778359,96.3904181690611,116.971872908234,74.1141570618063,170.614032632787,113.70811025102,93.9291483710754,160.025659321308,124.690981755544,84.213636017289,97.9419635395043,77.3188084106901,114.31946092401,60.1324117846425,122.948350643223,75.5438214042847,127.87640706817
81.2214153645391,77.304195010149,42.5234664101404,77.9864158501814,81.1814760149721,124.083698179088,81.2106943626254,98.1815590532601,91.4575697778359,96.3904181690611,116.971872908234,74.1141570618063,170.614032632787,113.70811025102,93.9291483710754,160.025659321308,124.690981755544,84.213636017289,97.9419635395043,77.3188084106901,114.31946092401,60.1324117846425,122.948350643223,75.5438214042847,127.87640706817
81.2214153645391,77.304195010149,42.5234664101404,77.9864158501814,81.1814760149721,124.083698179088,81.2106943626254,98.1815590532601,91.4575697778359,96.3904181690611,116.971872908234,74.1141570618063,170.614032632787,113.70811025102,93.9291483710754,160.025659321308,124.690981755544,84.213636017289,97.9419635395043,77.3188084106901,114.31946092401,60.1324117846425,122.948350643223,75.5438214042847,127.87640706817
81.2214153645391,77.304195010149,42.5234664101404,77.9864158501814,81.1814760149721,124.083698179088,81.2106943626254,98.1815590532601,91.4575697778359,96.3904181690611,116.971872908234,74.1141570618063,170.614032632787,113.70811025102,93.9291483710754,160.025659321308,124.690981755544,84.213636017289,97.9419635395043,77.3188084106901,114.31946092401,60.1324117846425,122.948350643223,75.5438214042847,127.87640706817
81.2214153645391,77.304195010149,42.5234664101404,77.9864158501814,81.1814760149721,124.083698179088,81.2106943626254,98.1815590532601,91.4575697778359,96.3904181690611,116.971872908234,74.1141570618063,170.614032632787,113.70811025102,93.9291483710754,160.025659321308,124.690981755544,84.213636017289,97.9419635395043,77.3188084106901,114.31946092401,60.1324117846425,122.948350643223,75.5438214042847,127.87640706817
81.2214153645391,77.304195010149,42.5234664101404,77.9864158501814,81.1814760149721,124.083698179088,81.2106943626254,98.1815590532601,91.4575697778359,96.3904181690611,116.971872908234,74.1141570618063,170.614032632787,113.70811025102,93.9291483710754,160.025659321308,124.690981755544,84.213636017289,97.9419635395043,77.3188084106901,114.31946092401,60.1324117846425,122.948350643223,75.5438214042847,127.87640706817
81.2214153645391,77.304195010149,42.5234664101404,77.9864158501814,81.1814760149721,124.083698179088,81.2106943626254,98.1815590532601,91.4575697778359,96.3904181690611,116.971872908234,74.1141570618063,170.614032632787,113.70811025102,93.9291483710754,160.025659321308,124.690981755544,84.213636017289,97.9419635395043,77.3188084106901,114.31946092401,60.1324117846425,122.948350643223,75.5438214042847,127.87640706817
81.2214153645391,77.304195010149,42.5234664101404,77.9864158501814,81.1814760149721,124.083698179088,81.2106943626254,98.1815590532601,91.4575697778359,96.3904181690611,116.971872908234,74.1141570618063,170.614032632787,113.70811025102,93.9291483710754,160.025659321308,124.690981755544,84.213636017289,97.9419635395043,77.3188084106901,114.31946092401,60.1324117846425,122.948350643223,75.5438214042847,127.87640706817
81.2214153645391,77.304195010149,42.5234664101404,77.9864158501814,81.1814760149721,124.083698179088,81.2106943626254,98.1815590532601,91.4575697778359,96.3904181690611,116.971872908234,74.1141570618063,170.614032632787,113.70811025102,93.9291483710754,160.025659321308,124.690981755544,84.213636017289,97.9419635395043,77.3188084106901,114.31946092401,60.1324117846425,122.948350643223,75.5438214042847,127.87640706817
81.2214153645391,77.304195010149,42.5234664101404,77.9864158501814,81.1814760149721,124.083698179088,81.2106943626254,98.1815590532601,91.4575697778359,96.3904181690611,116.971872908234,74.1141570618063,170.614032632787,113.70811025102,93.9291483710754,160.025659321308,124.690981755544,84.213636017289,97.9419635395043,77.3188084106901,114.31946092401,60.1324117846425,122.948350643223,75.5438214042847,127.87640706817
81.2214153645391,77.304195010149,42.5234664101404,77.9864158501814,81.1814760149721,124.083698179088,81.2106943626254,98.1815590532601,91.4575697778359,96.3904181690611,116.971872908234,74.1141570618063,170.614032632787,113.70811025102,93.9291483710754,160.025659321308,124.690981755544,84.213636017289,97.9419635395043,77.3188084106901,114.31946092401,60.1324117846425,122.948350643223,75.5438214042847,127.87640706817
81.2214153645391,77.304195010149,42.5234664101404,77.9864158501814,81.1814760149721,124.083698179088,81.2106943626254,98.1815590532601,91.4575697778359,96.3904181690611,116.971872908234,74.1141570618063,170.614032632787,113.70811025102,93.9291483710754,160.025659321308,124.690981755544,84.213636017289,97.9419635395043,77.3188084106901,114.31946092401,60.1324117846425,122.948350643223,75.5438214042847,127.87640706817
81.2214153645391,77.304195010149,42.5234664101404,77.9864158501814,81.1814760149721,124.083698179088,81.2106943626254,98.1815590532601,91.4575697778359,96.3904181690611,116.971872908234,74.1141570618063,170.614032632787,113.70811025102,93.9291483710754,160.025659321308,124.690981755544,84.213636017289,97.9419635395043,77.3188084106901,114.31946092401,60.1324117846425,122.948350643223,75.5438214042847,127.87640706817
81.2214153645391,77.304195010149,42.5234664101404,77.9864158501814,81.1814760149721,124.083698179088,81.2106943626254,98.1815590532601,91.4575697778359,96.3904181690611,116.971872908234,74.1141570618063,170.614032632787,113.70811025102,93.9291483710754,160.025659321308,124.690981755544,84.213636017289,97.9419635395043,77.3188084106901,114.31946092401,60.1324117846425,122.948350643223,75.5438214042847,127.87640706817
81.2214153645391,77.304195010149,42.5234664101404,77.9864158501814,81.1814760149721,124.083698179088,81.2106943626254,98.1815590532601,91.4575697778359,96.3904181690611,116.971872908234,74.1141570618063,170.614032632787,113.70811025102,93.9291483710754,160.025659321308,124.690981755544,84.213636017289,97.9419635395043,77.3188084106901,114.31946092401,60.1324117846425,122.948350643223,75.5438214042847,127.87640706817
81.2214153645391,77.304195010149,42.5234664101404,77.9864158501814,81.1814760149721,124.083698179088,81.2106943626254,98.1815590532601,91.4575697778359,96.3904181690611,116.971872908234,74.1141570618063,170.614032632787,113.70811025102,93.9291483710754,160.025659321308,124.690981755544,84.213636017289,97.9419635395043,77.3188084106901,114.31946092401,60.1324117846425,122.948350643223,75.5438214042847,127.87640706817
81.2214153645391,77.304195010149,42.5234664101404,77.9864158501814,81.1814760149721,124.083698179088,81.2106943626254,98.1815590532601,91.4575697778359,96.3904181690611,116.971872908234,74.1141570618063,170.614032632787,113.70811025102,93.9291483710754,160.025659321308,124.690981755544,84.213636017289,97.9419635395043,77.3188084106901,114.31946092401,60.1324117846425,122.948350643223,75.5438214042847,127.87640706817
81.2214153645391,77.304195010149,42.5234664101404,77.9864158501814,81.1814760149721,124.083698179088,81.2106943626254,98.1815590532601,91.4575697778359,96.3904181690611,116.971872908234,74.1141570618063,170.614032632787,113.70811025102,93.9291483710754,160.025659321308,124.690981755544,84.213636017289,97.9419635395043,77.3188084106901,114.31946092401,60.1324117846425,122.948350643223,75.5438214042847,127.87640706817
81.2214153645391,77.304195010149,42.5234664101404,77.9864158501814,81.1814760149721,124.083698179088,81.2106943626254,98.1815590532601,91.4575697778359,96.3904181690611,116.971872908234,74.1141570618063,170.614032632787,113.70811025102,93.9291483710754,160.025659321308,124.690981755544,84.213636017289,97.9419635395043,77.3188084106901,114.31946092401,60.1324117846425,122.948350643223,75.5438214042847,127.87640706817
81.2214153645391,77.304195010149,42.5234664101404,77.9864158501814,81.1814760149721,124.083698179088,81.2106943626254,98.1815590532601,91.4575697778359,96.3904181690611,116.971872908234,74.1141570618063,170.614032632787,113.70811025102,93.9291483710754,160.025659321308,124.690981755544,84.213636017289,97.9419635395043,77.3188084106901,114.31946092401,60.1324117846425,122.948350643223,75.5438214042847,127.87640706817
81.2214153645391,77.304195010149,42.5234664101404,77.9864158501814,81.1814760149721,124.083698179088,81.2106943626254,98.1815590532601,91.4575697778359,96.3904181690611,116.971872908234,74.1141570618063,170.614032632787,113.70811025102,93.9291483710754,160.025659321308,124.690981755544,84.213636017289,97.9419635395043,77.3188084106901,114.31946092401,60.1324117846425,122.948350643223,75.5438214042847,127.87640706817
81.2214153645391,77.304195010149,42.5234664101404,77.9864158501814,81.1814760149721,124.083698179088,81.2106943626254,98.1815590532601,91.4575697778359,96.3904181690611,116.971872908234,74.1141570618063,170.614032632787,113.70811025102,93.9291483710754,160.025659321308,124.690981755544,84.213636017289,97.9419635395043,77.3188084106901,114.31946092401,60.1324117846425,122.948350643223,75.5438214042847,127.87640706817
81.2214153645391,77.304195010149,42.5234664101404,77.9864158501814,81.1814760149721,124.083698179088,81.2106943626254,98.1815590532601,91.4575697778359,96.3904181690611,116.971872908234,74.1141570618063,170.614032632787,113.70811025102,93.9291483710754,160.025659321308,124.690981755544,84.213636017289,97.9419635395043,77.3188084106901,114.31946092401,60.1324117846425,122.948350643223,75.5438214042847,127.87640706817
81.2214153645391,77.304195010149,42.5234664101404,77.9864158501814,81.1814760149721,124.083698179088,81.2106943626254,98.1815590532601,91.4575697778359,96.3904181690611,116.971872908234,74.1141570618063,170.614032632787,113.70811025102,93.9291483710754,160.025659321308,124.690981755544,84.213636017289,97.9419635395043,77.3188084106901,114.31946092401,60.1324117846425,122.948350643223,75.5438214042847,127.87640706817
81.2214153645391,77.304195010149,42.5234664101404,77.9864158501814,81.1814760149721,124.083698179088,81.2106943626254,98.1815590532601,91.4575697778359,96.3904181690611,116.971872908234,74.1141570618063,170.614032632787,113.70811025102,93.9291483710754,160.025659321308,124.690981755544,84.213636017289,97.9419635395043,77.3188084106901,114.31946092401,60.1324117846425,122.948350643223,75.5438214042847,127.87640706817
81.2214153645391,77.304195010149,42.5234664101404,77.9864158501814,81.1814760149721,124.083698179088,81.2106943626254,98.1815590532601,91.4575697778359,96.3904181690611,116.971872908234,74.1141570618063,170.614032632787,113.70811025102,93.9291483710754,160.025659321308,124.690981755544,84.213636017289,97.9419635395043,77.3188084106901,114.31946092401,60.1324117846425,122.948350643223,75.5438214042847,127.87640706817
81.2214153645391,77.304195010149,42.5234664101404,77.9864158501814,81.1814760149721,124.083698179088,81.2106943626254,98.1815590532601,91.4575697778359,96.3904181690611,116.971872908234,74.1141570618063,170.614032632787,113.70811025102,93.9291483710754,160.025659321308,124.690981755544,84.213636017289,97.9419635395043,77.3188084106901,114.31946092401,60.1324117846425,122.948350643223,75.5438214042847,127.87640706817
81.2214153645391,77.304195010149,42.5234664101404,77.9864158501814,81.1814760149721,124.083698179088,81.2106943626254,98.1815590532601,91.4575697778359,96.3904181690611,116.971872908234,74.1141570618063,170.614032632787,113.70811025102,93.9291483710754,160.025659321308,124.690981755544,84.213636017289,97.9419635395043,77.3188084106901,114.31946092401,60.1324117846425,122.948350643223,75.5438214042847,127.87640706817
81.2214153645391,77.304195010149,42.5234664101404,77.9864158501814,81.1814760149721,124.083698179088,81.2106943626254,98.1815590532601,91.4575697778359,96.3904181690611,116.971872908234,74.1141570618063,170.614032632787,113.70811025102,93.9291483710754,160.025659321308,124.690981755544,84.213636017289,97.9419635395043,77.3188084106901,114.31946092401,60.1324117846425,122.948350643223,75.5438214042847,127.87640706817
81.2214153645391,77.304195010149,42.5234664101404,77.9864158501814,81.1814760149721,124.083698179088,81.2106943626254,98.1815590532601,91.4575697778359,96.3904181690611,116.971872908234,74.1141570618063,170.614032632787,113.70811025102,93.9291483710754,160.025659321308,124.690981755544,84.213636017289,97.9419635395043,77.3188084106901,114.31946092401,60.1324117846425,122.948350643223,75.5438214042847,127.87640706817
81.2214153645391,77.304195010149,42.5234664101404,77.9864158501814,81.1814760149721,124.083698179088,81.2106943626254,98.1815590532601,91.4575697778359,96.3904181690611,116.971872908234,74.1141570618063,170.614032632787,113.70811025102,93.9291483710754,160.025659321308,124.690981755544,84.213636017289,97.9419635395043,77.3188084106901,114.31946092401,60.1324117846425,122.948350643223,75.5438214042847,127.87640706817
81.2214153645391,77.304195010149,42.5234664101404,77.9864158501814,81.1814760149721,124.083698179088,81.2106943626254,98.1815590532601,91.4575697778359,96.3904181690611,116.971872908234,74.1141570618063,170.614032632787,113.70811025102,93.9291483710754,160.025659321308,124.690981755544,84.213636017289,97.9419635395043,77.3188084106901,114.31946092401,60.1324117846425,122.948350643223,75.5438214042847,127.87640706817
81.2214153645391,77.304195010149,42.5234664101404,77.9864158501814,81.1814760149721,124.083698179088,81.2106943626254,98.1815590532601,91.4575697778359,96.3904181690611,116.971872908234,74.1141570618063,170.614032632787,113.70811025102,93.9291483710754,160.025659321308,124.690981755544,84.213636017289,97.9419635395043,77.3188084106901,114.31946092401,60.1324117846425,122.948350643223,75.5438214042847,127.87640706817
81.2214153645391,77.304195010149,42.5234664101404,77.9864158501814,81.1814760149721,124.083698179088,81.2106943626254,98.1815590532601,91.4575697778359,96.3904181690611,116.971872908234,74.1141570618063,170.614032632787,113.70811025102,93.9291483710754,160.025659321308,124.690981755544,84.213636017289,97.9419635395043,77.3188084106901,114.31946092401,60.1324117846425,122.948350643223,75.5438214042847,127.87640706817
81.2214153645391,77.304195010149,42.5234664101404,77.9864158501814,81.1814760149721,124.083698179088,81.2106943626254,98.1815590532601,91.4575697778359,96.3904181690611,116.971872908234,74.1141570618063,170.614032632787,113.70811025102,93.9291483710754,160.025659321308,124.690981755544,84.213636017289,97.9419635395043,77.3188084106901,114.31946092401,60.1324117846425,122.948350643223,75.5438214042847,127.87640706817
81.2214153645391,77.304195010149,42.5234664101404,77.9864158501814,81.1814760149721,124.083698179088,81.2106943626254,98.1815590532601,91.4575697778359,96.3904181690611,116.971872908234,74.1141570618063,170.614032632787,113.70811025102,93.9291483710754,160.025659321308,124.690981755544,84.213636017289,97.9419635395043,77.3188084106901,114.31946092401,60.1324117846425,122.948350643223,75.5438214042847,127.87640706817
81.2214153645391,77.304195010149,42.5234664101404,77.9864158501814,81.1814760149721,124.083698179088,81.2106943626254,98.1815590532601,91.4575697778359,96.3904181690611,116.971872908234,74.1141570618063,170.614032632787,113.70811025102,93.9291483710754,160.025659321308,124.690981755544,84.213636017289,97.9419635395043,77.3188084106901,114.31946092401,60.1324117846425,122.948350643223,75.5438214042847,127.87640706817
81.2214153645391,77.304195010149,42.5234664101404,77.9864158501814,81.1814760149721,124.083698179088,81.2106943626254,98.1815590532601,91.4575697778359,96.3904181690611,116.971872908234,74.1141570618063,170.614032632787,113.70811025102,93.9291483710754,160.025659321308,124.690981755544,84.213636017289,97.9419635395043,77.3188084106901,114.31946092401,60.1324117846425,122.948350643223,75.5438214042847,127.87640706817
81.2214153645391,77.304195010149,42.5234664101404,77.9864158501814,81.1814760149721,124.083698179088,81.2106943626254,98.1815590532601,91.4575697778359,96.3904181690611,116.971872908234,74.1141570618063,170.614032632787,113.70811025102,93.9291483710754,160.025659321308,124.690981755544,84.213636017289,97.9419635395043,77.3188084106901,114.31946092401,60.1324117846425,122.948350643223,75.5438214042847,127.87640706817
81.2214153645391,77.304195010149,42.5234664101404,77.9864158501814,81.1814760149721,124.083698179088,81.2106943626254,98.1815590532601,91.4575697778359,96.3904181690611,116.971872908234,74.1141570618063,170.614032632787,113.70811025102,93.9291483710754,160.025659321308,124.690981755544,84.213636017289,97.9419635395043,77.3188084106901,114.31946092401,60.1324117846425,122.948350643223,75.5438214042847,127.87640706817
81.2214153645391,77.304195010149,42.5234664101404,77.9864158501814,81.1814760149721,124.083698179088,81.2106943626254,98.1815590532601,91.4575697778359,96.3904181690611,116.971872908234,74.1141570618063,170.614032632787,113.70811025102,93.9291483710754,160.025659321308,124.690981755544,84.213636017289,97.9419635395043,77.3188084106901,114.31946092401,60.1324117846425,122.948350643223,75.5438214042847,127.87640706817
81.2214153645391,77.304195010149,42.5234664101404,77.9864158501814,81.1814760149721,124.083698179088,81.2106943626254,98.1815590532601,91.4575697778359,96.3904181690611,116.971872908234,74.1141570618063,170.614032632787,113.70811025102,93.9291483710754,160.025659321308,124.690981755544,84.213636017289,97.9419635395043,77.3188084106901,114.31946092401,60.1324117846425,122.948350643223,75.5438214042847,127.87640706817
81.2214153645391,77.304195010149,42.5234664101404,77.9864158501814,81.1814760149721,124.083698179088,81.2106943626254,98.1815590532601,91.4575697778359,96.3904181690611,116.971872908234,74.1141570618063,170.614032632787,113.70811025102,93.9291483710754,160.025659321308,124.690981755544,84.213636017289,97.9419635395043,77.3188084106901,114.31946092401,60.1324117846425,122.948350643223,75.5438214042847,127.87640706817
81.2214153645391,77.304195010149,42.5234664101404,77.9864158501814,81.1814760149721,124.083698179088,81.2106943626254,98.1815590532601,91.4575697778359,96.3904181690611,116.971872908234,74.1141570618063,170.614032632787,113.70811025102,93.9291483710754,160.025659321308,124.690981755544,84.213636017289,97.9419635395043,77.3188084106901,114.31946092401,60.1324117846425,122.948350643223,75.5438214042847,127.87640706817
81.2214153645391,77.304195010149,42.5234664101404,77.9864158501814,81.1814760149721,124.083698179088,81.2106943626254,98.1815590532601,91.4575697778359,96.3904181690611,116.971872908234,74.1141570618063,170.614032632787,113.70811025102,93.9291483710754,160.025659321308,124.690981755544,84.213636017289,97.9419635395043,77.3188084106901,114.31946092401,60.1324117846425,122.948350643223,75.5438214042847,127.87640706817
81.2214153645391,77.304195010149,42.5234664101404,77.9864158501814,81.1814760149721,124.083698179088,81.2106943626254,98.1815590532601,91.4575697778359,96.3904181690611,116.971872908234,74.1141570618063,170.614032632787,113.70811025102,93.9291483710754,160.025659321308,124.690981755544,84.213636017289,97.9419635395043,77.3188084106901,114.31946092401,60.1324117846425,122.948350643223,75.5438214042847,127.87640706817
81.2214153645391,77.304195010149,42.5234664101404,77.9864158501814,81.1814760149721,124.083698179088,81.2106943626254,98.1815590532601,91.4575697778359,96.3904181690611,116.971872908234,74.1141570618063,170.614032632787,113.70811025102,93.9291483710754,160.025659321308,124.690981755544,84.213636017289,97.9419635395043,77.3188084106901,114.31946092401,60.1324117846425,122.948350643223,75.5438214042847,127.87640706817
81.2214153645391,77.304195010149,42.5234664101404,77.9864158501814,81.1814760149721,124.083698179088,81.2106943626254,98.1815590532601,91.4575697778359,96.3904181690611,116.971872908234,74.1141570618063,170.614032632787,113.70811025102,93.9291483710754,160.025659321308,124.690981755544,84.213636017289,97.9419635395043,77.3188084106901,114.31946092401,60.1324117846425,122.948350643223,75.5438214042847,127.87640706817
81.2214153645391,77.304195010149,42.5234664101404,77.9864158501814,81.1814760149721,124.083698179088,81.2106943626254,98.1815590532601,91.4575697778359,96.3904181690611,116.971872908234,74.1141570618063,170.614032632787,113.70811025102,93.9291483710754,160.025659321308,124.690981755544,84.213636017289,97.9419635395043,77.3188084106901,114.31946092401,60.1324117846425,122.948350643223,75.5438214042847,127.87640706817
81.2214153645391,77.304195010149,42.5234664101404,77.9864158501814,81.1814760149721,124.083698179088,81.2106943626254,98.1815590532601,91.4575697778359,96.3904181690611,116.971872908234,74.1141570618063,170.614032632787,113.70811025102,93.9291483710754,160.025659321308,124.690981755544,84.213636017289,97.9419635395043,77.3188084106901,114.31946092401,60.1324117846425,122.948350643223,75.5438214042847,127.87640706817
81.2214153645391,77.304195010149,42.5234664101404,77.9864158501814,81.1814760149721,124.083698179088,81.2106943626254,98.1815590532601,91.4575697778359,96.3904181690611,116.971872908234,74.1141570618063,170.614032632787,113.70811025102,93.9291483710754,160.025659321308,124.690981755544,84.213636017289,97.9419635395043,77.3188084106901,114.31946092401,60.1324117846425,122.948350643223,75.5438214042847,127.87640706817
81.2214153645391,77.304195010149,42.5234664101404,77.9864158501814,81.1814760149721,124.083698179088,81.2106943626254,98.1815590532601,91.4575697778359,96.3904181690611,116.971872908234,74.1141570618063,170.614032632787,113.70811025102,93.9291483710754,160.025659321308,124.690981755544,84.213636017289,97.9419635395043,77.3188084106901,114.31946092401,60.1324117846425,122.948350643223,75.5438214042847,127.87640706817
81.2214153645391,77.304195010149,42.5234664101404,77.9864158501814,81.1814760149721,124.083698179088,81.2106943626254,98.1815590532601,91.4575697778359,96.3904181690611,116.971872908234,74.1141570618063,170.614032632787,113.70811025102,93.9291483710754,160.025659321308,124.690981755544,84.213636017289,97.9419635395043,77.3188084106901,114.31946092401,60.1324117846425,122.948350643223,75.5438214042847,127.87640706817
81.2214153645391,77.304195010149,42.5234664101404,77.9864158501814,81.1814760149721,124.083698179088,81.2106943626254,98.1815590532601,91.4575697778359,96.3904181690611,116.971872908234,74.1141570618063,170.614032632787,113.70811025102,93.9291483710754,160.025659321308,124.690981755544,84.213636017289,97.9419635395043,77.3188084106901,114.31946092401,60.1324117846425,122.948350643223,75.5438214042847,127.87640706817
81.2214153645391,77.304195010149,42.5234664101404,77.9864158501814,81.1814760149721,124.083698179088,81.2106943626254,98.1815590532601,91.4575697778359,96.3904181690611,116.971872908234,74.1141570618063,170.614032632787,113.70811025102,93.9291483710754,160.025659321308,124.690981755544,84.213636017289,97.9419635395043,77.3188084106901,114.31946092401,60.1324117846425,122.948350643223,75.5438214042847,127.87640706817
81.2214153645391,77.304195010149,42.5234664101404,77.9864158501814,81.1814760149721,124.083698179088,81.2106943626254,98.1815590532601,91.4575697778359,96.3904181690611,116.971872908234,74.1141570618063,170.614032632787,113.70811025102,93.9291483710754,160.025659321308,124.690981755544,84.213636017289,97.9419635395043,77.3188084106901,114.31946092401,60.1324117846425,122.948350643223,75.5438214042847,127.87640706817
81.2214153645391,77.304195010149,42.5234664101404,77.9864158501814,81.1814760149721,124.083698179088,81.2106943626254,98.1815590532601,91.4575697778359,96.3904181690611,116.971872908234,74.1141570618063,170.614032632787,113.70811025102,93.9291483710754,160.025659321308,124.690981755544,84.213636017289,97.9419635395043,77.3188084106901,114.31946092401,60.1324117846425,122.948350643223,75.5438214042847,127.87640706817
81.2214153645391,77.304195010149,42.5234664101404,77.9864158501814,81.1814760149721,124.083698179088,81.2106943626254,98.1815590532601,91.4575697778359,96.3904181690611,116.971872908234,74.1141570618063,170.614032632787,113.70811025102,93.9291483710754,160.025659321308,124.690981755544,84.213636017289,97.9419635395043,77.3188084106901,114.31946092401,60.1324117846425,122.948350643223,75.5438214042847,127.87640706817
81.2214153645391,77.304195010149,42.5234664101404,77.9864158501814,81.1814760149721,124.083698179088,81.2106943626254,98.1815590532601,91.4575697778359,96.3904181690611,116.971872908234,74.1141570618063,170.614032632787,113.70811025102,93.9291483710754,160.025659321308,124.690981755544,84.213636017289,97.9419635395043,77.3188084106901,114.31946092401,60.1324117846425,122.948350643223,75.5438214042847,127.87640706817
81.2214153645391,77.304195010149,42.5234664101404,77.9864158501814,81.1814760149721,124.083698179088,81.2106943626254,98.1815590532601,91.4575697778359,96.3904181690611,116.971872908234,74.1141570618063,170.614032632787,113.70811025102,93.9291483710754,160.025659321308,124.690981755544,84.213636017289,97.9419635395043,77.3188084106901,114.31946092401,60.1324117846425,122.948350643223,75.5438214042847,127.87640706817
81.2214153645391,77.304195010149,42.5234664101404,77.9864158501814,81.1814760149721,124.083698179088,81.2106943626254,98.1815590532601,91.4575697778359,96.3904181690611,116.971872908234,74.1141570618063,170.614032632787,113.70811025102,93.9291483710754,160.025659321308,124.690981755544,84.213636017289,97.9419635395043,77.3188084106901,114.31946092401,60.1324117846425,122.948350643223,75.5438214042847,127.87640706817
81.2214153645391,77.304195010149,42.5234664101404,77.9864158501814,81.1814760149721,124.083698179088,81.2106943626254,98.1815590532601,91.4575697778359,96.3904181690611,116.971872908234,74.1141570618063,170.614032632787,113.70811025102,93.9291483710754,160.025659321308,124.690981755544,84.213636017289,97.9419635395043,77.3188084106901,114.31946092401,60.1324117846425,122.948350643223,75.5438214042847,127.87640706817
81.2214153645391,77.304195010149,42.5234664101404,77.9864158501814,81.1814760149721,124.083698179088,81.2106943626254,98.1815590532601,91.4575697778359,96.3904181690611,116.971872908234,74.1141570618063,170.614032632787,113.70811025102,93.9291483710754,160.025659321308,124.690981755544,84.213636017289,97.9419635395043,77.3188084106901,114.31946092401,60.1324117846425,122.948350643223,75.5438214042847,127.87640706817
81.2214153645391,77.304195010149,42.5234664101404,77.9864158501814,81.1814760149721,124.083698179088,81.2106943626254,98.1815590532601,91.4575697778359,96.3904181690611,116.971872908234,74.1141570618063,170.614032632787,113.70811025102,93.9291483710754,160.025659321308,124.690981755544,84.213636017289,97.9419635395043,77.3188084106901,114.31946092401,60.1324117846425,122.948350643223,75.5438214042847,127.87640706817
81.2214153645391,77.304195010149,42.5234664101404,77.9864158501814,81.1814760149721,124.083698179088,81.2106943626254,98.1815590532601,91.4575697778359,96.3904181690611,116.971872908234,74.1141570618063,170.614032632787,113.70811025102,93.9291483710754,160.025659321308,124.690981755544,84.213636017289,97.9419635395043,77.3188084106901,114.31946092401,60.1324117846425,122.948350643223,75.5438214042847,127.87640706817
81.2214153645391,77.304195010149,42.5234664101404,77.9864158501814,81.1814760149721,124.083698179088,81.2106943626254,98.1815590532601,91.4575697778359,96.3904181690611,116.971872908234,74.1141570618063,170.614032632787,113.70811025102,93.9291483710754,160.025659321308,124.690981755544,84.213636017289,97.9419635395043,77.3188084106901,114.31946092401,60.1324117846425,122.948350643223,75.5438214042847,127.87640706817
81.2214153645391,77.304195010149,42.5234664101404,77.9864158501814,81.1814760149721,124.083698179088,81.2106943626254,98.1815590532601,91.4575697778359,96.3904181690611,116.971872908234,74.1141570618063,170.614032632787,113.70811025102,93.9291483710754,160.025659321308,124.690981755544,84.213636017289,97.9419635395043,77.3188084106901,114.31946092401,60.1324117846425,122.948350643223,75.5438214042847,127.87640706817
81.2214153645391,77.304195010149,42.5234664101404,77.9864158501814,81.1814760149721,124.083698179088,81.2106943626254,98.1815590532601,91.4575697778359,96.3904181690611,116.971872908234,74.1141570618063,170.614032632787,113.70811025102,93.9291483710754,160.025659321308,124.690981755544,84.213636017289,97.9419635395043,77.3188084106901,114.31946092401,60.1324117846425,122.948350643223,75.5438214042847,127.87640706817
81.2214153645391,77.304195010149,42.5234664101404,77.9864158501814,81.1814760149721,124.083698179088,81.2106943626254,98.1815590532601,91.4575697778359,96.3904181690611,116.971872908234,74.1141570618063,170.614032632787,113.70811025102,93.9291483710754,160.025659321308,124.690981755544,84.213636017289,97.9419635395043,77.3188084106901,114.31946092401,60.1324117846425,122.948350643223,75.5438214042847,127.87640706817
81.2214153645391,77.304195010149,42.5234664101404,77.9864158501814,81.1814760149721,124.083698179088,81.2106943626254,98.1815590532601,91.4575697778359,96.3904181690611,116.971872908234,74.1141570618063,170.614032632787,113.70811025102,93.9291483710754,160.025659321308,124.690981755544,84.213636017289,97.9419635395043,77.3188084106901,114.31946092401,60.1324117846425,122.948350643223,75.5438214042847,127.87640706817
81.2214153645391,77.304195010149,42.5234664101404,77.9864158501814,81.1814760149721,124.083698179088,81.2106943626254,98.1815590532601,91.4575697778359,96.3904181690611,116.971872908234,74.1141570618063,170.614032632787,113.70811025102,93.9291483710754,160.025659321308,124.690981755544,84.213636017289,97.9419635395043,77.3188084106901,114.31946092401,60.1324117846425,122.948350643223,75.5438214042847,127.87640706817
81.2214153645391,77.304195010149,42.5234664101404,77.9864158501814,81.1814760149721,124.083698179088,81.2106943626254,98.1815590532601,91.4575697778359,96.3904181690611,116.971872908234,74.1141570618063,170.614032632787,113.70811025102,93.9291483710754,160.025659321308,124.690981755544,84.213636017289,97.9419635395043,77.3188084106901,114.31946092401,60.1324117846425,122.948350643223,75.5438214042847,127.87640706817
81.2214153645391,77.304195010149,42.5234664101404,77.9864158501814,81.1814760149721,124.083698179088,81.2106943626254,98.1815590532601,91.4575697778359,96.3904181690611,116.971872908234,74.1141570618063,170.614032632787,113.70811025102,93.9291483710754,160.025659321308,124.690981755544,84.213636017289,97.9419635395043,77.3188084106901,114.31946092401,60.1324117846425,122.948350643223,75.5438214042847,127.87640706817
81.2214153645391,77.304195010149,42.5234664101404,77.9864158501814,81.1814760149721,124.083698179088,81.2106943626254,98.1815590532601,91.4575697778359,96.3904181690611,116.971872908234,74.1141570618063,170.614032632787,113.70811025102,93.9291483710754,160.025659321308,124.690981755544,84.213636017289,97.9419635395043,77.3188084106901,114.31946092401,60.1324117846425,122.948350643223,75.5438214042847,127.87640706817
81.2214153645391,77.304195010149,42.5234664101404,77.9864158501814,81.1814760149721,124.083698179088,81.2106943626254,98.1815590532601,91.4575697778359,96.3904181690611,116.971872908234,74.1141570618063,170.614032632787,113.70811025102,93.9291483710754,160.025659321308,124.690981755544,84.213636017289,97.9419635395043,77.3188084106901,114.31946092401,60.1324117846425,122.948350643223,75.5438214042847,127.87640706817
81.2214153645391,77.304195010149,42.5234664101404,77.9864158501814,81.1814760149721,124.083698179088,81.2106943626254,98.1815590532601,91.4575697778359,96.3904181690611,116.971872908234,74.1141570618063,170.614032632787,113.70811025102,93.9291483710754,160.025659321308,124.690981755544,84.213636017289,97.9419635395043,77.3188084106901,114.31946092401,60.1324117846425,122.948350643223,75.5438214042847,127.87640706817
81.2214153645391,77.304195010149,42.5234664101404,77.9864158501814,81.1814760149721,124.083698179088,81.2106943626254,98.1815590532601,91.4575697778359,96.3904181690611,116.971872908234,74.1141570618063,170.614032632787,113.70811025102,93.9291483710754,160.025659321308,124.690981755544,84.213636017289,97.9419635395043,77.3188084106901,114.31946092401,60.1324117846425,122.948350643223,75.5438214042847,127.87640706817
81.2214153645391,77.304195010149,42.5234664101404,77.9864158501814,81.1814760149721,124.083698179088,81.2106943626254,98.1815590532601,91.4575697778359,96.3904181690611,116.971872908234,74.1141570618063,170.614032632787,113.70811025102,93.9291483710754,160.025659321308,124.690981755544,84.213636017289,97.9419635395043,77.3188084106901,114.31946092401,60.1324117846425,122.948350643223,75.5438214042847,127.87640706817
81.2214153645391,77.304195010149,42.5234664101404,77.9864158501814,81.1814760149721,124.083698179088,81.2106943626254,98.1815590532601,91.4575697778359,96.3904181690611,116.971872908234,74.1141570618063,170.614032632787,113.70811025102,93.9291483710754,160.025659321308,124.690981755544,84.213636017289,97.9419635395043,77.3188084106901,114.31946092401,60.1324117846425,122.948350643223,75.5438214042847,127.87640706817
81.2214153645391,77.304195010149,42.5234664101404,77.9864158501814,81.1814760149721,124.083698179088,81.2106943626254,98.1815590532601,91.4575697778359,96.3904181690611,116.971872908234,74.1141570618063,170.614032632787,113.70811025102,93.9291483710754,160.025659321308,124.690981755544,84.213636017289,97.9419635395043,77.3188084106901,114.31946092401,60.1324117846425,122.948350643223,75.5438214042847,127.87640706817
81.2214153645391,77.304195010149,42.5234664101404,77.9864158501814,81.1814760149721,124.083698179088,81.2106943626254,98.1815590532601,91.4575697778359,96.3904181690611,116.971872908234,74.1141570618063,170.614032632787,113.70811025102,93.9291483710754,160.025659321308,124.690981755544,84.213636017289,97.9419635395043,77.3188084106901,114.31946092401,60.1324117846425,122.948350643223,75.5438214042847,127.87640706817
81.2214153645391,77.304195010149,42.5234664101404,77.9864158501814,81.1814760149721,124.083698179088,81.2106943626254,98.1815590532601,91.4575697778359,96.3904181690611,116.971872908234,74.1141570618063,170.614032632787,113.70811025102,93.9291483710754,160.025659321308,124.690981755544,84.213636017289,97.9419635395043,77.3188084106901,114.31946092401,60.1324117846425,122.948350643223,75.5438214042847,127.87640706817
81.2214153645391,77.304195010149,42.5234664101404,77.9864158501814,81.1814760149721,124.083698179088,81.2106943626254,98.1815590532601,91.4575697778359,96.3904181690611,116.971872908234,74.1141570618063,170.614032632787,113.70811025102,93.9291483710754,160.025659321308,124.690981755544,84.213636017289,97.9419635395043,77.3188084106901,114.31946092401,60.1324117846425,122.948350643223,75.5438214042847,127.87640706817
81.2214153645391,77.304195010149,42.5234664101404,77.9864158501814,81.1814760149721,124.083698179088,81.2106943626254,98.1815590532601,91.4575697778359,96.3904181690611,116.971872908234,74.1141570618063,170.614032632787,113.70811025102,93.9291483710754,160.025659321308,124.690981755544,84.213636017289,97.9419635395043,77.3188084106901,114.31946092401,60.1324117846425,122.948350643223,75.5438214042847,127.87640706817
81.2214153645391,77.304195010149,42.5234664101404,77.9864158501814,81.1814760149721,124.083698179088,81.2106943626254,98.1815590532601,91.4575697778359,96.3904181690611,116.971872908234,74.1141570618063,170.614032632787,113.70811025102,93.9291483710754,160.025659321308,124.690981755544,84.213636017289,97.9419635395043,77.3188084106901,114.31946092401,60.1324117846425,122.948350643223,75.5438214042847,127.87640706817
81.2214153645391,77.304195010149,42.5234664101404,77.9864158501814,81.1814760149721,124.083698179088,81.2106943626254,98.1815590532601,91.4575697778359,96.3904181690611,116.971872908234,74.1141570618063,170.614032632787,113.70811025102,93.9291483710754,160.025659321308,124.690981755544,84.213636017289,97.9419635395043,77.3188084106901,114.31946092401,60.1324117846425,122.948350643223,75.5438214042847,127.87640706817
81.2214153645391,77.304195010149,42.5234664101404,77.9864158501814,81.1814760149721,124.083698179088,81.2106943626254,98.1815590532601,91.4575697778359,96.3904181690611,116.971872908234,74.1141570618063,170.614032632787,113.70811025102,93.9291483710754,160.025659321308,124.690981755544,84.213636017289,97.9419635395043,77.3188084106901,114.31946092401,60.1324117846425,122.948350643223,75.5438214042847,127.87640706817
81.2214153645391,77.304195010149,42.5234664101404,77.9864158501814,81.1814760149721,124.083698179088,81.2106943626254,98.1815590532601,91.4575697778359,96.3904181690611,116.971872908234,74.1141570618063,170.614032632787,113.70811025102,93.9291483710754,160.025659321308,124.690981755544,84.213636017289,97.9419635395043,77.3188084106901,114.31946092401,60.1324117846425,122.948350643223,75.5438214042847,127.87640706817
81.2214153645391,77.304195010149,42.5234664101404,77.9864158501814,81.1814760149721,124.083698179088,81.2106943626254,98.1815590532601,91.4575697778359,96.3904181690611,116.971872908234,74.1141570618063,170.614032632787,113.70811025102,93.9291483710754,160.025659321308,124.690981755544,84.213636017289,97.9419635395043,77.3188084106901,114.31946092401,60.1324117846425,122.948350643223,75.5438214042847,127.87640706817
81.2214153645391,77.304195010149,42.5234664101404,77.9864158501814,81.1814760149721,124.083698179088,81.2106943626254,98.1815590532601,91.4575697778359,96.3904181690611,116.971872908234,74.1141570618063,170.614032632787,113.70811025102,93.9291483710754,160.025659321308,124.690981755544,84.213636017289,97.9419635395043,77.3188084106901,114.31946092401,60.1324117846425,122.948350643223,75.5438214042847,127.87640706817
81.2214153645391,77.304195010149,42.5234664101404,77.9864158501814,81.1814760149721,124.083698179088,81.2106943626254,98.1815590532601,91.4575697778359,96.3904181690611,116.971872908234,74.1141570618063,170.614032632787,113.70811025102,93.9291483710754,160.025659321308,124.690981755544,84.213636017289,97.9419635395043,77.3188084106901,114.31946092401,60.1324117846425,122.948350643223,75.5438214042847,127.87640706817
81.2214153645391,77.304195010149,42.5234664101404,77.9864158501814,81.1814760149721,124.083698179088,81.2106943626254,98.1815590532601,91.4575697778359,96.3904181690611,116.971872908234,74.1141570618063,170.614032632787,113.70811025102,93.9291483710754,160.025659321308,124.690981755544,84.213636017289,97.9419635395043,77.3188084106901,114.31946092401,60.1324117846425,122.948350643223,75.5438214042847,127.87640706817
81.2214153645391,77.304195010149,42.5234664101404,77.9864158501814,81.1814760149721,124.083698179088,81.2106943626254,98.1815590532601,91.4575697778359,96.3904181690611,116.971872908234,74.1141570618063,170.614032632787,113.70811025102,93.9291483710754,160.025659321308,124.690981755544,84.213636017289,97.9419635395043,77.3188084106901,114.31946092401,60.1324117846425,122.948350643223,75.5438214042847,127.87640706817
81.2214153645391,77.304195010149,42.5234664101404,77.9864158501814,81.1814760149721,124.083698179088,81.2106943626254,98.1815590532601,91.4575697778359,96.3904181690611,116.971872908234,74.1141570618063,170.614032632787,113.70811025102,93.9291483710754,160.025659321308,124.690981755544,84.213636017289,97.9419635395043,77.3188084106901,114.31946092401,60.1324117846425,122.948350643223,75.5438214042847,127.87640706817
81.2214153645391,77.304195010149,42.5234664101404,77.9864158501814,81.1814760149721,124.083698179088,81.2106943626254,98.1815590532601,91.4575697778359,96.3904181690611,116.971872908234,74.1141570618063,170.614032632787,113.70811025102,93.9291483710754,160.025659321308,124.690981755544,84.213636017289,97.9419635395043,77.3188084106901,114.31946092401,60.1324117846425,122.948350643223,75.5438214042847,127.87640706817
81.2214153645391,77.304195010149,42.5234664101404,77.9864158501814,81.1814760149721,124.083698179088,81.2106943626254,98.1815590532601,91.4575697778359,96.3904181690611,116.971872908234,74.1141570618063,170.614032632787,113.70811025102,93.9291483710754,160.025659321308,124.690981755544,84.213636017289,97.9419635395043,77.3188084106901,114.31946092401,60.1324117846425,122.948350643223,75.5438214042847,127.87640706817
81.2214153645391,77.304195010149,42.5234664101404,77.9864158501814,81.1814760149721,124.083698179088,81.2106943626254,98.1815590532601,91.4575697778359,96.3904181690611,116.971872908234,74.1141570618063,170.614032632787,113.70811025102,93.9291483710754,160.025659321308,124.690981755544,84.213636017289,97.9419635395043,77.3188084106901,114.31946092401,60.1324117846425,122.948350643223,75.5438214042847,127.87640706817
81.2214153645391,77.304195010149,42.5234664101404,77.9864158501814,81.1814760149721,124.083698179088,81.2106943626254,98.1815590532601,91.4575697778359,96.3904181690611,116.971872908234,74.1141570618063,170.614032632787,113.70811025102,93.9291483710754,160.025659321308,124.690981755544,84.213636017289,97.9419635395043,77.3188084106901,114.31946092401,60.1324117846425,122.948350643223,75.5438214042847,127.87640706817
81.2214153645391,77.304195010149,42.5234664101404,77.9864158501814,81.1814760149721,124.083698179088,81.2106943626254,98.1815590532601,91.4575697778359,96.3904181690611,116.971872908234,74.1141570618063,170.614032632787,113.70811025102,93.9291483710754,160.025659321308,124.690981755544,84.213636017289,97.9419635395043,77.3188084106901,114.31946092401,60.1324117846425,122.948350643223,75.5438214042847,127.87640706817
81.2214153645391,77.304195010149,42.5234664101404,77.9864158501814,81.1814760149721,124.083698179088,81.2106943626254,98.1815590532601,91.4575697778359,96.3904181690611,116.971872908234,74.1141570618063,170.614032632787,113.70811025102,93.9291483710754,160.025659321308,124.690981755544,84.213636017289,97.9419635395043,77.3188084106901,114.31946092401,60.1324117846425,122.948350643223,75.5438214042847,127.87640706817
81.2214153645391,77.304195010149,42.5234664101404,77.9864158501814,81.1814760149721,124.083698179088,81.2106943626254,98.1815590532601,91.4575697778359,96.3904181690611,116.971872908234,74.1141570618063,170.614032632787,113.70811025102,93.9291483710754,160.025659321308,124.690981755544,84.213636017289,97.9419635395043,77.3188084106901,114.31946092401,60.1324117846425,122.948350643223,75.5438214042847,127.87640706817
81.2214153645391,77.304195010149,42.5234664101404,77.9864158501814,81.1814760149721,124.083698179088,81.2106943626254,98.1815590532601,91.4575697778359,96.3904181690611,116.971872908234,74.1141570618063,170.614032632787,113.70811025102,93.9291483710754,160.025659321308,124.690981755544,84.213636017289,97.9419635395043,77.3188084106901,114.31946092401,60.1324117846425,122.948350643223,75.5438214042847,127.87640706817
81.2214153645391,77.304195010149,42.5234664101404,77.9864158501814,81.1814760149721,124.083698179088,81.2106943626254,98.1815590532601,91.4575697778359,96.3904181690611,116.971872908234,74.1141570618063,170.614032632787,113.70811025102,93.9291483710754,160.025659321308,124.690981755544,84.213636017289,97.9419635395043,77.3188084106901,114.31946092401,60.1324117846425,122.948350643223,75.5438214042847,127.87640706817
81.2214153645391,77.304195010149,42.5234664101404,77.9864158501814,81.1814760149721,124.083698179088,81.2106943626254,98.1815590532601,91.4575697778359,96.3904181690611,116.971872908234,74.1141570618063,170.614032632787,113.70811025102,93.9291483710754,160.025659321308,124.690981755544,84.213636017289,97.9419635395043,77.3188084106901,114.31946092401,60.1324117846425,122.948350643223,75.5438214042847,127.87640706817
81.2214153645391,77.304195010149,42.5234664101404,77.9864158501814,81.1814760149721,124.083698179088,81.2106943626254,98.1815590532601,91.4575697778359,96.3904181690611,116.971872908234,74.1141570618063,170.614032632787,113.70811025102,93.9291483710754,160.025659321308,124.690981755544,84.213636017289,97.9419635395043,77.3188084106901,114.31946092401,60.1324117846425,122.948350643223,75.5438214042847,127.87640706817
81.2214153645391,77.304195010149,42.5234664101404,77.9864158501814,81.1814760149721,124.083698179088,81.2106943626254,98.1815590532601,91.4575697778359,96.3904181690611,116.971872908234,74.1141570618063,170.614032632787,113.70811025102,93.9291483710754,160.025659321308,124.690981755544,84.213636017289,97.9419635395043,77.3188084106901,114.31946092401,60.1324117846425,122.948350643223,75.5438214042847,127.87640706817
81.2214153645391,77.304195010149,42.5234664101404,77.9864158501814,81.1814760149721,124.083698179088,81.2106943626254,98.1815590532601,91.4575697778359,96.3904181690611,116.971872908234,74.1141570618063,170.614032632787,113.70811025102,93.9291483710754,160.025659321308,124.690981755544,84.213636017289,97.9419635395043,77.3188084106901,114.31946092401,60.1324117846425,122.948350643223,75.5438214042847,127.87640706817
81.2214153645391,77.304195010149,42.5234664101404,77.9864158501814,81.1814760149721,124.083698179088,81.2106943626254,98.1815590532601,91.4575697778359,96.3904181690611,116.971872908234,74.1141570618063,170.614032632787,113.70811025102,93.9291483710754,160.025659321308,124.690981755544,84.213636017289,97.9419635395043,77.3188084106901,114.31946092401,60.1324117846425,122.948350643223,75.5438214042847,127.87640706817
81.2214153645391,77.304195010149,42.5234664101404,77.9864158501814,81.1814760149721,124.083698179088,81.2106943626254,98.1815590532601,91.4575697778359,96.3904181690611,116.971872908234,74.1141570618063,170.614032632787,113.70811025102,93.9291483710754,160.025659321308,124.690981755544,84.213636017289,97.9419635395043,77.3188084106901,114.31946092401,60.1324117846425,122.948350643223,75.5438214042847,127.87640706817
81.2214153645391,77.304195010149,42.5234664101404,77.9864158501814,81.1814760149721,124.083698179088,81.2106943626254,98.1815590532601,91.4575697778359,96.3904181690611,116.971872908234,74.1141570618063,170.614032632787,113.70811025102,93.9291483710754,160.025659321308,124.690981755544,84.213636017289,97.9419635395043,77.3188084106901,114.31946092401,60.1324117846425,122.948350643223,75.5438214042847,127.87640706817
81.2214153645391,77.304195010149,42.5234664101404,77.9864158501814,81.1814760149721,124.083698179088,81.2106943626254,98.1815590532601,91.4575697778359,96.3904181690611,116.971872908234,74.1141570618063,170.614032632787,113.70811025102,93.9291483710754,160.025659321308,124.690981755544,84.213636017289,97.9419635395043,77.3188084106901,114.31946092401,60.1324117846425,122.948350643223,75.5438214042847,127.87640706817
81.2214153645391,77.304195010149,42.5234664101404,77.9864158501814,81.1814760149721,124.083698179088,81.2106943626254,98.1815590532601,91.4575697778359,96.3904181690611,116.971872908234,74.1141570618063,170.614032632787,113.70811025102,93.9291483710754,160.025659321308,124.690981755544,84.213636017289,97.9419635395043,77.3188084106901,114.31946092401,60.1324117846425,122.948350643223,75.5438214042847,127.87640706817
81.2214153645391,77.304195010149,42.5234664101404,77.9864158501814,81.1814760149721,124.083698179088,81.2106943626254,98.1815590532601,91.4575697778359,96.3904181690611,116.971872908234,74.1141570618063,170.614032632787,113.70811025102,93.9291483710754,160.025659321308,124.690981755544,84.213636017289,97.9419635395043,77.3188084106901,114.31946092401,60.1324117846425,122.948350643223,75.5438214042847,127.87640706817
81.2214153645391,77.304195010149,42.5234664101404,77.9864158501814,81.1814760149721,124.083698179088,81.2106943626254,98.1815590532601,91.4575697778359,96.3904181690611,116.971872908234,74.1141570618063,170.614032632787,113.70811025102,93.9291483710754,160.025659321308,124.690981755544,84.213636017289,97.9419635395043,77.3188084106901,114.31946092401,60.1324117846425,122.948350643223,75.5438214042847,127.87640706817
81.2214153645391,77.304195010149,42.5234664101404,77.9864158501814,81.1814760149721,124.083698179088,81.2106943626254,98.1815590532601,91.4575697778359,96.3904181690611,116.971872908234,74.1141570618063,170.614032632787,113.70811025102,93.9291483710754,160.025659321308,124.690981755544,84.213636017289,97.9419635395043,77.3188084106901,114.31946092401,60.1324117846425,122.948350643223,75.5438214042847,127.87640706817
81.2214153645391,77.304195010149,42.5234664101404,77.9864158501814,81.1814760149721,124.083698179088,81.2106943626254,98.1815590532601,91.4575697778359,96.3904181690611,116.971872908234,74.1141570618063,170.614032632787,113.70811025102,93.9291483710754,160.025659321308,124.690981755544,84.213636017289,97.9419635395043,77.3188084106901,114.31946092401,60.1324117846425,122.948350643223,75.5438214042847,127.87640706817
81.2214153645391,77.304195010149,42.5234664101404,77.9864158501814,81.1814760149721,124.083698179088,81.2106943626254,98.1815590532601,91.4575697778359,96.3904181690611,116.971872908234,74.1141570618063,170.614032632787,113.70811025102,93.9291483710754,160.025659321308,124.690981755544,84.213636017289,97.9419635395043,77.3188084106901,114.31946092401,60.1324117846425,122.948350643223,75.5438214042847,127.87640706817
81.2214153645391,77.304195010149,42.5234664101404,77.9864158501814,81.1814760149721,124.083698179088,81.2106943626254,98.1815590532601,91.4575697778359,96.3904181690611,116.971872908234,74.1141570618063,170.614032632787,113.70811025102,93.9291483710754,160.025659321308,124.690981755544,84.213636017289,97.9419635395043,77.3188084106901,114.31946092401,60.1324117846425,122.948350643223,75.5438214042847,127.87640706817
81.2214153645391,77.304195010149,42.5234664101404,77.9864158501814,81.1814760149721,124.083698179088,81.2106943626254,98.1815590532601,91.4575697778359,96.3904181690611,116.971872908234,74.1141570618063,170.614032632787,113.70811025102,93.9291483710754,160.025659321308,124.690981755544,84.213636017289,97.9419635395043,77.3188084106901,114.31946092401,60.1324117846425,122.948350643223,75.5438214042847,127.87640706817
81.2214153645391,77.304195010149,42.5234664101404,77.9864158501814,81.1814760149721,124.083698179088,81.2106943626254,98.1815590532601,91.4575697778359,96.3904181690611,116.971872908234,74.1141570618063,170.614032632787,113.70811025102,93.9291483710754,160.025659321308,124.690981755544,84.213636017289,97.9419635395043,77.3188084106901,114.31946092401,60.1324117846425,122.948350643223,75.5438214042847,127.87640706817
81.2214153645391,77.304195010149,42.5234664101404,77.9864158501814,81.1814760149721,124.083698179088,81.2106943626254,98.1815590532601,91.4575697778359,96.3904181690611,116.971872908234,74.1141570618063,170.614032632787,113.70811025102,93.9291483710754,160.025659321308,124.690981755544,84.213636017289,97.9419635395043,77.3188084106901,114.31946092401,60.1324117846425,122.948350643223,75.5438214042847,127.87640706817
81.2214153645391,77.304195010149,42.5234664101404,77.9864158501814,81.1814760149721,124.083698179088,81.2106943626254,98.1815590532601,91.4575697778359,96.3904181690611,116.971872908234,74.1141570618063,170.614032632787,113.70811025102,93.9291483710754,160.025659321308,124.690981755544,84.213636017289,97.9419635395043,77.3188084106901,114.31946092401,60.1324117846425,122.948350643223,75.5438214042847,127.87640706817
81.2214153645391,77.304195010149,42.5234664101404,77.9864158501814,81.1814760149721,124.083698179088,81.2106943626254,98.1815590532601,91.4575697778359,96.3904181690611,116.971872908234,74.1141570618063,170.614032632787,113.70811025102,93.9291483710754,160.025659321308,124.690981755544,84.213636017289,97.9419635395043,77.3188084106901,114.31946092401,60.1324117846425,122.948350643223,75.5438214042847,127.87640706817
81.2214153645391,77.304195010149,42.5234664101404,77.9864158501814,81.1814760149721,124.083698179088,81.2106943626254,98.1815590532601,91.4575697778359,96.3904181690611,116.971872908234,74.1141570618063,170.614032632787,113.70811025102,93.9291483710754,160.025659321308,124.690981755544,84.213636017289,97.9419635395043,77.3188084106901,114.31946092401,60.1324117846425,122.948350643223,75.5438214042847,127.87640706817
81.2214153645391,77.304195010149,42.5234664101404,77.9864158501814,81.1814760149721,124.083698179088,81.2106943626254,98.1815590532601,91.4575697778359,96.3904181690611,116.971872908234,74.1141570618063,170.614032632787,113.70811025102,93.9291483710754,160.025659321308,124.690981755544,84.213636017289,97.9419635395043,77.3188084106901,114.31946092401,60.1324117846425,122.948350643223,75.5438214042847,127.87640706817
81.2214153645391,77.304195010149,42.5234664101404,77.9864158501814,81.1814760149721,124.083698179088,81.2106943626254,98.1815590532601,91.4575697778359,96.3904181690611,116.971872908234,74.1141570618063,170.614032632787,113.70811025102,93.9291483710754,160.025659321308,124.690981755544,84.213636017289,97.9419635395043,77.3188084106901,114.31946092401,60.1324117846425,122.948350643223,75.5438214042847,127.87640706817
81.2214153645391,77.304195010149,42.5234664101404,77.9864158501814,81.1814760149721,124.083698179088,81.2106943626254,98.1815590532601,91.4575697778359,96.3904181690611,116.971872908234,74.1141570618063,170.614032632787,113.70811025102,93.9291483710754,160.025659321308,124.690981755544,84.213636017289,97.9419635395043,77.3188084106901,114.31946092401,60.1324117846425,122.948350643223,75.5438214042847,127.87640706817
81.2214153645391,77.304195010149,42.5234664101404,77.9864158501814,81.1814760149721,124.083698179088,81.2106943626254,98.1815590532601,91.4575697778359,96.3904181690611,116.971872908234,74.1141570618063,170.614032632787,113.70811025102,93.9291483710754,160.025659321308,124.690981755544,84.213636017289,97.9419635395043,77.3188084106901,114.31946092401,60.1324117846425,122.948350643223,75.5438214042847,127.87640706817
81.2214153645391,77.304195010149,42.5234664101404,77.9864158501814,81.1814760149721,124.083698179088,81.2106943626254,98.1815590532601,91.4575697778359,96.3904181690611,116.971872908234,74.1141570618063,170.614032632787,113.70811025102,93.9291483710754,160.025659321308,124.690981755544,84.213636017289,97.9419635395043,77.3188084106901,114.31946092401,60.1324117846425,122.948350643223,75.5438214042847,127.87640706817
81.2214153645391,77.304195010149,42.5234664101404,77.9864158501814,81.1814760149721,124.083698179088,81.2106943626254,98.1815590532601,91.4575697778359,96.3904181690611,116.971872908234,74.1141570618063,170.614032632787,113.70811025102,93.9291483710754,160.025659321308,124.690981755544,84.213636017289,97.9419635395043,77.3188084106901,114.31946092401,60.1324117846425,122.948350643223,75.5438214042847,127.87640706817
81.2214153645391,77.304195010149,42.5234664101404,77.9864158501814,81.1814760149721,124.083698179088,81.2106943626254,98.1815590532601,91.4575697778359,96.3904181690611,116.971872908234,74.1141570618063,170.614032632787,113.70811025102,93.9291483710754,160.025659321308,124.690981755544,84.213636017289,97.9419635395043,77.3188084106901,114.31946092401,60.1324117846425,122.948350643223,75.5438214042847,127.87640706817
81.2214153645391,77.304195010149,42.5234664101404,77.9864158501814,81.1814760149721,124.083698179088,81.2106943626254,98.1815590532601,91.4575697778359,96.3904181690611,116.971872908234,74.1141570618063,170.614032632787,113.70811025102,93.9291483710754,160.025659321308,124.690981755544,84.213636017289,97.9419635395043,77.3188084106901,114.31946092401,60.1324117846425,122.948350643223,75.5438214042847,127.87640706817
81.2214153645391,77.304195010149,42.5234664101404,77.9864158501814,81.1814760149721,124.083698179088,81.2106943626254,98.1815590532601,91.4575697778359,96.3904181690611,116.971872908234,74.1141570618063,170.614032632787,113.70811025102,93.9291483710754,160.025659321308,124.690981755544,84.213636017289,97.9419635395043,77.3188084106901,114.31946092401,60.1324117846425,122.948350643223,75.5438214042847,127.87640706817
81.2214153645391,77.304195010149,42.5234664101404,77.9864158501814,81.1814760149721,124.083698179088,81.2106943626254,98.1815590532601,91.4575697778359,96.3904181690611,116.971872908234,74.1141570618063,170.614032632787,113.70811025102,93.9291483710754,160.025659321308,124.690981755544,84.213636017289,97.9419635395043,77.3188084106901,114.31946092401,60.1324117846425,122.948350643223,75.5438214042847,127.87640706817
81.2214153645391,77.304195010149,42.5234664101404,77.9864158501814,81.1814760149721,124.083698179088,81.2106943626254,98.1815590532601,91.4575697778359,96.3904181690611,116.971872908234,74.1141570618063,170.614032632787,113.70811025102,93.9291483710754,160.025659321308,124.690981755544,84.213636017289,97.9419635395043,77.3188084106901,114.31946092401,60.1324117846425,122.948350643223,75.5438214042847,127.87640706817
81.2214153645391,77.304195010149,42.5234664101404,77.9864158501814,81.1814760149721,124.083698179088,81.2106943626254,98.1815590532601,91.4575697778359,96.3904181690611,116.971872908234,74.1141570618063,170.614032632787,113.70811025102,93.9291483710754,160.025659321308,124.690981755544,84.213636017289,97.9419635395043,77.3188084106901,114.31946092401,60.1324117846425,122.948350643223,75.5438214042847,127.87640706817
81.2214153645391,77.304195010149,42.5234664101404,77.9864158501814,81.1814760149721,124.083698179088,81.2106943626254,98.1815590532601,91.4575697778359,96.3904181690611,116.971872908234,74.1141570618063,170.614032632787,113.70811025102,93.9291483710754,160.025659321308,124.690981755544,84.213636017289,97.9419635395043,77.3188084106901,114.31946092401,60.1324117846425,122.948350643223,75.5438214042847,127.87640706817
81.2214153645391,77.304195010149,42.5234664101404,77.9864158501814,81.1814760149721,124.083698179088,81.2106943626254,98.1815590532601,91.4575697778359,96.3904181690611,116.971872908234,74.1141570618063,170.614032632787,113.70811025102,93.9291483710754,160.025659321308,124.690981755544,84.213636017289,97.9419635395043,77.3188084106901,114.31946092401,60.1324117846425,122.948350643223,75.5438214042847,127.87640706817
81.2214153645391,77.304195010149,42.5234664101404,77.9864158501814,81.1814760149721,124.083698179088,81.2106943626254,98.1815590532601,91.4575697778359,96.3904181690611,116.971872908234,74.1141570618063,170.614032632787,113.70811025102,93.9291483710754,160.025659321308,124.690981755544,84.213636017289,97.9419635395043,77.3188084106901,114.31946092401,60.1324117846425,122.948350643223,75.5438214042847,127.87640706817
81.2214153645391,77.304195010149,42.5234664101404,77.9864158501814,81.1814760149721,124.083698179088,81.2106943626254,98.1815590532601,91.4575697778359,96.3904181690611,116.971872908234,74.1141570618063,170.614032632787,113.70811025102,93.9291483710754,160.025659321308,124.690981755544,84.213636017289,97.9419635395043,77.3188084106901,114.31946092401,60.1324117846425,122.948350643223,75.5438214042847,127.87640706817
81.2214153645391,77.304195010149,42.5234664101404,77.9864158501814,81.1814760149721,124.083698179088,81.2106943626254,98.1815590532601,91.4575697778359,96.3904181690611,116.971872908234,74.1141570618063,170.614032632787,113.70811025102,93.9291483710754,160.025659321308,124.690981755544,84.213636017289,97.9419635395043,77.3188084106901,114.31946092401,60.1324117846425,122.948350643223,75.5438214042847,127.87640706817
81.2214153645391,77.304195010149,42.5234664101404,77.9864158501814,81.1814760149721,124.083698179088,81.2106943626254,98.1815590532601,91.4575697778359,96.3904181690611,116.971872908234,74.1141570618063,170.614032632787,113.70811025102,93.9291483710754,160.025659321308,124.690981755544,84.213636017289,97.9419635395043,77.3188084106901,114.31946092401,60.1324117846425,122.948350643223,75.5438214042847,127.87640706817
81.2214153645391,77.304195010149,42.5234664101404,77.9864158501814,81.1814760149721,124.083698179088,81.2106943626254,98.1815590532601,91.4575697778359,96.3904181690611,116.971872908234,74.1141570618063,170.614032632787,113.70811025102,93.9291483710754,160.025659321308,124.690981755544,84.213636017289,97.9419635395043,77.3188084106901,114.31946092401,60.1324117846425,122.948350643223,75.5438214042847,127.87640706817
81.2214153645391,77.304195010149,42.5234664101404,77.9864158501814,81.1814760149721,124.083698179088,81.2106943626254,98.1815590532601,91.4575697778359,96.3904181690611,116.971872908234,74.1141570618063,170.614032632787,113.70811025102,93.9291483710754,160.025659321308,124.690981755544,84.213636017289,97.9419635395043,77.3188084106901,114.31946092401,60.1324117846425,122.948350643223,75.5438214042847,127.87640706817
81.2214153645391,77.304195010149,42.5234664101404,77.9864158501814,81.1814760149721,124.083698179088,81.2106943626254,98.1815590532601,91.4575697778359,96.3904181690611,116.971872908234,74.1141570618063,170.614032632787,113.70811025102,93.9291483710754,160.025659321308,124.690981755544,84.213636017289,97.9419635395043,77.3188084106901,114.31946092401,60.1324117846425,122.948350643223,75.5438214042847,127.87640706817
81.2214153645391,77.304195010149,42.5234664101404,77.9864158501814,81.1814760149721,124.083698179088,81.2106943626254,98.1815590532601,91.4575697778359,96.3904181690611,116.971872908234,74.1141570618063,170.614032632787,113.70811025102,93.9291483710754,160.025659321308,124.690981755544,84.213636017289,97.9419635395043,77.3188084106901,114.31946092401,60.1324117846425,122.948350643223,75.5438214042847,127.87640706817
81.2214153645391,77.304195010149,42.5234664101404,77.9864158501814,81.1814760149721,124.083698179088,81.2106943626254,98.1815590532601,91.4575697778359,96.3904181690611,116.971872908234,74.1141570618063,170.614032632787,113.70811025102,93.9291483710754,160.025659321308,124.690981755544,84.213636017289,97.9419635395043,77.3188084106901,114.31946092401,60.1324117846425,122.948350643223,75.5438214042847,127.87640706817
81.2214153645391,77.304195010149,42.5234664101404,77.9864158501814,81.1814760149721,124.083698179088,81.2106943626254,98.1815590532601,91.4575697778359,96.3904181690611,116.971872908234,74.1141570618063,170.614032632787,113.70811025102,93.9291483710754,160.025659321308,124.690981755544,84.213636017289,97.9419635395043,77.3188084106901,114.31946092401,60.1324117846425,122.948350643223,75.5438214042847,127.87640706817
81.2214153645391,77.304195010149,42.5234664101404,77.9864158501814,81.1814760149721,124.083698179088,81.2106943626254,98.1815590532601,91.4575697778359,96.3904181690611,116.971872908234,74.1141570618063,170.614032632787,113.70811025102,93.9291483710754,160.025659321308,124.690981755544,84.213636017289,97.9419635395043,77.3188084106901,114.31946092401,60.1324117846425,122.948350643223,75.5438214042847,127.87640706817
81.2214153645391,77.304195010149,42.5234664101404,77.9864158501814,81.1814760149721,124.083698179088,81.2106943626254,98.1815590532601,91.4575697778359,96.3904181690611,116.971872908234,74.1141570618063,170.614032632787,113.70811025102,93.9291483710754,160.025659321308,124.690981755544,84.213636017289,97.9419635395043,77.3188084106901,114.31946092401,60.1324117846425,122.948350643223,75.5438214042847,127.87640706817
81.2214153645391,77.304195010149,42.5234664101404,77.9864158501814,81.1814760149721,124.083698179088,81.2106943626254,98.1815590532601,91.4575697778359,96.3904181690611,116.971872908234,74.1141570618063,170.614032632787,113.70811025102,93.9291483710754,160.025659321308,124.690981755544,84.213636017289,97.9419635395043,77.3188084106901,114.31946092401,60.1324117846425,122.948350643223,75.5438214042847,127.87640706817
81.2214153645391,77.304195010149,42.5234664101404,77.9864158501814,81.1814760149721,124.083698179088,81.2106943626254,98.1815590532601,91.4575697778359,96.3904181690611,116.971872908234,74.1141570618063,170.614032632787,113.70811025102,93.9291483710754,160.025659321308,124.690981755544,84.213636017289,97.9419635395043,77.3188084106901,114.31946092401,60.1324117846425,122.948350643223,75.5438214042847,127.87640706817
81.2214153645391,77.304195010149,42.5234664101404,77.9864158501814,81.1814760149721,124.083698179088,81.2106943626254,98.1815590532601,91.4575697778359,96.3904181690611,116.971872908234,74.1141570618063,170.614032632787,113.70811025102,93.9291483710754,160.025659321308,124.690981755544,84.213636017289,97.9419635395043,77.3188084106901,114.31946092401,60.1324117846425,122.948350643223,75.5438214042847,127.87640706817
81.2214153645391,77.304195010149,42.5234664101404,77.9864158501814,81.1814760149721,124.083698179088,81.2106943626254,98.1815590532601,91.4575697778359,96.3904181690611,116.971872908234,74.1141570618063,170.614032632787,113.70811025102,93.9291483710754,160.025659321308,124.690981755544,84.213636017289,97.9419635395043,77.3188084106901,114.31946092401,60.1324117846425,122.948350643223,75.5438214042847,127.87640706817
81.2214153645391,77.304195010149,42.5234664101404,77.9864158501814,81.1814760149721,124.083698179088,81.2106943626254,98.1815590532601,91.4575697778359,96.3904181690611,116.971872908234,74.1141570618063,170.614032632787,113.70811025102,93.9291483710754,160.025659321308,124.690981755544,84.213636017289,97.9419635395043,77.3188084106901,114.31946092401,60.1324117846425,122.948350643223,75.5438214042847,127.87640706817
81.2214153645391,77.304195010149,42.5234664101404,77.9864158501814,81.1814760149721,124.083698179088,81.2106943626254,98.1815590532601,91.4575697778359,96.3904181690611,116.971872908234,74.1141570618063,170.614032632787,113.70811025102,93.9291483710754,160.025659321308,124.690981755544,84.213636017289,97.9419635395043,77.3188084106901,114.31946092401,60.1324117846425,122.948350643223,75.5438214042847,127.87640706817
81.2214153645391,77.304195010149,42.5234664101404,77.9864158501814,81.1814760149721,124.083698179088,81.2106943626254,98.1815590532601,91.4575697778359,96.3904181690611,116.971872908234,74.1141570618063,170.614032632787,113.70811025102,93.9291483710754,160.025659321308,124.690981755544,84.213636017289,97.9419635395043,77.3188084106901,114.31946092401,60.1324117846425,122.948350643223,75.5438214042847,127.87640706817
81.2214153645391,77.304195010149,42.5234664101404,77.9864158501814,81.1814760149721,124.083698179088,81.2106943626254,98.1815590532601,91.4575697778359,96.3904181690611,116.971872908234,74.1141570618063,170.614032632787,113.70811025102,93.9291483710754,160.025659321308,124.690981755544,84.213636017289,97.9419635395043,77.3188084106901,114.31946092401,60.1324117846425,122.948350643223,75.5438214042847,127.87640706817
81.2214153645391,77.304195010149,42.5234664101404,77.9864158501814,81.1814760149721,124.083698179088,81.2106943626254,98.1815590532601,91.4575697778359,96.3904181690611,116.971872908234,74.1141570618063,170.614032632787,113.70811025102,93.9291483710754,160.025659321308,124.690981755544,84.213636017289,97.9419635395043,77.3188084106901,114.31946092401,60.1324117846425,122.948350643223,75.5438214042847,127.87640706817
81.2214153645391,77.304195010149,42.5234664101404,77.9864158501814,81.1814760149721,124.083698179088,81.2106943626254,98.1815590532601,91.4575697778359,96.3904181690611,116.971872908234,74.1141570618063,170.614032632787,113.70811025102,93.9291483710754,160.025659321308,124.690981755544,84.213636017289,97.9419635395043,77.3188084106901,114.31946092401,60.1324117846425,122.948350643223,75.5438214042847,127.87640706817
81.2214153645391,77.304195010149,42.5234664101404,77.9864158501814,81.1814760149721,124.083698179088,81.2106943626254,98.1815590532601,91.4575697778359,96.3904181690611,116.971872908234,74.1141570618063,170.614032632787,113.70811025102,93.9291483710754,160.025659321308,124.690981755544,84.213636017289,97.9419635395043,77.3188084106901,114.31946092401,60.1324117846425,122.948350643223,75.5438214042847,127.87640706817
81.2214153645391,77.304195010149,42.5234664101404,77.9864158501814,81.1814760149721,124.083698179088,81.2106943626254,98.1815590532601,91.4575697778359,96.3904181690611,116.971872908234,74.1141570618063,170.614032632787,113.70811025102,93.9291483710754,160.025659321308,124.690981755544,84.213636017289,97.9419635395043,77.3188084106901,114.31946092401,60.1324117846425,122.948350643223,75.5438214042847,127.87640706817
81.2214153645391,77.304195010149,42.5234664101404,77.9864158501814,81.1814760149721,124.083698179088,81.2106943626254,98.1815590532601,91.4575697778359,96.3904181690611,116.971872908234,74.1141570618063,170.614032632787,113.70811025102,93.9291483710754,160.025659321308,124.690981755544,84.213636017289,97.9419635395043,77.3188084106901,114.31946092401,60.1324117846425,122.948350643223,75.5438214042847,127.87640706817
81.2214153645391,77.304195010149,42.5234664101404,77.9864158501814,81.1814760149721,124.083698179088,81.2106943626254,98.1815590532601,91.4575697778359,96.3904181690611,116.971872908234,74.1141570618063,170.614032632787,113.70811025102,93.9291483710754,160.025659321308,124.690981755544,84.213636017289,97.9419635395043,77.3188084106901,114.31946092401,60.1324117846425,122.948350643223,75.5438214042847,127.87640706817
81.2214153645391,77.304195010149,42.5234664101404,77.9864158501814,81.1814760149721,124.083698179088,81.2106943626254,98.1815590532601,91.4575697778359,96.3904181690611,116.971872908234,74.1141570618063,170.614032632787,113.70811025102,93.9291483710754,160.025659321308,124.690981755544,84.213636017289,97.9419635395043,77.3188084106901,114.31946092401,60.1324117846425,122.948350643223,75.5438214042847,127.87640706817
81.2214153645391,77.304195010149,42.5234664101404,77.9864158501814,81.1814760149721,124.083698179088,81.2106943626254,98.1815590532601,91.4575697778359,96.3904181690611,116.971872908234,74.1141570618063,170.614032632787,113.70811025102,93.9291483710754,160.025659321308,124.690981755544,84.213636017289,97.9419635395043,77.3188084106901,114.31946092401,60.1324117846425,122.948350643223,75.5438214042847,127.87640706817
81.2214153645391,77.304195010149,42.5234664101404,77.9864158501814,81.1814760149721,124.083698179088,81.2106943626254,98.1815590532601,91.4575697778359,96.3904181690611,116.971872908234,74.1141570618063,170.614032632787,113.70811025102,93.9291483710754,160.025659321308,124.690981755544,84.213636017289,97.9419635395043,77.3188084106901,114.31946092401,60.1324117846425,122.948350643223,75.5438214042847,127.87640706817
81.2214153645391,77.304195010149,42.5234664101404,77.9864158501814,81.1814760149721,124.083698179088,81.2106943626254,98.1815590532601,91.4575697778359,96.3904181690611,116.971872908234,74.1141570618063,170.614032632787,113.70811025102,93.9291483710754,160.025659321308,124.690981755544,84.213636017289,97.9419635395043,77.3188084106901,114.31946092401,60.1324117846425,122.948350643223,75.5438214042847,127.87640706817
81.2214153645391,77.304195010149,42.5234664101404,77.9864158501814,81.1814760149721,124.083698179088,81.2106943626254,98.1815590532601,91.4575697778359,96.3904181690611,116.971872908234,74.1141570618063,170.614032632787,113.70811025102,93.9291483710754,160.025659321308,124.690981755544,84.213636017289,97.9419635395043,77.3188084106901,114.31946092401,60.1324117846425,122.948350643223,75.5438214042847,127.87640706817
81.2214153645391,77.304195010149,42.5234664101404,77.9864158501814,81.1814760149721,124.083698179088,81.2106943626254,98.1815590532601,91.4575697778359,96.3904181690611,116.971872908234,74.1141570618063,170.614032632787,113.70811025102,93.9291483710754,160.025659321308,124.690981755544,84.213636017289,97.9419635395043,77.3188084106901,114.31946092401,60.1324117846425,122.948350643223,75.5438214042847,127.87640706817
81.2214153645391,77.304195010149,42.5234664101404,77.9864158501814,81.1814760149721,124.083698179088,81.2106943626254,98.1815590532601,91.4575697778359,96.3904181690611,116.971872908234,74.1141570618063,170.614032632787,113.70811025102,93.9291483710754,160.025659321308,124.690981755544,84.213636017289,97.9419635395043,77.3188084106901,114.31946092401,60.1324117846425,122.948350643223,75.5438214042847,127.87640706817
81.2214153645391,77.304195010149,42.5234664101404,77.9864158501814,81.1814760149721,124.083698179088,81.2106943626254,98.1815590532601,91.4575697778359,96.3904181690611,116.971872908234,74.1141570618063,170.614032632787,113.70811025102,93.9291483710754,160.025659321308,124.690981755544,84.213636017289,97.9419635395043,77.3188084106901,114.31946092401,60.1324117846425,122.948350643223,75.5438214042847,127.87640706817
81.2214153645391,77.304195010149,42.5234664101404,77.9864158501814,81.1814760149721,124.083698179088,81.2106943626254,98.1815590532601,91.4575697778359,96.3904181690611,116.971872908234,74.1141570618063,170.614032632787,113.70811025102,93.9291483710754,160.025659321308,124.690981755544,84.213636017289,97.9419635395043,77.3188084106901,114.31946092401,60.1324117846425,122.948350643223,75.5438214042847,127.87640706817
81.2214153645391,77.304195010149,42.5234664101404,77.9864158501814,81.1814760149721,124.083698179088,81.2106943626254,98.1815590532601,91.4575697778359,96.3904181690611,116.971872908234,74.1141570618063,170.614032632787,113.70811025102,93.9291483710754,160.025659321308,124.690981755544,84.213636017289,97.9419635395043,77.3188084106901,114.31946092401,60.1324117846425,122.948350643223,75.5438214042847,127.87640706817
81.2214153645391,77.304195010149,42.5234664101404,77.9864158501814,81.1814760149721,124.083698179088,81.2106943626254,98.1815590532601,91.4575697778359,96.3904181690611,116.971872908234,74.1141570618063,170.614032632787,113.70811025102,93.9291483710754,160.025659321308,124.690981755544,84.213636017289,97.9419635395043,77.3188084106901,114.31946092401,60.1324117846425,122.948350643223,75.5438214042847,127.87640706817
81.2214153645391,77.304195010149,42.5234664101404,77.9864158501814,81.1814760149721,124.083698179088,81.2106943626254,98.1815590532601,91.4575697778359,96.3904181690611,116.971872908234,74.1141570618063,170.614032632787,113.70811025102,93.9291483710754,160.025659321308,124.690981755544,84.213636017289,97.9419635395043,77.3188084106901,114.31946092401,60.1324117846425,122.948350643223,75.5438214042847,127.87640706817
81.2214153645391,77.304195010149,42.5234664101404,77.9864158501814,81.1814760149721,124.083698179088,81.2106943626254,98.1815590532601,91.4575697778359,96.3904181690611,116.971872908234,74.1141570618063,170.614032632787,113.70811025102,93.9291483710754,160.025659321308,124.690981755544,84.213636017289,97.9419635395043,77.3188084106901,114.31946092401,60.1324117846425,122.948350643223,75.5438214042847,127.87640706817
81.2214153645391,77.304195010149,42.5234664101404,77.9864158501814,81.1814760149721,124.083698179088,81.2106943626254,98.1815590532601,91.4575697778359,96.3904181690611,116.971872908234,74.1141570618063,170.614032632787,113.70811025102,93.9291483710754,160.025659321308,124.690981755544,84.213636017289,97.9419635395043,77.3188084106901,114.31946092401,60.1324117846425,122.948350643223,75.5438214042847,127.87640706817
81.2214153645391,77.304195010149,42.5234664101404,77.9864158501814,81.1814760149721,124.083698179088,81.2106943626254,98.1815590532601,91.4575697778359,96.3904181690611,116.971872908234,74.1141570618063,170.614032632787,113.70811025102,93.9291483710754,160.025659321308,124.690981755544,84.213636017289,97.9419635395043,77.3188084106901,114.31946092401,60.1324117846425,122.948350643223,75.5438214042847,127.87640706817
81.2214153645391,77.304195010149,42.5234664101404,77.9864158501814,81.1814760149721,124.083698179088,81.2106943626254,98.1815590532601,91.4575697778359,96.3904181690611,116.971872908234,74.1141570618063,170.614032632787,113.70811025102,93.9291483710754,160.025659321308,124.690981755544,84.213636017289,97.9419635395043,77.3188084106901,114.31946092401,60.1324117846425,122.948350643223,75.5438214042847,127.87640706817
81.2214153645391,77.304195010149,42.5234664101404,77.9864158501814,81.1814760149721,124.083698179088,81.2106943626254,98.1815590532601,91.4575697778359,96.3904181690611,116.971872908234,74.1141570618063,170.614032632787,113.70811025102,93.9291483710754,160.025659321308,124.690981755544,84.213636017289,97.9419635395043,77.3188084106901,114.31946092401,60.1324117846425,122.948350643223,75.5438214042847,127.87640706817
81.2214153645391,77.304195010149,42.5234664101404,77.9864158501814,81.1814760149721,124.083698179088,81.2106943626254,98.1815590532601,91.4575697778359,96.3904181690611,116.971872908234,74.1141570618063,170.614032632787,113.70811025102,93.9291483710754,160.025659321308,124.690981755544,84.213636017289,97.9419635395043,77.3188084106901,114.31946092401,60.1324117846425,122.948350643223,75.5438214042847,127.87640706817
81.2214153645391,77.304195010149,42.5234664101404,77.9864158501814,81.1814760149721,124.083698179088,81.2106943626254,98.1815590532601,91.4575697778359,96.3904181690611,116.971872908234,74.1141570618063,170.614032632787,113.70811025102,93.9291483710754,160.025659321308,124.690981755544,84.213636017289,97.9419635395043,77.3188084106901,114.31946092401,60.1324117846425,122.948350643223,75.5438214042847,127.87640706817
81.2214153645391,77.304195010149,42.5234664101404,77.9864158501814,81.1814760149721,124.083698179088,81.2106943626254,98.1815590532601,91.4575697778359,96.3904181690611,116.971872908234,74.1141570618063,170.614032632787,113.70811025102,93.9291483710754,160.025659321308,124.690981755544,84.213636017289,97.9419635395043,77.3188084106901,114.31946092401,60.1324117846425,122.948350643223,75.5438214042847,127.87640706817
81.2214153645391,77.304195010149,42.5234664101404,77.9864158501814,81.1814760149721,124.083698179088,81.2106943626254,98.1815590532601,91.4575697778359,96.3904181690611,116.971872908234,74.1141570618063,170.614032632787,113.70811025102,93.9291483710754,160.025659321308,124.690981755544,84.213636017289,97.9419635395043,77.3188084106901,114.31946092401,60.1324117846425,122.948350643223,75.5438214042847,127.87640706817
81.2214153645391,77.304195010149,42.5234664101404,77.9864158501814,81.1814760149721,124.083698179088,81.2106943626254,98.1815590532601,91.4575697778359,96.3904181690611,116.971872908234,74.1141570618063,170.614032632787,113.70811025102,93.9291483710754,160.025659321308,124.690981755544,84.213636017289,97.9419635395043,77.3188084106901,114.31946092401,60.1324117846425,122.948350643223,75.5438214042847,127.87640706817
81.2214153645391,77.304195010149,42.5234664101404,77.9864158501814,81.1814760149721,124.083698179088,81.2106943626254,98.1815590532601,91.4575697778359,96.3904181690611,116.971872908234,74.1141570618063,170.614032632787,113.70811025102,93.9291483710754,160.025659321308,124.690981755544,84.213636017289,97.9419635395043,77.3188084106901,114.31946092401,60.1324117846425,122.948350643223,75.5438214042847,127.87640706817
81.2214153645391,77.304195010149,42.5234664101404,77.9864158501814,81.1814760149721,124.083698179088,81.2106943626254,98.1815590532601,91.4575697778359,96.3904181690611,116.971872908234,74.1141570618063,170.614032632787,113.70811025102,93.9291483710754,160.025659321308,124.690981755544,84.213636017289,97.9419635395043,77.3188084106901,114.31946092401,60.1324117846425,122.948350643223,75.5438214042847,127.87640706817
81.2214153645391,77.304195010149,42.5234664101404,77.9864158501814,81.1814760149721,124.083698179088,81.2106943626254,98.1815590532601,91.4575697778359,96.3904181690611,116.971872908234,74.1141570618063,170.614032632787,113.70811025102,93.9291483710754,160.025659321308,124.690981755544,84.213636017289,97.9419635395043,77.3188084106901,114.31946092401,60.1324117846425,122.948350643223,75.5438214042847,127.87640706817
81.2214153645391,77.304195010149,42.5234664101404,77.9864158501814,81.1814760149721,124.083698179088,81.2106943626254,98.1815590532601,91.4575697778359,96.3904181690611,116.971872908234,74.1141570618063,170.614032632787,113.70811025102,93.9291483710754,160.025659321308,124.690981755544,84.213636017289,97.9419635395043,77.3188084106901,114.31946092401,60.1324117846425,122.948350643223,75.5438214042847,127.87640706817
81.2214153645391,77.304195010149,42.5234664101404,77.9864158501814,81.1814760149721,124.083698179088,81.2106943626254,98.1815590532601,91.4575697778359,96.3904181690611,116.971872908234,74.1141570618063,170.614032632787,113.70811025102,93.9291483710754,160.025659321308,124.690981755544,84.213636017289,97.9419635395043,77.3188084106901,114.31946092401,60.1324117846425,122.948350643223,75.5438214042847,127.87640706817
81.2214153645391,77.304195010149,42.5234664101404,77.9864158501814,81.1814760149721,124.083698179088,81.2106943626254,98.1815590532601,91.4575697778359,96.3904181690611,116.971872908234,74.1141570618063,170.614032632787,113.70811025102,93.9291483710754,160.025659321308,124.690981755544,84.213636017289,97.9419635395043,77.3188084106901,114.31946092401,60.1324117846425,122.948350643223,75.5438214042847,127.87640706817
81.2214153645391,77.304195010149,42.5234664101404,77.9864158501814,81.1814760149721,124.083698179088,81.2106943626254,98.1815590532601,91.4575697778359,96.3904181690611,116.971872908234,74.1141570618063,170.614032632787,113.70811025102,93.9291483710754,160.025659321308,124.690981755544,84.213636017289,97.9419635395043,77.3188084106901,114.31946092401,60.1324117846425,122.948350643223,75.5438214042847,127.87640706817
81.2214153645391,77.304195010149,42.5234664101404,77.9864158501814,81.1814760149721,124.083698179088,81.2106943626254,98.1815590532601,91.4575697778359,96.3904181690611,116.971872908234,74.1141570618063,170.614032632787,113.70811025102,93.9291483710754,160.025659321308,124.690981755544,84.213636017289,97.9419635395043,77.3188084106901,114.31946092401,60.1324117846425,122.948350643223,75.5438214042847,127.87640706817
81.2214153645391,77.304195010149,42.5234664101404,77.9864158501814,81.1814760149721,124.083698179088,81.2106943626254,98.1815590532601,91.4575697778359,96.3904181690611,116.971872908234,74.1141570618063,170.614032632787,113.70811025102,93.9291483710754,160.025659321308,124.690981755544,84.213636017289,97.9419635395043,77.3188084106901,114.31946092401,60.1324117846425,122.948350643223,75.5438214042847,127.87640706817
81.2214153645391,77.304195010149,42.5234664101404,77.9864158501814,81.1814760149721,124.083698179088,81.2106943626254,98.1815590532601,91.4575697778359,96.3904181690611,116.971872908234,74.1141570618063,170.614032632787,113.70811025102,93.9291483710754,160.025659321308,124.690981755544,84.213636017289,97.9419635395043,77.3188084106901,114.31946092401,60.1324117846425,122.948350643223,75.5438214042847,127.87640706817
81.2214153645391,77.304195010149,42.5234664101404,77.9864158501814,81.1814760149721,124.083698179088,81.2106943626254,98.1815590532601,91.4575697778359,96.3904181690611,116.971872908234,74.1141570618063,170.614032632787,113.70811025102,93.9291483710754,160.025659321308,124.690981755544,84.213636017289,97.9419635395043,77.3188084106901,114.31946092401,60.1324117846425,122.948350643223,75.5438214042847,127.87640706817
81.2214153645391,77.304195010149,42.5234664101404,77.9864158501814,81.1814760149721,124.083698179088,81.2106943626254,98.1815590532601,91.4575697778359,96.3904181690611,116.971872908234,74.1141570618063,170.614032632787,113.70811025102,93.9291483710754,160.025659321308,124.690981755544,84.213636017289,97.9419635395043,77.3188084106901,114.31946092401,60.1324117846425,122.948350643223,75.5438214042847,127.87640706817
81.2214153645391,77.304195010149,42.5234664101404,77.9864158501814,81.1814760149721,124.083698179088,81.2106943626254,98.1815590532601,91.4575697778359,96.3904181690611,116.971872908234,74.1141570618063,170.614032632787,113.70811025102,93.9291483710754,160.025659321308,124.690981755544,84.213636017289,97.9419635395043,77.3188084106901,114.31946092401,60.1324117846425,122.948350643223,75.5438214042847,127.87640706817
81.2214153645391,77.304195010149,42.5234664101404,77.9864158501814,81.1814760149721,124.083698179088,81.2106943626254,98.1815590532601,91.4575697778359,96.3904181690611,116.971872908234,74.1141570618063,170.614032632787,113.70811025102,93.9291483710754,160.025659321308,124.690981755544,84.213636017289,97.9419635395043,77.3188084106901,114.31946092401,60.1324117846425,122.948350643223,75.5438214042847,127.87640706817
81.2214153645391,77.304195010149,42.5234664101404,77.9864158501814,81.1814760149721,124.083698179088,81.2106943626254,98.1815590532601,91.4575697778359,96.3904181690611,116.971872908234,74.1141570618063,170.614032632787,113.70811025102,93.9291483710754,160.025659321308,124.690981755544,84.213636017289,97.9419635395043,77.3188084106901,114.31946092401,60.1324117846425,122.948350643223,75.5438214042847,127.87640706817
81.2214153645391,77.304195010149,42.5234664101404,77.9864158501814,81.1814760149721,124.083698179088,81.2106943626254,98.1815590532601,91.4575697778359,96.3904181690611,116.971872908234,74.1141570618063,170.614032632787,113.70811025102,93.9291483710754,160.025659321308,124.690981755544,84.213636017289,97.9419635395043,77.3188084106901,114.31946092401,60.1324117846425,122.948350643223,75.5438214042847,127.87640706817
81.2214153645391,77.304195010149,42.5234664101404,77.9864158501814,81.1814760149721,124.083698179088,81.2106943626254,98.1815590532601,91.4575697778359,96.3904181690611,116.971872908234,74.1141570618063,170.614032632787,113.70811025102,93.9291483710754,160.025659321308,124.690981755544,84.213636017289,97.9419635395043,77.3188084106901,114.31946092401,60.1324117846425,122.948350643223,75.5438214042847,127.87640706817
81.2214153645391,77.304195010149,42.5234664101404,77.9864158501814,81.1814760149721,124.083698179088,81.2106943626254,98.1815590532601,91.4575697778359,96.3904181690611,116.971872908234,74.1141570618063,170.614032632787,113.70811025102,93.9291483710754,160.025659321308,124.690981755544,84.213636017289,97.9419635395043,77.3188084106901,114.31946092401,60.1324117846425,122.948350643223,75.5438214042847,127.87640706817
81.2214153645391,77.304195010149,42.5234664101404,77.9864158501814,81.1814760149721,124.083698179088,81.2106943626254,98.1815590532601,91.4575697778359,96.3904181690611,116.971872908234,74.1141570618063,170.614032632787,113.70811025102,93.9291483710754,160.025659321308,124.690981755544,84.213636017289,97.9419635395043,77.3188084106901,114.31946092401,60.1324117846425,122.948350643223,75.5438214042847,127.87640706817
81.2214153645391,77.304195010149,42.5234664101404,77.9864158501814,81.1814760149721,124.083698179088,81.2106943626254,98.1815590532601,91.4575697778359,96.3904181690611,116.971872908234,74.1141570618063,170.614032632787,113.70811025102,93.9291483710754,160.025659321308,124.690981755544,84.213636017289,97.9419635395043,77.3188084106901,114.31946092401,60.1324117846425,122.948350643223,75.5438214042847,127.87640706817
81.2214153645391,77.304195010149,42.5234664101404,77.9864158501814,81.1814760149721,124.083698179088,81.2106943626254,98.1815590532601,91.4575697778359,96.3904181690611,116.971872908234,74.1141570618063,170.614032632787,113.70811025102,93.9291483710754,160.025659321308,124.690981755544,84.213636017289,97.9419635395043,77.3188084106901,114.31946092401,60.1324117846425,122.948350643223,75.5438214042847,127.87640706817
81.2214153645391,77.304195010149,42.5234664101404,77.9864158501814,81.1814760149721,124.083698179088,81.2106943626254,98.1815590532601,91.4575697778359,96.3904181690611,116.971872908234,74.1141570618063,170.614032632787,113.70811025102,93.9291483710754,160.025659321308,124.690981755544,84.213636017289,97.9419635395043,77.3188084106901,114.31946092401,60.1324117846425,122.948350643223,75.5438214042847,127.87640706817
81.2214153645391,77.304195010149,42.5234664101404,77.9864158501814,81.1814760149721,124.083698179088,81.2106943626254,98.1815590532601,91.4575697778359,96.3904181690611,116.971872908234,74.1141570618063,170.614032632787,113.70811025102,93.9291483710754,160.025659321308,124.690981755544,84.213636017289,97.9419635395043,77.3188084106901,114.31946092401,60.1324117846425,122.948350643223,75.5438214042847,127.87640706817
81.2214153645391,77.304195010149,42.5234664101404,77.9864158501814,81.1814760149721,124.083698179088,81.2106943626254,98.1815590532601,91.4575697778359,96.3904181690611,116.971872908234,74.1141570618063,170.614032632787,113.70811025102,93.9291483710754,160.025659321308,124.690981755544,84.213636017289,97.9419635395043,77.3188084106901,114.31946092401,60.1324117846425,122.948350643223,75.5438214042847,127.87640706817
81.2214153645391,77.304195010149,42.5234664101404,77.9864158501814,81.1814760149721,124.083698179088,81.2106943626254,98.1815590532601,91.4575697778359,96.3904181690611,116.971872908234,74.1141570618063,170.614032632787,113.70811025102,93.9291483710754,160.025659321308,124.690981755544,84.213636017289,97.9419635395043,77.3188084106901,114.31946092401,60.1324117846425,122.948350643223,75.5438214042847,127.87640706817
81.2214153645391,77.304195010149,42.5234664101404,77.9864158501814,81.1814760149721,124.083698179088,81.2106943626254,98.1815590532601,91.4575697778359,96.3904181690611,116.971872908234,74.1141570618063,170.614032632787,113.70811025102,93.9291483710754,160.025659321308,124.690981755544,84.213636017289,97.9419635395043,77.3188084106901,114.31946092401,60.1324117846425,122.948350643223,75.5438214042847,127.87640706817
81.2214153645391,77.304195010149,42.5234664101404,77.9864158501814,81.1814760149721,124.083698179088,81.2106943626254,98.1815590532601,91.4575697778359,96.3904181690611,116.971872908234,74.1141570618063,170.614032632787,113.70811025102,93.9291483710754,160.025659321308,124.690981755544,84.213636017289,97.9419635395043,77.3188084106901,114.31946092401,60.1324117846425,122.948350643223,75.5438214042847,127.87640706817
81.2214153645391,77.304195010149,42.5234664101404,77.9864158501814,81.1814760149721,124.083698179088,81.2106943626254,98.1815590532601,91.4575697778359,96.3904181690611,116.971872908234,74.1141570618063,170.614032632787,113.70811025102,93.9291483710754,160.025659321308,124.690981755544,84.213636017289,97.9419635395043,77.3188084106901,114.31946092401,60.1324117846425,122.948350643223,75.5438214042847,127.87640706817
81.2214153645391,77.304195010149,42.5234664101404,77.9864158501814,81.1814760149721,124.083698179088,81.2106943626254,98.1815590532601,91.4575697778359,96.3904181690611,116.971872908234,74.1141570618063,170.614032632787,113.70811025102,93.9291483710754,160.025659321308,124.690981755544,84.213636017289,97.9419635395043,77.3188084106901,114.31946092401,60.1324117846425,122.948350643223,75.5438214042847,127.87640706817
81.2214153645391,77.304195010149,42.5234664101404,77.9864158501814,81.1814760149721,124.083698179088,81.2106943626254,98.1815590532601,91.4575697778359,96.3904181690611,116.971872908234,74.1141570618063,170.614032632787,113.70811025102,93.9291483710754,160.025659321308,124.690981755544,84.213636017289,97.9419635395043,77.3188084106901,114.31946092401,60.1324117846425,122.948350643223,75.5438214042847,127.87640706817
81.2214153645391,77.304195010149,42.5234664101404,77.9864158501814,81.1814760149721,124.083698179088,81.2106943626254,98.1815590532601,91.4575697778359,96.3904181690611,116.971872908234,74.1141570618063,170.614032632787,113.70811025102,93.9291483710754,160.025659321308,124.690981755544,84.213636017289,97.9419635395043,77.3188084106901,114.31946092401,60.1324117846425,122.948350643223,75.5438214042847,127.87640706817
81.2214153645391,77.304195010149,42.5234664101404,77.9864158501814,81.1814760149721,124.083698179088,81.2106943626254,98.1815590532601,91.4575697778359,96.3904181690611,116.971872908234,74.1141570618063,170.614032632787,113.70811025102,93.9291483710754,160.025659321308,124.690981755544,84.213636017289,97.9419635395043,77.3188084106901,114.31946092401,60.1324117846425,122.948350643223,75.5438214042847,127.87640706817
81.2214153645391,77.304195010149,42.5234664101404,77.9864158501814,81.1814760149721,124.083698179088,81.2106943626254,98.1815590532601,91.4575697778359,96.3904181690611,116.971872908234,74.1141570618063,170.614032632787,113.70811025102,93.9291483710754,160.025659321308,124.690981755544,84.213636017289,97.9419635395043,77.3188084106901,114.31946092401,60.1324117846425,122.948350643223,75.5438214042847,127.87640706817
81.2214153645391,77.304195010149,42.5234664101404,77.9864158501814,81.1814760149721,124.083698179088,81.2106943626254,98.1815590532601,91.4575697778359,96.3904181690611,116.971872908234,74.1141570618063,170.614032632787,113.70811025102,93.9291483710754,160.025659321308,124.690981755544,84.213636017289,97.9419635395043,77.3188084106901,114.31946092401,60.1324117846425,122.948350643223,75.5438214042847,127.87640706817
81.2214153645391,77.304195010149,42.5234664101404,77.9864158501814,81.1814760149721,124.083698179088,81.2106943626254,98.1815590532601,91.4575697778359,96.3904181690611,116.971872908234,74.1141570618063,170.614032632787,113.70811025102,93.9291483710754,160.025659321308,124.690981755544,84.213636017289,97.9419635395043,77.3188084106901,114.31946092401,60.1324117846425,122.948350643223,75.5438214042847,127.87640706817
81.2214153645391,77.304195010149,42.5234664101404,77.9864158501814,81.1814760149721,124.083698179088,81.2106943626254,98.1815590532601,91.4575697778359,96.3904181690611,116.971872908234,74.1141570618063,170.614032632787,113.70811025102,93.9291483710754,160.025659321308,124.690981755544,84.213636017289,97.9419635395043,77.3188084106901,114.31946092401,60.1324117846425,122.948350643223,75.5438214042847,127.87640706817
81.2214153645391,77.304195010149,42.5234664101404,77.9864158501814,81.1814760149721,124.083698179088,81.2106943626254,98.1815590532601,91.4575697778359,96.3904181690611,116.971872908234,74.1141570618063,170.614032632787,113.70811025102,93.9291483710754,160.025659321308,124.690981755544,84.213636017289,97.9419635395043,77.3188084106901,114.31946092401,60.1324117846425,122.948350643223,75.5438214042847,127.87640706817
81.2214153645391,77.304195010149,42.5234664101404,77.9864158501814,81.1814760149721,124.083698179088,81.2106943626254,98.1815590532601,91.4575697778359,96.3904181690611,116.971872908234,74.1141570618063,170.614032632787,113.70811025102,93.9291483710754,160.025659321308,124.690981755544,84.213636017289,97.9419635395043,77.3188084106901,114.31946092401,60.1324117846425,122.948350643223,75.5438214042847,127.87640706817
81.2214153645391,77.304195010149,42.5234664101404,77.9864158501814,81.1814760149721,124.083698179088,81.2106943626254,98.1815590532601,91.4575697778359,96.3904181690611,116.971872908234,74.1141570618063,170.614032632787,113.70811025102,93.9291483710754,160.025659321308,124.690981755544,84.213636017289,97.9419635395043,77.3188084106901,114.31946092401,60.1324117846425,122.948350643223,75.5438214042847,127.87640706817
81.2214153645391,77.304195010149,42.5234664101404,77.9864158501814,81.1814760149721,124.083698179088,81.2106943626254,98.1815590532601,91.4575697778359,96.3904181690611,116.971872908234,74.1141570618063,170.614032632787,113.70811025102,93.9291483710754,160.025659321308,124.690981755544,84.213636017289,97.9419635395043,77.3188084106901,114.31946092401,60.1324117846425,122.948350643223,75.5438214042847,127.87640706817
81.2214153645391,77.304195010149,42.5234664101404,77.9864158501814,81.1814760149721,124.083698179088,81.2106943626254,98.1815590532601,91.4575697778359,96.3904181690611,116.971872908234,74.1141570618063,170.614032632787,113.70811025102,93.9291483710754,160.025659321308,124.690981755544,84.213636017289,97.9419635395043,77.3188084106901,114.31946092401,60.1324117846425,122.948350643223,75.5438214042847,127.87640706817
81.2214153645391,77.304195010149,42.5234664101404,77.9864158501814,81.1814760149721,124.083698179088,81.2106943626254,98.1815590532601,91.4575697778359,96.3904181690611,116.971872908234,74.1141570618063,170.614032632787,113.70811025102,93.9291483710754,160.025659321308,124.690981755544,84.213636017289,97.9419635395043,77.3188084106901,114.31946092401,60.1324117846425,122.948350643223,75.5438214042847,127.87640706817
81.2214153645391,77.304195010149,42.5234664101404,77.9864158501814,81.1814760149721,124.083698179088,81.2106943626254,98.1815590532601,91.4575697778359,96.3904181690611,116.971872908234,74.1141570618063,170.614032632787,113.70811025102,93.9291483710754,160.025659321308,124.690981755544,84.213636017289,97.9419635395043,77.3188084106901,114.31946092401,60.1324117846425,122.948350643223,75.5438214042847,127.87640706817
81.2214153645391,77.304195010149,42.5234664101404,77.9864158501814,81.1814760149721,124.083698179088,81.2106943626254,98.1815590532601,91.4575697778359,96.3904181690611,116.971872908234,74.1141570618063,170.614032632787,113.70811025102,93.9291483710754,160.025659321308,124.690981755544,84.213636017289,97.9419635395043,77.3188084106901,114.31946092401,60.1324117846425,122.948350643223,75.5438214042847,127.87640706817
81.2214153645391,77.304195010149,42.5234664101404,77.9864158501814,81.1814760149721,124.083698179088,81.2106943626254,98.1815590532601,91.4575697778359,96.3904181690611,116.971872908234,74.1141570618063,170.614032632787,113.70811025102,93.9291483710754,160.025659321308,124.690981755544,84.213636017289,97.9419635395043,77.3188084106901,114.31946092401,60.1324117846425,122.948350643223,75.5438214042847,127.87640706817
81.2214153645391,77.304195010149,42.5234664101404,77.9864158501814,81.1814760149721,124.083698179088,81.2106943626254,98.1815590532601,91.4575697778359,96.3904181690611,116.971872908234,74.1141570618063,170.614032632787,113.70811025102,93.9291483710754,160.025659321308,124.690981755544,84.213636017289,97.9419635395043,77.3188084106901,114.31946092401,60.1324117846425,122.948350643223,75.5438214042847,127.87640706817
81.2214153645391,77.304195010149,42.5234664101404,77.9864158501814,81.1814760149721,124.083698179088,81.2106943626254,98.1815590532601,91.4575697778359,96.3904181690611,116.971872908234,74.1141570618063,170.614032632787,113.70811025102,93.9291483710754,160.025659321308,124.690981755544,84.213636017289,97.9419635395043,77.3188084106901,114.31946092401,60.1324117846425,122.948350643223,75.5438214042847,127.87640706817
81.2214153645391,77.304195010149,42.5234664101404,77.9864158501814,81.1814760149721,124.083698179088,81.2106943626254,98.1815590532601,91.4575697778359,96.3904181690611,116.971872908234,74.1141570618063,170.614032632787,113.70811025102,93.9291483710754,160.025659321308,124.690981755544,84.213636017289,97.9419635395043,77.3188084106901,114.31946092401,60.1324117846425,122.948350643223,75.5438214042847,127.87640706817
81.2214153645391,77.304195010149,42.5234664101404,77.9864158501814,81.1814760149721,124.083698179088,81.2106943626254,98.1815590532601,91.4575697778359,96.3904181690611,116.971872908234,74.1141570618063,170.614032632787,113.70811025102,93.9291483710754,160.025659321308,124.690981755544,84.213636017289,97.9419635395043,77.3188084106901,114.31946092401,60.1324117846425,122.948350643223,75.5438214042847,127.87640706817
81.2214153645391,77.304195010149,42.5234664101404,77.9864158501814,81.1814760149721,124.083698179088,81.2106943626254,98.1815590532601,91.4575697778359,96.3904181690611,116.971872908234,74.1141570618063,170.614032632787,113.70811025102,93.9291483710754,160.025659321308,124.690981755544,84.213636017289,97.9419635395043,77.3188084106901,114.31946092401,60.1324117846425,122.948350643223,75.5438214042847,127.87640706817
81.2214153645391,77.304195010149,42.5234664101404,77.9864158501814,81.1814760149721,124.083698179088,81.2106943626254,98.1815590532601,91.4575697778359,96.3904181690611,116.971872908234,74.1141570618063,170.614032632787,113.70811025102,93.9291483710754,160.025659321308,124.690981755544,84.213636017289,97.9419635395043,77.3188084106901,114.31946092401,60.1324117846425,122.948350643223,75.5438214042847,127.87640706817
81.2214153645391,77.304195010149,42.5234664101404,77.9864158501814,81.1814760149721,124.083698179088,81.2106943626254,98.1815590532601,91.4575697778359,96.3904181690611,116.971872908234,74.1141570618063,170.614032632787,113.70811025102,93.9291483710754,160.025659321308,124.690981755544,84.213636017289,97.9419635395043,77.3188084106901,114.31946092401,60.1324117846425,122.948350643223,75.5438214042847,127.87640706817
81.2214153645391,77.304195010149,42.5234664101404,77.9864158501814,81.1814760149721,124.083698179088,81.2106943626254,98.1815590532601,91.4575697778359,96.3904181690611,116.971872908234,74.1141570618063,170.614032632787,113.70811025102,93.9291483710754,160.025659321308,124.690981755544,84.213636017289,97.9419635395043,77.3188084106901,114.31946092401,60.1324117846425,122.948350643223,75.5438214042847,127.87640706817
81.2214153645391,77.304195010149,42.5234664101404,77.9864158501814,81.1814760149721,124.083698179088,81.2106943626254,98.1815590532601,91.4575697778359,96.3904181690611,116.971872908234,74.1141570618063,170.614032632787,113.70811025102,93.9291483710754,160.025659321308,124.690981755544,84.213636017289,97.9419635395043,77.3188084106901,114.31946092401,60.1324117846425,122.948350643223,75.5438214042847,127.87640706817
81.2214153645391,77.304195010149,42.5234664101404,77.9864158501814,81.1814760149721,124.083698179088,81.2106943626254,98.1815590532601,91.4575697778359,96.3904181690611,116.971872908234,74.1141570618063,170.614032632787,113.70811025102,93.9291483710754,160.025659321308,124.690981755544,84.213636017289,97.9419635395043,77.3188084106901,114.31946092401,60.1324117846425,122.948350643223,75.5438214042847,127.87640706817
81.2214153645391,77.304195010149,42.5234664101404,77.9864158501814,81.1814760149721,124.083698179088,81.2106943626254,98.1815590532601,91.4575697778359,96.3904181690611,116.971872908234,74.1141570618063,170.614032632787,113.70811025102,93.9291483710754,160.025659321308,124.690981755544,84.213636017289,97.9419635395043,77.3188084106901,114.31946092401,60.1324117846425,122.948350643223,75.5438214042847,127.87640706817
81.2214153645391,77.304195010149,42.5234664101404,77.9864158501814,81.1814760149721,124.083698179088,81.2106943626254,98.1815590532601,91.4575697778359,96.3904181690611,116.971872908234,74.1141570618063,170.614032632787,113.70811025102,93.9291483710754,160.025659321308,124.690981755544,84.213636017289,97.9419635395043,77.3188084106901,114.31946092401,60.1324117846425,122.948350643223,75.5438214042847,127.87640706817
81.2214153645391,77.304195010149,42.5234664101404,77.9864158501814,81.1814760149721,124.083698179088,81.2106943626254,98.1815590532601,91.4575697778359,96.3904181690611,116.971872908234,74.1141570618063,170.614032632787,113.70811025102,93.9291483710754,160.025659321308,124.690981755544,84.213636017289,97.9419635395043,77.3188084106901,114.31946092401,60.1324117846425,122.948350643223,75.5438214042847,127.87640706817
81.2214153645391,77.304195010149,42.5234664101404,77.9864158501814,81.1814760149721,124.083698179088,81.2106943626254,98.1815590532601,91.4575697778359,96.3904181690611,116.971872908234,74.1141570618063,170.614032632787,113.70811025102,93.9291483710754,160.025659321308,124.690981755544,84.213636017289,97.9419635395043,77.3188084106901,114.31946092401,60.1324117846425,122.948350643223,75.5438214042847,127.87640706817
81.2214153645391,77.304195010149,42.5234664101404,77.9864158501814,81.1814760149721,124.083698179088,81.2106943626254,98.1815590532601,91.4575697778359,96.3904181690611,116.971872908234,74.1141570618063,170.614032632787,113.70811025102,93.9291483710754,160.025659321308,124.690981755544,84.213636017289,97.9419635395043,77.3188084106901,114.31946092401,60.1324117846425,122.948350643223,75.5438214042847,127.87640706817
81.2214153645391,77.304195010149,42.5234664101404,77.9864158501814,81.1814760149721,124.083698179088,81.2106943626254,98.1815590532601,91.4575697778359,96.3904181690611,116.971872908234,74.1141570618063,170.614032632787,113.70811025102,93.9291483710754,160.025659321308,124.690981755544,84.213636017289,97.9419635395043,77.3188084106901,114.31946092401,60.1324117846425,122.948350643223,75.5438214042847,127.87640706817
81.2214153645391,77.304195010149,42.5234664101404,77.9864158501814,81.1814760149721,124.083698179088,81.2106943626254,98.1815590532601,91.4575697778359,96.3904181690611,116.971872908234,74.1141570618063,170.614032632787,113.70811025102,93.9291483710754,160.025659321308,124.690981755544,84.213636017289,97.9419635395043,77.3188084106901,114.31946092401,60.1324117846425,122.948350643223,75.5438214042847,127.87640706817
81.2214153645391,77.304195010149,42.5234664101404,77.9864158501814,81.1814760149721,124.083698179088,81.2106943626254,98.1815590532601,91.4575697778359,96.3904181690611,116.971872908234,74.1141570618063,170.614032632787,113.70811025102,93.9291483710754,160.025659321308,124.690981755544,84.213636017289,97.9419635395043,77.3188084106901,114.31946092401,60.1324117846425,122.948350643223,75.5438214042847,127.87640706817
81.2214153645391,77.304195010149,42.5234664101404,77.9864158501814,81.1814760149721,124.083698179088,81.2106943626254,98.1815590532601,91.4575697778359,96.3904181690611,116.971872908234,74.1141570618063,170.614032632787,113.70811025102,93.9291483710754,160.025659321308,124.690981755544,84.213636017289,97.9419635395043,77.3188084106901,114.31946092401,60.1324117846425,122.948350643223,75.5438214042847,127.87640706817
81.2214153645391,77.304195010149,42.5234664101404,77.9864158501814,81.1814760149721,124.083698179088,81.2106943626254,98.1815590532601,91.4575697778359,96.3904181690611,116.971872908234,74.1141570618063,170.614032632787,113.70811025102,93.9291483710754,160.025659321308,124.690981755544,84.213636017289,97.9419635395043,77.3188084106901,114.31946092401,60.1324117846425,122.948350643223,75.5438214042847,127.87640706817
81.2214153645391,77.304195010149,42.5234664101404,77.9864158501814,81.1814760149721,124.083698179088,81.2106943626254,98.1815590532601,91.4575697778359,96.3904181690611,116.971872908234,74.1141570618063,170.614032632787,113.70811025102,93.9291483710754,160.025659321308,124.690981755544,84.213636017289,97.9419635395043,77.3188084106901,114.31946092401,60.1324117846425,122.948350643223,75.5438214042847,127.87640706817
81.2214153645391,77.304195010149,42.5234664101404,77.9864158501814,81.1814760149721,124.083698179088,81.2106943626254,98.1815590532601,91.4575697778359,96.3904181690611,116.971872908234,74.1141570618063,170.614032632787,113.70811025102,93.9291483710754,160.025659321308,124.690981755544,84.213636017289,97.9419635395043,77.3188084106901,114.31946092401,60.1324117846425,122.948350643223,75.5438214042847,127.87640706817
81.2214153645391,77.304195010149,42.5234664101404,77.9864158501814,81.1814760149721,124.083698179088,81.2106943626254,98.1815590532601,91.4575697778359,96.3904181690611,116.971872908234,74.1141570618063,170.614032632787,113.70811025102,93.9291483710754,160.025659321308,124.690981755544,84.213636017289,97.9419635395043,77.3188084106901,114.31946092401,60.1324117846425,122.948350643223,75.5438214042847,127.87640706817
81.2214153645391,77.304195010149,42.5234664101404,77.9864158501814,81.1814760149721,124.083698179088,81.2106943626254,98.1815590532601,91.4575697778359,96.3904181690611,116.971872908234,74.1141570618063,170.614032632787,113.70811025102,93.9291483710754,160.025659321308,124.690981755544,84.213636017289,97.9419635395043,77.3188084106901,114.31946092401,60.1324117846425,122.948350643223,75.5438214042847,127.87640706817
81.2214153645391,77.304195010149,42.5234664101404,77.9864158501814,81.1814760149721,124.083698179088,81.2106943626254,98.1815590532601,91.4575697778359,96.3904181690611,116.971872908234,74.1141570618063,170.614032632787,113.70811025102,93.9291483710754,160.025659321308,124.690981755544,84.213636017289,97.9419635395043,77.3188084106901,114.31946092401,60.1324117846425,122.948350643223,75.5438214042847,127.87640706817
81.2214153645391,77.304195010149,42.5234664101404,77.9864158501814,81.1814760149721,124.083698179088,81.2106943626254,98.1815590532601,91.4575697778359,96.3904181690611,116.971872908234,74.1141570618063,170.614032632787,113.70811025102,93.9291483710754,160.025659321308,124.690981755544,84.213636017289,97.9419635395043,77.3188084106901,114.31946092401,60.1324117846425,122.948350643223,75.5438214042847,127.87640706817
81.2214153645391,77.304195010149,42.5234664101404,77.9864158501814,81.1814760149721,124.083698179088,81.2106943626254,98.1815590532601,91.4575697778359,96.3904181690611,116.971872908234,74.1141570618063,170.614032632787,113.70811025102,93.9291483710754,160.025659321308,124.690981755544,84.213636017289,97.9419635395043,77.3188084106901,114.31946092401,60.1324117846425,122.948350643223,75.5438214042847,127.87640706817
81.2214153645391,77.304195010149,42.5234664101404,77.9864158501814,81.1814760149721,124.083698179088,81.2106943626254,98.1815590532601,91.4575697778359,96.3904181690611,116.971872908234,74.1141570618063,170.614032632787,113.70811025102,93.9291483710754,160.025659321308,124.690981755544,84.213636017289,97.9419635395043,77.3188084106901,114.31946092401,60.1324117846425,122.948350643223,75.5438214042847,127.87640706817
81.2214153645391,77.304195010149,42.5234664101404,77.9864158501814,81.1814760149721,124.083698179088,81.2106943626254,98.1815590532601,91.4575697778359,96.3904181690611,116.971872908234,74.1141570618063,170.614032632787,113.70811025102,93.9291483710754,160.025659321308,124.690981755544,84.213636017289,97.9419635395043,77.3188084106901,114.31946092401,60.1324117846425,122.948350643223,75.5438214042847,127.87640706817
81.2214153645391,77.304195010149,42.5234664101404,77.9864158501814,81.1814760149721,124.083698179088,81.2106943626254,98.1815590532601,91.4575697778359,96.3904181690611,116.971872908234,74.1141570618063,170.614032632787,113.70811025102,93.9291483710754,160.025659321308,124.690981755544,84.213636017289,97.9419635395043,77.3188084106901,114.31946092401,60.1324117846425,122.948350643223,75.5438214042847,127.87640706817
81.2214153645391,77.304195010149,42.5234664101404,77.9864158501814,81.1814760149721,124.083698179088,81.2106943626254,98.1815590532601,91.4575697778359,96.3904181690611,116.971872908234,74.1141570618063,170.614032632787,113.70811025102,93.9291483710754,160.025659321308,124.690981755544,84.213636017289,97.9419635395043,77.3188084106901,114.31946092401,60.1324117846425,122.948350643223,75.5438214042847,127.87640706817
81.2214153645391,77.304195010149,42.5234664101404,77.9864158501814,81.1814760149721,124.083698179088,81.2106943626254,98.1815590532601,91.4575697778359,96.3904181690611,116.971872908234,74.1141570618063,170.614032632787,113.70811025102,93.9291483710754,160.025659321308,124.690981755544,84.213636017289,97.9419635395043,77.3188084106901,114.31946092401,60.1324117846425,122.948350643223,75.5438214042847,127.87640706817
81.2214153645391,77.304195010149,42.5234664101404,77.9864158501814,81.1814760149721,124.083698179088,81.2106943626254,98.1815590532601,91.4575697778359,96.3904181690611,116.971872908234,74.1141570618063,170.614032632787,113.70811025102,93.9291483710754,160.025659321308,124.690981755544,84.213636017289,97.9419635395043,77.3188084106901,114.31946092401,60.1324117846425,122.948350643223,75.5438214042847,127.87640706817
81.2214153645391,77.304195010149,42.5234664101404,77.9864158501814,81.1814760149721,124.083698179088,81.2106943626254,98.1815590532601,91.4575697778359,96.3904181690611,116.971872908234,74.1141570618063,170.614032632787,113.70811025102,93.9291483710754,160.025659321308,124.690981755544,84.213636017289,97.9419635395043,77.3188084106901,114.31946092401,60.1324117846425,122.948350643223,75.5438214042847,127.87640706817
81.2214153645391,77.304195010149,42.5234664101404,77.9864158501814,81.1814760149721,124.083698179088,81.2106943626254,98.1815590532601,91.4575697778359,96.3904181690611,116.971872908234,74.1141570618063,170.614032632787,113.70811025102,93.9291483710754,160.025659321308,124.690981755544,84.213636017289,97.9419635395043,77.3188084106901,114.31946092401,60.1324117846425,122.948350643223,75.5438214042847,127.87640706817
81.2214153645391,77.304195010149,42.5234664101404,77.9864158501814,81.1814760149721,124.083698179088,81.2106943626254,98.1815590532601,91.4575697778359,96.3904181690611,116.971872908234,74.1141570618063,170.614032632787,113.70811025102,93.9291483710754,160.025659321308,124.690981755544,84.213636017289,97.9419635395043,77.3188084106901,114.31946092401,60.1324117846425,122.948350643223,75.5438214042847,127.87640706817
81.2214153645391,77.304195010149,42.5234664101404,77.9864158501814,81.1814760149721,124.083698179088,81.2106943626254,98.1815590532601,91.4575697778359,96.3904181690611,116.971872908234,74.1141570618063,170.614032632787,113.70811025102,93.9291483710754,160.025659321308,124.690981755544,84.213636017289,97.9419635395043,77.3188084106901,114.31946092401,60.1324117846425,122.948350643223,75.5438214042847,127.87640706817
81.2214153645391,77.304195010149,42.5234664101404,77.9864158501814,81.1814760149721,124.083698179088,81.2106943626254,98.1815590532601,91.4575697778359,96.3904181690611,116.971872908234,74.1141570618063,170.614032632787,113.70811025102,93.9291483710754,160.025659321308,124.690981755544,84.213636017289,97.9419635395043,77.3188084106901,114.31946092401,60.1324117846425,122.948350643223,75.5438214042847,127.87640706817
81.2214153645391,77.304195010149,42.5234664101404,77.9864158501814,81.1814760149721,124.083698179088,81.2106943626254,98.1815590532601,91.4575697778359,96.3904181690611,116.971872908234,74.1141570618063,170.614032632787,113.70811025102,93.9291483710754,160.025659321308,124.690981755544,84.213636017289,97.9419635395043,77.3188084106901,114.31946092401,60.1324117846425,122.948350643223,75.5438214042847,127.87640706817
81.2214153645391,77.304195010149,42.5234664101404,77.9864158501814,81.1814760149721,124.083698179088,81.2106943626254,98.1815590532601,91.4575697778359,96.3904181690611,116.971872908234,74.1141570618063,170.614032632787,113.70811025102,93.9291483710754,160.025659321308,124.690981755544,84.213636017289,97.9419635395043,77.3188084106901,114.31946092401,60.1324117846425,122.948350643223,75.5438214042847,127.87640706817
81.2214153645391,77.304195010149,42.5234664101404,77.9864158501814,81.1814760149721,124.083698179088,81.2106943626254,98.1815590532601,91.4575697778359,96.3904181690611,116.971872908234,74.1141570618063,170.614032632787,113.70811025102,93.9291483710754,160.025659321308,124.690981755544,84.213636017289,97.9419635395043,77.3188084106901,114.31946092401,60.1324117846425,122.948350643223,75.5438214042847,127.87640706817
81.2214153645391,77.304195010149,42.5234664101404,77.9864158501814,81.1814760149721,124.083698179088,81.2106943626254,98.1815590532601,91.4575697778359,96.3904181690611,116.971872908234,74.1141570618063,170.614032632787,113.70811025102,93.9291483710754,160.025659321308,124.690981755544,84.213636017289,97.9419635395043,77.3188084106901,114.31946092401,60.1324117846425,122.948350643223,75.5438214042847,127.87640706817
81.2214153645391,77.304195010149,42.5234664101404,77.9864158501814,81.1814760149721,124.083698179088,81.2106943626254,98.1815590532601,91.4575697778359,96.3904181690611,116.971872908234,74.1141570618063,170.614032632787,113.70811025102,93.9291483710754,160.025659321308,124.690981755544,84.213636017289,97.9419635395043,77.3188084106901,114.31946092401,60.1324117846425,122.948350643223,75.5438214042847,127.87640706817
81.2214153645391,77.304195010149,42.5234664101404,77.9864158501814,81.1814760149721,124.083698179088,81.2106943626254,98.1815590532601,91.4575697778359,96.3904181690611,116.971872908234,74.1141570618063,170.614032632787,113.70811025102,93.9291483710754,160.025659321308,124.690981755544,84.213636017289,97.9419635395043,77.3188084106901,114.31946092401,60.1324117846425,122.948350643223,75.5438214042847,127.87640706817
81.2214153645391,77.304195010149,42.5234664101404,77.9864158501814,81.1814760149721,124.083698179088,81.2106943626254,98.1815590532601,91.4575697778359,96.3904181690611,116.971872908234,74.1141570618063,170.614032632787,113.70811025102,93.9291483710754,160.025659321308,124.690981755544,84.213636017289,97.9419635395043,77.3188084106901,114.31946092401,60.1324117846425,122.948350643223,75.5438214042847,127.87640706817
81.2214153645391,77.304195010149,42.5234664101404,77.9864158501814,81.1814760149721,124.083698179088,81.2106943626254,98.1815590532601,91.4575697778359,96.3904181690611,116.971872908234,74.1141570618063,170.614032632787,113.70811025102,93.9291483710754,160.025659321308,124.690981755544,84.213636017289,97.9419635395043,77.3188084106901,114.31946092401,60.1324117846425,122.948350643223,75.5438214042847,127.87640706817
81.2214153645391,77.304195010149,42.5234664101404,77.9864158501814,81.1814760149721,124.083698179088,81.2106943626254,98.1815590532601,91.4575697778359,96.3904181690611,116.971872908234,74.1141570618063,170.614032632787,113.70811025102,93.9291483710754,160.025659321308,124.690981755544,84.213636017289,97.9419635395043,77.3188084106901,114.31946092401,60.1324117846425,122.948350643223,75.5438214042847,127.87640706817
81.2214153645391,77.304195010149,42.5234664101404,77.9864158501814,81.1814760149721,124.083698179088,81.2106943626254,98.1815590532601,91.4575697778359,96.3904181690611,116.971872908234,74.1141570618063,170.614032632787,113.70811025102,93.9291483710754,160.025659321308,124.690981755544,84.213636017289,97.9419635395043,77.3188084106901,114.31946092401,60.1324117846425,122.948350643223,75.5438214042847,127.87640706817
81.2214153645391,77.304195010149,42.5234664101404,77.9864158501814,81.1814760149721,124.083698179088,81.2106943626254,98.1815590532601,91.4575697778359,96.3904181690611,116.971872908234,74.1141570618063,170.614032632787,113.70811025102,93.9291483710754,160.025659321308,124.690981755544,84.213636017289,97.9419635395043,77.3188084106901,114.31946092401,60.1324117846425,122.948350643223,75.5438214042847,127.87640706817
81.2214153645391,77.304195010149,42.5234664101404,77.9864158501814,81.1814760149721,124.083698179088,81.2106943626254,98.1815590532601,91.4575697778359,96.3904181690611,116.971872908234,74.1141570618063,170.614032632787,113.70811025102,93.9291483710754,160.025659321308,124.690981755544,84.213636017289,97.9419635395043,77.3188084106901,114.31946092401,60.1324117846425,122.948350643223,75.5438214042847,127.87640706817
81.2214153645391,77.304195010149,42.5234664101404,77.9864158501814,81.1814760149721,124.083698179088,81.2106943626254,98.1815590532601,91.4575697778359,96.3904181690611,116.971872908234,74.1141570618063,170.614032632787,113.70811025102,93.9291483710754,160.025659321308,124.690981755544,84.213636017289,97.9419635395043,77.3188084106901,114.31946092401,60.1324117846425,122.948350643223,75.5438214042847,127.87640706817
81.2214153645391,77.304195010149,42.5234664101404,77.9864158501814,81.1814760149721,124.083698179088,81.2106943626254,98.1815590532601,91.4575697778359,96.3904181690611,116.971872908234,74.1141570618063,170.614032632787,113.70811025102,93.9291483710754,160.025659321308,124.690981755544,84.213636017289,97.9419635395043,77.3188084106901,114.31946092401,60.1324117846425,122.948350643223,75.5438214042847,127.87640706817
81.2214153645391,77.304195010149,42.5234664101404,77.9864158501814,81.1814760149721,124.083698179088,81.2106943626254,98.1815590532601,91.4575697778359,96.3904181690611,116.971872908234,74.1141570618063,170.614032632787,113.70811025102,93.9291483710754,160.025659321308,124.690981755544,84.213636017289,97.9419635395043,77.3188084106901,114.31946092401,60.1324117846425,122.948350643223,75.5438214042847,127.87640706817
81.2214153645391,77.304195010149,42.5234664101404,77.9864158501814,81.1814760149721,124.083698179088,81.2106943626254,98.1815590532601,91.4575697778359,96.3904181690611,116.971872908234,74.1141570618063,170.614032632787,113.70811025102,93.9291483710754,160.025659321308,124.690981755544,84.213636017289,97.9419635395043,77.3188084106901,114.31946092401,60.1324117846425,122.948350643223,75.5438214042847,127.87640706817
81.2214153645391,77.304195010149,42.5234664101404,77.9864158501814,81.1814760149721,124.083698179088,81.2106943626254,98.1815590532601,91.4575697778359,96.3904181690611,116.971872908234,74.1141570618063,170.614032632787,113.70811025102,93.9291483710754,160.025659321308,124.690981755544,84.213636017289,97.9419635395043,77.3188084106901,114.31946092401,60.1324117846425,122.948350643223,75.5438214042847,127.87640706817
81.2214153645391,77.304195010149,42.5234664101404,77.9864158501814,81.1814760149721,124.083698179088,81.2106943626254,98.1815590532601,91.4575697778359,96.3904181690611,116.971872908234,74.1141570618063,170.614032632787,113.70811025102,93.9291483710754,160.025659321308,124.690981755544,84.213636017289,97.9419635395043,77.3188084106901,114.31946092401,60.1324117846425,122.948350643223,75.5438214042847,127.87640706817
81.2214153645391,77.304195010149,42.5234664101404,77.9864158501814,81.1814760149721,124.083698179088,81.2106943626254,98.1815590532601,91.4575697778359,96.3904181690611,116.971872908234,74.1141570618063,170.614032632787,113.70811025102,93.9291483710754,160.025659321308,124.690981755544,84.213636017289,97.9419635395043,77.3188084106901,114.31946092401,60.1324117846425,122.948350643223,75.5438214042847,127.87640706817
81.2214153645391,77.304195010149,42.5234664101404,77.9864158501814,81.1814760149721,124.083698179088,81.2106943626254,98.1815590532601,91.4575697778359,96.3904181690611,116.971872908234,74.1141570618063,170.614032632787,113.70811025102,93.9291483710754,160.025659321308,124.690981755544,84.213636017289,97.9419635395043,77.3188084106901,114.31946092401,60.1324117846425,122.948350643223,75.5438214042847,127.87640706817
81.2214153645391,77.304195010149,42.5234664101404,77.9864158501814,81.1814760149721,124.083698179088,81.2106943626254,98.1815590532601,91.4575697778359,96.3904181690611,116.971872908234,74.1141570618063,170.614032632787,113.70811025102,93.9291483710754,160.025659321308,124.690981755544,84.213636017289,97.9419635395043,77.3188084106901,114.31946092401,60.1324117846425,122.948350643223,75.5438214042847,127.87640706817
81.2214153645391,77.304195010149,42.5234664101404,77.9864158501814,81.1814760149721,124.083698179088,81.2106943626254,98.1815590532601,91.4575697778359,96.3904181690611,116.971872908234,74.1141570618063,170.614032632787,113.70811025102,93.9291483710754,160.025659321308,124.690981755544,84.213636017289,97.9419635395043,77.3188084106901,114.31946092401,60.1324117846425,122.948350643223,75.5438214042847,127.87640706817
81.2214153645391,77.304195010149,42.5234664101404,77.9864158501814,81.1814760149721,124.083698179088,81.2106943626254,98.1815590532601,91.4575697778359,96.3904181690611,116.971872908234,74.1141570618063,170.614032632787,113.70811025102,93.9291483710754,160.025659321308,124.690981755544,84.213636017289,97.9419635395043,77.3188084106901,114.31946092401,60.1324117846425,122.948350643223,75.5438214042847,127.87640706817
81.2214153645391,77.304195010149,42.5234664101404,77.9864158501814,81.1814760149721,124.083698179088,81.2106943626254,98.1815590532601,91.4575697778359,96.3904181690611,116.971872908234,74.1141570618063,170.614032632787,113.70811025102,93.9291483710754,160.025659321308,124.690981755544,84.213636017289,97.9419635395043,77.3188084106901,114.31946092401,60.1324117846425,122.948350643223,75.5438214042847,127.87640706817
81.2214153645391,77.304195010149,42.5234664101404,77.9864158501814,81.1814760149721,124.083698179088,81.2106943626254,98.1815590532601,91.4575697778359,96.3904181690611,116.971872908234,74.1141570618063,170.614032632787,113.70811025102,93.9291483710754,160.025659321308,124.690981755544,84.213636017289,97.9419635395043,77.3188084106901,114.31946092401,60.1324117846425,122.948350643223,75.5438214042847,127.87640706817
81.2214153645391,77.304195010149,42.5234664101404,77.9864158501814,81.1814760149721,124.083698179088,81.2106943626254,98.1815590532601,91.4575697778359,96.3904181690611,116.971872908234,74.1141570618063,170.614032632787,113.70811025102,93.9291483710754,160.025659321308,124.690981755544,84.213636017289,97.9419635395043,77.3188084106901,114.31946092401,60.1324117846425,122.948350643223,75.5438214042847,127.87640706817
81.2214153645391,77.304195010149,42.5234664101404,77.9864158501814,81.1814760149721,124.083698179088,81.2106943626254,98.1815590532601,91.4575697778359,96.3904181690611,116.971872908234,74.1141570618063,170.614032632787,113.70811025102,93.9291483710754,160.025659321308,124.690981755544,84.213636017289,97.9419635395043,77.3188084106901,114.31946092401,60.1324117846425,122.948350643223,75.5438214042847,127.87640706817
81.2214153645391,77.304195010149,42.5234664101404,77.9864158501814,81.1814760149721,124.083698179088,81.2106943626254,98.1815590532601,91.4575697778359,96.3904181690611,116.971872908234,74.1141570618063,170.614032632787,113.70811025102,93.9291483710754,160.025659321308,124.690981755544,84.213636017289,97.9419635395043,77.3188084106901,114.31946092401,60.1324117846425,122.948350643223,75.5438214042847,127.87640706817
81.2214153645391,77.304195010149,42.5234664101404,77.9864158501814,81.1814760149721,124.083698179088,81.2106943626254,98.1815590532601,91.4575697778359,96.3904181690611,116.971872908234,74.1141570618063,170.614032632787,113.70811025102,93.9291483710754,160.025659321308,124.690981755544,84.213636017289,97.9419635395043,77.3188084106901,114.31946092401,60.1324117846425,122.948350643223,75.5438214042847,127.87640706817
