8795.18530322662,8133.99209179161,8381.09389413721,7915.59660749746,8103.7106689362,8285.11645753364,8553.51186153867,7323.08145334576,8381.05186222125,8852.75815014889,8355.89426635721,7374.88691090202,8322.88195981433,8108.230521351,8358.23800509759,7937.05657820528,8234.78644759398,8085.78921548314,7732.11008760892,7234.38988103196,7894.38217218005,7854.82740704695,7240.21718012766,8320.72835996373,8371.62713829143
3085.16907157121,3382.65273747061,3300.67122956857,2170.29022865967,2877.24898117154,3851.75883147098,1560.17294514197,2991.45629420126,3164.65635215595,2735.95096381865,2812.26237967057,2758.87979839997,3266.21253577503,2901.5280639134,3419.76776069469,2087.6140936207,2185.1535570782,3339.768948897,2852.17666639122,2055.90087323851,2638.56937854346,2843.52767880295,2231.2222852027,2636.24675057202,3638.14643029542
3074.07705306771,3373.83685033768,3294.72133949621,2167.10610237622,2871.40252814625,3849.56714140574,1559.27647587274,2965.43825740939,3159.17147242838,2687.80388359501,2811.37327138292,2756.93745600957,3260.63677444487,2883.60279352685,3354.99912767212,2077.10612870206,2166.4727977834,3336.48493797831,2793.94143319533,2042.59974899815,2634.11382243047,2754.86202711323,2219.32805741677,2552.60813547337,3635.89453181374
3072.9149788365,3370.74654827951,3288.02165136443,2166.6669608246,2871.18739114494,3849.35145882665,1559.26447146191,2955.78896144485,3159.10293527779,2687.59962891218,2811.14307813138,2756.86905717257,3260.55252349286,2882.60997531018,3340.08775814226,2076.87242453369,2161.26916888188,3336.35013741806,2782.17493931754,2042.52293851176,2633.89619850986,2732.80200538114,2217.76426041726,2522.19344218058,3635.81833494035
3071.94079069044,3368.92969829754,3287.3720296448,2165.79881938396,2870.57656116384,3848.8595446769,1559.26257579511,2945.85453320923,3159.09057175318,2685.99558997936,2810.99421524444,2756.84092674554,3260.53535001722,2882.54147901239,3333.72184010602,2076.80799845846,2160.80241771299,3335.94121551278,2773.3855794471,2042.4975256601,2633.85451101173,2725.62541673245,2217.70931955894,2503.42596821572,3626.32078204185
3071.45584135481,3368.88858348859,3287.09369563623,2164.91918533865,2869.783943138,3847.67978411763,1559.25591008246,2928.74751612294,3159.01925422816,2682.86695261653,2810.89717533474,2756.82251523414,3260.25307368792,2882.52395368675,3331.27381613674,2076.74807441419,2160.76277116248,3334.45280137363,2767.99997668964,2042.48091122366,2632.05355100248,2712.90430594551,2217.68499513723,2496.15595119492,3620.23772040355
3069.2152501899,3368.87536170323,3286.58942330797,2164.86282171639,2867.93900917731,3846.37675985138,1559.23620289219,2925.35923027005,3158.85033786994,2681.79582018656,2809.74522061688,2756.77291333302,3259.64023165535,2882.48722076857,3330.16040458822,2076.654821847,2160.75212895056,3333.48407446196,2764.66901280332,2042.34221318001,2631.66134135538,2708.64123445484,2217.56429896695,2491.75589926428,3619.63294793505
3067.57303424972,3368.86150609766,3286.53958891085,2164.85674456613,2866.18117653516,3842.60820079889,1559.2210473035,2922.99526263757,3158.70153807638,2680.19754629385,2808.83392464444,2755.35440485927,3256.15358540496,2882.45641088508,3329.01315609556,2076.36172308927,2160.72227853648,3333.4233657511,2763.67381864495,2041.77204552707,2631.62410301692,2707.4062557232,2217.45282372875,2484.3469441094,3619.60361301368
3067.39825625698,3368.84980786813,3286.52178132208,2164.85483379632,2866.02992839874,3842.58061396238,1559.21684207256,2921.64644833772,3158.47090294,2678.66272100431,2808.78689766082,2754.05359452389,3255.99104484582,2882.44400442284,3328.39685822093,2074.09960462164,2160.70488722076,3333.39373388936,2761.73451225917,2036.99765234392,2631.60733071876,2706.40734841006,2217.32228776943,2481.02587887593,3619.58437446618
3067.38594878243,3368.84342529985,3286.51176526294,2164.85390879486,2865.97046933769,3842.57536737176,1559.21118691264,2921.57001306884,3156.28282779102,2678.1499393836,2808.75781068709,2752.4312038179,3255.97215246432,2882.43649016217,3328.08683044317,2073.98327582635,2160.67415999107,3333.35376874205,2760.84582394053,2036.81686440316,2631.59602705937,2706.17583557277,2216.85241195609,2479.05662994418,3618.82398607398
3067.38014509707,3368.83236350358,3286.50494962934,2164.84371831818,2865.8108043075,3842.55682156863,1559.20814307051,2921.46663670206,3154.26355428279,2677.14861870587,2808.748741214,2752.36071553295,3255.87004616165,2882.43015779527,3327.783602855,2073.97917384702,2160.66234579654,3333.32733479264,2758.85401683931,2036.76071739038,2631.57562751799,2706.09485283077,2216.73314622201,2477.98274953729,3617.85221159152
3067.37297660686,3368.77100227512,3286.49320349401,2164.83876992941,2865.55821680843,3842.54952448496,1559.20518711725,2921.38218641484,3152.54059492929,2677.08805544497,2808.74319059319,2752.35661125401,3255.7612431009,2882.42634259228,3326.75837645802,2073.97869413983,2160.65970745991,3333.29624481772,2758.67710217412,2036.59812160707,2631.42111597334,2705.95161462384,2216.7177038838,2477.09092193605,3617.81469046489
3067.37224663399,3368.72346299234,3286.46069371004,2164.83096816179,2865.42376684438,3842.54165211023,1559.17659179848,2921.33439969909,3152.26498834911,2677.05890094301,2808.73591961932,2752.34255936961,3252.79230599155,2882.42474892008,3323.23591482439,2073.97743188938,2160.65146552866,3333.19304677439,2758.63015462825,2036.32067036631,2630.72250798884,2705.71105685516,2216.71350745565,2476.52524278778,3617.80983816909
3067.36613482636,3368.71847527323,3285.17750878012,2164.81286078411,2865.40455738858,3842.53224919859,1559.1550800662,2921.2762548259,3152.19945547148,2676.92881930754,2808.72208157988,2752.23278791402,3252.5406545329,2882.42253967652,3322.61272212657,2073.97565486002,2160.63590305408,3332.84486718746,2758.49013867853,2036.28063788575,2630.488991726,2705.09111131921,2216.70287891186,2476.39539040392,3617.78615808884
3067.36376131911,3368.71659084383,3285.13827843835,2164.70899657406,2865.39334613467,3842.52724054073,1559.12232580395,2921.24728205303,3152.14761964188,2676.89585918445,2808.56030410283,2752.13294289259,3252.48979072247,2882.42129948713,3322.30592688417,2073.97409934792,2160.59822771657,3332.82023460589,2758.41784160214,2036.21565885567,2629.79797112306,2704.78323411062,2216.70131077241,2476.25001704507,3617.77177341368
3067.36033177926,3368.71348782904,3285.13419375063,2164.63882750418,2865.39056747037,3842.51323693676,1559.11461184604,2921.20730296939,3152.04569040659,2676.65091845607,2808.33141621592,2752.1290301205,3252.47772956932,2882.4204676408,3322.24763946069,2073.97364188,2160.45664145236,3332.81610640112,2758.35522747166,2032.37897437146,2628.93294801234,2676.39386495723,2216.69827378643,2476.12741782204,3617.65935023992
3067.35487540084,3368.71178918287,3285.13355032451,2164.63787633937,2865.38803297461,3842.38339941084,1559.1119737071,2921.18966361262,3151.86974450607,2676.53627547281,2808.32013760616,2752.12738636464,3252.47246056586,2882.41976029471,3322.13164489411,2073.97324616526,2160.44931605518,3332.81457797149,2758.28003625137,2029.54519444928,2627.16175636296,2664.43776561126,2216.6958165871,2476.07724074373,3614.27190298827
3067.3309002357,3368.71001079069,3285.1326707439,2164.63779102219,2865.38648205212,3842.28029573865,1559.11137534441,2921.18038720899,3151.85814879746,2676.53158121394,2808.31403018167,2752.12716289731,3252.46352781358,2882.41913646769,3320.83937101582,2073.97291357225,2160.44667814169,3332.81387174548,2758.20180105643,2024.55355859793,2626.93348965947,2663.76858614262,2216.68752907331,2475.89011280872,3614.1286062211
3067.28993144925,3368.70890581446,3285.13219219981,2164.63738116415,2865.38581907172,3842.27626094247,1559.1108572981,2921.17202922437,3151.8541717821,2676.52689491569,2808.28922649472,2752.12692818975,3252.45525195261,2882.41882730884,3320.75839701863,2073.97243990907,2160.44563236034,3332.81230078616,2758.08402723196,2021.58887276239,2626.93048889213,2663.72685668702,2216.6761852528,2475.54145512383,3614.12694883674
3067.28502664023,3368.70653043305,3285.13169422875,2164.63717466858,2865.3853668719,3842.26845055096,1559.11069219446,2921.16278872465,3151.85261921954,2676.52531991155,2808.05931125795,2752.12672593508,3252.44305062721,2882.41838921966,3320.75339986036,2073.97227049733,2160.44415267668,3332.81081292588,2757.86815449519,2019.97090648087,2626.92843141965,2663.69738318694,2216.62242867125,2475.3660257451,3614.1255637555
3067.27885666798,3368.70556767098,3285.13129750134,2164.63712909831,2865.38508807909,3842.26221785843,1559.11045545185,2921.15700981566,3151.85197974829,2676.52487409785,2808.04227270475,2752.12658405015,3252.4346294261,2882.41812205295,3320.75242445221,2073.97220293641,2160.43576554338,3332.81001397628,2757.50298587371,2016.41700582602,2626.92754477521,2663.69398065926,2216.59681717609,2475.197191923,3614.12475134686
3067.25511510039,3368.70515153932,3285.13105941108,2164.63706768055,2865.38489278434,3842.23166992509,1559.11029149975,2921.15557881419,3151.84888236682,2676.52407817736,2807.91181611285,2752.12646379596,3252.42356964013,2882.41800081814,3320.75005962883,2073.97208084688,2159.4504233057,3332.8083035124,2756.76336280518,2014.14840805287,2626.92698120058,2663.689952808,2216.59341966246,2475.1187792789,3614.12422427798
3067.24828811034,3368.70508486733,3285.13099495572,2164.63703016082,2865.38466699203,3842.22916818081,1559.1101777366,2921.14932926842,3151.8478071494,2676.52380615218,2806.18622491243,2752.12641908537,3252.31497796356,2882.41765586037,3320.75005962883,2073.97204992753,2155.40990377465,3332.8037786585,2756.02471674704,2010.15147810716,2626.9258816537,2663.68441956727,2216.59275058998,2475.06432513086,3614.12384658551
3067.24802386852,3368.70500011456,3285.13094762858,2164.63697229638,2865.38457748464,3842.2284480039,1559.11013281148,2921.13649413435,3151.84702691226,2676.52358103086,2804.72646526243,2752.12636163776,3252.30056179853,2882.41738594476,3320.75005962883,2073.97202152178,2154.02505360422,3332.76656466487,2755.45576362848,2009.83608242016,2626.92561167763,2663.67485462759,2216.59171722601,2474.89376111611,3614.12367560227
3067.24798823918,3368.7049505189,3285.13088531596,2164.63692278461,2865.38445013295,3842.22800001913,1559.11006245967,2921.12384783937,3151.84637295414,2676.52348966449,2804.2051418777,2752.12632901438,3252.29980764018,2882.41412435553,3320.75005962883,2073.97201838278,2151.62145162904,3332.73898258044,2755.15940537597,2008.14231193759,2626.92555385514,2663.67468218421,2216.59083100472,2474.72815638202,3614.12358543863
3067.2478680287,3368.70485889276,3285.13087126743,2164.63689044253,2865.38436964404,3842.22785912894,1559.11000266702,2921.12384783937,3151.84538072892,2676.52341762201,2804.12751366232,2752.1263030942,3252.2993786236,2882.40619903518,3320.75005962883,2073.97201838278,2151.59653232455,3332.73809930694,2755.15940537597,2007.45201028714,2626.92542239608,2663.67468218421,2216.59000396254,2474.59467416225,3614.12356107215
3067.2478315907,3368.70484320083,3285.13087126743,2164.63688555805,2865.38429489061,3842.22785912894,1559.10996455075,2921.12384783937,3151.84481589879,2676.52341125163,2804.08145923435,2752.12628130254,3252.299109994,2882.40593396365,3320.75005962883,2073.97201838278,2151.59213717871,3332.73803107843,2755.15940537597,2007.28814235939,2626.92541312601,2663.67468218421,2216.58977014596,2474.48851371171,3614.12356107215
3067.2478315907,3368.70484253065,3285.13087126743,2164.63688555805,2865.38428034867,3842.22785912894,1559.10994971535,2921.12384783937,3151.84426043031,2676.52341125163,2804.06889083067,2752.12627223274,3252.29902541179,2882.40589463325,3320.75005962883,2073.97201838278,2151.58837501748,3332.73787048667,2755.15940537597,2007.21746036372,2626.92532491403,2663.67468218421,2216.58970885466,2474.48851371171,3614.12356107215
3067.2478315907,3368.70484253065,3285.13087126743,2164.63688555805,2865.38428034867,3842.22785912894,1559.10994971535,2921.12384783937,3151.84403261121,2676.52341125163,2804.0602673804,2752.12627223274,3252.29902541179,2882.40586219862,3320.75005962883,2073.97201838278,2151.58692339852,3332.73787048667,2755.15940537597,2007.2157020883,2626.92528788072,2663.67468218421,2216.58968383616,2474.48851371171,3614.12356107215
3067.2478315907,3368.70484253065,3285.13087126743,2164.63688555805,2865.38428034867,3842.22785912894,1559.10994971535,2921.12384783937,3151.84403261121,2676.52341125163,2804.06005801404,2752.12627223274,3252.29902541179,2882.40585616033,3320.75005962883,2073.97201838278,2151.58640025042,3332.73787048667,2755.15940537597,2007.21426726705,2626.92525943688,2663.67468218421,2216.58965377562,2474.48851371171,3614.12356107215
3067.2478315907,3368.70484253065,3285.13087126743,2164.63688555805,2865.38428034867,3842.22785912894,1559.10994971535,2921.12384783937,3151.84403261121,2676.52341125163,2804.05991124376,2752.12627223274,3252.29902541179,2882.40585275865,3320.75005962883,2073.97201838278,2151.58640025042,3332.73787048667,2755.15940537597,2007.21393344368,2626.92524712514,2663.67468218421,2216.58964761,2474.48851371171,3614.12356107215
3067.2478315907,3368.70484253065,3285.13087126743,2164.63688555805,2865.38428034867,3842.22785912894,1559.10994971535,2921.12384783937,3151.84403261121,2676.52341125163,2804.05980744018,2752.12627223274,3252.29902541179,2882.40585275865,3320.75005962883,2073.97201838278,2151.58640025042,3332.73787048667,2755.15940537597,2007.21343607872,2626.92524712514,2663.67468218421,2216.58964761,2474.48851371171,3614.12356107215
3067.2478315907,3368.70484253065,3285.13087126743,2164.63688555805,2865.38428034867,3842.22785912894,1559.10994971535,2921.12384783937,3151.84403261121,2676.52341125163,2804.05978443987,2752.12627223274,3252.29902541179,2882.40585275865,3320.75005962883,2073.97201838278,2151.58640025042,3332.73787048667,2755.15940537597,2007.21325770936,2626.92524712514,2663.67468218421,2216.58964761,2474.48851371171,3614.12356107215
3067.2478315907,3368.70484253065,3285.13087126743,2164.63688555805,2865.38428034867,3842.22785912894,1559.10994971535,2921.12384783937,3151.84403261121,2676.52341125163,2804.05978443987,2752.12627223274,3252.29902541179,2882.40585275865,3320.75005962883,2073.97201838278,2151.58640025042,3332.73787048667,2755.15940537597,2007.21305005451,2626.92524712514,2663.67468218421,2216.58964761,2474.48851371171,3614.12356107215
3067.2478315907,3368.70484253065,3285.13087126743,2164.63688555805,2865.38428034867,3842.22785912894,1559.10994971535,2921.12384783937,3151.84403261121,2676.52341125163,2804.05978443987,2752.12627223274,3252.29902541179,2882.40585275865,3320.75005962883,2073.97201838278,2151.58640025042,3332.73787048667,2755.15940537597,2007.21299893198,2626.92524712514,2663.67468218421,2216.58964761,2474.48851371171,3614.12356107215
3067.2478315907,3368.70484253065,3285.13087126743,2164.63688555805,2865.38428034867,3842.22785912894,1559.10994971535,2921.12384783937,3151.84403261121,2676.52341125163,2804.05978443987,2752.12627223274,3252.29902541179,2882.40585275865,3320.75005962883,2073.97201838278,2151.58640025042,3332.73787048667,2755.15940537597,2007.21296362104,2626.92524712514,2663.67468218421,2216.58964761,2474.48851371171,3614.12356107215
3067.2478315907,3368.70484253065,3285.13087126743,2164.63688555805,2865.38428034867,3842.22785912894,1559.10994971535,2921.12384783937,3151.84403261121,2676.52341125163,2804.05978443987,2752.12627223274,3252.29902541179,2882.40585275865,3320.75005962883,2073.97201838278,2151.58640025042,3332.73787048667,2755.15940537597,2007.21296362104,2626.92524712514,2663.67468218421,2216.58964761,2474.48851371171,3614.12356107215
3067.2478315907,3368.70484253065,3285.13087126743,2164.63688555805,2865.38428034867,3842.22785912894,1559.10994971535,2921.12384783937,3151.84403261121,2676.52341125163,2804.05978443987,2752.12627223274,3252.29902541179,2882.40585275865,3320.75005962883,2073.97201838278,2151.58640025042,3332.73787048667,2755.15940537597,2007.21296362104,2626.92524712514,2663.67468218421,2216.58964761,2474.48851371171,3614.12356107215
3067.2478315907,3368.70484253065,3285.13087126743,2164.63688555805,2865.38428034867,3842.22785912894,1559.10994971535,2921.12384783937,3151.84403261121,2676.52341125163,2804.05978443987,2752.12627223274,3252.29902541179,2882.40585275865,3320.75005962883,2073.97201838278,2151.58640025042,3332.73787048667,2755.15940537597,2007.21296362104,2626.92524712514,2663.67468218421,2216.58964761,2474.48851371171,3614.12356107215
3067.2478315907,3368.70484253065,3285.13087126743,2164.63688555805,2865.38428034867,3842.22785912894,1559.10994971535,2921.12384783937,3151.84403261121,2676.52341125163,2804.05978443987,2752.12627223274,3252.29902541179,2882.40585275865,3320.75005962883,2073.97201838278,2151.58640025042,3332.73787048667,2755.15940537597,2007.21296362104,2626.92524712514,2663.67468218421,2216.58964761,2474.48851371171,3614.12356107215
3067.2478315907,3368.70484253065,3285.13087126743,2164.63688555805,2865.38428034867,3842.22785912894,1559.10994971535,2921.12384783937,3151.84403261121,2676.52341125163,2804.05978443987,2752.12627223274,3252.29902541179,2882.40585275865,3320.75005962883,2073.97201838278,2151.58640025042,3332.73787048667,2755.15940537597,2007.21296362104,2626.92524712514,2663.67468218421,2216.58964761,2474.48851371171,3614.12356107215
3067.2478315907,3368.70484253065,3285.13087126743,2164.63688555805,2865.38428034867,3842.22785912894,1559.10994971535,2921.12384783937,3151.84403261121,2676.52341125163,2804.05978443987,2752.12627223274,3252.29902541179,2882.40585275865,3320.75005962883,2073.97201838278,2151.58640025042,3332.73787048667,2755.15940537597,2007.21296362104,2626.92524712514,2663.67468218421,2216.58964761,2474.48851371171,3614.12356107215
3067.2478315907,3368.70484253065,3285.13087126743,2164.63688555805,2865.38428034867,3842.22785912894,1559.10994971535,2921.12384783937,3151.84403261121,2676.52341125163,2804.05978443987,2752.12627223274,3252.29902541179,2882.40585275865,3320.75005962883,2073.97201838278,2151.58640025042,3332.73787048667,2755.15940537597,2007.21296362104,2626.92524712514,2663.67468218421,2216.58964761,2474.48851371171,3614.12356107215
3067.2478315907,3368.70484253065,3285.13087126743,2164.63688555805,2865.38428034867,3842.22785912894,1559.10994971535,2921.12384783937,3151.84403261121,2676.52341125163,2804.05978443987,2752.12627223274,3252.29902541179,2882.40585275865,3320.75005962883,2073.97201838278,2151.58640025042,3332.73787048667,2755.15940537597,2007.21296362104,2626.92524712514,2663.67468218421,2216.58964761,2474.48851371171,3614.12356107215
3067.2478315907,3368.70484253065,3285.13087126743,2164.63688555805,2865.38428034867,3842.22785912894,1559.10994971535,2921.12384783937,3151.84403261121,2676.52341125163,2804.05978443987,2752.12627223274,3252.29902541179,2882.40585275865,3320.75005962883,2073.97201838278,2151.58640025042,3332.73787048667,2755.15940537597,2007.21296362104,2626.92524712514,2663.67468218421,2216.58964761,2474.48851371171,3614.12356107215
3067.2478315907,3368.70484253065,3285.13087126743,2164.63688555805,2865.38428034867,3842.22785912894,1559.10994971535,2921.12384783937,3151.84403261121,2676.52341125163,2804.05978443987,2752.12627223274,3252.29902541179,2882.40585275865,3320.75005962883,2073.97201838278,2151.58640025042,3332.73787048667,2755.15940537597,2007.21296362104,2626.92524712514,2663.67468218421,2216.58964761,2474.48851371171,3614.12356107215
3067.2478315907,3368.70484253065,3285.13087126743,2164.63688555805,2865.38428034867,3842.22785912894,1559.10994971535,2921.12384783937,3151.84403261121,2676.52341125163,2804.05978443987,2752.12627223274,3252.29902541179,2882.40585275865,3320.75005962883,2073.97201838278,2151.58640025042,3332.73787048667,2755.15940537597,2007.21296362104,2626.92524712514,2663.67468218421,2216.58964761,2474.48851371171,3614.12356107215
3067.2478315907,3368.70484253065,3285.13087126743,2164.63688555805,2865.38428034867,3842.22785912894,1559.10994971535,2921.12384783937,3151.84403261121,2676.52341125163,2804.05978443987,2752.12627223274,3252.29902541179,2882.40585275865,3320.75005962883,2073.97201838278,2151.58640025042,3332.73787048667,2755.15940537597,2007.21296362104,2626.92524712514,2663.67468218421,2216.58964761,2474.48851371171,3614.12356107215
3067.2478315907,3368.70484253065,3285.13087126743,2164.63688555805,2865.38428034867,3842.22785912894,1559.10994971535,2921.12384783937,3151.84403261121,2676.52341125163,2804.05978443987,2752.12627223274,3252.29902541179,2882.40585275865,3320.75005962883,2073.97201838278,2151.58640025042,3332.73787048667,2755.15940537597,2007.21296362104,2626.92524712514,2663.67468218421,2216.58964761,2474.48851371171,3614.12356107215
3067.2478315907,3368.70484253065,3285.13087126743,2164.63688555805,2865.38428034867,3842.22785912894,1559.10994971535,2921.12384783937,3151.84403261121,2676.52341125163,2804.05978443987,2752.12627223274,3252.29902541179,2882.40585275865,3320.75005962883,2073.97201838278,2151.58640025042,3332.73787048667,2755.15940537597,2007.21296362104,2626.92524712514,2663.67468218421,2216.58964761,2474.48851371171,3614.12356107215
3067.2478315907,3368.70484253065,3285.13087126743,2164.63688555805,2865.38428034867,3842.22785912894,1559.10994971535,2921.12384783937,3151.84403261121,2676.52341125163,2804.05978443987,2752.12627223274,3252.29902541179,2882.40585275865,3320.75005962883,2073.97201838278,2151.58640025042,3332.73787048667,2755.15940537597,2007.21296362104,2626.92524712514,2663.67468218421,2216.58964761,2474.48851371171,3614.12356107215
3067.2478315907,3368.70484253065,3285.13087126743,2164.63688555805,2865.38428034867,3842.22785912894,1559.10994971535,2921.12384783937,3151.84403261121,2676.52341125163,2804.05978443987,2752.12627223274,3252.29902541179,2882.40585275865,3320.75005962883,2073.97201838278,2151.58640025042,3332.73787048667,2755.15940537597,2007.21296362104,2626.92524712514,2663.67468218421,2216.58964761,2474.48851371171,3614.12356107215
3067.2478315907,3368.70484253065,3285.13087126743,2164.63688555805,2865.38428034867,3842.22785912894,1559.10994971535,2921.12384783937,3151.84403261121,2676.52341125163,2804.05978443987,2752.12627223274,3252.29902541179,2882.40585275865,3320.75005962883,2073.97201838278,2151.58640025042,3332.73787048667,2755.15940537597,2007.21296362104,2626.92524712514,2663.67468218421,2216.58964761,2474.48851371171,3614.12356107215
3067.2478315907,3368.70484253065,3285.13087126743,2164.63688555805,2865.38428034867,3842.22785912894,1559.10994971535,2921.12384783937,3151.84403261121,2676.52341125163,2804.05978443987,2752.12627223274,3252.29902541179,2882.40585275865,3320.75005962883,2073.97201838278,2151.58640025042,3332.73787048667,2755.15940537597,2007.21296362104,2626.92524712514,2663.67468218421,2216.58964761,2474.48851371171,3614.12356107215
3067.2478315907,3368.70484253065,3285.13087126743,2164.63688555805,2865.38428034867,3842.22785912894,1559.10994971535,2921.12384783937,3151.84403261121,2676.52341125163,2804.05978443987,2752.12627223274,3252.29902541179,2882.40585275865,3320.75005962883,2073.97201838278,2151.58640025042,3332.73787048667,2755.15940537597,2007.21296362104,2626.92524712514,2663.67468218421,2216.58964761,2474.48851371171,3614.12356107215
3067.2478315907,3368.70484253065,3285.13087126743,2164.63688555805,2865.38428034867,3842.22785912894,1559.10994971535,2921.12384783937,3151.84403261121,2676.52341125163,2804.05978443987,2752.12627223274,3252.29902541179,2882.40585275865,3320.75005962883,2073.97201838278,2151.58640025042,3332.73787048667,2755.15940537597,2007.21296362104,2626.92524712514,2663.67468218421,2216.58964761,2474.48851371171,3614.12356107215
3067.2478315907,3368.70484253065,3285.13087126743,2164.63688555805,2865.38428034867,3842.22785912894,1559.10994971535,2921.12384783937,3151.84403261121,2676.52341125163,2804.05978443987,2752.12627223274,3252.29902541179,2882.40585275865,3320.75005962883,2073.97201838278,2151.58640025042,3332.73787048667,2755.15940537597,2007.21296362104,2626.92524712514,2663.67468218421,2216.58964761,2474.48851371171,3614.12356107215
3067.2478315907,3368.70484253065,3285.13087126743,2164.63688555805,2865.38428034867,3842.22785912894,1559.10994971535,2921.12384783937,3151.84403261121,2676.52341125163,2804.05978443987,2752.12627223274,3252.29902541179,2882.40585275865,3320.75005962883,2073.97201838278,2151.58640025042,3332.73787048667,2755.15940537597,2007.21296362104,2626.92524712514,2663.67468218421,2216.58964761,2474.48851371171,3614.12356107215
3067.2478315907,3368.70484253065,3285.13087126743,2164.63688555805,2865.38428034867,3842.22785912894,1559.10994971535,2921.12384783937,3151.84403261121,2676.52341125163,2804.05978443987,2752.12627223274,3252.29902541179,2882.40585275865,3320.75005962883,2073.97201838278,2151.58640025042,3332.73787048667,2755.15940537597,2007.21296362104,2626.92524712514,2663.67468218421,2216.58964761,2474.48851371171,3614.12356107215
3067.2478315907,3368.70484253065,3285.13087126743,2164.63688555805,2865.38428034867,3842.22785912894,1559.10994971535,2921.12384783937,3151.84403261121,2676.52341125163,2804.05978443987,2752.12627223274,3252.29902541179,2882.40585275865,3320.75005962883,2073.97201838278,2151.58640025042,3332.73787048667,2755.15940537597,2007.21296362104,2626.92524712514,2663.67468218421,2216.58964761,2474.48851371171,3614.12356107215
3067.2478315907,3368.70484253065,3285.13087126743,2164.63688555805,2865.38428034867,3842.22785912894,1559.10994971535,2921.12384783937,3151.84403261121,2676.52341125163,2804.05978443987,2752.12627223274,3252.29902541179,2882.40585275865,3320.75005962883,2073.97201838278,2151.58640025042,3332.73787048667,2755.15940537597,2007.21296362104,2626.92524712514,2663.67468218421,2216.58964761,2474.48851371171,3614.12356107215
3067.2478315907,3368.70484253065,3285.13087126743,2164.63688555805,2865.38428034867,3842.22785912894,1559.10994971535,2921.12384783937,3151.84403261121,2676.52341125163,2804.05978443987,2752.12627223274,3252.29902541179,2882.40585275865,3320.75005962883,2073.97201838278,2151.58640025042,3332.73787048667,2755.15940537597,2007.21296362104,2626.92524712514,2663.67468218421,2216.58964761,2474.48851371171,3614.12356107215
3067.2478315907,3368.70484253065,3285.13087126743,2164.63688555805,2865.38428034867,3842.22785912894,1559.10994971535,2921.12384783937,3151.84403261121,2676.52341125163,2804.05978443987,2752.12627223274,3252.29902541179,2882.40585275865,3320.75005962883,2073.97201838278,2151.58640025042,3332.73787048667,2755.15940537597,2007.21296362104,2626.92524712514,2663.67468218421,2216.58964761,2474.48851371171,3614.12356107215
3067.2478315907,3368.70484253065,3285.13087126743,2164.63688555805,2865.38428034867,3842.22785912894,1559.10994971535,2921.12384783937,3151.84403261121,2676.52341125163,2804.05978443987,2752.12627223274,3252.29902541179,2882.40585275865,3320.75005962883,2073.97201838278,2151.58640025042,3332.73787048667,2755.15940537597,2007.21296362104,2626.92524712514,2663.67468218421,2216.58964761,2474.48851371171,3614.12356107215
3067.2478315907,3368.70484253065,3285.13087126743,2164.63688555805,2865.38428034867,3842.22785912894,1559.10994971535,2921.12384783937,3151.84403261121,2676.52341125163,2804.05978443987,2752.12627223274,3252.29902541179,2882.40585275865,3320.75005962883,2073.97201838278,2151.58640025042,3332.73787048667,2755.15940537597,2007.21296362104,2626.92524712514,2663.67468218421,2216.58964761,2474.48851371171,3614.12356107215
3067.2478315907,3368.70484253065,3285.13087126743,2164.63688555805,2865.38428034867,3842.22785912894,1559.10994971535,2921.12384783937,3151.84403261121,2676.52341125163,2804.05978443987,2752.12627223274,3252.29902541179,2882.40585275865,3320.75005962883,2073.97201838278,2151.58640025042,3332.73787048667,2755.15940537597,2007.21296362104,2626.92524712514,2663.67468218421,2216.58964761,2474.48851371171,3614.12356107215
3067.2478315907,3368.70484253065,3285.13087126743,2164.63688555805,2865.38428034867,3842.22785912894,1559.10994971535,2921.12384783937,3151.84403261121,2676.52341125163,2804.05978443987,2752.12627223274,3252.29902541179,2882.40585275865,3320.75005962883,2073.97201838278,2151.58640025042,3332.73787048667,2755.15940537597,2007.21296362104,2626.92524712514,2663.67468218421,2216.58964761,2474.48851371171,3614.12356107215
3067.2478315907,3368.70484253065,3285.13087126743,2164.63688555805,2865.38428034867,3842.22785912894,1559.10994971535,2921.12384783937,3151.84403261121,2676.52341125163,2804.05978443987,2752.12627223274,3252.29902541179,2882.40585275865,3320.75005962883,2073.97201838278,2151.58640025042,3332.73787048667,2755.15940537597,2007.21296362104,2626.92524712514,2663.67468218421,2216.58964761,2474.48851371171,3614.12356107215
3067.2478315907,3368.70484253065,3285.13087126743,2164.63688555805,2865.38428034867,3842.22785912894,1559.10994971535,2921.12384783937,3151.84403261121,2676.52341125163,2804.05978443987,2752.12627223274,3252.29902541179,2882.40585275865,3320.75005962883,2073.97201838278,2151.58640025042,3332.73787048667,2755.15940537597,2007.21296362104,2626.92524712514,2663.67468218421,2216.58964761,2474.48851371171,3614.12356107215
3067.2478315907,3368.70484253065,3285.13087126743,2164.63688555805,2865.38428034867,3842.22785912894,1559.10994971535,2921.12384783937,3151.84403261121,2676.52341125163,2804.05978443987,2752.12627223274,3252.29902541179,2882.40585275865,3320.75005962883,2073.97201838278,2151.58640025042,3332.73787048667,2755.15940537597,2007.21296362104,2626.92524712514,2663.67468218421,2216.58964761,2474.48851371171,3614.12356107215
3067.2478315907,3368.70484253065,3285.13087126743,2164.63688555805,2865.38428034867,3842.22785912894,1559.10994971535,2921.12384783937,3151.84403261121,2676.52341125163,2804.05978443987,2752.12627223274,3252.29902541179,2882.40585275865,3320.75005962883,2073.97201838278,2151.58640025042,3332.73787048667,2755.15940537597,2007.21296362104,2626.92524712514,2663.67468218421,2216.58964761,2474.48851371171,3614.12356107215
3067.2478315907,3368.70484253065,3285.13087126743,2164.63688555805,2865.38428034867,3842.22785912894,1559.10994971535,2921.12384783937,3151.84403261121,2676.52341125163,2804.05978443987,2752.12627223274,3252.29902541179,2882.40585275865,3320.75005962883,2073.97201838278,2151.58640025042,3332.73787048667,2755.15940537597,2007.21296362104,2626.92524712514,2663.67468218421,2216.58964761,2474.48851371171,3614.12356107215
3067.2478315907,3368.70484253065,3285.13087126743,2164.63688555805,2865.38428034867,3842.22785912894,1559.10994971535,2921.12384783937,3151.84403261121,2676.52341125163,2804.05978443987,2752.12627223274,3252.29902541179,2882.40585275865,3320.75005962883,2073.97201838278,2151.58640025042,3332.73787048667,2755.15940537597,2007.21296362104,2626.92524712514,2663.67468218421,2216.58964761,2474.48851371171,3614.12356107215
3067.2478315907,3368.70484253065,3285.13087126743,2164.63688555805,2865.38428034867,3842.22785912894,1559.10994971535,2921.12384783937,3151.84403261121,2676.52341125163,2804.05978443987,2752.12627223274,3252.29902541179,2882.40585275865,3320.75005962883,2073.97201838278,2151.58640025042,3332.73787048667,2755.15940537597,2007.21296362104,2626.92524712514,2663.67468218421,2216.58964761,2474.48851371171,3614.12356107215
3067.2478315907,3368.70484253065,3285.13087126743,2164.63688555805,2865.38428034867,3842.22785912894,1559.10994971535,2921.12384783937,3151.84403261121,2676.52341125163,2804.05978443987,2752.12627223274,3252.29902541179,2882.40585275865,3320.75005962883,2073.97201838278,2151.58640025042,3332.73787048667,2755.15940537597,2007.21296362104,2626.92524712514,2663.67468218421,2216.58964761,2474.48851371171,3614.12356107215
3067.2478315907,3368.70484253065,3285.13087126743,2164.63688555805,2865.38428034867,3842.22785912894,1559.10994971535,2921.12384783937,3151.84403261121,2676.52341125163,2804.05978443987,2752.12627223274,3252.29902541179,2882.40585275865,3320.75005962883,2073.97201838278,2151.58640025042,3332.73787048667,2755.15940537597,2007.21296362104,2626.92524712514,2663.67468218421,2216.58964761,2474.48851371171,3614.12356107215
3067.2478315907,3368.70484253065,3285.13087126743,2164.63688555805,2865.38428034867,3842.22785912894,1559.10994971535,2921.12384783937,3151.84403261121,2676.52341125163,2804.05978443987,2752.12627223274,3252.29902541179,2882.40585275865,3320.75005962883,2073.97201838278,2151.58640025042,3332.73787048667,2755.15940537597,2007.21296362104,2626.92524712514,2663.67468218421,2216.58964761,2474.48851371171,3614.12356107215
3067.2478315907,3368.70484253065,3285.13087126743,2164.63688555805,2865.38428034867,3842.22785912894,1559.10994971535,2921.12384783937,3151.84403261121,2676.52341125163,2804.05978443987,2752.12627223274,3252.29902541179,2882.40585275865,3320.75005962883,2073.97201838278,2151.58640025042,3332.73787048667,2755.15940537597,2007.21296362104,2626.92524712514,2663.67468218421,2216.58964761,2474.48851371171,3614.12356107215
3067.2478315907,3368.70484253065,3285.13087126743,2164.63688555805,2865.38428034867,3842.22785912894,1559.10994971535,2921.12384783937,3151.84403261121,2676.52341125163,2804.05978443987,2752.12627223274,3252.29902541179,2882.40585275865,3320.75005962883,2073.97201838278,2151.58640025042,3332.73787048667,2755.15940537597,2007.21296362104,2626.92524712514,2663.67468218421,2216.58964761,2474.48851371171,3614.12356107215
3067.2478315907,3368.70484253065,3285.13087126743,2164.63688555805,2865.38428034867,3842.22785912894,1559.10994971535,2921.12384783937,3151.84403261121,2676.52341125163,2804.05978443987,2752.12627223274,3252.29902541179,2882.40585275865,3320.75005962883,2073.97201838278,2151.58640025042,3332.73787048667,2755.15940537597,2007.21296362104,2626.92524712514,2663.67468218421,2216.58964761,2474.48851371171,3614.12356107215
3067.2478315907,3368.70484253065,3285.13087126743,2164.63688555805,2865.38428034867,3842.22785912894,1559.10994971535,2921.12384783937,3151.84403261121,2676.52341125163,2804.05978443987,2752.12627223274,3252.29902541179,2882.40585275865,3320.75005962883,2073.97201838278,2151.58640025042,3332.73787048667,2755.15940537597,2007.21296362104,2626.92524712514,2663.67468218421,2216.58964761,2474.48851371171,3614.12356107215
3067.2478315907,3368.70484253065,3285.13087126743,2164.63688555805,2865.38428034867,3842.22785912894,1559.10994971535,2921.12384783937,3151.84403261121,2676.52341125163,2804.05978443987,2752.12627223274,3252.29902541179,2882.40585275865,3320.75005962883,2073.97201838278,2151.58640025042,3332.73787048667,2755.15940537597,2007.21296362104,2626.92524712514,2663.67468218421,2216.58964761,2474.48851371171,3614.12356107215
3067.2478315907,3368.70484253065,3285.13087126743,2164.63688555805,2865.38428034867,3842.22785912894,1559.10994971535,2921.12384783937,3151.84403261121,2676.52341125163,2804.05978443987,2752.12627223274,3252.29902541179,2882.40585275865,3320.75005962883,2073.97201838278,2151.58640025042,3332.73787048667,2755.15940537597,2007.21296362104,2626.92524712514,2663.67468218421,2216.58964761,2474.48851371171,3614.12356107215
3067.2478315907,3368.70484253065,3285.13087126743,2164.63688555805,2865.38428034867,3842.22785912894,1559.10994971535,2921.12384783937,3151.84403261121,2676.52341125163,2804.05978443987,2752.12627223274,3252.29902541179,2882.40585275865,3320.75005962883,2073.97201838278,2151.58640025042,3332.73787048667,2755.15940537597,2007.21296362104,2626.92524712514,2663.67468218421,2216.58964761,2474.48851371171,3614.12356107215
3067.2478315907,3368.70484253065,3285.13087126743,2164.63688555805,2865.38428034867,3842.22785912894,1559.10994971535,2921.12384783937,3151.84403261121,2676.52341125163,2804.05978443987,2752.12627223274,3252.29902541179,2882.40585275865,3320.75005962883,2073.97201838278,2151.58640025042,3332.73787048667,2755.15940537597,2007.21296362104,2626.92524712514,2663.67468218421,2216.58964761,2474.48851371171,3614.12356107215
3067.2478315907,3368.70484253065,3285.13087126743,2164.63688555805,2865.38428034867,3842.22785912894,1559.10994971535,2921.12384783937,3151.84403261121,2676.52341125163,2804.05978443987,2752.12627223274,3252.29902541179,2882.40585275865,3320.75005962883,2073.97201838278,2151.58640025042,3332.73787048667,2755.15940537597,2007.21296362104,2626.92524712514,2663.67468218421,2216.58964761,2474.48851371171,3614.12356107215
3067.2478315907,3368.70484253065,3285.13087126743,2164.63688555805,2865.38428034867,3842.22785912894,1559.10994971535,2921.12384783937,3151.84403261121,2676.52341125163,2804.05978443987,2752.12627223274,3252.29902541179,2882.40585275865,3320.75005962883,2073.97201838278,2151.58640025042,3332.73787048667,2755.15940537597,2007.21296362104,2626.92524712514,2663.67468218421,2216.58964761,2474.48851371171,3614.12356107215
3067.2478315907,3368.70484253065,3285.13087126743,2164.63688555805,2865.38428034867,3842.22785912894,1559.10994971535,2921.12384783937,3151.84403261121,2676.52341125163,2804.05978443987,2752.12627223274,3252.29902541179,2882.40585275865,3320.75005962883,2073.97201838278,2151.58640025042,3332.73787048667,2755.15940537597,2007.21296362104,2626.92524712514,2663.67468218421,2216.58964761,2474.48851371171,3614.12356107215
3067.2478315907,3368.70484253065,3285.13087126743,2164.63688555805,2865.38428034867,3842.22785912894,1559.10994971535,2921.12384783937,3151.84403261121,2676.52341125163,2804.05978443987,2752.12627223274,3252.29902541179,2882.40585275865,3320.75005962883,2073.97201838278,2151.58640025042,3332.73787048667,2755.15940537597,2007.21296362104,2626.92524712514,2663.67468218421,2216.58964761,2474.48851371171,3614.12356107215
3067.2478315907,3368.70484253065,3285.13087126743,2164.63688555805,2865.38428034867,3842.22785912894,1559.10994971535,2921.12384783937,3151.84403261121,2676.52341125163,2804.05978443987,2752.12627223274,3252.29902541179,2882.40585275865,3320.75005962883,2073.97201838278,2151.58640025042,3332.73787048667,2755.15940537597,2007.21296362104,2626.92524712514,2663.67468218421,2216.58964761,2474.48851371171,3614.12356107215
3067.2478315907,3368.70484253065,3285.13087126743,2164.63688555805,2865.38428034867,3842.22785912894,1559.10994971535,2921.12384783937,3151.84403261121,2676.52341125163,2804.05978443987,2752.12627223274,3252.29902541179,2882.40585275865,3320.75005962883,2073.97201838278,2151.58640025042,3332.73787048667,2755.15940537597,2007.21296362104,2626.92524712514,2663.67468218421,2216.58964761,2474.48851371171,3614.12356107215
3067.2478315907,3368.70484253065,3285.13087126743,2164.63688555805,2865.38428034867,3842.22785912894,1559.10994971535,2921.12384783937,3151.84403261121,2676.52341125163,2804.05978443987,2752.12627223274,3252.29902541179,2882.40585275865,3320.75005962883,2073.97201838278,2151.58640025042,3332.73787048667,2755.15940537597,2007.21296362104,2626.92524712514,2663.67468218421,2216.58964761,2474.48851371171,3614.12356107215
3067.2478315907,3368.70484253065,3285.13087126743,2164.63688555805,2865.38428034867,3842.22785912894,1559.10994971535,2921.12384783937,3151.84403261121,2676.52341125163,2804.05978443987,2752.12627223274,3252.29902541179,2882.40585275865,3320.75005962883,2073.97201838278,2151.58640025042,3332.73787048667,2755.15940537597,2007.21296362104,2626.92524712514,2663.67468218421,2216.58964761,2474.48851371171,3614.12356107215
3067.2478315907,3368.70484253065,3285.13087126743,2164.63688555805,2865.38428034867,3842.22785912894,1559.10994971535,2921.12384783937,3151.84403261121,2676.52341125163,2804.05978443987,2752.12627223274,3252.29902541179,2882.40585275865,3320.75005962883,2073.97201838278,2151.58640025042,3332.73787048667,2755.15940537597,2007.21296362104,2626.92524712514,2663.67468218421,2216.58964761,2474.48851371171,3614.12356107215
3067.2478315907,3368.70484253065,3285.13087126743,2164.63688555805,2865.38428034867,3842.22785912894,1559.10994971535,2921.12384783937,3151.84403261121,2676.52341125163,2804.05978443987,2752.12627223274,3252.29902541179,2882.40585275865,3320.75005962883,2073.97201838278,2151.58640025042,3332.73787048667,2755.15940537597,2007.21296362104,2626.92524712514,2663.67468218421,2216.58964761,2474.48851371171,3614.12356107215
3067.2478315907,3368.70484253065,3285.13087126743,2164.63688555805,2865.38428034867,3842.22785912894,1559.10994971535,2921.12384783937,3151.84403261121,2676.52341125163,2804.05978443987,2752.12627223274,3252.29902541179,2882.40585275865,3320.75005962883,2073.97201838278,2151.58640025042,3332.73787048667,2755.15940537597,2007.21296362104,2626.92524712514,2663.67468218421,2216.58964761,2474.48851371171,3614.12356107215
3067.2478315907,3368.70484253065,3285.13087126743,2164.63688555805,2865.38428034867,3842.22785912894,1559.10994971535,2921.12384783937,3151.84403261121,2676.52341125163,2804.05978443987,2752.12627223274,3252.29902541179,2882.40585275865,3320.75005962883,2073.97201838278,2151.58640025042,3332.73787048667,2755.15940537597,2007.21296362104,2626.92524712514,2663.67468218421,2216.58964761,2474.48851371171,3614.12356107215
3067.2478315907,3368.70484253065,3285.13087126743,2164.63688555805,2865.38428034867,3842.22785912894,1559.10994971535,2921.12384783937,3151.84403261121,2676.52341125163,2804.05978443987,2752.12627223274,3252.29902541179,2882.40585275865,3320.75005962883,2073.97201838278,2151.58640025042,3332.73787048667,2755.15940537597,2007.21296362104,2626.92524712514,2663.67468218421,2216.58964761,2474.48851371171,3614.12356107215
3067.2478315907,3368.70484253065,3285.13087126743,2164.63688555805,2865.38428034867,3842.22785912894,1559.10994971535,2921.12384783937,3151.84403261121,2676.52341125163,2804.05978443987,2752.12627223274,3252.29902541179,2882.40585275865,3320.75005962883,2073.97201838278,2151.58640025042,3332.73787048667,2755.15940537597,2007.21296362104,2626.92524712514,2663.67468218421,2216.58964761,2474.48851371171,3614.12356107215
3067.2478315907,3368.70484253065,3285.13087126743,2164.63688555805,2865.38428034867,3842.22785912894,1559.10994971535,2921.12384783937,3151.84403261121,2676.52341125163,2804.05978443987,2752.12627223274,3252.29902541179,2882.40585275865,3320.75005962883,2073.97201838278,2151.58640025042,3332.73787048667,2755.15940537597,2007.21296362104,2626.92524712514,2663.67468218421,2216.58964761,2474.48851371171,3614.12356107215
3067.2478315907,3368.70484253065,3285.13087126743,2164.63688555805,2865.38428034867,3842.22785912894,1559.10994971535,2921.12384783937,3151.84403261121,2676.52341125163,2804.05978443987,2752.12627223274,3252.29902541179,2882.40585275865,3320.75005962883,2073.97201838278,2151.58640025042,3332.73787048667,2755.15940537597,2007.21296362104,2626.92524712514,2663.67468218421,2216.58964761,2474.48851371171,3614.12356107215
3067.2478315907,3368.70484253065,3285.13087126743,2164.63688555805,2865.38428034867,3842.22785912894,1559.10994971535,2921.12384783937,3151.84403261121,2676.52341125163,2804.05978443987,2752.12627223274,3252.29902541179,2882.40585275865,3320.75005962883,2073.97201838278,2151.58640025042,3332.73787048667,2755.15940537597,2007.21296362104,2626.92524712514,2663.67468218421,2216.58964761,2474.48851371171,3614.12356107215
3067.2478315907,3368.70484253065,3285.13087126743,2164.63688555805,2865.38428034867,3842.22785912894,1559.10994971535,2921.12384783937,3151.84403261121,2676.52341125163,2804.05978443987,2752.12627223274,3252.29902541179,2882.40585275865,3320.75005962883,2073.97201838278,2151.58640025042,3332.73787048667,2755.15940537597,2007.21296362104,2626.92524712514,2663.67468218421,2216.58964761,2474.48851371171,3614.12356107215
3067.2478315907,3368.70484253065,3285.13087126743,2164.63688555805,2865.38428034867,3842.22785912894,1559.10994971535,2921.12384783937,3151.84403261121,2676.52341125163,2804.05978443987,2752.12627223274,3252.29902541179,2882.40585275865,3320.75005962883,2073.97201838278,2151.58640025042,3332.73787048667,2755.15940537597,2007.21296362104,2626.92524712514,2663.67468218421,2216.58964761,2474.48851371171,3614.12356107215
3067.2478315907,3368.70484253065,3285.13087126743,2164.63688555805,2865.38428034867,3842.22785912894,1559.10994971535,2921.12384783937,3151.84403261121,2676.52341125163,2804.05978443987,2752.12627223274,3252.29902541179,2882.40585275865,3320.75005962883,2073.97201838278,2151.58640025042,3332.73787048667,2755.15940537597,2007.21296362104,2626.92524712514,2663.67468218421,2216.58964761,2474.48851371171,3614.12356107215
3067.2478315907,3368.70484253065,3285.13087126743,2164.63688555805,2865.38428034867,3842.22785912894,1559.10994971535,2921.12384783937,3151.84403261121,2676.52341125163,2804.05978443987,2752.12627223274,3252.29902541179,2882.40585275865,3320.75005962883,2073.97201838278,2151.58640025042,3332.73787048667,2755.15940537597,2007.21296362104,2626.92524712514,2663.67468218421,2216.58964761,2474.48851371171,3614.12356107215
3067.2478315907,3368.70484253065,3285.13087126743,2164.63688555805,2865.38428034867,3842.22785912894,1559.10994971535,2921.12384783937,3151.84403261121,2676.52341125163,2804.05978443987,2752.12627223274,3252.29902541179,2882.40585275865,3320.75005962883,2073.97201838278,2151.58640025042,3332.73787048667,2755.15940537597,2007.21296362104,2626.92524712514,2663.67468218421,2216.58964761,2474.48851371171,3614.12356107215
3067.2478315907,3368.70484253065,3285.13087126743,2164.63688555805,2865.38428034867,3842.22785912894,1559.10994971535,2921.12384783937,3151.84403261121,2676.52341125163,2804.05978443987,2752.12627223274,3252.29902541179,2882.40585275865,3320.75005962883,2073.97201838278,2151.58640025042,3332.73787048667,2755.15940537597,2007.21296362104,2626.92524712514,2663.67468218421,2216.58964761,2474.48851371171,3614.12356107215
3067.2478315907,3368.70484253065,3285.13087126743,2164.63688555805,2865.38428034867,3842.22785912894,1559.10994971535,2921.12384783937,3151.84403261121,2676.52341125163,2804.05978443987,2752.12627223274,3252.29902541179,2882.40585275865,3320.75005962883,2073.97201838278,2151.58640025042,3332.73787048667,2755.15940537597,2007.21296362104,2626.92524712514,2663.67468218421,2216.58964761,2474.48851371171,3614.12356107215
3067.2478315907,3368.70484253065,3285.13087126743,2164.63688555805,2865.38428034867,3842.22785912894,1559.10994971535,2921.12384783937,3151.84403261121,2676.52341125163,2804.05978443987,2752.12627223274,3252.29902541179,2882.40585275865,3320.75005962883,2073.97201838278,2151.58640025042,3332.73787048667,2755.15940537597,2007.21296362104,2626.92524712514,2663.67468218421,2216.58964761,2474.48851371171,3614.12356107215
3067.2478315907,3368.70484253065,3285.13087126743,2164.63688555805,2865.38428034867,3842.22785912894,1559.10994971535,2921.12384783937,3151.84403261121,2676.52341125163,2804.05978443987,2752.12627223274,3252.29902541179,2882.40585275865,3320.75005962883,2073.97201838278,2151.58640025042,3332.73787048667,2755.15940537597,2007.21296362104,2626.92524712514,2663.67468218421,2216.58964761,2474.48851371171,3614.12356107215
3067.2478315907,3368.70484253065,3285.13087126743,2164.63688555805,2865.38428034867,3842.22785912894,1559.10994971535,2921.12384783937,3151.84403261121,2676.52341125163,2804.05978443987,2752.12627223274,3252.29902541179,2882.40585275865,3320.75005962883,2073.97201838278,2151.58640025042,3332.73787048667,2755.15940537597,2007.21296362104,2626.92524712514,2663.67468218421,2216.58964761,2474.48851371171,3614.12356107215
3067.2478315907,3368.70484253065,3285.13087126743,2164.63688555805,2865.38428034867,3842.22785912894,1559.10994971535,2921.12384783937,3151.84403261121,2676.52341125163,2804.05978443987,2752.12627223274,3252.29902541179,2882.40585275865,3320.75005962883,2073.97201838278,2151.58640025042,3332.73787048667,2755.15940537597,2007.21296362104,2626.92524712514,2663.67468218421,2216.58964761,2474.48851371171,3614.12356107215
3067.2478315907,3368.70484253065,3285.13087126743,2164.63688555805,2865.38428034867,3842.22785912894,1559.10994971535,2921.12384783937,3151.84403261121,2676.52341125163,2804.05978443987,2752.12627223274,3252.29902541179,2882.40585275865,3320.75005962883,2073.97201838278,2151.58640025042,3332.73787048667,2755.15940537597,2007.21296362104,2626.92524712514,2663.67468218421,2216.58964761,2474.48851371171,3614.12356107215
3067.2478315907,3368.70484253065,3285.13087126743,2164.63688555805,2865.38428034867,3842.22785912894,1559.10994971535,2921.12384783937,3151.84403261121,2676.52341125163,2804.05978443987,2752.12627223274,3252.29902541179,2882.40585275865,3320.75005962883,2073.97201838278,2151.58640025042,3332.73787048667,2755.15940537597,2007.21296362104,2626.92524712514,2663.67468218421,2216.58964761,2474.48851371171,3614.12356107215
3067.2478315907,3368.70484253065,3285.13087126743,2164.63688555805,2865.38428034867,3842.22785912894,1559.10994971535,2921.12384783937,3151.84403261121,2676.52341125163,2804.05978443987,2752.12627223274,3252.29902541179,2882.40585275865,3320.75005962883,2073.97201838278,2151.58640025042,3332.73787048667,2755.15940537597,2007.21296362104,2626.92524712514,2663.67468218421,2216.58964761,2474.48851371171,3614.12356107215
3067.2478315907,3368.70484253065,3285.13087126743,2164.63688555805,2865.38428034867,3842.22785912894,1559.10994971535,2921.12384783937,3151.84403261121,2676.52341125163,2804.05978443987,2752.12627223274,3252.29902541179,2882.40585275865,3320.75005962883,2073.97201838278,2151.58640025042,3332.73787048667,2755.15940537597,2007.21296362104,2626.92524712514,2663.67468218421,2216.58964761,2474.48851371171,3614.12356107215
3067.2478315907,3368.70484253065,3285.13087126743,2164.63688555805,2865.38428034867,3842.22785912894,1559.10994971535,2921.12384783937,3151.84403261121,2676.52341125163,2804.05978443987,2752.12627223274,3252.29902541179,2882.40585275865,3320.75005962883,2073.97201838278,2151.58640025042,3332.73787048667,2755.15940537597,2007.21296362104,2626.92524712514,2663.67468218421,2216.58964761,2474.48851371171,3614.12356107215
3067.2478315907,3368.70484253065,3285.13087126743,2164.63688555805,2865.38428034867,3842.22785912894,1559.10994971535,2921.12384783937,3151.84403261121,2676.52341125163,2804.05978443987,2752.12627223274,3252.29902541179,2882.40585275865,3320.75005962883,2073.97201838278,2151.58640025042,3332.73787048667,2755.15940537597,2007.21296362104,2626.92524712514,2663.67468218421,2216.58964761,2474.48851371171,3614.12356107215
3067.2478315907,3368.70484253065,3285.13087126743,2164.63688555805,2865.38428034867,3842.22785912894,1559.10994971535,2921.12384783937,3151.84403261121,2676.52341125163,2804.05978443987,2752.12627223274,3252.29902541179,2882.40585275865,3320.75005962883,2073.97201838278,2151.58640025042,3332.73787048667,2755.15940537597,2007.21296362104,2626.92524712514,2663.67468218421,2216.58964761,2474.48851371171,3614.12356107215
3067.2478315907,3368.70484253065,3285.13087126743,2164.63688555805,2865.38428034867,3842.22785912894,1559.10994971535,2921.12384783937,3151.84403261121,2676.52341125163,2804.05978443987,2752.12627223274,3252.29902541179,2882.40585275865,3320.75005962883,2073.97201838278,2151.58640025042,3332.73787048667,2755.15940537597,2007.21296362104,2626.92524712514,2663.67468218421,2216.58964761,2474.48851371171,3614.12356107215
3067.2478315907,3368.70484253065,3285.13087126743,2164.63688555805,2865.38428034867,3842.22785912894,1559.10994971535,2921.12384783937,3151.84403261121,2676.52341125163,2804.05978443987,2752.12627223274,3252.29902541179,2882.40585275865,3320.75005962883,2073.97201838278,2151.58640025042,3332.73787048667,2755.15940537597,2007.21296362104,2626.92524712514,2663.67468218421,2216.58964761,2474.48851371171,3614.12356107215
3067.2478315907,3368.70484253065,3285.13087126743,2164.63688555805,2865.38428034867,3842.22785912894,1559.10994971535,2921.12384783937,3151.84403261121,2676.52341125163,2804.05978443987,2752.12627223274,3252.29902541179,2882.40585275865,3320.75005962883,2073.97201838278,2151.58640025042,3332.73787048667,2755.15940537597,2007.21296362104,2626.92524712514,2663.67468218421,2216.58964761,2474.48851371171,3614.12356107215
3067.2478315907,3368.70484253065,3285.13087126743,2164.63688555805,2865.38428034867,3842.22785912894,1559.10994971535,2921.12384783937,3151.84403261121,2676.52341125163,2804.05978443987,2752.12627223274,3252.29902541179,2882.40585275865,3320.75005962883,2073.97201838278,2151.58640025042,3332.73787048667,2755.15940537597,2007.21296362104,2626.92524712514,2663.67468218421,2216.58964761,2474.48851371171,3614.12356107215
3067.2478315907,3368.70484253065,3285.13087126743,2164.63688555805,2865.38428034867,3842.22785912894,1559.10994971535,2921.12384783937,3151.84403261121,2676.52341125163,2804.05978443987,2752.12627223274,3252.29902541179,2882.40585275865,3320.75005962883,2073.97201838278,2151.58640025042,3332.73787048667,2755.15940537597,2007.21296362104,2626.92524712514,2663.67468218421,2216.58964761,2474.48851371171,3614.12356107215
3067.2478315907,3368.70484253065,3285.13087126743,2164.63688555805,2865.38428034867,3842.22785912894,1559.10994971535,2921.12384783937,3151.84403261121,2676.52341125163,2804.05978443987,2752.12627223274,3252.29902541179,2882.40585275865,3320.75005962883,2073.97201838278,2151.58640025042,3332.73787048667,2755.15940537597,2007.21296362104,2626.92524712514,2663.67468218421,2216.58964761,2474.48851371171,3614.12356107215
3067.2478315907,3368.70484253065,3285.13087126743,2164.63688555805,2865.38428034867,3842.22785912894,1559.10994971535,2921.12384783937,3151.84403261121,2676.52341125163,2804.05978443987,2752.12627223274,3252.29902541179,2882.40585275865,3320.75005962883,2073.97201838278,2151.58640025042,3332.73787048667,2755.15940537597,2007.21296362104,2626.92524712514,2663.67468218421,2216.58964761,2474.48851371171,3614.12356107215
3067.2478315907,3368.70484253065,3285.13087126743,2164.63688555805,2865.38428034867,3842.22785912894,1559.10994971535,2921.12384783937,3151.84403261121,2676.52341125163,2804.05978443987,2752.12627223274,3252.29902541179,2882.40585275865,3320.75005962883,2073.97201838278,2151.58640025042,3332.73787048667,2755.15940537597,2007.21296362104,2626.92524712514,2663.67468218421,2216.58964761,2474.48851371171,3614.12356107215
3067.2478315907,3368.70484253065,3285.13087126743,2164.63688555805,2865.38428034867,3842.22785912894,1559.10994971535,2921.12384783937,3151.84403261121,2676.52341125163,2804.05978443987,2752.12627223274,3252.29902541179,2882.40585275865,3320.75005962883,2073.97201838278,2151.58640025042,3332.73787048667,2755.15940537597,2007.21296362104,2626.92524712514,2663.67468218421,2216.58964761,2474.48851371171,3614.12356107215
3067.2478315907,3368.70484253065,3285.13087126743,2164.63688555805,2865.38428034867,3842.22785912894,1559.10994971535,2921.12384783937,3151.84403261121,2676.52341125163,2804.05978443987,2752.12627223274,3252.29902541179,2882.40585275865,3320.75005962883,2073.97201838278,2151.58640025042,3332.73787048667,2755.15940537597,2007.21296362104,2626.92524712514,2663.67468218421,2216.58964761,2474.48851371171,3614.12356107215
3067.2478315907,3368.70484253065,3285.13087126743,2164.63688555805,2865.38428034867,3842.22785912894,1559.10994971535,2921.12384783937,3151.84403261121,2676.52341125163,2804.05978443987,2752.12627223274,3252.29902541179,2882.40585275865,3320.75005962883,2073.97201838278,2151.58640025042,3332.73787048667,2755.15940537597,2007.21296362104,2626.92524712514,2663.67468218421,2216.58964761,2474.48851371171,3614.12356107215
3067.2478315907,3368.70484253065,3285.13087126743,2164.63688555805,2865.38428034867,3842.22785912894,1559.10994971535,2921.12384783937,3151.84403261121,2676.52341125163,2804.05978443987,2752.12627223274,3252.29902541179,2882.40585275865,3320.75005962883,2073.97201838278,2151.58640025042,3332.73787048667,2755.15940537597,2007.21296362104,2626.92524712514,2663.67468218421,2216.58964761,2474.48851371171,3614.12356107215
3067.2478315907,3368.70484253065,3285.13087126743,2164.63688555805,2865.38428034867,3842.22785912894,1559.10994971535,2921.12384783937,3151.84403261121,2676.52341125163,2804.05978443987,2752.12627223274,3252.29902541179,2882.40585275865,3320.75005962883,2073.97201838278,2151.58640025042,3332.73787048667,2755.15940537597,2007.21296362104,2626.92524712514,2663.67468218421,2216.58964761,2474.48851371171,3614.12356107215
3067.2478315907,3368.70484253065,3285.13087126743,2164.63688555805,2865.38428034867,3842.22785912894,1559.10994971535,2921.12384783937,3151.84403261121,2676.52341125163,2804.05978443987,2752.12627223274,3252.29902541179,2882.40585275865,3320.75005962883,2073.97201838278,2151.58640025042,3332.73787048667,2755.15940537597,2007.21296362104,2626.92524712514,2663.67468218421,2216.58964761,2474.48851371171,3614.12356107215
3067.2478315907,3368.70484253065,3285.13087126743,2164.63688555805,2865.38428034867,3842.22785912894,1559.10994971535,2921.12384783937,3151.84403261121,2676.52341125163,2804.05978443987,2752.12627223274,3252.29902541179,2882.40585275865,3320.75005962883,2073.97201838278,2151.58640025042,3332.73787048667,2755.15940537597,2007.21296362104,2626.92524712514,2663.67468218421,2216.58964761,2474.48851371171,3614.12356107215
3067.2478315907,3368.70484253065,3285.13087126743,2164.63688555805,2865.38428034867,3842.22785912894,1559.10994971535,2921.12384783937,3151.84403261121,2676.52341125163,2804.05978443987,2752.12627223274,3252.29902541179,2882.40585275865,3320.75005962883,2073.97201838278,2151.58640025042,3332.73787048667,2755.15940537597,2007.21296362104,2626.92524712514,2663.67468218421,2216.58964761,2474.48851371171,3614.12356107215
3067.2478315907,3368.70484253065,3285.13087126743,2164.63688555805,2865.38428034867,3842.22785912894,1559.10994971535,2921.12384783937,3151.84403261121,2676.52341125163,2804.05978443987,2752.12627223274,3252.29902541179,2882.40585275865,3320.75005962883,2073.97201838278,2151.58640025042,3332.73787048667,2755.15940537597,2007.21296362104,2626.92524712514,2663.67468218421,2216.58964761,2474.48851371171,3614.12356107215
3067.2478315907,3368.70484253065,3285.13087126743,2164.63688555805,2865.38428034867,3842.22785912894,1559.10994971535,2921.12384783937,3151.84403261121,2676.52341125163,2804.05978443987,2752.12627223274,3252.29902541179,2882.40585275865,3320.75005962883,2073.97201838278,2151.58640025042,3332.73787048667,2755.15940537597,2007.21296362104,2626.92524712514,2663.67468218421,2216.58964761,2474.48851371171,3614.12356107215
3067.2478315907,3368.70484253065,3285.13087126743,2164.63688555805,2865.38428034867,3842.22785912894,1559.10994971535,2921.12384783937,3151.84403261121,2676.52341125163,2804.05978443987,2752.12627223274,3252.29902541179,2882.40585275865,3320.75005962883,2073.97201838278,2151.58640025042,3332.73787048667,2755.15940537597,2007.21296362104,2626.92524712514,2663.67468218421,2216.58964761,2474.48851371171,3614.12356107215
3067.2478315907,3368.70484253065,3285.13087126743,2164.63688555805,2865.38428034867,3842.22785912894,1559.10994971535,2921.12384783937,3151.84403261121,2676.52341125163,2804.05978443987,2752.12627223274,3252.29902541179,2882.40585275865,3320.75005962883,2073.97201838278,2151.58640025042,3332.73787048667,2755.15940537597,2007.21296362104,2626.92524712514,2663.67468218421,2216.58964761,2474.48851371171,3614.12356107215
3067.2478315907,3368.70484253065,3285.13087126743,2164.63688555805,2865.38428034867,3842.22785912894,1559.10994971535,2921.12384783937,3151.84403261121,2676.52341125163,2804.05978443987,2752.12627223274,3252.29902541179,2882.40585275865,3320.75005962883,2073.97201838278,2151.58640025042,3332.73787048667,2755.15940537597,2007.21296362104,2626.92524712514,2663.67468218421,2216.58964761,2474.48851371171,3614.12356107215
3067.2478315907,3368.70484253065,3285.13087126743,2164.63688555805,2865.38428034867,3842.22785912894,1559.10994971535,2921.12384783937,3151.84403261121,2676.52341125163,2804.05978443987,2752.12627223274,3252.29902541179,2882.40585275865,3320.75005962883,2073.97201838278,2151.58640025042,3332.73787048667,2755.15940537597,2007.21296362104,2626.92524712514,2663.67468218421,2216.58964761,2474.48851371171,3614.12356107215
3067.2478315907,3368.70484253065,3285.13087126743,2164.63688555805,2865.38428034867,3842.22785912894,1559.10994971535,2921.12384783937,3151.84403261121,2676.52341125163,2804.05978443987,2752.12627223274,3252.29902541179,2882.40585275865,3320.75005962883,2073.97201838278,2151.58640025042,3332.73787048667,2755.15940537597,2007.21296362104,2626.92524712514,2663.67468218421,2216.58964761,2474.48851371171,3614.12356107215
3067.2478315907,3368.70484253065,3285.13087126743,2164.63688555805,2865.38428034867,3842.22785912894,1559.10994971535,2921.12384783937,3151.84403261121,2676.52341125163,2804.05978443987,2752.12627223274,3252.29902541179,2882.40585275865,3320.75005962883,2073.97201838278,2151.58640025042,3332.73787048667,2755.15940537597,2007.21296362104,2626.92524712514,2663.67468218421,2216.58964761,2474.48851371171,3614.12356107215
3067.2478315907,3368.70484253065,3285.13087126743,2164.63688555805,2865.38428034867,3842.22785912894,1559.10994971535,2921.12384783937,3151.84403261121,2676.52341125163,2804.05978443987,2752.12627223274,3252.29902541179,2882.40585275865,3320.75005962883,2073.97201838278,2151.58640025042,3332.73787048667,2755.15940537597,2007.21296362104,2626.92524712514,2663.67468218421,2216.58964761,2474.48851371171,3614.12356107215
3067.2478315907,3368.70484253065,3285.13087126743,2164.63688555805,2865.38428034867,3842.22785912894,1559.10994971535,2921.12384783937,3151.84403261121,2676.52341125163,2804.05978443987,2752.12627223274,3252.29902541179,2882.40585275865,3320.75005962883,2073.97201838278,2151.58640025042,3332.73787048667,2755.15940537597,2007.21296362104,2626.92524712514,2663.67468218421,2216.58964761,2474.48851371171,3614.12356107215
3067.2478315907,3368.70484253065,3285.13087126743,2164.63688555805,2865.38428034867,3842.22785912894,1559.10994971535,2921.12384783937,3151.84403261121,2676.52341125163,2804.05978443987,2752.12627223274,3252.29902541179,2882.40585275865,3320.75005962883,2073.97201838278,2151.58640025042,3332.73787048667,2755.15940537597,2007.21296362104,2626.92524712514,2663.67468218421,2216.58964761,2474.48851371171,3614.12356107215
3067.2478315907,3368.70484253065,3285.13087126743,2164.63688555805,2865.38428034867,3842.22785912894,1559.10994971535,2921.12384783937,3151.84403261121,2676.52341125163,2804.05978443987,2752.12627223274,3252.29902541179,2882.40585275865,3320.75005962883,2073.97201838278,2151.58640025042,3332.73787048667,2755.15940537597,2007.21296362104,2626.92524712514,2663.67468218421,2216.58964761,2474.48851371171,3614.12356107215
3067.2478315907,3368.70484253065,3285.13087126743,2164.63688555805,2865.38428034867,3842.22785912894,1559.10994971535,2921.12384783937,3151.84403261121,2676.52341125163,2804.05978443987,2752.12627223274,3252.29902541179,2882.40585275865,3320.75005962883,2073.97201838278,2151.58640025042,3332.73787048667,2755.15940537597,2007.21296362104,2626.92524712514,2663.67468218421,2216.58964761,2474.48851371171,3614.12356107215
3067.2478315907,3368.70484253065,3285.13087126743,2164.63688555805,2865.38428034867,3842.22785912894,1559.10994971535,2921.12384783937,3151.84403261121,2676.52341125163,2804.05978443987,2752.12627223274,3252.29902541179,2882.40585275865,3320.75005962883,2073.97201838278,2151.58640025042,3332.73787048667,2755.15940537597,2007.21296362104,2626.92524712514,2663.67468218421,2216.58964761,2474.48851371171,3614.12356107215
3067.2478315907,3368.70484253065,3285.13087126743,2164.63688555805,2865.38428034867,3842.22785912894,1559.10994971535,2921.12384783937,3151.84403261121,2676.52341125163,2804.05978443987,2752.12627223274,3252.29902541179,2882.40585275865,3320.75005962883,2073.97201838278,2151.58640025042,3332.73787048667,2755.15940537597,2007.21296362104,2626.92524712514,2663.67468218421,2216.58964761,2474.48851371171,3614.12356107215
3067.2478315907,3368.70484253065,3285.13087126743,2164.63688555805,2865.38428034867,3842.22785912894,1559.10994971535,2921.12384783937,3151.84403261121,2676.52341125163,2804.05978443987,2752.12627223274,3252.29902541179,2882.40585275865,3320.75005962883,2073.97201838278,2151.58640025042,3332.73787048667,2755.15940537597,2007.21296362104,2626.92524712514,2663.67468218421,2216.58964761,2474.48851371171,3614.12356107215
3067.2478315907,3368.70484253065,3285.13087126743,2164.63688555805,2865.38428034867,3842.22785912894,1559.10994971535,2921.12384783937,3151.84403261121,2676.52341125163,2804.05978443987,2752.12627223274,3252.29902541179,2882.40585275865,3320.75005962883,2073.97201838278,2151.58640025042,3332.73787048667,2755.15940537597,2007.21296362104,2626.92524712514,2663.67468218421,2216.58964761,2474.48851371171,3614.12356107215
3067.2478315907,3368.70484253065,3285.13087126743,2164.63688555805,2865.38428034867,3842.22785912894,1559.10994971535,2921.12384783937,3151.84403261121,2676.52341125163,2804.05978443987,2752.12627223274,3252.29902541179,2882.40585275865,3320.75005962883,2073.97201838278,2151.58640025042,3332.73787048667,2755.15940537597,2007.21296362104,2626.92524712514,2663.67468218421,2216.58964761,2474.48851371171,3614.12356107215
3067.2478315907,3368.70484253065,3285.13087126743,2164.63688555805,2865.38428034867,3842.22785912894,1559.10994971535,2921.12384783937,3151.84403261121,2676.52341125163,2804.05978443987,2752.12627223274,3252.29902541179,2882.40585275865,3320.75005962883,2073.97201838278,2151.58640025042,3332.73787048667,2755.15940537597,2007.21296362104,2626.92524712514,2663.67468218421,2216.58964761,2474.48851371171,3614.12356107215
3067.2478315907,3368.70484253065,3285.13087126743,2164.63688555805,2865.38428034867,3842.22785912894,1559.10994971535,2921.12384783937,3151.84403261121,2676.52341125163,2804.05978443987,2752.12627223274,3252.29902541179,2882.40585275865,3320.75005962883,2073.97201838278,2151.58640025042,3332.73787048667,2755.15940537597,2007.21296362104,2626.92524712514,2663.67468218421,2216.58964761,2474.48851371171,3614.12356107215
3067.2478315907,3368.70484253065,3285.13087126743,2164.63688555805,2865.38428034867,3842.22785912894,1559.10994971535,2921.12384783937,3151.84403261121,2676.52341125163,2804.05978443987,2752.12627223274,3252.29902541179,2882.40585275865,3320.75005962883,2073.97201838278,2151.58640025042,3332.73787048667,2755.15940537597,2007.21296362104,2626.92524712514,2663.67468218421,2216.58964761,2474.48851371171,3614.12356107215
3067.2478315907,3368.70484253065,3285.13087126743,2164.63688555805,2865.38428034867,3842.22785912894,1559.10994971535,2921.12384783937,3151.84403261121,2676.52341125163,2804.05978443987,2752.12627223274,3252.29902541179,2882.40585275865,3320.75005962883,2073.97201838278,2151.58640025042,3332.73787048667,2755.15940537597,2007.21296362104,2626.92524712514,2663.67468218421,2216.58964761,2474.48851371171,3614.12356107215
3067.2478315907,3368.70484253065,3285.13087126743,2164.63688555805,2865.38428034867,3842.22785912894,1559.10994971535,2921.12384783937,3151.84403261121,2676.52341125163,2804.05978443987,2752.12627223274,3252.29902541179,2882.40585275865,3320.75005962883,2073.97201838278,2151.58640025042,3332.73787048667,2755.15940537597,2007.21296362104,2626.92524712514,2663.67468218421,2216.58964761,2474.48851371171,3614.12356107215
3067.2478315907,3368.70484253065,3285.13087126743,2164.63688555805,2865.38428034867,3842.22785912894,1559.10994971535,2921.12384783937,3151.84403261121,2676.52341125163,2804.05978443987,2752.12627223274,3252.29902541179,2882.40585275865,3320.75005962883,2073.97201838278,2151.58640025042,3332.73787048667,2755.15940537597,2007.21296362104,2626.92524712514,2663.67468218421,2216.58964761,2474.48851371171,3614.12356107215
3067.2478315907,3368.70484253065,3285.13087126743,2164.63688555805,2865.38428034867,3842.22785912894,1559.10994971535,2921.12384783937,3151.84403261121,2676.52341125163,2804.05978443987,2752.12627223274,3252.29902541179,2882.40585275865,3320.75005962883,2073.97201838278,2151.58640025042,3332.73787048667,2755.15940537597,2007.21296362104,2626.92524712514,2663.67468218421,2216.58964761,2474.48851371171,3614.12356107215
3067.2478315907,3368.70484253065,3285.13087126743,2164.63688555805,2865.38428034867,3842.22785912894,1559.10994971535,2921.12384783937,3151.84403261121,2676.52341125163,2804.05978443987,2752.12627223274,3252.29902541179,2882.40585275865,3320.75005962883,2073.97201838278,2151.58640025042,3332.73787048667,2755.15940537597,2007.21296362104,2626.92524712514,2663.67468218421,2216.58964761,2474.48851371171,3614.12356107215
3067.2478315907,3368.70484253065,3285.13087126743,2164.63688555805,2865.38428034867,3842.22785912894,1559.10994971535,2921.12384783937,3151.84403261121,2676.52341125163,2804.05978443987,2752.12627223274,3252.29902541179,2882.40585275865,3320.75005962883,2073.97201838278,2151.58640025042,3332.73787048667,2755.15940537597,2007.21296362104,2626.92524712514,2663.67468218421,2216.58964761,2474.48851371171,3614.12356107215
3067.2478315907,3368.70484253065,3285.13087126743,2164.63688555805,2865.38428034867,3842.22785912894,1559.10994971535,2921.12384783937,3151.84403261121,2676.52341125163,2804.05978443987,2752.12627223274,3252.29902541179,2882.40585275865,3320.75005962883,2073.97201838278,2151.58640025042,3332.73787048667,2755.15940537597,2007.21296362104,2626.92524712514,2663.67468218421,2216.58964761,2474.48851371171,3614.12356107215
3067.2478315907,3368.70484253065,3285.13087126743,2164.63688555805,2865.38428034867,3842.22785912894,1559.10994971535,2921.12384783937,3151.84403261121,2676.52341125163,2804.05978443987,2752.12627223274,3252.29902541179,2882.40585275865,3320.75005962883,2073.97201838278,2151.58640025042,3332.73787048667,2755.15940537597,2007.21296362104,2626.92524712514,2663.67468218421,2216.58964761,2474.48851371171,3614.12356107215
3067.2478315907,3368.70484253065,3285.13087126743,2164.63688555805,2865.38428034867,3842.22785912894,1559.10994971535,2921.12384783937,3151.84403261121,2676.52341125163,2804.05978443987,2752.12627223274,3252.29902541179,2882.40585275865,3320.75005962883,2073.97201838278,2151.58640025042,3332.73787048667,2755.15940537597,2007.21296362104,2626.92524712514,2663.67468218421,2216.58964761,2474.48851371171,3614.12356107215
3067.2478315907,3368.70484253065,3285.13087126743,2164.63688555805,2865.38428034867,3842.22785912894,1559.10994971535,2921.12384783937,3151.84403261121,2676.52341125163,2804.05978443987,2752.12627223274,3252.29902541179,2882.40585275865,3320.75005962883,2073.97201838278,2151.58640025042,3332.73787048667,2755.15940537597,2007.21296362104,2626.92524712514,2663.67468218421,2216.58964761,2474.48851371171,3614.12356107215
3067.2478315907,3368.70484253065,3285.13087126743,2164.63688555805,2865.38428034867,3842.22785912894,1559.10994971535,2921.12384783937,3151.84403261121,2676.52341125163,2804.05978443987,2752.12627223274,3252.29902541179,2882.40585275865,3320.75005962883,2073.97201838278,2151.58640025042,3332.73787048667,2755.15940537597,2007.21296362104,2626.92524712514,2663.67468218421,2216.58964761,2474.48851371171,3614.12356107215
3067.2478315907,3368.70484253065,3285.13087126743,2164.63688555805,2865.38428034867,3842.22785912894,1559.10994971535,2921.12384783937,3151.84403261121,2676.52341125163,2804.05978443987,2752.12627223274,3252.29902541179,2882.40585275865,3320.75005962883,2073.97201838278,2151.58640025042,3332.73787048667,2755.15940537597,2007.21296362104,2626.92524712514,2663.67468218421,2216.58964761,2474.48851371171,3614.12356107215
3067.2478315907,3368.70484253065,3285.13087126743,2164.63688555805,2865.38428034867,3842.22785912894,1559.10994971535,2921.12384783937,3151.84403261121,2676.52341125163,2804.05978443987,2752.12627223274,3252.29902541179,2882.40585275865,3320.75005962883,2073.97201838278,2151.58640025042,3332.73787048667,2755.15940537597,2007.21296362104,2626.92524712514,2663.67468218421,2216.58964761,2474.48851371171,3614.12356107215
3067.2478315907,3368.70484253065,3285.13087126743,2164.63688555805,2865.38428034867,3842.22785912894,1559.10994971535,2921.12384783937,3151.84403261121,2676.52341125163,2804.05978443987,2752.12627223274,3252.29902541179,2882.40585275865,3320.75005962883,2073.97201838278,2151.58640025042,3332.73787048667,2755.15940537597,2007.21296362104,2626.92524712514,2663.67468218421,2216.58964761,2474.48851371171,3614.12356107215
3067.2478315907,3368.70484253065,3285.13087126743,2164.63688555805,2865.38428034867,3842.22785912894,1559.10994971535,2921.12384783937,3151.84403261121,2676.52341125163,2804.05978443987,2752.12627223274,3252.29902541179,2882.40585275865,3320.75005962883,2073.97201838278,2151.58640025042,3332.73787048667,2755.15940537597,2007.21296362104,2626.92524712514,2663.67468218421,2216.58964761,2474.48851371171,3614.12356107215
3067.2478315907,3368.70484253065,3285.13087126743,2164.63688555805,2865.38428034867,3842.22785912894,1559.10994971535,2921.12384783937,3151.84403261121,2676.52341125163,2804.05978443987,2752.12627223274,3252.29902541179,2882.40585275865,3320.75005962883,2073.97201838278,2151.58640025042,3332.73787048667,2755.15940537597,2007.21296362104,2626.92524712514,2663.67468218421,2216.58964761,2474.48851371171,3614.12356107215
3067.2478315907,3368.70484253065,3285.13087126743,2164.63688555805,2865.38428034867,3842.22785912894,1559.10994971535,2921.12384783937,3151.84403261121,2676.52341125163,2804.05978443987,2752.12627223274,3252.29902541179,2882.40585275865,3320.75005962883,2073.97201838278,2151.58640025042,3332.73787048667,2755.15940537597,2007.21296362104,2626.92524712514,2663.67468218421,2216.58964761,2474.48851371171,3614.12356107215
3067.2478315907,3368.70484253065,3285.13087126743,2164.63688555805,2865.38428034867,3842.22785912894,1559.10994971535,2921.12384783937,3151.84403261121,2676.52341125163,2804.05978443987,2752.12627223274,3252.29902541179,2882.40585275865,3320.75005962883,2073.97201838278,2151.58640025042,3332.73787048667,2755.15940537597,2007.21296362104,2626.92524712514,2663.67468218421,2216.58964761,2474.48851371171,3614.12356107215
3067.2478315907,3368.70484253065,3285.13087126743,2164.63688555805,2865.38428034867,3842.22785912894,1559.10994971535,2921.12384783937,3151.84403261121,2676.52341125163,2804.05978443987,2752.12627223274,3252.29902541179,2882.40585275865,3320.75005962883,2073.97201838278,2151.58640025042,3332.73787048667,2755.15940537597,2007.21296362104,2626.92524712514,2663.67468218421,2216.58964761,2474.48851371171,3614.12356107215
3067.2478315907,3368.70484253065,3285.13087126743,2164.63688555805,2865.38428034867,3842.22785912894,1559.10994971535,2921.12384783937,3151.84403261121,2676.52341125163,2804.05978443987,2752.12627223274,3252.29902541179,2882.40585275865,3320.75005962883,2073.97201838278,2151.58640025042,3332.73787048667,2755.15940537597,2007.21296362104,2626.92524712514,2663.67468218421,2216.58964761,2474.48851371171,3614.12356107215
3067.2478315907,3368.70484253065,3285.13087126743,2164.63688555805,2865.38428034867,3842.22785912894,1559.10994971535,2921.12384783937,3151.84403261121,2676.52341125163,2804.05978443987,2752.12627223274,3252.29902541179,2882.40585275865,3320.75005962883,2073.97201838278,2151.58640025042,3332.73787048667,2755.15940537597,2007.21296362104,2626.92524712514,2663.67468218421,2216.58964761,2474.48851371171,3614.12356107215
3067.2478315907,3368.70484253065,3285.13087126743,2164.63688555805,2865.38428034867,3842.22785912894,1559.10994971535,2921.12384783937,3151.84403261121,2676.52341125163,2804.05978443987,2752.12627223274,3252.29902541179,2882.40585275865,3320.75005962883,2073.97201838278,2151.58640025042,3332.73787048667,2755.15940537597,2007.21296362104,2626.92524712514,2663.67468218421,2216.58964761,2474.48851371171,3614.12356107215
3067.2478315907,3368.70484253065,3285.13087126743,2164.63688555805,2865.38428034867,3842.22785912894,1559.10994971535,2921.12384783937,3151.84403261121,2676.52341125163,2804.05978443987,2752.12627223274,3252.29902541179,2882.40585275865,3320.75005962883,2073.97201838278,2151.58640025042,3332.73787048667,2755.15940537597,2007.21296362104,2626.92524712514,2663.67468218421,2216.58964761,2474.48851371171,3614.12356107215
3067.2478315907,3368.70484253065,3285.13087126743,2164.63688555805,2865.38428034867,3842.22785912894,1559.10994971535,2921.12384783937,3151.84403261121,2676.52341125163,2804.05978443987,2752.12627223274,3252.29902541179,2882.40585275865,3320.75005962883,2073.97201838278,2151.58640025042,3332.73787048667,2755.15940537597,2007.21296362104,2626.92524712514,2663.67468218421,2216.58964761,2474.48851371171,3614.12356107215
3067.2478315907,3368.70484253065,3285.13087126743,2164.63688555805,2865.38428034867,3842.22785912894,1559.10994971535,2921.12384783937,3151.84403261121,2676.52341125163,2804.05978443987,2752.12627223274,3252.29902541179,2882.40585275865,3320.75005962883,2073.97201838278,2151.58640025042,3332.73787048667,2755.15940537597,2007.21296362104,2626.92524712514,2663.67468218421,2216.58964761,2474.48851371171,3614.12356107215
3067.2478315907,3368.70484253065,3285.13087126743,2164.63688555805,2865.38428034867,3842.22785912894,1559.10994971535,2921.12384783937,3151.84403261121,2676.52341125163,2804.05978443987,2752.12627223274,3252.29902541179,2882.40585275865,3320.75005962883,2073.97201838278,2151.58640025042,3332.73787048667,2755.15940537597,2007.21296362104,2626.92524712514,2663.67468218421,2216.58964761,2474.48851371171,3614.12356107215
3067.2478315907,3368.70484253065,3285.13087126743,2164.63688555805,2865.38428034867,3842.22785912894,1559.10994971535,2921.12384783937,3151.84403261121,2676.52341125163,2804.05978443987,2752.12627223274,3252.29902541179,2882.40585275865,3320.75005962883,2073.97201838278,2151.58640025042,3332.73787048667,2755.15940537597,2007.21296362104,2626.92524712514,2663.67468218421,2216.58964761,2474.48851371171,3614.12356107215
3067.2478315907,3368.70484253065,3285.13087126743,2164.63688555805,2865.38428034867,3842.22785912894,1559.10994971535,2921.12384783937,3151.84403261121,2676.52341125163,2804.05978443987,2752.12627223274,3252.29902541179,2882.40585275865,3320.75005962883,2073.97201838278,2151.58640025042,3332.73787048667,2755.15940537597,2007.21296362104,2626.92524712514,2663.67468218421,2216.58964761,2474.48851371171,3614.12356107215
3067.2478315907,3368.70484253065,3285.13087126743,2164.63688555805,2865.38428034867,3842.22785912894,1559.10994971535,2921.12384783937,3151.84403261121,2676.52341125163,2804.05978443987,2752.12627223274,3252.29902541179,2882.40585275865,3320.75005962883,2073.97201838278,2151.58640025042,3332.73787048667,2755.15940537597,2007.21296362104,2626.92524712514,2663.67468218421,2216.58964761,2474.48851371171,3614.12356107215
3067.2478315907,3368.70484253065,3285.13087126743,2164.63688555805,2865.38428034867,3842.22785912894,1559.10994971535,2921.12384783937,3151.84403261121,2676.52341125163,2804.05978443987,2752.12627223274,3252.29902541179,2882.40585275865,3320.75005962883,2073.97201838278,2151.58640025042,3332.73787048667,2755.15940537597,2007.21296362104,2626.92524712514,2663.67468218421,2216.58964761,2474.48851371171,3614.12356107215
3067.2478315907,3368.70484253065,3285.13087126743,2164.63688555805,2865.38428034867,3842.22785912894,1559.10994971535,2921.12384783937,3151.84403261121,2676.52341125163,2804.05978443987,2752.12627223274,3252.29902541179,2882.40585275865,3320.75005962883,2073.97201838278,2151.58640025042,3332.73787048667,2755.15940537597,2007.21296362104,2626.92524712514,2663.67468218421,2216.58964761,2474.48851371171,3614.12356107215
3067.2478315907,3368.70484253065,3285.13087126743,2164.63688555805,2865.38428034867,3842.22785912894,1559.10994971535,2921.12384783937,3151.84403261121,2676.52341125163,2804.05978443987,2752.12627223274,3252.29902541179,2882.40585275865,3320.75005962883,2073.97201838278,2151.58640025042,3332.73787048667,2755.15940537597,2007.21296362104,2626.92524712514,2663.67468218421,2216.58964761,2474.48851371171,3614.12356107215
3067.2478315907,3368.70484253065,3285.13087126743,2164.63688555805,2865.38428034867,3842.22785912894,1559.10994971535,2921.12384783937,3151.84403261121,2676.52341125163,2804.05978443987,2752.12627223274,3252.29902541179,2882.40585275865,3320.75005962883,2073.97201838278,2151.58640025042,3332.73787048667,2755.15940537597,2007.21296362104,2626.92524712514,2663.67468218421,2216.58964761,2474.48851371171,3614.12356107215
3067.2478315907,3368.70484253065,3285.13087126743,2164.63688555805,2865.38428034867,3842.22785912894,1559.10994971535,2921.12384783937,3151.84403261121,2676.52341125163,2804.05978443987,2752.12627223274,3252.29902541179,2882.40585275865,3320.75005962883,2073.97201838278,2151.58640025042,3332.73787048667,2755.15940537597,2007.21296362104,2626.92524712514,2663.67468218421,2216.58964761,2474.48851371171,3614.12356107215
3067.2478315907,3368.70484253065,3285.13087126743,2164.63688555805,2865.38428034867,3842.22785912894,1559.10994971535,2921.12384783937,3151.84403261121,2676.52341125163,2804.05978443987,2752.12627223274,3252.29902541179,2882.40585275865,3320.75005962883,2073.97201838278,2151.58640025042,3332.73787048667,2755.15940537597,2007.21296362104,2626.92524712514,2663.67468218421,2216.58964761,2474.48851371171,3614.12356107215
3067.2478315907,3368.70484253065,3285.13087126743,2164.63688555805,2865.38428034867,3842.22785912894,1559.10994971535,2921.12384783937,3151.84403261121,2676.52341125163,2804.05978443987,2752.12627223274,3252.29902541179,2882.40585275865,3320.75005962883,2073.97201838278,2151.58640025042,3332.73787048667,2755.15940537597,2007.21296362104,2626.92524712514,2663.67468218421,2216.58964761,2474.48851371171,3614.12356107215
3067.2478315907,3368.70484253065,3285.13087126743,2164.63688555805,2865.38428034867,3842.22785912894,1559.10994971535,2921.12384783937,3151.84403261121,2676.52341125163,2804.05978443987,2752.12627223274,3252.29902541179,2882.40585275865,3320.75005962883,2073.97201838278,2151.58640025042,3332.73787048667,2755.15940537597,2007.21296362104,2626.92524712514,2663.67468218421,2216.58964761,2474.48851371171,3614.12356107215
3067.2478315907,3368.70484253065,3285.13087126743,2164.63688555805,2865.38428034867,3842.22785912894,1559.10994971535,2921.12384783937,3151.84403261121,2676.52341125163,2804.05978443987,2752.12627223274,3252.29902541179,2882.40585275865,3320.75005962883,2073.97201838278,2151.58640025042,3332.73787048667,2755.15940537597,2007.21296362104,2626.92524712514,2663.67468218421,2216.58964761,2474.48851371171,3614.12356107215
3067.2478315907,3368.70484253065,3285.13087126743,2164.63688555805,2865.38428034867,3842.22785912894,1559.10994971535,2921.12384783937,3151.84403261121,2676.52341125163,2804.05978443987,2752.12627223274,3252.29902541179,2882.40585275865,3320.75005962883,2073.97201838278,2151.58640025042,3332.73787048667,2755.15940537597,2007.21296362104,2626.92524712514,2663.67468218421,2216.58964761,2474.48851371171,3614.12356107215
3067.2478315907,3368.70484253065,3285.13087126743,2164.63688555805,2865.38428034867,3842.22785912894,1559.10994971535,2921.12384783937,3151.84403261121,2676.52341125163,2804.05978443987,2752.12627223274,3252.29902541179,2882.40585275865,3320.75005962883,2073.97201838278,2151.58640025042,3332.73787048667,2755.15940537597,2007.21296362104,2626.92524712514,2663.67468218421,2216.58964761,2474.48851371171,3614.12356107215
3067.2478315907,3368.70484253065,3285.13087126743,2164.63688555805,2865.38428034867,3842.22785912894,1559.10994971535,2921.12384783937,3151.84403261121,2676.52341125163,2804.05978443987,2752.12627223274,3252.29902541179,2882.40585275865,3320.75005962883,2073.97201838278,2151.58640025042,3332.73787048667,2755.15940537597,2007.21296362104,2626.92524712514,2663.67468218421,2216.58964761,2474.48851371171,3614.12356107215
3067.2478315907,3368.70484253065,3285.13087126743,2164.63688555805,2865.38428034867,3842.22785912894,1559.10994971535,2921.12384783937,3151.84403261121,2676.52341125163,2804.05978443987,2752.12627223274,3252.29902541179,2882.40585275865,3320.75005962883,2073.97201838278,2151.58640025042,3332.73787048667,2755.15940537597,2007.21296362104,2626.92524712514,2663.67468218421,2216.58964761,2474.48851371171,3614.12356107215
3067.2478315907,3368.70484253065,3285.13087126743,2164.63688555805,2865.38428034867,3842.22785912894,1559.10994971535,2921.12384783937,3151.84403261121,2676.52341125163,2804.05978443987,2752.12627223274,3252.29902541179,2882.40585275865,3320.75005962883,2073.97201838278,2151.58640025042,3332.73787048667,2755.15940537597,2007.21296362104,2626.92524712514,2663.67468218421,2216.58964761,2474.48851371171,3614.12356107215
3067.2478315907,3368.70484253065,3285.13087126743,2164.63688555805,2865.38428034867,3842.22785912894,1559.10994971535,2921.12384783937,3151.84403261121,2676.52341125163,2804.05978443987,2752.12627223274,3252.29902541179,2882.40585275865,3320.75005962883,2073.97201838278,2151.58640025042,3332.73787048667,2755.15940537597,2007.21296362104,2626.92524712514,2663.67468218421,2216.58964761,2474.48851371171,3614.12356107215
3067.2478315907,3368.70484253065,3285.13087126743,2164.63688555805,2865.38428034867,3842.22785912894,1559.10994971535,2921.12384783937,3151.84403261121,2676.52341125163,2804.05978443987,2752.12627223274,3252.29902541179,2882.40585275865,3320.75005962883,2073.97201838278,2151.58640025042,3332.73787048667,2755.15940537597,2007.21296362104,2626.92524712514,2663.67468218421,2216.58964761,2474.48851371171,3614.12356107215
3067.2478315907,3368.70484253065,3285.13087126743,2164.63688555805,2865.38428034867,3842.22785912894,1559.10994971535,2921.12384783937,3151.84403261121,2676.52341125163,2804.05978443987,2752.12627223274,3252.29902541179,2882.40585275865,3320.75005962883,2073.97201838278,2151.58640025042,3332.73787048667,2755.15940537597,2007.21296362104,2626.92524712514,2663.67468218421,2216.58964761,2474.48851371171,3614.12356107215
3067.2478315907,3368.70484253065,3285.13087126743,2164.63688555805,2865.38428034867,3842.22785912894,1559.10994971535,2921.12384783937,3151.84403261121,2676.52341125163,2804.05978443987,2752.12627223274,3252.29902541179,2882.40585275865,3320.75005962883,2073.97201838278,2151.58640025042,3332.73787048667,2755.15940537597,2007.21296362104,2626.92524712514,2663.67468218421,2216.58964761,2474.48851371171,3614.12356107215
3067.2478315907,3368.70484253065,3285.13087126743,2164.63688555805,2865.38428034867,3842.22785912894,1559.10994971535,2921.12384783937,3151.84403261121,2676.52341125163,2804.05978443987,2752.12627223274,3252.29902541179,2882.40585275865,3320.75005962883,2073.97201838278,2151.58640025042,3332.73787048667,2755.15940537597,2007.21296362104,2626.92524712514,2663.67468218421,2216.58964761,2474.48851371171,3614.12356107215
3067.2478315907,3368.70484253065,3285.13087126743,2164.63688555805,2865.38428034867,3842.22785912894,1559.10994971535,2921.12384783937,3151.84403261121,2676.52341125163,2804.05978443987,2752.12627223274,3252.29902541179,2882.40585275865,3320.75005962883,2073.97201838278,2151.58640025042,3332.73787048667,2755.15940537597,2007.21296362104,2626.92524712514,2663.67468218421,2216.58964761,2474.48851371171,3614.12356107215
3067.2478315907,3368.70484253065,3285.13087126743,2164.63688555805,2865.38428034867,3842.22785912894,1559.10994971535,2921.12384783937,3151.84403261121,2676.52341125163,2804.05978443987,2752.12627223274,3252.29902541179,2882.40585275865,3320.75005962883,2073.97201838278,2151.58640025042,3332.73787048667,2755.15940537597,2007.21296362104,2626.92524712514,2663.67468218421,2216.58964761,2474.48851371171,3614.12356107215
3067.2478315907,3368.70484253065,3285.13087126743,2164.63688555805,2865.38428034867,3842.22785912894,1559.10994971535,2921.12384783937,3151.84403261121,2676.52341125163,2804.05978443987,2752.12627223274,3252.29902541179,2882.40585275865,3320.75005962883,2073.97201838278,2151.58640025042,3332.73787048667,2755.15940537597,2007.21296362104,2626.92524712514,2663.67468218421,2216.58964761,2474.48851371171,3614.12356107215
3067.2478315907,3368.70484253065,3285.13087126743,2164.63688555805,2865.38428034867,3842.22785912894,1559.10994971535,2921.12384783937,3151.84403261121,2676.52341125163,2804.05978443987,2752.12627223274,3252.29902541179,2882.40585275865,3320.75005962883,2073.97201838278,2151.58640025042,3332.73787048667,2755.15940537597,2007.21296362104,2626.92524712514,2663.67468218421,2216.58964761,2474.48851371171,3614.12356107215
3067.2478315907,3368.70484253065,3285.13087126743,2164.63688555805,2865.38428034867,3842.22785912894,1559.10994971535,2921.12384783937,3151.84403261121,2676.52341125163,2804.05978443987,2752.12627223274,3252.29902541179,2882.40585275865,3320.75005962883,2073.97201838278,2151.58640025042,3332.73787048667,2755.15940537597,2007.21296362104,2626.92524712514,2663.67468218421,2216.58964761,2474.48851371171,3614.12356107215
3067.2478315907,3368.70484253065,3285.13087126743,2164.63688555805,2865.38428034867,3842.22785912894,1559.10994971535,2921.12384783937,3151.84403261121,2676.52341125163,2804.05978443987,2752.12627223274,3252.29902541179,2882.40585275865,3320.75005962883,2073.97201838278,2151.58640025042,3332.73787048667,2755.15940537597,2007.21296362104,2626.92524712514,2663.67468218421,2216.58964761,2474.48851371171,3614.12356107215
3067.2478315907,3368.70484253065,3285.13087126743,2164.63688555805,2865.38428034867,3842.22785912894,1559.10994971535,2921.12384783937,3151.84403261121,2676.52341125163,2804.05978443987,2752.12627223274,3252.29902541179,2882.40585275865,3320.75005962883,2073.97201838278,2151.58640025042,3332.73787048667,2755.15940537597,2007.21296362104,2626.92524712514,2663.67468218421,2216.58964761,2474.48851371171,3614.12356107215
3067.2478315907,3368.70484253065,3285.13087126743,2164.63688555805,2865.38428034867,3842.22785912894,1559.10994971535,2921.12384783937,3151.84403261121,2676.52341125163,2804.05978443987,2752.12627223274,3252.29902541179,2882.40585275865,3320.75005962883,2073.97201838278,2151.58640025042,3332.73787048667,2755.15940537597,2007.21296362104,2626.92524712514,2663.67468218421,2216.58964761,2474.48851371171,3614.12356107215
3067.2478315907,3368.70484253065,3285.13087126743,2164.63688555805,2865.38428034867,3842.22785912894,1559.10994971535,2921.12384783937,3151.84403261121,2676.52341125163,2804.05978443987,2752.12627223274,3252.29902541179,2882.40585275865,3320.75005962883,2073.97201838278,2151.58640025042,3332.73787048667,2755.15940537597,2007.21296362104,2626.92524712514,2663.67468218421,2216.58964761,2474.48851371171,3614.12356107215
3067.2478315907,3368.70484253065,3285.13087126743,2164.63688555805,2865.38428034867,3842.22785912894,1559.10994971535,2921.12384783937,3151.84403261121,2676.52341125163,2804.05978443987,2752.12627223274,3252.29902541179,2882.40585275865,3320.75005962883,2073.97201838278,2151.58640025042,3332.73787048667,2755.15940537597,2007.21296362104,2626.92524712514,2663.67468218421,2216.58964761,2474.48851371171,3614.12356107215
3067.2478315907,3368.70484253065,3285.13087126743,2164.63688555805,2865.38428034867,3842.22785912894,1559.10994971535,2921.12384783937,3151.84403261121,2676.52341125163,2804.05978443987,2752.12627223274,3252.29902541179,2882.40585275865,3320.75005962883,2073.97201838278,2151.58640025042,3332.73787048667,2755.15940537597,2007.21296362104,2626.92524712514,2663.67468218421,2216.58964761,2474.48851371171,3614.12356107215
3067.2478315907,3368.70484253065,3285.13087126743,2164.63688555805,2865.38428034867,3842.22785912894,1559.10994971535,2921.12384783937,3151.84403261121,2676.52341125163,2804.05978443987,2752.12627223274,3252.29902541179,2882.40585275865,3320.75005962883,2073.97201838278,2151.58640025042,3332.73787048667,2755.15940537597,2007.21296362104,2626.92524712514,2663.67468218421,2216.58964761,2474.48851371171,3614.12356107215
3067.2478315907,3368.70484253065,3285.13087126743,2164.63688555805,2865.38428034867,3842.22785912894,1559.10994971535,2921.12384783937,3151.84403261121,2676.52341125163,2804.05978443987,2752.12627223274,3252.29902541179,2882.40585275865,3320.75005962883,2073.97201838278,2151.58640025042,3332.73787048667,2755.15940537597,2007.21296362104,2626.92524712514,2663.67468218421,2216.58964761,2474.48851371171,3614.12356107215
3067.2478315907,3368.70484253065,3285.13087126743,2164.63688555805,2865.38428034867,3842.22785912894,1559.10994971535,2921.12384783937,3151.84403261121,2676.52341125163,2804.05978443987,2752.12627223274,3252.29902541179,2882.40585275865,3320.75005962883,2073.97201838278,2151.58640025042,3332.73787048667,2755.15940537597,2007.21296362104,2626.92524712514,2663.67468218421,2216.58964761,2474.48851371171,3614.12356107215
3067.2478315907,3368.70484253065,3285.13087126743,2164.63688555805,2865.38428034867,3842.22785912894,1559.10994971535,2921.12384783937,3151.84403261121,2676.52341125163,2804.05978443987,2752.12627223274,3252.29902541179,2882.40585275865,3320.75005962883,2073.97201838278,2151.58640025042,3332.73787048667,2755.15940537597,2007.21296362104,2626.92524712514,2663.67468218421,2216.58964761,2474.48851371171,3614.12356107215
3067.2478315907,3368.70484253065,3285.13087126743,2164.63688555805,2865.38428034867,3842.22785912894,1559.10994971535,2921.12384783937,3151.84403261121,2676.52341125163,2804.05978443987,2752.12627223274,3252.29902541179,2882.40585275865,3320.75005962883,2073.97201838278,2151.58640025042,3332.73787048667,2755.15940537597,2007.21296362104,2626.92524712514,2663.67468218421,2216.58964761,2474.48851371171,3614.12356107215
3067.2478315907,3368.70484253065,3285.13087126743,2164.63688555805,2865.38428034867,3842.22785912894,1559.10994971535,2921.12384783937,3151.84403261121,2676.52341125163,2804.05978443987,2752.12627223274,3252.29902541179,2882.40585275865,3320.75005962883,2073.97201838278,2151.58640025042,3332.73787048667,2755.15940537597,2007.21296362104,2626.92524712514,2663.67468218421,2216.58964761,2474.48851371171,3614.12356107215
3067.2478315907,3368.70484253065,3285.13087126743,2164.63688555805,2865.38428034867,3842.22785912894,1559.10994971535,2921.12384783937,3151.84403261121,2676.52341125163,2804.05978443987,2752.12627223274,3252.29902541179,2882.40585275865,3320.75005962883,2073.97201838278,2151.58640025042,3332.73787048667,2755.15940537597,2007.21296362104,2626.92524712514,2663.67468218421,2216.58964761,2474.48851371171,3614.12356107215
3067.2478315907,3368.70484253065,3285.13087126743,2164.63688555805,2865.38428034867,3842.22785912894,1559.10994971535,2921.12384783937,3151.84403261121,2676.52341125163,2804.05978443987,2752.12627223274,3252.29902541179,2882.40585275865,3320.75005962883,2073.97201838278,2151.58640025042,3332.73787048667,2755.15940537597,2007.21296362104,2626.92524712514,2663.67468218421,2216.58964761,2474.48851371171,3614.12356107215
3067.2478315907,3368.70484253065,3285.13087126743,2164.63688555805,2865.38428034867,3842.22785912894,1559.10994971535,2921.12384783937,3151.84403261121,2676.52341125163,2804.05978443987,2752.12627223274,3252.29902541179,2882.40585275865,3320.75005962883,2073.97201838278,2151.58640025042,3332.73787048667,2755.15940537597,2007.21296362104,2626.92524712514,2663.67468218421,2216.58964761,2474.48851371171,3614.12356107215
3067.2478315907,3368.70484253065,3285.13087126743,2164.63688555805,2865.38428034867,3842.22785912894,1559.10994971535,2921.12384783937,3151.84403261121,2676.52341125163,2804.05978443987,2752.12627223274,3252.29902541179,2882.40585275865,3320.75005962883,2073.97201838278,2151.58640025042,3332.73787048667,2755.15940537597,2007.21296362104,2626.92524712514,2663.67468218421,2216.58964761,2474.48851371171,3614.12356107215
3067.2478315907,3368.70484253065,3285.13087126743,2164.63688555805,2865.38428034867,3842.22785912894,1559.10994971535,2921.12384783937,3151.84403261121,2676.52341125163,2804.05978443987,2752.12627223274,3252.29902541179,2882.40585275865,3320.75005962883,2073.97201838278,2151.58640025042,3332.73787048667,2755.15940537597,2007.21296362104,2626.92524712514,2663.67468218421,2216.58964761,2474.48851371171,3614.12356107215
3067.2478315907,3368.70484253065,3285.13087126743,2164.63688555805,2865.38428034867,3842.22785912894,1559.10994971535,2921.12384783937,3151.84403261121,2676.52341125163,2804.05978443987,2752.12627223274,3252.29902541179,2882.40585275865,3320.75005962883,2073.97201838278,2151.58640025042,3332.73787048667,2755.15940537597,2007.21296362104,2626.92524712514,2663.67468218421,2216.58964761,2474.48851371171,3614.12356107215
3067.2478315907,3368.70484253065,3285.13087126743,2164.63688555805,2865.38428034867,3842.22785912894,1559.10994971535,2921.12384783937,3151.84403261121,2676.52341125163,2804.05978443987,2752.12627223274,3252.29902541179,2882.40585275865,3320.75005962883,2073.97201838278,2151.58640025042,3332.73787048667,2755.15940537597,2007.21296362104,2626.92524712514,2663.67468218421,2216.58964761,2474.48851371171,3614.12356107215
3067.2478315907,3368.70484253065,3285.13087126743,2164.63688555805,2865.38428034867,3842.22785912894,1559.10994971535,2921.12384783937,3151.84403261121,2676.52341125163,2804.05978443987,2752.12627223274,3252.29902541179,2882.40585275865,3320.75005962883,2073.97201838278,2151.58640025042,3332.73787048667,2755.15940537597,2007.21296362104,2626.92524712514,2663.67468218421,2216.58964761,2474.48851371171,3614.12356107215
3067.2478315907,3368.70484253065,3285.13087126743,2164.63688555805,2865.38428034867,3842.22785912894,1559.10994971535,2921.12384783937,3151.84403261121,2676.52341125163,2804.05978443987,2752.12627223274,3252.29902541179,2882.40585275865,3320.75005962883,2073.97201838278,2151.58640025042,3332.73787048667,2755.15940537597,2007.21296362104,2626.92524712514,2663.67468218421,2216.58964761,2474.48851371171,3614.12356107215
3067.2478315907,3368.70484253065,3285.13087126743,2164.63688555805,2865.38428034867,3842.22785912894,1559.10994971535,2921.12384783937,3151.84403261121,2676.52341125163,2804.05978443987,2752.12627223274,3252.29902541179,2882.40585275865,3320.75005962883,2073.97201838278,2151.58640025042,3332.73787048667,2755.15940537597,2007.21296362104,2626.92524712514,2663.67468218421,2216.58964761,2474.48851371171,3614.12356107215
3067.2478315907,3368.70484253065,3285.13087126743,2164.63688555805,2865.38428034867,3842.22785912894,1559.10994971535,2921.12384783937,3151.84403261121,2676.52341125163,2804.05978443987,2752.12627223274,3252.29902541179,2882.40585275865,3320.75005962883,2073.97201838278,2151.58640025042,3332.73787048667,2755.15940537597,2007.21296362104,2626.92524712514,2663.67468218421,2216.58964761,2474.48851371171,3614.12356107215
3067.2478315907,3368.70484253065,3285.13087126743,2164.63688555805,2865.38428034867,3842.22785912894,1559.10994971535,2921.12384783937,3151.84403261121,2676.52341125163,2804.05978443987,2752.12627223274,3252.29902541179,2882.40585275865,3320.75005962883,2073.97201838278,2151.58640025042,3332.73787048667,2755.15940537597,2007.21296362104,2626.92524712514,2663.67468218421,2216.58964761,2474.48851371171,3614.12356107215
3067.2478315907,3368.70484253065,3285.13087126743,2164.63688555805,2865.38428034867,3842.22785912894,1559.10994971535,2921.12384783937,3151.84403261121,2676.52341125163,2804.05978443987,2752.12627223274,3252.29902541179,2882.40585275865,3320.75005962883,2073.97201838278,2151.58640025042,3332.73787048667,2755.15940537597,2007.21296362104,2626.92524712514,2663.67468218421,2216.58964761,2474.48851371171,3614.12356107215
3067.2478315907,3368.70484253065,3285.13087126743,2164.63688555805,2865.38428034867,3842.22785912894,1559.10994971535,2921.12384783937,3151.84403261121,2676.52341125163,2804.05978443987,2752.12627223274,3252.29902541179,2882.40585275865,3320.75005962883,2073.97201838278,2151.58640025042,3332.73787048667,2755.15940537597,2007.21296362104,2626.92524712514,2663.67468218421,2216.58964761,2474.48851371171,3614.12356107215
3067.2478315907,3368.70484253065,3285.13087126743,2164.63688555805,2865.38428034867,3842.22785912894,1559.10994971535,2921.12384783937,3151.84403261121,2676.52341125163,2804.05978443987,2752.12627223274,3252.29902541179,2882.40585275865,3320.75005962883,2073.97201838278,2151.58640025042,3332.73787048667,2755.15940537597,2007.21296362104,2626.92524712514,2663.67468218421,2216.58964761,2474.48851371171,3614.12356107215
3067.2478315907,3368.70484253065,3285.13087126743,2164.63688555805,2865.38428034867,3842.22785912894,1559.10994971535,2921.12384783937,3151.84403261121,2676.52341125163,2804.05978443987,2752.12627223274,3252.29902541179,2882.40585275865,3320.75005962883,2073.97201838278,2151.58640025042,3332.73787048667,2755.15940537597,2007.21296362104,2626.92524712514,2663.67468218421,2216.58964761,2474.48851371171,3614.12356107215
3067.2478315907,3368.70484253065,3285.13087126743,2164.63688555805,2865.38428034867,3842.22785912894,1559.10994971535,2921.12384783937,3151.84403261121,2676.52341125163,2804.05978443987,2752.12627223274,3252.29902541179,2882.40585275865,3320.75005962883,2073.97201838278,2151.58640025042,3332.73787048667,2755.15940537597,2007.21296362104,2626.92524712514,2663.67468218421,2216.58964761,2474.48851371171,3614.12356107215
3067.2478315907,3368.70484253065,3285.13087126743,2164.63688555805,2865.38428034867,3842.22785912894,1559.10994971535,2921.12384783937,3151.84403261121,2676.52341125163,2804.05978443987,2752.12627223274,3252.29902541179,2882.40585275865,3320.75005962883,2073.97201838278,2151.58640025042,3332.73787048667,2755.15940537597,2007.21296362104,2626.92524712514,2663.67468218421,2216.58964761,2474.48851371171,3614.12356107215
3067.2478315907,3368.70484253065,3285.13087126743,2164.63688555805,2865.38428034867,3842.22785912894,1559.10994971535,2921.12384783937,3151.84403261121,2676.52341125163,2804.05978443987,2752.12627223274,3252.29902541179,2882.40585275865,3320.75005962883,2073.97201838278,2151.58640025042,3332.73787048667,2755.15940537597,2007.21296362104,2626.92524712514,2663.67468218421,2216.58964761,2474.48851371171,3614.12356107215
3067.2478315907,3368.70484253065,3285.13087126743,2164.63688555805,2865.38428034867,3842.22785912894,1559.10994971535,2921.12384783937,3151.84403261121,2676.52341125163,2804.05978443987,2752.12627223274,3252.29902541179,2882.40585275865,3320.75005962883,2073.97201838278,2151.58640025042,3332.73787048667,2755.15940537597,2007.21296362104,2626.92524712514,2663.67468218421,2216.58964761,2474.48851371171,3614.12356107215
3067.2478315907,3368.70484253065,3285.13087126743,2164.63688555805,2865.38428034867,3842.22785912894,1559.10994971535,2921.12384783937,3151.84403261121,2676.52341125163,2804.05978443987,2752.12627223274,3252.29902541179,2882.40585275865,3320.75005962883,2073.97201838278,2151.58640025042,3332.73787048667,2755.15940537597,2007.21296362104,2626.92524712514,2663.67468218421,2216.58964761,2474.48851371171,3614.12356107215
3067.2478315907,3368.70484253065,3285.13087126743,2164.63688555805,2865.38428034867,3842.22785912894,1559.10994971535,2921.12384783937,3151.84403261121,2676.52341125163,2804.05978443987,2752.12627223274,3252.29902541179,2882.40585275865,3320.75005962883,2073.97201838278,2151.58640025042,3332.73787048667,2755.15940537597,2007.21296362104,2626.92524712514,2663.67468218421,2216.58964761,2474.48851371171,3614.12356107215
3067.2478315907,3368.70484253065,3285.13087126743,2164.63688555805,2865.38428034867,3842.22785912894,1559.10994971535,2921.12384783937,3151.84403261121,2676.52341125163,2804.05978443987,2752.12627223274,3252.29902541179,2882.40585275865,3320.75005962883,2073.97201838278,2151.58640025042,3332.73787048667,2755.15940537597,2007.21296362104,2626.92524712514,2663.67468218421,2216.58964761,2474.48851371171,3614.12356107215
3067.2478315907,3368.70484253065,3285.13087126743,2164.63688555805,2865.38428034867,3842.22785912894,1559.10994971535,2921.12384783937,3151.84403261121,2676.52341125163,2804.05978443987,2752.12627223274,3252.29902541179,2882.40585275865,3320.75005962883,2073.97201838278,2151.58640025042,3332.73787048667,2755.15940537597,2007.21296362104,2626.92524712514,2663.67468218421,2216.58964761,2474.48851371171,3614.12356107215
3067.2478315907,3368.70484253065,3285.13087126743,2164.63688555805,2865.38428034867,3842.22785912894,1559.10994971535,2921.12384783937,3151.84403261121,2676.52341125163,2804.05978443987,2752.12627223274,3252.29902541179,2882.40585275865,3320.75005962883,2073.97201838278,2151.58640025042,3332.73787048667,2755.15940537597,2007.21296362104,2626.92524712514,2663.67468218421,2216.58964761,2474.48851371171,3614.12356107215
3067.2478315907,3368.70484253065,3285.13087126743,2164.63688555805,2865.38428034867,3842.22785912894,1559.10994971535,2921.12384783937,3151.84403261121,2676.52341125163,2804.05978443987,2752.12627223274,3252.29902541179,2882.40585275865,3320.75005962883,2073.97201838278,2151.58640025042,3332.73787048667,2755.15940537597,2007.21296362104,2626.92524712514,2663.67468218421,2216.58964761,2474.48851371171,3614.12356107215
3067.2478315907,3368.70484253065,3285.13087126743,2164.63688555805,2865.38428034867,3842.22785912894,1559.10994971535,2921.12384783937,3151.84403261121,2676.52341125163,2804.05978443987,2752.12627223274,3252.29902541179,2882.40585275865,3320.75005962883,2073.97201838278,2151.58640025042,3332.73787048667,2755.15940537597,2007.21296362104,2626.92524712514,2663.67468218421,2216.58964761,2474.48851371171,3614.12356107215
3067.2478315907,3368.70484253065,3285.13087126743,2164.63688555805,2865.38428034867,3842.22785912894,1559.10994971535,2921.12384783937,3151.84403261121,2676.52341125163,2804.05978443987,2752.12627223274,3252.29902541179,2882.40585275865,3320.75005962883,2073.97201838278,2151.58640025042,3332.73787048667,2755.15940537597,2007.21296362104,2626.92524712514,2663.67468218421,2216.58964761,2474.48851371171,3614.12356107215
3067.2478315907,3368.70484253065,3285.13087126743,2164.63688555805,2865.38428034867,3842.22785912894,1559.10994971535,2921.12384783937,3151.84403261121,2676.52341125163,2804.05978443987,2752.12627223274,3252.29902541179,2882.40585275865,3320.75005962883,2073.97201838278,2151.58640025042,3332.73787048667,2755.15940537597,2007.21296362104,2626.92524712514,2663.67468218421,2216.58964761,2474.48851371171,3614.12356107215
3067.2478315907,3368.70484253065,3285.13087126743,2164.63688555805,2865.38428034867,3842.22785912894,1559.10994971535,2921.12384783937,3151.84403261121,2676.52341125163,2804.05978443987,2752.12627223274,3252.29902541179,2882.40585275865,3320.75005962883,2073.97201838278,2151.58640025042,3332.73787048667,2755.15940537597,2007.21296362104,2626.92524712514,2663.67468218421,2216.58964761,2474.48851371171,3614.12356107215
3067.2478315907,3368.70484253065,3285.13087126743,2164.63688555805,2865.38428034867,3842.22785912894,1559.10994971535,2921.12384783937,3151.84403261121,2676.52341125163,2804.05978443987,2752.12627223274,3252.29902541179,2882.40585275865,3320.75005962883,2073.97201838278,2151.58640025042,3332.73787048667,2755.15940537597,2007.21296362104,2626.92524712514,2663.67468218421,2216.58964761,2474.48851371171,3614.12356107215
3067.2478315907,3368.70484253065,3285.13087126743,2164.63688555805,2865.38428034867,3842.22785912894,1559.10994971535,2921.12384783937,3151.84403261121,2676.52341125163,2804.05978443987,2752.12627223274,3252.29902541179,2882.40585275865,3320.75005962883,2073.97201838278,2151.58640025042,3332.73787048667,2755.15940537597,2007.21296362104,2626.92524712514,2663.67468218421,2216.58964761,2474.48851371171,3614.12356107215
3067.2478315907,3368.70484253065,3285.13087126743,2164.63688555805,2865.38428034867,3842.22785912894,1559.10994971535,2921.12384783937,3151.84403261121,2676.52341125163,2804.05978443987,2752.12627223274,3252.29902541179,2882.40585275865,3320.75005962883,2073.97201838278,2151.58640025042,3332.73787048667,2755.15940537597,2007.21296362104,2626.92524712514,2663.67468218421,2216.58964761,2474.48851371171,3614.12356107215
3067.2478315907,3368.70484253065,3285.13087126743,2164.63688555805,2865.38428034867,3842.22785912894,1559.10994971535,2921.12384783937,3151.84403261121,2676.52341125163,2804.05978443987,2752.12627223274,3252.29902541179,2882.40585275865,3320.75005962883,2073.97201838278,2151.58640025042,3332.73787048667,2755.15940537597,2007.21296362104,2626.92524712514,2663.67468218421,2216.58964761,2474.48851371171,3614.12356107215
3067.2478315907,3368.70484253065,3285.13087126743,2164.63688555805,2865.38428034867,3842.22785912894,1559.10994971535,2921.12384783937,3151.84403261121,2676.52341125163,2804.05978443987,2752.12627223274,3252.29902541179,2882.40585275865,3320.75005962883,2073.97201838278,2151.58640025042,3332.73787048667,2755.15940537597,2007.21296362104,2626.92524712514,2663.67468218421,2216.58964761,2474.48851371171,3614.12356107215
3067.2478315907,3368.70484253065,3285.13087126743,2164.63688555805,2865.38428034867,3842.22785912894,1559.10994971535,2921.12384783937,3151.84403261121,2676.52341125163,2804.05978443987,2752.12627223274,3252.29902541179,2882.40585275865,3320.75005962883,2073.97201838278,2151.58640025042,3332.73787048667,2755.15940537597,2007.21296362104,2626.92524712514,2663.67468218421,2216.58964761,2474.48851371171,3614.12356107215
3067.2478315907,3368.70484253065,3285.13087126743,2164.63688555805,2865.38428034867,3842.22785912894,1559.10994971535,2921.12384783937,3151.84403261121,2676.52341125163,2804.05978443987,2752.12627223274,3252.29902541179,2882.40585275865,3320.75005962883,2073.97201838278,2151.58640025042,3332.73787048667,2755.15940537597,2007.21296362104,2626.92524712514,2663.67468218421,2216.58964761,2474.48851371171,3614.12356107215
3067.2478315907,3368.70484253065,3285.13087126743,2164.63688555805,2865.38428034867,3842.22785912894,1559.10994971535,2921.12384783937,3151.84403261121,2676.52341125163,2804.05978443987,2752.12627223274,3252.29902541179,2882.40585275865,3320.75005962883,2073.97201838278,2151.58640025042,3332.73787048667,2755.15940537597,2007.21296362104,2626.92524712514,2663.67468218421,2216.58964761,2474.48851371171,3614.12356107215
3067.2478315907,3368.70484253065,3285.13087126743,2164.63688555805,2865.38428034867,3842.22785912894,1559.10994971535,2921.12384783937,3151.84403261121,2676.52341125163,2804.05978443987,2752.12627223274,3252.29902541179,2882.40585275865,3320.75005962883,2073.97201838278,2151.58640025042,3332.73787048667,2755.15940537597,2007.21296362104,2626.92524712514,2663.67468218421,2216.58964761,2474.48851371171,3614.12356107215
3067.2478315907,3368.70484253065,3285.13087126743,2164.63688555805,2865.38428034867,3842.22785912894,1559.10994971535,2921.12384783937,3151.84403261121,2676.52341125163,2804.05978443987,2752.12627223274,3252.29902541179,2882.40585275865,3320.75005962883,2073.97201838278,2151.58640025042,3332.73787048667,2755.15940537597,2007.21296362104,2626.92524712514,2663.67468218421,2216.58964761,2474.48851371171,3614.12356107215
3067.2478315907,3368.70484253065,3285.13087126743,2164.63688555805,2865.38428034867,3842.22785912894,1559.10994971535,2921.12384783937,3151.84403261121,2676.52341125163,2804.05978443987,2752.12627223274,3252.29902541179,2882.40585275865,3320.75005962883,2073.97201838278,2151.58640025042,3332.73787048667,2755.15940537597,2007.21296362104,2626.92524712514,2663.67468218421,2216.58964761,2474.48851371171,3614.12356107215
3067.2478315907,3368.70484253065,3285.13087126743,2164.63688555805,2865.38428034867,3842.22785912894,1559.10994971535,2921.12384783937,3151.84403261121,2676.52341125163,2804.05978443987,2752.12627223274,3252.29902541179,2882.40585275865,3320.75005962883,2073.97201838278,2151.58640025042,3332.73787048667,2755.15940537597,2007.21296362104,2626.92524712514,2663.67468218421,2216.58964761,2474.48851371171,3614.12356107215
3067.2478315907,3368.70484253065,3285.13087126743,2164.63688555805,2865.38428034867,3842.22785912894,1559.10994971535,2921.12384783937,3151.84403261121,2676.52341125163,2804.05978443987,2752.12627223274,3252.29902541179,2882.40585275865,3320.75005962883,2073.97201838278,2151.58640025042,3332.73787048667,2755.15940537597,2007.21296362104,2626.92524712514,2663.67468218421,2216.58964761,2474.48851371171,3614.12356107215
3067.2478315907,3368.70484253065,3285.13087126743,2164.63688555805,2865.38428034867,3842.22785912894,1559.10994971535,2921.12384783937,3151.84403261121,2676.52341125163,2804.05978443987,2752.12627223274,3252.29902541179,2882.40585275865,3320.75005962883,2073.97201838278,2151.58640025042,3332.73787048667,2755.15940537597,2007.21296362104,2626.92524712514,2663.67468218421,2216.58964761,2474.48851371171,3614.12356107215
3067.2478315907,3368.70484253065,3285.13087126743,2164.63688555805,2865.38428034867,3842.22785912894,1559.10994971535,2921.12384783937,3151.84403261121,2676.52341125163,2804.05978443987,2752.12627223274,3252.29902541179,2882.40585275865,3320.75005962883,2073.97201838278,2151.58640025042,3332.73787048667,2755.15940537597,2007.21296362104,2626.92524712514,2663.67468218421,2216.58964761,2474.48851371171,3614.12356107215
3067.2478315907,3368.70484253065,3285.13087126743,2164.63688555805,2865.38428034867,3842.22785912894,1559.10994971535,2921.12384783937,3151.84403261121,2676.52341125163,2804.05978443987,2752.12627223274,3252.29902541179,2882.40585275865,3320.75005962883,2073.97201838278,2151.58640025042,3332.73787048667,2755.15940537597,2007.21296362104,2626.92524712514,2663.67468218421,2216.58964761,2474.48851371171,3614.12356107215
3067.2478315907,3368.70484253065,3285.13087126743,2164.63688555805,2865.38428034867,3842.22785912894,1559.10994971535,2921.12384783937,3151.84403261121,2676.52341125163,2804.05978443987,2752.12627223274,3252.29902541179,2882.40585275865,3320.75005962883,2073.97201838278,2151.58640025042,3332.73787048667,2755.15940537597,2007.21296362104,2626.92524712514,2663.67468218421,2216.58964761,2474.48851371171,3614.12356107215
3067.2478315907,3368.70484253065,3285.13087126743,2164.63688555805,2865.38428034867,3842.22785912894,1559.10994971535,2921.12384783937,3151.84403261121,2676.52341125163,2804.05978443987,2752.12627223274,3252.29902541179,2882.40585275865,3320.75005962883,2073.97201838278,2151.58640025042,3332.73787048667,2755.15940537597,2007.21296362104,2626.92524712514,2663.67468218421,2216.58964761,2474.48851371171,3614.12356107215
3067.2478315907,3368.70484253065,3285.13087126743,2164.63688555805,2865.38428034867,3842.22785912894,1559.10994971535,2921.12384783937,3151.84403261121,2676.52341125163,2804.05978443987,2752.12627223274,3252.29902541179,2882.40585275865,3320.75005962883,2073.97201838278,2151.58640025042,3332.73787048667,2755.15940537597,2007.21296362104,2626.92524712514,2663.67468218421,2216.58964761,2474.48851371171,3614.12356107215
3067.2478315907,3368.70484253065,3285.13087126743,2164.63688555805,2865.38428034867,3842.22785912894,1559.10994971535,2921.12384783937,3151.84403261121,2676.52341125163,2804.05978443987,2752.12627223274,3252.29902541179,2882.40585275865,3320.75005962883,2073.97201838278,2151.58640025042,3332.73787048667,2755.15940537597,2007.21296362104,2626.92524712514,2663.67468218421,2216.58964761,2474.48851371171,3614.12356107215
3067.2478315907,3368.70484253065,3285.13087126743,2164.63688555805,2865.38428034867,3842.22785912894,1559.10994971535,2921.12384783937,3151.84403261121,2676.52341125163,2804.05978443987,2752.12627223274,3252.29902541179,2882.40585275865,3320.75005962883,2073.97201838278,2151.58640025042,3332.73787048667,2755.15940537597,2007.21296362104,2626.92524712514,2663.67468218421,2216.58964761,2474.48851371171,3614.12356107215
3067.2478315907,3368.70484253065,3285.13087126743,2164.63688555805,2865.38428034867,3842.22785912894,1559.10994971535,2921.12384783937,3151.84403261121,2676.52341125163,2804.05978443987,2752.12627223274,3252.29902541179,2882.40585275865,3320.75005962883,2073.97201838278,2151.58640025042,3332.73787048667,2755.15940537597,2007.21296362104,2626.92524712514,2663.67468218421,2216.58964761,2474.48851371171,3614.12356107215
3067.2478315907,3368.70484253065,3285.13087126743,2164.63688555805,2865.38428034867,3842.22785912894,1559.10994971535,2921.12384783937,3151.84403261121,2676.52341125163,2804.05978443987,2752.12627223274,3252.29902541179,2882.40585275865,3320.75005962883,2073.97201838278,2151.58640025042,3332.73787048667,2755.15940537597,2007.21296362104,2626.92524712514,2663.67468218421,2216.58964761,2474.48851371171,3614.12356107215
3067.2478315907,3368.70484253065,3285.13087126743,2164.63688555805,2865.38428034867,3842.22785912894,1559.10994971535,2921.12384783937,3151.84403261121,2676.52341125163,2804.05978443987,2752.12627223274,3252.29902541179,2882.40585275865,3320.75005962883,2073.97201838278,2151.58640025042,3332.73787048667,2755.15940537597,2007.21296362104,2626.92524712514,2663.67468218421,2216.58964761,2474.48851371171,3614.12356107215
3067.2478315907,3368.70484253065,3285.13087126743,2164.63688555805,2865.38428034867,3842.22785912894,1559.10994971535,2921.12384783937,3151.84403261121,2676.52341125163,2804.05978443987,2752.12627223274,3252.29902541179,2882.40585275865,3320.75005962883,2073.97201838278,2151.58640025042,3332.73787048667,2755.15940537597,2007.21296362104,2626.92524712514,2663.67468218421,2216.58964761,2474.48851371171,3614.12356107215
3067.2478315907,3368.70484253065,3285.13087126743,2164.63688555805,2865.38428034867,3842.22785912894,1559.10994971535,2921.12384783937,3151.84403261121,2676.52341125163,2804.05978443987,2752.12627223274,3252.29902541179,2882.40585275865,3320.75005962883,2073.97201838278,2151.58640025042,3332.73787048667,2755.15940537597,2007.21296362104,2626.92524712514,2663.67468218421,2216.58964761,2474.48851371171,3614.12356107215
3067.2478315907,3368.70484253065,3285.13087126743,2164.63688555805,2865.38428034867,3842.22785912894,1559.10994971535,2921.12384783937,3151.84403261121,2676.52341125163,2804.05978443987,2752.12627223274,3252.29902541179,2882.40585275865,3320.75005962883,2073.97201838278,2151.58640025042,3332.73787048667,2755.15940537597,2007.21296362104,2626.92524712514,2663.67468218421,2216.58964761,2474.48851371171,3614.12356107215
3067.2478315907,3368.70484253065,3285.13087126743,2164.63688555805,2865.38428034867,3842.22785912894,1559.10994971535,2921.12384783937,3151.84403261121,2676.52341125163,2804.05978443987,2752.12627223274,3252.29902541179,2882.40585275865,3320.75005962883,2073.97201838278,2151.58640025042,3332.73787048667,2755.15940537597,2007.21296362104,2626.92524712514,2663.67468218421,2216.58964761,2474.48851371171,3614.12356107215
3067.2478315907,3368.70484253065,3285.13087126743,2164.63688555805,2865.38428034867,3842.22785912894,1559.10994971535,2921.12384783937,3151.84403261121,2676.52341125163,2804.05978443987,2752.12627223274,3252.29902541179,2882.40585275865,3320.75005962883,2073.97201838278,2151.58640025042,3332.73787048667,2755.15940537597,2007.21296362104,2626.92524712514,2663.67468218421,2216.58964761,2474.48851371171,3614.12356107215
3067.2478315907,3368.70484253065,3285.13087126743,2164.63688555805,2865.38428034867,3842.22785912894,1559.10994971535,2921.12384783937,3151.84403261121,2676.52341125163,2804.05978443987,2752.12627223274,3252.29902541179,2882.40585275865,3320.75005962883,2073.97201838278,2151.58640025042,3332.73787048667,2755.15940537597,2007.21296362104,2626.92524712514,2663.67468218421,2216.58964761,2474.48851371171,3614.12356107215
3067.2478315907,3368.70484253065,3285.13087126743,2164.63688555805,2865.38428034867,3842.22785912894,1559.10994971535,2921.12384783937,3151.84403261121,2676.52341125163,2804.05978443987,2752.12627223274,3252.29902541179,2882.40585275865,3320.75005962883,2073.97201838278,2151.58640025042,3332.73787048667,2755.15940537597,2007.21296362104,2626.92524712514,2663.67468218421,2216.58964761,2474.48851371171,3614.12356107215
3067.2478315907,3368.70484253065,3285.13087126743,2164.63688555805,2865.38428034867,3842.22785912894,1559.10994971535,2921.12384783937,3151.84403261121,2676.52341125163,2804.05978443987,2752.12627223274,3252.29902541179,2882.40585275865,3320.75005962883,2073.97201838278,2151.58640025042,3332.73787048667,2755.15940537597,2007.21296362104,2626.92524712514,2663.67468218421,2216.58964761,2474.48851371171,3614.12356107215
3067.2478315907,3368.70484253065,3285.13087126743,2164.63688555805,2865.38428034867,3842.22785912894,1559.10994971535,2921.12384783937,3151.84403261121,2676.52341125163,2804.05978443987,2752.12627223274,3252.29902541179,2882.40585275865,3320.75005962883,2073.97201838278,2151.58640025042,3332.73787048667,2755.15940537597,2007.21296362104,2626.92524712514,2663.67468218421,2216.58964761,2474.48851371171,3614.12356107215
3067.2478315907,3368.70484253065,3285.13087126743,2164.63688555805,2865.38428034867,3842.22785912894,1559.10994971535,2921.12384783937,3151.84403261121,2676.52341125163,2804.05978443987,2752.12627223274,3252.29902541179,2882.40585275865,3320.75005962883,2073.97201838278,2151.58640025042,3332.73787048667,2755.15940537597,2007.21296362104,2626.92524712514,2663.67468218421,2216.58964761,2474.48851371171,3614.12356107215
3067.2478315907,3368.70484253065,3285.13087126743,2164.63688555805,2865.38428034867,3842.22785912894,1559.10994971535,2921.12384783937,3151.84403261121,2676.52341125163,2804.05978443987,2752.12627223274,3252.29902541179,2882.40585275865,3320.75005962883,2073.97201838278,2151.58640025042,3332.73787048667,2755.15940537597,2007.21296362104,2626.92524712514,2663.67468218421,2216.58964761,2474.48851371171,3614.12356107215
3067.2478315907,3368.70484253065,3285.13087126743,2164.63688555805,2865.38428034867,3842.22785912894,1559.10994971535,2921.12384783937,3151.84403261121,2676.52341125163,2804.05978443987,2752.12627223274,3252.29902541179,2882.40585275865,3320.75005962883,2073.97201838278,2151.58640025042,3332.73787048667,2755.15940537597,2007.21296362104,2626.92524712514,2663.67468218421,2216.58964761,2474.48851371171,3614.12356107215
3067.2478315907,3368.70484253065,3285.13087126743,2164.63688555805,2865.38428034867,3842.22785912894,1559.10994971535,2921.12384783937,3151.84403261121,2676.52341125163,2804.05978443987,2752.12627223274,3252.29902541179,2882.40585275865,3320.75005962883,2073.97201838278,2151.58640025042,3332.73787048667,2755.15940537597,2007.21296362104,2626.92524712514,2663.67468218421,2216.58964761,2474.48851371171,3614.12356107215
3067.2478315907,3368.70484253065,3285.13087126743,2164.63688555805,2865.38428034867,3842.22785912894,1559.10994971535,2921.12384783937,3151.84403261121,2676.52341125163,2804.05978443987,2752.12627223274,3252.29902541179,2882.40585275865,3320.75005962883,2073.97201838278,2151.58640025042,3332.73787048667,2755.15940537597,2007.21296362104,2626.92524712514,2663.67468218421,2216.58964761,2474.48851371171,3614.12356107215
3067.2478315907,3368.70484253065,3285.13087126743,2164.63688555805,2865.38428034867,3842.22785912894,1559.10994971535,2921.12384783937,3151.84403261121,2676.52341125163,2804.05978443987,2752.12627223274,3252.29902541179,2882.40585275865,3320.75005962883,2073.97201838278,2151.58640025042,3332.73787048667,2755.15940537597,2007.21296362104,2626.92524712514,2663.67468218421,2216.58964761,2474.48851371171,3614.12356107215
3067.2478315907,3368.70484253065,3285.13087126743,2164.63688555805,2865.38428034867,3842.22785912894,1559.10994971535,2921.12384783937,3151.84403261121,2676.52341125163,2804.05978443987,2752.12627223274,3252.29902541179,2882.40585275865,3320.75005962883,2073.97201838278,2151.58640025042,3332.73787048667,2755.15940537597,2007.21296362104,2626.92524712514,2663.67468218421,2216.58964761,2474.48851371171,3614.12356107215
3067.2478315907,3368.70484253065,3285.13087126743,2164.63688555805,2865.38428034867,3842.22785912894,1559.10994971535,2921.12384783937,3151.84403261121,2676.52341125163,2804.05978443987,2752.12627223274,3252.29902541179,2882.40585275865,3320.75005962883,2073.97201838278,2151.58640025042,3332.73787048667,2755.15940537597,2007.21296362104,2626.92524712514,2663.67468218421,2216.58964761,2474.48851371171,3614.12356107215
3067.2478315907,3368.70484253065,3285.13087126743,2164.63688555805,2865.38428034867,3842.22785912894,1559.10994971535,2921.12384783937,3151.84403261121,2676.52341125163,2804.05978443987,2752.12627223274,3252.29902541179,2882.40585275865,3320.75005962883,2073.97201838278,2151.58640025042,3332.73787048667,2755.15940537597,2007.21296362104,2626.92524712514,2663.67468218421,2216.58964761,2474.48851371171,3614.12356107215
3067.2478315907,3368.70484253065,3285.13087126743,2164.63688555805,2865.38428034867,3842.22785912894,1559.10994971535,2921.12384783937,3151.84403261121,2676.52341125163,2804.05978443987,2752.12627223274,3252.29902541179,2882.40585275865,3320.75005962883,2073.97201838278,2151.58640025042,3332.73787048667,2755.15940537597,2007.21296362104,2626.92524712514,2663.67468218421,2216.58964761,2474.48851371171,3614.12356107215
3067.2478315907,3368.70484253065,3285.13087126743,2164.63688555805,2865.38428034867,3842.22785912894,1559.10994971535,2921.12384783937,3151.84403261121,2676.52341125163,2804.05978443987,2752.12627223274,3252.29902541179,2882.40585275865,3320.75005962883,2073.97201838278,2151.58640025042,3332.73787048667,2755.15940537597,2007.21296362104,2626.92524712514,2663.67468218421,2216.58964761,2474.48851371171,3614.12356107215
3067.2478315907,3368.70484253065,3285.13087126743,2164.63688555805,2865.38428034867,3842.22785912894,1559.10994971535,2921.12384783937,3151.84403261121,2676.52341125163,2804.05978443987,2752.12627223274,3252.29902541179,2882.40585275865,3320.75005962883,2073.97201838278,2151.58640025042,3332.73787048667,2755.15940537597,2007.21296362104,2626.92524712514,2663.67468218421,2216.58964761,2474.48851371171,3614.12356107215
3067.2478315907,3368.70484253065,3285.13087126743,2164.63688555805,2865.38428034867,3842.22785912894,1559.10994971535,2921.12384783937,3151.84403261121,2676.52341125163,2804.05978443987,2752.12627223274,3252.29902541179,2882.40585275865,3320.75005962883,2073.97201838278,2151.58640025042,3332.73787048667,2755.15940537597,2007.21296362104,2626.92524712514,2663.67468218421,2216.58964761,2474.48851371171,3614.12356107215
3067.2478315907,3368.70484253065,3285.13087126743,2164.63688555805,2865.38428034867,3842.22785912894,1559.10994971535,2921.12384783937,3151.84403261121,2676.52341125163,2804.05978443987,2752.12627223274,3252.29902541179,2882.40585275865,3320.75005962883,2073.97201838278,2151.58640025042,3332.73787048667,2755.15940537597,2007.21296362104,2626.92524712514,2663.67468218421,2216.58964761,2474.48851371171,3614.12356107215
3067.2478315907,3368.70484253065,3285.13087126743,2164.63688555805,2865.38428034867,3842.22785912894,1559.10994971535,2921.12384783937,3151.84403261121,2676.52341125163,2804.05978443987,2752.12627223274,3252.29902541179,2882.40585275865,3320.75005962883,2073.97201838278,2151.58640025042,3332.73787048667,2755.15940537597,2007.21296362104,2626.92524712514,2663.67468218421,2216.58964761,2474.48851371171,3614.12356107215
3067.2478315907,3368.70484253065,3285.13087126743,2164.63688555805,2865.38428034867,3842.22785912894,1559.10994971535,2921.12384783937,3151.84403261121,2676.52341125163,2804.05978443987,2752.12627223274,3252.29902541179,2882.40585275865,3320.75005962883,2073.97201838278,2151.58640025042,3332.73787048667,2755.15940537597,2007.21296362104,2626.92524712514,2663.67468218421,2216.58964761,2474.48851371171,3614.12356107215
3067.2478315907,3368.70484253065,3285.13087126743,2164.63688555805,2865.38428034867,3842.22785912894,1559.10994971535,2921.12384783937,3151.84403261121,2676.52341125163,2804.05978443987,2752.12627223274,3252.29902541179,2882.40585275865,3320.75005962883,2073.97201838278,2151.58640025042,3332.73787048667,2755.15940537597,2007.21296362104,2626.92524712514,2663.67468218421,2216.58964761,2474.48851371171,3614.12356107215
3067.2478315907,3368.70484253065,3285.13087126743,2164.63688555805,2865.38428034867,3842.22785912894,1559.10994971535,2921.12384783937,3151.84403261121,2676.52341125163,2804.05978443987,2752.12627223274,3252.29902541179,2882.40585275865,3320.75005962883,2073.97201838278,2151.58640025042,3332.73787048667,2755.15940537597,2007.21296362104,2626.92524712514,2663.67468218421,2216.58964761,2474.48851371171,3614.12356107215
3067.2478315907,3368.70484253065,3285.13087126743,2164.63688555805,2865.38428034867,3842.22785912894,1559.10994971535,2921.12384783937,3151.84403261121,2676.52341125163,2804.05978443987,2752.12627223274,3252.29902541179,2882.40585275865,3320.75005962883,2073.97201838278,2151.58640025042,3332.73787048667,2755.15940537597,2007.21296362104,2626.92524712514,2663.67468218421,2216.58964761,2474.48851371171,3614.12356107215
3067.2478315907,3368.70484253065,3285.13087126743,2164.63688555805,2865.38428034867,3842.22785912894,1559.10994971535,2921.12384783937,3151.84403261121,2676.52341125163,2804.05978443987,2752.12627223274,3252.29902541179,2882.40585275865,3320.75005962883,2073.97201838278,2151.58640025042,3332.73787048667,2755.15940537597,2007.21296362104,2626.92524712514,2663.67468218421,2216.58964761,2474.48851371171,3614.12356107215
3067.2478315907,3368.70484253065,3285.13087126743,2164.63688555805,2865.38428034867,3842.22785912894,1559.10994971535,2921.12384783937,3151.84403261121,2676.52341125163,2804.05978443987,2752.12627223274,3252.29902541179,2882.40585275865,3320.75005962883,2073.97201838278,2151.58640025042,3332.73787048667,2755.15940537597,2007.21296362104,2626.92524712514,2663.67468218421,2216.58964761,2474.48851371171,3614.12356107215
3067.2478315907,3368.70484253065,3285.13087126743,2164.63688555805,2865.38428034867,3842.22785912894,1559.10994971535,2921.12384783937,3151.84403261121,2676.52341125163,2804.05978443987,2752.12627223274,3252.29902541179,2882.40585275865,3320.75005962883,2073.97201838278,2151.58640025042,3332.73787048667,2755.15940537597,2007.21296362104,2626.92524712514,2663.67468218421,2216.58964761,2474.48851371171,3614.12356107215
3067.2478315907,3368.70484253065,3285.13087126743,2164.63688555805,2865.38428034867,3842.22785912894,1559.10994971535,2921.12384783937,3151.84403261121,2676.52341125163,2804.05978443987,2752.12627223274,3252.29902541179,2882.40585275865,3320.75005962883,2073.97201838278,2151.58640025042,3332.73787048667,2755.15940537597,2007.21296362104,2626.92524712514,2663.67468218421,2216.58964761,2474.48851371171,3614.12356107215
3067.2478315907,3368.70484253065,3285.13087126743,2164.63688555805,2865.38428034867,3842.22785912894,1559.10994971535,2921.12384783937,3151.84403261121,2676.52341125163,2804.05978443987,2752.12627223274,3252.29902541179,2882.40585275865,3320.75005962883,2073.97201838278,2151.58640025042,3332.73787048667,2755.15940537597,2007.21296362104,2626.92524712514,2663.67468218421,2216.58964761,2474.48851371171,3614.12356107215
3067.2478315907,3368.70484253065,3285.13087126743,2164.63688555805,2865.38428034867,3842.22785912894,1559.10994971535,2921.12384783937,3151.84403261121,2676.52341125163,2804.05978443987,2752.12627223274,3252.29902541179,2882.40585275865,3320.75005962883,2073.97201838278,2151.58640025042,3332.73787048667,2755.15940537597,2007.21296362104,2626.92524712514,2663.67468218421,2216.58964761,2474.48851371171,3614.12356107215
3067.2478315907,3368.70484253065,3285.13087126743,2164.63688555805,2865.38428034867,3842.22785912894,1559.10994971535,2921.12384783937,3151.84403261121,2676.52341125163,2804.05978443987,2752.12627223274,3252.29902541179,2882.40585275865,3320.75005962883,2073.97201838278,2151.58640025042,3332.73787048667,2755.15940537597,2007.21296362104,2626.92524712514,2663.67468218421,2216.58964761,2474.48851371171,3614.12356107215
3067.2478315907,3368.70484253065,3285.13087126743,2164.63688555805,2865.38428034867,3842.22785912894,1559.10994971535,2921.12384783937,3151.84403261121,2676.52341125163,2804.05978443987,2752.12627223274,3252.29902541179,2882.40585275865,3320.75005962883,2073.97201838278,2151.58640025042,3332.73787048667,2755.15940537597,2007.21296362104,2626.92524712514,2663.67468218421,2216.58964761,2474.48851371171,3614.12356107215
3067.2478315907,3368.70484253065,3285.13087126743,2164.63688555805,2865.38428034867,3842.22785912894,1559.10994971535,2921.12384783937,3151.84403261121,2676.52341125163,2804.05978443987,2752.12627223274,3252.29902541179,2882.40585275865,3320.75005962883,2073.97201838278,2151.58640025042,3332.73787048667,2755.15940537597,2007.21296362104,2626.92524712514,2663.67468218421,2216.58964761,2474.48851371171,3614.12356107215
3067.2478315907,3368.70484253065,3285.13087126743,2164.63688555805,2865.38428034867,3842.22785912894,1559.10994971535,2921.12384783937,3151.84403261121,2676.52341125163,2804.05978443987,2752.12627223274,3252.29902541179,2882.40585275865,3320.75005962883,2073.97201838278,2151.58640025042,3332.73787048667,2755.15940537597,2007.21296362104,2626.92524712514,2663.67468218421,2216.58964761,2474.48851371171,3614.12356107215
3067.2478315907,3368.70484253065,3285.13087126743,2164.63688555805,2865.38428034867,3842.22785912894,1559.10994971535,2921.12384783937,3151.84403261121,2676.52341125163,2804.05978443987,2752.12627223274,3252.29902541179,2882.40585275865,3320.75005962883,2073.97201838278,2151.58640025042,3332.73787048667,2755.15940537597,2007.21296362104,2626.92524712514,2663.67468218421,2216.58964761,2474.48851371171,3614.12356107215
3067.2478315907,3368.70484253065,3285.13087126743,2164.63688555805,2865.38428034867,3842.22785912894,1559.10994971535,2921.12384783937,3151.84403261121,2676.52341125163,2804.05978443987,2752.12627223274,3252.29902541179,2882.40585275865,3320.75005962883,2073.97201838278,2151.58640025042,3332.73787048667,2755.15940537597,2007.21296362104,2626.92524712514,2663.67468218421,2216.58964761,2474.48851371171,3614.12356107215
3067.2478315907,3368.70484253065,3285.13087126743,2164.63688555805,2865.38428034867,3842.22785912894,1559.10994971535,2921.12384783937,3151.84403261121,2676.52341125163,2804.05978443987,2752.12627223274,3252.29902541179,2882.40585275865,3320.75005962883,2073.97201838278,2151.58640025042,3332.73787048667,2755.15940537597,2007.21296362104,2626.92524712514,2663.67468218421,2216.58964761,2474.48851371171,3614.12356107215
3067.2478315907,3368.70484253065,3285.13087126743,2164.63688555805,2865.38428034867,3842.22785912894,1559.10994971535,2921.12384783937,3151.84403261121,2676.52341125163,2804.05978443987,2752.12627223274,3252.29902541179,2882.40585275865,3320.75005962883,2073.97201838278,2151.58640025042,3332.73787048667,2755.15940537597,2007.21296362104,2626.92524712514,2663.67468218421,2216.58964761,2474.48851371171,3614.12356107215
3067.2478315907,3368.70484253065,3285.13087126743,2164.63688555805,2865.38428034867,3842.22785912894,1559.10994971535,2921.12384783937,3151.84403261121,2676.52341125163,2804.05978443987,2752.12627223274,3252.29902541179,2882.40585275865,3320.75005962883,2073.97201838278,2151.58640025042,3332.73787048667,2755.15940537597,2007.21296362104,2626.92524712514,2663.67468218421,2216.58964761,2474.48851371171,3614.12356107215
3067.2478315907,3368.70484253065,3285.13087126743,2164.63688555805,2865.38428034867,3842.22785912894,1559.10994971535,2921.12384783937,3151.84403261121,2676.52341125163,2804.05978443987,2752.12627223274,3252.29902541179,2882.40585275865,3320.75005962883,2073.97201838278,2151.58640025042,3332.73787048667,2755.15940537597,2007.21296362104,2626.92524712514,2663.67468218421,2216.58964761,2474.48851371171,3614.12356107215
3067.2478315907,3368.70484253065,3285.13087126743,2164.63688555805,2865.38428034867,3842.22785912894,1559.10994971535,2921.12384783937,3151.84403261121,2676.52341125163,2804.05978443987,2752.12627223274,3252.29902541179,2882.40585275865,3320.75005962883,2073.97201838278,2151.58640025042,3332.73787048667,2755.15940537597,2007.21296362104,2626.92524712514,2663.67468218421,2216.58964761,2474.48851371171,3614.12356107215
3067.2478315907,3368.70484253065,3285.13087126743,2164.63688555805,2865.38428034867,3842.22785912894,1559.10994971535,2921.12384783937,3151.84403261121,2676.52341125163,2804.05978443987,2752.12627223274,3252.29902541179,2882.40585275865,3320.75005962883,2073.97201838278,2151.58640025042,3332.73787048667,2755.15940537597,2007.21296362104,2626.92524712514,2663.67468218421,2216.58964761,2474.48851371171,3614.12356107215
3067.2478315907,3368.70484253065,3285.13087126743,2164.63688555805,2865.38428034867,3842.22785912894,1559.10994971535,2921.12384783937,3151.84403261121,2676.52341125163,2804.05978443987,2752.12627223274,3252.29902541179,2882.40585275865,3320.75005962883,2073.97201838278,2151.58640025042,3332.73787048667,2755.15940537597,2007.21296362104,2626.92524712514,2663.67468218421,2216.58964761,2474.48851371171,3614.12356107215
3067.2478315907,3368.70484253065,3285.13087126743,2164.63688555805,2865.38428034867,3842.22785912894,1559.10994971535,2921.12384783937,3151.84403261121,2676.52341125163,2804.05978443987,2752.12627223274,3252.29902541179,2882.40585275865,3320.75005962883,2073.97201838278,2151.58640025042,3332.73787048667,2755.15940537597,2007.21296362104,2626.92524712514,2663.67468218421,2216.58964761,2474.48851371171,3614.12356107215
3067.2478315907,3368.70484253065,3285.13087126743,2164.63688555805,2865.38428034867,3842.22785912894,1559.10994971535,2921.12384783937,3151.84403261121,2676.52341125163,2804.05978443987,2752.12627223274,3252.29902541179,2882.40585275865,3320.75005962883,2073.97201838278,2151.58640025042,3332.73787048667,2755.15940537597,2007.21296362104,2626.92524712514,2663.67468218421,2216.58964761,2474.48851371171,3614.12356107215
3067.2478315907,3368.70484253065,3285.13087126743,2164.63688555805,2865.38428034867,3842.22785912894,1559.10994971535,2921.12384783937,3151.84403261121,2676.52341125163,2804.05978443987,2752.12627223274,3252.29902541179,2882.40585275865,3320.75005962883,2073.97201838278,2151.58640025042,3332.73787048667,2755.15940537597,2007.21296362104,2626.92524712514,2663.67468218421,2216.58964761,2474.48851371171,3614.12356107215
3067.2478315907,3368.70484253065,3285.13087126743,2164.63688555805,2865.38428034867,3842.22785912894,1559.10994971535,2921.12384783937,3151.84403261121,2676.52341125163,2804.05978443987,2752.12627223274,3252.29902541179,2882.40585275865,3320.75005962883,2073.97201838278,2151.58640025042,3332.73787048667,2755.15940537597,2007.21296362104,2626.92524712514,2663.67468218421,2216.58964761,2474.48851371171,3614.12356107215
3067.2478315907,3368.70484253065,3285.13087126743,2164.63688555805,2865.38428034867,3842.22785912894,1559.10994971535,2921.12384783937,3151.84403261121,2676.52341125163,2804.05978443987,2752.12627223274,3252.29902541179,2882.40585275865,3320.75005962883,2073.97201838278,2151.58640025042,3332.73787048667,2755.15940537597,2007.21296362104,2626.92524712514,2663.67468218421,2216.58964761,2474.48851371171,3614.12356107215
3067.2478315907,3368.70484253065,3285.13087126743,2164.63688555805,2865.38428034867,3842.22785912894,1559.10994971535,2921.12384783937,3151.84403261121,2676.52341125163,2804.05978443987,2752.12627223274,3252.29902541179,2882.40585275865,3320.75005962883,2073.97201838278,2151.58640025042,3332.73787048667,2755.15940537597,2007.21296362104,2626.92524712514,2663.67468218421,2216.58964761,2474.48851371171,3614.12356107215
3067.2478315907,3368.70484253065,3285.13087126743,2164.63688555805,2865.38428034867,3842.22785912894,1559.10994971535,2921.12384783937,3151.84403261121,2676.52341125163,2804.05978443987,2752.12627223274,3252.29902541179,2882.40585275865,3320.75005962883,2073.97201838278,2151.58640025042,3332.73787048667,2755.15940537597,2007.21296362104,2626.92524712514,2663.67468218421,2216.58964761,2474.48851371171,3614.12356107215
3067.2478315907,3368.70484253065,3285.13087126743,2164.63688555805,2865.38428034867,3842.22785912894,1559.10994971535,2921.12384783937,3151.84403261121,2676.52341125163,2804.05978443987,2752.12627223274,3252.29902541179,2882.40585275865,3320.75005962883,2073.97201838278,2151.58640025042,3332.73787048667,2755.15940537597,2007.21296362104,2626.92524712514,2663.67468218421,2216.58964761,2474.48851371171,3614.12356107215
3067.2478315907,3368.70484253065,3285.13087126743,2164.63688555805,2865.38428034867,3842.22785912894,1559.10994971535,2921.12384783937,3151.84403261121,2676.52341125163,2804.05978443987,2752.12627223274,3252.29902541179,2882.40585275865,3320.75005962883,2073.97201838278,2151.58640025042,3332.73787048667,2755.15940537597,2007.21296362104,2626.92524712514,2663.67468218421,2216.58964761,2474.48851371171,3614.12356107215
3067.2478315907,3368.70484253065,3285.13087126743,2164.63688555805,2865.38428034867,3842.22785912894,1559.10994971535,2921.12384783937,3151.84403261121,2676.52341125163,2804.05978443987,2752.12627223274,3252.29902541179,2882.40585275865,3320.75005962883,2073.97201838278,2151.58640025042,3332.73787048667,2755.15940537597,2007.21296362104,2626.92524712514,2663.67468218421,2216.58964761,2474.48851371171,3614.12356107215
3067.2478315907,3368.70484253065,3285.13087126743,2164.63688555805,2865.38428034867,3842.22785912894,1559.10994971535,2921.12384783937,3151.84403261121,2676.52341125163,2804.05978443987,2752.12627223274,3252.29902541179,2882.40585275865,3320.75005962883,2073.97201838278,2151.58640025042,3332.73787048667,2755.15940537597,2007.21296362104,2626.92524712514,2663.67468218421,2216.58964761,2474.48851371171,3614.12356107215
3067.2478315907,3368.70484253065,3285.13087126743,2164.63688555805,2865.38428034867,3842.22785912894,1559.10994971535,2921.12384783937,3151.84403261121,2676.52341125163,2804.05978443987,2752.12627223274,3252.29902541179,2882.40585275865,3320.75005962883,2073.97201838278,2151.58640025042,3332.73787048667,2755.15940537597,2007.21296362104,2626.92524712514,2663.67468218421,2216.58964761,2474.48851371171,3614.12356107215
3067.2478315907,3368.70484253065,3285.13087126743,2164.63688555805,2865.38428034867,3842.22785912894,1559.10994971535,2921.12384783937,3151.84403261121,2676.52341125163,2804.05978443987,2752.12627223274,3252.29902541179,2882.40585275865,3320.75005962883,2073.97201838278,2151.58640025042,3332.73787048667,2755.15940537597,2007.21296362104,2626.92524712514,2663.67468218421,2216.58964761,2474.48851371171,3614.12356107215
3067.2478315907,3368.70484253065,3285.13087126743,2164.63688555805,2865.38428034867,3842.22785912894,1559.10994971535,2921.12384783937,3151.84403261121,2676.52341125163,2804.05978443987,2752.12627223274,3252.29902541179,2882.40585275865,3320.75005962883,2073.97201838278,2151.58640025042,3332.73787048667,2755.15940537597,2007.21296362104,2626.92524712514,2663.67468218421,2216.58964761,2474.48851371171,3614.12356107215
3067.2478315907,3368.70484253065,3285.13087126743,2164.63688555805,2865.38428034867,3842.22785912894,1559.10994971535,2921.12384783937,3151.84403261121,2676.52341125163,2804.05978443987,2752.12627223274,3252.29902541179,2882.40585275865,3320.75005962883,2073.97201838278,2151.58640025042,3332.73787048667,2755.15940537597,2007.21296362104,2626.92524712514,2663.67468218421,2216.58964761,2474.48851371171,3614.12356107215
3067.2478315907,3368.70484253065,3285.13087126743,2164.63688555805,2865.38428034867,3842.22785912894,1559.10994971535,2921.12384783937,3151.84403261121,2676.52341125163,2804.05978443987,2752.12627223274,3252.29902541179,2882.40585275865,3320.75005962883,2073.97201838278,2151.58640025042,3332.73787048667,2755.15940537597,2007.21296362104,2626.92524712514,2663.67468218421,2216.58964761,2474.48851371171,3614.12356107215
3067.2478315907,3368.70484253065,3285.13087126743,2164.63688555805,2865.38428034867,3842.22785912894,1559.10994971535,2921.12384783937,3151.84403261121,2676.52341125163,2804.05978443987,2752.12627223274,3252.29902541179,2882.40585275865,3320.75005962883,2073.97201838278,2151.58640025042,3332.73787048667,2755.15940537597,2007.21296362104,2626.92524712514,2663.67468218421,2216.58964761,2474.48851371171,3614.12356107215
3067.2478315907,3368.70484253065,3285.13087126743,2164.63688555805,2865.38428034867,3842.22785912894,1559.10994971535,2921.12384783937,3151.84403261121,2676.52341125163,2804.05978443987,2752.12627223274,3252.29902541179,2882.40585275865,3320.75005962883,2073.97201838278,2151.58640025042,3332.73787048667,2755.15940537597,2007.21296362104,2626.92524712514,2663.67468218421,2216.58964761,2474.48851371171,3614.12356107215
3067.2478315907,3368.70484253065,3285.13087126743,2164.63688555805,2865.38428034867,3842.22785912894,1559.10994971535,2921.12384783937,3151.84403261121,2676.52341125163,2804.05978443987,2752.12627223274,3252.29902541179,2882.40585275865,3320.75005962883,2073.97201838278,2151.58640025042,3332.73787048667,2755.15940537597,2007.21296362104,2626.92524712514,2663.67468218421,2216.58964761,2474.48851371171,3614.12356107215
3067.2478315907,3368.70484253065,3285.13087126743,2164.63688555805,2865.38428034867,3842.22785912894,1559.10994971535,2921.12384783937,3151.84403261121,2676.52341125163,2804.05978443987,2752.12627223274,3252.29902541179,2882.40585275865,3320.75005962883,2073.97201838278,2151.58640025042,3332.73787048667,2755.15940537597,2007.21296362104,2626.92524712514,2663.67468218421,2216.58964761,2474.48851371171,3614.12356107215
3067.2478315907,3368.70484253065,3285.13087126743,2164.63688555805,2865.38428034867,3842.22785912894,1559.10994971535,2921.12384783937,3151.84403261121,2676.52341125163,2804.05978443987,2752.12627223274,3252.29902541179,2882.40585275865,3320.75005962883,2073.97201838278,2151.58640025042,3332.73787048667,2755.15940537597,2007.21296362104,2626.92524712514,2663.67468218421,2216.58964761,2474.48851371171,3614.12356107215
3067.2478315907,3368.70484253065,3285.13087126743,2164.63688555805,2865.38428034867,3842.22785912894,1559.10994971535,2921.12384783937,3151.84403261121,2676.52341125163,2804.05978443987,2752.12627223274,3252.29902541179,2882.40585275865,3320.75005962883,2073.97201838278,2151.58640025042,3332.73787048667,2755.15940537597,2007.21296362104,2626.92524712514,2663.67468218421,2216.58964761,2474.48851371171,3614.12356107215
3067.2478315907,3368.70484253065,3285.13087126743,2164.63688555805,2865.38428034867,3842.22785912894,1559.10994971535,2921.12384783937,3151.84403261121,2676.52341125163,2804.05978443987,2752.12627223274,3252.29902541179,2882.40585275865,3320.75005962883,2073.97201838278,2151.58640025042,3332.73787048667,2755.15940537597,2007.21296362104,2626.92524712514,2663.67468218421,2216.58964761,2474.48851371171,3614.12356107215
3067.2478315907,3368.70484253065,3285.13087126743,2164.63688555805,2865.38428034867,3842.22785912894,1559.10994971535,2921.12384783937,3151.84403261121,2676.52341125163,2804.05978443987,2752.12627223274,3252.29902541179,2882.40585275865,3320.75005962883,2073.97201838278,2151.58640025042,3332.73787048667,2755.15940537597,2007.21296362104,2626.92524712514,2663.67468218421,2216.58964761,2474.48851371171,3614.12356107215
3067.2478315907,3368.70484253065,3285.13087126743,2164.63688555805,2865.38428034867,3842.22785912894,1559.10994971535,2921.12384783937,3151.84403261121,2676.52341125163,2804.05978443987,2752.12627223274,3252.29902541179,2882.40585275865,3320.75005962883,2073.97201838278,2151.58640025042,3332.73787048667,2755.15940537597,2007.21296362104,2626.92524712514,2663.67468218421,2216.58964761,2474.48851371171,3614.12356107215
3067.2478315907,3368.70484253065,3285.13087126743,2164.63688555805,2865.38428034867,3842.22785912894,1559.10994971535,2921.12384783937,3151.84403261121,2676.52341125163,2804.05978443987,2752.12627223274,3252.29902541179,2882.40585275865,3320.75005962883,2073.97201838278,2151.58640025042,3332.73787048667,2755.15940537597,2007.21296362104,2626.92524712514,2663.67468218421,2216.58964761,2474.48851371171,3614.12356107215
3067.2478315907,3368.70484253065,3285.13087126743,2164.63688555805,2865.38428034867,3842.22785912894,1559.10994971535,2921.12384783937,3151.84403261121,2676.52341125163,2804.05978443987,2752.12627223274,3252.29902541179,2882.40585275865,3320.75005962883,2073.97201838278,2151.58640025042,3332.73787048667,2755.15940537597,2007.21296362104,2626.92524712514,2663.67468218421,2216.58964761,2474.48851371171,3614.12356107215
3067.2478315907,3368.70484253065,3285.13087126743,2164.63688555805,2865.38428034867,3842.22785912894,1559.10994971535,2921.12384783937,3151.84403261121,2676.52341125163,2804.05978443987,2752.12627223274,3252.29902541179,2882.40585275865,3320.75005962883,2073.97201838278,2151.58640025042,3332.73787048667,2755.15940537597,2007.21296362104,2626.92524712514,2663.67468218421,2216.58964761,2474.48851371171,3614.12356107215
3067.2478315907,3368.70484253065,3285.13087126743,2164.63688555805,2865.38428034867,3842.22785912894,1559.10994971535,2921.12384783937,3151.84403261121,2676.52341125163,2804.05978443987,2752.12627223274,3252.29902541179,2882.40585275865,3320.75005962883,2073.97201838278,2151.58640025042,3332.73787048667,2755.15940537597,2007.21296362104,2626.92524712514,2663.67468218421,2216.58964761,2474.48851371171,3614.12356107215
3067.2478315907,3368.70484253065,3285.13087126743,2164.63688555805,2865.38428034867,3842.22785912894,1559.10994971535,2921.12384783937,3151.84403261121,2676.52341125163,2804.05978443987,2752.12627223274,3252.29902541179,2882.40585275865,3320.75005962883,2073.97201838278,2151.58640025042,3332.73787048667,2755.15940537597,2007.21296362104,2626.92524712514,2663.67468218421,2216.58964761,2474.48851371171,3614.12356107215
3067.2478315907,3368.70484253065,3285.13087126743,2164.63688555805,2865.38428034867,3842.22785912894,1559.10994971535,2921.12384783937,3151.84403261121,2676.52341125163,2804.05978443987,2752.12627223274,3252.29902541179,2882.40585275865,3320.75005962883,2073.97201838278,2151.58640025042,3332.73787048667,2755.15940537597,2007.21296362104,2626.92524712514,2663.67468218421,2216.58964761,2474.48851371171,3614.12356107215
3067.2478315907,3368.70484253065,3285.13087126743,2164.63688555805,2865.38428034867,3842.22785912894,1559.10994971535,2921.12384783937,3151.84403261121,2676.52341125163,2804.05978443987,2752.12627223274,3252.29902541179,2882.40585275865,3320.75005962883,2073.97201838278,2151.58640025042,3332.73787048667,2755.15940537597,2007.21296362104,2626.92524712514,2663.67468218421,2216.58964761,2474.48851371171,3614.12356107215
3067.2478315907,3368.70484253065,3285.13087126743,2164.63688555805,2865.38428034867,3842.22785912894,1559.10994971535,2921.12384783937,3151.84403261121,2676.52341125163,2804.05978443987,2752.12627223274,3252.29902541179,2882.40585275865,3320.75005962883,2073.97201838278,2151.58640025042,3332.73787048667,2755.15940537597,2007.21296362104,2626.92524712514,2663.67468218421,2216.58964761,2474.48851371171,3614.12356107215
3067.2478315907,3368.70484253065,3285.13087126743,2164.63688555805,2865.38428034867,3842.22785912894,1559.10994971535,2921.12384783937,3151.84403261121,2676.52341125163,2804.05978443987,2752.12627223274,3252.29902541179,2882.40585275865,3320.75005962883,2073.97201838278,2151.58640025042,3332.73787048667,2755.15940537597,2007.21296362104,2626.92524712514,2663.67468218421,2216.58964761,2474.48851371171,3614.12356107215
3067.2478315907,3368.70484253065,3285.13087126743,2164.63688555805,2865.38428034867,3842.22785912894,1559.10994971535,2921.12384783937,3151.84403261121,2676.52341125163,2804.05978443987,2752.12627223274,3252.29902541179,2882.40585275865,3320.75005962883,2073.97201838278,2151.58640025042,3332.73787048667,2755.15940537597,2007.21296362104,2626.92524712514,2663.67468218421,2216.58964761,2474.48851371171,3614.12356107215
3067.2478315907,3368.70484253065,3285.13087126743,2164.63688555805,2865.38428034867,3842.22785912894,1559.10994971535,2921.12384783937,3151.84403261121,2676.52341125163,2804.05978443987,2752.12627223274,3252.29902541179,2882.40585275865,3320.75005962883,2073.97201838278,2151.58640025042,3332.73787048667,2755.15940537597,2007.21296362104,2626.92524712514,2663.67468218421,2216.58964761,2474.48851371171,3614.12356107215
3067.2478315907,3368.70484253065,3285.13087126743,2164.63688555805,2865.38428034867,3842.22785912894,1559.10994971535,2921.12384783937,3151.84403261121,2676.52341125163,2804.05978443987,2752.12627223274,3252.29902541179,2882.40585275865,3320.75005962883,2073.97201838278,2151.58640025042,3332.73787048667,2755.15940537597,2007.21296362104,2626.92524712514,2663.67468218421,2216.58964761,2474.48851371171,3614.12356107215
3067.2478315907,3368.70484253065,3285.13087126743,2164.63688555805,2865.38428034867,3842.22785912894,1559.10994971535,2921.12384783937,3151.84403261121,2676.52341125163,2804.05978443987,2752.12627223274,3252.29902541179,2882.40585275865,3320.75005962883,2073.97201838278,2151.58640025042,3332.73787048667,2755.15940537597,2007.21296362104,2626.92524712514,2663.67468218421,2216.58964761,2474.48851371171,3614.12356107215
3067.2478315907,3368.70484253065,3285.13087126743,2164.63688555805,2865.38428034867,3842.22785912894,1559.10994971535,2921.12384783937,3151.84403261121,2676.52341125163,2804.05978443987,2752.12627223274,3252.29902541179,2882.40585275865,3320.75005962883,2073.97201838278,2151.58640025042,3332.73787048667,2755.15940537597,2007.21296362104,2626.92524712514,2663.67468218421,2216.58964761,2474.48851371171,3614.12356107215
3067.2478315907,3368.70484253065,3285.13087126743,2164.63688555805,2865.38428034867,3842.22785912894,1559.10994971535,2921.12384783937,3151.84403261121,2676.52341125163,2804.05978443987,2752.12627223274,3252.29902541179,2882.40585275865,3320.75005962883,2073.97201838278,2151.58640025042,3332.73787048667,2755.15940537597,2007.21296362104,2626.92524712514,2663.67468218421,2216.58964761,2474.48851371171,3614.12356107215
3067.2478315907,3368.70484253065,3285.13087126743,2164.63688555805,2865.38428034867,3842.22785912894,1559.10994971535,2921.12384783937,3151.84403261121,2676.52341125163,2804.05978443987,2752.12627223274,3252.29902541179,2882.40585275865,3320.75005962883,2073.97201838278,2151.58640025042,3332.73787048667,2755.15940537597,2007.21296362104,2626.92524712514,2663.67468218421,2216.58964761,2474.48851371171,3614.12356107215
3067.2478315907,3368.70484253065,3285.13087126743,2164.63688555805,2865.38428034867,3842.22785912894,1559.10994971535,2921.12384783937,3151.84403261121,2676.52341125163,2804.05978443987,2752.12627223274,3252.29902541179,2882.40585275865,3320.75005962883,2073.97201838278,2151.58640025042,3332.73787048667,2755.15940537597,2007.21296362104,2626.92524712514,2663.67468218421,2216.58964761,2474.48851371171,3614.12356107215
3067.2478315907,3368.70484253065,3285.13087126743,2164.63688555805,2865.38428034867,3842.22785912894,1559.10994971535,2921.12384783937,3151.84403261121,2676.52341125163,2804.05978443987,2752.12627223274,3252.29902541179,2882.40585275865,3320.75005962883,2073.97201838278,2151.58640025042,3332.73787048667,2755.15940537597,2007.21296362104,2626.92524712514,2663.67468218421,2216.58964761,2474.48851371171,3614.12356107215
3067.2478315907,3368.70484253065,3285.13087126743,2164.63688555805,2865.38428034867,3842.22785912894,1559.10994971535,2921.12384783937,3151.84403261121,2676.52341125163,2804.05978443987,2752.12627223274,3252.29902541179,2882.40585275865,3320.75005962883,2073.97201838278,2151.58640025042,3332.73787048667,2755.15940537597,2007.21296362104,2626.92524712514,2663.67468218421,2216.58964761,2474.48851371171,3614.12356107215
3067.2478315907,3368.70484253065,3285.13087126743,2164.63688555805,2865.38428034867,3842.22785912894,1559.10994971535,2921.12384783937,3151.84403261121,2676.52341125163,2804.05978443987,2752.12627223274,3252.29902541179,2882.40585275865,3320.75005962883,2073.97201838278,2151.58640025042,3332.73787048667,2755.15940537597,2007.21296362104,2626.92524712514,2663.67468218421,2216.58964761,2474.48851371171,3614.12356107215
3067.2478315907,3368.70484253065,3285.13087126743,2164.63688555805,2865.38428034867,3842.22785912894,1559.10994971535,2921.12384783937,3151.84403261121,2676.52341125163,2804.05978443987,2752.12627223274,3252.29902541179,2882.40585275865,3320.75005962883,2073.97201838278,2151.58640025042,3332.73787048667,2755.15940537597,2007.21296362104,2626.92524712514,2663.67468218421,2216.58964761,2474.48851371171,3614.12356107215
3067.2478315907,3368.70484253065,3285.13087126743,2164.63688555805,2865.38428034867,3842.22785912894,1559.10994971535,2921.12384783937,3151.84403261121,2676.52341125163,2804.05978443987,2752.12627223274,3252.29902541179,2882.40585275865,3320.75005962883,2073.97201838278,2151.58640025042,3332.73787048667,2755.15940537597,2007.21296362104,2626.92524712514,2663.67468218421,2216.58964761,2474.48851371171,3614.12356107215
3067.2478315907,3368.70484253065,3285.13087126743,2164.63688555805,2865.38428034867,3842.22785912894,1559.10994971535,2921.12384783937,3151.84403261121,2676.52341125163,2804.05978443987,2752.12627223274,3252.29902541179,2882.40585275865,3320.75005962883,2073.97201838278,2151.58640025042,3332.73787048667,2755.15940537597,2007.21296362104,2626.92524712514,2663.67468218421,2216.58964761,2474.48851371171,3614.12356107215
3067.2478315907,3368.70484253065,3285.13087126743,2164.63688555805,2865.38428034867,3842.22785912894,1559.10994971535,2921.12384783937,3151.84403261121,2676.52341125163,2804.05978443987,2752.12627223274,3252.29902541179,2882.40585275865,3320.75005962883,2073.97201838278,2151.58640025042,3332.73787048667,2755.15940537597,2007.21296362104,2626.92524712514,2663.67468218421,2216.58964761,2474.48851371171,3614.12356107215
3067.2478315907,3368.70484253065,3285.13087126743,2164.63688555805,2865.38428034867,3842.22785912894,1559.10994971535,2921.12384783937,3151.84403261121,2676.52341125163,2804.05978443987,2752.12627223274,3252.29902541179,2882.40585275865,3320.75005962883,2073.97201838278,2151.58640025042,3332.73787048667,2755.15940537597,2007.21296362104,2626.92524712514,2663.67468218421,2216.58964761,2474.48851371171,3614.12356107215
3067.2478315907,3368.70484253065,3285.13087126743,2164.63688555805,2865.38428034867,3842.22785912894,1559.10994971535,2921.12384783937,3151.84403261121,2676.52341125163,2804.05978443987,2752.12627223274,3252.29902541179,2882.40585275865,3320.75005962883,2073.97201838278,2151.58640025042,3332.73787048667,2755.15940537597,2007.21296362104,2626.92524712514,2663.67468218421,2216.58964761,2474.48851371171,3614.12356107215
3067.2478315907,3368.70484253065,3285.13087126743,2164.63688555805,2865.38428034867,3842.22785912894,1559.10994971535,2921.12384783937,3151.84403261121,2676.52341125163,2804.05978443987,2752.12627223274,3252.29902541179,2882.40585275865,3320.75005962883,2073.97201838278,2151.58640025042,3332.73787048667,2755.15940537597,2007.21296362104,2626.92524712514,2663.67468218421,2216.58964761,2474.48851371171,3614.12356107215
3067.2478315907,3368.70484253065,3285.13087126743,2164.63688555805,2865.38428034867,3842.22785912894,1559.10994971535,2921.12384783937,3151.84403261121,2676.52341125163,2804.05978443987,2752.12627223274,3252.29902541179,2882.40585275865,3320.75005962883,2073.97201838278,2151.58640025042,3332.73787048667,2755.15940537597,2007.21296362104,2626.92524712514,2663.67468218421,2216.58964761,2474.48851371171,3614.12356107215
3067.2478315907,3368.70484253065,3285.13087126743,2164.63688555805,2865.38428034867,3842.22785912894,1559.10994971535,2921.12384783937,3151.84403261121,2676.52341125163,2804.05978443987,2752.12627223274,3252.29902541179,2882.40585275865,3320.75005962883,2073.97201838278,2151.58640025042,3332.73787048667,2755.15940537597,2007.21296362104,2626.92524712514,2663.67468218421,2216.58964761,2474.48851371171,3614.12356107215
3067.2478315907,3368.70484253065,3285.13087126743,2164.63688555805,2865.38428034867,3842.22785912894,1559.10994971535,2921.12384783937,3151.84403261121,2676.52341125163,2804.05978443987,2752.12627223274,3252.29902541179,2882.40585275865,3320.75005962883,2073.97201838278,2151.58640025042,3332.73787048667,2755.15940537597,2007.21296362104,2626.92524712514,2663.67468218421,2216.58964761,2474.48851371171,3614.12356107215
3067.2478315907,3368.70484253065,3285.13087126743,2164.63688555805,2865.38428034867,3842.22785912894,1559.10994971535,2921.12384783937,3151.84403261121,2676.52341125163,2804.05978443987,2752.12627223274,3252.29902541179,2882.40585275865,3320.75005962883,2073.97201838278,2151.58640025042,3332.73787048667,2755.15940537597,2007.21296362104,2626.92524712514,2663.67468218421,2216.58964761,2474.48851371171,3614.12356107215
3067.2478315907,3368.70484253065,3285.13087126743,2164.63688555805,2865.38428034867,3842.22785912894,1559.10994971535,2921.12384783937,3151.84403261121,2676.52341125163,2804.05978443987,2752.12627223274,3252.29902541179,2882.40585275865,3320.75005962883,2073.97201838278,2151.58640025042,3332.73787048667,2755.15940537597,2007.21296362104,2626.92524712514,2663.67468218421,2216.58964761,2474.48851371171,3614.12356107215
3067.2478315907,3368.70484253065,3285.13087126743,2164.63688555805,2865.38428034867,3842.22785912894,1559.10994971535,2921.12384783937,3151.84403261121,2676.52341125163,2804.05978443987,2752.12627223274,3252.29902541179,2882.40585275865,3320.75005962883,2073.97201838278,2151.58640025042,3332.73787048667,2755.15940537597,2007.21296362104,2626.92524712514,2663.67468218421,2216.58964761,2474.48851371171,3614.12356107215
3067.2478315907,3368.70484253065,3285.13087126743,2164.63688555805,2865.38428034867,3842.22785912894,1559.10994971535,2921.12384783937,3151.84403261121,2676.52341125163,2804.05978443987,2752.12627223274,3252.29902541179,2882.40585275865,3320.75005962883,2073.97201838278,2151.58640025042,3332.73787048667,2755.15940537597,2007.21296362104,2626.92524712514,2663.67468218421,2216.58964761,2474.48851371171,3614.12356107215
3067.2478315907,3368.70484253065,3285.13087126743,2164.63688555805,2865.38428034867,3842.22785912894,1559.10994971535,2921.12384783937,3151.84403261121,2676.52341125163,2804.05978443987,2752.12627223274,3252.29902541179,2882.40585275865,3320.75005962883,2073.97201838278,2151.58640025042,3332.73787048667,2755.15940537597,2007.21296362104,2626.92524712514,2663.67468218421,2216.58964761,2474.48851371171,3614.12356107215
3067.2478315907,3368.70484253065,3285.13087126743,2164.63688555805,2865.38428034867,3842.22785912894,1559.10994971535,2921.12384783937,3151.84403261121,2676.52341125163,2804.05978443987,2752.12627223274,3252.29902541179,2882.40585275865,3320.75005962883,2073.97201838278,2151.58640025042,3332.73787048667,2755.15940537597,2007.21296362104,2626.92524712514,2663.67468218421,2216.58964761,2474.48851371171,3614.12356107215
3067.2478315907,3368.70484253065,3285.13087126743,2164.63688555805,2865.38428034867,3842.22785912894,1559.10994971535,2921.12384783937,3151.84403261121,2676.52341125163,2804.05978443987,2752.12627223274,3252.29902541179,2882.40585275865,3320.75005962883,2073.97201838278,2151.58640025042,3332.73787048667,2755.15940537597,2007.21296362104,2626.92524712514,2663.67468218421,2216.58964761,2474.48851371171,3614.12356107215
3067.2478315907,3368.70484253065,3285.13087126743,2164.63688555805,2865.38428034867,3842.22785912894,1559.10994971535,2921.12384783937,3151.84403261121,2676.52341125163,2804.05978443987,2752.12627223274,3252.29902541179,2882.40585275865,3320.75005962883,2073.97201838278,2151.58640025042,3332.73787048667,2755.15940537597,2007.21296362104,2626.92524712514,2663.67468218421,2216.58964761,2474.48851371171,3614.12356107215
3067.2478315907,3368.70484253065,3285.13087126743,2164.63688555805,2865.38428034867,3842.22785912894,1559.10994971535,2921.12384783937,3151.84403261121,2676.52341125163,2804.05978443987,2752.12627223274,3252.29902541179,2882.40585275865,3320.75005962883,2073.97201838278,2151.58640025042,3332.73787048667,2755.15940537597,2007.21296362104,2626.92524712514,2663.67468218421,2216.58964761,2474.48851371171,3614.12356107215
3067.2478315907,3368.70484253065,3285.13087126743,2164.63688555805,2865.38428034867,3842.22785912894,1559.10994971535,2921.12384783937,3151.84403261121,2676.52341125163,2804.05978443987,2752.12627223274,3252.29902541179,2882.40585275865,3320.75005962883,2073.97201838278,2151.58640025042,3332.73787048667,2755.15940537597,2007.21296362104,2626.92524712514,2663.67468218421,2216.58964761,2474.48851371171,3614.12356107215
3067.2478315907,3368.70484253065,3285.13087126743,2164.63688555805,2865.38428034867,3842.22785912894,1559.10994971535,2921.12384783937,3151.84403261121,2676.52341125163,2804.05978443987,2752.12627223274,3252.29902541179,2882.40585275865,3320.75005962883,2073.97201838278,2151.58640025042,3332.73787048667,2755.15940537597,2007.21296362104,2626.92524712514,2663.67468218421,2216.58964761,2474.48851371171,3614.12356107215
3067.2478315907,3368.70484253065,3285.13087126743,2164.63688555805,2865.38428034867,3842.22785912894,1559.10994971535,2921.12384783937,3151.84403261121,2676.52341125163,2804.05978443987,2752.12627223274,3252.29902541179,2882.40585275865,3320.75005962883,2073.97201838278,2151.58640025042,3332.73787048667,2755.15940537597,2007.21296362104,2626.92524712514,2663.67468218421,2216.58964761,2474.48851371171,3614.12356107215
3067.2478315907,3368.70484253065,3285.13087126743,2164.63688555805,2865.38428034867,3842.22785912894,1559.10994971535,2921.12384783937,3151.84403261121,2676.52341125163,2804.05978443987,2752.12627223274,3252.29902541179,2882.40585275865,3320.75005962883,2073.97201838278,2151.58640025042,3332.73787048667,2755.15940537597,2007.21296362104,2626.92524712514,2663.67468218421,2216.58964761,2474.48851371171,3614.12356107215
3067.2478315907,3368.70484253065,3285.13087126743,2164.63688555805,2865.38428034867,3842.22785912894,1559.10994971535,2921.12384783937,3151.84403261121,2676.52341125163,2804.05978443987,2752.12627223274,3252.29902541179,2882.40585275865,3320.75005962883,2073.97201838278,2151.58640025042,3332.73787048667,2755.15940537597,2007.21296362104,2626.92524712514,2663.67468218421,2216.58964761,2474.48851371171,3614.12356107215
3067.2478315907,3368.70484253065,3285.13087126743,2164.63688555805,2865.38428034867,3842.22785912894,1559.10994971535,2921.12384783937,3151.84403261121,2676.52341125163,2804.05978443987,2752.12627223274,3252.29902541179,2882.40585275865,3320.75005962883,2073.97201838278,2151.58640025042,3332.73787048667,2755.15940537597,2007.21296362104,2626.92524712514,2663.67468218421,2216.58964761,2474.48851371171,3614.12356107215
3067.2478315907,3368.70484253065,3285.13087126743,2164.63688555805,2865.38428034867,3842.22785912894,1559.10994971535,2921.12384783937,3151.84403261121,2676.52341125163,2804.05978443987,2752.12627223274,3252.29902541179,2882.40585275865,3320.75005962883,2073.97201838278,2151.58640025042,3332.73787048667,2755.15940537597,2007.21296362104,2626.92524712514,2663.67468218421,2216.58964761,2474.48851371171,3614.12356107215
3067.2478315907,3368.70484253065,3285.13087126743,2164.63688555805,2865.38428034867,3842.22785912894,1559.10994971535,2921.12384783937,3151.84403261121,2676.52341125163,2804.05978443987,2752.12627223274,3252.29902541179,2882.40585275865,3320.75005962883,2073.97201838278,2151.58640025042,3332.73787048667,2755.15940537597,2007.21296362104,2626.92524712514,2663.67468218421,2216.58964761,2474.48851371171,3614.12356107215
3067.2478315907,3368.70484253065,3285.13087126743,2164.63688555805,2865.38428034867,3842.22785912894,1559.10994971535,2921.12384783937,3151.84403261121,2676.52341125163,2804.05978443987,2752.12627223274,3252.29902541179,2882.40585275865,3320.75005962883,2073.97201838278,2151.58640025042,3332.73787048667,2755.15940537597,2007.21296362104,2626.92524712514,2663.67468218421,2216.58964761,2474.48851371171,3614.12356107215
3067.2478315907,3368.70484253065,3285.13087126743,2164.63688555805,2865.38428034867,3842.22785912894,1559.10994971535,2921.12384783937,3151.84403261121,2676.52341125163,2804.05978443987,2752.12627223274,3252.29902541179,2882.40585275865,3320.75005962883,2073.97201838278,2151.58640025042,3332.73787048667,2755.15940537597,2007.21296362104,2626.92524712514,2663.67468218421,2216.58964761,2474.48851371171,3614.12356107215
3067.2478315907,3368.70484253065,3285.13087126743,2164.63688555805,2865.38428034867,3842.22785912894,1559.10994971535,2921.12384783937,3151.84403261121,2676.52341125163,2804.05978443987,2752.12627223274,3252.29902541179,2882.40585275865,3320.75005962883,2073.97201838278,2151.58640025042,3332.73787048667,2755.15940537597,2007.21296362104,2626.92524712514,2663.67468218421,2216.58964761,2474.48851371171,3614.12356107215
3067.2478315907,3368.70484253065,3285.13087126743,2164.63688555805,2865.38428034867,3842.22785912894,1559.10994971535,2921.12384783937,3151.84403261121,2676.52341125163,2804.05978443987,2752.12627223274,3252.29902541179,2882.40585275865,3320.75005962883,2073.97201838278,2151.58640025042,3332.73787048667,2755.15940537597,2007.21296362104,2626.92524712514,2663.67468218421,2216.58964761,2474.48851371171,3614.12356107215
3067.2478315907,3368.70484253065,3285.13087126743,2164.63688555805,2865.38428034867,3842.22785912894,1559.10994971535,2921.12384783937,3151.84403261121,2676.52341125163,2804.05978443987,2752.12627223274,3252.29902541179,2882.40585275865,3320.75005962883,2073.97201838278,2151.58640025042,3332.73787048667,2755.15940537597,2007.21296362104,2626.92524712514,2663.67468218421,2216.58964761,2474.48851371171,3614.12356107215
3067.2478315907,3368.70484253065,3285.13087126743,2164.63688555805,2865.38428034867,3842.22785912894,1559.10994971535,2921.12384783937,3151.84403261121,2676.52341125163,2804.05978443987,2752.12627223274,3252.29902541179,2882.40585275865,3320.75005962883,2073.97201838278,2151.58640025042,3332.73787048667,2755.15940537597,2007.21296362104,2626.92524712514,2663.67468218421,2216.58964761,2474.48851371171,3614.12356107215
3067.2478315907,3368.70484253065,3285.13087126743,2164.63688555805,2865.38428034867,3842.22785912894,1559.10994971535,2921.12384783937,3151.84403261121,2676.52341125163,2804.05978443987,2752.12627223274,3252.29902541179,2882.40585275865,3320.75005962883,2073.97201838278,2151.58640025042,3332.73787048667,2755.15940537597,2007.21296362104,2626.92524712514,2663.67468218421,2216.58964761,2474.48851371171,3614.12356107215
3067.2478315907,3368.70484253065,3285.13087126743,2164.63688555805,2865.38428034867,3842.22785912894,1559.10994971535,2921.12384783937,3151.84403261121,2676.52341125163,2804.05978443987,2752.12627223274,3252.29902541179,2882.40585275865,3320.75005962883,2073.97201838278,2151.58640025042,3332.73787048667,2755.15940537597,2007.21296362104,2626.92524712514,2663.67468218421,2216.58964761,2474.48851371171,3614.12356107215
3067.2478315907,3368.70484253065,3285.13087126743,2164.63688555805,2865.38428034867,3842.22785912894,1559.10994971535,2921.12384783937,3151.84403261121,2676.52341125163,2804.05978443987,2752.12627223274,3252.29902541179,2882.40585275865,3320.75005962883,2073.97201838278,2151.58640025042,3332.73787048667,2755.15940537597,2007.21296362104,2626.92524712514,2663.67468218421,2216.58964761,2474.48851371171,3614.12356107215
3067.2478315907,3368.70484253065,3285.13087126743,2164.63688555805,2865.38428034867,3842.22785912894,1559.10994971535,2921.12384783937,3151.84403261121,2676.52341125163,2804.05978443987,2752.12627223274,3252.29902541179,2882.40585275865,3320.75005962883,2073.97201838278,2151.58640025042,3332.73787048667,2755.15940537597,2007.21296362104,2626.92524712514,2663.67468218421,2216.58964761,2474.48851371171,3614.12356107215
3067.2478315907,3368.70484253065,3285.13087126743,2164.63688555805,2865.38428034867,3842.22785912894,1559.10994971535,2921.12384783937,3151.84403261121,2676.52341125163,2804.05978443987,2752.12627223274,3252.29902541179,2882.40585275865,3320.75005962883,2073.97201838278,2151.58640025042,3332.73787048667,2755.15940537597,2007.21296362104,2626.92524712514,2663.67468218421,2216.58964761,2474.48851371171,3614.12356107215
3067.2478315907,3368.70484253065,3285.13087126743,2164.63688555805,2865.38428034867,3842.22785912894,1559.10994971535,2921.12384783937,3151.84403261121,2676.52341125163,2804.05978443987,2752.12627223274,3252.29902541179,2882.40585275865,3320.75005962883,2073.97201838278,2151.58640025042,3332.73787048667,2755.15940537597,2007.21296362104,2626.92524712514,2663.67468218421,2216.58964761,2474.48851371171,3614.12356107215
3067.2478315907,3368.70484253065,3285.13087126743,2164.63688555805,2865.38428034867,3842.22785912894,1559.10994971535,2921.12384783937,3151.84403261121,2676.52341125163,2804.05978443987,2752.12627223274,3252.29902541179,2882.40585275865,3320.75005962883,2073.97201838278,2151.58640025042,3332.73787048667,2755.15940537597,2007.21296362104,2626.92524712514,2663.67468218421,2216.58964761,2474.48851371171,3614.12356107215
3067.2478315907,3368.70484253065,3285.13087126743,2164.63688555805,2865.38428034867,3842.22785912894,1559.10994971535,2921.12384783937,3151.84403261121,2676.52341125163,2804.05978443987,2752.12627223274,3252.29902541179,2882.40585275865,3320.75005962883,2073.97201838278,2151.58640025042,3332.73787048667,2755.15940537597,2007.21296362104,2626.92524712514,2663.67468218421,2216.58964761,2474.48851371171,3614.12356107215
3067.2478315907,3368.70484253065,3285.13087126743,2164.63688555805,2865.38428034867,3842.22785912894,1559.10994971535,2921.12384783937,3151.84403261121,2676.52341125163,2804.05978443987,2752.12627223274,3252.29902541179,2882.40585275865,3320.75005962883,2073.97201838278,2151.58640025042,3332.73787048667,2755.15940537597,2007.21296362104,2626.92524712514,2663.67468218421,2216.58964761,2474.48851371171,3614.12356107215
3067.2478315907,3368.70484253065,3285.13087126743,2164.63688555805,2865.38428034867,3842.22785912894,1559.10994971535,2921.12384783937,3151.84403261121,2676.52341125163,2804.05978443987,2752.12627223274,3252.29902541179,2882.40585275865,3320.75005962883,2073.97201838278,2151.58640025042,3332.73787048667,2755.15940537597,2007.21296362104,2626.92524712514,2663.67468218421,2216.58964761,2474.48851371171,3614.12356107215
3067.2478315907,3368.70484253065,3285.13087126743,2164.63688555805,2865.38428034867,3842.22785912894,1559.10994971535,2921.12384783937,3151.84403261121,2676.52341125163,2804.05978443987,2752.12627223274,3252.29902541179,2882.40585275865,3320.75005962883,2073.97201838278,2151.58640025042,3332.73787048667,2755.15940537597,2007.21296362104,2626.92524712514,2663.67468218421,2216.58964761,2474.48851371171,3614.12356107215
3067.2478315907,3368.70484253065,3285.13087126743,2164.63688555805,2865.38428034867,3842.22785912894,1559.10994971535,2921.12384783937,3151.84403261121,2676.52341125163,2804.05978443987,2752.12627223274,3252.29902541179,2882.40585275865,3320.75005962883,2073.97201838278,2151.58640025042,3332.73787048667,2755.15940537597,2007.21296362104,2626.92524712514,2663.67468218421,2216.58964761,2474.48851371171,3614.12356107215
3067.2478315907,3368.70484253065,3285.13087126743,2164.63688555805,2865.38428034867,3842.22785912894,1559.10994971535,2921.12384783937,3151.84403261121,2676.52341125163,2804.05978443987,2752.12627223274,3252.29902541179,2882.40585275865,3320.75005962883,2073.97201838278,2151.58640025042,3332.73787048667,2755.15940537597,2007.21296362104,2626.92524712514,2663.67468218421,2216.58964761,2474.48851371171,3614.12356107215
3067.2478315907,3368.70484253065,3285.13087126743,2164.63688555805,2865.38428034867,3842.22785912894,1559.10994971535,2921.12384783937,3151.84403261121,2676.52341125163,2804.05978443987,2752.12627223274,3252.29902541179,2882.40585275865,3320.75005962883,2073.97201838278,2151.58640025042,3332.73787048667,2755.15940537597,2007.21296362104,2626.92524712514,2663.67468218421,2216.58964761,2474.48851371171,3614.12356107215
3067.2478315907,3368.70484253065,3285.13087126743,2164.63688555805,2865.38428034867,3842.22785912894,1559.10994971535,2921.12384783937,3151.84403261121,2676.52341125163,2804.05978443987,2752.12627223274,3252.29902541179,2882.40585275865,3320.75005962883,2073.97201838278,2151.58640025042,3332.73787048667,2755.15940537597,2007.21296362104,2626.92524712514,2663.67468218421,2216.58964761,2474.48851371171,3614.12356107215
3067.2478315907,3368.70484253065,3285.13087126743,2164.63688555805,2865.38428034867,3842.22785912894,1559.10994971535,2921.12384783937,3151.84403261121,2676.52341125163,2804.05978443987,2752.12627223274,3252.29902541179,2882.40585275865,3320.75005962883,2073.97201838278,2151.58640025042,3332.73787048667,2755.15940537597,2007.21296362104,2626.92524712514,2663.67468218421,2216.58964761,2474.48851371171,3614.12356107215
3067.2478315907,3368.70484253065,3285.13087126743,2164.63688555805,2865.38428034867,3842.22785912894,1559.10994971535,2921.12384783937,3151.84403261121,2676.52341125163,2804.05978443987,2752.12627223274,3252.29902541179,2882.40585275865,3320.75005962883,2073.97201838278,2151.58640025042,3332.73787048667,2755.15940537597,2007.21296362104,2626.92524712514,2663.67468218421,2216.58964761,2474.48851371171,3614.12356107215
3067.2478315907,3368.70484253065,3285.13087126743,2164.63688555805,2865.38428034867,3842.22785912894,1559.10994971535,2921.12384783937,3151.84403261121,2676.52341125163,2804.05978443987,2752.12627223274,3252.29902541179,2882.40585275865,3320.75005962883,2073.97201838278,2151.58640025042,3332.73787048667,2755.15940537597,2007.21296362104,2626.92524712514,2663.67468218421,2216.58964761,2474.48851371171,3614.12356107215
3067.2478315907,3368.70484253065,3285.13087126743,2164.63688555805,2865.38428034867,3842.22785912894,1559.10994971535,2921.12384783937,3151.84403261121,2676.52341125163,2804.05978443987,2752.12627223274,3252.29902541179,2882.40585275865,3320.75005962883,2073.97201838278,2151.58640025042,3332.73787048667,2755.15940537597,2007.21296362104,2626.92524712514,2663.67468218421,2216.58964761,2474.48851371171,3614.12356107215
3067.2478315907,3368.70484253065,3285.13087126743,2164.63688555805,2865.38428034867,3842.22785912894,1559.10994971535,2921.12384783937,3151.84403261121,2676.52341125163,2804.05978443987,2752.12627223274,3252.29902541179,2882.40585275865,3320.75005962883,2073.97201838278,2151.58640025042,3332.73787048667,2755.15940537597,2007.21296362104,2626.92524712514,2663.67468218421,2216.58964761,2474.48851371171,3614.12356107215
3067.2478315907,3368.70484253065,3285.13087126743,2164.63688555805,2865.38428034867,3842.22785912894,1559.10994971535,2921.12384783937,3151.84403261121,2676.52341125163,2804.05978443987,2752.12627223274,3252.29902541179,2882.40585275865,3320.75005962883,2073.97201838278,2151.58640025042,3332.73787048667,2755.15940537597,2007.21296362104,2626.92524712514,2663.67468218421,2216.58964761,2474.48851371171,3614.12356107215
3067.2478315907,3368.70484253065,3285.13087126743,2164.63688555805,2865.38428034867,3842.22785912894,1559.10994971535,2921.12384783937,3151.84403261121,2676.52341125163,2804.05978443987,2752.12627223274,3252.29902541179,2882.40585275865,3320.75005962883,2073.97201838278,2151.58640025042,3332.73787048667,2755.15940537597,2007.21296362104,2626.92524712514,2663.67468218421,2216.58964761,2474.48851371171,3614.12356107215
3067.2478315907,3368.70484253065,3285.13087126743,2164.63688555805,2865.38428034867,3842.22785912894,1559.10994971535,2921.12384783937,3151.84403261121,2676.52341125163,2804.05978443987,2752.12627223274,3252.29902541179,2882.40585275865,3320.75005962883,2073.97201838278,2151.58640025042,3332.73787048667,2755.15940537597,2007.21296362104,2626.92524712514,2663.67468218421,2216.58964761,2474.48851371171,3614.12356107215
3067.2478315907,3368.70484253065,3285.13087126743,2164.63688555805,2865.38428034867,3842.22785912894,1559.10994971535,2921.12384783937,3151.84403261121,2676.52341125163,2804.05978443987,2752.12627223274,3252.29902541179,2882.40585275865,3320.75005962883,2073.97201838278,2151.58640025042,3332.73787048667,2755.15940537597,2007.21296362104,2626.92524712514,2663.67468218421,2216.58964761,2474.48851371171,3614.12356107215
3067.2478315907,3368.70484253065,3285.13087126743,2164.63688555805,2865.38428034867,3842.22785912894,1559.10994971535,2921.12384783937,3151.84403261121,2676.52341125163,2804.05978443987,2752.12627223274,3252.29902541179,2882.40585275865,3320.75005962883,2073.97201838278,2151.58640025042,3332.73787048667,2755.15940537597,2007.21296362104,2626.92524712514,2663.67468218421,2216.58964761,2474.48851371171,3614.12356107215
3067.2478315907,3368.70484253065,3285.13087126743,2164.63688555805,2865.38428034867,3842.22785912894,1559.10994971535,2921.12384783937,3151.84403261121,2676.52341125163,2804.05978443987,2752.12627223274,3252.29902541179,2882.40585275865,3320.75005962883,2073.97201838278,2151.58640025042,3332.73787048667,2755.15940537597,2007.21296362104,2626.92524712514,2663.67468218421,2216.58964761,2474.48851371171,3614.12356107215
3067.2478315907,3368.70484253065,3285.13087126743,2164.63688555805,2865.38428034867,3842.22785912894,1559.10994971535,2921.12384783937,3151.84403261121,2676.52341125163,2804.05978443987,2752.12627223274,3252.29902541179,2882.40585275865,3320.75005962883,2073.97201838278,2151.58640025042,3332.73787048667,2755.15940537597,2007.21296362104,2626.92524712514,2663.67468218421,2216.58964761,2474.48851371171,3614.12356107215
3067.2478315907,3368.70484253065,3285.13087126743,2164.63688555805,2865.38428034867,3842.22785912894,1559.10994971535,2921.12384783937,3151.84403261121,2676.52341125163,2804.05978443987,2752.12627223274,3252.29902541179,2882.40585275865,3320.75005962883,2073.97201838278,2151.58640025042,3332.73787048667,2755.15940537597,2007.21296362104,2626.92524712514,2663.67468218421,2216.58964761,2474.48851371171,3614.12356107215
3067.2478315907,3368.70484253065,3285.13087126743,2164.63688555805,2865.38428034867,3842.22785912894,1559.10994971535,2921.12384783937,3151.84403261121,2676.52341125163,2804.05978443987,2752.12627223274,3252.29902541179,2882.40585275865,3320.75005962883,2073.97201838278,2151.58640025042,3332.73787048667,2755.15940537597,2007.21296362104,2626.92524712514,2663.67468218421,2216.58964761,2474.48851371171,3614.12356107215
3067.2478315907,3368.70484253065,3285.13087126743,2164.63688555805,2865.38428034867,3842.22785912894,1559.10994971535,2921.12384783937,3151.84403261121,2676.52341125163,2804.05978443987,2752.12627223274,3252.29902541179,2882.40585275865,3320.75005962883,2073.97201838278,2151.58640025042,3332.73787048667,2755.15940537597,2007.21296362104,2626.92524712514,2663.67468218421,2216.58964761,2474.48851371171,3614.12356107215
3067.2478315907,3368.70484253065,3285.13087126743,2164.63688555805,2865.38428034867,3842.22785912894,1559.10994971535,2921.12384783937,3151.84403261121,2676.52341125163,2804.05978443987,2752.12627223274,3252.29902541179,2882.40585275865,3320.75005962883,2073.97201838278,2151.58640025042,3332.73787048667,2755.15940537597,2007.21296362104,2626.92524712514,2663.67468218421,2216.58964761,2474.48851371171,3614.12356107215
3067.2478315907,3368.70484253065,3285.13087126743,2164.63688555805,2865.38428034867,3842.22785912894,1559.10994971535,2921.12384783937,3151.84403261121,2676.52341125163,2804.05978443987,2752.12627223274,3252.29902541179,2882.40585275865,3320.75005962883,2073.97201838278,2151.58640025042,3332.73787048667,2755.15940537597,2007.21296362104,2626.92524712514,2663.67468218421,2216.58964761,2474.48851371171,3614.12356107215
3067.2478315907,3368.70484253065,3285.13087126743,2164.63688555805,2865.38428034867,3842.22785912894,1559.10994971535,2921.12384783937,3151.84403261121,2676.52341125163,2804.05978443987,2752.12627223274,3252.29902541179,2882.40585275865,3320.75005962883,2073.97201838278,2151.58640025042,3332.73787048667,2755.15940537597,2007.21296362104,2626.92524712514,2663.67468218421,2216.58964761,2474.48851371171,3614.12356107215
3067.2478315907,3368.70484253065,3285.13087126743,2164.63688555805,2865.38428034867,3842.22785912894,1559.10994971535,2921.12384783937,3151.84403261121,2676.52341125163,2804.05978443987,2752.12627223274,3252.29902541179,2882.40585275865,3320.75005962883,2073.97201838278,2151.58640025042,3332.73787048667,2755.15940537597,2007.21296362104,2626.92524712514,2663.67468218421,2216.58964761,2474.48851371171,3614.12356107215
3067.2478315907,3368.70484253065,3285.13087126743,2164.63688555805,2865.38428034867,3842.22785912894,1559.10994971535,2921.12384783937,3151.84403261121,2676.52341125163,2804.05978443987,2752.12627223274,3252.29902541179,2882.40585275865,3320.75005962883,2073.97201838278,2151.58640025042,3332.73787048667,2755.15940537597,2007.21296362104,2626.92524712514,2663.67468218421,2216.58964761,2474.48851371171,3614.12356107215
3067.2478315907,3368.70484253065,3285.13087126743,2164.63688555805,2865.38428034867,3842.22785912894,1559.10994971535,2921.12384783937,3151.84403261121,2676.52341125163,2804.05978443987,2752.12627223274,3252.29902541179,2882.40585275865,3320.75005962883,2073.97201838278,2151.58640025042,3332.73787048667,2755.15940537597,2007.21296362104,2626.92524712514,2663.67468218421,2216.58964761,2474.48851371171,3614.12356107215
3067.2478315907,3368.70484253065,3285.13087126743,2164.63688555805,2865.38428034867,3842.22785912894,1559.10994971535,2921.12384783937,3151.84403261121,2676.52341125163,2804.05978443987,2752.12627223274,3252.29902541179,2882.40585275865,3320.75005962883,2073.97201838278,2151.58640025042,3332.73787048667,2755.15940537597,2007.21296362104,2626.92524712514,2663.67468218421,2216.58964761,2474.48851371171,3614.12356107215
3067.2478315907,3368.70484253065,3285.13087126743,2164.63688555805,2865.38428034867,3842.22785912894,1559.10994971535,2921.12384783937,3151.84403261121,2676.52341125163,2804.05978443987,2752.12627223274,3252.29902541179,2882.40585275865,3320.75005962883,2073.97201838278,2151.58640025042,3332.73787048667,2755.15940537597,2007.21296362104,2626.92524712514,2663.67468218421,2216.58964761,2474.48851371171,3614.12356107215
3067.2478315907,3368.70484253065,3285.13087126743,2164.63688555805,2865.38428034867,3842.22785912894,1559.10994971535,2921.12384783937,3151.84403261121,2676.52341125163,2804.05978443987,2752.12627223274,3252.29902541179,2882.40585275865,3320.75005962883,2073.97201838278,2151.58640025042,3332.73787048667,2755.15940537597,2007.21296362104,2626.92524712514,2663.67468218421,2216.58964761,2474.48851371171,3614.12356107215
3067.2478315907,3368.70484253065,3285.13087126743,2164.63688555805,2865.38428034867,3842.22785912894,1559.10994971535,2921.12384783937,3151.84403261121,2676.52341125163,2804.05978443987,2752.12627223274,3252.29902541179,2882.40585275865,3320.75005962883,2073.97201838278,2151.58640025042,3332.73787048667,2755.15940537597,2007.21296362104,2626.92524712514,2663.67468218421,2216.58964761,2474.48851371171,3614.12356107215
3067.2478315907,3368.70484253065,3285.13087126743,2164.63688555805,2865.38428034867,3842.22785912894,1559.10994971535,2921.12384783937,3151.84403261121,2676.52341125163,2804.05978443987,2752.12627223274,3252.29902541179,2882.40585275865,3320.75005962883,2073.97201838278,2151.58640025042,3332.73787048667,2755.15940537597,2007.21296362104,2626.92524712514,2663.67468218421,2216.58964761,2474.48851371171,3614.12356107215
3067.2478315907,3368.70484253065,3285.13087126743,2164.63688555805,2865.38428034867,3842.22785912894,1559.10994971535,2921.12384783937,3151.84403261121,2676.52341125163,2804.05978443987,2752.12627223274,3252.29902541179,2882.40585275865,3320.75005962883,2073.97201838278,2151.58640025042,3332.73787048667,2755.15940537597,2007.21296362104,2626.92524712514,2663.67468218421,2216.58964761,2474.48851371171,3614.12356107215
3067.2478315907,3368.70484253065,3285.13087126743,2164.63688555805,2865.38428034867,3842.22785912894,1559.10994971535,2921.12384783937,3151.84403261121,2676.52341125163,2804.05978443987,2752.12627223274,3252.29902541179,2882.40585275865,3320.75005962883,2073.97201838278,2151.58640025042,3332.73787048667,2755.15940537597,2007.21296362104,2626.92524712514,2663.67468218421,2216.58964761,2474.48851371171,3614.12356107215
3067.2478315907,3368.70484253065,3285.13087126743,2164.63688555805,2865.38428034867,3842.22785912894,1559.10994971535,2921.12384783937,3151.84403261121,2676.52341125163,2804.05978443987,2752.12627223274,3252.29902541179,2882.40585275865,3320.75005962883,2073.97201838278,2151.58640025042,3332.73787048667,2755.15940537597,2007.21296362104,2626.92524712514,2663.67468218421,2216.58964761,2474.48851371171,3614.12356107215
3067.2478315907,3368.70484253065,3285.13087126743,2164.63688555805,2865.38428034867,3842.22785912894,1559.10994971535,2921.12384783937,3151.84403261121,2676.52341125163,2804.05978443987,2752.12627223274,3252.29902541179,2882.40585275865,3320.75005962883,2073.97201838278,2151.58640025042,3332.73787048667,2755.15940537597,2007.21296362104,2626.92524712514,2663.67468218421,2216.58964761,2474.48851371171,3614.12356107215
3067.2478315907,3368.70484253065,3285.13087126743,2164.63688555805,2865.38428034867,3842.22785912894,1559.10994971535,2921.12384783937,3151.84403261121,2676.52341125163,2804.05978443987,2752.12627223274,3252.29902541179,2882.40585275865,3320.75005962883,2073.97201838278,2151.58640025042,3332.73787048667,2755.15940537597,2007.21296362104,2626.92524712514,2663.67468218421,2216.58964761,2474.48851371171,3614.12356107215
3067.2478315907,3368.70484253065,3285.13087126743,2164.63688555805,2865.38428034867,3842.22785912894,1559.10994971535,2921.12384783937,3151.84403261121,2676.52341125163,2804.05978443987,2752.12627223274,3252.29902541179,2882.40585275865,3320.75005962883,2073.97201838278,2151.58640025042,3332.73787048667,2755.15940537597,2007.21296362104,2626.92524712514,2663.67468218421,2216.58964761,2474.48851371171,3614.12356107215
3067.2478315907,3368.70484253065,3285.13087126743,2164.63688555805,2865.38428034867,3842.22785912894,1559.10994971535,2921.12384783937,3151.84403261121,2676.52341125163,2804.05978443987,2752.12627223274,3252.29902541179,2882.40585275865,3320.75005962883,2073.97201838278,2151.58640025042,3332.73787048667,2755.15940537597,2007.21296362104,2626.92524712514,2663.67468218421,2216.58964761,2474.48851371171,3614.12356107215
3067.2478315907,3368.70484253065,3285.13087126743,2164.63688555805,2865.38428034867,3842.22785912894,1559.10994971535,2921.12384783937,3151.84403261121,2676.52341125163,2804.05978443987,2752.12627223274,3252.29902541179,2882.40585275865,3320.75005962883,2073.97201838278,2151.58640025042,3332.73787048667,2755.15940537597,2007.21296362104,2626.92524712514,2663.67468218421,2216.58964761,2474.48851371171,3614.12356107215
3067.2478315907,3368.70484253065,3285.13087126743,2164.63688555805,2865.38428034867,3842.22785912894,1559.10994971535,2921.12384783937,3151.84403261121,2676.52341125163,2804.05978443987,2752.12627223274,3252.29902541179,2882.40585275865,3320.75005962883,2073.97201838278,2151.58640025042,3332.73787048667,2755.15940537597,2007.21296362104,2626.92524712514,2663.67468218421,2216.58964761,2474.48851371171,3614.12356107215
3067.2478315907,3368.70484253065,3285.13087126743,2164.63688555805,2865.38428034867,3842.22785912894,1559.10994971535,2921.12384783937,3151.84403261121,2676.52341125163,2804.05978443987,2752.12627223274,3252.29902541179,2882.40585275865,3320.75005962883,2073.97201838278,2151.58640025042,3332.73787048667,2755.15940537597,2007.21296362104,2626.92524712514,2663.67468218421,2216.58964761,2474.48851371171,3614.12356107215
3067.2478315907,3368.70484253065,3285.13087126743,2164.63688555805,2865.38428034867,3842.22785912894,1559.10994971535,2921.12384783937,3151.84403261121,2676.52341125163,2804.05978443987,2752.12627223274,3252.29902541179,2882.40585275865,3320.75005962883,2073.97201838278,2151.58640025042,3332.73787048667,2755.15940537597,2007.21296362104,2626.92524712514,2663.67468218421,2216.58964761,2474.48851371171,3614.12356107215
3067.2478315907,3368.70484253065,3285.13087126743,2164.63688555805,2865.38428034867,3842.22785912894,1559.10994971535,2921.12384783937,3151.84403261121,2676.52341125163,2804.05978443987,2752.12627223274,3252.29902541179,2882.40585275865,3320.75005962883,2073.97201838278,2151.58640025042,3332.73787048667,2755.15940537597,2007.21296362104,2626.92524712514,2663.67468218421,2216.58964761,2474.48851371171,3614.12356107215
3067.2478315907,3368.70484253065,3285.13087126743,2164.63688555805,2865.38428034867,3842.22785912894,1559.10994971535,2921.12384783937,3151.84403261121,2676.52341125163,2804.05978443987,2752.12627223274,3252.29902541179,2882.40585275865,3320.75005962883,2073.97201838278,2151.58640025042,3332.73787048667,2755.15940537597,2007.21296362104,2626.92524712514,2663.67468218421,2216.58964761,2474.48851371171,3614.12356107215
3067.2478315907,3368.70484253065,3285.13087126743,2164.63688555805,2865.38428034867,3842.22785912894,1559.10994971535,2921.12384783937,3151.84403261121,2676.52341125163,2804.05978443987,2752.12627223274,3252.29902541179,2882.40585275865,3320.75005962883,2073.97201838278,2151.58640025042,3332.73787048667,2755.15940537597,2007.21296362104,2626.92524712514,2663.67468218421,2216.58964761,2474.48851371171,3614.12356107215
3067.2478315907,3368.70484253065,3285.13087126743,2164.63688555805,2865.38428034867,3842.22785912894,1559.10994971535,2921.12384783937,3151.84403261121,2676.52341125163,2804.05978443987,2752.12627223274,3252.29902541179,2882.40585275865,3320.75005962883,2073.97201838278,2151.58640025042,3332.73787048667,2755.15940537597,2007.21296362104,2626.92524712514,2663.67468218421,2216.58964761,2474.48851371171,3614.12356107215
3067.2478315907,3368.70484253065,3285.13087126743,2164.63688555805,2865.38428034867,3842.22785912894,1559.10994971535,2921.12384783937,3151.84403261121,2676.52341125163,2804.05978443987,2752.12627223274,3252.29902541179,2882.40585275865,3320.75005962883,2073.97201838278,2151.58640025042,3332.73787048667,2755.15940537597,2007.21296362104,2626.92524712514,2663.67468218421,2216.58964761,2474.48851371171,3614.12356107215
3067.2478315907,3368.70484253065,3285.13087126743,2164.63688555805,2865.38428034867,3842.22785912894,1559.10994971535,2921.12384783937,3151.84403261121,2676.52341125163,2804.05978443987,2752.12627223274,3252.29902541179,2882.40585275865,3320.75005962883,2073.97201838278,2151.58640025042,3332.73787048667,2755.15940537597,2007.21296362104,2626.92524712514,2663.67468218421,2216.58964761,2474.48851371171,3614.12356107215
3067.2478315907,3368.70484253065,3285.13087126743,2164.63688555805,2865.38428034867,3842.22785912894,1559.10994971535,2921.12384783937,3151.84403261121,2676.52341125163,2804.05978443987,2752.12627223274,3252.29902541179,2882.40585275865,3320.75005962883,2073.97201838278,2151.58640025042,3332.73787048667,2755.15940537597,2007.21296362104,2626.92524712514,2663.67468218421,2216.58964761,2474.48851371171,3614.12356107215
3067.2478315907,3368.70484253065,3285.13087126743,2164.63688555805,2865.38428034867,3842.22785912894,1559.10994971535,2921.12384783937,3151.84403261121,2676.52341125163,2804.05978443987,2752.12627223274,3252.29902541179,2882.40585275865,3320.75005962883,2073.97201838278,2151.58640025042,3332.73787048667,2755.15940537597,2007.21296362104,2626.92524712514,2663.67468218421,2216.58964761,2474.48851371171,3614.12356107215
3067.2478315907,3368.70484253065,3285.13087126743,2164.63688555805,2865.38428034867,3842.22785912894,1559.10994971535,2921.12384783937,3151.84403261121,2676.52341125163,2804.05978443987,2752.12627223274,3252.29902541179,2882.40585275865,3320.75005962883,2073.97201838278,2151.58640025042,3332.73787048667,2755.15940537597,2007.21296362104,2626.92524712514,2663.67468218421,2216.58964761,2474.48851371171,3614.12356107215
3067.2478315907,3368.70484253065,3285.13087126743,2164.63688555805,2865.38428034867,3842.22785912894,1559.10994971535,2921.12384783937,3151.84403261121,2676.52341125163,2804.05978443987,2752.12627223274,3252.29902541179,2882.40585275865,3320.75005962883,2073.97201838278,2151.58640025042,3332.73787048667,2755.15940537597,2007.21296362104,2626.92524712514,2663.67468218421,2216.58964761,2474.48851371171,3614.12356107215
3067.2478315907,3368.70484253065,3285.13087126743,2164.63688555805,2865.38428034867,3842.22785912894,1559.10994971535,2921.12384783937,3151.84403261121,2676.52341125163,2804.05978443987,2752.12627223274,3252.29902541179,2882.40585275865,3320.75005962883,2073.97201838278,2151.58640025042,3332.73787048667,2755.15940537597,2007.21296362104,2626.92524712514,2663.67468218421,2216.58964761,2474.48851371171,3614.12356107215
3067.2478315907,3368.70484253065,3285.13087126743,2164.63688555805,2865.38428034867,3842.22785912894,1559.10994971535,2921.12384783937,3151.84403261121,2676.52341125163,2804.05978443987,2752.12627223274,3252.29902541179,2882.40585275865,3320.75005962883,2073.97201838278,2151.58640025042,3332.73787048667,2755.15940537597,2007.21296362104,2626.92524712514,2663.67468218421,2216.58964761,2474.48851371171,3614.12356107215
3067.2478315907,3368.70484253065,3285.13087126743,2164.63688555805,2865.38428034867,3842.22785912894,1559.10994971535,2921.12384783937,3151.84403261121,2676.52341125163,2804.05978443987,2752.12627223274,3252.29902541179,2882.40585275865,3320.75005962883,2073.97201838278,2151.58640025042,3332.73787048667,2755.15940537597,2007.21296362104,2626.92524712514,2663.67468218421,2216.58964761,2474.48851371171,3614.12356107215
3067.2478315907,3368.70484253065,3285.13087126743,2164.63688555805,2865.38428034867,3842.22785912894,1559.10994971535,2921.12384783937,3151.84403261121,2676.52341125163,2804.05978443987,2752.12627223274,3252.29902541179,2882.40585275865,3320.75005962883,2073.97201838278,2151.58640025042,3332.73787048667,2755.15940537597,2007.21296362104,2626.92524712514,2663.67468218421,2216.58964761,2474.48851371171,3614.12356107215
3067.2478315907,3368.70484253065,3285.13087126743,2164.63688555805,2865.38428034867,3842.22785912894,1559.10994971535,2921.12384783937,3151.84403261121,2676.52341125163,2804.05978443987,2752.12627223274,3252.29902541179,2882.40585275865,3320.75005962883,2073.97201838278,2151.58640025042,3332.73787048667,2755.15940537597,2007.21296362104,2626.92524712514,2663.67468218421,2216.58964761,2474.48851371171,3614.12356107215
3067.2478315907,3368.70484253065,3285.13087126743,2164.63688555805,2865.38428034867,3842.22785912894,1559.10994971535,2921.12384783937,3151.84403261121,2676.52341125163,2804.05978443987,2752.12627223274,3252.29902541179,2882.40585275865,3320.75005962883,2073.97201838278,2151.58640025042,3332.73787048667,2755.15940537597,2007.21296362104,2626.92524712514,2663.67468218421,2216.58964761,2474.48851371171,3614.12356107215
3067.2478315907,3368.70484253065,3285.13087126743,2164.63688555805,2865.38428034867,3842.22785912894,1559.10994971535,2921.12384783937,3151.84403261121,2676.52341125163,2804.05978443987,2752.12627223274,3252.29902541179,2882.40585275865,3320.75005962883,2073.97201838278,2151.58640025042,3332.73787048667,2755.15940537597,2007.21296362104,2626.92524712514,2663.67468218421,2216.58964761,2474.48851371171,3614.12356107215
3067.2478315907,3368.70484253065,3285.13087126743,2164.63688555805,2865.38428034867,3842.22785912894,1559.10994971535,2921.12384783937,3151.84403261121,2676.52341125163,2804.05978443987,2752.12627223274,3252.29902541179,2882.40585275865,3320.75005962883,2073.97201838278,2151.58640025042,3332.73787048667,2755.15940537597,2007.21296362104,2626.92524712514,2663.67468218421,2216.58964761,2474.48851371171,3614.12356107215
3067.2478315907,3368.70484253065,3285.13087126743,2164.63688555805,2865.38428034867,3842.22785912894,1559.10994971535,2921.12384783937,3151.84403261121,2676.52341125163,2804.05978443987,2752.12627223274,3252.29902541179,2882.40585275865,3320.75005962883,2073.97201838278,2151.58640025042,3332.73787048667,2755.15940537597,2007.21296362104,2626.92524712514,2663.67468218421,2216.58964761,2474.48851371171,3614.12356107215
3067.2478315907,3368.70484253065,3285.13087126743,2164.63688555805,2865.38428034867,3842.22785912894,1559.10994971535,2921.12384783937,3151.84403261121,2676.52341125163,2804.05978443987,2752.12627223274,3252.29902541179,2882.40585275865,3320.75005962883,2073.97201838278,2151.58640025042,3332.73787048667,2755.15940537597,2007.21296362104,2626.92524712514,2663.67468218421,2216.58964761,2474.48851371171,3614.12356107215
3067.2478315907,3368.70484253065,3285.13087126743,2164.63688555805,2865.38428034867,3842.22785912894,1559.10994971535,2921.12384783937,3151.84403261121,2676.52341125163,2804.05978443987,2752.12627223274,3252.29902541179,2882.40585275865,3320.75005962883,2073.97201838278,2151.58640025042,3332.73787048667,2755.15940537597,2007.21296362104,2626.92524712514,2663.67468218421,2216.58964761,2474.48851371171,3614.12356107215
3067.2478315907,3368.70484253065,3285.13087126743,2164.63688555805,2865.38428034867,3842.22785912894,1559.10994971535,2921.12384783937,3151.84403261121,2676.52341125163,2804.05978443987,2752.12627223274,3252.29902541179,2882.40585275865,3320.75005962883,2073.97201838278,2151.58640025042,3332.73787048667,2755.15940537597,2007.21296362104,2626.92524712514,2663.67468218421,2216.58964761,2474.48851371171,3614.12356107215
3067.2478315907,3368.70484253065,3285.13087126743,2164.63688555805,2865.38428034867,3842.22785912894,1559.10994971535,2921.12384783937,3151.84403261121,2676.52341125163,2804.05978443987,2752.12627223274,3252.29902541179,2882.40585275865,3320.75005962883,2073.97201838278,2151.58640025042,3332.73787048667,2755.15940537597,2007.21296362104,2626.92524712514,2663.67468218421,2216.58964761,2474.48851371171,3614.12356107215
3067.2478315907,3368.70484253065,3285.13087126743,2164.63688555805,2865.38428034867,3842.22785912894,1559.10994971535,2921.12384783937,3151.84403261121,2676.52341125163,2804.05978443987,2752.12627223274,3252.29902541179,2882.40585275865,3320.75005962883,2073.97201838278,2151.58640025042,3332.73787048667,2755.15940537597,2007.21296362104,2626.92524712514,2663.67468218421,2216.58964761,2474.48851371171,3614.12356107215
3067.2478315907,3368.70484253065,3285.13087126743,2164.63688555805,2865.38428034867,3842.22785912894,1559.10994971535,2921.12384783937,3151.84403261121,2676.52341125163,2804.05978443987,2752.12627223274,3252.29902541179,2882.40585275865,3320.75005962883,2073.97201838278,2151.58640025042,3332.73787048667,2755.15940537597,2007.21296362104,2626.92524712514,2663.67468218421,2216.58964761,2474.48851371171,3614.12356107215
3067.2478315907,3368.70484253065,3285.13087126743,2164.63688555805,2865.38428034867,3842.22785912894,1559.10994971535,2921.12384783937,3151.84403261121,2676.52341125163,2804.05978443987,2752.12627223274,3252.29902541179,2882.40585275865,3320.75005962883,2073.97201838278,2151.58640025042,3332.73787048667,2755.15940537597,2007.21296362104,2626.92524712514,2663.67468218421,2216.58964761,2474.48851371171,3614.12356107215
3067.2478315907,3368.70484253065,3285.13087126743,2164.63688555805,2865.38428034867,3842.22785912894,1559.10994971535,2921.12384783937,3151.84403261121,2676.52341125163,2804.05978443987,2752.12627223274,3252.29902541179,2882.40585275865,3320.75005962883,2073.97201838278,2151.58640025042,3332.73787048667,2755.15940537597,2007.21296362104,2626.92524712514,2663.67468218421,2216.58964761,2474.48851371171,3614.12356107215
3067.2478315907,3368.70484253065,3285.13087126743,2164.63688555805,2865.38428034867,3842.22785912894,1559.10994971535,2921.12384783937,3151.84403261121,2676.52341125163,2804.05978443987,2752.12627223274,3252.29902541179,2882.40585275865,3320.75005962883,2073.97201838278,2151.58640025042,3332.73787048667,2755.15940537597,2007.21296362104,2626.92524712514,2663.67468218421,2216.58964761,2474.48851371171,3614.12356107215
3067.2478315907,3368.70484253065,3285.13087126743,2164.63688555805,2865.38428034867,3842.22785912894,1559.10994971535,2921.12384783937,3151.84403261121,2676.52341125163,2804.05978443987,2752.12627223274,3252.29902541179,2882.40585275865,3320.75005962883,2073.97201838278,2151.58640025042,3332.73787048667,2755.15940537597,2007.21296362104,2626.92524712514,2663.67468218421,2216.58964761,2474.48851371171,3614.12356107215
3067.2478315907,3368.70484253065,3285.13087126743,2164.63688555805,2865.38428034867,3842.22785912894,1559.10994971535,2921.12384783937,3151.84403261121,2676.52341125163,2804.05978443987,2752.12627223274,3252.29902541179,2882.40585275865,3320.75005962883,2073.97201838278,2151.58640025042,3332.73787048667,2755.15940537597,2007.21296362104,2626.92524712514,2663.67468218421,2216.58964761,2474.48851371171,3614.12356107215
3067.2478315907,3368.70484253065,3285.13087126743,2164.63688555805,2865.38428034867,3842.22785912894,1559.10994971535,2921.12384783937,3151.84403261121,2676.52341125163,2804.05978443987,2752.12627223274,3252.29902541179,2882.40585275865,3320.75005962883,2073.97201838278,2151.58640025042,3332.73787048667,2755.15940537597,2007.21296362104,2626.92524712514,2663.67468218421,2216.58964761,2474.48851371171,3614.12356107215
3067.2478315907,3368.70484253065,3285.13087126743,2164.63688555805,2865.38428034867,3842.22785912894,1559.10994971535,2921.12384783937,3151.84403261121,2676.52341125163,2804.05978443987,2752.12627223274,3252.29902541179,2882.40585275865,3320.75005962883,2073.97201838278,2151.58640025042,3332.73787048667,2755.15940537597,2007.21296362104,2626.92524712514,2663.67468218421,2216.58964761,2474.48851371171,3614.12356107215
3067.2478315907,3368.70484253065,3285.13087126743,2164.63688555805,2865.38428034867,3842.22785912894,1559.10994971535,2921.12384783937,3151.84403261121,2676.52341125163,2804.05978443987,2752.12627223274,3252.29902541179,2882.40585275865,3320.75005962883,2073.97201838278,2151.58640025042,3332.73787048667,2755.15940537597,2007.21296362104,2626.92524712514,2663.67468218421,2216.58964761,2474.48851371171,3614.12356107215
3067.2478315907,3368.70484253065,3285.13087126743,2164.63688555805,2865.38428034867,3842.22785912894,1559.10994971535,2921.12384783937,3151.84403261121,2676.52341125163,2804.05978443987,2752.12627223274,3252.29902541179,2882.40585275865,3320.75005962883,2073.97201838278,2151.58640025042,3332.73787048667,2755.15940537597,2007.21296362104,2626.92524712514,2663.67468218421,2216.58964761,2474.48851371171,3614.12356107215
3067.2478315907,3368.70484253065,3285.13087126743,2164.63688555805,2865.38428034867,3842.22785912894,1559.10994971535,2921.12384783937,3151.84403261121,2676.52341125163,2804.05978443987,2752.12627223274,3252.29902541179,2882.40585275865,3320.75005962883,2073.97201838278,2151.58640025042,3332.73787048667,2755.15940537597,2007.21296362104,2626.92524712514,2663.67468218421,2216.58964761,2474.48851371171,3614.12356107215
3067.2478315907,3368.70484253065,3285.13087126743,2164.63688555805,2865.38428034867,3842.22785912894,1559.10994971535,2921.12384783937,3151.84403261121,2676.52341125163,2804.05978443987,2752.12627223274,3252.29902541179,2882.40585275865,3320.75005962883,2073.97201838278,2151.58640025042,3332.73787048667,2755.15940537597,2007.21296362104,2626.92524712514,2663.67468218421,2216.58964761,2474.48851371171,3614.12356107215
3067.2478315907,3368.70484253065,3285.13087126743,2164.63688555805,2865.38428034867,3842.22785912894,1559.10994971535,2921.12384783937,3151.84403261121,2676.52341125163,2804.05978443987,2752.12627223274,3252.29902541179,2882.40585275865,3320.75005962883,2073.97201838278,2151.58640025042,3332.73787048667,2755.15940537597,2007.21296362104,2626.92524712514,2663.67468218421,2216.58964761,2474.48851371171,3614.12356107215
3067.2478315907,3368.70484253065,3285.13087126743,2164.63688555805,2865.38428034867,3842.22785912894,1559.10994971535,2921.12384783937,3151.84403261121,2676.52341125163,2804.05978443987,2752.12627223274,3252.29902541179,2882.40585275865,3320.75005962883,2073.97201838278,2151.58640025042,3332.73787048667,2755.15940537597,2007.21296362104,2626.92524712514,2663.67468218421,2216.58964761,2474.48851371171,3614.12356107215
3067.2478315907,3368.70484253065,3285.13087126743,2164.63688555805,2865.38428034867,3842.22785912894,1559.10994971535,2921.12384783937,3151.84403261121,2676.52341125163,2804.05978443987,2752.12627223274,3252.29902541179,2882.40585275865,3320.75005962883,2073.97201838278,2151.58640025042,3332.73787048667,2755.15940537597,2007.21296362104,2626.92524712514,2663.67468218421,2216.58964761,2474.48851371171,3614.12356107215
3067.2478315907,3368.70484253065,3285.13087126743,2164.63688555805,2865.38428034867,3842.22785912894,1559.10994971535,2921.12384783937,3151.84403261121,2676.52341125163,2804.05978443987,2752.12627223274,3252.29902541179,2882.40585275865,3320.75005962883,2073.97201838278,2151.58640025042,3332.73787048667,2755.15940537597,2007.21296362104,2626.92524712514,2663.67468218421,2216.58964761,2474.48851371171,3614.12356107215
3067.2478315907,3368.70484253065,3285.13087126743,2164.63688555805,2865.38428034867,3842.22785912894,1559.10994971535,2921.12384783937,3151.84403261121,2676.52341125163,2804.05978443987,2752.12627223274,3252.29902541179,2882.40585275865,3320.75005962883,2073.97201838278,2151.58640025042,3332.73787048667,2755.15940537597,2007.21296362104,2626.92524712514,2663.67468218421,2216.58964761,2474.48851371171,3614.12356107215
3067.2478315907,3368.70484253065,3285.13087126743,2164.63688555805,2865.38428034867,3842.22785912894,1559.10994971535,2921.12384783937,3151.84403261121,2676.52341125163,2804.05978443987,2752.12627223274,3252.29902541179,2882.40585275865,3320.75005962883,2073.97201838278,2151.58640025042,3332.73787048667,2755.15940537597,2007.21296362104,2626.92524712514,2663.67468218421,2216.58964761,2474.48851371171,3614.12356107215
3067.2478315907,3368.70484253065,3285.13087126743,2164.63688555805,2865.38428034867,3842.22785912894,1559.10994971535,2921.12384783937,3151.84403261121,2676.52341125163,2804.05978443987,2752.12627223274,3252.29902541179,2882.40585275865,3320.75005962883,2073.97201838278,2151.58640025042,3332.73787048667,2755.15940537597,2007.21296362104,2626.92524712514,2663.67468218421,2216.58964761,2474.48851371171,3614.12356107215
3067.2478315907,3368.70484253065,3285.13087126743,2164.63688555805,2865.38428034867,3842.22785912894,1559.10994971535,2921.12384783937,3151.84403261121,2676.52341125163,2804.05978443987,2752.12627223274,3252.29902541179,2882.40585275865,3320.75005962883,2073.97201838278,2151.58640025042,3332.73787048667,2755.15940537597,2007.21296362104,2626.92524712514,2663.67468218421,2216.58964761,2474.48851371171,3614.12356107215
3067.2478315907,3368.70484253065,3285.13087126743,2164.63688555805,2865.38428034867,3842.22785912894,1559.10994971535,2921.12384783937,3151.84403261121,2676.52341125163,2804.05978443987,2752.12627223274,3252.29902541179,2882.40585275865,3320.75005962883,2073.97201838278,2151.58640025042,3332.73787048667,2755.15940537597,2007.21296362104,2626.92524712514,2663.67468218421,2216.58964761,2474.48851371171,3614.12356107215
3067.2478315907,3368.70484253065,3285.13087126743,2164.63688555805,2865.38428034867,3842.22785912894,1559.10994971535,2921.12384783937,3151.84403261121,2676.52341125163,2804.05978443987,2752.12627223274,3252.29902541179,2882.40585275865,3320.75005962883,2073.97201838278,2151.58640025042,3332.73787048667,2755.15940537597,2007.21296362104,2626.92524712514,2663.67468218421,2216.58964761,2474.48851371171,3614.12356107215
3067.2478315907,3368.70484253065,3285.13087126743,2164.63688555805,2865.38428034867,3842.22785912894,1559.10994971535,2921.12384783937,3151.84403261121,2676.52341125163,2804.05978443987,2752.12627223274,3252.29902541179,2882.40585275865,3320.75005962883,2073.97201838278,2151.58640025042,3332.73787048667,2755.15940537597,2007.21296362104,2626.92524712514,2663.67468218421,2216.58964761,2474.48851371171,3614.12356107215
3067.2478315907,3368.70484253065,3285.13087126743,2164.63688555805,2865.38428034867,3842.22785912894,1559.10994971535,2921.12384783937,3151.84403261121,2676.52341125163,2804.05978443987,2752.12627223274,3252.29902541179,2882.40585275865,3320.75005962883,2073.97201838278,2151.58640025042,3332.73787048667,2755.15940537597,2007.21296362104,2626.92524712514,2663.67468218421,2216.58964761,2474.48851371171,3614.12356107215
3067.2478315907,3368.70484253065,3285.13087126743,2164.63688555805,2865.38428034867,3842.22785912894,1559.10994971535,2921.12384783937,3151.84403261121,2676.52341125163,2804.05978443987,2752.12627223274,3252.29902541179,2882.40585275865,3320.75005962883,2073.97201838278,2151.58640025042,3332.73787048667,2755.15940537597,2007.21296362104,2626.92524712514,2663.67468218421,2216.58964761,2474.48851371171,3614.12356107215
3067.2478315907,3368.70484253065,3285.13087126743,2164.63688555805,2865.38428034867,3842.22785912894,1559.10994971535,2921.12384783937,3151.84403261121,2676.52341125163,2804.05978443987,2752.12627223274,3252.29902541179,2882.40585275865,3320.75005962883,2073.97201838278,2151.58640025042,3332.73787048667,2755.15940537597,2007.21296362104,2626.92524712514,2663.67468218421,2216.58964761,2474.48851371171,3614.12356107215
3067.2478315907,3368.70484253065,3285.13087126743,2164.63688555805,2865.38428034867,3842.22785912894,1559.10994971535,2921.12384783937,3151.84403261121,2676.52341125163,2804.05978443987,2752.12627223274,3252.29902541179,2882.40585275865,3320.75005962883,2073.97201838278,2151.58640025042,3332.73787048667,2755.15940537597,2007.21296362104,2626.92524712514,2663.67468218421,2216.58964761,2474.48851371171,3614.12356107215
3067.2478315907,3368.70484253065,3285.13087126743,2164.63688555805,2865.38428034867,3842.22785912894,1559.10994971535,2921.12384783937,3151.84403261121,2676.52341125163,2804.05978443987,2752.12627223274,3252.29902541179,2882.40585275865,3320.75005962883,2073.97201838278,2151.58640025042,3332.73787048667,2755.15940537597,2007.21296362104,2626.92524712514,2663.67468218421,2216.58964761,2474.48851371171,3614.12356107215
3067.2478315907,3368.70484253065,3285.13087126743,2164.63688555805,2865.38428034867,3842.22785912894,1559.10994971535,2921.12384783937,3151.84403261121,2676.52341125163,2804.05978443987,2752.12627223274,3252.29902541179,2882.40585275865,3320.75005962883,2073.97201838278,2151.58640025042,3332.73787048667,2755.15940537597,2007.21296362104,2626.92524712514,2663.67468218421,2216.58964761,2474.48851371171,3614.12356107215
3067.2478315907,3368.70484253065,3285.13087126743,2164.63688555805,2865.38428034867,3842.22785912894,1559.10994971535,2921.12384783937,3151.84403261121,2676.52341125163,2804.05978443987,2752.12627223274,3252.29902541179,2882.40585275865,3320.75005962883,2073.97201838278,2151.58640025042,3332.73787048667,2755.15940537597,2007.21296362104,2626.92524712514,2663.67468218421,2216.58964761,2474.48851371171,3614.12356107215
3067.2478315907,3368.70484253065,3285.13087126743,2164.63688555805,2865.38428034867,3842.22785912894,1559.10994971535,2921.12384783937,3151.84403261121,2676.52341125163,2804.05978443987,2752.12627223274,3252.29902541179,2882.40585275865,3320.75005962883,2073.97201838278,2151.58640025042,3332.73787048667,2755.15940537597,2007.21296362104,2626.92524712514,2663.67468218421,2216.58964761,2474.48851371171,3614.12356107215
3067.2478315907,3368.70484253065,3285.13087126743,2164.63688555805,2865.38428034867,3842.22785912894,1559.10994971535,2921.12384783937,3151.84403261121,2676.52341125163,2804.05978443987,2752.12627223274,3252.29902541179,2882.40585275865,3320.75005962883,2073.97201838278,2151.58640025042,3332.73787048667,2755.15940537597,2007.21296362104,2626.92524712514,2663.67468218421,2216.58964761,2474.48851371171,3614.12356107215
3067.2478315907,3368.70484253065,3285.13087126743,2164.63688555805,2865.38428034867,3842.22785912894,1559.10994971535,2921.12384783937,3151.84403261121,2676.52341125163,2804.05978443987,2752.12627223274,3252.29902541179,2882.40585275865,3320.75005962883,2073.97201838278,2151.58640025042,3332.73787048667,2755.15940537597,2007.21296362104,2626.92524712514,2663.67468218421,2216.58964761,2474.48851371171,3614.12356107215
3067.2478315907,3368.70484253065,3285.13087126743,2164.63688555805,2865.38428034867,3842.22785912894,1559.10994971535,2921.12384783937,3151.84403261121,2676.52341125163,2804.05978443987,2752.12627223274,3252.29902541179,2882.40585275865,3320.75005962883,2073.97201838278,2151.58640025042,3332.73787048667,2755.15940537597,2007.21296362104,2626.92524712514,2663.67468218421,2216.58964761,2474.48851371171,3614.12356107215
3067.2478315907,3368.70484253065,3285.13087126743,2164.63688555805,2865.38428034867,3842.22785912894,1559.10994971535,2921.12384783937,3151.84403261121,2676.52341125163,2804.05978443987,2752.12627223274,3252.29902541179,2882.40585275865,3320.75005962883,2073.97201838278,2151.58640025042,3332.73787048667,2755.15940537597,2007.21296362104,2626.92524712514,2663.67468218421,2216.58964761,2474.48851371171,3614.12356107215
3067.2478315907,3368.70484253065,3285.13087126743,2164.63688555805,2865.38428034867,3842.22785912894,1559.10994971535,2921.12384783937,3151.84403261121,2676.52341125163,2804.05978443987,2752.12627223274,3252.29902541179,2882.40585275865,3320.75005962883,2073.97201838278,2151.58640025042,3332.73787048667,2755.15940537597,2007.21296362104,2626.92524712514,2663.67468218421,2216.58964761,2474.48851371171,3614.12356107215
3067.2478315907,3368.70484253065,3285.13087126743,2164.63688555805,2865.38428034867,3842.22785912894,1559.10994971535,2921.12384783937,3151.84403261121,2676.52341125163,2804.05978443987,2752.12627223274,3252.29902541179,2882.40585275865,3320.75005962883,2073.97201838278,2151.58640025042,3332.73787048667,2755.15940537597,2007.21296362104,2626.92524712514,2663.67468218421,2216.58964761,2474.48851371171,3614.12356107215
3067.2478315907,3368.70484253065,3285.13087126743,2164.63688555805,2865.38428034867,3842.22785912894,1559.10994971535,2921.12384783937,3151.84403261121,2676.52341125163,2804.05978443987,2752.12627223274,3252.29902541179,2882.40585275865,3320.75005962883,2073.97201838278,2151.58640025042,3332.73787048667,2755.15940537597,2007.21296362104,2626.92524712514,2663.67468218421,2216.58964761,2474.48851371171,3614.12356107215
3067.2478315907,3368.70484253065,3285.13087126743,2164.63688555805,2865.38428034867,3842.22785912894,1559.10994971535,2921.12384783937,3151.84403261121,2676.52341125163,2804.05978443987,2752.12627223274,3252.29902541179,2882.40585275865,3320.75005962883,2073.97201838278,2151.58640025042,3332.73787048667,2755.15940537597,2007.21296362104,2626.92524712514,2663.67468218421,2216.58964761,2474.48851371171,3614.12356107215
3067.2478315907,3368.70484253065,3285.13087126743,2164.63688555805,2865.38428034867,3842.22785912894,1559.10994971535,2921.12384783937,3151.84403261121,2676.52341125163,2804.05978443987,2752.12627223274,3252.29902541179,2882.40585275865,3320.75005962883,2073.97201838278,2151.58640025042,3332.73787048667,2755.15940537597,2007.21296362104,2626.92524712514,2663.67468218421,2216.58964761,2474.48851371171,3614.12356107215
3067.2478315907,3368.70484253065,3285.13087126743,2164.63688555805,2865.38428034867,3842.22785912894,1559.10994971535,2921.12384783937,3151.84403261121,2676.52341125163,2804.05978443987,2752.12627223274,3252.29902541179,2882.40585275865,3320.75005962883,2073.97201838278,2151.58640025042,3332.73787048667,2755.15940537597,2007.21296362104,2626.92524712514,2663.67468218421,2216.58964761,2474.48851371171,3614.12356107215
3067.2478315907,3368.70484253065,3285.13087126743,2164.63688555805,2865.38428034867,3842.22785912894,1559.10994971535,2921.12384783937,3151.84403261121,2676.52341125163,2804.05978443987,2752.12627223274,3252.29902541179,2882.40585275865,3320.75005962883,2073.97201838278,2151.58640025042,3332.73787048667,2755.15940537597,2007.21296362104,2626.92524712514,2663.67468218421,2216.58964761,2474.48851371171,3614.12356107215
3067.2478315907,3368.70484253065,3285.13087126743,2164.63688555805,2865.38428034867,3842.22785912894,1559.10994971535,2921.12384783937,3151.84403261121,2676.52341125163,2804.05978443987,2752.12627223274,3252.29902541179,2882.40585275865,3320.75005962883,2073.97201838278,2151.58640025042,3332.73787048667,2755.15940537597,2007.21296362104,2626.92524712514,2663.67468218421,2216.58964761,2474.48851371171,3614.12356107215
3067.2478315907,3368.70484253065,3285.13087126743,2164.63688555805,2865.38428034867,3842.22785912894,1559.10994971535,2921.12384783937,3151.84403261121,2676.52341125163,2804.05978443987,2752.12627223274,3252.29902541179,2882.40585275865,3320.75005962883,2073.97201838278,2151.58640025042,3332.73787048667,2755.15940537597,2007.21296362104,2626.92524712514,2663.67468218421,2216.58964761,2474.48851371171,3614.12356107215
3067.2478315907,3368.70484253065,3285.13087126743,2164.63688555805,2865.38428034867,3842.22785912894,1559.10994971535,2921.12384783937,3151.84403261121,2676.52341125163,2804.05978443987,2752.12627223274,3252.29902541179,2882.40585275865,3320.75005962883,2073.97201838278,2151.58640025042,3332.73787048667,2755.15940537597,2007.21296362104,2626.92524712514,2663.67468218421,2216.58964761,2474.48851371171,3614.12356107215
3067.2478315907,3368.70484253065,3285.13087126743,2164.63688555805,2865.38428034867,3842.22785912894,1559.10994971535,2921.12384783937,3151.84403261121,2676.52341125163,2804.05978443987,2752.12627223274,3252.29902541179,2882.40585275865,3320.75005962883,2073.97201838278,2151.58640025042,3332.73787048667,2755.15940537597,2007.21296362104,2626.92524712514,2663.67468218421,2216.58964761,2474.48851371171,3614.12356107215
3067.2478315907,3368.70484253065,3285.13087126743,2164.63688555805,2865.38428034867,3842.22785912894,1559.10994971535,2921.12384783937,3151.84403261121,2676.52341125163,2804.05978443987,2752.12627223274,3252.29902541179,2882.40585275865,3320.75005962883,2073.97201838278,2151.58640025042,3332.73787048667,2755.15940537597,2007.21296362104,2626.92524712514,2663.67468218421,2216.58964761,2474.48851371171,3614.12356107215
3067.2478315907,3368.70484253065,3285.13087126743,2164.63688555805,2865.38428034867,3842.22785912894,1559.10994971535,2921.12384783937,3151.84403261121,2676.52341125163,2804.05978443987,2752.12627223274,3252.29902541179,2882.40585275865,3320.75005962883,2073.97201838278,2151.58640025042,3332.73787048667,2755.15940537597,2007.21296362104,2626.92524712514,2663.67468218421,2216.58964761,2474.48851371171,3614.12356107215
3067.2478315907,3368.70484253065,3285.13087126743,2164.63688555805,2865.38428034867,3842.22785912894,1559.10994971535,2921.12384783937,3151.84403261121,2676.52341125163,2804.05978443987,2752.12627223274,3252.29902541179,2882.40585275865,3320.75005962883,2073.97201838278,2151.58640025042,3332.73787048667,2755.15940537597,2007.21296362104,2626.92524712514,2663.67468218421,2216.58964761,2474.48851371171,3614.12356107215
3067.2478315907,3368.70484253065,3285.13087126743,2164.63688555805,2865.38428034867,3842.22785912894,1559.10994971535,2921.12384783937,3151.84403261121,2676.52341125163,2804.05978443987,2752.12627223274,3252.29902541179,2882.40585275865,3320.75005962883,2073.97201838278,2151.58640025042,3332.73787048667,2755.15940537597,2007.21296362104,2626.92524712514,2663.67468218421,2216.58964761,2474.48851371171,3614.12356107215
3067.2478315907,3368.70484253065,3285.13087126743,2164.63688555805,2865.38428034867,3842.22785912894,1559.10994971535,2921.12384783937,3151.84403261121,2676.52341125163,2804.05978443987,2752.12627223274,3252.29902541179,2882.40585275865,3320.75005962883,2073.97201838278,2151.58640025042,3332.73787048667,2755.15940537597,2007.21296362104,2626.92524712514,2663.67468218421,2216.58964761,2474.48851371171,3614.12356107215
3067.2478315907,3368.70484253065,3285.13087126743,2164.63688555805,2865.38428034867,3842.22785912894,1559.10994971535,2921.12384783937,3151.84403261121,2676.52341125163,2804.05978443987,2752.12627223274,3252.29902541179,2882.40585275865,3320.75005962883,2073.97201838278,2151.58640025042,3332.73787048667,2755.15940537597,2007.21296362104,2626.92524712514,2663.67468218421,2216.58964761,2474.48851371171,3614.12356107215
3067.2478315907,3368.70484253065,3285.13087126743,2164.63688555805,2865.38428034867,3842.22785912894,1559.10994971535,2921.12384783937,3151.84403261121,2676.52341125163,2804.05978443987,2752.12627223274,3252.29902541179,2882.40585275865,3320.75005962883,2073.97201838278,2151.58640025042,3332.73787048667,2755.15940537597,2007.21296362104,2626.92524712514,2663.67468218421,2216.58964761,2474.48851371171,3614.12356107215
3067.2478315907,3368.70484253065,3285.13087126743,2164.63688555805,2865.38428034867,3842.22785912894,1559.10994971535,2921.12384783937,3151.84403261121,2676.52341125163,2804.05978443987,2752.12627223274,3252.29902541179,2882.40585275865,3320.75005962883,2073.97201838278,2151.58640025042,3332.73787048667,2755.15940537597,2007.21296362104,2626.92524712514,2663.67468218421,2216.58964761,2474.48851371171,3614.12356107215
3067.2478315907,3368.70484253065,3285.13087126743,2164.63688555805,2865.38428034867,3842.22785912894,1559.10994971535,2921.12384783937,3151.84403261121,2676.52341125163,2804.05978443987,2752.12627223274,3252.29902541179,2882.40585275865,3320.75005962883,2073.97201838278,2151.58640025042,3332.73787048667,2755.15940537597,2007.21296362104,2626.92524712514,2663.67468218421,2216.58964761,2474.48851371171,3614.12356107215
3067.2478315907,3368.70484253065,3285.13087126743,2164.63688555805,2865.38428034867,3842.22785912894,1559.10994971535,2921.12384783937,3151.84403261121,2676.52341125163,2804.05978443987,2752.12627223274,3252.29902541179,2882.40585275865,3320.75005962883,2073.97201838278,2151.58640025042,3332.73787048667,2755.15940537597,2007.21296362104,2626.92524712514,2663.67468218421,2216.58964761,2474.48851371171,3614.12356107215
3067.2478315907,3368.70484253065,3285.13087126743,2164.63688555805,2865.38428034867,3842.22785912894,1559.10994971535,2921.12384783937,3151.84403261121,2676.52341125163,2804.05978443987,2752.12627223274,3252.29902541179,2882.40585275865,3320.75005962883,2073.97201838278,2151.58640025042,3332.73787048667,2755.15940537597,2007.21296362104,2626.92524712514,2663.67468218421,2216.58964761,2474.48851371171,3614.12356107215
3067.2478315907,3368.70484253065,3285.13087126743,2164.63688555805,2865.38428034867,3842.22785912894,1559.10994971535,2921.12384783937,3151.84403261121,2676.52341125163,2804.05978443987,2752.12627223274,3252.29902541179,2882.40585275865,3320.75005962883,2073.97201838278,2151.58640025042,3332.73787048667,2755.15940537597,2007.21296362104,2626.92524712514,2663.67468218421,2216.58964761,2474.48851371171,3614.12356107215
3067.2478315907,3368.70484253065,3285.13087126743,2164.63688555805,2865.38428034867,3842.22785912894,1559.10994971535,2921.12384783937,3151.84403261121,2676.52341125163,2804.05978443987,2752.12627223274,3252.29902541179,2882.40585275865,3320.75005962883,2073.97201838278,2151.58640025042,3332.73787048667,2755.15940537597,2007.21296362104,2626.92524712514,2663.67468218421,2216.58964761,2474.48851371171,3614.12356107215
3067.2478315907,3368.70484253065,3285.13087126743,2164.63688555805,2865.38428034867,3842.22785912894,1559.10994971535,2921.12384783937,3151.84403261121,2676.52341125163,2804.05978443987,2752.12627223274,3252.29902541179,2882.40585275865,3320.75005962883,2073.97201838278,2151.58640025042,3332.73787048667,2755.15940537597,2007.21296362104,2626.92524712514,2663.67468218421,2216.58964761,2474.48851371171,3614.12356107215
3067.2478315907,3368.70484253065,3285.13087126743,2164.63688555805,2865.38428034867,3842.22785912894,1559.10994971535,2921.12384783937,3151.84403261121,2676.52341125163,2804.05978443987,2752.12627223274,3252.29902541179,2882.40585275865,3320.75005962883,2073.97201838278,2151.58640025042,3332.73787048667,2755.15940537597,2007.21296362104,2626.92524712514,2663.67468218421,2216.58964761,2474.48851371171,3614.12356107215
3067.2478315907,3368.70484253065,3285.13087126743,2164.63688555805,2865.38428034867,3842.22785912894,1559.10994971535,2921.12384783937,3151.84403261121,2676.52341125163,2804.05978443987,2752.12627223274,3252.29902541179,2882.40585275865,3320.75005962883,2073.97201838278,2151.58640025042,3332.73787048667,2755.15940537597,2007.21296362104,2626.92524712514,2663.67468218421,2216.58964761,2474.48851371171,3614.12356107215
3067.2478315907,3368.70484253065,3285.13087126743,2164.63688555805,2865.38428034867,3842.22785912894,1559.10994971535,2921.12384783937,3151.84403261121,2676.52341125163,2804.05978443987,2752.12627223274,3252.29902541179,2882.40585275865,3320.75005962883,2073.97201838278,2151.58640025042,3332.73787048667,2755.15940537597,2007.21296362104,2626.92524712514,2663.67468218421,2216.58964761,2474.48851371171,3614.12356107215
3067.2478315907,3368.70484253065,3285.13087126743,2164.63688555805,2865.38428034867,3842.22785912894,1559.10994971535,2921.12384783937,3151.84403261121,2676.52341125163,2804.05978443987,2752.12627223274,3252.29902541179,2882.40585275865,3320.75005962883,2073.97201838278,2151.58640025042,3332.73787048667,2755.15940537597,2007.21296362104,2626.92524712514,2663.67468218421,2216.58964761,2474.48851371171,3614.12356107215
3067.2478315907,3368.70484253065,3285.13087126743,2164.63688555805,2865.38428034867,3842.22785912894,1559.10994971535,2921.12384783937,3151.84403261121,2676.52341125163,2804.05978443987,2752.12627223274,3252.29902541179,2882.40585275865,3320.75005962883,2073.97201838278,2151.58640025042,3332.73787048667,2755.15940537597,2007.21296362104,2626.92524712514,2663.67468218421,2216.58964761,2474.48851371171,3614.12356107215
3067.2478315907,3368.70484253065,3285.13087126743,2164.63688555805,2865.38428034867,3842.22785912894,1559.10994971535,2921.12384783937,3151.84403261121,2676.52341125163,2804.05978443987,2752.12627223274,3252.29902541179,2882.40585275865,3320.75005962883,2073.97201838278,2151.58640025042,3332.73787048667,2755.15940537597,2007.21296362104,2626.92524712514,2663.67468218421,2216.58964761,2474.48851371171,3614.12356107215
3067.2478315907,3368.70484253065,3285.13087126743,2164.63688555805,2865.38428034867,3842.22785912894,1559.10994971535,2921.12384783937,3151.84403261121,2676.52341125163,2804.05978443987,2752.12627223274,3252.29902541179,2882.40585275865,3320.75005962883,2073.97201838278,2151.58640025042,3332.73787048667,2755.15940537597,2007.21296362104,2626.92524712514,2663.67468218421,2216.58964761,2474.48851371171,3614.12356107215
3067.2478315907,3368.70484253065,3285.13087126743,2164.63688555805,2865.38428034867,3842.22785912894,1559.10994971535,2921.12384783937,3151.84403261121,2676.52341125163,2804.05978443987,2752.12627223274,3252.29902541179,2882.40585275865,3320.75005962883,2073.97201838278,2151.58640025042,3332.73787048667,2755.15940537597,2007.21296362104,2626.92524712514,2663.67468218421,2216.58964761,2474.48851371171,3614.12356107215
3067.2478315907,3368.70484253065,3285.13087126743,2164.63688555805,2865.38428034867,3842.22785912894,1559.10994971535,2921.12384783937,3151.84403261121,2676.52341125163,2804.05978443987,2752.12627223274,3252.29902541179,2882.40585275865,3320.75005962883,2073.97201838278,2151.58640025042,3332.73787048667,2755.15940537597,2007.21296362104,2626.92524712514,2663.67468218421,2216.58964761,2474.48851371171,3614.12356107215
3067.2478315907,3368.70484253065,3285.13087126743,2164.63688555805,2865.38428034867,3842.22785912894,1559.10994971535,2921.12384783937,3151.84403261121,2676.52341125163,2804.05978443987,2752.12627223274,3252.29902541179,2882.40585275865,3320.75005962883,2073.97201838278,2151.58640025042,3332.73787048667,2755.15940537597,2007.21296362104,2626.92524712514,2663.67468218421,2216.58964761,2474.48851371171,3614.12356107215
3067.2478315907,3368.70484253065,3285.13087126743,2164.63688555805,2865.38428034867,3842.22785912894,1559.10994971535,2921.12384783937,3151.84403261121,2676.52341125163,2804.05978443987,2752.12627223274,3252.29902541179,2882.40585275865,3320.75005962883,2073.97201838278,2151.58640025042,3332.73787048667,2755.15940537597,2007.21296362104,2626.92524712514,2663.67468218421,2216.58964761,2474.48851371171,3614.12356107215
3067.2478315907,3368.70484253065,3285.13087126743,2164.63688555805,2865.38428034867,3842.22785912894,1559.10994971535,2921.12384783937,3151.84403261121,2676.52341125163,2804.05978443987,2752.12627223274,3252.29902541179,2882.40585275865,3320.75005962883,2073.97201838278,2151.58640025042,3332.73787048667,2755.15940537597,2007.21296362104,2626.92524712514,2663.67468218421,2216.58964761,2474.48851371171,3614.12356107215
3067.2478315907,3368.70484253065,3285.13087126743,2164.63688555805,2865.38428034867,3842.22785912894,1559.10994971535,2921.12384783937,3151.84403261121,2676.52341125163,2804.05978443987,2752.12627223274,3252.29902541179,2882.40585275865,3320.75005962883,2073.97201838278,2151.58640025042,3332.73787048667,2755.15940537597,2007.21296362104,2626.92524712514,2663.67468218421,2216.58964761,2474.48851371171,3614.12356107215
3067.2478315907,3368.70484253065,3285.13087126743,2164.63688555805,2865.38428034867,3842.22785912894,1559.10994971535,2921.12384783937,3151.84403261121,2676.52341125163,2804.05978443987,2752.12627223274,3252.29902541179,2882.40585275865,3320.75005962883,2073.97201838278,2151.58640025042,3332.73787048667,2755.15940537597,2007.21296362104,2626.92524712514,2663.67468218421,2216.58964761,2474.48851371171,3614.12356107215
3067.2478315907,3368.70484253065,3285.13087126743,2164.63688555805,2865.38428034867,3842.22785912894,1559.10994971535,2921.12384783937,3151.84403261121,2676.52341125163,2804.05978443987,2752.12627223274,3252.29902541179,2882.40585275865,3320.75005962883,2073.97201838278,2151.58640025042,3332.73787048667,2755.15940537597,2007.21296362104,2626.92524712514,2663.67468218421,2216.58964761,2474.48851371171,3614.12356107215
3067.2478315907,3368.70484253065,3285.13087126743,2164.63688555805,2865.38428034867,3842.22785912894,1559.10994971535,2921.12384783937,3151.84403261121,2676.52341125163,2804.05978443987,2752.12627223274,3252.29902541179,2882.40585275865,3320.75005962883,2073.97201838278,2151.58640025042,3332.73787048667,2755.15940537597,2007.21296362104,2626.92524712514,2663.67468218421,2216.58964761,2474.48851371171,3614.12356107215
3067.2478315907,3368.70484253065,3285.13087126743,2164.63688555805,2865.38428034867,3842.22785912894,1559.10994971535,2921.12384783937,3151.84403261121,2676.52341125163,2804.05978443987,2752.12627223274,3252.29902541179,2882.40585275865,3320.75005962883,2073.97201838278,2151.58640025042,3332.73787048667,2755.15940537597,2007.21296362104,2626.92524712514,2663.67468218421,2216.58964761,2474.48851371171,3614.12356107215
3067.2478315907,3368.70484253065,3285.13087126743,2164.63688555805,2865.38428034867,3842.22785912894,1559.10994971535,2921.12384783937,3151.84403261121,2676.52341125163,2804.05978443987,2752.12627223274,3252.29902541179,2882.40585275865,3320.75005962883,2073.97201838278,2151.58640025042,3332.73787048667,2755.15940537597,2007.21296362104,2626.92524712514,2663.67468218421,2216.58964761,2474.48851371171,3614.12356107215
3067.2478315907,3368.70484253065,3285.13087126743,2164.63688555805,2865.38428034867,3842.22785912894,1559.10994971535,2921.12384783937,3151.84403261121,2676.52341125163,2804.05978443987,2752.12627223274,3252.29902541179,2882.40585275865,3320.75005962883,2073.97201838278,2151.58640025042,3332.73787048667,2755.15940537597,2007.21296362104,2626.92524712514,2663.67468218421,2216.58964761,2474.48851371171,3614.12356107215
3067.2478315907,3368.70484253065,3285.13087126743,2164.63688555805,2865.38428034867,3842.22785912894,1559.10994971535,2921.12384783937,3151.84403261121,2676.52341125163,2804.05978443987,2752.12627223274,3252.29902541179,2882.40585275865,3320.75005962883,2073.97201838278,2151.58640025042,3332.73787048667,2755.15940537597,2007.21296362104,2626.92524712514,2663.67468218421,2216.58964761,2474.48851371171,3614.12356107215
3067.2478315907,3368.70484253065,3285.13087126743,2164.63688555805,2865.38428034867,3842.22785912894,1559.10994971535,2921.12384783937,3151.84403261121,2676.52341125163,2804.05978443987,2752.12627223274,3252.29902541179,2882.40585275865,3320.75005962883,2073.97201838278,2151.58640025042,3332.73787048667,2755.15940537597,2007.21296362104,2626.92524712514,2663.67468218421,2216.58964761,2474.48851371171,3614.12356107215
3067.2478315907,3368.70484253065,3285.13087126743,2164.63688555805,2865.38428034867,3842.22785912894,1559.10994971535,2921.12384783937,3151.84403261121,2676.52341125163,2804.05978443987,2752.12627223274,3252.29902541179,2882.40585275865,3320.75005962883,2073.97201838278,2151.58640025042,3332.73787048667,2755.15940537597,2007.21296362104,2626.92524712514,2663.67468218421,2216.58964761,2474.48851371171,3614.12356107215
3067.2478315907,3368.70484253065,3285.13087126743,2164.63688555805,2865.38428034867,3842.22785912894,1559.10994971535,2921.12384783937,3151.84403261121,2676.52341125163,2804.05978443987,2752.12627223274,3252.29902541179,2882.40585275865,3320.75005962883,2073.97201838278,2151.58640025042,3332.73787048667,2755.15940537597,2007.21296362104,2626.92524712514,2663.67468218421,2216.58964761,2474.48851371171,3614.12356107215
3067.2478315907,3368.70484253065,3285.13087126743,2164.63688555805,2865.38428034867,3842.22785912894,1559.10994971535,2921.12384783937,3151.84403261121,2676.52341125163,2804.05978443987,2752.12627223274,3252.29902541179,2882.40585275865,3320.75005962883,2073.97201838278,2151.58640025042,3332.73787048667,2755.15940537597,2007.21296362104,2626.92524712514,2663.67468218421,2216.58964761,2474.48851371171,3614.12356107215
3067.2478315907,3368.70484253065,3285.13087126743,2164.63688555805,2865.38428034867,3842.22785912894,1559.10994971535,2921.12384783937,3151.84403261121,2676.52341125163,2804.05978443987,2752.12627223274,3252.29902541179,2882.40585275865,3320.75005962883,2073.97201838278,2151.58640025042,3332.73787048667,2755.15940537597,2007.21296362104,2626.92524712514,2663.67468218421,2216.58964761,2474.48851371171,3614.12356107215
3067.2478315907,3368.70484253065,3285.13087126743,2164.63688555805,2865.38428034867,3842.22785912894,1559.10994971535,2921.12384783937,3151.84403261121,2676.52341125163,2804.05978443987,2752.12627223274,3252.29902541179,2882.40585275865,3320.75005962883,2073.97201838278,2151.58640025042,3332.73787048667,2755.15940537597,2007.21296362104,2626.92524712514,2663.67468218421,2216.58964761,2474.48851371171,3614.12356107215
3067.2478315907,3368.70484253065,3285.13087126743,2164.63688555805,2865.38428034867,3842.22785912894,1559.10994971535,2921.12384783937,3151.84403261121,2676.52341125163,2804.05978443987,2752.12627223274,3252.29902541179,2882.40585275865,3320.75005962883,2073.97201838278,2151.58640025042,3332.73787048667,2755.15940537597,2007.21296362104,2626.92524712514,2663.67468218421,2216.58964761,2474.48851371171,3614.12356107215
3067.2478315907,3368.70484253065,3285.13087126743,2164.63688555805,2865.38428034867,3842.22785912894,1559.10994971535,2921.12384783937,3151.84403261121,2676.52341125163,2804.05978443987,2752.12627223274,3252.29902541179,2882.40585275865,3320.75005962883,2073.97201838278,2151.58640025042,3332.73787048667,2755.15940537597,2007.21296362104,2626.92524712514,2663.67468218421,2216.58964761,2474.48851371171,3614.12356107215
3067.2478315907,3368.70484253065,3285.13087126743,2164.63688555805,2865.38428034867,3842.22785912894,1559.10994971535,2921.12384783937,3151.84403261121,2676.52341125163,2804.05978443987,2752.12627223274,3252.29902541179,2882.40585275865,3320.75005962883,2073.97201838278,2151.58640025042,3332.73787048667,2755.15940537597,2007.21296362104,2626.92524712514,2663.67468218421,2216.58964761,2474.48851371171,3614.12356107215
3067.2478315907,3368.70484253065,3285.13087126743,2164.63688555805,2865.38428034867,3842.22785912894,1559.10994971535,2921.12384783937,3151.84403261121,2676.52341125163,2804.05978443987,2752.12627223274,3252.29902541179,2882.40585275865,3320.75005962883,2073.97201838278,2151.58640025042,3332.73787048667,2755.15940537597,2007.21296362104,2626.92524712514,2663.67468218421,2216.58964761,2474.48851371171,3614.12356107215
3067.2478315907,3368.70484253065,3285.13087126743,2164.63688555805,2865.38428034867,3842.22785912894,1559.10994971535,2921.12384783937,3151.84403261121,2676.52341125163,2804.05978443987,2752.12627223274,3252.29902541179,2882.40585275865,3320.75005962883,2073.97201838278,2151.58640025042,3332.73787048667,2755.15940537597,2007.21296362104,2626.92524712514,2663.67468218421,2216.58964761,2474.48851371171,3614.12356107215
3067.2478315907,3368.70484253065,3285.13087126743,2164.63688555805,2865.38428034867,3842.22785912894,1559.10994971535,2921.12384783937,3151.84403261121,2676.52341125163,2804.05978443987,2752.12627223274,3252.29902541179,2882.40585275865,3320.75005962883,2073.97201838278,2151.58640025042,3332.73787048667,2755.15940537597,2007.21296362104,2626.92524712514,2663.67468218421,2216.58964761,2474.48851371171,3614.12356107215
3067.2478315907,3368.70484253065,3285.13087126743,2164.63688555805,2865.38428034867,3842.22785912894,1559.10994971535,2921.12384783937,3151.84403261121,2676.52341125163,2804.05978443987,2752.12627223274,3252.29902541179,2882.40585275865,3320.75005962883,2073.97201838278,2151.58640025042,3332.73787048667,2755.15940537597,2007.21296362104,2626.92524712514,2663.67468218421,2216.58964761,2474.48851371171,3614.12356107215
3067.2478315907,3368.70484253065,3285.13087126743,2164.63688555805,2865.38428034867,3842.22785912894,1559.10994971535,2921.12384783937,3151.84403261121,2676.52341125163,2804.05978443987,2752.12627223274,3252.29902541179,2882.40585275865,3320.75005962883,2073.97201838278,2151.58640025042,3332.73787048667,2755.15940537597,2007.21296362104,2626.92524712514,2663.67468218421,2216.58964761,2474.48851371171,3614.12356107215
3067.2478315907,3368.70484253065,3285.13087126743,2164.63688555805,2865.38428034867,3842.22785912894,1559.10994971535,2921.12384783937,3151.84403261121,2676.52341125163,2804.05978443987,2752.12627223274,3252.29902541179,2882.40585275865,3320.75005962883,2073.97201838278,2151.58640025042,3332.73787048667,2755.15940537597,2007.21296362104,2626.92524712514,2663.67468218421,2216.58964761,2474.48851371171,3614.12356107215
3067.2478315907,3368.70484253065,3285.13087126743,2164.63688555805,2865.38428034867,3842.22785912894,1559.10994971535,2921.12384783937,3151.84403261121,2676.52341125163,2804.05978443987,2752.12627223274,3252.29902541179,2882.40585275865,3320.75005962883,2073.97201838278,2151.58640025042,3332.73787048667,2755.15940537597,2007.21296362104,2626.92524712514,2663.67468218421,2216.58964761,2474.48851371171,3614.12356107215
3067.2478315907,3368.70484253065,3285.13087126743,2164.63688555805,2865.38428034867,3842.22785912894,1559.10994971535,2921.12384783937,3151.84403261121,2676.52341125163,2804.05978443987,2752.12627223274,3252.29902541179,2882.40585275865,3320.75005962883,2073.97201838278,2151.58640025042,3332.73787048667,2755.15940537597,2007.21296362104,2626.92524712514,2663.67468218421,2216.58964761,2474.48851371171,3614.12356107215
3067.2478315907,3368.70484253065,3285.13087126743,2164.63688555805,2865.38428034867,3842.22785912894,1559.10994971535,2921.12384783937,3151.84403261121,2676.52341125163,2804.05978443987,2752.12627223274,3252.29902541179,2882.40585275865,3320.75005962883,2073.97201838278,2151.58640025042,3332.73787048667,2755.15940537597,2007.21296362104,2626.92524712514,2663.67468218421,2216.58964761,2474.48851371171,3614.12356107215
3067.2478315907,3368.70484253065,3285.13087126743,2164.63688555805,2865.38428034867,3842.22785912894,1559.10994971535,2921.12384783937,3151.84403261121,2676.52341125163,2804.05978443987,2752.12627223274,3252.29902541179,2882.40585275865,3320.75005962883,2073.97201838278,2151.58640025042,3332.73787048667,2755.15940537597,2007.21296362104,2626.92524712514,2663.67468218421,2216.58964761,2474.48851371171,3614.12356107215
3067.2478315907,3368.70484253065,3285.13087126743,2164.63688555805,2865.38428034867,3842.22785912894,1559.10994971535,2921.12384783937,3151.84403261121,2676.52341125163,2804.05978443987,2752.12627223274,3252.29902541179,2882.40585275865,3320.75005962883,2073.97201838278,2151.58640025042,3332.73787048667,2755.15940537597,2007.21296362104,2626.92524712514,2663.67468218421,2216.58964761,2474.48851371171,3614.12356107215
3067.2478315907,3368.70484253065,3285.13087126743,2164.63688555805,2865.38428034867,3842.22785912894,1559.10994971535,2921.12384783937,3151.84403261121,2676.52341125163,2804.05978443987,2752.12627223274,3252.29902541179,2882.40585275865,3320.75005962883,2073.97201838278,2151.58640025042,3332.73787048667,2755.15940537597,2007.21296362104,2626.92524712514,2663.67468218421,2216.58964761,2474.48851371171,3614.12356107215
3067.2478315907,3368.70484253065,3285.13087126743,2164.63688555805,2865.38428034867,3842.22785912894,1559.10994971535,2921.12384783937,3151.84403261121,2676.52341125163,2804.05978443987,2752.12627223274,3252.29902541179,2882.40585275865,3320.75005962883,2073.97201838278,2151.58640025042,3332.73787048667,2755.15940537597,2007.21296362104,2626.92524712514,2663.67468218421,2216.58964761,2474.48851371171,3614.12356107215
3067.2478315907,3368.70484253065,3285.13087126743,2164.63688555805,2865.38428034867,3842.22785912894,1559.10994971535,2921.12384783937,3151.84403261121,2676.52341125163,2804.05978443987,2752.12627223274,3252.29902541179,2882.40585275865,3320.75005962883,2073.97201838278,2151.58640025042,3332.73787048667,2755.15940537597,2007.21296362104,2626.92524712514,2663.67468218421,2216.58964761,2474.48851371171,3614.12356107215
3067.2478315907,3368.70484253065,3285.13087126743,2164.63688555805,2865.38428034867,3842.22785912894,1559.10994971535,2921.12384783937,3151.84403261121,2676.52341125163,2804.05978443987,2752.12627223274,3252.29902541179,2882.40585275865,3320.75005962883,2073.97201838278,2151.58640025042,3332.73787048667,2755.15940537597,2007.21296362104,2626.92524712514,2663.67468218421,2216.58964761,2474.48851371171,3614.12356107215
3067.2478315907,3368.70484253065,3285.13087126743,2164.63688555805,2865.38428034867,3842.22785912894,1559.10994971535,2921.12384783937,3151.84403261121,2676.52341125163,2804.05978443987,2752.12627223274,3252.29902541179,2882.40585275865,3320.75005962883,2073.97201838278,2151.58640025042,3332.73787048667,2755.15940537597,2007.21296362104,2626.92524712514,2663.67468218421,2216.58964761,2474.48851371171,3614.12356107215
3067.2478315907,3368.70484253065,3285.13087126743,2164.63688555805,2865.38428034867,3842.22785912894,1559.10994971535,2921.12384783937,3151.84403261121,2676.52341125163,2804.05978443987,2752.12627223274,3252.29902541179,2882.40585275865,3320.75005962883,2073.97201838278,2151.58640025042,3332.73787048667,2755.15940537597,2007.21296362104,2626.92524712514,2663.67468218421,2216.58964761,2474.48851371171,3614.12356107215
3067.2478315907,3368.70484253065,3285.13087126743,2164.63688555805,2865.38428034867,3842.22785912894,1559.10994971535,2921.12384783937,3151.84403261121,2676.52341125163,2804.05978443987,2752.12627223274,3252.29902541179,2882.40585275865,3320.75005962883,2073.97201838278,2151.58640025042,3332.73787048667,2755.15940537597,2007.21296362104,2626.92524712514,2663.67468218421,2216.58964761,2474.48851371171,3614.12356107215
3067.2478315907,3368.70484253065,3285.13087126743,2164.63688555805,2865.38428034867,3842.22785912894,1559.10994971535,2921.12384783937,3151.84403261121,2676.52341125163,2804.05978443987,2752.12627223274,3252.29902541179,2882.40585275865,3320.75005962883,2073.97201838278,2151.58640025042,3332.73787048667,2755.15940537597,2007.21296362104,2626.92524712514,2663.67468218421,2216.58964761,2474.48851371171,3614.12356107215
3067.2478315907,3368.70484253065,3285.13087126743,2164.63688555805,2865.38428034867,3842.22785912894,1559.10994971535,2921.12384783937,3151.84403261121,2676.52341125163,2804.05978443987,2752.12627223274,3252.29902541179,2882.40585275865,3320.75005962883,2073.97201838278,2151.58640025042,3332.73787048667,2755.15940537597,2007.21296362104,2626.92524712514,2663.67468218421,2216.58964761,2474.48851371171,3614.12356107215
3067.2478315907,3368.70484253065,3285.13087126743,2164.63688555805,2865.38428034867,3842.22785912894,1559.10994971535,2921.12384783937,3151.84403261121,2676.52341125163,2804.05978443987,2752.12627223274,3252.29902541179,2882.40585275865,3320.75005962883,2073.97201838278,2151.58640025042,3332.73787048667,2755.15940537597,2007.21296362104,2626.92524712514,2663.67468218421,2216.58964761,2474.48851371171,3614.12356107215
3067.2478315907,3368.70484253065,3285.13087126743,2164.63688555805,2865.38428034867,3842.22785912894,1559.10994971535,2921.12384783937,3151.84403261121,2676.52341125163,2804.05978443987,2752.12627223274,3252.29902541179,2882.40585275865,3320.75005962883,2073.97201838278,2151.58640025042,3332.73787048667,2755.15940537597,2007.21296362104,2626.92524712514,2663.67468218421,2216.58964761,2474.48851371171,3614.12356107215
3067.2478315907,3368.70484253065,3285.13087126743,2164.63688555805,2865.38428034867,3842.22785912894,1559.10994971535,2921.12384783937,3151.84403261121,2676.52341125163,2804.05978443987,2752.12627223274,3252.29902541179,2882.40585275865,3320.75005962883,2073.97201838278,2151.58640025042,3332.73787048667,2755.15940537597,2007.21296362104,2626.92524712514,2663.67468218421,2216.58964761,2474.48851371171,3614.12356107215
3067.2478315907,3368.70484253065,3285.13087126743,2164.63688555805,2865.38428034867,3842.22785912894,1559.10994971535,2921.12384783937,3151.84403261121,2676.52341125163,2804.05978443987,2752.12627223274,3252.29902541179,2882.40585275865,3320.75005962883,2073.97201838278,2151.58640025042,3332.73787048667,2755.15940537597,2007.21296362104,2626.92524712514,2663.67468218421,2216.58964761,2474.48851371171,3614.12356107215
3067.2478315907,3368.70484253065,3285.13087126743,2164.63688555805,2865.38428034867,3842.22785912894,1559.10994971535,2921.12384783937,3151.84403261121,2676.52341125163,2804.05978443987,2752.12627223274,3252.29902541179,2882.40585275865,3320.75005962883,2073.97201838278,2151.58640025042,3332.73787048667,2755.15940537597,2007.21296362104,2626.92524712514,2663.67468218421,2216.58964761,2474.48851371171,3614.12356107215
3067.2478315907,3368.70484253065,3285.13087126743,2164.63688555805,2865.38428034867,3842.22785912894,1559.10994971535,2921.12384783937,3151.84403261121,2676.52341125163,2804.05978443987,2752.12627223274,3252.29902541179,2882.40585275865,3320.75005962883,2073.97201838278,2151.58640025042,3332.73787048667,2755.15940537597,2007.21296362104,2626.92524712514,2663.67468218421,2216.58964761,2474.48851371171,3614.12356107215
3067.2478315907,3368.70484253065,3285.13087126743,2164.63688555805,2865.38428034867,3842.22785912894,1559.10994971535,2921.12384783937,3151.84403261121,2676.52341125163,2804.05978443987,2752.12627223274,3252.29902541179,2882.40585275865,3320.75005962883,2073.97201838278,2151.58640025042,3332.73787048667,2755.15940537597,2007.21296362104,2626.92524712514,2663.67468218421,2216.58964761,2474.48851371171,3614.12356107215
3067.2478315907,3368.70484253065,3285.13087126743,2164.63688555805,2865.38428034867,3842.22785912894,1559.10994971535,2921.12384783937,3151.84403261121,2676.52341125163,2804.05978443987,2752.12627223274,3252.29902541179,2882.40585275865,3320.75005962883,2073.97201838278,2151.58640025042,3332.73787048667,2755.15940537597,2007.21296362104,2626.92524712514,2663.67468218421,2216.58964761,2474.48851371171,3614.12356107215
3067.2478315907,3368.70484253065,3285.13087126743,2164.63688555805,2865.38428034867,3842.22785912894,1559.10994971535,2921.12384783937,3151.84403261121,2676.52341125163,2804.05978443987,2752.12627223274,3252.29902541179,2882.40585275865,3320.75005962883,2073.97201838278,2151.58640025042,3332.73787048667,2755.15940537597,2007.21296362104,2626.92524712514,2663.67468218421,2216.58964761,2474.48851371171,3614.12356107215
3067.2478315907,3368.70484253065,3285.13087126743,2164.63688555805,2865.38428034867,3842.22785912894,1559.10994971535,2921.12384783937,3151.84403261121,2676.52341125163,2804.05978443987,2752.12627223274,3252.29902541179,2882.40585275865,3320.75005962883,2073.97201838278,2151.58640025042,3332.73787048667,2755.15940537597,2007.21296362104,2626.92524712514,2663.67468218421,2216.58964761,2474.48851371171,3614.12356107215
3067.2478315907,3368.70484253065,3285.13087126743,2164.63688555805,2865.38428034867,3842.22785912894,1559.10994971535,2921.12384783937,3151.84403261121,2676.52341125163,2804.05978443987,2752.12627223274,3252.29902541179,2882.40585275865,3320.75005962883,2073.97201838278,2151.58640025042,3332.73787048667,2755.15940537597,2007.21296362104,2626.92524712514,2663.67468218421,2216.58964761,2474.48851371171,3614.12356107215
3067.2478315907,3368.70484253065,3285.13087126743,2164.63688555805,2865.38428034867,3842.22785912894,1559.10994971535,2921.12384783937,3151.84403261121,2676.52341125163,2804.05978443987,2752.12627223274,3252.29902541179,2882.40585275865,3320.75005962883,2073.97201838278,2151.58640025042,3332.73787048667,2755.15940537597,2007.21296362104,2626.92524712514,2663.67468218421,2216.58964761,2474.48851371171,3614.12356107215
3067.2478315907,3368.70484253065,3285.13087126743,2164.63688555805,2865.38428034867,3842.22785912894,1559.10994971535,2921.12384783937,3151.84403261121,2676.52341125163,2804.05978443987,2752.12627223274,3252.29902541179,2882.40585275865,3320.75005962883,2073.97201838278,2151.58640025042,3332.73787048667,2755.15940537597,2007.21296362104,2626.92524712514,2663.67468218421,2216.58964761,2474.48851371171,3614.12356107215
3067.2478315907,3368.70484253065,3285.13087126743,2164.63688555805,2865.38428034867,3842.22785912894,1559.10994971535,2921.12384783937,3151.84403261121,2676.52341125163,2804.05978443987,2752.12627223274,3252.29902541179,2882.40585275865,3320.75005962883,2073.97201838278,2151.58640025042,3332.73787048667,2755.15940537597,2007.21296362104,2626.92524712514,2663.67468218421,2216.58964761,2474.48851371171,3614.12356107215
3067.2478315907,3368.70484253065,3285.13087126743,2164.63688555805,2865.38428034867,3842.22785912894,1559.10994971535,2921.12384783937,3151.84403261121,2676.52341125163,2804.05978443987,2752.12627223274,3252.29902541179,2882.40585275865,3320.75005962883,2073.97201838278,2151.58640025042,3332.73787048667,2755.15940537597,2007.21296362104,2626.92524712514,2663.67468218421,2216.58964761,2474.48851371171,3614.12356107215
3067.2478315907,3368.70484253065,3285.13087126743,2164.63688555805,2865.38428034867,3842.22785912894,1559.10994971535,2921.12384783937,3151.84403261121,2676.52341125163,2804.05978443987,2752.12627223274,3252.29902541179,2882.40585275865,3320.75005962883,2073.97201838278,2151.58640025042,3332.73787048667,2755.15940537597,2007.21296362104,2626.92524712514,2663.67468218421,2216.58964761,2474.48851371171,3614.12356107215
3067.2478315907,3368.70484253065,3285.13087126743,2164.63688555805,2865.38428034867,3842.22785912894,1559.10994971535,2921.12384783937,3151.84403261121,2676.52341125163,2804.05978443987,2752.12627223274,3252.29902541179,2882.40585275865,3320.75005962883,2073.97201838278,2151.58640025042,3332.73787048667,2755.15940537597,2007.21296362104,2626.92524712514,2663.67468218421,2216.58964761,2474.48851371171,3614.12356107215
3067.2478315907,3368.70484253065,3285.13087126743,2164.63688555805,2865.38428034867,3842.22785912894,1559.10994971535,2921.12384783937,3151.84403261121,2676.52341125163,2804.05978443987,2752.12627223274,3252.29902541179,2882.40585275865,3320.75005962883,2073.97201838278,2151.58640025042,3332.73787048667,2755.15940537597,2007.21296362104,2626.92524712514,2663.67468218421,2216.58964761,2474.48851371171,3614.12356107215
3067.2478315907,3368.70484253065,3285.13087126743,2164.63688555805,2865.38428034867,3842.22785912894,1559.10994971535,2921.12384783937,3151.84403261121,2676.52341125163,2804.05978443987,2752.12627223274,3252.29902541179,2882.40585275865,3320.75005962883,2073.97201838278,2151.58640025042,3332.73787048667,2755.15940537597,2007.21296362104,2626.92524712514,2663.67468218421,2216.58964761,2474.48851371171,3614.12356107215
3067.2478315907,3368.70484253065,3285.13087126743,2164.63688555805,2865.38428034867,3842.22785912894,1559.10994971535,2921.12384783937,3151.84403261121,2676.52341125163,2804.05978443987,2752.12627223274,3252.29902541179,2882.40585275865,3320.75005962883,2073.97201838278,2151.58640025042,3332.73787048667,2755.15940537597,2007.21296362104,2626.92524712514,2663.67468218421,2216.58964761,2474.48851371171,3614.12356107215
3067.2478315907,3368.70484253065,3285.13087126743,2164.63688555805,2865.38428034867,3842.22785912894,1559.10994971535,2921.12384783937,3151.84403261121,2676.52341125163,2804.05978443987,2752.12627223274,3252.29902541179,2882.40585275865,3320.75005962883,2073.97201838278,2151.58640025042,3332.73787048667,2755.15940537597,2007.21296362104,2626.92524712514,2663.67468218421,2216.58964761,2474.48851371171,3614.12356107215
3067.2478315907,3368.70484253065,3285.13087126743,2164.63688555805,2865.38428034867,3842.22785912894,1559.10994971535,2921.12384783937,3151.84403261121,2676.52341125163,2804.05978443987,2752.12627223274,3252.29902541179,2882.40585275865,3320.75005962883,2073.97201838278,2151.58640025042,3332.73787048667,2755.15940537597,2007.21296362104,2626.92524712514,2663.67468218421,2216.58964761,2474.48851371171,3614.12356107215
3067.2478315907,3368.70484253065,3285.13087126743,2164.63688555805,2865.38428034867,3842.22785912894,1559.10994971535,2921.12384783937,3151.84403261121,2676.52341125163,2804.05978443987,2752.12627223274,3252.29902541179,2882.40585275865,3320.75005962883,2073.97201838278,2151.58640025042,3332.73787048667,2755.15940537597,2007.21296362104,2626.92524712514,2663.67468218421,2216.58964761,2474.48851371171,3614.12356107215
3067.2478315907,3368.70484253065,3285.13087126743,2164.63688555805,2865.38428034867,3842.22785912894,1559.10994971535,2921.12384783937,3151.84403261121,2676.52341125163,2804.05978443987,2752.12627223274,3252.29902541179,2882.40585275865,3320.75005962883,2073.97201838278,2151.58640025042,3332.73787048667,2755.15940537597,2007.21296362104,2626.92524712514,2663.67468218421,2216.58964761,2474.48851371171,3614.12356107215
3067.2478315907,3368.70484253065,3285.13087126743,2164.63688555805,2865.38428034867,3842.22785912894,1559.10994971535,2921.12384783937,3151.84403261121,2676.52341125163,2804.05978443987,2752.12627223274,3252.29902541179,2882.40585275865,3320.75005962883,2073.97201838278,2151.58640025042,3332.73787048667,2755.15940537597,2007.21296362104,2626.92524712514,2663.67468218421,2216.58964761,2474.48851371171,3614.12356107215
3067.2478315907,3368.70484253065,3285.13087126743,2164.63688555805,2865.38428034867,3842.22785912894,1559.10994971535,2921.12384783937,3151.84403261121,2676.52341125163,2804.05978443987,2752.12627223274,3252.29902541179,2882.40585275865,3320.75005962883,2073.97201838278,2151.58640025042,3332.73787048667,2755.15940537597,2007.21296362104,2626.92524712514,2663.67468218421,2216.58964761,2474.48851371171,3614.12356107215
3067.2478315907,3368.70484253065,3285.13087126743,2164.63688555805,2865.38428034867,3842.22785912894,1559.10994971535,2921.12384783937,3151.84403261121,2676.52341125163,2804.05978443987,2752.12627223274,3252.29902541179,2882.40585275865,3320.75005962883,2073.97201838278,2151.58640025042,3332.73787048667,2755.15940537597,2007.21296362104,2626.92524712514,2663.67468218421,2216.58964761,2474.48851371171,3614.12356107215
3067.2478315907,3368.70484253065,3285.13087126743,2164.63688555805,2865.38428034867,3842.22785912894,1559.10994971535,2921.12384783937,3151.84403261121,2676.52341125163,2804.05978443987,2752.12627223274,3252.29902541179,2882.40585275865,3320.75005962883,2073.97201838278,2151.58640025042,3332.73787048667,2755.15940537597,2007.21296362104,2626.92524712514,2663.67468218421,2216.58964761,2474.48851371171,3614.12356107215
3067.2478315907,3368.70484253065,3285.13087126743,2164.63688555805,2865.38428034867,3842.22785912894,1559.10994971535,2921.12384783937,3151.84403261121,2676.52341125163,2804.05978443987,2752.12627223274,3252.29902541179,2882.40585275865,3320.75005962883,2073.97201838278,2151.58640025042,3332.73787048667,2755.15940537597,2007.21296362104,2626.92524712514,2663.67468218421,2216.58964761,2474.48851371171,3614.12356107215
3067.2478315907,3368.70484253065,3285.13087126743,2164.63688555805,2865.38428034867,3842.22785912894,1559.10994971535,2921.12384783937,3151.84403261121,2676.52341125163,2804.05978443987,2752.12627223274,3252.29902541179,2882.40585275865,3320.75005962883,2073.97201838278,2151.58640025042,3332.73787048667,2755.15940537597,2007.21296362104,2626.92524712514,2663.67468218421,2216.58964761,2474.48851371171,3614.12356107215
3067.2478315907,3368.70484253065,3285.13087126743,2164.63688555805,2865.38428034867,3842.22785912894,1559.10994971535,2921.12384783937,3151.84403261121,2676.52341125163,2804.05978443987,2752.12627223274,3252.29902541179,2882.40585275865,3320.75005962883,2073.97201838278,2151.58640025042,3332.73787048667,2755.15940537597,2007.21296362104,2626.92524712514,2663.67468218421,2216.58964761,2474.48851371171,3614.12356107215
3067.2478315907,3368.70484253065,3285.13087126743,2164.63688555805,2865.38428034867,3842.22785912894,1559.10994971535,2921.12384783937,3151.84403261121,2676.52341125163,2804.05978443987,2752.12627223274,3252.29902541179,2882.40585275865,3320.75005962883,2073.97201838278,2151.58640025042,3332.73787048667,2755.15940537597,2007.21296362104,2626.92524712514,2663.67468218421,2216.58964761,2474.48851371171,3614.12356107215
3067.2478315907,3368.70484253065,3285.13087126743,2164.63688555805,2865.38428034867,3842.22785912894,1559.10994971535,2921.12384783937,3151.84403261121,2676.52341125163,2804.05978443987,2752.12627223274,3252.29902541179,2882.40585275865,3320.75005962883,2073.97201838278,2151.58640025042,3332.73787048667,2755.15940537597,2007.21296362104,2626.92524712514,2663.67468218421,2216.58964761,2474.48851371171,3614.12356107215
3067.2478315907,3368.70484253065,3285.13087126743,2164.63688555805,2865.38428034867,3842.22785912894,1559.10994971535,2921.12384783937,3151.84403261121,2676.52341125163,2804.05978443987,2752.12627223274,3252.29902541179,2882.40585275865,3320.75005962883,2073.97201838278,2151.58640025042,3332.73787048667,2755.15940537597,2007.21296362104,2626.92524712514,2663.67468218421,2216.58964761,2474.48851371171,3614.12356107215
3067.2478315907,3368.70484253065,3285.13087126743,2164.63688555805,2865.38428034867,3842.22785912894,1559.10994971535,2921.12384783937,3151.84403261121,2676.52341125163,2804.05978443987,2752.12627223274,3252.29902541179,2882.40585275865,3320.75005962883,2073.97201838278,2151.58640025042,3332.73787048667,2755.15940537597,2007.21296362104,2626.92524712514,2663.67468218421,2216.58964761,2474.48851371171,3614.12356107215
3067.2478315907,3368.70484253065,3285.13087126743,2164.63688555805,2865.38428034867,3842.22785912894,1559.10994971535,2921.12384783937,3151.84403261121,2676.52341125163,2804.05978443987,2752.12627223274,3252.29902541179,2882.40585275865,3320.75005962883,2073.97201838278,2151.58640025042,3332.73787048667,2755.15940537597,2007.21296362104,2626.92524712514,2663.67468218421,2216.58964761,2474.48851371171,3614.12356107215
3067.2478315907,3368.70484253065,3285.13087126743,2164.63688555805,2865.38428034867,3842.22785912894,1559.10994971535,2921.12384783937,3151.84403261121,2676.52341125163,2804.05978443987,2752.12627223274,3252.29902541179,2882.40585275865,3320.75005962883,2073.97201838278,2151.58640025042,3332.73787048667,2755.15940537597,2007.21296362104,2626.92524712514,2663.67468218421,2216.58964761,2474.48851371171,3614.12356107215
3067.2478315907,3368.70484253065,3285.13087126743,2164.63688555805,2865.38428034867,3842.22785912894,1559.10994971535,2921.12384783937,3151.84403261121,2676.52341125163,2804.05978443987,2752.12627223274,3252.29902541179,2882.40585275865,3320.75005962883,2073.97201838278,2151.58640025042,3332.73787048667,2755.15940537597,2007.21296362104,2626.92524712514,2663.67468218421,2216.58964761,2474.48851371171,3614.12356107215
3067.2478315907,3368.70484253065,3285.13087126743,2164.63688555805,2865.38428034867,3842.22785912894,1559.10994971535,2921.12384783937,3151.84403261121,2676.52341125163,2804.05978443987,2752.12627223274,3252.29902541179,2882.40585275865,3320.75005962883,2073.97201838278,2151.58640025042,3332.73787048667,2755.15940537597,2007.21296362104,2626.92524712514,2663.67468218421,2216.58964761,2474.48851371171,3614.12356107215
3067.2478315907,3368.70484253065,3285.13087126743,2164.63688555805,2865.38428034867,3842.22785912894,1559.10994971535,2921.12384783937,3151.84403261121,2676.52341125163,2804.05978443987,2752.12627223274,3252.29902541179,2882.40585275865,3320.75005962883,2073.97201838278,2151.58640025042,3332.73787048667,2755.15940537597,2007.21296362104,2626.92524712514,2663.67468218421,2216.58964761,2474.48851371171,3614.12356107215
3067.2478315907,3368.70484253065,3285.13087126743,2164.63688555805,2865.38428034867,3842.22785912894,1559.10994971535,2921.12384783937,3151.84403261121,2676.52341125163,2804.05978443987,2752.12627223274,3252.29902541179,2882.40585275865,3320.75005962883,2073.97201838278,2151.58640025042,3332.73787048667,2755.15940537597,2007.21296362104,2626.92524712514,2663.67468218421,2216.58964761,2474.48851371171,3614.12356107215
3067.2478315907,3368.70484253065,3285.13087126743,2164.63688555805,2865.38428034867,3842.22785912894,1559.10994971535,2921.12384783937,3151.84403261121,2676.52341125163,2804.05978443987,2752.12627223274,3252.29902541179,2882.40585275865,3320.75005962883,2073.97201838278,2151.58640025042,3332.73787048667,2755.15940537597,2007.21296362104,2626.92524712514,2663.67468218421,2216.58964761,2474.48851371171,3614.12356107215
3067.2478315907,3368.70484253065,3285.13087126743,2164.63688555805,2865.38428034867,3842.22785912894,1559.10994971535,2921.12384783937,3151.84403261121,2676.52341125163,2804.05978443987,2752.12627223274,3252.29902541179,2882.40585275865,3320.75005962883,2073.97201838278,2151.58640025042,3332.73787048667,2755.15940537597,2007.21296362104,2626.92524712514,2663.67468218421,2216.58964761,2474.48851371171,3614.12356107215
3067.2478315907,3368.70484253065,3285.13087126743,2164.63688555805,2865.38428034867,3842.22785912894,1559.10994971535,2921.12384783937,3151.84403261121,2676.52341125163,2804.05978443987,2752.12627223274,3252.29902541179,2882.40585275865,3320.75005962883,2073.97201838278,2151.58640025042,3332.73787048667,2755.15940537597,2007.21296362104,2626.92524712514,2663.67468218421,2216.58964761,2474.48851371171,3614.12356107215
3067.2478315907,3368.70484253065,3285.13087126743,2164.63688555805,2865.38428034867,3842.22785912894,1559.10994971535,2921.12384783937,3151.84403261121,2676.52341125163,2804.05978443987,2752.12627223274,3252.29902541179,2882.40585275865,3320.75005962883,2073.97201838278,2151.58640025042,3332.73787048667,2755.15940537597,2007.21296362104,2626.92524712514,2663.67468218421,2216.58964761,2474.48851371171,3614.12356107215
3067.2478315907,3368.70484253065,3285.13087126743,2164.63688555805,2865.38428034867,3842.22785912894,1559.10994971535,2921.12384783937,3151.84403261121,2676.52341125163,2804.05978443987,2752.12627223274,3252.29902541179,2882.40585275865,3320.75005962883,2073.97201838278,2151.58640025042,3332.73787048667,2755.15940537597,2007.21296362104,2626.92524712514,2663.67468218421,2216.58964761,2474.48851371171,3614.12356107215
3067.2478315907,3368.70484253065,3285.13087126743,2164.63688555805,2865.38428034867,3842.22785912894,1559.10994971535,2921.12384783937,3151.84403261121,2676.52341125163,2804.05978443987,2752.12627223274,3252.29902541179,2882.40585275865,3320.75005962883,2073.97201838278,2151.58640025042,3332.73787048667,2755.15940537597,2007.21296362104,2626.92524712514,2663.67468218421,2216.58964761,2474.48851371171,3614.12356107215
3067.2478315907,3368.70484253065,3285.13087126743,2164.63688555805,2865.38428034867,3842.22785912894,1559.10994971535,2921.12384783937,3151.84403261121,2676.52341125163,2804.05978443987,2752.12627223274,3252.29902541179,2882.40585275865,3320.75005962883,2073.97201838278,2151.58640025042,3332.73787048667,2755.15940537597,2007.21296362104,2626.92524712514,2663.67468218421,2216.58964761,2474.48851371171,3614.12356107215
3067.2478315907,3368.70484253065,3285.13087126743,2164.63688555805,2865.38428034867,3842.22785912894,1559.10994971535,2921.12384783937,3151.84403261121,2676.52341125163,2804.05978443987,2752.12627223274,3252.29902541179,2882.40585275865,3320.75005962883,2073.97201838278,2151.58640025042,3332.73787048667,2755.15940537597,2007.21296362104,2626.92524712514,2663.67468218421,2216.58964761,2474.48851371171,3614.12356107215
3067.2478315907,3368.70484253065,3285.13087126743,2164.63688555805,2865.38428034867,3842.22785912894,1559.10994971535,2921.12384783937,3151.84403261121,2676.52341125163,2804.05978443987,2752.12627223274,3252.29902541179,2882.40585275865,3320.75005962883,2073.97201838278,2151.58640025042,3332.73787048667,2755.15940537597,2007.21296362104,2626.92524712514,2663.67468218421,2216.58964761,2474.48851371171,3614.12356107215
3067.2478315907,3368.70484253065,3285.13087126743,2164.63688555805,2865.38428034867,3842.22785912894,1559.10994971535,2921.12384783937,3151.84403261121,2676.52341125163,2804.05978443987,2752.12627223274,3252.29902541179,2882.40585275865,3320.75005962883,2073.97201838278,2151.58640025042,3332.73787048667,2755.15940537597,2007.21296362104,2626.92524712514,2663.67468218421,2216.58964761,2474.48851371171,3614.12356107215
3067.2478315907,3368.70484253065,3285.13087126743,2164.63688555805,2865.38428034867,3842.22785912894,1559.10994971535,2921.12384783937,3151.84403261121,2676.52341125163,2804.05978443987,2752.12627223274,3252.29902541179,2882.40585275865,3320.75005962883,2073.97201838278,2151.58640025042,3332.73787048667,2755.15940537597,2007.21296362104,2626.92524712514,2663.67468218421,2216.58964761,2474.48851371171,3614.12356107215
3067.2478315907,3368.70484253065,3285.13087126743,2164.63688555805,2865.38428034867,3842.22785912894,1559.10994971535,2921.12384783937,3151.84403261121,2676.52341125163,2804.05978443987,2752.12627223274,3252.29902541179,2882.40585275865,3320.75005962883,2073.97201838278,2151.58640025042,3332.73787048667,2755.15940537597,2007.21296362104,2626.92524712514,2663.67468218421,2216.58964761,2474.48851371171,3614.12356107215
3067.2478315907,3368.70484253065,3285.13087126743,2164.63688555805,2865.38428034867,3842.22785912894,1559.10994971535,2921.12384783937,3151.84403261121,2676.52341125163,2804.05978443987,2752.12627223274,3252.29902541179,2882.40585275865,3320.75005962883,2073.97201838278,2151.58640025042,3332.73787048667,2755.15940537597,2007.21296362104,2626.92524712514,2663.67468218421,2216.58964761,2474.48851371171,3614.12356107215
3067.2478315907,3368.70484253065,3285.13087126743,2164.63688555805,2865.38428034867,3842.22785912894,1559.10994971535,2921.12384783937,3151.84403261121,2676.52341125163,2804.05978443987,2752.12627223274,3252.29902541179,2882.40585275865,3320.75005962883,2073.97201838278,2151.58640025042,3332.73787048667,2755.15940537597,2007.21296362104,2626.92524712514,2663.67468218421,2216.58964761,2474.48851371171,3614.12356107215
3067.2478315907,3368.70484253065,3285.13087126743,2164.63688555805,2865.38428034867,3842.22785912894,1559.10994971535,2921.12384783937,3151.84403261121,2676.52341125163,2804.05978443987,2752.12627223274,3252.29902541179,2882.40585275865,3320.75005962883,2073.97201838278,2151.58640025042,3332.73787048667,2755.15940537597,2007.21296362104,2626.92524712514,2663.67468218421,2216.58964761,2474.48851371171,3614.12356107215
3067.2478315907,3368.70484253065,3285.13087126743,2164.63688555805,2865.38428034867,3842.22785912894,1559.10994971535,2921.12384783937,3151.84403261121,2676.52341125163,2804.05978443987,2752.12627223274,3252.29902541179,2882.40585275865,3320.75005962883,2073.97201838278,2151.58640025042,3332.73787048667,2755.15940537597,2007.21296362104,2626.92524712514,2663.67468218421,2216.58964761,2474.48851371171,3614.12356107215
3067.2478315907,3368.70484253065,3285.13087126743,2164.63688555805,2865.38428034867,3842.22785912894,1559.10994971535,2921.12384783937,3151.84403261121,2676.52341125163,2804.05978443987,2752.12627223274,3252.29902541179,2882.40585275865,3320.75005962883,2073.97201838278,2151.58640025042,3332.73787048667,2755.15940537597,2007.21296362104,2626.92524712514,2663.67468218421,2216.58964761,2474.48851371171,3614.12356107215
3067.2478315907,3368.70484253065,3285.13087126743,2164.63688555805,2865.38428034867,3842.22785912894,1559.10994971535,2921.12384783937,3151.84403261121,2676.52341125163,2804.05978443987,2752.12627223274,3252.29902541179,2882.40585275865,3320.75005962883,2073.97201838278,2151.58640025042,3332.73787048667,2755.15940537597,2007.21296362104,2626.92524712514,2663.67468218421,2216.58964761,2474.48851371171,3614.12356107215
3067.2478315907,3368.70484253065,3285.13087126743,2164.63688555805,2865.38428034867,3842.22785912894,1559.10994971535,2921.12384783937,3151.84403261121,2676.52341125163,2804.05978443987,2752.12627223274,3252.29902541179,2882.40585275865,3320.75005962883,2073.97201838278,2151.58640025042,3332.73787048667,2755.15940537597,2007.21296362104,2626.92524712514,2663.67468218421,2216.58964761,2474.48851371171,3614.12356107215
3067.2478315907,3368.70484253065,3285.13087126743,2164.63688555805,2865.38428034867,3842.22785912894,1559.10994971535,2921.12384783937,3151.84403261121,2676.52341125163,2804.05978443987,2752.12627223274,3252.29902541179,2882.40585275865,3320.75005962883,2073.97201838278,2151.58640025042,3332.73787048667,2755.15940537597,2007.21296362104,2626.92524712514,2663.67468218421,2216.58964761,2474.48851371171,3614.12356107215
3067.2478315907,3368.70484253065,3285.13087126743,2164.63688555805,2865.38428034867,3842.22785912894,1559.10994971535,2921.12384783937,3151.84403261121,2676.52341125163,2804.05978443987,2752.12627223274,3252.29902541179,2882.40585275865,3320.75005962883,2073.97201838278,2151.58640025042,3332.73787048667,2755.15940537597,2007.21296362104,2626.92524712514,2663.67468218421,2216.58964761,2474.48851371171,3614.12356107215
3067.2478315907,3368.70484253065,3285.13087126743,2164.63688555805,2865.38428034867,3842.22785912894,1559.10994971535,2921.12384783937,3151.84403261121,2676.52341125163,2804.05978443987,2752.12627223274,3252.29902541179,2882.40585275865,3320.75005962883,2073.97201838278,2151.58640025042,3332.73787048667,2755.15940537597,2007.21296362104,2626.92524712514,2663.67468218421,2216.58964761,2474.48851371171,3614.12356107215
3067.2478315907,3368.70484253065,3285.13087126743,2164.63688555805,2865.38428034867,3842.22785912894,1559.10994971535,2921.12384783937,3151.84403261121,2676.52341125163,2804.05978443987,2752.12627223274,3252.29902541179,2882.40585275865,3320.75005962883,2073.97201838278,2151.58640025042,3332.73787048667,2755.15940537597,2007.21296362104,2626.92524712514,2663.67468218421,2216.58964761,2474.48851371171,3614.12356107215
3067.2478315907,3368.70484253065,3285.13087126743,2164.63688555805,2865.38428034867,3842.22785912894,1559.10994971535,2921.12384783937,3151.84403261121,2676.52341125163,2804.05978443987,2752.12627223274,3252.29902541179,2882.40585275865,3320.75005962883,2073.97201838278,2151.58640025042,3332.73787048667,2755.15940537597,2007.21296362104,2626.92524712514,2663.67468218421,2216.58964761,2474.48851371171,3614.12356107215
3067.2478315907,3368.70484253065,3285.13087126743,2164.63688555805,2865.38428034867,3842.22785912894,1559.10994971535,2921.12384783937,3151.84403261121,2676.52341125163,2804.05978443987,2752.12627223274,3252.29902541179,2882.40585275865,3320.75005962883,2073.97201838278,2151.58640025042,3332.73787048667,2755.15940537597,2007.21296362104,2626.92524712514,2663.67468218421,2216.58964761,2474.48851371171,3614.12356107215
3067.2478315907,3368.70484253065,3285.13087126743,2164.63688555805,2865.38428034867,3842.22785912894,1559.10994971535,2921.12384783937,3151.84403261121,2676.52341125163,2804.05978443987,2752.12627223274,3252.29902541179,2882.40585275865,3320.75005962883,2073.97201838278,2151.58640025042,3332.73787048667,2755.15940537597,2007.21296362104,2626.92524712514,2663.67468218421,2216.58964761,2474.48851371171,3614.12356107215
3067.2478315907,3368.70484253065,3285.13087126743,2164.63688555805,2865.38428034867,3842.22785912894,1559.10994971535,2921.12384783937,3151.84403261121,2676.52341125163,2804.05978443987,2752.12627223274,3252.29902541179,2882.40585275865,3320.75005962883,2073.97201838278,2151.58640025042,3332.73787048667,2755.15940537597,2007.21296362104,2626.92524712514,2663.67468218421,2216.58964761,2474.48851371171,3614.12356107215
3067.2478315907,3368.70484253065,3285.13087126743,2164.63688555805,2865.38428034867,3842.22785912894,1559.10994971535,2921.12384783937,3151.84403261121,2676.52341125163,2804.05978443987,2752.12627223274,3252.29902541179,2882.40585275865,3320.75005962883,2073.97201838278,2151.58640025042,3332.73787048667,2755.15940537597,2007.21296362104,2626.92524712514,2663.67468218421,2216.58964761,2474.48851371171,3614.12356107215
3067.2478315907,3368.70484253065,3285.13087126743,2164.63688555805,2865.38428034867,3842.22785912894,1559.10994971535,2921.12384783937,3151.84403261121,2676.52341125163,2804.05978443987,2752.12627223274,3252.29902541179,2882.40585275865,3320.75005962883,2073.97201838278,2151.58640025042,3332.73787048667,2755.15940537597,2007.21296362104,2626.92524712514,2663.67468218421,2216.58964761,2474.48851371171,3614.12356107215
3067.2478315907,3368.70484253065,3285.13087126743,2164.63688555805,2865.38428034867,3842.22785912894,1559.10994971535,2921.12384783937,3151.84403261121,2676.52341125163,2804.05978443987,2752.12627223274,3252.29902541179,2882.40585275865,3320.75005962883,2073.97201838278,2151.58640025042,3332.73787048667,2755.15940537597,2007.21296362104,2626.92524712514,2663.67468218421,2216.58964761,2474.48851371171,3614.12356107215
3067.2478315907,3368.70484253065,3285.13087126743,2164.63688555805,2865.38428034867,3842.22785912894,1559.10994971535,2921.12384783937,3151.84403261121,2676.52341125163,2804.05978443987,2752.12627223274,3252.29902541179,2882.40585275865,3320.75005962883,2073.97201838278,2151.58640025042,3332.73787048667,2755.15940537597,2007.21296362104,2626.92524712514,2663.67468218421,2216.58964761,2474.48851371171,3614.12356107215
3067.2478315907,3368.70484253065,3285.13087126743,2164.63688555805,2865.38428034867,3842.22785912894,1559.10994971535,2921.12384783937,3151.84403261121,2676.52341125163,2804.05978443987,2752.12627223274,3252.29902541179,2882.40585275865,3320.75005962883,2073.97201838278,2151.58640025042,3332.73787048667,2755.15940537597,2007.21296362104,2626.92524712514,2663.67468218421,2216.58964761,2474.48851371171,3614.12356107215
3067.2478315907,3368.70484253065,3285.13087126743,2164.63688555805,2865.38428034867,3842.22785912894,1559.10994971535,2921.12384783937,3151.84403261121,2676.52341125163,2804.05978443987,2752.12627223274,3252.29902541179,2882.40585275865,3320.75005962883,2073.97201838278,2151.58640025042,3332.73787048667,2755.15940537597,2007.21296362104,2626.92524712514,2663.67468218421,2216.58964761,2474.48851371171,3614.12356107215
3067.2478315907,3368.70484253065,3285.13087126743,2164.63688555805,2865.38428034867,3842.22785912894,1559.10994971535,2921.12384783937,3151.84403261121,2676.52341125163,2804.05978443987,2752.12627223274,3252.29902541179,2882.40585275865,3320.75005962883,2073.97201838278,2151.58640025042,3332.73787048667,2755.15940537597,2007.21296362104,2626.92524712514,2663.67468218421,2216.58964761,2474.48851371171,3614.12356107215
3067.2478315907,3368.70484253065,3285.13087126743,2164.63688555805,2865.38428034867,3842.22785912894,1559.10994971535,2921.12384783937,3151.84403261121,2676.52341125163,2804.05978443987,2752.12627223274,3252.29902541179,2882.40585275865,3320.75005962883,2073.97201838278,2151.58640025042,3332.73787048667,2755.15940537597,2007.21296362104,2626.92524712514,2663.67468218421,2216.58964761,2474.48851371171,3614.12356107215
3067.2478315907,3368.70484253065,3285.13087126743,2164.63688555805,2865.38428034867,3842.22785912894,1559.10994971535,2921.12384783937,3151.84403261121,2676.52341125163,2804.05978443987,2752.12627223274,3252.29902541179,2882.40585275865,3320.75005962883,2073.97201838278,2151.58640025042,3332.73787048667,2755.15940537597,2007.21296362104,2626.92524712514,2663.67468218421,2216.58964761,2474.48851371171,3614.12356107215
3067.2478315907,3368.70484253065,3285.13087126743,2164.63688555805,2865.38428034867,3842.22785912894,1559.10994971535,2921.12384783937,3151.84403261121,2676.52341125163,2804.05978443987,2752.12627223274,3252.29902541179,2882.40585275865,3320.75005962883,2073.97201838278,2151.58640025042,3332.73787048667,2755.15940537597,2007.21296362104,2626.92524712514,2663.67468218421,2216.58964761,2474.48851371171,3614.12356107215
3067.2478315907,3368.70484253065,3285.13087126743,2164.63688555805,2865.38428034867,3842.22785912894,1559.10994971535,2921.12384783937,3151.84403261121,2676.52341125163,2804.05978443987,2752.12627223274,3252.29902541179,2882.40585275865,3320.75005962883,2073.97201838278,2151.58640025042,3332.73787048667,2755.15940537597,2007.21296362104,2626.92524712514,2663.67468218421,2216.58964761,2474.48851371171,3614.12356107215
3067.2478315907,3368.70484253065,3285.13087126743,2164.63688555805,2865.38428034867,3842.22785912894,1559.10994971535,2921.12384783937,3151.84403261121,2676.52341125163,2804.05978443987,2752.12627223274,3252.29902541179,2882.40585275865,3320.75005962883,2073.97201838278,2151.58640025042,3332.73787048667,2755.15940537597,2007.21296362104,2626.92524712514,2663.67468218421,2216.58964761,2474.48851371171,3614.12356107215
3067.2478315907,3368.70484253065,3285.13087126743,2164.63688555805,2865.38428034867,3842.22785912894,1559.10994971535,2921.12384783937,3151.84403261121,2676.52341125163,2804.05978443987,2752.12627223274,3252.29902541179,2882.40585275865,3320.75005962883,2073.97201838278,2151.58640025042,3332.73787048667,2755.15940537597,2007.21296362104,2626.92524712514,2663.67468218421,2216.58964761,2474.48851371171,3614.12356107215
3067.2478315907,3368.70484253065,3285.13087126743,2164.63688555805,2865.38428034867,3842.22785912894,1559.10994971535,2921.12384783937,3151.84403261121,2676.52341125163,2804.05978443987,2752.12627223274,3252.29902541179,2882.40585275865,3320.75005962883,2073.97201838278,2151.58640025042,3332.73787048667,2755.15940537597,2007.21296362104,2626.92524712514,2663.67468218421,2216.58964761,2474.48851371171,3614.12356107215
3067.2478315907,3368.70484253065,3285.13087126743,2164.63688555805,2865.38428034867,3842.22785912894,1559.10994971535,2921.12384783937,3151.84403261121,2676.52341125163,2804.05978443987,2752.12627223274,3252.29902541179,2882.40585275865,3320.75005962883,2073.97201838278,2151.58640025042,3332.73787048667,2755.15940537597,2007.21296362104,2626.92524712514,2663.67468218421,2216.58964761,2474.48851371171,3614.12356107215
3067.2478315907,3368.70484253065,3285.13087126743,2164.63688555805,2865.38428034867,3842.22785912894,1559.10994971535,2921.12384783937,3151.84403261121,2676.52341125163,2804.05978443987,2752.12627223274,3252.29902541179,2882.40585275865,3320.75005962883,2073.97201838278,2151.58640025042,3332.73787048667,2755.15940537597,2007.21296362104,2626.92524712514,2663.67468218421,2216.58964761,2474.48851371171,3614.12356107215
3067.2478315907,3368.70484253065,3285.13087126743,2164.63688555805,2865.38428034867,3842.22785912894,1559.10994971535,2921.12384783937,3151.84403261121,2676.52341125163,2804.05978443987,2752.12627223274,3252.29902541179,2882.40585275865,3320.75005962883,2073.97201838278,2151.58640025042,3332.73787048667,2755.15940537597,2007.21296362104,2626.92524712514,2663.67468218421,2216.58964761,2474.48851371171,3614.12356107215
3067.2478315907,3368.70484253065,3285.13087126743,2164.63688555805,2865.38428034867,3842.22785912894,1559.10994971535,2921.12384783937,3151.84403261121,2676.52341125163,2804.05978443987,2752.12627223274,3252.29902541179,2882.40585275865,3320.75005962883,2073.97201838278,2151.58640025042,3332.73787048667,2755.15940537597,2007.21296362104,2626.92524712514,2663.67468218421,2216.58964761,2474.48851371171,3614.12356107215
3067.2478315907,3368.70484253065,3285.13087126743,2164.63688555805,2865.38428034867,3842.22785912894,1559.10994971535,2921.12384783937,3151.84403261121,2676.52341125163,2804.05978443987,2752.12627223274,3252.29902541179,2882.40585275865,3320.75005962883,2073.97201838278,2151.58640025042,3332.73787048667,2755.15940537597,2007.21296362104,2626.92524712514,2663.67468218421,2216.58964761,2474.48851371171,3614.12356107215
3067.2478315907,3368.70484253065,3285.13087126743,2164.63688555805,2865.38428034867,3842.22785912894,1559.10994971535,2921.12384783937,3151.84403261121,2676.52341125163,2804.05978443987,2752.12627223274,3252.29902541179,2882.40585275865,3320.75005962883,2073.97201838278,2151.58640025042,3332.73787048667,2755.15940537597,2007.21296362104,2626.92524712514,2663.67468218421,2216.58964761,2474.48851371171,3614.12356107215
3067.2478315907,3368.70484253065,3285.13087126743,2164.63688555805,2865.38428034867,3842.22785912894,1559.10994971535,2921.12384783937,3151.84403261121,2676.52341125163,2804.05978443987,2752.12627223274,3252.29902541179,2882.40585275865,3320.75005962883,2073.97201838278,2151.58640025042,3332.73787048667,2755.15940537597,2007.21296362104,2626.92524712514,2663.67468218421,2216.58964761,2474.48851371171,3614.12356107215
3067.2478315907,3368.70484253065,3285.13087126743,2164.63688555805,2865.38428034867,3842.22785912894,1559.10994971535,2921.12384783937,3151.84403261121,2676.52341125163,2804.05978443987,2752.12627223274,3252.29902541179,2882.40585275865,3320.75005962883,2073.97201838278,2151.58640025042,3332.73787048667,2755.15940537597,2007.21296362104,2626.92524712514,2663.67468218421,2216.58964761,2474.48851371171,3614.12356107215
3067.2478315907,3368.70484253065,3285.13087126743,2164.63688555805,2865.38428034867,3842.22785912894,1559.10994971535,2921.12384783937,3151.84403261121,2676.52341125163,2804.05978443987,2752.12627223274,3252.29902541179,2882.40585275865,3320.75005962883,2073.97201838278,2151.58640025042,3332.73787048667,2755.15940537597,2007.21296362104,2626.92524712514,2663.67468218421,2216.58964761,2474.48851371171,3614.12356107215
3067.2478315907,3368.70484253065,3285.13087126743,2164.63688555805,2865.38428034867,3842.22785912894,1559.10994971535,2921.12384783937,3151.84403261121,2676.52341125163,2804.05978443987,2752.12627223274,3252.29902541179,2882.40585275865,3320.75005962883,2073.97201838278,2151.58640025042,3332.73787048667,2755.15940537597,2007.21296362104,2626.92524712514,2663.67468218421,2216.58964761,2474.48851371171,3614.12356107215
3067.2478315907,3368.70484253065,3285.13087126743,2164.63688555805,2865.38428034867,3842.22785912894,1559.10994971535,2921.12384783937,3151.84403261121,2676.52341125163,2804.05978443987,2752.12627223274,3252.29902541179,2882.40585275865,3320.75005962883,2073.97201838278,2151.58640025042,3332.73787048667,2755.15940537597,2007.21296362104,2626.92524712514,2663.67468218421,2216.58964761,2474.48851371171,3614.12356107215
3067.2478315907,3368.70484253065,3285.13087126743,2164.63688555805,2865.38428034867,3842.22785912894,1559.10994971535,2921.12384783937,3151.84403261121,2676.52341125163,2804.05978443987,2752.12627223274,3252.29902541179,2882.40585275865,3320.75005962883,2073.97201838278,2151.58640025042,3332.73787048667,2755.15940537597,2007.21296362104,2626.92524712514,2663.67468218421,2216.58964761,2474.48851371171,3614.12356107215
3067.2478315907,3368.70484253065,3285.13087126743,2164.63688555805,2865.38428034867,3842.22785912894,1559.10994971535,2921.12384783937,3151.84403261121,2676.52341125163,2804.05978443987,2752.12627223274,3252.29902541179,2882.40585275865,3320.75005962883,2073.97201838278,2151.58640025042,3332.73787048667,2755.15940537597,2007.21296362104,2626.92524712514,2663.67468218421,2216.58964761,2474.48851371171,3614.12356107215
3067.2478315907,3368.70484253065,3285.13087126743,2164.63688555805,2865.38428034867,3842.22785912894,1559.10994971535,2921.12384783937,3151.84403261121,2676.52341125163,2804.05978443987,2752.12627223274,3252.29902541179,2882.40585275865,3320.75005962883,2073.97201838278,2151.58640025042,3332.73787048667,2755.15940537597,2007.21296362104,2626.92524712514,2663.67468218421,2216.58964761,2474.48851371171,3614.12356107215
3067.2478315907,3368.70484253065,3285.13087126743,2164.63688555805,2865.38428034867,3842.22785912894,1559.10994971535,2921.12384783937,3151.84403261121,2676.52341125163,2804.05978443987,2752.12627223274,3252.29902541179,2882.40585275865,3320.75005962883,2073.97201838278,2151.58640025042,3332.73787048667,2755.15940537597,2007.21296362104,2626.92524712514,2663.67468218421,2216.58964761,2474.48851371171,3614.12356107215
3067.2478315907,3368.70484253065,3285.13087126743,2164.63688555805,2865.38428034867,3842.22785912894,1559.10994971535,2921.12384783937,3151.84403261121,2676.52341125163,2804.05978443987,2752.12627223274,3252.29902541179,2882.40585275865,3320.75005962883,2073.97201838278,2151.58640025042,3332.73787048667,2755.15940537597,2007.21296362104,2626.92524712514,2663.67468218421,2216.58964761,2474.48851371171,3614.12356107215
3067.2478315907,3368.70484253065,3285.13087126743,2164.63688555805,2865.38428034867,3842.22785912894,1559.10994971535,2921.12384783937,3151.84403261121,2676.52341125163,2804.05978443987,2752.12627223274,3252.29902541179,2882.40585275865,3320.75005962883,2073.97201838278,2151.58640025042,3332.73787048667,2755.15940537597,2007.21296362104,2626.92524712514,2663.67468218421,2216.58964761,2474.48851371171,3614.12356107215
3067.2478315907,3368.70484253065,3285.13087126743,2164.63688555805,2865.38428034867,3842.22785912894,1559.10994971535,2921.12384783937,3151.84403261121,2676.52341125163,2804.05978443987,2752.12627223274,3252.29902541179,2882.40585275865,3320.75005962883,2073.97201838278,2151.58640025042,3332.73787048667,2755.15940537597,2007.21296362104,2626.92524712514,2663.67468218421,2216.58964761,2474.48851371171,3614.12356107215
3067.2478315907,3368.70484253065,3285.13087126743,2164.63688555805,2865.38428034867,3842.22785912894,1559.10994971535,2921.12384783937,3151.84403261121,2676.52341125163,2804.05978443987,2752.12627223274,3252.29902541179,2882.40585275865,3320.75005962883,2073.97201838278,2151.58640025042,3332.73787048667,2755.15940537597,2007.21296362104,2626.92524712514,2663.67468218421,2216.58964761,2474.48851371171,3614.12356107215
3067.2478315907,3368.70484253065,3285.13087126743,2164.63688555805,2865.38428034867,3842.22785912894,1559.10994971535,2921.12384783937,3151.84403261121,2676.52341125163,2804.05978443987,2752.12627223274,3252.29902541179,2882.40585275865,3320.75005962883,2073.97201838278,2151.58640025042,3332.73787048667,2755.15940537597,2007.21296362104,2626.92524712514,2663.67468218421,2216.58964761,2474.48851371171,3614.12356107215
3067.2478315907,3368.70484253065,3285.13087126743,2164.63688555805,2865.38428034867,3842.22785912894,1559.10994971535,2921.12384783937,3151.84403261121,2676.52341125163,2804.05978443987,2752.12627223274,3252.29902541179,2882.40585275865,3320.75005962883,2073.97201838278,2151.58640025042,3332.73787048667,2755.15940537597,2007.21296362104,2626.92524712514,2663.67468218421,2216.58964761,2474.48851371171,3614.12356107215
3067.2478315907,3368.70484253065,3285.13087126743,2164.63688555805,2865.38428034867,3842.22785912894,1559.10994971535,2921.12384783937,3151.84403261121,2676.52341125163,2804.05978443987,2752.12627223274,3252.29902541179,2882.40585275865,3320.75005962883,2073.97201838278,2151.58640025042,3332.73787048667,2755.15940537597,2007.21296362104,2626.92524712514,2663.67468218421,2216.58964761,2474.48851371171,3614.12356107215
3067.2478315907,3368.70484253065,3285.13087126743,2164.63688555805,2865.38428034867,3842.22785912894,1559.10994971535,2921.12384783937,3151.84403261121,2676.52341125163,2804.05978443987,2752.12627223274,3252.29902541179,2882.40585275865,3320.75005962883,2073.97201838278,2151.58640025042,3332.73787048667,2755.15940537597,2007.21296362104,2626.92524712514,2663.67468218421,2216.58964761,2474.48851371171,3614.12356107215
3067.2478315907,3368.70484253065,3285.13087126743,2164.63688555805,2865.38428034867,3842.22785912894,1559.10994971535,2921.12384783937,3151.84403261121,2676.52341125163,2804.05978443987,2752.12627223274,3252.29902541179,2882.40585275865,3320.75005962883,2073.97201838278,2151.58640025042,3332.73787048667,2755.15940537597,2007.21296362104,2626.92524712514,2663.67468218421,2216.58964761,2474.48851371171,3614.12356107215
3067.2478315907,3368.70484253065,3285.13087126743,2164.63688555805,2865.38428034867,3842.22785912894,1559.10994971535,2921.12384783937,3151.84403261121,2676.52341125163,2804.05978443987,2752.12627223274,3252.29902541179,2882.40585275865,3320.75005962883,2073.97201838278,2151.58640025042,3332.73787048667,2755.15940537597,2007.21296362104,2626.92524712514,2663.67468218421,2216.58964761,2474.48851371171,3614.12356107215
3067.2478315907,3368.70484253065,3285.13087126743,2164.63688555805,2865.38428034867,3842.22785912894,1559.10994971535,2921.12384783937,3151.84403261121,2676.52341125163,2804.05978443987,2752.12627223274,3252.29902541179,2882.40585275865,3320.75005962883,2073.97201838278,2151.58640025042,3332.73787048667,2755.15940537597,2007.21296362104,2626.92524712514,2663.67468218421,2216.58964761,2474.48851371171,3614.12356107215
3067.2478315907,3368.70484253065,3285.13087126743,2164.63688555805,2865.38428034867,3842.22785912894,1559.10994971535,2921.12384783937,3151.84403261121,2676.52341125163,2804.05978443987,2752.12627223274,3252.29902541179,2882.40585275865,3320.75005962883,2073.97201838278,2151.58640025042,3332.73787048667,2755.15940537597,2007.21296362104,2626.92524712514,2663.67468218421,2216.58964761,2474.48851371171,3614.12356107215
3067.2478315907,3368.70484253065,3285.13087126743,2164.63688555805,2865.38428034867,3842.22785912894,1559.10994971535,2921.12384783937,3151.84403261121,2676.52341125163,2804.05978443987,2752.12627223274,3252.29902541179,2882.40585275865,3320.75005962883,2073.97201838278,2151.58640025042,3332.73787048667,2755.15940537597,2007.21296362104,2626.92524712514,2663.67468218421,2216.58964761,2474.48851371171,3614.12356107215
3067.2478315907,3368.70484253065,3285.13087126743,2164.63688555805,2865.38428034867,3842.22785912894,1559.10994971535,2921.12384783937,3151.84403261121,2676.52341125163,2804.05978443987,2752.12627223274,3252.29902541179,2882.40585275865,3320.75005962883,2073.97201838278,2151.58640025042,3332.73787048667,2755.15940537597,2007.21296362104,2626.92524712514,2663.67468218421,2216.58964761,2474.48851371171,3614.12356107215
3067.2478315907,3368.70484253065,3285.13087126743,2164.63688555805,2865.38428034867,3842.22785912894,1559.10994971535,2921.12384783937,3151.84403261121,2676.52341125163,2804.05978443987,2752.12627223274,3252.29902541179,2882.40585275865,3320.75005962883,2073.97201838278,2151.58640025042,3332.73787048667,2755.15940537597,2007.21296362104,2626.92524712514,2663.67468218421,2216.58964761,2474.48851371171,3614.12356107215
3067.2478315907,3368.70484253065,3285.13087126743,2164.63688555805,2865.38428034867,3842.22785912894,1559.10994971535,2921.12384783937,3151.84403261121,2676.52341125163,2804.05978443987,2752.12627223274,3252.29902541179,2882.40585275865,3320.75005962883,2073.97201838278,2151.58640025042,3332.73787048667,2755.15940537597,2007.21296362104,2626.92524712514,2663.67468218421,2216.58964761,2474.48851371171,3614.12356107215
3067.2478315907,3368.70484253065,3285.13087126743,2164.63688555805,2865.38428034867,3842.22785912894,1559.10994971535,2921.12384783937,3151.84403261121,2676.52341125163,2804.05978443987,2752.12627223274,3252.29902541179,2882.40585275865,3320.75005962883,2073.97201838278,2151.58640025042,3332.73787048667,2755.15940537597,2007.21296362104,2626.92524712514,2663.67468218421,2216.58964761,2474.48851371171,3614.12356107215
3067.2478315907,3368.70484253065,3285.13087126743,2164.63688555805,2865.38428034867,3842.22785912894,1559.10994971535,2921.12384783937,3151.84403261121,2676.52341125163,2804.05978443987,2752.12627223274,3252.29902541179,2882.40585275865,3320.75005962883,2073.97201838278,2151.58640025042,3332.73787048667,2755.15940537597,2007.21296362104,2626.92524712514,2663.67468218421,2216.58964761,2474.48851371171,3614.12356107215
3067.2478315907,3368.70484253065,3285.13087126743,2164.63688555805,2865.38428034867,3842.22785912894,1559.10994971535,2921.12384783937,3151.84403261121,2676.52341125163,2804.05978443987,2752.12627223274,3252.29902541179,2882.40585275865,3320.75005962883,2073.97201838278,2151.58640025042,3332.73787048667,2755.15940537597,2007.21296362104,2626.92524712514,2663.67468218421,2216.58964761,2474.48851371171,3614.12356107215
3067.2478315907,3368.70484253065,3285.13087126743,2164.63688555805,2865.38428034867,3842.22785912894,1559.10994971535,2921.12384783937,3151.84403261121,2676.52341125163,2804.05978443987,2752.12627223274,3252.29902541179,2882.40585275865,3320.75005962883,2073.97201838278,2151.58640025042,3332.73787048667,2755.15940537597,2007.21296362104,2626.92524712514,2663.67468218421,2216.58964761,2474.48851371171,3614.12356107215
3067.2478315907,3368.70484253065,3285.13087126743,2164.63688555805,2865.38428034867,3842.22785912894,1559.10994971535,2921.12384783937,3151.84403261121,2676.52341125163,2804.05978443987,2752.12627223274,3252.29902541179,2882.40585275865,3320.75005962883,2073.97201838278,2151.58640025042,3332.73787048667,2755.15940537597,2007.21296362104,2626.92524712514,2663.67468218421,2216.58964761,2474.48851371171,3614.12356107215
3067.2478315907,3368.70484253065,3285.13087126743,2164.63688555805,2865.38428034867,3842.22785912894,1559.10994971535,2921.12384783937,3151.84403261121,2676.52341125163,2804.05978443987,2752.12627223274,3252.29902541179,2882.40585275865,3320.75005962883,2073.97201838278,2151.58640025042,3332.73787048667,2755.15940537597,2007.21296362104,2626.92524712514,2663.67468218421,2216.58964761,2474.48851371171,3614.12356107215
3067.2478315907,3368.70484253065,3285.13087126743,2164.63688555805,2865.38428034867,3842.22785912894,1559.10994971535,2921.12384783937,3151.84403261121,2676.52341125163,2804.05978443987,2752.12627223274,3252.29902541179,2882.40585275865,3320.75005962883,2073.97201838278,2151.58640025042,3332.73787048667,2755.15940537597,2007.21296362104,2626.92524712514,2663.67468218421,2216.58964761,2474.48851371171,3614.12356107215
3067.2478315907,3368.70484253065,3285.13087126743,2164.63688555805,2865.38428034867,3842.22785912894,1559.10994971535,2921.12384783937,3151.84403261121,2676.52341125163,2804.05978443987,2752.12627223274,3252.29902541179,2882.40585275865,3320.75005962883,2073.97201838278,2151.58640025042,3332.73787048667,2755.15940537597,2007.21296362104,2626.92524712514,2663.67468218421,2216.58964761,2474.48851371171,3614.12356107215
3067.2478315907,3368.70484253065,3285.13087126743,2164.63688555805,2865.38428034867,3842.22785912894,1559.10994971535,2921.12384783937,3151.84403261121,2676.52341125163,2804.05978443987,2752.12627223274,3252.29902541179,2882.40585275865,3320.75005962883,2073.97201838278,2151.58640025042,3332.73787048667,2755.15940537597,2007.21296362104,2626.92524712514,2663.67468218421,2216.58964761,2474.48851371171,3614.12356107215
3067.2478315907,3368.70484253065,3285.13087126743,2164.63688555805,2865.38428034867,3842.22785912894,1559.10994971535,2921.12384783937,3151.84403261121,2676.52341125163,2804.05978443987,2752.12627223274,3252.29902541179,2882.40585275865,3320.75005962883,2073.97201838278,2151.58640025042,3332.73787048667,2755.15940537597,2007.21296362104,2626.92524712514,2663.67468218421,2216.58964761,2474.48851371171,3614.12356107215
3067.2478315907,3368.70484253065,3285.13087126743,2164.63688555805,2865.38428034867,3842.22785912894,1559.10994971535,2921.12384783937,3151.84403261121,2676.52341125163,2804.05978443987,2752.12627223274,3252.29902541179,2882.40585275865,3320.75005962883,2073.97201838278,2151.58640025042,3332.73787048667,2755.15940537597,2007.21296362104,2626.92524712514,2663.67468218421,2216.58964761,2474.48851371171,3614.12356107215
3067.2478315907,3368.70484253065,3285.13087126743,2164.63688555805,2865.38428034867,3842.22785912894,1559.10994971535,2921.12384783937,3151.84403261121,2676.52341125163,2804.05978443987,2752.12627223274,3252.29902541179,2882.40585275865,3320.75005962883,2073.97201838278,2151.58640025042,3332.73787048667,2755.15940537597,2007.21296362104,2626.92524712514,2663.67468218421,2216.58964761,2474.48851371171,3614.12356107215
3067.2478315907,3368.70484253065,3285.13087126743,2164.63688555805,2865.38428034867,3842.22785912894,1559.10994971535,2921.12384783937,3151.84403261121,2676.52341125163,2804.05978443987,2752.12627223274,3252.29902541179,2882.40585275865,3320.75005962883,2073.97201838278,2151.58640025042,3332.73787048667,2755.15940537597,2007.21296362104,2626.92524712514,2663.67468218421,2216.58964761,2474.48851371171,3614.12356107215
3067.2478315907,3368.70484253065,3285.13087126743,2164.63688555805,2865.38428034867,3842.22785912894,1559.10994971535,2921.12384783937,3151.84403261121,2676.52341125163,2804.05978443987,2752.12627223274,3252.29902541179,2882.40585275865,3320.75005962883,2073.97201838278,2151.58640025042,3332.73787048667,2755.15940537597,2007.21296362104,2626.92524712514,2663.67468218421,2216.58964761,2474.48851371171,3614.12356107215
3067.2478315907,3368.70484253065,3285.13087126743,2164.63688555805,2865.38428034867,3842.22785912894,1559.10994971535,2921.12384783937,3151.84403261121,2676.52341125163,2804.05978443987,2752.12627223274,3252.29902541179,2882.40585275865,3320.75005962883,2073.97201838278,2151.58640025042,3332.73787048667,2755.15940537597,2007.21296362104,2626.92524712514,2663.67468218421,2216.58964761,2474.48851371171,3614.12356107215
3067.2478315907,3368.70484253065,3285.13087126743,2164.63688555805,2865.38428034867,3842.22785912894,1559.10994971535,2921.12384783937,3151.84403261121,2676.52341125163,2804.05978443987,2752.12627223274,3252.29902541179,2882.40585275865,3320.75005962883,2073.97201838278,2151.58640025042,3332.73787048667,2755.15940537597,2007.21296362104,2626.92524712514,2663.67468218421,2216.58964761,2474.48851371171,3614.12356107215
3067.2478315907,3368.70484253065,3285.13087126743,2164.63688555805,2865.38428034867,3842.22785912894,1559.10994971535,2921.12384783937,3151.84403261121,2676.52341125163,2804.05978443987,2752.12627223274,3252.29902541179,2882.40585275865,3320.75005962883,2073.97201838278,2151.58640025042,3332.73787048667,2755.15940537597,2007.21296362104,2626.92524712514,2663.67468218421,2216.58964761,2474.48851371171,3614.12356107215
3067.2478315907,3368.70484253065,3285.13087126743,2164.63688555805,2865.38428034867,3842.22785912894,1559.10994971535,2921.12384783937,3151.84403261121,2676.52341125163,2804.05978443987,2752.12627223274,3252.29902541179,2882.40585275865,3320.75005962883,2073.97201838278,2151.58640025042,3332.73787048667,2755.15940537597,2007.21296362104,2626.92524712514,2663.67468218421,2216.58964761,2474.48851371171,3614.12356107215
3067.2478315907,3368.70484253065,3285.13087126743,2164.63688555805,2865.38428034867,3842.22785912894,1559.10994971535,2921.12384783937,3151.84403261121,2676.52341125163,2804.05978443987,2752.12627223274,3252.29902541179,2882.40585275865,3320.75005962883,2073.97201838278,2151.58640025042,3332.73787048667,2755.15940537597,2007.21296362104,2626.92524712514,2663.67468218421,2216.58964761,2474.48851371171,3614.12356107215
3067.2478315907,3368.70484253065,3285.13087126743,2164.63688555805,2865.38428034867,3842.22785912894,1559.10994971535,2921.12384783937,3151.84403261121,2676.52341125163,2804.05978443987,2752.12627223274,3252.29902541179,2882.40585275865,3320.75005962883,2073.97201838278,2151.58640025042,3332.73787048667,2755.15940537597,2007.21296362104,2626.92524712514,2663.67468218421,2216.58964761,2474.48851371171,3614.12356107215
3067.2478315907,3368.70484253065,3285.13087126743,2164.63688555805,2865.38428034867,3842.22785912894,1559.10994971535,2921.12384783937,3151.84403261121,2676.52341125163,2804.05978443987,2752.12627223274,3252.29902541179,2882.40585275865,3320.75005962883,2073.97201838278,2151.58640025042,3332.73787048667,2755.15940537597,2007.21296362104,2626.92524712514,2663.67468218421,2216.58964761,2474.48851371171,3614.12356107215
3067.2478315907,3368.70484253065,3285.13087126743,2164.63688555805,2865.38428034867,3842.22785912894,1559.10994971535,2921.12384783937,3151.84403261121,2676.52341125163,2804.05978443987,2752.12627223274,3252.29902541179,2882.40585275865,3320.75005962883,2073.97201838278,2151.58640025042,3332.73787048667,2755.15940537597,2007.21296362104,2626.92524712514,2663.67468218421,2216.58964761,2474.48851371171,3614.12356107215
3067.2478315907,3368.70484253065,3285.13087126743,2164.63688555805,2865.38428034867,3842.22785912894,1559.10994971535,2921.12384783937,3151.84403261121,2676.52341125163,2804.05978443987,2752.12627223274,3252.29902541179,2882.40585275865,3320.75005962883,2073.97201838278,2151.58640025042,3332.73787048667,2755.15940537597,2007.21296362104,2626.92524712514,2663.67468218421,2216.58964761,2474.48851371171,3614.12356107215
3067.2478315907,3368.70484253065,3285.13087126743,2164.63688555805,2865.38428034867,3842.22785912894,1559.10994971535,2921.12384783937,3151.84403261121,2676.52341125163,2804.05978443987,2752.12627223274,3252.29902541179,2882.40585275865,3320.75005962883,2073.97201838278,2151.58640025042,3332.73787048667,2755.15940537597,2007.21296362104,2626.92524712514,2663.67468218421,2216.58964761,2474.48851371171,3614.12356107215
3067.2478315907,3368.70484253065,3285.13087126743,2164.63688555805,2865.38428034867,3842.22785912894,1559.10994971535,2921.12384783937,3151.84403261121,2676.52341125163,2804.05978443987,2752.12627223274,3252.29902541179,2882.40585275865,3320.75005962883,2073.97201838278,2151.58640025042,3332.73787048667,2755.15940537597,2007.21296362104,2626.92524712514,2663.67468218421,2216.58964761,2474.48851371171,3614.12356107215
3067.2478315907,3368.70484253065,3285.13087126743,2164.63688555805,2865.38428034867,3842.22785912894,1559.10994971535,2921.12384783937,3151.84403261121,2676.52341125163,2804.05978443987,2752.12627223274,3252.29902541179,2882.40585275865,3320.75005962883,2073.97201838278,2151.58640025042,3332.73787048667,2755.15940537597,2007.21296362104,2626.92524712514,2663.67468218421,2216.58964761,2474.48851371171,3614.12356107215
3067.2478315907,3368.70484253065,3285.13087126743,2164.63688555805,2865.38428034867,3842.22785912894,1559.10994971535,2921.12384783937,3151.84403261121,2676.52341125163,2804.05978443987,2752.12627223274,3252.29902541179,2882.40585275865,3320.75005962883,2073.97201838278,2151.58640025042,3332.73787048667,2755.15940537597,2007.21296362104,2626.92524712514,2663.67468218421,2216.58964761,2474.48851371171,3614.12356107215
3067.2478315907,3368.70484253065,3285.13087126743,2164.63688555805,2865.38428034867,3842.22785912894,1559.10994971535,2921.12384783937,3151.84403261121,2676.52341125163,2804.05978443987,2752.12627223274,3252.29902541179,2882.40585275865,3320.75005962883,2073.97201838278,2151.58640025042,3332.73787048667,2755.15940537597,2007.21296362104,2626.92524712514,2663.67468218421,2216.58964761,2474.48851371171,3614.12356107215
3067.2478315907,3368.70484253065,3285.13087126743,2164.63688555805,2865.38428034867,3842.22785912894,1559.10994971535,2921.12384783937,3151.84403261121,2676.52341125163,2804.05978443987,2752.12627223274,3252.29902541179,2882.40585275865,3320.75005962883,2073.97201838278,2151.58640025042,3332.73787048667,2755.15940537597,2007.21296362104,2626.92524712514,2663.67468218421,2216.58964761,2474.48851371171,3614.12356107215
3067.2478315907,3368.70484253065,3285.13087126743,2164.63688555805,2865.38428034867,3842.22785912894,1559.10994971535,2921.12384783937,3151.84403261121,2676.52341125163,2804.05978443987,2752.12627223274,3252.29902541179,2882.40585275865,3320.75005962883,2073.97201838278,2151.58640025042,3332.73787048667,2755.15940537597,2007.21296362104,2626.92524712514,2663.67468218421,2216.58964761,2474.48851371171,3614.12356107215
3067.2478315907,3368.70484253065,3285.13087126743,2164.63688555805,2865.38428034867,3842.22785912894,1559.10994971535,2921.12384783937,3151.84403261121,2676.52341125163,2804.05978443987,2752.12627223274,3252.29902541179,2882.40585275865,3320.75005962883,2073.97201838278,2151.58640025042,3332.73787048667,2755.15940537597,2007.21296362104,2626.92524712514,2663.67468218421,2216.58964761,2474.48851371171,3614.12356107215
3067.2478315907,3368.70484253065,3285.13087126743,2164.63688555805,2865.38428034867,3842.22785912894,1559.10994971535,2921.12384783937,3151.84403261121,2676.52341125163,2804.05978443987,2752.12627223274,3252.29902541179,2882.40585275865,3320.75005962883,2073.97201838278,2151.58640025042,3332.73787048667,2755.15940537597,2007.21296362104,2626.92524712514,2663.67468218421,2216.58964761,2474.48851371171,3614.12356107215
3067.2478315907,3368.70484253065,3285.13087126743,2164.63688555805,2865.38428034867,3842.22785912894,1559.10994971535,2921.12384783937,3151.84403261121,2676.52341125163,2804.05978443987,2752.12627223274,3252.29902541179,2882.40585275865,3320.75005962883,2073.97201838278,2151.58640025042,3332.73787048667,2755.15940537597,2007.21296362104,2626.92524712514,2663.67468218421,2216.58964761,2474.48851371171,3614.12356107215
3067.2478315907,3368.70484253065,3285.13087126743,2164.63688555805,2865.38428034867,3842.22785912894,1559.10994971535,2921.12384783937,3151.84403261121,2676.52341125163,2804.05978443987,2752.12627223274,3252.29902541179,2882.40585275865,3320.75005962883,2073.97201838278,2151.58640025042,3332.73787048667,2755.15940537597,2007.21296362104,2626.92524712514,2663.67468218421,2216.58964761,2474.48851371171,3614.12356107215
3067.2478315907,3368.70484253065,3285.13087126743,2164.63688555805,2865.38428034867,3842.22785912894,1559.10994971535,2921.12384783937,3151.84403261121,2676.52341125163,2804.05978443987,2752.12627223274,3252.29902541179,2882.40585275865,3320.75005962883,2073.97201838278,2151.58640025042,3332.73787048667,2755.15940537597,2007.21296362104,2626.92524712514,2663.67468218421,2216.58964761,2474.48851371171,3614.12356107215
3067.2478315907,3368.70484253065,3285.13087126743,2164.63688555805,2865.38428034867,3842.22785912894,1559.10994971535,2921.12384783937,3151.84403261121,2676.52341125163,2804.05978443987,2752.12627223274,3252.29902541179,2882.40585275865,3320.75005962883,2073.97201838278,2151.58640025042,3332.73787048667,2755.15940537597,2007.21296362104,2626.92524712514,2663.67468218421,2216.58964761,2474.48851371171,3614.12356107215
3067.2478315907,3368.70484253065,3285.13087126743,2164.63688555805,2865.38428034867,3842.22785912894,1559.10994971535,2921.12384783937,3151.84403261121,2676.52341125163,2804.05978443987,2752.12627223274,3252.29902541179,2882.40585275865,3320.75005962883,2073.97201838278,2151.58640025042,3332.73787048667,2755.15940537597,2007.21296362104,2626.92524712514,2663.67468218421,2216.58964761,2474.48851371171,3614.12356107215
3067.2478315907,3368.70484253065,3285.13087126743,2164.63688555805,2865.38428034867,3842.22785912894,1559.10994971535,2921.12384783937,3151.84403261121,2676.52341125163,2804.05978443987,2752.12627223274,3252.29902541179,2882.40585275865,3320.75005962883,2073.97201838278,2151.58640025042,3332.73787048667,2755.15940537597,2007.21296362104,2626.92524712514,2663.67468218421,2216.58964761,2474.48851371171,3614.12356107215
3067.2478315907,3368.70484253065,3285.13087126743,2164.63688555805,2865.38428034867,3842.22785912894,1559.10994971535,2921.12384783937,3151.84403261121,2676.52341125163,2804.05978443987,2752.12627223274,3252.29902541179,2882.40585275865,3320.75005962883,2073.97201838278,2151.58640025042,3332.73787048667,2755.15940537597,2007.21296362104,2626.92524712514,2663.67468218421,2216.58964761,2474.48851371171,3614.12356107215
3067.2478315907,3368.70484253065,3285.13087126743,2164.63688555805,2865.38428034867,3842.22785912894,1559.10994971535,2921.12384783937,3151.84403261121,2676.52341125163,2804.05978443987,2752.12627223274,3252.29902541179,2882.40585275865,3320.75005962883,2073.97201838278,2151.58640025042,3332.73787048667,2755.15940537597,2007.21296362104,2626.92524712514,2663.67468218421,2216.58964761,2474.48851371171,3614.12356107215
3067.2478315907,3368.70484253065,3285.13087126743,2164.63688555805,2865.38428034867,3842.22785912894,1559.10994971535,2921.12384783937,3151.84403261121,2676.52341125163,2804.05978443987,2752.12627223274,3252.29902541179,2882.40585275865,3320.75005962883,2073.97201838278,2151.58640025042,3332.73787048667,2755.15940537597,2007.21296362104,2626.92524712514,2663.67468218421,2216.58964761,2474.48851371171,3614.12356107215
3067.2478315907,3368.70484253065,3285.13087126743,2164.63688555805,2865.38428034867,3842.22785912894,1559.10994971535,2921.12384783937,3151.84403261121,2676.52341125163,2804.05978443987,2752.12627223274,3252.29902541179,2882.40585275865,3320.75005962883,2073.97201838278,2151.58640025042,3332.73787048667,2755.15940537597,2007.21296362104,2626.92524712514,2663.67468218421,2216.58964761,2474.48851371171,3614.12356107215
3067.2478315907,3368.70484253065,3285.13087126743,2164.63688555805,2865.38428034867,3842.22785912894,1559.10994971535,2921.12384783937,3151.84403261121,2676.52341125163,2804.05978443987,2752.12627223274,3252.29902541179,2882.40585275865,3320.75005962883,2073.97201838278,2151.58640025042,3332.73787048667,2755.15940537597,2007.21296362104,2626.92524712514,2663.67468218421,2216.58964761,2474.48851371171,3614.12356107215
3067.2478315907,3368.70484253065,3285.13087126743,2164.63688555805,2865.38428034867,3842.22785912894,1559.10994971535,2921.12384783937,3151.84403261121,2676.52341125163,2804.05978443987,2752.12627223274,3252.29902541179,2882.40585275865,3320.75005962883,2073.97201838278,2151.58640025042,3332.73787048667,2755.15940537597,2007.21296362104,2626.92524712514,2663.67468218421,2216.58964761,2474.48851371171,3614.12356107215
3067.2478315907,3368.70484253065,3285.13087126743,2164.63688555805,2865.38428034867,3842.22785912894,1559.10994971535,2921.12384783937,3151.84403261121,2676.52341125163,2804.05978443987,2752.12627223274,3252.29902541179,2882.40585275865,3320.75005962883,2073.97201838278,2151.58640025042,3332.73787048667,2755.15940537597,2007.21296362104,2626.92524712514,2663.67468218421,2216.58964761,2474.48851371171,3614.12356107215
3067.2478315907,3368.70484253065,3285.13087126743,2164.63688555805,2865.38428034867,3842.22785912894,1559.10994971535,2921.12384783937,3151.84403261121,2676.52341125163,2804.05978443987,2752.12627223274,3252.29902541179,2882.40585275865,3320.75005962883,2073.97201838278,2151.58640025042,3332.73787048667,2755.15940537597,2007.21296362104,2626.92524712514,2663.67468218421,2216.58964761,2474.48851371171,3614.12356107215
3067.2478315907,3368.70484253065,3285.13087126743,2164.63688555805,2865.38428034867,3842.22785912894,1559.10994971535,2921.12384783937,3151.84403261121,2676.52341125163,2804.05978443987,2752.12627223274,3252.29902541179,2882.40585275865,3320.75005962883,2073.97201838278,2151.58640025042,3332.73787048667,2755.15940537597,2007.21296362104,2626.92524712514,2663.67468218421,2216.58964761,2474.48851371171,3614.12356107215
3067.2478315907,3368.70484253065,3285.13087126743,2164.63688555805,2865.38428034867,3842.22785912894,1559.10994971535,2921.12384783937,3151.84403261121,2676.52341125163,2804.05978443987,2752.12627223274,3252.29902541179,2882.40585275865,3320.75005962883,2073.97201838278,2151.58640025042,3332.73787048667,2755.15940537597,2007.21296362104,2626.92524712514,2663.67468218421,2216.58964761,2474.48851371171,3614.12356107215
3067.2478315907,3368.70484253065,3285.13087126743,2164.63688555805,2865.38428034867,3842.22785912894,1559.10994971535,2921.12384783937,3151.84403261121,2676.52341125163,2804.05978443987,2752.12627223274,3252.29902541179,2882.40585275865,3320.75005962883,2073.97201838278,2151.58640025042,3332.73787048667,2755.15940537597,2007.21296362104,2626.92524712514,2663.67468218421,2216.58964761,2474.48851371171,3614.12356107215
3067.2478315907,3368.70484253065,3285.13087126743,2164.63688555805,2865.38428034867,3842.22785912894,1559.10994971535,2921.12384783937,3151.84403261121,2676.52341125163,2804.05978443987,2752.12627223274,3252.29902541179,2882.40585275865,3320.75005962883,2073.97201838278,2151.58640025042,3332.73787048667,2755.15940537597,2007.21296362104,2626.92524712514,2663.67468218421,2216.58964761,2474.48851371171,3614.12356107215
3067.2478315907,3368.70484253065,3285.13087126743,2164.63688555805,2865.38428034867,3842.22785912894,1559.10994971535,2921.12384783937,3151.84403261121,2676.52341125163,2804.05978443987,2752.12627223274,3252.29902541179,2882.40585275865,3320.75005962883,2073.97201838278,2151.58640025042,3332.73787048667,2755.15940537597,2007.21296362104,2626.92524712514,2663.67468218421,2216.58964761,2474.48851371171,3614.12356107215
3067.2478315907,3368.70484253065,3285.13087126743,2164.63688555805,2865.38428034867,3842.22785912894,1559.10994971535,2921.12384783937,3151.84403261121,2676.52341125163,2804.05978443987,2752.12627223274,3252.29902541179,2882.40585275865,3320.75005962883,2073.97201838278,2151.58640025042,3332.73787048667,2755.15940537597,2007.21296362104,2626.92524712514,2663.67468218421,2216.58964761,2474.48851371171,3614.12356107215
3067.2478315907,3368.70484253065,3285.13087126743,2164.63688555805,2865.38428034867,3842.22785912894,1559.10994971535,2921.12384783937,3151.84403261121,2676.52341125163,2804.05978443987,2752.12627223274,3252.29902541179,2882.40585275865,3320.75005962883,2073.97201838278,2151.58640025042,3332.73787048667,2755.15940537597,2007.21296362104,2626.92524712514,2663.67468218421,2216.58964761,2474.48851371171,3614.12356107215
3067.2478315907,3368.70484253065,3285.13087126743,2164.63688555805,2865.38428034867,3842.22785912894,1559.10994971535,2921.12384783937,3151.84403261121,2676.52341125163,2804.05978443987,2752.12627223274,3252.29902541179,2882.40585275865,3320.75005962883,2073.97201838278,2151.58640025042,3332.73787048667,2755.15940537597,2007.21296362104,2626.92524712514,2663.67468218421,2216.58964761,2474.48851371171,3614.12356107215
3067.2478315907,3368.70484253065,3285.13087126743,2164.63688555805,2865.38428034867,3842.22785912894,1559.10994971535,2921.12384783937,3151.84403261121,2676.52341125163,2804.05978443987,2752.12627223274,3252.29902541179,2882.40585275865,3320.75005962883,2073.97201838278,2151.58640025042,3332.73787048667,2755.15940537597,2007.21296362104,2626.92524712514,2663.67468218421,2216.58964761,2474.48851371171,3614.12356107215
3067.2478315907,3368.70484253065,3285.13087126743,2164.63688555805,2865.38428034867,3842.22785912894,1559.10994971535,2921.12384783937,3151.84403261121,2676.52341125163,2804.05978443987,2752.12627223274,3252.29902541179,2882.40585275865,3320.75005962883,2073.97201838278,2151.58640025042,3332.73787048667,2755.15940537597,2007.21296362104,2626.92524712514,2663.67468218421,2216.58964761,2474.48851371171,3614.12356107215
3067.2478315907,3368.70484253065,3285.13087126743,2164.63688555805,2865.38428034867,3842.22785912894,1559.10994971535,2921.12384783937,3151.84403261121,2676.52341125163,2804.05978443987,2752.12627223274,3252.29902541179,2882.40585275865,3320.75005962883,2073.97201838278,2151.58640025042,3332.73787048667,2755.15940537597,2007.21296362104,2626.92524712514,2663.67468218421,2216.58964761,2474.48851371171,3614.12356107215
3067.2478315907,3368.70484253065,3285.13087126743,2164.63688555805,2865.38428034867,3842.22785912894,1559.10994971535,2921.12384783937,3151.84403261121,2676.52341125163,2804.05978443987,2752.12627223274,3252.29902541179,2882.40585275865,3320.75005962883,2073.97201838278,2151.58640025042,3332.73787048667,2755.15940537597,2007.21296362104,2626.92524712514,2663.67468218421,2216.58964761,2474.48851371171,3614.12356107215
3067.2478315907,3368.70484253065,3285.13087126743,2164.63688555805,2865.38428034867,3842.22785912894,1559.10994971535,2921.12384783937,3151.84403261121,2676.52341125163,2804.05978443987,2752.12627223274,3252.29902541179,2882.40585275865,3320.75005962883,2073.97201838278,2151.58640025042,3332.73787048667,2755.15940537597,2007.21296362104,2626.92524712514,2663.67468218421,2216.58964761,2474.48851371171,3614.12356107215
3067.2478315907,3368.70484253065,3285.13087126743,2164.63688555805,2865.38428034867,3842.22785912894,1559.10994971535,2921.12384783937,3151.84403261121,2676.52341125163,2804.05978443987,2752.12627223274,3252.29902541179,2882.40585275865,3320.75005962883,2073.97201838278,2151.58640025042,3332.73787048667,2755.15940537597,2007.21296362104,2626.92524712514,2663.67468218421,2216.58964761,2474.48851371171,3614.12356107215
3067.2478315907,3368.70484253065,3285.13087126743,2164.63688555805,2865.38428034867,3842.22785912894,1559.10994971535,2921.12384783937,3151.84403261121,2676.52341125163,2804.05978443987,2752.12627223274,3252.29902541179,2882.40585275865,3320.75005962883,2073.97201838278,2151.58640025042,3332.73787048667,2755.15940537597,2007.21296362104,2626.92524712514,2663.67468218421,2216.58964761,2474.48851371171,3614.12356107215
3067.2478315907,3368.70484253065,3285.13087126743,2164.63688555805,2865.38428034867,3842.22785912894,1559.10994971535,2921.12384783937,3151.84403261121,2676.52341125163,2804.05978443987,2752.12627223274,3252.29902541179,2882.40585275865,3320.75005962883,2073.97201838278,2151.58640025042,3332.73787048667,2755.15940537597,2007.21296362104,2626.92524712514,2663.67468218421,2216.58964761,2474.48851371171,3614.12356107215
3067.2478315907,3368.70484253065,3285.13087126743,2164.63688555805,2865.38428034867,3842.22785912894,1559.10994971535,2921.12384783937,3151.84403261121,2676.52341125163,2804.05978443987,2752.12627223274,3252.29902541179,2882.40585275865,3320.75005962883,2073.97201838278,2151.58640025042,3332.73787048667,2755.15940537597,2007.21296362104,2626.92524712514,2663.67468218421,2216.58964761,2474.48851371171,3614.12356107215
3067.2478315907,3368.70484253065,3285.13087126743,2164.63688555805,2865.38428034867,3842.22785912894,1559.10994971535,2921.12384783937,3151.84403261121,2676.52341125163,2804.05978443987,2752.12627223274,3252.29902541179,2882.40585275865,3320.75005962883,2073.97201838278,2151.58640025042,3332.73787048667,2755.15940537597,2007.21296362104,2626.92524712514,2663.67468218421,2216.58964761,2474.48851371171,3614.12356107215
3067.2478315907,3368.70484253065,3285.13087126743,2164.63688555805,2865.38428034867,3842.22785912894,1559.10994971535,2921.12384783937,3151.84403261121,2676.52341125163,2804.05978443987,2752.12627223274,3252.29902541179,2882.40585275865,3320.75005962883,2073.97201838278,2151.58640025042,3332.73787048667,2755.15940537597,2007.21296362104,2626.92524712514,2663.67468218421,2216.58964761,2474.48851371171,3614.12356107215
3067.2478315907,3368.70484253065,3285.13087126743,2164.63688555805,2865.38428034867,3842.22785912894,1559.10994971535,2921.12384783937,3151.84403261121,2676.52341125163,2804.05978443987,2752.12627223274,3252.29902541179,2882.40585275865,3320.75005962883,2073.97201838278,2151.58640025042,3332.73787048667,2755.15940537597,2007.21296362104,2626.92524712514,2663.67468218421,2216.58964761,2474.48851371171,3614.12356107215
3067.2478315907,3368.70484253065,3285.13087126743,2164.63688555805,2865.38428034867,3842.22785912894,1559.10994971535,2921.12384783937,3151.84403261121,2676.52341125163,2804.05978443987,2752.12627223274,3252.29902541179,2882.40585275865,3320.75005962883,2073.97201838278,2151.58640025042,3332.73787048667,2755.15940537597,2007.21296362104,2626.92524712514,2663.67468218421,2216.58964761,2474.48851371171,3614.12356107215
3067.2478315907,3368.70484253065,3285.13087126743,2164.63688555805,2865.38428034867,3842.22785912894,1559.10994971535,2921.12384783937,3151.84403261121,2676.52341125163,2804.05978443987,2752.12627223274,3252.29902541179,2882.40585275865,3320.75005962883,2073.97201838278,2151.58640025042,3332.73787048667,2755.15940537597,2007.21296362104,2626.92524712514,2663.67468218421,2216.58964761,2474.48851371171,3614.12356107215
3067.2478315907,3368.70484253065,3285.13087126743,2164.63688555805,2865.38428034867,3842.22785912894,1559.10994971535,2921.12384783937,3151.84403261121,2676.52341125163,2804.05978443987,2752.12627223274,3252.29902541179,2882.40585275865,3320.75005962883,2073.97201838278,2151.58640025042,3332.73787048667,2755.15940537597,2007.21296362104,2626.92524712514,2663.67468218421,2216.58964761,2474.48851371171,3614.12356107215
3067.2478315907,3368.70484253065,3285.13087126743,2164.63688555805,2865.38428034867,3842.22785912894,1559.10994971535,2921.12384783937,3151.84403261121,2676.52341125163,2804.05978443987,2752.12627223274,3252.29902541179,2882.40585275865,3320.75005962883,2073.97201838278,2151.58640025042,3332.73787048667,2755.15940537597,2007.21296362104,2626.92524712514,2663.67468218421,2216.58964761,2474.48851371171,3614.12356107215
3067.2478315907,3368.70484253065,3285.13087126743,2164.63688555805,2865.38428034867,3842.22785912894,1559.10994971535,2921.12384783937,3151.84403261121,2676.52341125163,2804.05978443987,2752.12627223274,3252.29902541179,2882.40585275865,3320.75005962883,2073.97201838278,2151.58640025042,3332.73787048667,2755.15940537597,2007.21296362104,2626.92524712514,2663.67468218421,2216.58964761,2474.48851371171,3614.12356107215
3067.2478315907,3368.70484253065,3285.13087126743,2164.63688555805,2865.38428034867,3842.22785912894,1559.10994971535,2921.12384783937,3151.84403261121,2676.52341125163,2804.05978443987,2752.12627223274,3252.29902541179,2882.40585275865,3320.75005962883,2073.97201838278,2151.58640025042,3332.73787048667,2755.15940537597,2007.21296362104,2626.92524712514,2663.67468218421,2216.58964761,2474.48851371171,3614.12356107215
3067.2478315907,3368.70484253065,3285.13087126743,2164.63688555805,2865.38428034867,3842.22785912894,1559.10994971535,2921.12384783937,3151.84403261121,2676.52341125163,2804.05978443987,2752.12627223274,3252.29902541179,2882.40585275865,3320.75005962883,2073.97201838278,2151.58640025042,3332.73787048667,2755.15940537597,2007.21296362104,2626.92524712514,2663.67468218421,2216.58964761,2474.48851371171,3614.12356107215
3067.2478315907,3368.70484253065,3285.13087126743,2164.63688555805,2865.38428034867,3842.22785912894,1559.10994971535,2921.12384783937,3151.84403261121,2676.52341125163,2804.05978443987,2752.12627223274,3252.29902541179,2882.40585275865,3320.75005962883,2073.97201838278,2151.58640025042,3332.73787048667,2755.15940537597,2007.21296362104,2626.92524712514,2663.67468218421,2216.58964761,2474.48851371171,3614.12356107215
3067.2478315907,3368.70484253065,3285.13087126743,2164.63688555805,2865.38428034867,3842.22785912894,1559.10994971535,2921.12384783937,3151.84403261121,2676.52341125163,2804.05978443987,2752.12627223274,3252.29902541179,2882.40585275865,3320.75005962883,2073.97201838278,2151.58640025042,3332.73787048667,2755.15940537597,2007.21296362104,2626.92524712514,2663.67468218421,2216.58964761,2474.48851371171,3614.12356107215
3067.2478315907,3368.70484253065,3285.13087126743,2164.63688555805,2865.38428034867,3842.22785912894,1559.10994971535,2921.12384783937,3151.84403261121,2676.52341125163,2804.05978443987,2752.12627223274,3252.29902541179,2882.40585275865,3320.75005962883,2073.97201838278,2151.58640025042,3332.73787048667,2755.15940537597,2007.21296362104,2626.92524712514,2663.67468218421,2216.58964761,2474.48851371171,3614.12356107215
3067.2478315907,3368.70484253065,3285.13087126743,2164.63688555805,2865.38428034867,3842.22785912894,1559.10994971535,2921.12384783937,3151.84403261121,2676.52341125163,2804.05978443987,2752.12627223274,3252.29902541179,2882.40585275865,3320.75005962883,2073.97201838278,2151.58640025042,3332.73787048667,2755.15940537597,2007.21296362104,2626.92524712514,2663.67468218421,2216.58964761,2474.48851371171,3614.12356107215
3067.2478315907,3368.70484253065,3285.13087126743,2164.63688555805,2865.38428034867,3842.22785912894,1559.10994971535,2921.12384783937,3151.84403261121,2676.52341125163,2804.05978443987,2752.12627223274,3252.29902541179,2882.40585275865,3320.75005962883,2073.97201838278,2151.58640025042,3332.73787048667,2755.15940537597,2007.21296362104,2626.92524712514,2663.67468218421,2216.58964761,2474.48851371171,3614.12356107215
3067.2478315907,3368.70484253065,3285.13087126743,2164.63688555805,2865.38428034867,3842.22785912894,1559.10994971535,2921.12384783937,3151.84403261121,2676.52341125163,2804.05978443987,2752.12627223274,3252.29902541179,2882.40585275865,3320.75005962883,2073.97201838278,2151.58640025042,3332.73787048667,2755.15940537597,2007.21296362104,2626.92524712514,2663.67468218421,2216.58964761,2474.48851371171,3614.12356107215
3067.2478315907,3368.70484253065,3285.13087126743,2164.63688555805,2865.38428034867,3842.22785912894,1559.10994971535,2921.12384783937,3151.84403261121,2676.52341125163,2804.05978443987,2752.12627223274,3252.29902541179,2882.40585275865,3320.75005962883,2073.97201838278,2151.58640025042,3332.73787048667,2755.15940537597,2007.21296362104,2626.92524712514,2663.67468218421,2216.58964761,2474.48851371171,3614.12356107215
3067.2478315907,3368.70484253065,3285.13087126743,2164.63688555805,2865.38428034867,3842.22785912894,1559.10994971535,2921.12384783937,3151.84403261121,2676.52341125163,2804.05978443987,2752.12627223274,3252.29902541179,2882.40585275865,3320.75005962883,2073.97201838278,2151.58640025042,3332.73787048667,2755.15940537597,2007.21296362104,2626.92524712514,2663.67468218421,2216.58964761,2474.48851371171,3614.12356107215
3067.2478315907,3368.70484253065,3285.13087126743,2164.63688555805,2865.38428034867,3842.22785912894,1559.10994971535,2921.12384783937,3151.84403261121,2676.52341125163,2804.05978443987,2752.12627223274,3252.29902541179,2882.40585275865,3320.75005962883,2073.97201838278,2151.58640025042,3332.73787048667,2755.15940537597,2007.21296362104,2626.92524712514,2663.67468218421,2216.58964761,2474.48851371171,3614.12356107215
3067.2478315907,3368.70484253065,3285.13087126743,2164.63688555805,2865.38428034867,3842.22785912894,1559.10994971535,2921.12384783937,3151.84403261121,2676.52341125163,2804.05978443987,2752.12627223274,3252.29902541179,2882.40585275865,3320.75005962883,2073.97201838278,2151.58640025042,3332.73787048667,2755.15940537597,2007.21296362104,2626.92524712514,2663.67468218421,2216.58964761,2474.48851371171,3614.12356107215
3067.2478315907,3368.70484253065,3285.13087126743,2164.63688555805,2865.38428034867,3842.22785912894,1559.10994971535,2921.12384783937,3151.84403261121,2676.52341125163,2804.05978443987,2752.12627223274,3252.29902541179,2882.40585275865,3320.75005962883,2073.97201838278,2151.58640025042,3332.73787048667,2755.15940537597,2007.21296362104,2626.92524712514,2663.67468218421,2216.58964761,2474.48851371171,3614.12356107215
3067.2478315907,3368.70484253065,3285.13087126743,2164.63688555805,2865.38428034867,3842.22785912894,1559.10994971535,2921.12384783937,3151.84403261121,2676.52341125163,2804.05978443987,2752.12627223274,3252.29902541179,2882.40585275865,3320.75005962883,2073.97201838278,2151.58640025042,3332.73787048667,2755.15940537597,2007.21296362104,2626.92524712514,2663.67468218421,2216.58964761,2474.48851371171,3614.12356107215
3067.2478315907,3368.70484253065,3285.13087126743,2164.63688555805,2865.38428034867,3842.22785912894,1559.10994971535,2921.12384783937,3151.84403261121,2676.52341125163,2804.05978443987,2752.12627223274,3252.29902541179,2882.40585275865,3320.75005962883,2073.97201838278,2151.58640025042,3332.73787048667,2755.15940537597,2007.21296362104,2626.92524712514,2663.67468218421,2216.58964761,2474.48851371171,3614.12356107215
3067.2478315907,3368.70484253065,3285.13087126743,2164.63688555805,2865.38428034867,3842.22785912894,1559.10994971535,2921.12384783937,3151.84403261121,2676.52341125163,2804.05978443987,2752.12627223274,3252.29902541179,2882.40585275865,3320.75005962883,2073.97201838278,2151.58640025042,3332.73787048667,2755.15940537597,2007.21296362104,2626.92524712514,2663.67468218421,2216.58964761,2474.48851371171,3614.12356107215
3067.2478315907,3368.70484253065,3285.13087126743,2164.63688555805,2865.38428034867,3842.22785912894,1559.10994971535,2921.12384783937,3151.84403261121,2676.52341125163,2804.05978443987,2752.12627223274,3252.29902541179,2882.40585275865,3320.75005962883,2073.97201838278,2151.58640025042,3332.73787048667,2755.15940537597,2007.21296362104,2626.92524712514,2663.67468218421,2216.58964761,2474.48851371171,3614.12356107215
3067.2478315907,3368.70484253065,3285.13087126743,2164.63688555805,2865.38428034867,3842.22785912894,1559.10994971535,2921.12384783937,3151.84403261121,2676.52341125163,2804.05978443987,2752.12627223274,3252.29902541179,2882.40585275865,3320.75005962883,2073.97201838278,2151.58640025042,3332.73787048667,2755.15940537597,2007.21296362104,2626.92524712514,2663.67468218421,2216.58964761,2474.48851371171,3614.12356107215
3067.2478315907,3368.70484253065,3285.13087126743,2164.63688555805,2865.38428034867,3842.22785912894,1559.10994971535,2921.12384783937,3151.84403261121,2676.52341125163,2804.05978443987,2752.12627223274,3252.29902541179,2882.40585275865,3320.75005962883,2073.97201838278,2151.58640025042,3332.73787048667,2755.15940537597,2007.21296362104,2626.92524712514,2663.67468218421,2216.58964761,2474.48851371171,3614.12356107215
3067.2478315907,3368.70484253065,3285.13087126743,2164.63688555805,2865.38428034867,3842.22785912894,1559.10994971535,2921.12384783937,3151.84403261121,2676.52341125163,2804.05978443987,2752.12627223274,3252.29902541179,2882.40585275865,3320.75005962883,2073.97201838278,2151.58640025042,3332.73787048667,2755.15940537597,2007.21296362104,2626.92524712514,2663.67468218421,2216.58964761,2474.48851371171,3614.12356107215
3067.2478315907,3368.70484253065,3285.13087126743,2164.63688555805,2865.38428034867,3842.22785912894,1559.10994971535,2921.12384783937,3151.84403261121,2676.52341125163,2804.05978443987,2752.12627223274,3252.29902541179,2882.40585275865,3320.75005962883,2073.97201838278,2151.58640025042,3332.73787048667,2755.15940537597,2007.21296362104,2626.92524712514,2663.67468218421,2216.58964761,2474.48851371171,3614.12356107215
3067.2478315907,3368.70484253065,3285.13087126743,2164.63688555805,2865.38428034867,3842.22785912894,1559.10994971535,2921.12384783937,3151.84403261121,2676.52341125163,2804.05978443987,2752.12627223274,3252.29902541179,2882.40585275865,3320.75005962883,2073.97201838278,2151.58640025042,3332.73787048667,2755.15940537597,2007.21296362104,2626.92524712514,2663.67468218421,2216.58964761,2474.48851371171,3614.12356107215
3067.2478315907,3368.70484253065,3285.13087126743,2164.63688555805,2865.38428034867,3842.22785912894,1559.10994971535,2921.12384783937,3151.84403261121,2676.52341125163,2804.05978443987,2752.12627223274,3252.29902541179,2882.40585275865,3320.75005962883,2073.97201838278,2151.58640025042,3332.73787048667,2755.15940537597,2007.21296362104,2626.92524712514,2663.67468218421,2216.58964761,2474.48851371171,3614.12356107215
3067.2478315907,3368.70484253065,3285.13087126743,2164.63688555805,2865.38428034867,3842.22785912894,1559.10994971535,2921.12384783937,3151.84403261121,2676.52341125163,2804.05978443987,2752.12627223274,3252.29902541179,2882.40585275865,3320.75005962883,2073.97201838278,2151.58640025042,3332.73787048667,2755.15940537597,2007.21296362104,2626.92524712514,2663.67468218421,2216.58964761,2474.48851371171,3614.12356107215
3067.2478315907,3368.70484253065,3285.13087126743,2164.63688555805,2865.38428034867,3842.22785912894,1559.10994971535,2921.12384783937,3151.84403261121,2676.52341125163,2804.05978443987,2752.12627223274,3252.29902541179,2882.40585275865,3320.75005962883,2073.97201838278,2151.58640025042,3332.73787048667,2755.15940537597,2007.21296362104,2626.92524712514,2663.67468218421,2216.58964761,2474.48851371171,3614.12356107215
3067.2478315907,3368.70484253065,3285.13087126743,2164.63688555805,2865.38428034867,3842.22785912894,1559.10994971535,2921.12384783937,3151.84403261121,2676.52341125163,2804.05978443987,2752.12627223274,3252.29902541179,2882.40585275865,3320.75005962883,2073.97201838278,2151.58640025042,3332.73787048667,2755.15940537597,2007.21296362104,2626.92524712514,2663.67468218421,2216.58964761,2474.48851371171,3614.12356107215
3067.2478315907,3368.70484253065,3285.13087126743,2164.63688555805,2865.38428034867,3842.22785912894,1559.10994971535,2921.12384783937,3151.84403261121,2676.52341125163,2804.05978443987,2752.12627223274,3252.29902541179,2882.40585275865,3320.75005962883,2073.97201838278,2151.58640025042,3332.73787048667,2755.15940537597,2007.21296362104,2626.92524712514,2663.67468218421,2216.58964761,2474.48851371171,3614.12356107215
3067.2478315907,3368.70484253065,3285.13087126743,2164.63688555805,2865.38428034867,3842.22785912894,1559.10994971535,2921.12384783937,3151.84403261121,2676.52341125163,2804.05978443987,2752.12627223274,3252.29902541179,2882.40585275865,3320.75005962883,2073.97201838278,2151.58640025042,3332.73787048667,2755.15940537597,2007.21296362104,2626.92524712514,2663.67468218421,2216.58964761,2474.48851371171,3614.12356107215
3067.2478315907,3368.70484253065,3285.13087126743,2164.63688555805,2865.38428034867,3842.22785912894,1559.10994971535,2921.12384783937,3151.84403261121,2676.52341125163,2804.05978443987,2752.12627223274,3252.29902541179,2882.40585275865,3320.75005962883,2073.97201838278,2151.58640025042,3332.73787048667,2755.15940537597,2007.21296362104,2626.92524712514,2663.67468218421,2216.58964761,2474.48851371171,3614.12356107215
3067.2478315907,3368.70484253065,3285.13087126743,2164.63688555805,2865.38428034867,3842.22785912894,1559.10994971535,2921.12384783937,3151.84403261121,2676.52341125163,2804.05978443987,2752.12627223274,3252.29902541179,2882.40585275865,3320.75005962883,2073.97201838278,2151.58640025042,3332.73787048667,2755.15940537597,2007.21296362104,2626.92524712514,2663.67468218421,2216.58964761,2474.48851371171,3614.12356107215
3067.2478315907,3368.70484253065,3285.13087126743,2164.63688555805,2865.38428034867,3842.22785912894,1559.10994971535,2921.12384783937,3151.84403261121,2676.52341125163,2804.05978443987,2752.12627223274,3252.29902541179,2882.40585275865,3320.75005962883,2073.97201838278,2151.58640025042,3332.73787048667,2755.15940537597,2007.21296362104,2626.92524712514,2663.67468218421,2216.58964761,2474.48851371171,3614.12356107215
3067.2478315907,3368.70484253065,3285.13087126743,2164.63688555805,2865.38428034867,3842.22785912894,1559.10994971535,2921.12384783937,3151.84403261121,2676.52341125163,2804.05978443987,2752.12627223274,3252.29902541179,2882.40585275865,3320.75005962883,2073.97201838278,2151.58640025042,3332.73787048667,2755.15940537597,2007.21296362104,2626.92524712514,2663.67468218421,2216.58964761,2474.48851371171,3614.12356107215
3067.2478315907,3368.70484253065,3285.13087126743,2164.63688555805,2865.38428034867,3842.22785912894,1559.10994971535,2921.12384783937,3151.84403261121,2676.52341125163,2804.05978443987,2752.12627223274,3252.29902541179,2882.40585275865,3320.75005962883,2073.97201838278,2151.58640025042,3332.73787048667,2755.15940537597,2007.21296362104,2626.92524712514,2663.67468218421,2216.58964761,2474.48851371171,3614.12356107215
3067.2478315907,3368.70484253065,3285.13087126743,2164.63688555805,2865.38428034867,3842.22785912894,1559.10994971535,2921.12384783937,3151.84403261121,2676.52341125163,2804.05978443987,2752.12627223274,3252.29902541179,2882.40585275865,3320.75005962883,2073.97201838278,2151.58640025042,3332.73787048667,2755.15940537597,2007.21296362104,2626.92524712514,2663.67468218421,2216.58964761,2474.48851371171,3614.12356107215
3067.2478315907,3368.70484253065,3285.13087126743,2164.63688555805,2865.38428034867,3842.22785912894,1559.10994971535,2921.12384783937,3151.84403261121,2676.52341125163,2804.05978443987,2752.12627223274,3252.29902541179,2882.40585275865,3320.75005962883,2073.97201838278,2151.58640025042,3332.73787048667,2755.15940537597,2007.21296362104,2626.92524712514,2663.67468218421,2216.58964761,2474.48851371171,3614.12356107215
3067.2478315907,3368.70484253065,3285.13087126743,2164.63688555805,2865.38428034867,3842.22785912894,1559.10994971535,2921.12384783937,3151.84403261121,2676.52341125163,2804.05978443987,2752.12627223274,3252.29902541179,2882.40585275865,3320.75005962883,2073.97201838278,2151.58640025042,3332.73787048667,2755.15940537597,2007.21296362104,2626.92524712514,2663.67468218421,2216.58964761,2474.48851371171,3614.12356107215
3067.2478315907,3368.70484253065,3285.13087126743,2164.63688555805,2865.38428034867,3842.22785912894,1559.10994971535,2921.12384783937,3151.84403261121,2676.52341125163,2804.05978443987,2752.12627223274,3252.29902541179,2882.40585275865,3320.75005962883,2073.97201838278,2151.58640025042,3332.73787048667,2755.15940537597,2007.21296362104,2626.92524712514,2663.67468218421,2216.58964761,2474.48851371171,3614.12356107215
3067.2478315907,3368.70484253065,3285.13087126743,2164.63688555805,2865.38428034867,3842.22785912894,1559.10994971535,2921.12384783937,3151.84403261121,2676.52341125163,2804.05978443987,2752.12627223274,3252.29902541179,2882.40585275865,3320.75005962883,2073.97201838278,2151.58640025042,3332.73787048667,2755.15940537597,2007.21296362104,2626.92524712514,2663.67468218421,2216.58964761,2474.48851371171,3614.12356107215
3067.2478315907,3368.70484253065,3285.13087126743,2164.63688555805,2865.38428034867,3842.22785912894,1559.10994971535,2921.12384783937,3151.84403261121,2676.52341125163,2804.05978443987,2752.12627223274,3252.29902541179,2882.40585275865,3320.75005962883,2073.97201838278,2151.58640025042,3332.73787048667,2755.15940537597,2007.21296362104,2626.92524712514,2663.67468218421,2216.58964761,2474.48851371171,3614.12356107215
3067.2478315907,3368.70484253065,3285.13087126743,2164.63688555805,2865.38428034867,3842.22785912894,1559.10994971535,2921.12384783937,3151.84403261121,2676.52341125163,2804.05978443987,2752.12627223274,3252.29902541179,2882.40585275865,3320.75005962883,2073.97201838278,2151.58640025042,3332.73787048667,2755.15940537597,2007.21296362104,2626.92524712514,2663.67468218421,2216.58964761,2474.48851371171,3614.12356107215
3067.2478315907,3368.70484253065,3285.13087126743,2164.63688555805,2865.38428034867,3842.22785912894,1559.10994971535,2921.12384783937,3151.84403261121,2676.52341125163,2804.05978443987,2752.12627223274,3252.29902541179,2882.40585275865,3320.75005962883,2073.97201838278,2151.58640025042,3332.73787048667,2755.15940537597,2007.21296362104,2626.92524712514,2663.67468218421,2216.58964761,2474.48851371171,3614.12356107215
3067.2478315907,3368.70484253065,3285.13087126743,2164.63688555805,2865.38428034867,3842.22785912894,1559.10994971535,2921.12384783937,3151.84403261121,2676.52341125163,2804.05978443987,2752.12627223274,3252.29902541179,2882.40585275865,3320.75005962883,2073.97201838278,2151.58640025042,3332.73787048667,2755.15940537597,2007.21296362104,2626.92524712514,2663.67468218421,2216.58964761,2474.48851371171,3614.12356107215
3067.2478315907,3368.70484253065,3285.13087126743,2164.63688555805,2865.38428034867,3842.22785912894,1559.10994971535,2921.12384783937,3151.84403261121,2676.52341125163,2804.05978443987,2752.12627223274,3252.29902541179,2882.40585275865,3320.75005962883,2073.97201838278,2151.58640025042,3332.73787048667,2755.15940537597,2007.21296362104,2626.92524712514,2663.67468218421,2216.58964761,2474.48851371171,3614.12356107215
3067.2478315907,3368.70484253065,3285.13087126743,2164.63688555805,2865.38428034867,3842.22785912894,1559.10994971535,2921.12384783937,3151.84403261121,2676.52341125163,2804.05978443987,2752.12627223274,3252.29902541179,2882.40585275865,3320.75005962883,2073.97201838278,2151.58640025042,3332.73787048667,2755.15940537597,2007.21296362104,2626.92524712514,2663.67468218421,2216.58964761,2474.48851371171,3614.12356107215
3067.2478315907,3368.70484253065,3285.13087126743,2164.63688555805,2865.38428034867,3842.22785912894,1559.10994971535,2921.12384783937,3151.84403261121,2676.52341125163,2804.05978443987,2752.12627223274,3252.29902541179,2882.40585275865,3320.75005962883,2073.97201838278,2151.58640025042,3332.73787048667,2755.15940537597,2007.21296362104,2626.92524712514,2663.67468218421,2216.58964761,2474.48851371171,3614.12356107215
3067.2478315907,3368.70484253065,3285.13087126743,2164.63688555805,2865.38428034867,3842.22785912894,1559.10994971535,2921.12384783937,3151.84403261121,2676.52341125163,2804.05978443987,2752.12627223274,3252.29902541179,2882.40585275865,3320.75005962883,2073.97201838278,2151.58640025042,3332.73787048667,2755.15940537597,2007.21296362104,2626.92524712514,2663.67468218421,2216.58964761,2474.48851371171,3614.12356107215
3067.2478315907,3368.70484253065,3285.13087126743,2164.63688555805,2865.38428034867,3842.22785912894,1559.10994971535,2921.12384783937,3151.84403261121,2676.52341125163,2804.05978443987,2752.12627223274,3252.29902541179,2882.40585275865,3320.75005962883,2073.97201838278,2151.58640025042,3332.73787048667,2755.15940537597,2007.21296362104,2626.92524712514,2663.67468218421,2216.58964761,2474.48851371171,3614.12356107215
3067.2478315907,3368.70484253065,3285.13087126743,2164.63688555805,2865.38428034867,3842.22785912894,1559.10994971535,2921.12384783937,3151.84403261121,2676.52341125163,2804.05978443987,2752.12627223274,3252.29902541179,2882.40585275865,3320.75005962883,2073.97201838278,2151.58640025042,3332.73787048667,2755.15940537597,2007.21296362104,2626.92524712514,2663.67468218421,2216.58964761,2474.48851371171,3614.12356107215
3067.2478315907,3368.70484253065,3285.13087126743,2164.63688555805,2865.38428034867,3842.22785912894,1559.10994971535,2921.12384783937,3151.84403261121,2676.52341125163,2804.05978443987,2752.12627223274,3252.29902541179,2882.40585275865,3320.75005962883,2073.97201838278,2151.58640025042,3332.73787048667,2755.15940537597,2007.21296362104,2626.92524712514,2663.67468218421,2216.58964761,2474.48851371171,3614.12356107215
3067.2478315907,3368.70484253065,3285.13087126743,2164.63688555805,2865.38428034867,3842.22785912894,1559.10994971535,2921.12384783937,3151.84403261121,2676.52341125163,2804.05978443987,2752.12627223274,3252.29902541179,2882.40585275865,3320.75005962883,2073.97201838278,2151.58640025042,3332.73787048667,2755.15940537597,2007.21296362104,2626.92524712514,2663.67468218421,2216.58964761,2474.48851371171,3614.12356107215
3067.2478315907,3368.70484253065,3285.13087126743,2164.63688555805,2865.38428034867,3842.22785912894,1559.10994971535,2921.12384783937,3151.84403261121,2676.52341125163,2804.05978443987,2752.12627223274,3252.29902541179,2882.40585275865,3320.75005962883,2073.97201838278,2151.58640025042,3332.73787048667,2755.15940537597,2007.21296362104,2626.92524712514,2663.67468218421,2216.58964761,2474.48851371171,3614.12356107215
3067.2478315907,3368.70484253065,3285.13087126743,2164.63688555805,2865.38428034867,3842.22785912894,1559.10994971535,2921.12384783937,3151.84403261121,2676.52341125163,2804.05978443987,2752.12627223274,3252.29902541179,2882.40585275865,3320.75005962883,2073.97201838278,2151.58640025042,3332.73787048667,2755.15940537597,2007.21296362104,2626.92524712514,2663.67468218421,2216.58964761,2474.48851371171,3614.12356107215
3067.2478315907,3368.70484253065,3285.13087126743,2164.63688555805,2865.38428034867,3842.22785912894,1559.10994971535,2921.12384783937,3151.84403261121,2676.52341125163,2804.05978443987,2752.12627223274,3252.29902541179,2882.40585275865,3320.75005962883,2073.97201838278,2151.58640025042,3332.73787048667,2755.15940537597,2007.21296362104,2626.92524712514,2663.67468218421,2216.58964761,2474.48851371171,3614.12356107215
3067.2478315907,3368.70484253065,3285.13087126743,2164.63688555805,2865.38428034867,3842.22785912894,1559.10994971535,2921.12384783937,3151.84403261121,2676.52341125163,2804.05978443987,2752.12627223274,3252.29902541179,2882.40585275865,3320.75005962883,2073.97201838278,2151.58640025042,3332.73787048667,2755.15940537597,2007.21296362104,2626.92524712514,2663.67468218421,2216.58964761,2474.48851371171,3614.12356107215
3067.2478315907,3368.70484253065,3285.13087126743,2164.63688555805,2865.38428034867,3842.22785912894,1559.10994971535,2921.12384783937,3151.84403261121,2676.52341125163,2804.05978443987,2752.12627223274,3252.29902541179,2882.40585275865,3320.75005962883,2073.97201838278,2151.58640025042,3332.73787048667,2755.15940537597,2007.21296362104,2626.92524712514,2663.67468218421,2216.58964761,2474.48851371171,3614.12356107215
3067.2478315907,3368.70484253065,3285.13087126743,2164.63688555805,2865.38428034867,3842.22785912894,1559.10994971535,2921.12384783937,3151.84403261121,2676.52341125163,2804.05978443987,2752.12627223274,3252.29902541179,2882.40585275865,3320.75005962883,2073.97201838278,2151.58640025042,3332.73787048667,2755.15940537597,2007.21296362104,2626.92524712514,2663.67468218421,2216.58964761,2474.48851371171,3614.12356107215
3067.2478315907,3368.70484253065,3285.13087126743,2164.63688555805,2865.38428034867,3842.22785912894,1559.10994971535,2921.12384783937,3151.84403261121,2676.52341125163,2804.05978443987,2752.12627223274,3252.29902541179,2882.40585275865,3320.75005962883,2073.97201838278,2151.58640025042,3332.73787048667,2755.15940537597,2007.21296362104,2626.92524712514,2663.67468218421,2216.58964761,2474.48851371171,3614.12356107215
3067.2478315907,3368.70484253065,3285.13087126743,2164.63688555805,2865.38428034867,3842.22785912894,1559.10994971535,2921.12384783937,3151.84403261121,2676.52341125163,2804.05978443987,2752.12627223274,3252.29902541179,2882.40585275865,3320.75005962883,2073.97201838278,2151.58640025042,3332.73787048667,2755.15940537597,2007.21296362104,2626.92524712514,2663.67468218421,2216.58964761,2474.48851371171,3614.12356107215
3067.2478315907,3368.70484253065,3285.13087126743,2164.63688555805,2865.38428034867,3842.22785912894,1559.10994971535,2921.12384783937,3151.84403261121,2676.52341125163,2804.05978443987,2752.12627223274,3252.29902541179,2882.40585275865,3320.75005962883,2073.97201838278,2151.58640025042,3332.73787048667,2755.15940537597,2007.21296362104,2626.92524712514,2663.67468218421,2216.58964761,2474.48851371171,3614.12356107215
3067.2478315907,3368.70484253065,3285.13087126743,2164.63688555805,2865.38428034867,3842.22785912894,1559.10994971535,2921.12384783937,3151.84403261121,2676.52341125163,2804.05978443987,2752.12627223274,3252.29902541179,2882.40585275865,3320.75005962883,2073.97201838278,2151.58640025042,3332.73787048667,2755.15940537597,2007.21296362104,2626.92524712514,2663.67468218421,2216.58964761,2474.48851371171,3614.12356107215
3067.2478315907,3368.70484253065,3285.13087126743,2164.63688555805,2865.38428034867,3842.22785912894,1559.10994971535,2921.12384783937,3151.84403261121,2676.52341125163,2804.05978443987,2752.12627223274,3252.29902541179,2882.40585275865,3320.75005962883,2073.97201838278,2151.58640025042,3332.73787048667,2755.15940537597,2007.21296362104,2626.92524712514,2663.67468218421,2216.58964761,2474.48851371171,3614.12356107215
3067.2478315907,3368.70484253065,3285.13087126743,2164.63688555805,2865.38428034867,3842.22785912894,1559.10994971535,2921.12384783937,3151.84403261121,2676.52341125163,2804.05978443987,2752.12627223274,3252.29902541179,2882.40585275865,3320.75005962883,2073.97201838278,2151.58640025042,3332.73787048667,2755.15940537597,2007.21296362104,2626.92524712514,2663.67468218421,2216.58964761,2474.48851371171,3614.12356107215
3067.2478315907,3368.70484253065,3285.13087126743,2164.63688555805,2865.38428034867,3842.22785912894,1559.10994971535,2921.12384783937,3151.84403261121,2676.52341125163,2804.05978443987,2752.12627223274,3252.29902541179,2882.40585275865,3320.75005962883,2073.97201838278,2151.58640025042,3332.73787048667,2755.15940537597,2007.21296362104,2626.92524712514,2663.67468218421,2216.58964761,2474.48851371171,3614.12356107215
3067.2478315907,3368.70484253065,3285.13087126743,2164.63688555805,2865.38428034867,3842.22785912894,1559.10994971535,2921.12384783937,3151.84403261121,2676.52341125163,2804.05978443987,2752.12627223274,3252.29902541179,2882.40585275865,3320.75005962883,2073.97201838278,2151.58640025042,3332.73787048667,2755.15940537597,2007.21296362104,2626.92524712514,2663.67468218421,2216.58964761,2474.48851371171,3614.12356107215
3067.2478315907,3368.70484253065,3285.13087126743,2164.63688555805,2865.38428034867,3842.22785912894,1559.10994971535,2921.12384783937,3151.84403261121,2676.52341125163,2804.05978443987,2752.12627223274,3252.29902541179,2882.40585275865,3320.75005962883,2073.97201838278,2151.58640025042,3332.73787048667,2755.15940537597,2007.21296362104,2626.92524712514,2663.67468218421,2216.58964761,2474.48851371171,3614.12356107215
3067.2478315907,3368.70484253065,3285.13087126743,2164.63688555805,2865.38428034867,3842.22785912894,1559.10994971535,2921.12384783937,3151.84403261121,2676.52341125163,2804.05978443987,2752.12627223274,3252.29902541179,2882.40585275865,3320.75005962883,2073.97201838278,2151.58640025042,3332.73787048667,2755.15940537597,2007.21296362104,2626.92524712514,2663.67468218421,2216.58964761,2474.48851371171,3614.12356107215
3067.2478315907,3368.70484253065,3285.13087126743,2164.63688555805,2865.38428034867,3842.22785912894,1559.10994971535,2921.12384783937,3151.84403261121,2676.52341125163,2804.05978443987,2752.12627223274,3252.29902541179,2882.40585275865,3320.75005962883,2073.97201838278,2151.58640025042,3332.73787048667,2755.15940537597,2007.21296362104,2626.92524712514,2663.67468218421,2216.58964761,2474.48851371171,3614.12356107215
3067.2478315907,3368.70484253065,3285.13087126743,2164.63688555805,2865.38428034867,3842.22785912894,1559.10994971535,2921.12384783937,3151.84403261121,2676.52341125163,2804.05978443987,2752.12627223274,3252.29902541179,2882.40585275865,3320.75005962883,2073.97201838278,2151.58640025042,3332.73787048667,2755.15940537597,2007.21296362104,2626.92524712514,2663.67468218421,2216.58964761,2474.48851371171,3614.12356107215
3067.2478315907,3368.70484253065,3285.13087126743,2164.63688555805,2865.38428034867,3842.22785912894,1559.10994971535,2921.12384783937,3151.84403261121,2676.52341125163,2804.05978443987,2752.12627223274,3252.29902541179,2882.40585275865,3320.75005962883,2073.97201838278,2151.58640025042,3332.73787048667,2755.15940537597,2007.21296362104,2626.92524712514,2663.67468218421,2216.58964761,2474.48851371171,3614.12356107215
3067.2478315907,3368.70484253065,3285.13087126743,2164.63688555805,2865.38428034867,3842.22785912894,1559.10994971535,2921.12384783937,3151.84403261121,2676.52341125163,2804.05978443987,2752.12627223274,3252.29902541179,2882.40585275865,3320.75005962883,2073.97201838278,2151.58640025042,3332.73787048667,2755.15940537597,2007.21296362104,2626.92524712514,2663.67468218421,2216.58964761,2474.48851371171,3614.12356107215
3067.2478315907,3368.70484253065,3285.13087126743,2164.63688555805,2865.38428034867,3842.22785912894,1559.10994971535,2921.12384783937,3151.84403261121,2676.52341125163,2804.05978443987,2752.12627223274,3252.29902541179,2882.40585275865,3320.75005962883,2073.97201838278,2151.58640025042,3332.73787048667,2755.15940537597,2007.21296362104,2626.92524712514,2663.67468218421,2216.58964761,2474.48851371171,3614.12356107215
3067.2478315907,3368.70484253065,3285.13087126743,2164.63688555805,2865.38428034867,3842.22785912894,1559.10994971535,2921.12384783937,3151.84403261121,2676.52341125163,2804.05978443987,2752.12627223274,3252.29902541179,2882.40585275865,3320.75005962883,2073.97201838278,2151.58640025042,3332.73787048667,2755.15940537597,2007.21296362104,2626.92524712514,2663.67468218421,2216.58964761,2474.48851371171,3614.12356107215
3067.2478315907,3368.70484253065,3285.13087126743,2164.63688555805,2865.38428034867,3842.22785912894,1559.10994971535,2921.12384783937,3151.84403261121,2676.52341125163,2804.05978443987,2752.12627223274,3252.29902541179,2882.40585275865,3320.75005962883,2073.97201838278,2151.58640025042,3332.73787048667,2755.15940537597,2007.21296362104,2626.92524712514,2663.67468218421,2216.58964761,2474.48851371171,3614.12356107215
3067.2478315907,3368.70484253065,3285.13087126743,2164.63688555805,2865.38428034867,3842.22785912894,1559.10994971535,2921.12384783937,3151.84403261121,2676.52341125163,2804.05978443987,2752.12627223274,3252.29902541179,2882.40585275865,3320.75005962883,2073.97201838278,2151.58640025042,3332.73787048667,2755.15940537597,2007.21296362104,2626.92524712514,2663.67468218421,2216.58964761,2474.48851371171,3614.12356107215
3067.2478315907,3368.70484253065,3285.13087126743,2164.63688555805,2865.38428034867,3842.22785912894,1559.10994971535,2921.12384783937,3151.84403261121,2676.52341125163,2804.05978443987,2752.12627223274,3252.29902541179,2882.40585275865,3320.75005962883,2073.97201838278,2151.58640025042,3332.73787048667,2755.15940537597,2007.21296362104,2626.92524712514,2663.67468218421,2216.58964761,2474.48851371171,3614.12356107215
3067.2478315907,3368.70484253065,3285.13087126743,2164.63688555805,2865.38428034867,3842.22785912894,1559.10994971535,2921.12384783937,3151.84403261121,2676.52341125163,2804.05978443987,2752.12627223274,3252.29902541179,2882.40585275865,3320.75005962883,2073.97201838278,2151.58640025042,3332.73787048667,2755.15940537597,2007.21296362104,2626.92524712514,2663.67468218421,2216.58964761,2474.48851371171,3614.12356107215
3067.2478315907,3368.70484253065,3285.13087126743,2164.63688555805,2865.38428034867,3842.22785912894,1559.10994971535,2921.12384783937,3151.84403261121,2676.52341125163,2804.05978443987,2752.12627223274,3252.29902541179,2882.40585275865,3320.75005962883,2073.97201838278,2151.58640025042,3332.73787048667,2755.15940537597,2007.21296362104,2626.92524712514,2663.67468218421,2216.58964761,2474.48851371171,3614.12356107215
3067.2478315907,3368.70484253065,3285.13087126743,2164.63688555805,2865.38428034867,3842.22785912894,1559.10994971535,2921.12384783937,3151.84403261121,2676.52341125163,2804.05978443987,2752.12627223274,3252.29902541179,2882.40585275865,3320.75005962883,2073.97201838278,2151.58640025042,3332.73787048667,2755.15940537597,2007.21296362104,2626.92524712514,2663.67468218421,2216.58964761,2474.48851371171,3614.12356107215
3067.2478315907,3368.70484253065,3285.13087126743,2164.63688555805,2865.38428034867,3842.22785912894,1559.10994971535,2921.12384783937,3151.84403261121,2676.52341125163,2804.05978443987,2752.12627223274,3252.29902541179,2882.40585275865,3320.75005962883,2073.97201838278,2151.58640025042,3332.73787048667,2755.15940537597,2007.21296362104,2626.92524712514,2663.67468218421,2216.58964761,2474.48851371171,3614.12356107215
3067.2478315907,3368.70484253065,3285.13087126743,2164.63688555805,2865.38428034867,3842.22785912894,1559.10994971535,2921.12384783937,3151.84403261121,2676.52341125163,2804.05978443987,2752.12627223274,3252.29902541179,2882.40585275865,3320.75005962883,2073.97201838278,2151.58640025042,3332.73787048667,2755.15940537597,2007.21296362104,2626.92524712514,2663.67468218421,2216.58964761,2474.48851371171,3614.12356107215
3067.2478315907,3368.70484253065,3285.13087126743,2164.63688555805,2865.38428034867,3842.22785912894,1559.10994971535,2921.12384783937,3151.84403261121,2676.52341125163,2804.05978443987,2752.12627223274,3252.29902541179,2882.40585275865,3320.75005962883,2073.97201838278,2151.58640025042,3332.73787048667,2755.15940537597,2007.21296362104,2626.92524712514,2663.67468218421,2216.58964761,2474.48851371171,3614.12356107215
3067.2478315907,3368.70484253065,3285.13087126743,2164.63688555805,2865.38428034867,3842.22785912894,1559.10994971535,2921.12384783937,3151.84403261121,2676.52341125163,2804.05978443987,2752.12627223274,3252.29902541179,2882.40585275865,3320.75005962883,2073.97201838278,2151.58640025042,3332.73787048667,2755.15940537597,2007.21296362104,2626.92524712514,2663.67468218421,2216.58964761,2474.48851371171,3614.12356107215
3067.2478315907,3368.70484253065,3285.13087126743,2164.63688555805,2865.38428034867,3842.22785912894,1559.10994971535,2921.12384783937,3151.84403261121,2676.52341125163,2804.05978443987,2752.12627223274,3252.29902541179,2882.40585275865,3320.75005962883,2073.97201838278,2151.58640025042,3332.73787048667,2755.15940537597,2007.21296362104,2626.92524712514,2663.67468218421,2216.58964761,2474.48851371171,3614.12356107215
3067.2478315907,3368.70484253065,3285.13087126743,2164.63688555805,2865.38428034867,3842.22785912894,1559.10994971535,2921.12384783937,3151.84403261121,2676.52341125163,2804.05978443987,2752.12627223274,3252.29902541179,2882.40585275865,3320.75005962883,2073.97201838278,2151.58640025042,3332.73787048667,2755.15940537597,2007.21296362104,2626.92524712514,2663.67468218421,2216.58964761,2474.48851371171,3614.12356107215
3067.2478315907,3368.70484253065,3285.13087126743,2164.63688555805,2865.38428034867,3842.22785912894,1559.10994971535,2921.12384783937,3151.84403261121,2676.52341125163,2804.05978443987,2752.12627223274,3252.29902541179,2882.40585275865,3320.75005962883,2073.97201838278,2151.58640025042,3332.73787048667,2755.15940537597,2007.21296362104,2626.92524712514,2663.67468218421,2216.58964761,2474.48851371171,3614.12356107215
3067.2478315907,3368.70484253065,3285.13087126743,2164.63688555805,2865.38428034867,3842.22785912894,1559.10994971535,2921.12384783937,3151.84403261121,2676.52341125163,2804.05978443987,2752.12627223274,3252.29902541179,2882.40585275865,3320.75005962883,2073.97201838278,2151.58640025042,3332.73787048667,2755.15940537597,2007.21296362104,2626.92524712514,2663.67468218421,2216.58964761,2474.48851371171,3614.12356107215
3067.2478315907,3368.70484253065,3285.13087126743,2164.63688555805,2865.38428034867,3842.22785912894,1559.10994971535,2921.12384783937,3151.84403261121,2676.52341125163,2804.05978443987,2752.12627223274,3252.29902541179,2882.40585275865,3320.75005962883,2073.97201838278,2151.58640025042,3332.73787048667,2755.15940537597,2007.21296362104,2626.92524712514,2663.67468218421,2216.58964761,2474.48851371171,3614.12356107215
3067.2478315907,3368.70484253065,3285.13087126743,2164.63688555805,2865.38428034867,3842.22785912894,1559.10994971535,2921.12384783937,3151.84403261121,2676.52341125163,2804.05978443987,2752.12627223274,3252.29902541179,2882.40585275865,3320.75005962883,2073.97201838278,2151.58640025042,3332.73787048667,2755.15940537597,2007.21296362104,2626.92524712514,2663.67468218421,2216.58964761,2474.48851371171,3614.12356107215
3067.2478315907,3368.70484253065,3285.13087126743,2164.63688555805,2865.38428034867,3842.22785912894,1559.10994971535,2921.12384783937,3151.84403261121,2676.52341125163,2804.05978443987,2752.12627223274,3252.29902541179,2882.40585275865,3320.75005962883,2073.97201838278,2151.58640025042,3332.73787048667,2755.15940537597,2007.21296362104,2626.92524712514,2663.67468218421,2216.58964761,2474.48851371171,3614.12356107215
3067.2478315907,3368.70484253065,3285.13087126743,2164.63688555805,2865.38428034867,3842.22785912894,1559.10994971535,2921.12384783937,3151.84403261121,2676.52341125163,2804.05978443987,2752.12627223274,3252.29902541179,2882.40585275865,3320.75005962883,2073.97201838278,2151.58640025042,3332.73787048667,2755.15940537597,2007.21296362104,2626.92524712514,2663.67468218421,2216.58964761,2474.48851371171,3614.12356107215
3067.2478315907,3368.70484253065,3285.13087126743,2164.63688555805,2865.38428034867,3842.22785912894,1559.10994971535,2921.12384783937,3151.84403261121,2676.52341125163,2804.05978443987,2752.12627223274,3252.29902541179,2882.40585275865,3320.75005962883,2073.97201838278,2151.58640025042,3332.73787048667,2755.15940537597,2007.21296362104,2626.92524712514,2663.67468218421,2216.58964761,2474.48851371171,3614.12356107215
3067.2478315907,3368.70484253065,3285.13087126743,2164.63688555805,2865.38428034867,3842.22785912894,1559.10994971535,2921.12384783937,3151.84403261121,2676.52341125163,2804.05978443987,2752.12627223274,3252.29902541179,2882.40585275865,3320.75005962883,2073.97201838278,2151.58640025042,3332.73787048667,2755.15940537597,2007.21296362104,2626.92524712514,2663.67468218421,2216.58964761,2474.48851371171,3614.12356107215
3067.2478315907,3368.70484253065,3285.13087126743,2164.63688555805,2865.38428034867,3842.22785912894,1559.10994971535,2921.12384783937,3151.84403261121,2676.52341125163,2804.05978443987,2752.12627223274,3252.29902541179,2882.40585275865,3320.75005962883,2073.97201838278,2151.58640025042,3332.73787048667,2755.15940537597,2007.21296362104,2626.92524712514,2663.67468218421,2216.58964761,2474.48851371171,3614.12356107215
3067.2478315907,3368.70484253065,3285.13087126743,2164.63688555805,2865.38428034867,3842.22785912894,1559.10994971535,2921.12384783937,3151.84403261121,2676.52341125163,2804.05978443987,2752.12627223274,3252.29902541179,2882.40585275865,3320.75005962883,2073.97201838278,2151.58640025042,3332.73787048667,2755.15940537597,2007.21296362104,2626.92524712514,2663.67468218421,2216.58964761,2474.48851371171,3614.12356107215
3067.2478315907,3368.70484253065,3285.13087126743,2164.63688555805,2865.38428034867,3842.22785912894,1559.10994971535,2921.12384783937,3151.84403261121,2676.52341125163,2804.05978443987,2752.12627223274,3252.29902541179,2882.40585275865,3320.75005962883,2073.97201838278,2151.58640025042,3332.73787048667,2755.15940537597,2007.21296362104,2626.92524712514,2663.67468218421,2216.58964761,2474.48851371171,3614.12356107215
3067.2478315907,3368.70484253065,3285.13087126743,2164.63688555805,2865.38428034867,3842.22785912894,1559.10994971535,2921.12384783937,3151.84403261121,2676.52341125163,2804.05978443987,2752.12627223274,3252.29902541179,2882.40585275865,3320.75005962883,2073.97201838278,2151.58640025042,3332.73787048667,2755.15940537597,2007.21296362104,2626.92524712514,2663.67468218421,2216.58964761,2474.48851371171,3614.12356107215
3067.2478315907,3368.70484253065,3285.13087126743,2164.63688555805,2865.38428034867,3842.22785912894,1559.10994971535,2921.12384783937,3151.84403261121,2676.52341125163,2804.05978443987,2752.12627223274,3252.29902541179,2882.40585275865,3320.75005962883,2073.97201838278,2151.58640025042,3332.73787048667,2755.15940537597,2007.21296362104,2626.92524712514,2663.67468218421,2216.58964761,2474.48851371171,3614.12356107215
3067.2478315907,3368.70484253065,3285.13087126743,2164.63688555805,2865.38428034867,3842.22785912894,1559.10994971535,2921.12384783937,3151.84403261121,2676.52341125163,2804.05978443987,2752.12627223274,3252.29902541179,2882.40585275865,3320.75005962883,2073.97201838278,2151.58640025042,3332.73787048667,2755.15940537597,2007.21296362104,2626.92524712514,2663.67468218421,2216.58964761,2474.48851371171,3614.12356107215
3067.2478315907,3368.70484253065,3285.13087126743,2164.63688555805,2865.38428034867,3842.22785912894,1559.10994971535,2921.12384783937,3151.84403261121,2676.52341125163,2804.05978443987,2752.12627223274,3252.29902541179,2882.40585275865,3320.75005962883,2073.97201838278,2151.58640025042,3332.73787048667,2755.15940537597,2007.21296362104,2626.92524712514,2663.67468218421,2216.58964761,2474.48851371171,3614.12356107215
3067.2478315907,3368.70484253065,3285.13087126743,2164.63688555805,2865.38428034867,3842.22785912894,1559.10994971535,2921.12384783937,3151.84403261121,2676.52341125163,2804.05978443987,2752.12627223274,3252.29902541179,2882.40585275865,3320.75005962883,2073.97201838278,2151.58640025042,3332.73787048667,2755.15940537597,2007.21296362104,2626.92524712514,2663.67468218421,2216.58964761,2474.48851371171,3614.12356107215
3067.2478315907,3368.70484253065,3285.13087126743,2164.63688555805,2865.38428034867,3842.22785912894,1559.10994971535,2921.12384783937,3151.84403261121,2676.52341125163,2804.05978443987,2752.12627223274,3252.29902541179,2882.40585275865,3320.75005962883,2073.97201838278,2151.58640025042,3332.73787048667,2755.15940537597,2007.21296362104,2626.92524712514,2663.67468218421,2216.58964761,2474.48851371171,3614.12356107215
3067.2478315907,3368.70484253065,3285.13087126743,2164.63688555805,2865.38428034867,3842.22785912894,1559.10994971535,2921.12384783937,3151.84403261121,2676.52341125163,2804.05978443987,2752.12627223274,3252.29902541179,2882.40585275865,3320.75005962883,2073.97201838278,2151.58640025042,3332.73787048667,2755.15940537597,2007.21296362104,2626.92524712514,2663.67468218421,2216.58964761,2474.48851371171,3614.12356107215
3067.2478315907,3368.70484253065,3285.13087126743,2164.63688555805,2865.38428034867,3842.22785912894,1559.10994971535,2921.12384783937,3151.84403261121,2676.52341125163,2804.05978443987,2752.12627223274,3252.29902541179,2882.40585275865,3320.75005962883,2073.97201838278,2151.58640025042,3332.73787048667,2755.15940537597,2007.21296362104,2626.92524712514,2663.67468218421,2216.58964761,2474.48851371171,3614.12356107215
3067.2478315907,3368.70484253065,3285.13087126743,2164.63688555805,2865.38428034867,3842.22785912894,1559.10994971535,2921.12384783937,3151.84403261121,2676.52341125163,2804.05978443987,2752.12627223274,3252.29902541179,2882.40585275865,3320.75005962883,2073.97201838278,2151.58640025042,3332.73787048667,2755.15940537597,2007.21296362104,2626.92524712514,2663.67468218421,2216.58964761,2474.48851371171,3614.12356107215
3067.2478315907,3368.70484253065,3285.13087126743,2164.63688555805,2865.38428034867,3842.22785912894,1559.10994971535,2921.12384783937,3151.84403261121,2676.52341125163,2804.05978443987,2752.12627223274,3252.29902541179,2882.40585275865,3320.75005962883,2073.97201838278,2151.58640025042,3332.73787048667,2755.15940537597,2007.21296362104,2626.92524712514,2663.67468218421,2216.58964761,2474.48851371171,3614.12356107215
3067.2478315907,3368.70484253065,3285.13087126743,2164.63688555805,2865.38428034867,3842.22785912894,1559.10994971535,2921.12384783937,3151.84403261121,2676.52341125163,2804.05978443987,2752.12627223274,3252.29902541179,2882.40585275865,3320.75005962883,2073.97201838278,2151.58640025042,3332.73787048667,2755.15940537597,2007.21296362104,2626.92524712514,2663.67468218421,2216.58964761,2474.48851371171,3614.12356107215
3067.2478315907,3368.70484253065,3285.13087126743,2164.63688555805,2865.38428034867,3842.22785912894,1559.10994971535,2921.12384783937,3151.84403261121,2676.52341125163,2804.05978443987,2752.12627223274,3252.29902541179,2882.40585275865,3320.75005962883,2073.97201838278,2151.58640025042,3332.73787048667,2755.15940537597,2007.21296362104,2626.92524712514,2663.67468218421,2216.58964761,2474.48851371171,3614.12356107215
3067.2478315907,3368.70484253065,3285.13087126743,2164.63688555805,2865.38428034867,3842.22785912894,1559.10994971535,2921.12384783937,3151.84403261121,2676.52341125163,2804.05978443987,2752.12627223274,3252.29902541179,2882.40585275865,3320.75005962883,2073.97201838278,2151.58640025042,3332.73787048667,2755.15940537597,2007.21296362104,2626.92524712514,2663.67468218421,2216.58964761,2474.48851371171,3614.12356107215
3067.2478315907,3368.70484253065,3285.13087126743,2164.63688555805,2865.38428034867,3842.22785912894,1559.10994971535,2921.12384783937,3151.84403261121,2676.52341125163,2804.05978443987,2752.12627223274,3252.29902541179,2882.40585275865,3320.75005962883,2073.97201838278,2151.58640025042,3332.73787048667,2755.15940537597,2007.21296362104,2626.92524712514,2663.67468218421,2216.58964761,2474.48851371171,3614.12356107215
3067.2478315907,3368.70484253065,3285.13087126743,2164.63688555805,2865.38428034867,3842.22785912894,1559.10994971535,2921.12384783937,3151.84403261121,2676.52341125163,2804.05978443987,2752.12627223274,3252.29902541179,2882.40585275865,3320.75005962883,2073.97201838278,2151.58640025042,3332.73787048667,2755.15940537597,2007.21296362104,2626.92524712514,2663.67468218421,2216.58964761,2474.48851371171,3614.12356107215
3067.2478315907,3368.70484253065,3285.13087126743,2164.63688555805,2865.38428034867,3842.22785912894,1559.10994971535,2921.12384783937,3151.84403261121,2676.52341125163,2804.05978443987,2752.12627223274,3252.29902541179,2882.40585275865,3320.75005962883,2073.97201838278,2151.58640025042,3332.73787048667,2755.15940537597,2007.21296362104,2626.92524712514,2663.67468218421,2216.58964761,2474.48851371171,3614.12356107215
3067.2478315907,3368.70484253065,3285.13087126743,2164.63688555805,2865.38428034867,3842.22785912894,1559.10994971535,2921.12384783937,3151.84403261121,2676.52341125163,2804.05978443987,2752.12627223274,3252.29902541179,2882.40585275865,3320.75005962883,2073.97201838278,2151.58640025042,3332.73787048667,2755.15940537597,2007.21296362104,2626.92524712514,2663.67468218421,2216.58964761,2474.48851371171,3614.12356107215
3067.2478315907,3368.70484253065,3285.13087126743,2164.63688555805,2865.38428034867,3842.22785912894,1559.10994971535,2921.12384783937,3151.84403261121,2676.52341125163,2804.05978443987,2752.12627223274,3252.29902541179,2882.40585275865,3320.75005962883,2073.97201838278,2151.58640025042,3332.73787048667,2755.15940537597,2007.21296362104,2626.92524712514,2663.67468218421,2216.58964761,2474.48851371171,3614.12356107215
3067.2478315907,3368.70484253065,3285.13087126743,2164.63688555805,2865.38428034867,3842.22785912894,1559.10994971535,2921.12384783937,3151.84403261121,2676.52341125163,2804.05978443987,2752.12627223274,3252.29902541179,2882.40585275865,3320.75005962883,2073.97201838278,2151.58640025042,3332.73787048667,2755.15940537597,2007.21296362104,2626.92524712514,2663.67468218421,2216.58964761,2474.48851371171,3614.12356107215
3067.2478315907,3368.70484253065,3285.13087126743,2164.63688555805,2865.38428034867,3842.22785912894,1559.10994971535,2921.12384783937,3151.84403261121,2676.52341125163,2804.05978443987,2752.12627223274,3252.29902541179,2882.40585275865,3320.75005962883,2073.97201838278,2151.58640025042,3332.73787048667,2755.15940537597,2007.21296362104,2626.92524712514,2663.67468218421,2216.58964761,2474.48851371171,3614.12356107215
3067.2478315907,3368.70484253065,3285.13087126743,2164.63688555805,2865.38428034867,3842.22785912894,1559.10994971535,2921.12384783937,3151.84403261121,2676.52341125163,2804.05978443987,2752.12627223274,3252.29902541179,2882.40585275865,3320.75005962883,2073.97201838278,2151.58640025042,3332.73787048667,2755.15940537597,2007.21296362104,2626.92524712514,2663.67468218421,2216.58964761,2474.48851371171,3614.12356107215
3067.2478315907,3368.70484253065,3285.13087126743,2164.63688555805,2865.38428034867,3842.22785912894,1559.10994971535,2921.12384783937,3151.84403261121,2676.52341125163,2804.05978443987,2752.12627223274,3252.29902541179,2882.40585275865,3320.75005962883,2073.97201838278,2151.58640025042,3332.73787048667,2755.15940537597,2007.21296362104,2626.92524712514,2663.67468218421,2216.58964761,2474.48851371171,3614.12356107215
3067.2478315907,3368.70484253065,3285.13087126743,2164.63688555805,2865.38428034867,3842.22785912894,1559.10994971535,2921.12384783937,3151.84403261121,2676.52341125163,2804.05978443987,2752.12627223274,3252.29902541179,2882.40585275865,3320.75005962883,2073.97201838278,2151.58640025042,3332.73787048667,2755.15940537597,2007.21296362104,2626.92524712514,2663.67468218421,2216.58964761,2474.48851371171,3614.12356107215
3067.2478315907,3368.70484253065,3285.13087126743,2164.63688555805,2865.38428034867,3842.22785912894,1559.10994971535,2921.12384783937,3151.84403261121,2676.52341125163,2804.05978443987,2752.12627223274,3252.29902541179,2882.40585275865,3320.75005962883,2073.97201838278,2151.58640025042,3332.73787048667,2755.15940537597,2007.21296362104,2626.92524712514,2663.67468218421,2216.58964761,2474.48851371171,3614.12356107215
3067.2478315907,3368.70484253065,3285.13087126743,2164.63688555805,2865.38428034867,3842.22785912894,1559.10994971535,2921.12384783937,3151.84403261121,2676.52341125163,2804.05978443987,2752.12627223274,3252.29902541179,2882.40585275865,3320.75005962883,2073.97201838278,2151.58640025042,3332.73787048667,2755.15940537597,2007.21296362104,2626.92524712514,2663.67468218421,2216.58964761,2474.48851371171,3614.12356107215
3067.2478315907,3368.70484253065,3285.13087126743,2164.63688555805,2865.38428034867,3842.22785912894,1559.10994971535,2921.12384783937,3151.84403261121,2676.52341125163,2804.05978443987,2752.12627223274,3252.29902541179,2882.40585275865,3320.75005962883,2073.97201838278,2151.58640025042,3332.73787048667,2755.15940537597,2007.21296362104,2626.92524712514,2663.67468218421,2216.58964761,2474.48851371171,3614.12356107215
3067.2478315907,3368.70484253065,3285.13087126743,2164.63688555805,2865.38428034867,3842.22785912894,1559.10994971535,2921.12384783937,3151.84403261121,2676.52341125163,2804.05978443987,2752.12627223274,3252.29902541179,2882.40585275865,3320.75005962883,2073.97201838278,2151.58640025042,3332.73787048667,2755.15940537597,2007.21296362104,2626.92524712514,2663.67468218421,2216.58964761,2474.48851371171,3614.12356107215
3067.2478315907,3368.70484253065,3285.13087126743,2164.63688555805,2865.38428034867,3842.22785912894,1559.10994971535,2921.12384783937,3151.84403261121,2676.52341125163,2804.05978443987,2752.12627223274,3252.29902541179,2882.40585275865,3320.75005962883,2073.97201838278,2151.58640025042,3332.73787048667,2755.15940537597,2007.21296362104,2626.92524712514,2663.67468218421,2216.58964761,2474.48851371171,3614.12356107215
3067.2478315907,3368.70484253065,3285.13087126743,2164.63688555805,2865.38428034867,3842.22785912894,1559.10994971535,2921.12384783937,3151.84403261121,2676.52341125163,2804.05978443987,2752.12627223274,3252.29902541179,2882.40585275865,3320.75005962883,2073.97201838278,2151.58640025042,3332.73787048667,2755.15940537597,2007.21296362104,2626.92524712514,2663.67468218421,2216.58964761,2474.48851371171,3614.12356107215
3067.2478315907,3368.70484253065,3285.13087126743,2164.63688555805,2865.38428034867,3842.22785912894,1559.10994971535,2921.12384783937,3151.84403261121,2676.52341125163,2804.05978443987,2752.12627223274,3252.29902541179,2882.40585275865,3320.75005962883,2073.97201838278,2151.58640025042,3332.73787048667,2755.15940537597,2007.21296362104,2626.92524712514,2663.67468218421,2216.58964761,2474.48851371171,3614.12356107215
3067.2478315907,3368.70484253065,3285.13087126743,2164.63688555805,2865.38428034867,3842.22785912894,1559.10994971535,2921.12384783937,3151.84403261121,2676.52341125163,2804.05978443987,2752.12627223274,3252.29902541179,2882.40585275865,3320.75005962883,2073.97201838278,2151.58640025042,3332.73787048667,2755.15940537597,2007.21296362104,2626.92524712514,2663.67468218421,2216.58964761,2474.48851371171,3614.12356107215
3067.2478315907,3368.70484253065,3285.13087126743,2164.63688555805,2865.38428034867,3842.22785912894,1559.10994971535,2921.12384783937,3151.84403261121,2676.52341125163,2804.05978443987,2752.12627223274,3252.29902541179,2882.40585275865,3320.75005962883,2073.97201838278,2151.58640025042,3332.73787048667,2755.15940537597,2007.21296362104,2626.92524712514,2663.67468218421,2216.58964761,2474.48851371171,3614.12356107215
3067.2478315907,3368.70484253065,3285.13087126743,2164.63688555805,2865.38428034867,3842.22785912894,1559.10994971535,2921.12384783937,3151.84403261121,2676.52341125163,2804.05978443987,2752.12627223274,3252.29902541179,2882.40585275865,3320.75005962883,2073.97201838278,2151.58640025042,3332.73787048667,2755.15940537597,2007.21296362104,2626.92524712514,2663.67468218421,2216.58964761,2474.48851371171,3614.12356107215
3067.2478315907,3368.70484253065,3285.13087126743,2164.63688555805,2865.38428034867,3842.22785912894,1559.10994971535,2921.12384783937,3151.84403261121,2676.52341125163,2804.05978443987,2752.12627223274,3252.29902541179,2882.40585275865,3320.75005962883,2073.97201838278,2151.58640025042,3332.73787048667,2755.15940537597,2007.21296362104,2626.92524712514,2663.67468218421,2216.58964761,2474.48851371171,3614.12356107215
3067.2478315907,3368.70484253065,3285.13087126743,2164.63688555805,2865.38428034867,3842.22785912894,1559.10994971535,2921.12384783937,3151.84403261121,2676.52341125163,2804.05978443987,2752.12627223274,3252.29902541179,2882.40585275865,3320.75005962883,2073.97201838278,2151.58640025042,3332.73787048667,2755.15940537597,2007.21296362104,2626.92524712514,2663.67468218421,2216.58964761,2474.48851371171,3614.12356107215
3067.2478315907,3368.70484253065,3285.13087126743,2164.63688555805,2865.38428034867,3842.22785912894,1559.10994971535,2921.12384783937,3151.84403261121,2676.52341125163,2804.05978443987,2752.12627223274,3252.29902541179,2882.40585275865,3320.75005962883,2073.97201838278,2151.58640025042,3332.73787048667,2755.15940537597,2007.21296362104,2626.92524712514,2663.67468218421,2216.58964761,2474.48851371171,3614.12356107215
3067.2478315907,3368.70484253065,3285.13087126743,2164.63688555805,2865.38428034867,3842.22785912894,1559.10994971535,2921.12384783937,3151.84403261121,2676.52341125163,2804.05978443987,2752.12627223274,3252.29902541179,2882.40585275865,3320.75005962883,2073.97201838278,2151.58640025042,3332.73787048667,2755.15940537597,2007.21296362104,2626.92524712514,2663.67468218421,2216.58964761,2474.48851371171,3614.12356107215
3067.2478315907,3368.70484253065,3285.13087126743,2164.63688555805,2865.38428034867,3842.22785912894,1559.10994971535,2921.12384783937,3151.84403261121,2676.52341125163,2804.05978443987,2752.12627223274,3252.29902541179,2882.40585275865,3320.75005962883,2073.97201838278,2151.58640025042,3332.73787048667,2755.15940537597,2007.21296362104,2626.92524712514,2663.67468218421,2216.58964761,2474.48851371171,3614.12356107215
3067.2478315907,3368.70484253065,3285.13087126743,2164.63688555805,2865.38428034867,3842.22785912894,1559.10994971535,2921.12384783937,3151.84403261121,2676.52341125163,2804.05978443987,2752.12627223274,3252.29902541179,2882.40585275865,3320.75005962883,2073.97201838278,2151.58640025042,3332.73787048667,2755.15940537597,2007.21296362104,2626.92524712514,2663.67468218421,2216.58964761,2474.48851371171,3614.12356107215
3067.2478315907,3368.70484253065,3285.13087126743,2164.63688555805,2865.38428034867,3842.22785912894,1559.10994971535,2921.12384783937,3151.84403261121,2676.52341125163,2804.05978443987,2752.12627223274,3252.29902541179,2882.40585275865,3320.75005962883,2073.97201838278,2151.58640025042,3332.73787048667,2755.15940537597,2007.21296362104,2626.92524712514,2663.67468218421,2216.58964761,2474.48851371171,3614.12356107215
3067.2478315907,3368.70484253065,3285.13087126743,2164.63688555805,2865.38428034867,3842.22785912894,1559.10994971535,2921.12384783937,3151.84403261121,2676.52341125163,2804.05978443987,2752.12627223274,3252.29902541179,2882.40585275865,3320.75005962883,2073.97201838278,2151.58640025042,3332.73787048667,2755.15940537597,2007.21296362104,2626.92524712514,2663.67468218421,2216.58964761,2474.48851371171,3614.12356107215
3067.2478315907,3368.70484253065,3285.13087126743,2164.63688555805,2865.38428034867,3842.22785912894,1559.10994971535,2921.12384783937,3151.84403261121,2676.52341125163,2804.05978443987,2752.12627223274,3252.29902541179,2882.40585275865,3320.75005962883,2073.97201838278,2151.58640025042,3332.73787048667,2755.15940537597,2007.21296362104,2626.92524712514,2663.67468218421,2216.58964761,2474.48851371171,3614.12356107215
3067.2478315907,3368.70484253065,3285.13087126743,2164.63688555805,2865.38428034867,3842.22785912894,1559.10994971535,2921.12384783937,3151.84403261121,2676.52341125163,2804.05978443987,2752.12627223274,3252.29902541179,2882.40585275865,3320.75005962883,2073.97201838278,2151.58640025042,3332.73787048667,2755.15940537597,2007.21296362104,2626.92524712514,2663.67468218421,2216.58964761,2474.48851371171,3614.12356107215
3067.2478315907,3368.70484253065,3285.13087126743,2164.63688555805,2865.38428034867,3842.22785912894,1559.10994971535,2921.12384783937,3151.84403261121,2676.52341125163,2804.05978443987,2752.12627223274,3252.29902541179,2882.40585275865,3320.75005962883,2073.97201838278,2151.58640025042,3332.73787048667,2755.15940537597,2007.21296362104,2626.92524712514,2663.67468218421,2216.58964761,2474.48851371171,3614.12356107215
3067.2478315907,3368.70484253065,3285.13087126743,2164.63688555805,2865.38428034867,3842.22785912894,1559.10994971535,2921.12384783937,3151.84403261121,2676.52341125163,2804.05978443987,2752.12627223274,3252.29902541179,2882.40585275865,3320.75005962883,2073.97201838278,2151.58640025042,3332.73787048667,2755.15940537597,2007.21296362104,2626.92524712514,2663.67468218421,2216.58964761,2474.48851371171,3614.12356107215
3067.2478315907,3368.70484253065,3285.13087126743,2164.63688555805,2865.38428034867,3842.22785912894,1559.10994971535,2921.12384783937,3151.84403261121,2676.52341125163,2804.05978443987,2752.12627223274,3252.29902541179,2882.40585275865,3320.75005962883,2073.97201838278,2151.58640025042,3332.73787048667,2755.15940537597,2007.21296362104,2626.92524712514,2663.67468218421,2216.58964761,2474.48851371171,3614.12356107215
3067.2478315907,3368.70484253065,3285.13087126743,2164.63688555805,2865.38428034867,3842.22785912894,1559.10994971535,2921.12384783937,3151.84403261121,2676.52341125163,2804.05978443987,2752.12627223274,3252.29902541179,2882.40585275865,3320.75005962883,2073.97201838278,2151.58640025042,3332.73787048667,2755.15940537597,2007.21296362104,2626.92524712514,2663.67468218421,2216.58964761,2474.48851371171,3614.12356107215
3067.2478315907,3368.70484253065,3285.13087126743,2164.63688555805,2865.38428034867,3842.22785912894,1559.10994971535,2921.12384783937,3151.84403261121,2676.52341125163,2804.05978443987,2752.12627223274,3252.29902541179,2882.40585275865,3320.75005962883,2073.97201838278,2151.58640025042,3332.73787048667,2755.15940537597,2007.21296362104,2626.92524712514,2663.67468218421,2216.58964761,2474.48851371171,3614.12356107215
3067.2478315907,3368.70484253065,3285.13087126743,2164.63688555805,2865.38428034867,3842.22785912894,1559.10994971535,2921.12384783937,3151.84403261121,2676.52341125163,2804.05978443987,2752.12627223274,3252.29902541179,2882.40585275865,3320.75005962883,2073.97201838278,2151.58640025042,3332.73787048667,2755.15940537597,2007.21296362104,2626.92524712514,2663.67468218421,2216.58964761,2474.48851371171,3614.12356107215
3067.2478315907,3368.70484253065,3285.13087126743,2164.63688555805,2865.38428034867,3842.22785912894,1559.10994971535,2921.12384783937,3151.84403261121,2676.52341125163,2804.05978443987,2752.12627223274,3252.29902541179,2882.40585275865,3320.75005962883,2073.97201838278,2151.58640025042,3332.73787048667,2755.15940537597,2007.21296362104,2626.92524712514,2663.67468218421,2216.58964761,2474.48851371171,3614.12356107215
3067.2478315907,3368.70484253065,3285.13087126743,2164.63688555805,2865.38428034867,3842.22785912894,1559.10994971535,2921.12384783937,3151.84403261121,2676.52341125163,2804.05978443987,2752.12627223274,3252.29902541179,2882.40585275865,3320.75005962883,2073.97201838278,2151.58640025042,3332.73787048667,2755.15940537597,2007.21296362104,2626.92524712514,2663.67468218421,2216.58964761,2474.48851371171,3614.12356107215
3067.2478315907,3368.70484253065,3285.13087126743,2164.63688555805,2865.38428034867,3842.22785912894,1559.10994971535,2921.12384783937,3151.84403261121,2676.52341125163,2804.05978443987,2752.12627223274,3252.29902541179,2882.40585275865,3320.75005962883,2073.97201838278,2151.58640025042,3332.73787048667,2755.15940537597,2007.21296362104,2626.92524712514,2663.67468218421,2216.58964761,2474.48851371171,3614.12356107215
3067.2478315907,3368.70484253065,3285.13087126743,2164.63688555805,2865.38428034867,3842.22785912894,1559.10994971535,2921.12384783937,3151.84403261121,2676.52341125163,2804.05978443987,2752.12627223274,3252.29902541179,2882.40585275865,3320.75005962883,2073.97201838278,2151.58640025042,3332.73787048667,2755.15940537597,2007.21296362104,2626.92524712514,2663.67468218421,2216.58964761,2474.48851371171,3614.12356107215
3067.2478315907,3368.70484253065,3285.13087126743,2164.63688555805,2865.38428034867,3842.22785912894,1559.10994971535,2921.12384783937,3151.84403261121,2676.52341125163,2804.05978443987,2752.12627223274,3252.29902541179,2882.40585275865,3320.75005962883,2073.97201838278,2151.58640025042,3332.73787048667,2755.15940537597,2007.21296362104,2626.92524712514,2663.67468218421,2216.58964761,2474.48851371171,3614.12356107215
3067.2478315907,3368.70484253065,3285.13087126743,2164.63688555805,2865.38428034867,3842.22785912894,1559.10994971535,2921.12384783937,3151.84403261121,2676.52341125163,2804.05978443987,2752.12627223274,3252.29902541179,2882.40585275865,3320.75005962883,2073.97201838278,2151.58640025042,3332.73787048667,2755.15940537597,2007.21296362104,2626.92524712514,2663.67468218421,2216.58964761,2474.48851371171,3614.12356107215
3067.2478315907,3368.70484253065,3285.13087126743,2164.63688555805,2865.38428034867,3842.22785912894,1559.10994971535,2921.12384783937,3151.84403261121,2676.52341125163,2804.05978443987,2752.12627223274,3252.29902541179,2882.40585275865,3320.75005962883,2073.97201838278,2151.58640025042,3332.73787048667,2755.15940537597,2007.21296362104,2626.92524712514,2663.67468218421,2216.58964761,2474.48851371171,3614.12356107215
3067.2478315907,3368.70484253065,3285.13087126743,2164.63688555805,2865.38428034867,3842.22785912894,1559.10994971535,2921.12384783937,3151.84403261121,2676.52341125163,2804.05978443987,2752.12627223274,3252.29902541179,2882.40585275865,3320.75005962883,2073.97201838278,2151.58640025042,3332.73787048667,2755.15940537597,2007.21296362104,2626.92524712514,2663.67468218421,2216.58964761,2474.48851371171,3614.12356107215
3067.2478315907,3368.70484253065,3285.13087126743,2164.63688555805,2865.38428034867,3842.22785912894,1559.10994971535,2921.12384783937,3151.84403261121,2676.52341125163,2804.05978443987,2752.12627223274,3252.29902541179,2882.40585275865,3320.75005962883,2073.97201838278,2151.58640025042,3332.73787048667,2755.15940537597,2007.21296362104,2626.92524712514,2663.67468218421,2216.58964761,2474.48851371171,3614.12356107215
3067.2478315907,3368.70484253065,3285.13087126743,2164.63688555805,2865.38428034867,3842.22785912894,1559.10994971535,2921.12384783937,3151.84403261121,2676.52341125163,2804.05978443987,2752.12627223274,3252.29902541179,2882.40585275865,3320.75005962883,2073.97201838278,2151.58640025042,3332.73787048667,2755.15940537597,2007.21296362104,2626.92524712514,2663.67468218421,2216.58964761,2474.48851371171,3614.12356107215
3067.2478315907,3368.70484253065,3285.13087126743,2164.63688555805,2865.38428034867,3842.22785912894,1559.10994971535,2921.12384783937,3151.84403261121,2676.52341125163,2804.05978443987,2752.12627223274,3252.29902541179,2882.40585275865,3320.75005962883,2073.97201838278,2151.58640025042,3332.73787048667,2755.15940537597,2007.21296362104,2626.92524712514,2663.67468218421,2216.58964761,2474.48851371171,3614.12356107215
3067.2478315907,3368.70484253065,3285.13087126743,2164.63688555805,2865.38428034867,3842.22785912894,1559.10994971535,2921.12384783937,3151.84403261121,2676.52341125163,2804.05978443987,2752.12627223274,3252.29902541179,2882.40585275865,3320.75005962883,2073.97201838278,2151.58640025042,3332.73787048667,2755.15940537597,2007.21296362104,2626.92524712514,2663.67468218421,2216.58964761,2474.48851371171,3614.12356107215
3067.2478315907,3368.70484253065,3285.13087126743,2164.63688555805,2865.38428034867,3842.22785912894,1559.10994971535,2921.12384783937,3151.84403261121,2676.52341125163,2804.05978443987,2752.12627223274,3252.29902541179,2882.40585275865,3320.75005962883,2073.97201838278,2151.58640025042,3332.73787048667,2755.15940537597,2007.21296362104,2626.92524712514,2663.67468218421,2216.58964761,2474.48851371171,3614.12356107215
3067.2478315907,3368.70484253065,3285.13087126743,2164.63688555805,2865.38428034867,3842.22785912894,1559.10994971535,2921.12384783937,3151.84403261121,2676.52341125163,2804.05978443987,2752.12627223274,3252.29902541179,2882.40585275865,3320.75005962883,2073.97201838278,2151.58640025042,3332.73787048667,2755.15940537597,2007.21296362104,2626.92524712514,2663.67468218421,2216.58964761,2474.48851371171,3614.12356107215
3067.2478315907,3368.70484253065,3285.13087126743,2164.63688555805,2865.38428034867,3842.22785912894,1559.10994971535,2921.12384783937,3151.84403261121,2676.52341125163,2804.05978443987,2752.12627223274,3252.29902541179,2882.40585275865,3320.75005962883,2073.97201838278,2151.58640025042,3332.73787048667,2755.15940537597,2007.21296362104,2626.92524712514,2663.67468218421,2216.58964761,2474.48851371171,3614.12356107215
3067.2478315907,3368.70484253065,3285.13087126743,2164.63688555805,2865.38428034867,3842.22785912894,1559.10994971535,2921.12384783937,3151.84403261121,2676.52341125163,2804.05978443987,2752.12627223274,3252.29902541179,2882.40585275865,3320.75005962883,2073.97201838278,2151.58640025042,3332.73787048667,2755.15940537597,2007.21296362104,2626.92524712514,2663.67468218421,2216.58964761,2474.48851371171,3614.12356107215
3067.2478315907,3368.70484253065,3285.13087126743,2164.63688555805,2865.38428034867,3842.22785912894,1559.10994971535,2921.12384783937,3151.84403261121,2676.52341125163,2804.05978443987,2752.12627223274,3252.29902541179,2882.40585275865,3320.75005962883,2073.97201838278,2151.58640025042,3332.73787048667,2755.15940537597,2007.21296362104,2626.92524712514,2663.67468218421,2216.58964761,2474.48851371171,3614.12356107215
3067.2478315907,3368.70484253065,3285.13087126743,2164.63688555805,2865.38428034867,3842.22785912894,1559.10994971535,2921.12384783937,3151.84403261121,2676.52341125163,2804.05978443987,2752.12627223274,3252.29902541179,2882.40585275865,3320.75005962883,2073.97201838278,2151.58640025042,3332.73787048667,2755.15940537597,2007.21296362104,2626.92524712514,2663.67468218421,2216.58964761,2474.48851371171,3614.12356107215
3067.2478315907,3368.70484253065,3285.13087126743,2164.63688555805,2865.38428034867,3842.22785912894,1559.10994971535,2921.12384783937,3151.84403261121,2676.52341125163,2804.05978443987,2752.12627223274,3252.29902541179,2882.40585275865,3320.75005962883,2073.97201838278,2151.58640025042,3332.73787048667,2755.15940537597,2007.21296362104,2626.92524712514,2663.67468218421,2216.58964761,2474.48851371171,3614.12356107215
3067.2478315907,3368.70484253065,3285.13087126743,2164.63688555805,2865.38428034867,3842.22785912894,1559.10994971535,2921.12384783937,3151.84403261121,2676.52341125163,2804.05978443987,2752.12627223274,3252.29902541179,2882.40585275865,3320.75005962883,2073.97201838278,2151.58640025042,3332.73787048667,2755.15940537597,2007.21296362104,2626.92524712514,2663.67468218421,2216.58964761,2474.48851371171,3614.12356107215
3067.2478315907,3368.70484253065,3285.13087126743,2164.63688555805,2865.38428034867,3842.22785912894,1559.10994971535,2921.12384783937,3151.84403261121,2676.52341125163,2804.05978443987,2752.12627223274,3252.29902541179,2882.40585275865,3320.75005962883,2073.97201838278,2151.58640025042,3332.73787048667,2755.15940537597,2007.21296362104,2626.92524712514,2663.67468218421,2216.58964761,2474.48851371171,3614.12356107215
3067.2478315907,3368.70484253065,3285.13087126743,2164.63688555805,2865.38428034867,3842.22785912894,1559.10994971535,2921.12384783937,3151.84403261121,2676.52341125163,2804.05978443987,2752.12627223274,3252.29902541179,2882.40585275865,3320.75005962883,2073.97201838278,2151.58640025042,3332.73787048667,2755.15940537597,2007.21296362104,2626.92524712514,2663.67468218421,2216.58964761,2474.48851371171,3614.12356107215
3067.2478315907,3368.70484253065,3285.13087126743,2164.63688555805,2865.38428034867,3842.22785912894,1559.10994971535,2921.12384783937,3151.84403261121,2676.52341125163,2804.05978443987,2752.12627223274,3252.29902541179,2882.40585275865,3320.75005962883,2073.97201838278,2151.58640025042,3332.73787048667,2755.15940537597,2007.21296362104,2626.92524712514,2663.67468218421,2216.58964761,2474.48851371171,3614.12356107215
3067.2478315907,3368.70484253065,3285.13087126743,2164.63688555805,2865.38428034867,3842.22785912894,1559.10994971535,2921.12384783937,3151.84403261121,2676.52341125163,2804.05978443987,2752.12627223274,3252.29902541179,2882.40585275865,3320.75005962883,2073.97201838278,2151.58640025042,3332.73787048667,2755.15940537597,2007.21296362104,2626.92524712514,2663.67468218421,2216.58964761,2474.48851371171,3614.12356107215
3067.2478315907,3368.70484253065,3285.13087126743,2164.63688555805,2865.38428034867,3842.22785912894,1559.10994971535,2921.12384783937,3151.84403261121,2676.52341125163,2804.05978443987,2752.12627223274,3252.29902541179,2882.40585275865,3320.75005962883,2073.97201838278,2151.58640025042,3332.73787048667,2755.15940537597,2007.21296362104,2626.92524712514,2663.67468218421,2216.58964761,2474.48851371171,3614.12356107215
3067.2478315907,3368.70484253065,3285.13087126743,2164.63688555805,2865.38428034867,3842.22785912894,1559.10994971535,2921.12384783937,3151.84403261121,2676.52341125163,2804.05978443987,2752.12627223274,3252.29902541179,2882.40585275865,3320.75005962883,2073.97201838278,2151.58640025042,3332.73787048667,2755.15940537597,2007.21296362104,2626.92524712514,2663.67468218421,2216.58964761,2474.48851371171,3614.12356107215
3067.2478315907,3368.70484253065,3285.13087126743,2164.63688555805,2865.38428034867,3842.22785912894,1559.10994971535,2921.12384783937,3151.84403261121,2676.52341125163,2804.05978443987,2752.12627223274,3252.29902541179,2882.40585275865,3320.75005962883,2073.97201838278,2151.58640025042,3332.73787048667,2755.15940537597,2007.21296362104,2626.92524712514,2663.67468218421,2216.58964761,2474.48851371171,3614.12356107215
3067.2478315907,3368.70484253065,3285.13087126743,2164.63688555805,2865.38428034867,3842.22785912894,1559.10994971535,2921.12384783937,3151.84403261121,2676.52341125163,2804.05978443987,2752.12627223274,3252.29902541179,2882.40585275865,3320.75005962883,2073.97201838278,2151.58640025042,3332.73787048667,2755.15940537597,2007.21296362104,2626.92524712514,2663.67468218421,2216.58964761,2474.48851371171,3614.12356107215
3067.2478315907,3368.70484253065,3285.13087126743,2164.63688555805,2865.38428034867,3842.22785912894,1559.10994971535,2921.12384783937,3151.84403261121,2676.52341125163,2804.05978443987,2752.12627223274,3252.29902541179,2882.40585275865,3320.75005962883,2073.97201838278,2151.58640025042,3332.73787048667,2755.15940537597,2007.21296362104,2626.92524712514,2663.67468218421,2216.58964761,2474.48851371171,3614.12356107215
3067.2478315907,3368.70484253065,3285.13087126743,2164.63688555805,2865.38428034867,3842.22785912894,1559.10994971535,2921.12384783937,3151.84403261121,2676.52341125163,2804.05978443987,2752.12627223274,3252.29902541179,2882.40585275865,3320.75005962883,2073.97201838278,2151.58640025042,3332.73787048667,2755.15940537597,2007.21296362104,2626.92524712514,2663.67468218421,2216.58964761,2474.48851371171,3614.12356107215
3067.2478315907,3368.70484253065,3285.13087126743,2164.63688555805,2865.38428034867,3842.22785912894,1559.10994971535,2921.12384783937,3151.84403261121,2676.52341125163,2804.05978443987,2752.12627223274,3252.29902541179,2882.40585275865,3320.75005962883,2073.97201838278,2151.58640025042,3332.73787048667,2755.15940537597,2007.21296362104,2626.92524712514,2663.67468218421,2216.58964761,2474.48851371171,3614.12356107215
3067.2478315907,3368.70484253065,3285.13087126743,2164.63688555805,2865.38428034867,3842.22785912894,1559.10994971535,2921.12384783937,3151.84403261121,2676.52341125163,2804.05978443987,2752.12627223274,3252.29902541179,2882.40585275865,3320.75005962883,2073.97201838278,2151.58640025042,3332.73787048667,2755.15940537597,2007.21296362104,2626.92524712514,2663.67468218421,2216.58964761,2474.48851371171,3614.12356107215
3067.2478315907,3368.70484253065,3285.13087126743,2164.63688555805,2865.38428034867,3842.22785912894,1559.10994971535,2921.12384783937,3151.84403261121,2676.52341125163,2804.05978443987,2752.12627223274,3252.29902541179,2882.40585275865,3320.75005962883,2073.97201838278,2151.58640025042,3332.73787048667,2755.15940537597,2007.21296362104,2626.92524712514,2663.67468218421,2216.58964761,2474.48851371171,3614.12356107215
3067.2478315907,3368.70484253065,3285.13087126743,2164.63688555805,2865.38428034867,3842.22785912894,1559.10994971535,2921.12384783937,3151.84403261121,2676.52341125163,2804.05978443987,2752.12627223274,3252.29902541179,2882.40585275865,3320.75005962883,2073.97201838278,2151.58640025042,3332.73787048667,2755.15940537597,2007.21296362104,2626.92524712514,2663.67468218421,2216.58964761,2474.48851371171,3614.12356107215
3067.2478315907,3368.70484253065,3285.13087126743,2164.63688555805,2865.38428034867,3842.22785912894,1559.10994971535,2921.12384783937,3151.84403261121,2676.52341125163,2804.05978443987,2752.12627223274,3252.29902541179,2882.40585275865,3320.75005962883,2073.97201838278,2151.58640025042,3332.73787048667,2755.15940537597,2007.21296362104,2626.92524712514,2663.67468218421,2216.58964761,2474.48851371171,3614.12356107215
3067.2478315907,3368.70484253065,3285.13087126743,2164.63688555805,2865.38428034867,3842.22785912894,1559.10994971535,2921.12384783937,3151.84403261121,2676.52341125163,2804.05978443987,2752.12627223274,3252.29902541179,2882.40585275865,3320.75005962883,2073.97201838278,2151.58640025042,3332.73787048667,2755.15940537597,2007.21296362104,2626.92524712514,2663.67468218421,2216.58964761,2474.48851371171,3614.12356107215
3067.2478315907,3368.70484253065,3285.13087126743,2164.63688555805,2865.38428034867,3842.22785912894,1559.10994971535,2921.12384783937,3151.84403261121,2676.52341125163,2804.05978443987,2752.12627223274,3252.29902541179,2882.40585275865,3320.75005962883,2073.97201838278,2151.58640025042,3332.73787048667,2755.15940537597,2007.21296362104,2626.92524712514,2663.67468218421,2216.58964761,2474.48851371171,3614.12356107215
3067.2478315907,3368.70484253065,3285.13087126743,2164.63688555805,2865.38428034867,3842.22785912894,1559.10994971535,2921.12384783937,3151.84403261121,2676.52341125163,2804.05978443987,2752.12627223274,3252.29902541179,2882.40585275865,3320.75005962883,2073.97201838278,2151.58640025042,3332.73787048667,2755.15940537597,2007.21296362104,2626.92524712514,2663.67468218421,2216.58964761,2474.48851371171,3614.12356107215
3067.2478315907,3368.70484253065,3285.13087126743,2164.63688555805,2865.38428034867,3842.22785912894,1559.10994971535,2921.12384783937,3151.84403261121,2676.52341125163,2804.05978443987,2752.12627223274,3252.29902541179,2882.40585275865,3320.75005962883,2073.97201838278,2151.58640025042,3332.73787048667,2755.15940537597,2007.21296362104,2626.92524712514,2663.67468218421,2216.58964761,2474.48851371171,3614.12356107215
3067.2478315907,3368.70484253065,3285.13087126743,2164.63688555805,2865.38428034867,3842.22785912894,1559.10994971535,2921.12384783937,3151.84403261121,2676.52341125163,2804.05978443987,2752.12627223274,3252.29902541179,2882.40585275865,3320.75005962883,2073.97201838278,2151.58640025042,3332.73787048667,2755.15940537597,2007.21296362104,2626.92524712514,2663.67468218421,2216.58964761,2474.48851371171,3614.12356107215
3067.2478315907,3368.70484253065,3285.13087126743,2164.63688555805,2865.38428034867,3842.22785912894,1559.10994971535,2921.12384783937,3151.84403261121,2676.52341125163,2804.05978443987,2752.12627223274,3252.29902541179,2882.40585275865,3320.75005962883,2073.97201838278,2151.58640025042,3332.73787048667,2755.15940537597,2007.21296362104,2626.92524712514,2663.67468218421,2216.58964761,2474.48851371171,3614.12356107215
3067.2478315907,3368.70484253065,3285.13087126743,2164.63688555805,2865.38428034867,3842.22785912894,1559.10994971535,2921.12384783937,3151.84403261121,2676.52341125163,2804.05978443987,2752.12627223274,3252.29902541179,2882.40585275865,3320.75005962883,2073.97201838278,2151.58640025042,3332.73787048667,2755.15940537597,2007.21296362104,2626.92524712514,2663.67468218421,2216.58964761,2474.48851371171,3614.12356107215
3067.2478315907,3368.70484253065,3285.13087126743,2164.63688555805,2865.38428034867,3842.22785912894,1559.10994971535,2921.12384783937,3151.84403261121,2676.52341125163,2804.05978443987,2752.12627223274,3252.29902541179,2882.40585275865,3320.75005962883,2073.97201838278,2151.58640025042,3332.73787048667,2755.15940537597,2007.21296362104,2626.92524712514,2663.67468218421,2216.58964761,2474.48851371171,3614.12356107215
3067.2478315907,3368.70484253065,3285.13087126743,2164.63688555805,2865.38428034867,3842.22785912894,1559.10994971535,2921.12384783937,3151.84403261121,2676.52341125163,2804.05978443987,2752.12627223274,3252.29902541179,2882.40585275865,3320.75005962883,2073.97201838278,2151.58640025042,3332.73787048667,2755.15940537597,2007.21296362104,2626.92524712514,2663.67468218421,2216.58964761,2474.48851371171,3614.12356107215
3067.2478315907,3368.70484253065,3285.13087126743,2164.63688555805,2865.38428034867,3842.22785912894,1559.10994971535,2921.12384783937,3151.84403261121,2676.52341125163,2804.05978443987,2752.12627223274,3252.29902541179,2882.40585275865,3320.75005962883,2073.97201838278,2151.58640025042,3332.73787048667,2755.15940537597,2007.21296362104,2626.92524712514,2663.67468218421,2216.58964761,2474.48851371171,3614.12356107215
3067.2478315907,3368.70484253065,3285.13087126743,2164.63688555805,2865.38428034867,3842.22785912894,1559.10994971535,2921.12384783937,3151.84403261121,2676.52341125163,2804.05978443987,2752.12627223274,3252.29902541179,2882.40585275865,3320.75005962883,2073.97201838278,2151.58640025042,3332.73787048667,2755.15940537597,2007.21296362104,2626.92524712514,2663.67468218421,2216.58964761,2474.48851371171,3614.12356107215
3067.2478315907,3368.70484253065,3285.13087126743,2164.63688555805,2865.38428034867,3842.22785912894,1559.10994971535,2921.12384783937,3151.84403261121,2676.52341125163,2804.05978443987,2752.12627223274,3252.29902541179,2882.40585275865,3320.75005962883,2073.97201838278,2151.58640025042,3332.73787048667,2755.15940537597,2007.21296362104,2626.92524712514,2663.67468218421,2216.58964761,2474.48851371171,3614.12356107215
3067.2478315907,3368.70484253065,3285.13087126743,2164.63688555805,2865.38428034867,3842.22785912894,1559.10994971535,2921.12384783937,3151.84403261121,2676.52341125163,2804.05978443987,2752.12627223274,3252.29902541179,2882.40585275865,3320.75005962883,2073.97201838278,2151.58640025042,3332.73787048667,2755.15940537597,2007.21296362104,2626.92524712514,2663.67468218421,2216.58964761,2474.48851371171,3614.12356107215
3067.2478315907,3368.70484253065,3285.13087126743,2164.63688555805,2865.38428034867,3842.22785912894,1559.10994971535,2921.12384783937,3151.84403261121,2676.52341125163,2804.05978443987,2752.12627223274,3252.29902541179,2882.40585275865,3320.75005962883,2073.97201838278,2151.58640025042,3332.73787048667,2755.15940537597,2007.21296362104,2626.92524712514,2663.67468218421,2216.58964761,2474.48851371171,3614.12356107215
3067.2478315907,3368.70484253065,3285.13087126743,2164.63688555805,2865.38428034867,3842.22785912894,1559.10994971535,2921.12384783937,3151.84403261121,2676.52341125163,2804.05978443987,2752.12627223274,3252.29902541179,2882.40585275865,3320.75005962883,2073.97201838278,2151.58640025042,3332.73787048667,2755.15940537597,2007.21296362104,2626.92524712514,2663.67468218421,2216.58964761,2474.48851371171,3614.12356107215
3067.2478315907,3368.70484253065,3285.13087126743,2164.63688555805,2865.38428034867,3842.22785912894,1559.10994971535,2921.12384783937,3151.84403261121,2676.52341125163,2804.05978443987,2752.12627223274,3252.29902541179,2882.40585275865,3320.75005962883,2073.97201838278,2151.58640025042,3332.73787048667,2755.15940537597,2007.21296362104,2626.92524712514,2663.67468218421,2216.58964761,2474.48851371171,3614.12356107215
3067.2478315907,3368.70484253065,3285.13087126743,2164.63688555805,2865.38428034867,3842.22785912894,1559.10994971535,2921.12384783937,3151.84403261121,2676.52341125163,2804.05978443987,2752.12627223274,3252.29902541179,2882.40585275865,3320.75005962883,2073.97201838278,2151.58640025042,3332.73787048667,2755.15940537597,2007.21296362104,2626.92524712514,2663.67468218421,2216.58964761,2474.48851371171,3614.12356107215
3067.2478315907,3368.70484253065,3285.13087126743,2164.63688555805,2865.38428034867,3842.22785912894,1559.10994971535,2921.12384783937,3151.84403261121,2676.52341125163,2804.05978443987,2752.12627223274,3252.29902541179,2882.40585275865,3320.75005962883,2073.97201838278,2151.58640025042,3332.73787048667,2755.15940537597,2007.21296362104,2626.92524712514,2663.67468218421,2216.58964761,2474.48851371171,3614.12356107215
3067.2478315907,3368.70484253065,3285.13087126743,2164.63688555805,2865.38428034867,3842.22785912894,1559.10994971535,2921.12384783937,3151.84403261121,2676.52341125163,2804.05978443987,2752.12627223274,3252.29902541179,2882.40585275865,3320.75005962883,2073.97201838278,2151.58640025042,3332.73787048667,2755.15940537597,2007.21296362104,2626.92524712514,2663.67468218421,2216.58964761,2474.48851371171,3614.12356107215
3067.2478315907,3368.70484253065,3285.13087126743,2164.63688555805,2865.38428034867,3842.22785912894,1559.10994971535,2921.12384783937,3151.84403261121,2676.52341125163,2804.05978443987,2752.12627223274,3252.29902541179,2882.40585275865,3320.75005962883,2073.97201838278,2151.58640025042,3332.73787048667,2755.15940537597,2007.21296362104,2626.92524712514,2663.67468218421,2216.58964761,2474.48851371171,3614.12356107215
3067.2478315907,3368.70484253065,3285.13087126743,2164.63688555805,2865.38428034867,3842.22785912894,1559.10994971535,2921.12384783937,3151.84403261121,2676.52341125163,2804.05978443987,2752.12627223274,3252.29902541179,2882.40585275865,3320.75005962883,2073.97201838278,2151.58640025042,3332.73787048667,2755.15940537597,2007.21296362104,2626.92524712514,2663.67468218421,2216.58964761,2474.48851371171,3614.12356107215
3067.2478315907,3368.70484253065,3285.13087126743,2164.63688555805,2865.38428034867,3842.22785912894,1559.10994971535,2921.12384783937,3151.84403261121,2676.52341125163,2804.05978443987,2752.12627223274,3252.29902541179,2882.40585275865,3320.75005962883,2073.97201838278,2151.58640025042,3332.73787048667,2755.15940537597,2007.21296362104,2626.92524712514,2663.67468218421,2216.58964761,2474.48851371171,3614.12356107215
3067.2478315907,3368.70484253065,3285.13087126743,2164.63688555805,2865.38428034867,3842.22785912894,1559.10994971535,2921.12384783937,3151.84403261121,2676.52341125163,2804.05978443987,2752.12627223274,3252.29902541179,2882.40585275865,3320.75005962883,2073.97201838278,2151.58640025042,3332.73787048667,2755.15940537597,2007.21296362104,2626.92524712514,2663.67468218421,2216.58964761,2474.48851371171,3614.12356107215
3067.2478315907,3368.70484253065,3285.13087126743,2164.63688555805,2865.38428034867,3842.22785912894,1559.10994971535,2921.12384783937,3151.84403261121,2676.52341125163,2804.05978443987,2752.12627223274,3252.29902541179,2882.40585275865,3320.75005962883,2073.97201838278,2151.58640025042,3332.73787048667,2755.15940537597,2007.21296362104,2626.92524712514,2663.67468218421,2216.58964761,2474.48851371171,3614.12356107215
3067.2478315907,3368.70484253065,3285.13087126743,2164.63688555805,2865.38428034867,3842.22785912894,1559.10994971535,2921.12384783937,3151.84403261121,2676.52341125163,2804.05978443987,2752.12627223274,3252.29902541179,2882.40585275865,3320.75005962883,2073.97201838278,2151.58640025042,3332.73787048667,2755.15940537597,2007.21296362104,2626.92524712514,2663.67468218421,2216.58964761,2474.48851371171,3614.12356107215
3067.2478315907,3368.70484253065,3285.13087126743,2164.63688555805,2865.38428034867,3842.22785912894,1559.10994971535,2921.12384783937,3151.84403261121,2676.52341125163,2804.05978443987,2752.12627223274,3252.29902541179,2882.40585275865,3320.75005962883,2073.97201838278,2151.58640025042,3332.73787048667,2755.15940537597,2007.21296362104,2626.92524712514,2663.67468218421,2216.58964761,2474.48851371171,3614.12356107215
3067.2478315907,3368.70484253065,3285.13087126743,2164.63688555805,2865.38428034867,3842.22785912894,1559.10994971535,2921.12384783937,3151.84403261121,2676.52341125163,2804.05978443987,2752.12627223274,3252.29902541179,2882.40585275865,3320.75005962883,2073.97201838278,2151.58640025042,3332.73787048667,2755.15940537597,2007.21296362104,2626.92524712514,2663.67468218421,2216.58964761,2474.48851371171,3614.12356107215
3067.2478315907,3368.70484253065,3285.13087126743,2164.63688555805,2865.38428034867,3842.22785912894,1559.10994971535,2921.12384783937,3151.84403261121,2676.52341125163,2804.05978443987,2752.12627223274,3252.29902541179,2882.40585275865,3320.75005962883,2073.97201838278,2151.58640025042,3332.73787048667,2755.15940537597,2007.21296362104,2626.92524712514,2663.67468218421,2216.58964761,2474.48851371171,3614.12356107215
3067.2478315907,3368.70484253065,3285.13087126743,2164.63688555805,2865.38428034867,3842.22785912894,1559.10994971535,2921.12384783937,3151.84403261121,2676.52341125163,2804.05978443987,2752.12627223274,3252.29902541179,2882.40585275865,3320.75005962883,2073.97201838278,2151.58640025042,3332.73787048667,2755.15940537597,2007.21296362104,2626.92524712514,2663.67468218421,2216.58964761,2474.48851371171,3614.12356107215
3067.2478315907,3368.70484253065,3285.13087126743,2164.63688555805,2865.38428034867,3842.22785912894,1559.10994971535,2921.12384783937,3151.84403261121,2676.52341125163,2804.05978443987,2752.12627223274,3252.29902541179,2882.40585275865,3320.75005962883,2073.97201838278,2151.58640025042,3332.73787048667,2755.15940537597,2007.21296362104,2626.92524712514,2663.67468218421,2216.58964761,2474.48851371171,3614.12356107215
3067.2478315907,3368.70484253065,3285.13087126743,2164.63688555805,2865.38428034867,3842.22785912894,1559.10994971535,2921.12384783937,3151.84403261121,2676.52341125163,2804.05978443987,2752.12627223274,3252.29902541179,2882.40585275865,3320.75005962883,2073.97201838278,2151.58640025042,3332.73787048667,2755.15940537597,2007.21296362104,2626.92524712514,2663.67468218421,2216.58964761,2474.48851371171,3614.12356107215
3067.2478315907,3368.70484253065,3285.13087126743,2164.63688555805,2865.38428034867,3842.22785912894,1559.10994971535,2921.12384783937,3151.84403261121,2676.52341125163,2804.05978443987,2752.12627223274,3252.29902541179,2882.40585275865,3320.75005962883,2073.97201838278,2151.58640025042,3332.73787048667,2755.15940537597,2007.21296362104,2626.92524712514,2663.67468218421,2216.58964761,2474.48851371171,3614.12356107215
3067.2478315907,3368.70484253065,3285.13087126743,2164.63688555805,2865.38428034867,3842.22785912894,1559.10994971535,2921.12384783937,3151.84403261121,2676.52341125163,2804.05978443987,2752.12627223274,3252.29902541179,2882.40585275865,3320.75005962883,2073.97201838278,2151.58640025042,3332.73787048667,2755.15940537597,2007.21296362104,2626.92524712514,2663.67468218421,2216.58964761,2474.48851371171,3614.12356107215
3067.2478315907,3368.70484253065,3285.13087126743,2164.63688555805,2865.38428034867,3842.22785912894,1559.10994971535,2921.12384783937,3151.84403261121,2676.52341125163,2804.05978443987,2752.12627223274,3252.29902541179,2882.40585275865,3320.75005962883,2073.97201838278,2151.58640025042,3332.73787048667,2755.15940537597,2007.21296362104,2626.92524712514,2663.67468218421,2216.58964761,2474.48851371171,3614.12356107215
3067.2478315907,3368.70484253065,3285.13087126743,2164.63688555805,2865.38428034867,3842.22785912894,1559.10994971535,2921.12384783937,3151.84403261121,2676.52341125163,2804.05978443987,2752.12627223274,3252.29902541179,2882.40585275865,3320.75005962883,2073.97201838278,2151.58640025042,3332.73787048667,2755.15940537597,2007.21296362104,2626.92524712514,2663.67468218421,2216.58964761,2474.48851371171,3614.12356107215
3067.2478315907,3368.70484253065,3285.13087126743,2164.63688555805,2865.38428034867,3842.22785912894,1559.10994971535,2921.12384783937,3151.84403261121,2676.52341125163,2804.05978443987,2752.12627223274,3252.29902541179,2882.40585275865,3320.75005962883,2073.97201838278,2151.58640025042,3332.73787048667,2755.15940537597,2007.21296362104,2626.92524712514,2663.67468218421,2216.58964761,2474.48851371171,3614.12356107215
3067.2478315907,3368.70484253065,3285.13087126743,2164.63688555805,2865.38428034867,3842.22785912894,1559.10994971535,2921.12384783937,3151.84403261121,2676.52341125163,2804.05978443987,2752.12627223274,3252.29902541179,2882.40585275865,3320.75005962883,2073.97201838278,2151.58640025042,3332.73787048667,2755.15940537597,2007.21296362104,2626.92524712514,2663.67468218421,2216.58964761,2474.48851371171,3614.12356107215
3067.2478315907,3368.70484253065,3285.13087126743,2164.63688555805,2865.38428034867,3842.22785912894,1559.10994971535,2921.12384783937,3151.84403261121,2676.52341125163,2804.05978443987,2752.12627223274,3252.29902541179,2882.40585275865,3320.75005962883,2073.97201838278,2151.58640025042,3332.73787048667,2755.15940537597,2007.21296362104,2626.92524712514,2663.67468218421,2216.58964761,2474.48851371171,3614.12356107215
3067.2478315907,3368.70484253065,3285.13087126743,2164.63688555805,2865.38428034867,3842.22785912894,1559.10994971535,2921.12384783937,3151.84403261121,2676.52341125163,2804.05978443987,2752.12627223274,3252.29902541179,2882.40585275865,3320.75005962883,2073.97201838278,2151.58640025042,3332.73787048667,2755.15940537597,2007.21296362104,2626.92524712514,2663.67468218421,2216.58964761,2474.48851371171,3614.12356107215
3067.2478315907,3368.70484253065,3285.13087126743,2164.63688555805,2865.38428034867,3842.22785912894,1559.10994971535,2921.12384783937,3151.84403261121,2676.52341125163,2804.05978443987,2752.12627223274,3252.29902541179,2882.40585275865,3320.75005962883,2073.97201838278,2151.58640025042,3332.73787048667,2755.15940537597,2007.21296362104,2626.92524712514,2663.67468218421,2216.58964761,2474.48851371171,3614.12356107215
3067.2478315907,3368.70484253065,3285.13087126743,2164.63688555805,2865.38428034867,3842.22785912894,1559.10994971535,2921.12384783937,3151.84403261121,2676.52341125163,2804.05978443987,2752.12627223274,3252.29902541179,2882.40585275865,3320.75005962883,2073.97201838278,2151.58640025042,3332.73787048667,2755.15940537597,2007.21296362104,2626.92524712514,2663.67468218421,2216.58964761,2474.48851371171,3614.12356107215
3067.2478315907,3368.70484253065,3285.13087126743,2164.63688555805,2865.38428034867,3842.22785912894,1559.10994971535,2921.12384783937,3151.84403261121,2676.52341125163,2804.05978443987,2752.12627223274,3252.29902541179,2882.40585275865,3320.75005962883,2073.97201838278,2151.58640025042,3332.73787048667,2755.15940537597,2007.21296362104,2626.92524712514,2663.67468218421,2216.58964761,2474.48851371171,3614.12356107215
3067.2478315907,3368.70484253065,3285.13087126743,2164.63688555805,2865.38428034867,3842.22785912894,1559.10994971535,2921.12384783937,3151.84403261121,2676.52341125163,2804.05978443987,2752.12627223274,3252.29902541179,2882.40585275865,3320.75005962883,2073.97201838278,2151.58640025042,3332.73787048667,2755.15940537597,2007.21296362104,2626.92524712514,2663.67468218421,2216.58964761,2474.48851371171,3614.12356107215
3067.2478315907,3368.70484253065,3285.13087126743,2164.63688555805,2865.38428034867,3842.22785912894,1559.10994971535,2921.12384783937,3151.84403261121,2676.52341125163,2804.05978443987,2752.12627223274,3252.29902541179,2882.40585275865,3320.75005962883,2073.97201838278,2151.58640025042,3332.73787048667,2755.15940537597,2007.21296362104,2626.92524712514,2663.67468218421,2216.58964761,2474.48851371171,3614.12356107215
3067.2478315907,3368.70484253065,3285.13087126743,2164.63688555805,2865.38428034867,3842.22785912894,1559.10994971535,2921.12384783937,3151.84403261121,2676.52341125163,2804.05978443987,2752.12627223274,3252.29902541179,2882.40585275865,3320.75005962883,2073.97201838278,2151.58640025042,3332.73787048667,2755.15940537597,2007.21296362104,2626.92524712514,2663.67468218421,2216.58964761,2474.48851371171,3614.12356107215
3067.2478315907,3368.70484253065,3285.13087126743,2164.63688555805,2865.38428034867,3842.22785912894,1559.10994971535,2921.12384783937,3151.84403261121,2676.52341125163,2804.05978443987,2752.12627223274,3252.29902541179,2882.40585275865,3320.75005962883,2073.97201838278,2151.58640025042,3332.73787048667,2755.15940537597,2007.21296362104,2626.92524712514,2663.67468218421,2216.58964761,2474.48851371171,3614.12356107215
3067.2478315907,3368.70484253065,3285.13087126743,2164.63688555805,2865.38428034867,3842.22785912894,1559.10994971535,2921.12384783937,3151.84403261121,2676.52341125163,2804.05978443987,2752.12627223274,3252.29902541179,2882.40585275865,3320.75005962883,2073.97201838278,2151.58640025042,3332.73787048667,2755.15940537597,2007.21296362104,2626.92524712514,2663.67468218421,2216.58964761,2474.48851371171,3614.12356107215
3067.2478315907,3368.70484253065,3285.13087126743,2164.63688555805,2865.38428034867,3842.22785912894,1559.10994971535,2921.12384783937,3151.84403261121,2676.52341125163,2804.05978443987,2752.12627223274,3252.29902541179,2882.40585275865,3320.75005962883,2073.97201838278,2151.58640025042,3332.73787048667,2755.15940537597,2007.21296362104,2626.92524712514,2663.67468218421,2216.58964761,2474.48851371171,3614.12356107215
3067.2478315907,3368.70484253065,3285.13087126743,2164.63688555805,2865.38428034867,3842.22785912894,1559.10994971535,2921.12384783937,3151.84403261121,2676.52341125163,2804.05978443987,2752.12627223274,3252.29902541179,2882.40585275865,3320.75005962883,2073.97201838278,2151.58640025042,3332.73787048667,2755.15940537597,2007.21296362104,2626.92524712514,2663.67468218421,2216.58964761,2474.48851371171,3614.12356107215
3067.2478315907,3368.70484253065,3285.13087126743,2164.63688555805,2865.38428034867,3842.22785912894,1559.10994971535,2921.12384783937,3151.84403261121,2676.52341125163,2804.05978443987,2752.12627223274,3252.29902541179,2882.40585275865,3320.75005962883,2073.97201838278,2151.58640025042,3332.73787048667,2755.15940537597,2007.21296362104,2626.92524712514,2663.67468218421,2216.58964761,2474.48851371171,3614.12356107215
3067.2478315907,3368.70484253065,3285.13087126743,2164.63688555805,2865.38428034867,3842.22785912894,1559.10994971535,2921.12384783937,3151.84403261121,2676.52341125163,2804.05978443987,2752.12627223274,3252.29902541179,2882.40585275865,3320.75005962883,2073.97201838278,2151.58640025042,3332.73787048667,2755.15940537597,2007.21296362104,2626.92524712514,2663.67468218421,2216.58964761,2474.48851371171,3614.12356107215
3067.2478315907,3368.70484253065,3285.13087126743,2164.63688555805,2865.38428034867,3842.22785912894,1559.10994971535,2921.12384783937,3151.84403261121,2676.52341125163,2804.05978443987,2752.12627223274,3252.29902541179,2882.40585275865,3320.75005962883,2073.97201838278,2151.58640025042,3332.73787048667,2755.15940537597,2007.21296362104,2626.92524712514,2663.67468218421,2216.58964761,2474.48851371171,3614.12356107215
